{
  "T_FE_reference_only": [
    [
      0.7071067811865476,
      0.7071067811865475,
      0.0,
      0.0
    ],
    [
      -0.7071067811865475,
      0.7071067811865476,
      -0.0,
      0.0
    ],
    [
      -0.0,
      0.0,
      1.0,
      0.1034
    ],
    [
      0.0,
      0.0,
      0.0,
      1.0
    ]
  ],
  "T_FS_measurement_reference_only": [
    [
      1.0,
      0.0,
      0.0,
      0.0
    ],
    [
      0.0,
      1.0,
      0.0,
      0.0
    ],
    [
      -0.0,
      0.0,
      1.0,
      0.195
    ],
    [
      0.0,
      0.0,
      0.0,
      1.0
    ]
  ],
  "T_ES": [
    [
      0.7071067811865476,
      -0.7071067811865475,
      0.0,
      0.0
    ],
    [
      0.7071067811865475,
      0.7071067811865476,
      0.0,
      0.0
    ],
    [
      0.0,
      0.0,
      1.0,
      0.0916
    ],
    [
      0.0,
      0.0,
      0.0,
      1.0
    ]
  ],
  "T_FC_measurement_reference_only": [
    [
      6.123233995736766e-17,
      1.0,
      0.0,
      -0.0585
    ],
    [
      -1.0,
      6.123233995736766e-17,
      -0.0,
      0.0
    ],
    [
      -0.0,
      0.0,
      1.0,
      0.038
    ],
    [
      0.0,
      0.0,
      0.0,
      1.0
    ]
  ],
  "T_EC": [
    [
      0.7071067811865475,
      0.7071067811865476,
      0.0,
      -0.041365746699413036
    ],
    [
      -0.7071067811865476,
      0.7071067811865475,
      0.0,
      -0.04136574669941303
    ],
    [
      0.0,
      0.0,
      1.0,
      -0.06540000000000001
    ],
    [
      0.0,
      0.0,
      0.0,
      1.0
    ]
  ],
  "T_CS": [
    [
      6.123233995736766e-17,
      -1.0,
      0.0,
      3.582091887506009e-18
    ],
    [
      1.0,
      6.123233995736766e-17,
      0.0,
      0.0585
    ],
    [
      0.0,
      0.0,
      1.0,
      0.157
    ],
    [
      0.0,
      0.0,
      0.0,
      1.0
    ]
  ],
  "composition_error_T_EC_T_CS_vs_T_ES": 1.3877787807814457e-17
}
