time_s,controller_state,reason,robot_state_age_s,command_sent,measured_x_T_S_m,measured_y_T_S_m,measured_z_T_S_m,desired_x_T_S_m,desired_y_T_S_m,desired_z_T_S_m,error_x_m,error_y_m,error_z_m,position_error_m,orientation_error_deg
15.757553162,READY,waiting_for_consecutive_valid_measurements,0.001254993,1,0.000000000,-0.000000024,0.050000010,0.000000000,0.000000000,0.050000000,-0.000000000,-0.000000024,0.000000010,0.000000025,0.000004804
15.767629915,READY,waiting_for_consecutive_valid_measurements,0.002420937,1,0.000000000,-0.000000024,0.050000010,0.000000000,0.000000000,0.050000000,-0.000000000,-0.000000024,0.000000010,0.000000025,0.000004804
15.781555947,READY,waiting_for_consecutive_valid_measurements,0.000018997,1,0.000000000,-0.000000028,0.050000010,0.000000000,0.000000000,0.050000000,-0.000000000,-0.000000028,0.000000010,0.000000029,0.000005601
15.791703939,READY,waiting_for_consecutive_valid_measurements,0.000465428,1,0.000000000,-0.000000028,0.050000010,0.000000000,0.000000000,0.050000000,-0.000000000,-0.000000028,0.000000010,0.000000030,0.000005744
15.801633465,READY,waiting_for_consecutive_valid_measurements,0.001496019,1,0.000000000,-0.000000028,0.050000010,0.000000000,0.000000000,0.050000000,-0.000000000,-0.000000028,0.000000010,0.000000030,0.000005744
15.811802829,READY,waiting_for_consecutive_valid_measurements,0.000414373,1,0.000000000,-0.000000024,0.050000010,0.000000000,0.000000000,0.050000000,-0.000000000,-0.000000024,0.000000010,0.000000026,0.000004894
15.821859397,READY,waiting_for_consecutive_valid_measurements,0.000167411,1,0.000000000,-0.000000022,0.050000010,0.000000000,0.000000000,0.050000000,-0.000000000,-0.000000022,0.000000010,0.000000024,0.000004515
15.832439573,READY,waiting_for_consecutive_valid_measurements,0.000180472,1,0.000000000,-0.000000024,0.050000010,0.000000000,0.000000000,0.050000000,-0.000000000,-0.000000024,0.000000010,0.000000026,0.000004883
15.843389003,READY,waiting_for_consecutive_valid_measurements,0.003152325,1,0.000000000,-0.000000023,0.050000010,0.000000000,0.000000000,0.050000000,-0.000000000,-0.000000023,0.000000010,0.000000024,0.000004594
15.853420638,READY,waiting_for_consecutive_valid_measurements,0.001252618,1,0.000000000,-0.000000027,0.050000010,0.000000000,0.000000000,0.050000000,-0.000000000,-0.000000027,0.000000010,0.000000028,0.000005417
15.863448711,READY,waiting_for_consecutive_valid_measurements,0.000615030,1,0.000000000,-0.000000027,0.050000010,0.000000000,0.000000000,0.050000000,-0.000000000,-0.000000027,0.000000010,0.000000028,0.000005404
15.873507654,READY,waiting_for_consecutive_valid_measurements,0.000700517,1,0.000000000,-0.000000026,0.050000010,0.000000000,0.000000000,0.050000000,-0.000000000,-0.000000026,0.000000010,0.000000028,0.000005341
15.884378722,READY,waiting_for_consecutive_valid_measurements,0.000263584,1,0.000000000,-0.000000026,0.050000010,0.000000000,0.000000000,0.050000000,-0.000000000,-0.000000026,0.000000010,0.000000027,0.000005228
15.894400858,READY,waiting_for_consecutive_valid_measurements,0.000225590,1,0.000000000,-0.000000026,0.050000010,0.000000000,0.000000000,0.050000000,-0.000000000,-0.000000026,0.000000010,0.000000027,0.000005219
15.904481173,READY,waiting_for_consecutive_valid_measurements,0.001646808,1,0.000000000,-0.000000026,0.050000010,0.000000000,0.000000000,0.050000000,-0.000000000,-0.000000026,0.000000010,0.000000027,0.000005195
15.917421733,READY,waiting_for_consecutive_valid_measurements,0.002069492,1,0.000000000,-0.000000025,0.050000010,0.000000000,0.000000000,0.050000000,-0.000000000,-0.000000025,0.000000010,0.000000027,0.000005132
15.927423685,READY,waiting_for_consecutive_valid_measurements,0.001994691,1,0.000000000,-0.000000027,0.050000010,0.000000000,0.000000000,0.050000000,-0.000000000,-0.000000027,0.000000010,0.000000028,0.000005451
15.937444634,READY,waiting_for_consecutive_valid_measurements,0.001316734,1,0.000000000,-0.000000023,0.050000010,0.000000000,0.000000000,0.050000000,-0.000000000,-0.000000023,0.000000010,0.000000025,0.000004725
15.947586689,READY,waiting_for_consecutive_valid_measurements,0.001425967,1,0.000000000,-0.000000023,0.050000010,0.000000000,0.000000000,0.050000000,-0.000000000,-0.000000023,0.000000010,0.000000025,0.000004732
15.957678877,READY,waiting_for_consecutive_valid_measurements,0.001247869,1,0.000000000,-0.000000023,0.050000010,0.000000000,0.000000000,0.050000000,-0.000000000,-0.000000023,0.000000010,0.000000025,0.000004745
15.967641647,READY,waiting_for_consecutive_valid_measurements,0.001264492,1,0.000000000,-0.000000023,0.050000010,0.000000000,0.000000000,0.050000000,-0.000000000,-0.000000023,0.000000010,0.000000025,0.000004773
15.980581020,TRACKING,,0.003944265,1,0.000000000,-0.000000023,0.050000010,0.000000000,0.000000000,0.050000000,-0.000000000,-0.000000023,0.000000010,0.000000025,0.000004788
15.990447618,TRACKING,,0.002023186,1,0.000000000,-0.000000021,0.050000010,0.000000000,0.000000000,0.050000000,-0.000000000,-0.000000021,0.000000010,0.000000023,0.000004357
16.000499437,TRACKING,,0.002007751,1,0.000000000,-0.000000025,0.050000010,0.000000000,0.000000000,0.050000000,-0.000000000,-0.000000025,0.000000010,0.000000027,0.000005078
16.010793469,TRACKING,,0.002195347,1,0.000000000,-0.000000028,0.050000010,0.000000000,0.000000000,0.050000000,-0.000000000,-0.000000028,0.000000010,0.000000030,0.000005747
16.020700436,TRACKING,,0.001778600,1,0.000000000,-0.000000032,0.050000010,0.000000000,0.000000000,0.050000000,-0.000000000,-0.000000032,0.000000010,0.000000033,0.000006499
16.030799747,TRACKING,,0.001678865,1,0.000000000,-0.000000035,0.050000010,0.000000000,0.000000000,0.050000000,-0.000000000,-0.000000035,0.000000010,0.000000036,0.000007081
16.041877408,TRACKING,,0.000030871,1,0.000000000,-0.000000037,0.050000010,0.000000000,0.000000000,0.050000000,-0.000000000,-0.000000037,0.000000010,0.000000039,0.000007597
16.052040835,TRACKING,,0.002415001,1,0.000000000,-0.000000040,0.050000010,0.000000000,0.000000000,0.050000000,-0.000000000,-0.000000040,0.000000010,0.000000041,0.000008076
16.062057035,TRACKING,,0.002209596,1,0.000000000,-0.000000042,0.050000010,0.000000000,0.000000000,0.050000000,-0.000000000,-0.000000042,0.000000010,0.000000043,0.000008523
16.072015056,TRACKING,,0.002039810,1,0.000000000,-0.000000044,0.050000010,0.000000000,0.000000000,0.050000000,-0.000000000,-0.000000044,0.000000010,0.000000045,0.000008922
16.082167797,TRACKING,,0.000013061,1,0.000000000,-0.000000046,0.050000010,0.000000000,0.000000000,0.050000000,-0.000000000,-0.000000046,0.000000010,0.000000047,0.000009371
16.092354970,TRACKING,,0.002694020,1,0.000000000,-0.000000048,0.050000010,0.000000000,0.000000000,0.050000000,-0.000000000,-0.000000048,0.000000010,0.000000049,0.000009706
16.102444784,TRACKING,,0.002371071,1,0.000000000,-0.000000049,0.050000010,0.000000000,0.000000000,0.050000000,-0.000000000,-0.000000049,0.000000010,0.000000050,0.000010022
16.112412304,TRACKING,,0.000888112,1,0.000000000,-0.000000051,0.050000010,0.000000000,0.000000000,0.050000000,-0.000000000,-0.000000051,0.000000010,0.000000052,0.000010347
16.122555546,TRACKING,,0.000689831,1,0.000000000,-0.000000052,0.050000010,0.000000000,0.000000000,0.050000000,-0.000000000,-0.000000052,0.000000010,0.000000053,0.000010608
16.132466075,TRACKING,,0.000685081,1,0.000000000,-0.000000054,0.050000010,0.000000000,0.000000000,0.050000000,-0.000000000,-0.000000054,0.000000010,0.000000054,0.000010848
16.142573698,TRACKING,,0.001122014,1,0.000000000,-0.000000054,0.050000010,0.000000000,0.000000000,0.050000000,-0.000000000,-0.000000054,0.000000010,0.000000054,0.000010848
16.152751373,TRACKING,,0.001174256,1,0.000000000,-0.000000055,0.050000010,0.000000000,0.000000000,0.050000000,-0.000000000,-0.000000055,0.000000010,0.000000056,0.000011110
16.162775884,TRACKING,,0.001176630,1,0.000000000,-0.000000056,0.050000010,0.000000000,0.000000000,0.050000000,-0.000000000,-0.000000056,0.000000010,0.000000057,0.000011309
16.172803957,TRACKING,,0.001088769,1,0.000000000,-0.000000057,0.050000010,0.000000000,0.000000000,0.050000000,-0.000000000,-0.000000057,0.000000010,0.000000058,0.000011492
16.182942450,TRACKING,,0.001126763,1,0.000000000,-0.000000058,0.050000010,0.000000000,0.000000000,0.050000000,-0.000000000,-0.000000058,0.000000010,0.000000058,0.000011662
16.192881474,TRACKING,,0.001213437,1,0.000000000,-0.000000058,0.050000010,0.000000000,0.000000000,0.050000000,-0.000000000,-0.000000058,0.000000010,0.000000059,0.000011818
16.203035403,TRACKING,,0.001313172,1,0.000000000,-0.000000059,0.050000010,0.000000000,0.000000000,0.050000000,-0.000000000,-0.000000059,0.000000010,0.000000060,0.000011993
16.213042104,TRACKING,,0.002100363,1,0.000000000,-0.000000060,0.050000010,0.000000000,0.000000000,0.050000000,-0.000000000,-0.000000060,0.000000010,0.000000061,0.000012145
16.223142603,TRACKING,,0.002287958,1,0.000000000,-0.000000061,0.050000010,0.000000000,0.000000000,0.050000000,-0.000000000,-0.000000061,0.000000010,0.000000061,0.000012289
16.233262100,TRACKING,,0.000174535,1,0.000000000,-0.000000061,0.050000010,0.000000000,0.000000000,0.050000000,-0.000000000,-0.000000061,0.000000010,0.000000062,0.000012417
16.243331729,TRACKING,,0.000151977,1,0.000000000,-0.000000062,0.050000010,0.000000000,0.000000000,0.050000000,-0.000000000,-0.000000062,0.000000010,0.000000063,0.000012515
16.253447663,TRACKING,,0.000160287,1,0.000000000,-0.000000062,0.050000010,0.000000000,0.000000000,0.050000000,-0.000000000,-0.000000062,0.000000010,0.000000063,0.000012604
16.263390249,TRACKING,,0.000256460,1,0.000000000,-0.000000062,0.050000010,0.000000000,0.000000000,0.050000000,-0.000000000,-0.000000062,0.000000010,0.000000063,0.000012604
16.273634414,TRACKING,,0.002635842,1,0.000000000,-0.000000063,0.050000010,0.000000000,0.000000000,0.050000000,-0.000000000,-0.000000063,0.000000010,0.000000063,0.000012705
16.283470141,TRACKING,,0.001254994,1,0.000000000,-0.000000063,0.050000010,0.000000000,0.000000000,0.050000000,-0.000000000,-0.000000063,0.000000010,0.000000064,0.000012789
16.293596762,TRACKING,,0.001266867,1,0.000000000,-0.000000064,0.050000010,0.000000000,0.000000000,0.050000000,-0.000000000,-0.000000064,0.000000010,0.000000064,0.000012857
16.303628396,TRACKING,,0.001246682,1,0.000000000,-0.000000064,0.050000010,0.000000000,0.000000000,0.050000000,-0.000000000,-0.000000064,0.000000010,0.000000065,0.000012920
16.313836941,TRACKING,,0.001398659,1,0.000000000,-0.000000064,0.050000010,0.000000000,0.000000000,0.050000000,-0.000000000,-0.000000064,0.000000010,0.000000065,0.000012978
16.323813960,TRACKING,,0.001405783,1,0.000000000,-0.000000064,0.050000010,0.000000000,0.000000000,0.050000000,-0.000000000,-0.000000064,0.000000010,0.000000065,0.000013043
16.334094931,TRACKING,,0.000528355,1,0.000000000,-0.000000065,0.050000010,0.000000000,0.000000000,0.050000000,-0.000000000,-0.000000065,0.000000010,0.000000065,0.000013094
16.343876042,TRACKING,,0.000525981,1,0.000000000,-0.000000065,0.050000010,0.000000000,0.000000000,0.050000000,-0.000000000,-0.000000065,0.000000010,0.000000066,0.000013140
16.353943297,TRACKING,,0.000641151,1,0.000000000,-0.000000065,0.050000010,0.000000000,0.000000000,0.050000000,-0.000000000,-0.000000065,0.000000010,0.000000066,0.000013180
16.364487852,TRACKING,,0.000408437,1,0.000000000,-0.000000065,0.050000010,0.000000000,0.000000000,0.050000000,-0.000000000,-0.000000065,0.000000010,0.000000066,0.000013219
16.374536109,TRACKING,,0.000154351,1,0.000000000,-0.000000065,0.050000010,0.000000000,0.000000000,0.050000000,-0.000000000,-0.000000065,0.000000010,0.000000066,0.000013254
16.384545185,TRACKING,,0.000124669,1,0.000000000,-0.000000066,0.050000010,0.000000000,0.000000000,0.050000000,-0.000000000,-0.000000066,0.000000010,0.000000066,0.000013286
16.394710987,TRACKING,,0.000018997,1,0.000000000,-0.000000066,0.050000010,0.000000000,0.000000000,0.050000000,-0.000000000,-0.000000066,0.000000010,0.000000066,0.000013316
16.404915970,TRACKING,,0.002373445,1,0.000000000,-0.000000066,0.050000010,0.000000000,0.000000000,0.050000000,-0.000000000,-0.000000066,0.000000010,0.000000067,0.000013343
16.414911985,TRACKING,,0.002271336,1,0.000000000,-0.000000066,0.050000010,0.000000000,0.000000000,0.050000000,-0.000000000,-0.000000066,0.000000010,0.000000067,0.000013368
16.424961430,TRACKING,,0.000940355,1,0.000000000,-0.000000066,0.050000010,0.000000000,0.000000000,0.050000000,-0.000000000,-0.000000066,0.000000010,0.000000067,0.000013394
16.435001376,TRACKING,,0.000793127,1,0.000000000,-0.000000066,0.050000010,0.000000000,0.000000000,0.050000000,-0.000000000,-0.000000066,0.000000010,0.000000067,0.000013415
16.445116123,TRACKING,,0.000455930,1,0.000000000,-0.000000066,0.050000010,0.000000000,0.000000000,0.050000000,-0.000000000,-0.000000066,0.000000010,0.000000067,0.000013435
16.455164380,TRACKING,,0.001184942,1,0.000000000,-0.000000066,0.050000010,0.000000000,0.000000000,0.050000000,-0.000000000,-0.000000066,0.000000010,0.000000067,0.000013435
16.465179393,TRACKING,,0.001122014,1,0.000000000,-0.000000066,0.050000010,0.000000000,0.000000000,0.050000000,-0.000000000,-0.000000066,0.000000010,0.000000067,0.000013456
16.475822496,TRACKING,,0.001562508,1,0.000000000,-0.000000067,0.050000010,0.000000000,0.000000000,0.050000000,-0.000000000,-0.000000067,0.000000010,0.000000067,0.000013472
16.487694471,TRACKING,,0.003201005,1,0.000000000,-0.000000067,0.050000010,0.000000000,0.000000000,0.050000000,-0.000000000,-0.000000067,0.000000010,0.000000067,0.000013486
16.497493392,TRACKING,,0.001735857,1,0.000000000,-0.000000067,0.050000010,0.000000000,0.000000000,0.050000000,-0.000000000,-0.000000067,0.000000010,0.000000067,0.000013502
16.507612888,TRACKING,,0.001691926,1,0.000000000,-0.000000067,0.050000010,0.000000000,0.000000000,0.050000000,-0.000000000,-0.000000067,0.000000010,0.000000067,0.000013514
16.519478926,TRACKING,,0.003560762,1,0.000000000,-0.000000067,0.050000010,0.000000000,0.000000000,0.050000000,-0.000000000,-0.000000067,0.000000010,0.000000068,0.000013526
16.529477316,TRACKING,,0.001053150,1,0.000000000,-0.000000067,0.050000010,0.000000000,0.000000000,0.050000000,-0.000000000,-0.000000067,0.000000010,0.000000068,0.000013539
16.539544571,TRACKING,,0.001129138,1,0.000000000,-0.000000066,0.050000010,0.000000000,0.000000000,0.050000000,-0.000000000,-0.000000066,0.000000010,0.000000066,0.000013278
16.549687813,TRACKING,,0.001122014,1,0.000000000,-0.000000059,0.050000010,0.000000000,0.000000000,0.050000000,-0.000000000,-0.000000059,0.000000010,0.000000060,0.000012002
16.559668394,TRACKING,,0.001188504,1,0.000000000,-0.000000055,0.050000010,0.000000000,0.000000000,0.050000000,-0.000000000,-0.000000055,0.000000010,0.000000055,0.000011069
16.569696467,TRACKING,,0.001266866,1,0.000000000,-0.000000049,0.050000010,0.000000000,0.000000000,0.050000000,-0.000000000,-0.000000049,0.000000010,0.000000050,0.000010016
16.579783905,TRACKING,,0.001454462,1,0.000000000,-0.000000045,0.050000010,0.000000000,0.000000000,0.050000000,-0.000000000,-0.000000045,0.000000010,0.000000046,0.000009062
16.589842849,TRACKING,,0.001558946,1,0.000000000,-0.000000041,0.050000010,0.000000000,0.000000000,0.050000000,-0.000000000,-0.000000041,0.000000010,0.000000042,0.000008359
16.599986091,TRACKING,,0.001504329,1,0.000000000,-0.000000038,0.050000010,0.000000000,0.000000000,0.050000000,-0.000000000,-0.000000038,0.000000010,0.000000039,0.000007711
16.610092527,TRACKING,,0.001416468,1,0.000000000,-0.000000035,0.050000010,0.000000000,0.000000000,0.050000000,-0.000000000,-0.000000035,0.000000010,0.000000036,0.000007108
16.620149096,TRACKING,,0.001402220,1,0.000000000,-0.000000032,0.050000010,0.000000000,0.000000000,0.050000000,-0.000000000,-0.000000032,0.000000010,0.000000034,0.000006544
16.630291151,TRACKING,,0.001186129,1,0.000000000,-0.000000030,0.050000010,0.000000000,0.000000000,0.050000000,-0.000000000,-0.000000030,0.000000010,0.000000031,0.000006031
16.640243236,TRACKING,,0.001247869,1,0.000000000,-0.000000027,0.050000010,0.000000000,0.000000000,0.050000000,-0.000000000,-0.000000027,0.000000010,0.000000029,0.000005555
16.650365107,TRACKING,,0.001165945,1,0.000000000,-0.000000025,0.050000010,0.000000000,0.000000000,0.050000000,-0.000000000,-0.000000025,0.000000010,0.000000027,0.000005124
16.660510724,TRACKING,,0.001168319,1,0.000000000,-0.000000023,0.050000010,0.000000000,0.000000000,0.050000000,-0.000000000,-0.000000023,0.000000010,0.000000025,0.000004719
16.670421252,TRACKING,,0.001095893,1,0.000000000,-0.000000021,0.050000010,0.000000000,0.000000000,0.050000000,-0.000000000,-0.000000021,0.000000010,0.000000023,0.000004351
16.680522939,TRACKING,,0.000977161,1,0.000000000,-0.000000020,0.050000010,0.000000000,0.000000000,0.050000000,-0.000000000,-0.000000020,0.000000010,0.000000022,0.000004012
16.690672118,TRACKING,,0.000955790,1,0.000000000,-0.000000018,0.050000010,0.000000000,0.000000000,0.050000000,-0.000000000,-0.000000018,0.000000010,0.000000020,0.000003697
16.700574336,TRACKING,,0.001095892,1,0.000000000,-0.000000018,0.050000010,0.000000000,0.000000000,0.050000000,-0.000000000,-0.000000018,0.000000010,0.000000020,0.000003697
16.710734201,TRACKING,,0.001222936,1,0.000000000,-0.000000016,0.050000010,0.000000000,0.000000000,0.050000000,-0.000000000,-0.000000016,0.000000010,0.000000019,0.000003344
16.720746838,TRACKING,,0.001038902,1,0.000000000,-0.000000015,0.050000010,0.000000000,0.000000000,0.050000000,-0.000000000,-0.000000015,0.000000010,0.000000018,0.000003024
16.730944698,TRACKING,,0.001072146,1,0.000000000,-0.000000014,0.050000010,0.000000000,0.000000000,0.050000000,-0.000000000,-0.000000014,0.000000010,0.000000017,0.000002785
16.740957335,TRACKING,,0.001008032,1,0.000000000,-0.000000013,0.050000010,0.000000000,0.000000000,0.050000000,-0.000000000,-0.000000013,0.000000010,0.000000016,0.000002568
16.750897547,TRACKING,,0.001010406,1,0.000000000,-0.000000012,0.050000010,0.000000000,0.000000000,0.050000000,-0.000000000,-0.000000012,0.000000010,0.000000015,0.000002367
16.761209389,TRACKING,,0.001081645,1,0.000000000,-0.000000011,0.050000010,0.000000000,0.000000000,0.050000000,-0.000000000,-0.000000011,0.000000010,0.000000014,0.000002183
16.771753944,TRACKING,,0.000034432,1,0.000000000,-0.000000010,0.050000010,0.000000000,0.000000000,0.050000000,-0.000000000,-0.000000010,0.000000010,0.000000014,0.000002012
16.781733337,TRACKING,,0.000018997,1,0.000000000,-0.000000009,0.050000010,0.000000000,0.000000000,0.050000000,-0.000000000,-0.000000009,0.000000010,0.000000013,0.000001831
16.791801779,TRACKING,,0.000042743,1,0.000000000,-0.000000008,0.050000010,0.000000000,0.000000000,0.050000000,-0.000000000,-0.000000008,0.000000010,0.000000013,0.000001689
16.801901091,TRACKING,,0.000163850,1,0.000000000,-0.000000008,0.050000010,0.000000000,0.000000000,0.050000000,-0.000000000,-0.000000008,0.000000010,0.000000012,0.000001557
16.811945786,TRACKING,,0.000024934,1,0.000000000,-0.000000007,0.050000010,0.000000000,0.000000000,0.050000000,-0.000000000,-0.000000007,0.000000010,0.000000012,0.000001408
16.822043911,TRACKING,,0.000122294,1,0.000000000,-0.000000006,0.050000010,0.000000000,0.000000000,0.050000000,-0.000000000,-0.000000006,0.000000010,0.000000011,0.000001298
16.832264329,TRACKING,,0.000186408,1,0.000000000,-0.000000006,0.050000010,0.000000000,0.000000000,0.050000000,-0.000000000,-0.000000006,0.000000010,0.000000011,0.000001197
16.842236598,TRACKING,,0.002214345,1,0.000000000,-0.000000005,0.050000010,0.000000000,0.000000000,0.050000000,-0.000000000,-0.000000005,0.000000010,0.000000011,0.000001100
16.853881795,TRACKING,,0.001219373,1,0.000000000,-0.000000005,0.050000010,0.000000000,0.000000000,0.050000000,-0.000000000,-0.000000005,0.000000010,0.000000011,0.000001014
16.864001292,TRACKING,,0.000668459,1,0.000000000,-0.000000004,0.050000010,0.000000000,0.000000000,0.050000000,-0.000000000,-0.000000004,0.000000010,0.000000011,0.000000931
16.874024615,TRACKING,,0.000590096,1,0.000000000,-0.000000004,0.050000010,0.000000000,0.000000000,0.050000000,-0.000000000,-0.000000004,0.000000010,0.000000010,0.000000859
16.884112054,TRACKING,,0.000521232,1,0.000000000,-0.000000004,0.050000010,0.000000000,0.000000000,0.050000000,-0.000000000,-0.000000004,0.000000010,0.000000010,0.000000790
16.894140127,TRACKING,,0.000325324,1,0.000000000,-0.000000003,0.050000010,0.000000000,0.000000000,0.050000000,-0.000000000,-0.000000003,0.000000010,0.000000010,0.000000727
16.904206194,TRACKING,,0.000288518,1,0.000000000,-0.000000003,0.050000010,0.000000000,0.000000000,0.050000000,-0.000000000,-0.000000003,0.000000010,0.000000010,0.000000671
16.914309068,TRACKING,,0.000137728,1,0.000000000,-0.000000003,0.050000010,0.000000000,0.000000000,0.050000000,-0.000000000,-0.000000003,0.000000010,0.000000010,0.000000617
16.924324080,TRACKING,,0.000045118,1,0.000000000,-0.000000003,0.050000010,0.000000000,0.000000000,0.050000000,-0.000000000,-0.000000003,0.000000010,0.000000010,0.000000569
16.934409144,TRACKING,,0.000053429,1,0.000000000,-0.000000002,0.050000010,0.000000000,0.000000000,0.050000000,-0.000000000,-0.000000002,0.000000010,0.000000010,0.000000524
16.945467807,TRACKING,,0.000985473,1,0.000000000,-0.000000002,0.050000010,0.000000000,0.000000000,0.050000000,-0.000000000,-0.000000002,0.000000010,0.000000010,0.000000484
16.955436514,TRACKING,,0.001035339,1,0.000000000,-0.000000002,0.050000010,0.000000000,0.000000000,0.050000000,-0.000000000,-0.000000002,0.000000010,0.000000010,0.000000446
16.965605878,TRACKING,,0.001011593,1,0.000000000,-0.000000002,0.050000010,0.000000000,0.000000000,0.050000000,-0.000000000,-0.000000002,0.000000010,0.000000010,0.000000411
16.975651760,TRACKING,,0.000880989,1,0.000000000,-0.000000002,0.050000010,0.000000000,0.000000000,0.050000000,-0.000000000,-0.000000002,0.000000010,0.000000010,0.000000379
16.985665585,TRACKING,,0.000744448,1,0.000000000,-0.000000002,0.050000010,0.000000000,0.000000000,0.050000000,-0.000000000,-0.000000002,0.000000010,0.000000010,0.000000349
16.995688909,TRACKING,,0.000682707,1,0.000000000,-0.000000001,0.050000010,0.000000000,0.000000000,0.050000000,-0.000000000,-0.000000001,0.000000010,0.000000010,0.000000322
17.007581068,TRACKING,,0.004569980,1,0.000000000,-0.000000001,0.050000010,0.000000000,0.000000000,0.050000000,-0.000000000,-0.000000001,0.000000010,0.000000010,0.000000296
17.017448853,TRACKING,,0.001935325,1,0.000000000,-0.000000001,0.050000010,0.000000000,0.000000000,0.050000000,-0.000000000,-0.000000001,0.000000010,0.000000010,0.000000272
17.027524419,TRACKING,,0.001835591,1,0.000000000,-0.000000001,0.050000010,0.000000000,0.000000000,0.050000000,-0.000000000,-0.000000001,0.000000010,0.000000010,0.000000251
17.037700906,TRACKING,,0.001822531,1,0.000000000,-0.000000001,0.050000010,0.000000000,0.000000000,0.050000000,-0.000000000,-0.000000001,0.000000010,0.000000010,0.000000232
17.047683861,TRACKING,,0.001772663,1,0.000000000,-0.000000001,0.050000010,0.000000000,0.000000000,0.050000000,-0.000000000,-0.000000001,0.000000010,0.000000010,0.000000213
17.057721432,TRACKING,,0.001716859,1,0.000000000,-0.000000001,0.050000010,0.000000000,0.000000000,0.050000000,-0.000000000,-0.000000001,0.000000010,0.000000010,0.000000193
17.070437589,TRACKING,,0.004223283,1,0.000000000,-0.000000001,0.050000010,0.000000000,0.000000000,0.050000000,-0.000000000,-0.000000001,0.000000010,0.000000010,0.000000177
17.080445478,TRACKING,,0.001929388,1,0.000000000,-0.000000001,0.050000010,0.000000000,0.000000000,0.050000000,-0.000000000,-0.000000001,0.000000010,0.000000010,0.000000161
17.090480674,TRACKING,,0.001681240,1,0.000000000,-0.000000001,0.050000010,0.000000000,0.000000000,0.050000000,-0.000000000,-0.000000001,0.000000010,0.000000010,0.000000148
17.100702280,TRACKING,,0.001735856,1,0.000000000,-0.000000001,0.050000010,0.000000000,0.000000000,0.050000000,-0.000000000,-0.000000001,0.000000010,0.000000010,0.000000136
17.110646053,TRACKING,,0.000675583,1,0.000000000,-0.000000001,0.050000010,0.000000000,0.000000000,0.050000000,-0.000000000,-0.000000001,0.000000010,0.000000010,0.000000125
17.120713307,TRACKING,,0.000554477,1,0.000000000,-0.000000000,0.050000010,0.000000000,0.000000000,0.050000000,-0.000000000,-0.000000000,0.000000010,0.000000010,0.000000115
17.130774625,TRACKING,,0.000503422,1,0.000000000,-0.000000000,0.050000010,0.000000000,0.000000000,0.050000000,-0.000000000,-0.000000000,0.000000010,0.000000010,0.000000106
17.141631445,TRACKING,,0.002393630,1,0.000000000,-0.000000000,0.050000010,0.000000000,0.000000000,0.050000000,-0.000000000,-0.000000000,0.000000010,0.000000010,0.000000106
17.151078920,TRACKING,,0.002451808,1,0.000000000,-0.000000000,0.050000010,0.000000000,0.000000000,0.050000000,-0.000000000,-0.000000000,0.000000010,0.000000010,0.000000097
17.161061875,TRACKING,,0.002318829,1,0.000000000,-0.000000000,0.050000010,0.000000000,0.000000000,0.050000000,-0.000000000,-0.000000000,0.000000010,0.000000010,0.000000090
17.171452079,TRACKING,,0.000072427,1,0.000000000,-0.000000000,0.050000010,0.000000000,0.000000000,0.050000000,-0.000000000,-0.000000000,0.000000010,0.000000010,0.000000076
17.181680808,TRACKING,,0.000055804,1,0.000000000,-0.000000000,0.050000010,0.000000000,0.000000000,0.050000000,-0.000000000,-0.000000000,0.000000010,0.000000010,0.000000070
17.191604397,TRACKING,,0.000327699,1,0.000000000,-0.000000000,0.050000010,0.000000000,0.000000000,0.050000000,-0.000000000,-0.000000000,0.000000010,0.000000010,0.000000070
17.201752389,TRACKING,,0.000289705,1,0.000000000,-0.000000000,0.050000010,0.000000000,0.000000000,0.050000000,-0.000000000,-0.000000000,0.000000010,0.000000010,0.000000064
17.211861199,TRACKING,,0.000087861,1,0.000000000,-0.000000000,0.050000010,0.000000000,0.000000000,0.050000000,-0.000000000,-0.000000000,0.000000010,0.000000010,0.000000059
17.221853653,TRACKING,,0.002362759,1,0.000000000,-0.000000000,0.050000010,0.000000000,0.000000000,0.050000000,-0.000000000,-0.000000000,0.000000010,0.000000010,0.000000054
17.232494381,TRACKING,,0.000265958,1,0.000000000,-0.000000000,0.050000010,0.000000000,0.000000000,0.050000000,-0.000000000,-0.000000000,0.000000010,0.000000010,0.000000050
17.242569946,TRACKING,,0.000288517,1,0.000000000,-0.000000000,0.050000010,0.000000000,0.000000000,0.050000000,-0.000000000,-0.000000000,0.000000010,0.000000010,0.000000046
17.252535091,TRACKING,,0.000195907,1,0.000000000,-0.000000000,0.050000010,0.000000000,0.000000000,0.050000000,-0.000000000,-0.000000000,0.000000010,0.000000010,0.000000043
17.262656962,TRACKING,,0.000167412,1,0.000000000,-0.000000000,0.050000010,0.000000000,0.000000000,0.050000000,-0.000000000,-0.000000000,0.000000010,0.000000010,0.000000039
17.272686222,TRACKING,,0.000232714,1,0.000000000,-0.000000000,0.050000010,0.000000000,0.000000000,0.050000000,-0.000000000,-0.000000000,0.000000010,0.000000010,0.000000037
17.283085925,TRACKING,,0.000108046,1,0.000000000,-0.000000000,0.050000010,0.000000000,0.000000000,0.050000000,-0.000000000,-0.000000000,0.000000010,0.000000010,0.000000034
17.292843290,TRACKING,,0.000119919,1,0.000000000,-0.000000000,0.050000010,0.000000000,0.000000000,0.050000000,-0.000000000,-0.000000000,0.000000010,0.000000010,0.000000031
17.302854740,TRACKING,,0.000135354,1,0.000000000,-0.000000000,0.050000010,0.000000000,0.000000000,0.050000000,-0.000000000,-0.000000000,0.000000010,0.000000010,0.000000029
17.313081095,TRACKING,,0.000351445,1,0.000000000,-0.000000000,0.050000010,0.000000000,0.000000000,0.050000000,-0.000000000,-0.000000000,0.000000010,0.000000010,0.000000027
17.323106793,TRACKING,,0.000369255,1,0.000000000,-0.000000000,0.050000010,0.000000000,0.000000000,0.050000000,-0.000000000,-0.000000000,0.000000010,0.000000010,0.000000025
17.333339084,TRACKING,,0.000279020,1,0.000000000,-0.000000000,0.050000010,0.000000000,0.000000000,0.050000000,-0.000000000,-0.000000000,0.000000010,0.000000010,0.000000023
17.343555940,TRACKING,,0.002197722,1,0.000000000,-0.000000000,0.050000010,0.000000000,0.000000000,0.050000000,-0.000000000,-0.000000000,0.000000010,0.000000010,0.000000021
17.353359611,TRACKING,,0.000322950,1,0.000000000,-0.000000000,0.050000010,0.000000000,0.000000000,0.050000000,-0.000000000,-0.000000000,0.000000010,0.000000010,0.000000020
17.363320006,TRACKING,,0.000279019,1,0.000000000,-0.000000000,0.050000010,0.000000000,0.000000000,0.050000000,-0.000000000,-0.000000000,0.000000010,0.000000010,0.000000018
17.373411007,TRACKING,,0.000248149,1,0.000000000,-0.000000000,0.050000010,0.000000000,0.000000000,0.050000000,-0.000000000,-0.000000000,0.000000010,0.000000010,0.000000017
17.384539722,TRACKING,,0.003699678,1,0.000000000,-0.000000000,0.050000010,0.000000000,0.000000000,0.050000000,-0.000000000,-0.000000000,0.000000010,0.000000010,0.000000016
17.394464498,TRACKING,,0.001998254,1,0.000000000,-0.000000000,0.050000010,0.000000000,0.000000000,0.050000000,-0.000000000,-0.000000000,0.000000010,0.000000010,0.000000015
17.404664732,TRACKING,,0.002122922,1,0.000000000,-0.000000000,0.050000010,0.000000000,0.000000000,0.050000000,-0.000000000,-0.000000000,0.000000010,0.000000010,0.000000014
17.414717738,TRACKING,,0.002069492,1,0.000000000,-0.000000000,0.050000010,0.000000000,0.000000000,0.050000000,-0.000000000,-0.000000000,0.000000010,0.000000010,0.000000014
17.424674572,TRACKING,,0.001995879,1,0.000000000,-0.000000000,0.050000010,0.000000000,0.000000000,0.050000000,-0.000000000,-0.000000000,0.000000010,0.000000010,0.000000013
17.435082586,TRACKING,,0.002211970,1,0.000000000,-0.000000000,0.050000010,0.000000000,0.000000000,0.050000000,-0.000000000,-0.000000000,0.000000010,0.000000010,0.000000012
17.444974118,TRACKING,,0.004717208,1,0.000000000,-0.000000000,0.050000010,0.000000000,0.000000000,0.050000000,-0.000000000,-0.000000000,0.000000010,0.000000010,0.000000011
17.454919078,TRACKING,,0.000026121,1,0.000000000,0.000000000,0.050000010,0.000000000,0.000000000,0.050000000,-0.000000000,0.000000000,0.000000010,0.000000010,0.000000011
17.465214297,TRACKING,,0.000127042,1,0.000000000,0.000000000,0.050000010,0.000000000,0.000000000,0.050000000,-0.000000000,0.000000000,0.000000010,0.000000010,0.000000010
17.475215062,TRACKING,,0.000189970,1,0.000000000,0.000000000,0.050000010,0.000000000,0.000000000,0.050000000,-0.000000000,0.000000000,0.000000010,0.000000010,0.000000009
17.485347619,TRACKING,,0.000026121,1,0.000000000,0.000000000,0.050000010,0.000000000,0.000000000,0.050000000,-0.000000000,0.000000000,0.000000010,0.000000010,0.000000009
17.495461178,TRACKING,,0.000075988,1,0.000000000,0.000000000,0.050000010,0.000000000,0.000000000,0.050000000,-0.000000000,0.000000000,0.000000010,0.000000010,0.000000009
17.506633824,TRACKING,,0.003570260,1,0.000000000,0.000000000,0.050000010,0.000000000,0.000000000,0.050000000,-0.000000000,0.000000000,0.000000010,0.000000010,0.000000009
17.516660709,TRACKING,,0.001741793,1,0.000000000,0.000000000,0.050000010,0.000000000,0.000000000,0.050000000,-0.000000000,0.000000000,0.000000010,0.000000010,0.000000008
17.526613981,TRACKING,,0.001713297,1,0.000000000,0.000000000,0.050000010,0.000000000,0.000000000,0.050000000,-0.000000000,0.000000000,0.000000010,0.000000010,0.000000008
17.539682771,TRACKING,,0.004596101,1,0.000000000,0.000000000,0.050000010,0.000000000,0.000000000,0.050000000,-0.000000000,0.000000000,0.000000010,0.000000010,0.000000008
17.549586176,TRACKING,,0.001729920,1,0.000000000,0.000000000,0.050000010,0.000000000,0.000000000,0.050000000,-0.000000000,0.000000000,0.000000010,0.000000010,0.000000008
17.559551321,TRACKING,,0.001745355,1,0.000000000,0.000000000,0.050000010,0.000000000,0.000000000,0.050000000,-0.000000000,0.000000000,0.000000010,0.000000010,0.000000007
17.571462477,TRACKING,,0.003679493,1,0.000000000,0.000000000,0.050000010,0.000000000,0.000000000,0.050000000,-0.000000000,0.000000000,0.000000010,0.000000010,0.000000007
17.581498861,TRACKING,,0.000482050,1,0.000000000,0.000000000,0.050000010,0.000000000,0.000000000,0.050000000,-0.000000000,0.000000000,0.000000010,0.000000010,0.000000007
17.591586300,TRACKING,,0.000527169,1,0.000000000,0.000000000,0.050000010,0.000000000,0.000000000,0.050000000,-0.000000000,0.000000000,0.000000010,0.000000010,0.000000007
17.602528606,TRACKING,,0.003789913,1,0.000000000,0.000000000,0.050000010,0.000000000,0.000000000,0.050000000,-0.000000000,0.000000000,0.000000010,0.000000010,0.000000007
17.612510374,TRACKING,,0.001900893,1,0.000000000,0.000000000,0.050000010,0.000000000,0.000000000,0.050000000,-0.000000000,0.000000000,0.000000010,0.000000010,0.000000007
17.622557444,TRACKING,,0.001472272,1,0.000000000,0.000000000,0.050000010,0.000000000,0.000000000,0.050000000,-0.000000000,0.000000000,0.000000010,0.000000010,0.000000007
17.635512251,TRACKING,,0.001645621,1,0.000000000,0.000000000,0.050000010,0.000000000,0.000000000,0.050000000,-0.000000000,0.000000000,0.000000010,0.000000010,0.000000007
17.645523701,TRACKING,,0.001547073,1,0.000000000,0.000000000,0.050000010,0.000000000,0.000000000,0.050000000,-0.000000000,0.000000000,0.000000010,0.000000010,0.000000006
17.655513780,TRACKING,,0.001056712,1,0.000000000,0.000000000,0.050000010,0.000000000,0.000000000,0.050000000,-0.000000000,0.000000000,0.000000010,0.000000010,0.000000006
17.665652273,TRACKING,,0.001055524,1,0.000000000,0.000000000,0.050000010,0.000000000,0.000000000,0.050000000,-0.000000000,0.000000000,0.000000010,0.000000010,0.000000006
17.675666098,TRACKING,,0.001068585,1,0.000000000,0.000000000,0.050000010,0.000000000,0.000000000,0.050000000,-0.000000000,0.000000000,0.000000010,0.000000010,0.000000006
17.685874643,TRACKING,,0.001015156,1,0.000000000,0.000000000,0.050000010,0.000000000,0.000000000,0.050000000,-0.000000000,0.000000000,0.000000010,0.000000010,0.000000006
17.695897967,TRACKING,,0.001313172,1,0.000000000,0.000000000,0.050000010,0.000000000,0.000000000,0.050000000,-0.000000000,0.000000000,0.000000010,0.000000010,0.000000006
17.705978282,TRACKING,,0.001253806,1,0.000000000,0.000000000,0.050000010,0.000000000,0.000000000,0.050000000,-0.000000000,0.000000000,0.000000010,0.000000010,0.000000006
17.715979046,TRACKING,,0.001249056,1,0.000000000,0.000000000,0.050000010,0.000000000,0.000000000,0.050000000,-0.000000000,0.000000000,0.000000010,0.000000010,0.000000006
17.726060548,TRACKING,,0.001335731,1,0.000000000,0.000000000,0.050000010,0.000000000,0.000000000,0.050000000,-0.000000000,0.000000000,0.000000010,0.000000010,0.000000006
17.736139676,TRACKING,,0.001205126,1,0.000000000,0.000000000,0.050000010,0.000000000,0.000000000,0.050000000,-0.000000000,0.000000000,0.000000010,0.000000010,0.000000006
17.746148751,TRACKING,,0.001340480,1,0.000000000,0.000000000,0.050000010,0.000000000,0.000000000,0.050000000,-0.000000000,0.000000000,0.000000010,0.000000010,0.000000006
17.756187510,TRACKING,,0.001579130,1,0.000000000,0.000000000,0.050000010,0.000000000,0.000000000,0.050000000,-0.000000000,0.000000000,0.000000010,0.000000010,0.000000006
17.766339064,TRACKING,,0.001752479,1,0.000000000,0.000000000,0.050000010,0.000000000,0.000000000,0.050000000,-0.000000000,0.000000000,0.000000010,0.000000010,0.000000006
17.776504865,TRACKING,,0.001845089,1,0.000000000,0.000000000,0.050000010,0.000000000,0.000000000,0.050000000,-0.000000000,0.000000000,0.000000010,0.000000010,0.000000006
17.786378587,TRACKING,,0.001659868,1,0.000000000,0.000000000,0.050000010,0.000000000,0.000000000,0.050000000,-0.000000000,0.000000000,0.000000010,0.000000010,0.000000006
17.797459809,TRACKING,,0.002424499,1,0.000000000,0.000000000,0.050000010,0.000000000,0.000000000,0.050000000,-0.000000000,0.000000000,0.000000010,0.000000010,0.000000006
17.807414269,TRACKING,,0.000032057,1,0.000000000,0.000000000,0.050000010,0.000000000,0.000000000,0.050000000,-0.000000000,0.000000000,0.000000010,0.000000010,0.000000006
17.817588381,TRACKING,,0.000188783,1,0.000000000,0.000000000,0.050000010,0.000000000,0.000000000,0.050000000,-0.000000000,0.000000000,0.000000010,0.000000010,0.000000006
17.827653261,TRACKING,,0.000113982,1,0.000000000,0.000000000,0.050000010,0.000000000,0.000000000,0.050000000,-0.000000000,0.000000000,0.000000010,0.000000010,0.000000006
17.837676585,TRACKING,,0.002086115,1,0.000000000,0.000000000,0.050000010,0.000000000,0.000000000,0.050000000,-0.000000000,0.000000000,0.000000010,0.000000010,0.000000006
17.848015734,TRACKING,,0.002106299,1,0.000000000,0.000000000,0.050000010,0.000000000,0.000000000,0.050000000,-0.000000000,0.000000000,0.000000010,0.000000010,0.000000006
17.857837214,TRACKING,,0.002005377,1,0.000000000,0.000000000,0.050000010,0.000000000,0.000000000,0.050000000,-0.000000000,0.000000000,0.000000010,0.000000010,0.000000006
17.868458945,TRACKING,,0.000409625,1,0.000000000,0.000000000,0.050000010,0.000000000,0.000000000,0.050000000,-0.000000000,0.000000000,0.000000010,0.000000010,0.000000006
17.878625934,TRACKING,,0.000302766,1,0.000000000,0.000000000,0.050000010,0.000000000,0.000000000,0.050000000,-0.000000000,0.000000000,0.000000010,0.000000010,0.000000005
17.888686064,TRACKING,,0.000174536,1,0.000000000,0.000000000,0.050000010,0.000000000,0.000000000,0.050000000,-0.000000000,0.000000000,0.000000010,0.000000010,0.000000005
17.899459771,TRACKING,,0.000586534,1,0.000000000,0.000000000,0.050000010,0.000000000,0.000000000,0.050000000,-0.000000000,0.000000000,0.000000010,0.000000010,0.000000005
17.909474784,TRACKING,,0.001275178,1,0.000000000,0.000000000,0.050000010,0.000000000,0.000000000,0.050000000,-0.000000000,0.000000000,0.000000010,0.000000010,0.000000005
17.919538476,TRACKING,,0.001203939,1,0.000000000,0.000000000,0.050000010,0.000000000,0.000000000,0.050000000,-0.000000000,0.000000000,0.000000010,0.000000010,0.000000005
17.929663908,TRACKING,,0.001289425,1,0.000000000,0.000000000,0.050000010,0.000000000,0.000000000,0.050000000,-0.000000000,0.000000000,0.000000010,0.000000010,0.000000005
17.939713353,TRACKING,,0.001682427,1,0.000000000,0.000000000,0.050000010,0.000000000,0.000000000,0.050000000,-0.000000000,0.000000000,0.000000010,0.000000010,0.000000005
17.949740238,TRACKING,,0.001562508,1,0.000000000,0.000000000,0.050000010,0.000000000,0.000000000,0.050000000,-0.000000000,0.000000000,0.000000010,0.000000010,0.000000005
17.962458770,TRACKING,,0.004328955,1,0.000000000,0.000000000,0.050000010,0.000000000,0.000000000,0.050000000,-0.000000000,0.000000000,0.000000010,0.000000010,0.000000005
17.972467845,TRACKING,,0.001979256,1,0.000000000,0.000000000,0.050000010,0.000000000,0.000000000,0.050000000,-0.000000000,0.000000000,0.000000010,0.000000010,0.000000005
17.983151316,TRACKING,,0.000024933,1,0.000000000,0.000000000,0.050000010,0.000000000,0.000000000,0.050000000,-0.000000000,0.000000000,0.000000010,0.000000010,0.000000005
17.993181764,TRACKING,,0.000011873,1,0.000000000,0.000000000,0.050000010,0.000000000,0.000000000,0.050000000,-0.000000000,0.000000000,0.000000010,0.000000010,0.000000005
18.003316695,TRACKING,,0.002348512,1,0.000000000,0.000000000,0.050000010,0.000000000,0.000000000,0.050000000,-0.000000000,0.000000000,0.000000010,0.000000010,0.000000005
18.013465874,TRACKING,,0.002188224,1,0.000000000,0.000000000,0.050000010,0.000000000,0.000000000,0.050000000,-0.000000000,0.000000000,0.000000010,0.000000010,0.000000005
18.023295665,TRACKING,,0.001928202,1,0.000000000,0.000000000,0.050000010,0.000000000,0.000000000,0.050000000,-0.000000000,0.000000000,0.000000010,0.000000010,0.000000005
18.033372418,TRACKING,,0.001954322,1,0.000000000,0.000000000,0.050000010,0.000000000,0.000000000,0.050000000,-0.000000000,0.000000000,0.000000010,0.000000010,0.000000005
18.043552467,TRACKING,,0.001934138,1,0.000000000,0.000000000,0.050000010,0.000000000,0.000000000,0.050000000,-0.000000000,0.000000000,0.000000010,0.000000010,0.000000005
18.053547295,TRACKING,,0.002076616,1,0.000000000,0.000000000,0.050000010,0.000000000,0.000000000,0.050000000,-0.000000000,0.000000000,0.000000010,0.000000010,0.000000005
18.066451047,TRACKING,,0.004821691,1,0.000000000,0.000000000,0.050000010,0.000000000,0.000000000,0.050000000,-0.000000000,0.000000000,0.000000010,0.000000010,0.000000005
18.076642970,TRACKING,,0.001972132,1,0.000000000,0.000000000,0.050000010,0.000000000,0.000000000,0.050000000,-0.000000000,0.000000000,0.000000010,0.000000010,0.000000005
18.086514317,TRACKING,,0.001941262,1,0.000000000,0.000000000,0.050000010,0.000000000,0.000000000,0.050000000,-0.000000000,0.000000000,0.000000010,0.000000010,0.000000005
18.096560199,TRACKING,,0.001917516,1,0.000000000,0.000000000,0.050000010,0.000000000,0.000000000,0.050000000,-0.000000000,0.000000000,0.000000010,0.000000010,0.000000005
18.106734312,TRACKING,,0.001988755,1,0.000000000,0.000000000,0.050000010,0.000000000,0.000000000,0.050000000,-0.000000000,0.000000000,0.000000010,0.000000010,0.000000005
18.116751699,TRACKING,,0.001292987,1,0.000000000,0.000000000,0.050000010,0.000000000,0.000000000,0.050000000,-0.000000000,0.000000000,0.000000010,0.000000010,0.000000005
18.126821327,TRACKING,,0.001319108,1,0.000000000,0.000000000,0.050000010,0.000000000,0.000000000,0.050000000,-0.000000000,0.000000000,0.000000010,0.000000010,0.000000005
18.136874334,TRACKING,,0.001392722,1,0.000000000,0.000000000,0.050000010,0.000000000,0.000000000,0.050000000,-0.000000000,0.000000000,0.000000010,0.000000010,0.000000005
18.147055570,TRACKING,,0.002467243,1,0.000000000,0.000000000,0.050000010,0.000000000,0.000000000,0.050000000,-0.000000000,0.000000000,0.000000010,0.000000010,0.000000005
18.157094329,TRACKING,,0.000024933,1,0.000000000,0.000000000,0.050000010,0.000000000,0.000000000,0.050000000,-0.000000000,0.000000000,0.000000010,0.000000010,0.000000005
18.167325433,TRACKING,,0.000173349,1,0.000000000,0.000000000,0.050000010,0.000000000,0.000000000,0.050000000,-0.000000000,0.000000000,0.000000010,0.000000010,0.000000005
18.178406655,TRACKING,,0.004061809,1,0.000000000,0.000000000,0.050000010,0.000000000,0.000000000,0.050000000,-0.000000000,0.000000000,0.000000010,0.000000010,0.000000005
18.188479846,TRACKING,,0.001979256,1,0.000000000,0.000000000,0.050000010,0.000000000,0.000000000,0.050000000,-0.000000000,0.000000000,0.000000010,0.000000010,0.000000005
18.198560160,TRACKING,,0.002222656,1,0.000000000,0.000000000,0.050000010,0.000000000,0.000000000,0.050000000,-0.000000000,0.000000000,0.000000010,0.000000010,0.000000005
18.208577547,TRACKING,,0.002154979,1,0.000000000,0.000000000,0.050000010,0.000000000,0.000000000,0.050000000,-0.000000000,0.000000000,0.000000010,0.000000010,0.000000005
18.218733850,TRACKING,,0.000312264,1,0.000000000,0.000000000,0.050000010,0.000000000,0.000000000,0.050000000,-0.000000000,0.000000000,0.000000010,0.000000010,0.000000005
18.228843848,TRACKING,,0.000446431,1,0.000000000,0.000000000,0.050000010,0.000000000,0.000000000,0.050000000,-0.000000000,0.000000000,0.000000010,0.000000010,0.000000005
18.239023897,TRACKING,,0.000650650,1,0.000000000,0.000000000,0.050000010,0.000000000,0.000000000,0.050000000,-0.000000000,0.000000000,0.000000010,0.000000010,0.000000005
18.250348519,TRACKING,,0.002005377,1,0.000000000,0.000000000,0.050000010,0.000000000,0.000000000,0.050000000,-0.000000000,0.000000000,0.000000010,0.000000010,0.000000004
18.260351658,TRACKING,,0.001510266,1,0.000000000,0.000000000,0.050000010,0.000000000,0.000000000,0.050000000,-0.000000000,0.000000000,0.000000010,0.000000010,0.000000004
18.270475903,TRACKING,,0.001409344,1,0.000000000,0.000000000,0.050000010,0.000000000,0.000000000,0.050000000,-0.000000000,0.000000000,0.000000010,0.000000010,0.000000004
18.280442236,TRACKING,,0.001405782,1,0.000000000,0.000000000,0.050000010,0.000000000,0.000000000,0.050000000,-0.000000000,0.000000000,0.000000010,0.000000010,0.000000004
18.290566481,TRACKING,,0.001649182,1,0.000000000,0.000000000,0.050000010,0.000000000,0.000000000,0.050000000,-0.000000000,0.000000000,0.000000010,0.000000010,0.000000004
18.300618300,TRACKING,,0.001708548,1,0.000000000,0.000000000,0.050000010,0.000000000,0.000000000,0.050000000,-0.000000000,0.000000000,0.000000010,0.000000010,0.000000004
18.310852966,TRACKING,,0.001875960,1,0.000000000,0.000000000,0.050000010,0.000000000,0.000000000,0.050000000,-0.000000000,0.000000000,0.000000010,0.000000010,0.000000004
18.320753996,TRACKING,,0.001871211,1,0.000000000,0.000000000,0.050000010,0.000000000,0.000000000,0.050000000,-0.000000000,0.000000000,0.000000010,0.000000010,0.000000004
18.330881803,TRACKING,,0.001824905,1,0.000000000,0.000000000,0.050000010,0.000000000,0.000000000,0.050000000,-0.000000000,0.000000000,0.000000010,0.000000010,0.000000004
18.341222140,TRACKING,,0.001466335,1,0.000000000,0.000000000,0.050000010,0.000000000,0.000000000,0.050000000,-0.000000000,0.000000000,0.000000010,0.000000010,0.000000004
18.351473428,TRACKING,,0.000997346,1,0.000000000,0.000000000,0.050000010,0.000000000,0.000000000,0.050000000,-0.000000000,0.000000000,0.000000010,0.000000010,0.000000004
18.361527622,TRACKING,,0.003862339,1,0.000000000,0.000000000,0.050000010,0.000000000,0.000000000,0.050000000,-0.000000000,0.000000000,0.000000010,0.000000010,0.000000004
18.371610311,TRACKING,,0.002033873,1,0.000000000,0.000000000,0.050000010,0.000000000,0.000000000,0.050000000,-0.000000000,0.000000000,0.000000010,0.000000010,0.000000004
18.381681127,TRACKING,,0.002258275,1,0.000000000,0.000000000,0.050000010,0.000000000,0.000000000,0.050000000,-0.000000000,0.000000000,0.000000010,0.000000010,0.000000004
18.391661707,TRACKING,,0.002169227,1,0.000000000,0.000000000,0.050000010,0.000000000,0.000000000,0.050000000,-0.000000000,0.000000000,0.000000010,0.000000010,0.000000004
18.401803762,TRACKING,,0.001947198,1,0.000000000,0.000000000,0.050000010,0.000000000,0.000000000,0.050000000,-0.000000000,0.000000000,0.000000010,0.000000010,0.000000004
18.412057425,TRACKING,,0.002042184,1,0.000000000,0.000000000,0.050000010,0.000000000,0.000000000,0.050000000,-0.000000000,0.000000000,0.000000010,0.000000010,0.000000004
18.422086685,TRACKING,,0.002150230,1,0.000000000,0.000000000,0.050000010,0.000000000,0.000000000,0.050000000,-0.000000000,0.000000000,0.000000010,0.000000010,0.000000004
18.435542540,TRACKING,,0.001984005,1,0.000000000,0.000000000,0.050000010,0.000000000,0.000000000,0.050000000,-0.000000000,0.000000000,0.000000010,0.000000010,0.000000004
18.445576549,TRACKING,,0.002014875,1,0.000000000,0.000000000,0.050000010,0.000000000,0.000000000,0.050000000,-0.000000000,0.000000000,0.000000010,0.000000010,0.000000004
18.455589187,TRACKING,,0.002008939,1,0.000000000,0.000000000,0.050000010,0.000000000,0.000000000,0.050000000,-0.000000000,0.000000000,0.000000010,0.000000010,0.000000004
18.465635069,TRACKING,,0.001368976,1,0.000000000,0.000000000,0.050000010,0.000000000,0.000000000,0.050000000,-0.000000000,0.000000000,0.000000010,0.000000010,0.000000004
18.475726070,TRACKING,,0.001392722,1,0.000000000,0.000000000,0.050000010,0.000000000,0.000000000,0.050000000,-0.000000000,0.000000000,0.000000010,0.000000010,0.000000004
18.485808759,TRACKING,,0.003873026,1,0.000000000,0.000000000,0.050000010,0.000000000,0.000000000,0.050000000,-0.000000000,0.000000000,0.000000010,0.000000010,0.000000004
18.495791714,TRACKING,,0.000276645,1,0.000000000,0.000000000,0.050000010,0.000000000,0.000000000,0.050000000,-0.000000000,0.000000000,0.000000010,0.000000010,0.000000004
18.505855406,TRACKING,,0.000377567,1,0.000000000,0.000000000,0.050000010,0.000000000,0.000000000,0.050000000,-0.000000000,0.000000000,0.000000010,0.000000010,0.000000004
18.516132815,TRACKING,,0.003046654,1,0.000000000,0.000000000,0.050000010,0.000000000,0.000000000,0.050000000,-0.000000000,0.000000000,0.000000010,0.000000010,0.000000004
18.526062341,TRACKING,,0.001437840,1,0.000000000,0.000000000,0.050000010,0.000000000,0.000000000,0.050000000,-0.000000000,0.000000000,0.000000010,0.000000010,0.000000004
18.536143843,TRACKING,,0.001519765,1,0.000000000,0.000000000,0.050000010,0.000000000,0.000000000,0.050000000,-0.000000000,0.000000000,0.000000010,0.000000010,0.000000004
18.546184976,TRACKING,,0.001542324,1,0.000000000,0.000000000,0.050000010,0.000000000,0.000000000,0.050000000,-0.000000000,0.000000000,0.000000010,0.000000010,0.000000004
18.556349590,TRACKING,,0.001802346,1,0.000000000,0.000000000,0.050000010,0.000000000,0.000000000,0.050000000,-0.000000000,0.000000000,0.000000010,0.000000010,0.000000004
18.566319484,TRACKING,,0.001569632,1,0.000000000,0.000000000,0.050000010,0.000000000,0.000000000,0.050000000,-0.000000000,0.000000000,0.000000010,0.000000010,0.000000004
18.576481724,TRACKING,,0.001233621,1,0.000000000,0.000000000,0.050000010,0.000000000,0.000000000,0.050000000,-0.000000000,0.000000000,0.000000010,0.000000010,0.000000004
18.586400563,TRACKING,,0.001097080,1,0.000000000,0.000000000,0.050000010,0.000000000,0.000000000,0.050000000,-0.000000000,0.000000000,0.000000010,0.000000010,0.000000004
18.596441696,TRACKING,,0.001113703,1,0.000000000,0.000000000,0.050000010,0.000000000,0.000000000,0.050000000,-0.000000000,0.000000000,0.000000010,0.000000010,0.000000004
18.606562380,TRACKING,,0.001138637,1,0.000000000,0.000000000,0.050000010,0.000000000,0.000000000,0.050000000,-0.000000000,0.000000000,0.000000010,0.000000010,0.000000004
18.616645069,TRACKING,,0.000965288,1,0.000000000,0.000000000,0.050000010,0.000000000,0.000000000,0.050000000,-0.000000000,0.000000000,0.000000010,0.000000010,0.000000004
18.626632773,TRACKING,,0.000669646,1,0.000000000,0.000000000,0.050000010,0.000000000,0.000000000,0.050000000,-0.000000000,0.000000000,0.000000010,0.000000010,0.000000004
18.636786701,TRACKING,,0.000715952,1,0.000000000,0.000000000,0.050000010,0.000000000,0.000000000,0.050000000,-0.000000000,0.000000000,0.000000010,0.000000010,0.000000004
18.646871765,TRACKING,,0.000560413,1,0.000000000,0.000000000,0.050000010,0.000000000,0.000000000,0.050000000,-0.000000000,0.000000000,0.000000010,0.000000010,0.000000004
18.657016195,TRACKING,,0.000492737,1,0.000000000,0.000000000,0.050000010,0.000000000,0.000000000,0.050000000,-0.000000000,0.000000000,0.000000010,0.000000010,0.000000004
18.666943346,TRACKING,,0.000572286,1,0.000000000,0.000000000,0.050000010,0.000000000,0.000000000,0.050000000,-0.000000000,0.000000000,0.000000010,0.000000010,0.000000004
18.677216006,TRACKING,,0.002482678,1,0.000000000,0.000000000,0.050000010,0.000000000,0.000000000,0.050000000,-0.000000000,0.000000000,0.000000010,0.000000010,0.000000004
18.687670325,TRACKING,,0.000232714,1,0.000000000,0.000000000,0.050000010,0.000000000,0.000000000,0.050000000,-0.000000000,0.000000000,0.000000010,0.000000010,0.000000004
18.697770824,TRACKING,,0.000136542,1,0.000000000,0.000000000,0.050000010,0.000000000,0.000000000,0.050000000,-0.000000000,0.000000000,0.000000010,0.000000010,0.000000004
18.707771588,TRACKING,,0.002187036,1,0.000000000,0.000000000,0.050000010,0.000000000,0.000000000,0.050000000,-0.000000000,0.000000000,0.000000010,0.000000010,0.000000004
18.717882773,TRACKING,,0.000360944,1,0.000000000,0.000000000,0.050000010,0.000000000,0.000000000,0.050000000,-0.000000000,0.000000000,0.000000010,0.000000010,0.000000003
18.728003457,TRACKING,,0.000271896,1,0.000000000,0.000000000,0.050000010,0.000000000,0.000000000,0.050000000,-0.000000000,0.000000000,0.000000010,0.000000010,0.000000003
18.738026780,TRACKING,,0.000176911,1,0.000000000,0.000000000,0.050000010,0.000000000,0.000000000,0.050000000,-0.000000000,0.000000000,0.000000010,0.000000010,0.000000003
18.748031107,TRACKING,,0.002111048,1,0.000000000,0.000000000,0.050000010,0.000000000,0.000000000,0.050000000,-0.000000000,0.000000000,0.000000010,0.000000010,0.000000003
18.760629719,TRACKING,,0.002157354,1,0.000000000,0.000000000,0.050000010,0.000000000,0.000000000,0.050000000,-0.000000000,0.000000000,0.000000010,0.000000010,0.000000003
18.770467821,TRACKING,,0.001967383,1,0.000000000,0.000000000,0.050000010,0.000000000,0.000000000,0.050000000,-0.000000000,0.000000000,0.000000010,0.000000010,0.000000003
18.780620562,TRACKING,,0.001927014,1,0.000000000,0.000000000,0.050000010,0.000000000,0.000000000,0.050000000,-0.000000000,0.000000000,0.000000010,0.000000010,0.000000003
18.791496379,TRACKING,,0.000422685,1,0.000000000,0.000000000,0.050000010,0.000000000,0.000000000,0.050000000,-0.000000000,0.000000000,0.000000010,0.000000010,0.000000003
18.801504267,TRACKING,,0.001425967,1,0.000000000,0.000000000,0.050000010,0.000000000,0.000000000,0.050000000,-0.000000000,0.000000000,0.000000010,0.000000010,0.000000003
18.811617826,TRACKING,,0.000757508,1,0.000000000,0.000000000,0.050000010,0.000000000,0.000000000,0.050000000,-0.000000000,0.000000000,0.000000010,0.000000010,0.000000003
18.821777691,TRACKING,,0.000845369,1,0.000000000,0.000000000,0.050000010,0.000000000,0.000000000,0.050000000,-0.000000000,0.000000000,0.000000010,0.000000010,0.000000003
18.831969614,TRACKING,,0.000732574,1,0.000000000,0.000000000,0.050000010,0.000000000,0.000000000,0.050000000,-0.000000000,0.000000000,0.000000010,0.000000010,0.000000003
18.841775658,TRACKING,,0.000359757,1,0.000000000,0.000000000,0.050000010,0.000000000,0.000000000,0.050000000,-0.000000000,0.000000000,0.000000010,0.000000010,0.000000003
18.851795420,TRACKING,,0.000201844,1,0.000000000,0.000000000,0.050000010,0.000000000,0.000000000,0.050000000,-0.000000000,0.000000000,0.000000010,0.000000010,0.000000003
18.862116760,TRACKING,,0.000081925,1,0.000000000,0.000000000,0.050000010,0.000000000,0.000000000,0.050000000,-0.000000000,0.000000000,0.000000010,0.000000010,0.000000003
18.872316993,TRACKING,,0.000080738,1,0.000000000,0.000000000,0.050000010,0.000000000,0.000000000,0.050000000,-0.000000000,0.000000000,0.000000010,0.000000010,0.000000003
18.882450737,TRACKING,,0.000343135,1,0.000000000,0.000000000,0.050000010,0.000000000,0.000000000,0.050000000,-0.000000000,0.000000000,0.000000010,0.000000010,0.000000003
18.892544112,TRACKING,,0.000294454,1,0.000000000,0.000000000,0.050000010,0.000000000,0.000000000,0.050000000,-0.000000000,0.000000000,0.000000010,0.000000010,0.000000003
18.902569810,TRACKING,,0.000295642,1,0.000000000,0.000000000,0.050000010,0.000000000,0.000000000,0.050000000,-0.000000000,0.000000000,0.000000010,0.000000010,0.000000003
18.913539424,TRACKING,,0.003183194,1,0.000000000,0.000000000,0.050000010,0.000000000,0.000000000,0.050000000,-0.000000000,0.000000000,0.000000010,0.000000010,0.000000003
18.923560373,TRACKING,,0.001898519,1,0.000000000,0.000000000,0.050000010,0.000000000,0.000000000,0.050000000,-0.000000000,0.000000000,0.000000010,0.000000010,0.000000003
18.933507708,TRACKING,,0.001818968,1,0.000000000,0.000000000,0.050000010,0.000000000,0.000000000,0.050000000,-0.000000000,0.000000000,0.000000010,0.000000010,0.000000003
18.943641452,TRACKING,,0.001112516,1,0.000000000,0.000000000,0.050000010,0.000000000,0.000000000,0.050000000,-0.000000000,0.000000000,0.000000010,0.000000010,0.000000003
18.953741951,TRACKING,,0.000989035,1,0.000000000,0.000000000,0.050000010,0.000000000,0.000000000,0.050000000,-0.000000000,0.000000000,0.000000010,0.000000010,0.000000003
18.963740340,TRACKING,,0.000872678,1,0.000000000,0.000000000,0.050000010,0.000000000,0.000000000,0.050000000,-0.000000000,0.000000000,0.000000010,0.000000010,0.000000003
18.973818280,TRACKING,,0.001060273,1,0.000000000,0.000000000,0.050000010,0.000000000,0.000000000,0.050000000,-0.000000000,0.000000000,0.000000010,0.000000010,0.000000003
18.984475631,TRACKING,,0.002428062,1,0.000000000,0.000000000,0.050000010,0.000000000,0.000000000,0.050000000,-0.000000000,0.000000000,0.000000010,0.000000010,0.000000003
18.994589190,TRACKING,,0.001818968,1,0.000000000,0.000000000,0.050000010,0.000000000,0.000000000,0.050000000,-0.000000000,0.000000000,0.000000010,0.000000010,0.000000003
19.004687314,TRACKING,,0.001742981,1,0.000000000,0.000000000,0.050000010,0.000000000,0.000000000,0.050000000,-0.000000000,0.000000000,0.000000010,0.000000010,0.000000003
19.014614465,TRACKING,,0.001900893,1,0.000000000,0.000000000,0.050000010,0.000000000,0.000000000,0.050000000,-0.000000000,0.000000000,0.000000010,0.000000010,0.000000003
19.024687656,TRACKING,,0.001970945,1,0.000000000,0.000000000,0.050000010,0.000000000,0.000000000,0.050000000,-0.000000000,0.000000000,0.000000010,0.000000010,0.000000003
19.034845146,TRACKING,,0.001902081,1,0.000000000,0.000000000,0.050000010,0.000000000,0.000000000,0.050000000,-0.000000000,0.000000000,0.000000010,0.000000010,0.000000003
19.044981264,TRACKING,,0.001988755,1,0.000000000,0.000000000,0.050000010,0.000000000,0.000000000,0.050000000,-0.000000000,0.000000000,0.000000010,0.000000010,0.000000003
19.054853798,TRACKING,,0.001953135,1,0.000000000,0.000000000,0.050000010,0.000000000,0.000000000,0.050000000,-0.000000000,0.000000000,0.000000010,0.000000010,0.000000003
19.064919865,TRACKING,,0.001896144,1,0.000000000,0.000000000,0.050000010,0.000000000,0.000000000,0.050000000,-0.000000000,0.000000000,0.000000010,0.000000010,0.000000003
19.075022739,TRACKING,,0.001912767,1,0.000000000,0.000000000,0.050000010,0.000000000,0.000000000,0.050000000,-0.000000000,0.000000000,0.000000010,0.000000010,0.000000003
19.085192102,TRACKING,,0.001966195,1,0.000000000,0.000000000,0.050000010,0.000000000,0.000000000,0.050000000,-0.000000000,0.000000000,0.000000010,0.000000010,0.000000003
19.095375713,TRACKING,,0.001567258,1,0.000000000,0.000000000,0.050000010,0.000000000,0.000000000,0.050000000,-0.000000000,0.000000000,0.000000010,0.000000010,0.000000003
19.105375290,TRACKING,,0.001326232,1,0.000000000,0.000000000,0.050000010,0.000000000,0.000000000,0.050000000,-0.000000000,0.000000000,0.000000010,0.000000010,0.000000003
19.115485287,TRACKING,,0.001319108,1,0.000000000,0.000000000,0.050000004,0.000000000,0.000000000,0.050000000,-0.000000000,0.000000000,0.000000004,0.000000004,0.000000002
19.125493176,TRACKING,,0.001410531,1,0.000000000,0.000000000,0.049999999,0.000000000,0.000000000,0.050000000,-0.000000000,0.000000000,-0.000000001,0.000000001,0.000000006
19.135476130,TRACKING,,0.001396283,1,0.000000001,0.000000000,0.049999993,0.000000000,0.000000000,0.050000000,-0.000000001,0.000000000,-0.000000007,0.000000007,0.000000010
19.145653805,TRACKING,,0.001022279,1,0.000000001,0.000000000,0.049999989,0.000000000,0.000000000,0.050000000,-0.000000001,0.000000000,-0.000000011,0.000000011,0.000000013
19.155718684,TRACKING,,0.000970037,1,0.000000001,0.000000000,0.049999988,0.000000000,0.000000000,0.050000000,-0.000000001,0.000000000,-0.000000012,0.000000012,0.000000012
19.165689766,TRACKING,,0.001123201,1,0.000000000,0.000000000,0.049999990,0.000000000,0.000000000,0.050000000,-0.000000000,0.000000000,-0.000000010,0.000000010,0.000000009
19.175848443,TRACKING,,0.001396283,1,0.000000000,0.000000000,0.049999993,0.000000000,0.000000000,0.050000000,-0.000000000,0.000000000,-0.000000007,0.000000007,0.000000006
19.185910948,TRACKING,,0.001529263,1,0.000000000,0.000000000,0.049999994,0.000000000,0.000000000,0.050000000,-0.000000000,0.000000000,-0.000000006,0.000000006,0.000000004
19.195968703,TRACKING,,0.001494832,1,0.000000000,0.000000000,0.049999996,0.000000000,0.000000000,0.050000000,-0.000000000,0.000000000,-0.000000004,0.000000004,0.000000002
19.206076326,TRACKING,,0.001669366,1,0.000000000,0.000000000,0.049999996,0.000000000,0.000000000,0.050000000,-0.000000000,0.000000000,-0.000000004,0.000000004,0.000000002
19.216432098,TRACKING,,0.001672929,1,0.000000000,0.000000000,0.049999997,0.000000000,0.000000000,0.050000000,-0.000000000,0.000000000,-0.000000003,0.000000003,0.000000000
19.226628770,TRACKING,,0.001747729,1,0.000000000,0.000000000,0.049999999,0.000000000,0.000000000,0.050000000,-0.000000000,0.000000000,-0.000000001,0.000000001,0.000000001
19.236623597,TRACKING,,0.001602877,1,0.000000000,0.000000000,0.050000000,0.000000000,0.000000000,0.050000000,-0.000000000,0.000000000,-0.000000000,0.000000000,0.000000002
19.246826205,TRACKING,,0.002445871,1,-0.000000000,0.000000000,0.050000001,0.000000000,0.000000000,0.050000000,0.000000000,0.000000000,0.000000001,0.000000001,0.000000003
19.256834094,TRACKING,,0.002292708,1,-0.000000000,0.000000000,0.050000002,0.000000000,0.000000000,0.050000000,0.000000000,0.000000000,0.000000002,0.000000002,0.000000004
19.266847919,TRACKING,,0.002125296,1,-0.000000000,0.000000000,0.050000002,0.000000000,0.000000000,0.050000000,0.000000000,0.000000000,0.000000002,0.000000002,0.000000004
19.276880740,TRACKING,,0.002094426,1,-0.000000000,0.000000000,0.050000003,0.000000000,0.000000000,0.050000000,0.000000000,0.000000000,0.000000003,0.000000003,0.000000005
19.286924248,TRACKING,,0.001112515,1,-0.000000000,0.000000000,0.050000004,0.000000000,0.000000000,0.050000000,0.000000000,0.000000000,0.000000004,0.000000004,0.000000005
19.297239651,TRACKING,,0.000965288,1,-0.000000000,0.000000000,0.050000004,0.000000000,0.000000000,0.050000000,0.000000000,0.000000000,0.000000004,0.000000004,0.000000006
19.308155837,TRACKING,,0.001477021,1,-0.000000000,0.000000000,0.050000005,0.000000000,0.000000000,0.050000000,0.000000000,0.000000000,0.000000005,0.000000005,0.000000006
19.318124543,TRACKING,,0.001643245,1,-0.000000000,0.000000000,0.050000005,0.000000000,0.000000000,0.050000000,0.000000000,0.000000000,0.000000005,0.000000005,0.000000006
19.328223855,TRACKING,,0.000913046,1,-0.000000000,0.000000000,0.050000006,0.000000000,0.000000000,0.050000000,0.000000000,0.000000000,0.000000006,0.000000006,0.000000006
19.338148631,TRACKING,,0.000241025,1,-0.000000000,0.000000000,0.050000006,0.000000000,0.000000000,0.050000000,0.000000000,0.000000000,0.000000006,0.000000006,0.000000006
19.348464034,TRACKING,,0.002335451,1,-0.000000000,0.000000000,0.050000006,0.000000000,0.000000000,0.050000000,0.000000000,0.000000000,0.000000006,0.000000006,0.000000006
19.358481421,TRACKING,,0.002160915,1,-0.000000000,0.000000000,0.050000006,0.000000000,0.000000000,0.050000000,0.000000000,0.000000000,0.000000006,0.000000006,0.000000006
19.368515430,TRACKING,,0.001744167,1,-0.000000000,0.000000000,0.050000007,0.000000000,0.000000000,0.050000000,0.000000000,0.000000000,0.000000007,0.000000007,0.000000006
19.378459203,TRACKING,,0.001747729,1,0.000000000,0.000000000,0.050000001,0.000000000,0.000000000,0.050000000,-0.000000000,0.000000000,0.000000001,0.000000001,0.000000001
19.388514584,TRACKING,,0.001666992,1,0.000000000,0.000000000,0.049999996,0.000000000,0.000000000,0.050000000,-0.000000000,0.000000000,-0.000000004,0.000000004,0.000000003
19.398560467,TRACKING,,0.001722796,1,0.000000000,0.000000000,0.049999992,0.000000000,0.000000000,0.050000000,-0.000000000,0.000000000,-0.000000008,0.000000008,0.000000006
19.408659778,TRACKING,,0.001822530,1,0.000000001,0.000000000,0.049999988,0.000000000,0.000000000,0.050000000,-0.000000001,0.000000000,-0.000000012,0.000000012,0.000000009
19.418838640,TRACKING,,0.002026749,1,0.000000000,0.000000000,0.049999991,0.000000000,0.000000000,0.050000000,-0.000000000,0.000000000,-0.000000009,0.000000009,0.000000006
19.428917767,TRACKING,,0.001365413,1,0.000000000,0.000000000,0.049999993,0.000000000,0.000000000,0.050000000,-0.000000000,0.000000000,-0.000000007,0.000000007,0.000000004
19.438872226,TRACKING,,0.000949853,1,0.000000000,0.000000000,0.049999994,0.000000000,0.000000000,0.050000000,-0.000000000,0.000000000,-0.000000006,0.000000006,0.000000002
19.449024967,TRACKING,,0.000854867,1,0.000000000,0.000000000,0.049999996,0.000000000,0.000000000,0.050000000,-0.000000000,0.000000000,-0.000000004,0.000000004,0.000000000
19.459020982,TRACKING,,0.000658961,1,0.000000000,0.000000000,0.049999997,0.000000000,0.000000000,0.050000000,-0.000000000,0.000000000,-0.000000003,0.000000003,0.000000001
19.469167786,TRACKING,,0.000562787,1,0.000000000,0.000000000,0.049999998,0.000000000,0.000000000,0.050000000,-0.000000000,0.000000000,-0.000000002,0.000000002,0.000000002
19.479346648,TRACKING,,0.000593658,1,-0.000000000,0.000000000,0.049999999,0.000000000,0.000000000,0.050000000,0.000000000,0.000000000,-0.000000001,0.000000001,0.000000003
19.489320104,TRACKING,,0.000454742,1,-0.000000000,0.000000000,0.050000000,0.000000000,0.000000000,0.050000000,0.000000000,0.000000000,0.000000000,0.000000000,0.000000004
19.499384984,TRACKING,,0.000391815,1,-0.000000000,0.000000000,0.050000001,0.000000000,0.000000000,0.050000000,0.000000000,0.000000000,0.000000001,0.000000001,0.000000005
19.509458174,TRACKING,,0.000262396,1,-0.000000000,0.000000000,0.050000002,0.000000000,0.000000000,0.050000000,0.000000000,0.000000000,0.000000002,0.000000002,0.000000005
19.519431630,TRACKING,,0.000290893,1,-0.000000000,0.000000000,0.050000003,0.000000000,0.000000000,0.050000000,0.000000000,0.000000000,0.000000003,0.000000003,0.000000006
19.530484357,TRACKING,,0.003813660,1,-0.000000000,0.000000000,0.050000003,0.000000000,0.000000000,0.050000000,0.000000000,0.000000000,0.000000003,0.000000003,0.000000006
19.540530239,TRACKING,,0.001992316,1,-0.000000000,0.000000000,0.050000004,0.000000000,0.000000000,0.050000000,0.000000000,0.000000000,0.000000004,0.000000004,0.000000006
19.550611741,TRACKING,,0.001962633,1,-0.000000000,0.000000000,0.050000005,0.000000000,0.000000000,0.050000000,0.000000000,0.000000000,0.000000005,0.000000005,0.000000007
19.560603007,TRACKING,,0.001854588,1,-0.000000000,0.000000000,0.050000005,0.000000000,0.000000000,0.050000000,0.000000000,0.000000000,0.000000005,0.000000005,0.000000007
19.571077511,TRACKING,,0.000075988,1,-0.000000000,0.000000000,0.050000005,0.000000000,0.000000000,0.050000000,0.000000000,0.000000000,0.000000005,0.000000005,0.000000007
19.581226689,TRACKING,,0.000022559,1,-0.000000000,0.000000000,0.050000005,0.000000000,0.000000000,0.050000000,0.000000000,0.000000000,0.000000005,0.000000005,0.000000007
19.591202520,TRACKING,,0.001281114,1,-0.000000000,0.000000000,0.050000006,0.000000000,0.000000000,0.050000000,0.000000000,0.000000000,0.000000006,0.000000006,0.000000007
19.601206846,TRACKING,,0.001313172,1,-0.000000000,0.000000000,0.050000006,0.000000000,0.000000000,0.050000000,0.000000000,0.000000000,0.000000006,0.000000006,0.000000007
19.611369086,TRACKING,,0.001402220,1,-0.000000000,0.000000000,0.050000007,0.000000000,0.000000000,0.050000000,0.000000000,0.000000000,0.000000007,0.000000007,0.000000007
19.621350853,TRACKING,,0.001283489,1,-0.000000000,0.000000000,0.050000004,0.000000000,0.000000000,0.050000000,0.000000000,0.000000000,0.000000004,0.000000004,0.000000004
19.631515467,TRACKING,,0.001556572,1,0.000000000,0.000000000,0.049999999,0.000000000,0.000000000,0.050000000,-0.000000000,0.000000000,-0.000000001,0.000000001,0.000000000
19.641530479,TRACKING,,0.001530451,1,0.000000000,0.000000000,0.049999993,0.000000000,0.000000000,0.050000000,-0.000000000,0.000000000,-0.000000007,0.000000007,0.000000005
19.651568050,TRACKING,,0.001556571,1,0.000000000,0.000000000,0.049999989,0.000000000,0.000000000,0.050000000,-0.000000000,0.000000000,-0.000000011,0.000000011,0.000000008
19.661713667,TRACKING,,0.001221749,1,0.000000000,0.000000000,0.049999990,0.000000000,0.000000000,0.050000000,-0.000000000,0.000000000,-0.000000010,0.000000010,0.000000007
19.671772610,TRACKING,,0.001241933,1,0.000000000,0.000000000,0.049999992,0.000000000,0.000000000,0.050000000,-0.000000000,0.000000000,-0.000000008,0.000000008,0.000000004
19.681844614,TRACKING,,0.001233621,1,0.000000000,0.000000000,0.049999994,0.000000000,0.000000000,0.050000000,-0.000000000,0.000000000,-0.000000006,0.000000006,0.000000002
19.691879810,TRACKING,,0.001130325,1,0.000000000,0.000000000,0.049999995,0.000000000,0.000000000,0.050000000,-0.000000000,0.000000000,-0.000000005,0.000000005,0.000000000
19.702019490,TRACKING,,0.001047213,1,0.000000000,0.000000000,0.049999997,0.000000000,0.000000000,0.050000000,-0.000000000,0.000000000,-0.000000003,0.000000003,0.000000001
19.712009569,TRACKING,,0.000943917,1,0.000000000,0.000000000,0.049999998,0.000000000,0.000000000,0.050000000,-0.000000000,0.000000000,-0.000000002,0.000000002,0.000000002
19.722136189,TRACKING,,0.000923732,1,-0.000000000,0.000000000,0.049999999,0.000000000,0.000000000,0.050000000,0.000000000,0.000000000,-0.000000001,0.000000001,0.000000003
19.732144077,TRACKING,,0.000954602,1,-0.000000000,0.000000000,0.050000000,0.000000000,0.000000000,0.050000000,0.000000000,0.000000000,-0.000000000,0.000000000,0.000000004
19.742219642,TRACKING,,0.001075708,1,-0.000000000,0.000000000,0.050000000,0.000000000,0.000000000,0.050000000,0.000000000,0.000000000,-0.000000000,0.000000000,0.000000004
19.752353386,TRACKING,,0.000832308,1,-0.000000000,0.000000000,0.050000001,0.000000000,0.000000000,0.050000000,0.000000000,0.000000000,0.000000001,0.000000001,0.000000005
19.762462196,TRACKING,,0.000832309,1,-0.000000000,0.000000000,0.050000002,0.000000000,0.000000000,0.050000000,0.000000000,0.000000000,0.000000002,0.000000002,0.000000005
19.772508079,TRACKING,,0.000699329,1,-0.000000000,0.000000000,0.050000003,0.000000000,0.000000000,0.050000000,0.000000000,0.000000000,0.000000003,0.000000003,0.000000006
19.782504094,TRACKING,,0.000726637,1,-0.000000000,0.000000000,0.050000003,0.000000000,0.000000000,0.050000000,0.000000000,0.000000000,0.000000003,0.000000003,0.000000006
19.792627152,TRACKING,,0.000713577,1,-0.000000000,0.000000000,0.050000004,0.000000000,0.000000000,0.050000000,0.000000000,0.000000000,0.000000004,0.000000004,0.000000006
19.802730025,TRACKING,,0.001152884,1,-0.000000000,0.000000000,0.050000004,0.000000000,0.000000000,0.050000000,0.000000000,0.000000000,0.000000004,0.000000004,0.000000006
19.812831711,TRACKING,,0.000994971,1,-0.000000000,0.000000000,0.050000005,0.000000000,0.000000000,0.050000000,0.000000000,0.000000000,0.000000005,0.000000005,0.000000006
19.822770735,TRACKING,,0.000776505,1,-0.000000000,0.000000000,0.050000005,0.000000000,0.000000000,0.050000000,0.000000000,0.000000000,0.000000005,0.000000005,0.000000006
19.832890231,TRACKING,,0.000619779,1,-0.000000000,0.000000000,0.050000006,0.000000000,0.000000000,0.050000000,0.000000000,0.000000000,0.000000006,0.000000006,0.000000006
19.845562457,TRACKING,,0.004663778,1,-0.000000000,0.000000000,0.050000006,0.000000000,0.000000000,0.050000000,0.000000000,0.000000000,0.000000006,0.000000006,0.000000006
19.855558472,TRACKING,,0.001848652,1,-0.000000000,0.000000000,0.050000006,0.000000000,0.000000000,0.050000000,0.000000000,0.000000000,0.000000006,0.000000006,0.000000006
19.865726648,TRACKING,,0.001548260,1,-0.000000000,0.000000000,0.050000005,0.000000000,0.000000000,0.050000000,0.000000000,0.000000000,0.000000005,0.000000005,0.000000005
19.875708415,TRACKING,,0.000699329,1,0.000000000,0.000000000,0.050000000,0.000000000,0.000000000,0.050000000,-0.000000000,0.000000000,-0.000000000,0.000000000,0.000000000
19.885934770,TRACKING,,0.003145201,1,0.000000000,0.000000000,0.049999995,0.000000000,0.000000000,0.050000000,-0.000000000,0.000000000,-0.000000005,0.000000005,0.000000004
19.895889228,TRACKING,,0.001091144,1,0.000000000,0.000000000,0.049999990,0.000000000,0.000000000,0.050000000,-0.000000000,0.000000000,-0.000000010,0.000000010,0.000000008
19.906033658,TRACKING,,0.000017810,1,0.000000000,0.000000000,0.049999991,0.000000000,0.000000000,0.050000000,-0.000000000,0.000000000,-0.000000009,0.000000009,0.000000006
19.916156716,TRACKING,,0.002444684,1,0.000000000,0.000000000,0.049999992,0.000000000,0.000000000,0.050000000,-0.000000000,0.000000000,-0.000000008,0.000000008,0.000000004
19.926096927,TRACKING,,0.002119359,1,0.000000000,0.000000000,0.049999994,0.000000000,0.000000000,0.050000000,-0.000000000,0.000000000,-0.000000006,0.000000006,0.000000002
19.936173679,TRACKING,,0.001250244,1,0.000000000,0.000000000,0.049999996,0.000000000,0.000000000,0.050000000,-0.000000000,0.000000000,-0.000000004,0.000000004,0.000000001
19.946319296,TRACKING,,0.001202751,1,0.000000000,0.000000000,0.049999997,0.000000000,0.000000000,0.050000000,-0.000000000,0.000000000,-0.000000003,0.000000003,0.000000001
19.956272568,TRACKING,,0.001183754,1,0.000000000,0.000000000,0.049999998,0.000000000,0.000000000,0.050000000,-0.000000000,0.000000000,-0.000000002,0.000000002,0.000000002
19.966392064,TRACKING,,0.001921078,1,0.000000000,0.000000000,0.049999998,0.000000000,0.000000000,0.050000000,-0.000000000,0.000000000,-0.000000002,0.000000002,0.000000002
19.976497312,TRACKING,,0.001264492,1,-0.000000000,0.000000000,0.049999999,0.000000000,0.000000000,0.050000000,0.000000000,0.000000000,-0.000000001,0.000000001,0.000000003
19.987570223,TRACKING,,0.004659028,1,-0.000000000,0.000000000,0.050000000,0.000000000,0.000000000,0.050000000,0.000000000,0.000000000,0.000000000,0.000000000,0.000000004
19.997462941,TRACKING,,0.001993504,1,-0.000000000,0.000000000,0.050000001,0.000000000,0.000000000,0.050000000,0.000000000,0.000000000,0.000000001,0.000000001,0.000000004
20.007608558,TRACKING,,0.002068304,1,-0.000000000,0.000000000,0.050000002,0.000000000,0.000000000,0.050000000,0.000000000,0.000000000,0.000000002,0.000000002,0.000000005
20.017748238,TRACKING,,0.001959071,1,-0.000000000,0.000000000,0.050000003,0.000000000,0.000000000,0.050000000,0.000000000,0.000000000,0.000000003,0.000000003,0.000000005
20.030526135,TRACKING,,0.004780134,1,-0.000000000,0.000000000,0.050000003,0.000000000,0.000000000,0.050000000,0.000000000,0.000000000,0.000000003,0.000000003,0.000000006
20.040468721,TRACKING,,0.001824905,1,-0.000000000,0.000000000,0.050000004,0.000000000,0.000000000,0.050000000,0.000000000,0.000000000,0.000000004,0.000000004,0.000000006
20.050581093,TRACKING,,0.001683614,1,-0.000000000,0.000000000,0.050000005,0.000000000,0.000000000,0.050000000,0.000000000,0.000000000,0.000000005,0.000000005,0.000000006
20.060643597,TRACKING,,0.001198002,1,-0.000000000,0.000000000,0.050000005,0.000000000,0.000000000,0.050000000,0.000000000,0.000000000,0.000000005,0.000000005,0.000000006
20.070697791,TRACKING,,0.001162383,1,-0.000000000,0.000000000,0.050000005,0.000000000,0.000000000,0.050000000,0.000000000,0.000000000,0.000000005,0.000000005,0.000000006
20.080730613,TRACKING,,0.000989034,1,-0.000000000,0.000000000,0.050000006,0.000000000,0.000000000,0.050000000,0.000000000,0.000000000,0.000000006,0.000000006,0.000000006
20.090797867,TRACKING,,0.000850118,1,-0.000000000,0.000000000,0.050000006,0.000000000,0.000000000,0.050000000,0.000000000,0.000000000,0.000000006,0.000000006,0.000000006
20.100920924,TRACKING,,0.000879802,1,-0.000000000,0.000000000,0.050000007,0.000000000,0.000000000,0.050000000,0.000000000,0.000000000,0.000000007,0.000000007,0.000000006
20.110998864,TRACKING,,0.000730200,1,-0.000000000,0.000000000,0.050000004,0.000000000,0.000000000,0.050000000,0.000000000,0.000000000,0.000000004,0.000000004,0.000000003
20.121096988,TRACKING,,0.001114890,1,0.000000000,0.000000000,0.049999999,0.000000000,0.000000000,0.050000000,-0.000000000,0.000000000,-0.000000001,0.000000001,0.000000001
20.131325717,TRACKING,,0.001137449,1,0.000000000,0.000000000,0.049999994,0.000000000,0.000000000,0.050000000,-0.000000000,0.000000000,-0.000000006,0.000000006,0.000000005
20.141395346,TRACKING,,0.001370163,1,0.000000000,0.000000000,0.049999990,0.000000000,0.000000000,0.050000000,-0.000000000,0.000000000,-0.000000010,0.000000011,0.000000008
20.151337932,TRACKING,,0.001447338,1,0.000000000,0.000000000,0.049999990,0.000000000,0.000000000,0.050000000,-0.000000000,0.000000000,-0.000000010,0.000000010,0.000000007
20.161422995,TRACKING,,0.001409344,1,0.000000000,0.000000000,0.049999992,0.000000000,0.000000000,0.050000000,-0.000000000,0.000000000,-0.000000008,0.000000008,0.000000004
20.171491437,TRACKING,,0.001548260,1,0.000000000,0.000000000,0.049999992,0.000000000,0.000000000,0.050000000,-0.000000000,0.000000000,-0.000000008,0.000000008,0.000000004
20.181525446,TRACKING,,0.000702891,1,0.000000000,0.000000000,0.049999994,0.000000000,0.000000000,0.050000000,-0.000000000,0.000000000,-0.000000006,0.000000006,0.000000002
20.191491778,TRACKING,,0.000518857,1,0.000000000,0.000000000,0.049999996,0.000000000,0.000000000,0.050000000,-0.000000000,0.000000000,-0.000000004,0.000000004,0.000000001
20.201554283,TRACKING,,0.000508172,1,0.000000000,0.000000000,0.049999997,0.000000000,0.000000000,0.050000000,-0.000000000,0.000000000,-0.000000003,0.000000003,0.000000001
20.211710585,TRACKING,,0.001270429,1,-0.000000000,0.000000000,0.049999998,0.000000000,0.000000000,0.050000000,0.000000000,0.000000000,-0.000000002,0.000000002,0.000000002
20.221836018,TRACKING,,0.001325045,1,-0.000000000,0.000000000,0.049999999,0.000000000,0.000000000,0.050000000,0.000000000,0.000000000,-0.000000001,0.000000001,0.000000003
20.231843906,TRACKING,,0.001300111,1,-0.000000000,0.000000000,0.050000000,0.000000000,0.000000000,0.050000000,0.000000000,0.000000000,0.000000000,0.000000000,0.000000004
20.241937281,TRACKING,,0.001245494,1,-0.000000000,0.000000000,0.050000001,0.000000000,0.000000000,0.050000000,0.000000000,0.000000000,0.000000001,0.000000001,0.000000004
20.252036592,TRACKING,,0.001209875,1,-0.000000000,0.000000000,0.050000002,0.000000000,0.000000000,0.050000000,0.000000000,0.000000000,0.000000002,0.000000002,0.000000005
20.262107408,TRACKING,,0.001056711,1,-0.000000000,0.000000000,0.050000003,0.000000000,0.000000000,0.050000000,0.000000000,0.000000000,0.000000003,0.000000003,0.000000005
20.272171100,TRACKING,,0.000979536,1,-0.000000000,0.000000000,0.050000003,0.000000000,0.000000000,0.050000000,0.000000000,0.000000000,0.000000003,0.000000003,0.000000005
20.282224106,TRACKING,,0.001013968,1,-0.000000000,0.000000000,0.050000004,0.000000000,0.000000000,0.050000000,0.000000000,0.000000000,0.000000004,0.000000004,0.000000006
20.292242680,TRACKING,,0.000937980,1,-0.000000000,0.000000000,0.050000004,0.000000000,0.000000000,0.050000000,0.000000000,0.000000000,0.000000004,0.000000004,0.000000006
20.302360989,TRACKING,,0.000865553,1,-0.000000000,0.000000000,0.050000005,0.000000000,0.000000000,0.050000000,0.000000000,0.000000000,0.000000005,0.000000005,0.000000006
20.312410433,TRACKING,,0.000911859,1,-0.000000000,0.000000000,0.050000005,0.000000000,0.000000000,0.050000000,0.000000000,0.000000000,0.000000005,0.000000005,0.000000006
20.322366079,TRACKING,,0.000983098,1,-0.000000000,0.000000000,0.050000006,0.000000000,0.000000000,0.050000000,0.000000000,0.000000000,0.000000006,0.000000006,0.000000006
20.332459454,TRACKING,,0.001057899,1,-0.000000000,0.000000000,0.050000006,0.000000000,0.000000000,0.050000000,0.000000000,0.000000000,0.000000006,0.000000006,0.000000006
20.342597947,TRACKING,,0.001155259,1,-0.000000000,0.000000000,0.050000006,0.000000000,0.000000000,0.050000000,0.000000000,0.000000000,0.000000006,0.000000006,0.000000006
20.352734065,TRACKING,,0.000978349,1,-0.000000000,0.000000000,0.050000007,0.000000000,0.000000000,0.050000000,0.000000000,0.000000000,0.000000007,0.000000007,0.000000006
20.362713458,TRACKING,,0.000844182,1,-0.000000000,0.000000000,0.050000004,0.000000000,0.000000000,0.050000000,0.000000000,0.000000000,0.000000004,0.000000004,0.000000003
20.373275823,TRACKING,,0.001347604,1,0.000000000,0.000000000,0.049999999,0.000000000,0.000000000,0.050000000,-0.000000000,0.000000000,-0.000000001,0.000000001,0.000000001
20.384078026,TRACKING,,0.004510614,1,0.000000000,0.000000000,0.049999994,0.000000000,0.000000000,0.050000000,-0.000000000,0.000000000,-0.000000006,0.000000006,0.000000005
20.393842514,TRACKING,,0.000021372,1,0.000000000,0.000000000,0.049999990,0.000000000,0.000000000,0.050000000,-0.000000000,0.000000000,-0.000000010,0.000000010,0.000000009
20.404022563,TRACKING,,0.002056431,1,0.000000000,0.000000000,0.049999989,0.000000000,0.000000000,0.050000000,-0.000000000,0.000000000,-0.000000011,0.000000011,0.000000008
20.414019765,TRACKING,,0.001281114,1,0.000000000,0.000000000,0.049999991,0.000000000,0.000000000,0.050000000,-0.000000000,0.000000000,-0.000000009,0.000000009,0.000000005
20.424100080,TRACKING,,0.001085207,1,0.000000000,0.000000000,0.049999993,0.000000000,0.000000000,0.050000000,-0.000000000,0.000000000,-0.000000007,0.000000007,0.000000003
20.434188705,TRACKING,,0.000892862,1,0.000000000,0.000000000,0.049999995,0.000000000,0.000000000,0.050000000,-0.000000000,0.000000000,-0.000000005,0.000000005,0.000000002
20.444935104,TRACKING,,0.003987007,1,0.000000000,0.000000000,0.049999995,0.000000000,0.000000000,0.050000000,-0.000000000,0.000000000,-0.000000005,0.000000005,0.000000002
20.455041539,TRACKING,,0.000021372,1,0.000000000,0.000000000,0.049999996,0.000000000,0.000000000,0.050000000,-0.000000000,0.000000000,-0.000000004,0.000000004,0.000000000
20.464994811,TRACKING,,0.000184034,1,0.000000000,0.000000000,0.049999997,0.000000000,0.000000000,0.050000000,-0.000000000,0.000000000,-0.000000003,0.000000003,0.000000001
20.475192670,TRACKING,,0.000289705,1,-0.000000000,0.000000000,0.049999999,0.000000000,0.000000000,0.050000000,0.000000000,0.000000000,-0.000000001,0.000000001,0.000000002
20.485598309,TRACKING,,0.001864086,1,-0.000000000,0.000000000,0.050000000,0.000000000,0.000000000,0.050000000,0.000000000,0.000000000,0.000000000,0.000000000,0.000000003
20.495515961,TRACKING,,0.001718046,1,-0.000000000,0.000000000,0.050000001,0.000000000,0.000000000,0.050000000,0.000000000,0.000000000,0.000000001,0.000000001,0.000000004
20.505509601,TRACKING,,0.001929389,1,-0.000000000,0.000000000,0.050000002,0.000000000,0.000000000,0.050000000,0.000000000,0.000000000,0.000000002,0.000000002,0.000000005
20.515594665,TRACKING,,0.001805908,1,-0.000000000,0.000000000,0.050000003,0.000000000,0.000000000,0.050000000,0.000000000,0.000000000,0.000000003,0.000000003,0.000000005
20.525711786,TRACKING,,0.001972132,1,-0.000000000,0.000000000,0.050000003,0.000000000,0.000000000,0.050000000,0.000000000,0.000000000,0.000000003,0.000000003,0.000000005
20.535739859,TRACKING,,0.001948386,1,-0.000000000,0.000000000,0.050000004,0.000000000,0.000000000,0.050000000,0.000000000,0.000000000,0.000000004,0.000000004,0.000000006
20.545861729,TRACKING,,0.001968570,1,-0.000000000,0.000000000,0.050000004,0.000000000,0.000000000,0.050000000,0.000000000,0.000000000,0.000000004,0.000000004,0.000000006
20.555902862,TRACKING,,0.001839153,1,-0.000000000,0.000000000,0.050000005,0.000000000,0.000000000,0.050000000,0.000000000,0.000000000,0.000000005,0.000000005,0.000000006
20.565981989,TRACKING,,0.001873585,1,-0.000000000,0.000000000,0.050000005,0.000000000,0.000000000,0.050000000,0.000000000,0.000000000,0.000000005,0.000000005,0.000000006
20.576088425,TRACKING,,0.001702612,1,-0.000000000,0.000000000,0.050000005,0.000000000,0.000000000,0.050000000,0.000000000,0.000000000,0.000000005,0.000000005,0.000000006
20.586076129,TRACKING,,0.001353540,1,-0.000000000,0.000000000,0.050000006,0.000000000,0.000000000,0.050000000,0.000000000,0.000000000,0.000000006,0.000000006,0.000000006
20.596215809,TRACKING,,0.001253806,1,-0.000000000,0.000000000,0.050000006,0.000000000,0.000000000,0.050000000,0.000000000,0.000000000,0.000000006,0.000000006,0.000000006
20.606217760,TRACKING,,0.001406970,1,-0.000000000,0.000000000,0.050000006,0.000000000,0.000000000,0.050000000,0.000000000,0.000000000,0.000000006,0.000000006,0.000000006
20.616359815,TRACKING,,0.001374912,1,-0.000000000,0.000000000,0.050000007,0.000000000,0.000000000,0.050000000,0.000000000,0.000000000,0.000000007,0.000000007,0.000000006
20.626511369,TRACKING,,0.001378474,1,-0.000000000,0.000000000,0.050000006,0.000000000,0.000000000,0.050000000,0.000000000,0.000000000,0.000000006,0.000000006,0.000000004
20.636509758,TRACKING,,0.000999720,1,0.000000000,0.000000000,0.049999999,0.000000000,0.000000000,0.050000000,-0.000000000,0.000000000,-0.000000001,0.000000001,0.000000002
20.646680309,TRACKING,,0.001116077,1,0.000000000,0.000000000,0.049999995,0.000000000,0.000000000,0.050000000,-0.000000000,0.000000000,-0.000000005,0.000000005,0.000000005
20.656675136,TRACKING,,0.000159100,1,0.000000000,0.000000000,0.049999989,0.000000000,0.000000000,0.050000000,-0.000000000,0.000000000,-0.000000011,0.000000011,0.000000009
20.666684212,TRACKING,,0.000097360,1,0.000000000,0.000000000,0.049999991,0.000000000,0.000000000,0.050000000,-0.000000000,0.000000000,-0.000000009,0.000000009,0.000000007
20.676858324,TRACKING,,0.000066490,1,0.000000000,0.000000000,0.049999993,0.000000000,0.000000000,0.050000000,-0.000000000,0.000000000,-0.000000007,0.000000007,0.000000005
20.686986131,TRACKING,,0.000122293,1,0.000000000,0.000000000,0.049999995,0.000000000,0.000000000,0.050000000,-0.000000000,0.000000000,-0.000000005,0.000000005,0.000000003
20.696919219,TRACKING,,0.000185221,1,0.000000000,0.000000000,0.049999995,0.000000000,0.000000000,0.050000000,-0.000000000,0.000000000,-0.000000005,0.000000005,0.000000003
20.707036340,TRACKING,,0.000130605,1,0.000000000,0.000000000,0.049999996,0.000000000,0.000000000,0.050000000,-0.000000000,0.000000000,-0.000000004,0.000000004,0.000000001
20.717146337,TRACKING,,0.002544419,1,0.000000000,0.000000000,0.049999997,0.000000000,0.000000000,0.050000000,-0.000000000,0.000000000,-0.000000003,0.000000003,0.000000000
20.727348945,TRACKING,,0.002505238,1,-0.000000000,0.000000000,0.049999999,0.000000000,0.000000000,0.050000000,0.000000000,0.000000000,-0.000000001,0.000000001,0.000000001
20.737343773,TRACKING,,0.002425687,1,-0.000000000,0.000000000,0.050000000,0.000000000,0.000000000,0.050000000,0.000000000,0.000000000,-0.000000000,0.000000000,0.000000002
20.747471580,TRACKING,,0.000026121,1,-0.000000000,0.000000000,0.050000001,0.000000000,0.000000000,0.050000000,0.000000000,0.000000000,0.000000001,0.000000001,0.000000003
20.757449785,TRACKING,,0.001471085,1,-0.000000000,0.000000000,0.050000002,0.000000000,0.000000000,0.050000000,0.000000000,0.000000000,0.000000002,0.000000002,0.000000004
20.767556221,TRACKING,,0.001222936,1,-0.000000000,0.000000000,0.050000002,0.000000000,0.000000000,0.050000000,0.000000000,0.000000000,0.000000002,0.000000002,0.000000004
20.777494057,TRACKING,,0.001320296,1,-0.000000000,0.000000000,0.050000003,0.000000000,0.000000000,0.050000000,0.000000000,0.000000000,0.000000003,0.000000003,0.000000005
20.787636112,TRACKING,,0.001289425,1,-0.000000000,0.000000000,0.050000004,0.000000000,0.000000000,0.050000000,0.000000000,0.000000000,0.000000004,0.000000004,0.000000005
20.797754421,TRACKING,,0.001184941,1,-0.000000000,0.000000000,0.050000004,0.000000000,0.000000000,0.050000000,0.000000000,0.000000000,0.000000004,0.000000004,0.000000005
20.807756372,TRACKING,,0.001315546,1,-0.000000000,0.000000000,0.050000005,0.000000000,0.000000000,0.050000000,0.000000000,0.000000000,0.000000005,0.000000005,0.000000005
20.817773759,TRACKING,,0.001462774,1,-0.000000000,0.000000000,0.050000005,0.000000000,0.000000000,0.050000000,0.000000000,0.000000000,0.000000005,0.000000005,0.000000005
20.827861197,TRACKING,,0.001491269,1,-0.000000000,0.000000000,0.050000005,0.000000000,0.000000000,0.050000000,0.000000000,0.000000000,0.000000005,0.000000005,0.000000005
20.837984255,TRACKING,,0.001649182,1,-0.000000000,0.000000000,0.050000006,0.000000000,0.000000000,0.050000000,0.000000000,0.000000000,0.000000006,0.000000006,0.000000005
20.848075255,TRACKING,,0.001139824,1,-0.000000000,0.000000000,0.050000006,0.000000000,0.000000000,0.050000000,0.000000000,0.000000000,0.000000006,0.000000006,0.000000005
20.858143696,TRACKING,,0.001040089,1,-0.000000000,0.000000000,0.050000006,0.000000000,0.000000000,0.050000000,0.000000000,0.000000000,0.000000006,0.000000006,0.000000005
20.868341555,TRACKING,,0.001027029,1,-0.000000000,0.000000000,0.050000005,0.000000000,0.000000000,0.050000000,0.000000000,0.000000000,0.000000005,0.000000005,0.000000004
20.878341132,TRACKING,,0.000813312,1,0.000000000,0.000000000,0.050000000,0.000000000,0.000000000,0.050000000,-0.000000000,0.000000000,0.000000000,0.000000000,0.000000001
20.888364455,TRACKING,,0.000604344,1,0.000000000,0.000000000,0.049999995,0.000000000,0.000000000,0.050000000,-0.000000000,0.000000000,-0.000000005,0.000000005,0.000000005
20.898377092,TRACKING,,0.000403688,1,0.000000000,0.000000000,0.049999991,0.000000000,0.000000000,0.050000000,-0.000000000,0.000000000,-0.000000009,0.000000009,0.000000008
20.908468093,TRACKING,,0.000991409,1,0.000000000,0.000000000,0.049999989,0.000000000,0.000000000,0.050000000,-0.000000000,0.000000000,-0.000000011,0.000000011,0.000000009
20.918489041,TRACKING,,0.000884551,1,0.000000000,0.000000000,0.049999991,0.000000000,0.000000000,0.050000000,-0.000000000,0.000000000,-0.000000009,0.000000009,0.000000006
20.928557482,TRACKING,,0.000681519,1,0.000000000,0.000000000,0.049999993,0.000000000,0.000000000,0.050000000,-0.000000000,0.000000000,-0.000000007,0.000000007,0.000000004
20.938680540,TRACKING,,0.000742072,1,0.000000000,0.000000000,0.049999994,0.000000000,0.000000000,0.050000000,-0.000000000,0.000000000,-0.000000006,0.000000006,0.000000003
20.948758480,TRACKING,,0.000699329,1,0.000000000,0.000000000,0.049999996,0.000000000,0.000000000,0.050000000,-0.000000000,0.000000000,-0.000000004,0.000000004,0.000000001
20.958816235,TRACKING,,0.000542604,1,0.000000000,0.000000000,0.049999997,0.000000000,0.000000000,0.050000000,-0.000000000,0.000000000,-0.000000003,0.000000003,0.000000000
20.968822936,TRACKING,,0.000763444,1,-0.000000000,0.000000000,0.049999998,0.000000000,0.000000000,0.050000000,0.000000000,0.000000000,-0.000000002,0.000000002,0.000000001
20.978886628,TRACKING,,0.000897611,1,-0.000000000,0.000000000,0.049999999,0.000000000,0.000000000,0.050000000,0.000000000,0.000000000,-0.000000001,0.000000001,0.000000002
20.988997812,TRACKING,,0.003462214,1,-0.000000000,0.000000000,0.049999999,0.000000000,0.000000000,0.050000000,0.000000000,0.000000000,-0.000000001,0.000000001,0.000000002
20.999141054,TRACKING,,0.001424779,1,-0.000000000,0.000000000,0.050000001,0.000000000,0.000000000,0.050000000,0.000000000,0.000000000,0.000000001,0.000000001,0.000000003
21.009191686,TRACKING,,0.002054057,1,-0.000000000,0.000000000,0.050000002,0.000000000,0.000000000,0.050000000,0.000000000,0.000000000,0.000000002,0.000000002,0.000000004
21.019326617,TRACKING,,0.002046933,1,-0.000000000,0.000000000,0.050000002,0.000000000,0.000000000,0.050000000,0.000000000,0.000000000,0.000000002,0.000000002,0.000000004
21.031231836,TRACKING,,0.001728732,1,-0.000000000,0.000000000,0.050000003,0.000000000,0.000000000,0.050000000,0.000000000,0.000000000,0.000000003,0.000000003,0.000000005
21.039348329,TRACKING,,0.002236904,1,-0.000000000,0.000000000,0.050000004,0.000000000,0.000000000,0.050000000,0.000000000,0.000000000,0.000000004,0.000000004,0.000000005
21.049394211,TRACKING,,0.001905642,1,-0.000000000,0.000000000,0.050000004,0.000000000,0.000000000,0.050000000,0.000000000,0.000000000,0.000000004,0.000000004,0.000000005
21.059377166,TRACKING,,0.001989942,1,-0.000000000,0.000000000,0.050000005,0.000000000,0.000000000,0.050000000,0.000000000,0.000000000,0.000000005,0.000000005,0.000000005
21.069539405,TRACKING,,0.002082552,1,-0.000000000,0.000000000,0.050000005,0.000000000,0.000000000,0.050000000,0.000000000,0.000000000,0.000000005,0.000000005,0.000000005
21.079499800,TRACKING,,0.001826092,1,-0.000000000,0.000000000,0.050000006,0.000000000,0.000000000,0.050000000,0.000000000,0.000000000,0.000000006,0.000000006,0.000000005
21.089609798,TRACKING,,0.002165665,1,-0.000000000,0.000000000,0.050000006,0.000000000,0.000000000,0.050000000,0.000000000,0.000000000,0.000000006,0.000000006,0.000000005
21.099699611,TRACKING,,0.002162103,1,-0.000000000,0.000000000,0.050000006,0.000000000,0.000000000,0.050000000,0.000000000,0.000000000,0.000000006,0.000000006,0.000000005
21.111521718,TRACKING,,0.000429808,1,-0.000000000,0.000000000,0.050000007,0.000000000,0.000000000,0.050000000,0.000000000,0.000000000,0.000000007,0.000000007,0.000000005
21.121442932,TRACKING,,0.002004190,1,-0.000000000,0.000000000,0.050000007,0.000000000,0.000000000,0.050000000,0.000000000,0.000000000,0.000000007,0.000000007,0.000000005
21.131556491,TRACKING,,0.000598407,1,0.000000000,0.000000000,0.050000001,0.000000000,0.000000000,0.050000000,-0.000000000,0.000000000,0.000000001,0.000000001,0.000000000
21.141562004,TRACKING,,0.000540228,1,0.000000000,0.000000000,0.049999996,0.000000000,0.000000000,0.050000000,-0.000000000,0.000000000,-0.000000004,0.000000004,0.000000005
21.151690999,TRACKING,,0.000657773,1,0.000000000,0.000000000,0.049999991,0.000000000,0.000000000,0.050000000,-0.000000000,0.000000000,-0.000000009,0.000000009,0.000000008
21.161777249,TRACKING,,0.000464241,1,0.000000001,0.000000000,0.049999987,0.000000000,0.000000000,0.050000000,-0.000000001,0.000000000,-0.000000013,0.000000013,0.000000011
21.171852814,TRACKING,,0.000517670,1,0.000000001,0.000000000,0.049999986,0.000000000,0.000000000,0.050000000,-0.000000001,0.000000000,-0.000000014,0.000000014,0.000000011
21.181838144,TRACKING,,0.000423872,1,0.000000000,0.000000000,0.049999989,0.000000000,0.000000000,0.050000000,-0.000000000,0.000000000,-0.000000011,0.000000011,0.000000007
21.191968325,TRACKING,,0.000340760,1,0.000000000,0.000000000,0.049999991,0.000000000,0.000000000,0.050000000,-0.000000000,0.000000000,-0.000000009,0.000000009,0.000000005
21.202128190,TRACKING,,0.000106858,1,0.000000000,0.000000000,0.049999993,0.000000000,0.000000000,0.050000000,-0.000000000,0.000000000,-0.000000007,0.000000007,0.000000003
21.212189507,TRACKING,,0.000104483,1,0.000000000,0.000000000,0.049999994,0.000000000,0.000000000,0.050000000,-0.000000000,0.000000000,-0.000000006,0.000000006,0.000000001
21.222233014,TRACKING,,0.002631093,1,0.000000000,0.000000000,0.049999994,0.000000000,0.000000000,0.050000000,-0.000000000,0.000000000,-0.000000006,0.000000006,0.000000001
21.232308580,TRACKING,,0.002343762,1,-0.000000000,0.000000000,0.049999996,0.000000000,0.000000000,0.050000000,0.000000000,0.000000000,-0.000000004,0.000000004,0.000000001
21.242581239,TRACKING,,0.002387693,1,-0.000000000,0.000000000,0.049999997,0.000000000,0.000000000,0.050000000,0.000000000,0.000000000,-0.000000003,0.000000003,0.000000002
21.252434776,TRACKING,,0.000871491,1,-0.000000000,0.000000000,0.049999999,0.000000000,0.000000000,0.050000000,0.000000000,0.000000000,-0.000000001,0.000000001,0.000000003
21.265498816,TRACKING,,0.003901521,1,-0.000000000,0.000000000,0.050000000,0.000000000,0.000000000,0.050000000,0.000000000,0.000000000,-0.000000000,0.000000000,0.000000004
21.275466335,TRACKING,,0.001532825,1,-0.000000000,0.000000000,0.050000001,0.000000000,0.000000000,0.050000000,0.000000000,0.000000000,0.000000001,0.000000001,0.000000004
21.285563272,TRACKING,,0.001492457,1,-0.000000000,0.000000000,0.050000002,0.000000000,0.000000000,0.050000000,0.000000000,0.000000000,0.000000002,0.000000002,0.000000005
21.295668520,TRACKING,,0.001091144,1,-0.000000000,0.000000000,0.050000003,0.000000000,0.000000000,0.050000000,0.000000000,0.000000000,0.000000003,0.000000003,0.000000005
21.305684719,TRACKING,,0.001110141,1,-0.000000000,0.000000000,0.050000003,0.000000000,0.000000000,0.050000000,0.000000000,0.000000000,0.000000003,0.000000003,0.000000006
21.315787593,TRACKING,,0.000951040,1,-0.000000000,0.000000000,0.050000004,0.000000000,0.000000000,0.050000000,0.000000000,0.000000000,0.000000004,0.000000004,0.000000006
21.325875031,TRACKING,,0.000482051,1,-0.000000000,0.000000000,0.050000004,0.000000000,0.000000000,0.050000000,0.000000000,0.000000000,0.000000004,0.000000004,0.000000006
21.335985028,TRACKING,,0.000607906,1,-0.000000000,0.000000000,0.050000005,0.000000000,0.000000000,0.050000000,0.000000000,0.000000000,0.000000005,0.000000005,0.000000006
21.345960859,TRACKING,,0.000200657,1,-0.000000000,0.000000000,0.050000005,0.000000000,0.000000000,0.050000000,0.000000000,0.000000000,0.000000005,0.000000005,0.000000006
21.356164654,TRACKING,,0.001123201,1,-0.000000000,0.000000000,0.050000006,0.000000000,0.000000000,0.050000000,0.000000000,0.000000000,0.000000006,0.000000006,0.000000006
21.366228346,TRACKING,,0.001038902,1,-0.000000000,0.000000000,0.050000006,0.000000000,0.000000000,0.050000000,0.000000000,0.000000000,0.000000006,0.000000006,0.000000006
21.376257605,TRACKING,,0.001176631,1,-0.000000000,0.000000000,0.050000006,0.000000000,0.000000000,0.050000000,0.000000000,0.000000000,0.000000006,0.000000006,0.000000006
21.386326047,TRACKING,,0.001043651,1,-0.000000000,0.000000000,0.050000007,0.000000000,0.000000000,0.050000000,0.000000000,0.000000000,0.000000007,0.000000007,0.000000006
21.397376398,TRACKING,,0.002070679,1,-0.000000000,0.000000000,0.050000007,0.000000000,0.000000000,0.050000000,0.000000000,0.000000000,0.000000007,0.000000007,0.000000005
21.407453151,TRACKING,,0.001460399,1,-0.000000000,0.000000000,0.050000007,0.000000000,0.000000000,0.050000000,0.000000000,0.000000000,0.000000007,0.000000007,0.000000005
21.417357742,TRACKING,,0.001548260,1,-0.000000000,0.000000000,0.050000007,0.000000000,0.000000000,0.050000000,0.000000000,0.000000000,0.000000007,0.000000007,0.000000005
21.427528292,TRACKING,,0.000541416,1,-0.000000000,0.000000000,0.050000006,0.000000000,0.000000000,0.050000000,0.000000000,0.000000000,0.000000006,0.000000006,0.000000004
21.437546866,TRACKING,,0.000490362,1,0.000000000,0.000000000,0.050000000,0.000000000,0.000000000,0.050000000,-0.000000000,0.000000000,0.000000000,0.000000000,0.000000001
21.447661613,TRACKING,,0.000225590,1,0.000000000,0.000000000,0.049999996,0.000000000,0.000000000,0.050000000,-0.000000000,0.000000000,-0.000000004,0.000000004,0.000000005
21.457676625,TRACKING,,0.000236276,1,0.000000000,0.000000000,0.049999991,0.000000000,0.000000000,0.050000000,-0.000000000,0.000000000,-0.000000009,0.000000009,0.000000009
21.467803244,TRACKING,,0.000345509,1,0.000000000,0.000000000,0.049999989,0.000000000,0.000000000,0.050000000,-0.000000000,0.000000000,-0.000000011,0.000000011,0.000000009
21.477818256,TRACKING,,0.001949573,1,0.000000000,0.000000000,0.049999991,0.000000000,0.000000000,0.050000000,-0.000000000,0.000000000,-0.000000009,0.000000009,0.000000007
21.488037487,TRACKING,,0.004621035,1,0.000000000,0.000000000,0.049999993,0.000000000,0.000000000,0.050000000,-0.000000000,0.000000000,-0.000000007,0.000000007,0.000000004
21.498022816,TRACKING,,0.002092051,1,0.000000000,0.000000000,0.049999995,0.000000000,0.000000000,0.050000000,-0.000000000,0.000000000,-0.000000005,0.000000005,0.000000003
21.508094819,TRACKING,,0.002074241,1,0.000000000,0.000000000,0.049999996,0.000000000,0.000000000,0.050000000,-0.000000000,0.000000000,-0.000000004,0.000000004,0.000000001
21.518143076,TRACKING,,0.002119360,1,0.000000000,0.000000000,0.049999996,0.000000000,0.000000000,0.050000000,-0.000000000,0.000000000,-0.000000004,0.000000004,0.000000001
21.528218641,TRACKING,,0.002101550,1,0.000000000,0.000000000,0.049999998,0.000000000,0.000000000,0.050000000,-0.000000000,0.000000000,-0.000000002,0.000000002,0.000000000
21.538317952,TRACKING,,0.002179912,1,-0.000000000,0.000000000,0.049999999,0.000000000,0.000000000,0.050000000,0.000000000,0.000000000,-0.000000001,0.000000001,0.000000001
21.548425575,TRACKING,,0.002042184,1,-0.000000000,0.000000000,0.050000000,0.000000000,0.000000000,0.050000000,0.000000000,0.000000000,0.000000000,0.000000000,0.000000002
21.558490454,TRACKING,,0.001906830,1,-0.000000000,0.000000000,0.050000001,0.000000000,0.000000000,0.050000000,0.000000000,0.000000000,0.000000001,0.000000001,0.000000003
21.568478158,TRACKING,,0.000882176,1,-0.000000000,0.000000000,0.050000002,0.000000000,0.000000000,0.050000000,0.000000000,0.000000000,0.000000002,0.000000002,0.000000003
21.578648708,TRACKING,,0.000290892,1,-0.000000000,0.000000000,0.050000003,0.000000000,0.000000000,0.050000000,0.000000000,0.000000000,0.000000003,0.000000003,0.000000004
21.588638786,TRACKING,,0.000170974,1,-0.000000000,0.000000000,0.050000003,0.000000000,0.000000000,0.050000000,0.000000000,0.000000000,0.000000003,0.000000003,0.000000004
21.598768968,TRACKING,,0.002423313,1,-0.000000000,0.000000000,0.050000004,0.000000000,0.000000000,0.050000000,0.000000000,0.000000000,0.000000004,0.000000004,0.000000004
21.610201635,TRACKING,,0.002355635,1,-0.000000000,0.000000000,0.050000004,0.000000000,0.000000000,0.050000000,0.000000000,0.000000000,0.000000004,0.000000004,0.000000005
21.618929597,TRACKING,,0.002304580,1,-0.000000000,0.000000000,0.050000005,0.000000000,0.000000000,0.050000000,0.000000000,0.000000000,0.000000005,0.000000005,0.000000005
21.629075213,TRACKING,,0.002409065,1,-0.000000000,0.000000000,0.050000005,0.000000000,0.000000000,0.050000000,0.000000000,0.000000000,0.000000005,0.000000005,0.000000005
21.639112784,TRACKING,,0.002329514,1,-0.000000000,0.000000000,0.050000006,0.000000000,0.000000000,0.050000000,0.000000000,0.000000000,0.000000006,0.000000006,0.000000005
21.650430282,TRACKING,,0.003706801,1,-0.000000000,0.000000000,0.050000006,0.000000000,0.000000000,0.050000000,0.000000000,0.000000000,0.000000006,0.000000006,0.000000005
21.660429859,TRACKING,,0.002114611,1,-0.000000000,0.000000000,0.050000006,0.000000000,0.000000000,0.050000000,0.000000000,0.000000000,0.000000006,0.000000006,0.000000005
21.670582599,TRACKING,,0.001940074,1,-0.000000000,0.000000000,0.050000007,0.000000000,0.000000000,0.050000000,0.000000000,0.000000000,0.000000007,0.000000007,0.000000005
21.680623732,TRACKING,,0.000549727,1,0.000000000,0.000000000,0.050000001,0.000000000,0.000000000,0.050000000,-0.000000000,0.000000000,0.000000001,0.000000001,0.000000001
21.690654179,TRACKING,,0.000634026,1,0.000000000,0.000000000,0.049999996,0.000000000,0.000000000,0.050000000,-0.000000000,0.000000000,-0.000000004,0.000000004,0.000000005
21.700872222,TRACKING,,0.001775038,1,0.000000000,0.000000000,0.049999996,0.000000000,0.000000000,0.050000000,-0.000000000,0.000000000,-0.000000004,0.000000004,0.000000005
21.710895546,TRACKING,,0.001669367,1,0.000000000,0.000000000,0.049999991,0.000000000,0.000000000,0.050000000,-0.000000000,0.000000000,-0.000000009,0.000000009,0.000000008
21.720927180,TRACKING,,0.001541136,1,0.000000000,0.000000000,0.049999993,0.000000000,0.000000000,0.050000000,-0.000000000,0.000000000,-0.000000007,0.000000007,0.000000006
21.731123851,TRACKING,,0.001537574,1,0.000000000,0.000000000,0.049999995,0.000000000,0.000000000,0.050000000,-0.000000000,0.000000000,-0.000000005,0.000000005,0.000000004
21.741112742,TRACKING,,0.001340480,1,0.000000000,0.000000000,0.049999996,0.000000000,0.000000000,0.050000000,-0.000000000,0.000000000,-0.000000004,0.000000004,0.000000003
21.751117068,TRACKING,,0.001130325,1,0.000000000,0.000000000,0.049999997,0.000000000,0.000000000,0.050000000,-0.000000000,0.000000000,-0.000000003,0.000000003,0.000000001
21.761215192,TRACKING,,0.001220561,1,0.000000000,0.000000000,0.049999998,0.000000000,0.000000000,0.050000000,-0.000000000,0.000000000,-0.000000002,0.000000002,0.000000000
21.771396429,TRACKING,,0.001132700,1,-0.000000000,0.000000000,0.049999999,0.000000000,0.000000000,0.050000000,0.000000000,0.000000000,-0.000000001,0.000000001,0.000000001
21.781297458,TRACKING,,0.001436653,1,-0.000000000,0.000000000,0.050000000,0.000000000,0.000000000,0.050000000,0.000000000,0.000000000,0.000000000,0.000000000,0.000000002
21.791395582,TRACKING,,0.001456837,1,-0.000000000,0.000000000,0.050000001,0.000000000,0.000000000,0.050000000,0.000000000,0.000000000,0.000000001,0.000000001,0.000000002
21.803672432,TRACKING,,0.002811565,1,-0.000000000,0.000000000,0.050000002,0.000000000,0.000000000,0.050000000,0.000000000,0.000000000,0.000000002,0.000000002,0.000000003
21.813506971,TRACKING,,0.000880989,1,-0.000000000,0.000000000,0.050000003,0.000000000,0.000000000,0.050000000,0.000000000,0.000000000,0.000000003,0.000000003,0.000000003
21.823524358,TRACKING,,0.000867928,1,-0.000000000,0.000000000,0.050000004,0.000000000,0.000000000,0.050000000,0.000000000,0.000000000,0.000000004,0.000000004,0.000000004
21.836196584,TRACKING,,0.002417376,1,-0.000000000,0.000000000,0.050000004,0.000000000,0.000000000,0.050000000,0.000000000,0.000000000,0.000000004,0.000000004,0.000000004
21.843637494,TRACKING,,0.002029124,1,-0.000000000,0.000000000,0.050000005,0.000000000,0.000000000,0.050000000,0.000000000,0.000000000,0.000000005,0.000000005,0.000000004
21.853799733,TRACKING,,0.001599315,1,-0.000000000,0.000000000,0.050000005,0.000000000,0.000000000,0.050000000,0.000000000,0.000000000,0.000000005,0.000000005,0.000000004
21.863985719,TRACKING,,0.001364227,1,-0.000000000,0.000000000,0.050000006,0.000000000,0.000000000,0.050000000,0.000000000,0.000000000,0.000000006,0.000000006,0.000000004
21.874171704,TRACKING,,0.001310797,1,-0.000000000,0.000000000,0.050000006,0.000000000,0.000000000,0.050000000,0.000000000,0.000000000,0.000000006,0.000000006,0.000000004
21.884098854,TRACKING,,0.001019905,1,0.000000000,0.000000000,0.050000001,0.000000000,0.000000000,0.050000000,-0.000000000,0.000000000,0.000000001,0.000000001,0.000000000
21.894142362,TRACKING,,0.000872677,1,0.000000000,0.000000000,0.049999996,0.000000000,0.000000000,0.050000000,-0.000000000,0.000000000,-0.000000004,0.000000004,0.000000004
21.904217927,TRACKING,,0.000681519,1,0.000000000,0.000000000,0.049999992,0.000000000,0.000000000,0.050000000,-0.000000000,0.000000000,-0.000000008,0.000000008,0.000000008
21.914249561,TRACKING,,0.000444056,1,0.000000000,0.000000000,0.049999993,0.000000000,0.000000000,0.050000000,-0.000000000,0.000000000,-0.000000007,0.000000007,0.000000006
21.924282383,TRACKING,,0.000217279,1,0.000000000,0.000000000,0.049999995,0.000000000,0.000000000,0.050000000,-0.000000000,0.000000000,-0.000000005,0.000000005,0.000000004
21.934337763,TRACKING,,0.000264772,1,0.000000000,0.000000000,0.049999996,0.000000000,0.000000000,0.050000000,-0.000000000,0.000000000,-0.000000004,0.000000004,0.000000002
21.944439449,TRACKING,,0.000051054,1,0.000000000,0.000000000,0.049999997,0.000000000,0.000000000,0.050000000,-0.000000000,0.000000000,-0.000000003,0.000000003,0.000000001
21.954580317,TRACKING,,0.000040369,1,0.000000000,0.000000000,0.049999999,0.000000000,0.000000000,0.050000000,-0.000000000,0.000000000,-0.000000001,0.000000001,0.000000000
21.964607202,TRACKING,,0.000601969,1,0.000000000,0.000000000,0.049999999,0.000000000,0.000000000,0.050000000,-0.000000000,0.000000000,-0.000000001,0.000000001,0.000000000
21.974698202,TRACKING,,0.000534293,1,-0.000000000,0.000000000,0.050000000,0.000000000,0.000000000,0.050000000,0.000000000,0.000000000,-0.000000000,0.000000000,0.000000001
21.984798700,TRACKING,,0.000543791,1,-0.000000000,0.000000000,0.050000001,0.000000000,0.000000000,0.050000000,0.000000000,0.000000000,0.000000001,0.000000001,0.000000002
21.994791153,TRACKING,,0.000359757,1,-0.000000000,0.000000000,0.050000002,0.000000000,0.000000000,0.050000000,0.000000000,0.000000000,0.000000002,0.000000002,0.000000002
22.005786888,TRACKING,,0.000815687,1,-0.000000000,0.000000000,0.050000002,0.000000000,0.000000000,0.050000000,0.000000000,0.000000000,0.000000002,0.000000002,0.000000003
22.015476575,TRACKING,,0.000818061,1,-0.000000000,-0.000000000,0.050000003,0.000000000,0.000000000,0.050000000,0.000000000,-0.000000000,0.000000003,0.000000003,0.000000003
22.025564013,TRACKING,,0.000778879,1,-0.000000000,-0.000000000,0.050000004,0.000000000,0.000000000,0.050000000,0.000000000,-0.000000000,0.000000004,0.000000004,0.000000004
22.035651451,TRACKING,,0.000626903,1,-0.000000000,-0.000000000,0.050000004,0.000000000,0.000000000,0.050000000,0.000000000,-0.000000000,0.000000004,0.000000004,0.000000004
22.047531737,TRACKING,,0.002293895,1,-0.000000000,-0.000000000,0.050000005,0.000000000,0.000000000,0.050000000,0.000000000,-0.000000000,0.000000005,0.000000005,0.000000004
22.057527752,TRACKING,,0.002185849,1,-0.000000000,-0.000000000,0.050000005,0.000000000,0.000000000,0.050000000,0.000000000,-0.000000000,0.000000005,0.000000005,0.000000004
22.067546326,TRACKING,,0.001845090,1,-0.000000000,-0.000000000,0.050000006,0.000000000,0.000000000,0.050000000,0.000000000,-0.000000000,0.000000006,0.000000006,0.000000004
22.077687193,TRACKING,,0.000715952,1,-0.000000000,-0.000000000,0.050000003,0.000000000,0.000000000,0.050000000,0.000000000,-0.000000000,0.000000003,0.000000003,0.000000002
22.087775818,TRACKING,,0.000706453,1,0.000000000,0.000000000,0.049999998,0.000000000,0.000000000,0.050000000,-0.000000000,0.000000000,-0.000000002,0.000000002,0.000000003
22.097895314,TRACKING,,0.000661336,1,0.000000000,0.000000000,0.049999993,0.000000000,0.000000000,0.050000000,-0.000000000,0.000000000,-0.000000007,0.000000007,0.000000006
22.107827214,TRACKING,,0.000733761,1,0.000000000,0.000000000,0.049999993,0.000000000,0.000000000,0.050000000,-0.000000000,0.000000000,-0.000000007,0.000000007,0.000000006
22.117977580,TRACKING,,0.000999720,1,0.000000000,0.000000000,0.049999995,0.000000000,0.000000000,0.050000000,-0.000000000,0.000000000,-0.000000005,0.000000005,0.000000004
22.128037709,TRACKING,,0.001029403,1,0.000000000,-0.000000000,0.049999997,0.000000000,0.000000000,0.050000000,-0.000000000,-0.000000000,-0.000000003,0.000000003,0.000000002
22.138216571,TRACKING,,0.000955790,1,0.000000000,-0.000000000,0.049999998,0.000000000,0.000000000,0.050000000,-0.000000000,-0.000000000,-0.000000002,0.000000002,0.000000001
22.148136597,TRACKING,,0.000870303,1,0.000000000,-0.000000000,0.049999999,0.000000000,0.000000000,0.050000000,-0.000000000,-0.000000000,-0.000000001,0.000000001,0.000000000
22.158275090,TRACKING,,0.000851305,1,-0.000000000,-0.000000000,0.050000000,0.000000000,0.000000000,0.050000000,0.000000000,-0.000000000,-0.000000000,0.000000000,0.000000001
22.168379151,TRACKING,,0.000686268,1,-0.000000000,-0.000000000,0.050000001,0.000000000,0.000000000,0.050000000,0.000000000,-0.000000000,0.000000001,0.000000001,0.000000002
22.178547326,TRACKING,,0.000667272,1,-0.000000000,-0.000000000,0.050000002,0.000000000,0.000000000,0.050000000,0.000000000,-0.000000000,0.000000002,0.000000002,0.000000002
22.188425797,TRACKING,,0.000579410,1,-0.000000000,-0.000000000,0.050000002,0.000000000,0.000000000,0.050000000,0.000000000,-0.000000000,0.000000002,0.000000002,0.000000003
22.198572601,TRACKING,,0.000555664,1,-0.000000000,-0.000000000,0.050000003,0.000000000,0.000000000,0.050000000,0.000000000,-0.000000000,0.000000003,0.000000003,0.000000003
22.211494163,TRACKING,,0.000759882,1,-0.000000000,-0.000000000,0.050000004,0.000000000,0.000000000,0.050000000,0.000000000,-0.000000000,0.000000004,0.000000004,0.000000004
22.221484241,TRACKING,,0.000718326,1,-0.000000000,-0.000000000,0.050000004,0.000000000,0.000000000,0.050000000,0.000000000,-0.000000000,0.000000004,0.000000004,0.000000004
22.231528936,TRACKING,,0.000742072,1,-0.000000000,-0.000000000,0.050000005,0.000000000,0.000000000,0.050000000,0.000000000,-0.000000000,0.000000005,0.000000005,0.000000004
22.241679301,TRACKING,,0.001764352,1,0.000000000,-0.000000000,0.050000000,0.000000000,0.000000000,0.050000000,-0.000000000,-0.000000000,0.000000000,0.000000000,0.000000000
22.251746555,TRACKING,,0.001628998,1,0.000000000,-0.000000000,0.049999995,0.000000000,0.000000000,0.050000000,-0.000000000,-0.000000000,-0.000000005,0.000000005,0.000000004
22.261831619,TRACKING,,0.001446151,1,0.000000000,-0.000000000,0.049999997,0.000000000,0.000000000,0.050000000,-0.000000000,-0.000000000,-0.000000003,0.000000003,0.000000003
22.271909558,TRACKING,,0.001466336,1,0.000000000,-0.000000000,0.049999998,0.000000000,0.000000000,0.050000000,-0.000000000,-0.000000000,-0.000000002,0.000000002,0.000000001
22.282108604,TRACKING,,0.001807095,1,0.000000000,-0.000000000,0.049999998,0.000000000,0.000000000,0.050000000,-0.000000000,-0.000000000,-0.000000002,0.000000002,0.000000001
22.292109368,TRACKING,,0.001040089,1,0.000000000,-0.000000000,0.049999999,0.000000000,0.000000000,0.050000000,-0.000000000,-0.000000000,-0.000000001,0.000000001,0.000000000
22.302184933,TRACKING,,0.001036527,1,-0.000000000,-0.000000000,0.050000000,0.000000000,0.000000000,0.050000000,0.000000000,-0.000000000,0.000000000,0.000000000,0.000000001
22.312142954,TRACKING,,0.002094426,1,-0.000000000,-0.000000000,0.050000001,0.000000000,0.000000000,0.050000000,0.000000000,-0.000000000,0.000000001,0.000000001,0.000000002
22.322203084,TRACKING,,0.001190878,1,-0.000000000,-0.000000000,0.050000002,0.000000000,0.000000000,0.050000000,0.000000000,-0.000000000,0.000000002,0.000000002,0.000000002
22.334471622,TRACKING,,0.000886926,1,-0.000000000,-0.000000000,0.050000003,0.000000000,0.000000000,0.050000000,0.000000000,-0.000000000,0.000000003,0.000000003,0.000000003
22.344468824,TRACKING,,0.000742073,1,-0.000000000,-0.000000000,0.050000003,0.000000000,0.000000000,0.050000000,0.000000000,-0.000000000,0.000000003,0.000000003,0.000000003
22.355465746,TRACKING,,0.000014248,1,-0.000000000,-0.000000000,0.050000003,0.000000000,0.000000000,0.050000000,0.000000000,-0.000000000,0.000000003,0.000000003,0.000000002
22.365554371,TRACKING,,0.000150789,1,0.000000000,-0.000000000,0.049999997,0.000000000,0.000000000,0.050000000,-0.000000000,-0.000000000,-0.000000003,0.000000003,0.000000003
22.375511205,TRACKING,,0.000332449,1,0.000000000,-0.000000000,0.049999994,0.000000000,0.000000000,0.050000000,-0.000000000,-0.000000000,-0.000000006,0.000000006,0.000000005
22.385752994,TRACKING,,0.000034432,1,0.000000000,-0.000000000,0.049999996,0.000000000,0.000000000,0.050000000,-0.000000000,-0.000000000,-0.000000004,0.000000004,0.000000003
22.398467963,TRACKING,,0.004859685,1,0.000000000,-0.000000000,0.049999997,0.000000000,0.000000000,0.050000000,-0.000000000,-0.000000000,-0.000000003,0.000000003,0.000000002
22.408458041,TRACKING,,0.001972133,1,0.000000000,-0.000000000,0.049999998,0.000000000,0.000000000,0.050000000,-0.000000000,-0.000000000,-0.000000002,0.000000002,0.000000000
22.418502736,TRACKING,,0.001320295,1,-0.000000000,-0.000000000,0.049999999,0.000000000,0.000000000,0.050000000,0.000000000,-0.000000000,-0.000000001,0.000000001,0.000000001
22.428692283,TRACKING,,0.000184034,1,-0.000000000,-0.000000000,0.050000000,0.000000000,0.000000000,0.050000000,0.000000000,-0.000000000,0.000000000,0.000000000,0.000000001
22.438659802,TRACKING,,0.000936792,1,-0.000000000,-0.000000000,0.050000001,0.000000000,0.000000000,0.050000000,0.000000000,-0.000000000,0.000000001,0.000000001,0.000000002
22.449479814,TRACKING,,0.002452995,1,-0.000000000,-0.000000000,0.050000002,0.000000000,0.000000000,0.050000000,0.000000000,-0.000000000,0.000000002,0.000000002,0.000000003
22.459497201,TRACKING,,0.000033245,1,-0.000000000,-0.000000000,0.050000003,0.000000000,0.000000000,0.050000000,0.000000000,-0.000000000,0.000000003,0.000000003,0.000000003
22.469469469,TRACKING,,0.000015435,1,-0.000000000,-0.000000000,0.050000003,0.000000000,0.000000000,0.050000000,0.000000000,-0.000000000,0.000000003,0.000000003,0.000000004
22.481388936,TRACKING,,0.001744167,1,-0.000000000,-0.000000000,0.050000004,0.000000000,0.000000000,0.050000000,0.000000000,-0.000000000,0.000000004,0.000000004,0.000000004
22.491559487,TRACKING,,0.001357103,1,-0.000000000,-0.000000000,0.050000005,0.000000000,0.000000000,0.050000000,0.000000000,-0.000000000,0.000000005,0.000000005,0.000000004
22.501645737,TRACKING,,0.001393909,1,-0.000000000,-0.000000000,0.050000002,0.000000000,0.000000000,0.050000000,0.000000000,-0.000000000,0.000000002,0.000000002,0.000000002
22.511582386,TRACKING,,0.001183755,1,0.000000000,-0.000000000,0.049999997,0.000000000,0.000000000,0.050000000,-0.000000000,-0.000000000,-0.000000003,0.000000003,0.000000003
22.521750562,TRACKING,,0.000634026,1,0.000000000,-0.000000000,0.049999993,0.000000000,0.000000000,0.050000000,-0.000000000,-0.000000000,-0.000000007,0.000000007,0.000000006
22.531826127,TRACKING,,0.000517670,1,0.000000000,-0.000000000,0.049999991,0.000000000,0.000000000,0.050000000,-0.000000000,-0.000000000,-0.000000009,0.000000009,0.000000007
22.541830453,TRACKING,,0.000547353,1,0.000000000,-0.000000000,0.049999993,0.000000000,0.000000000,0.050000000,-0.000000000,-0.000000000,-0.000000007,0.000000007,0.000000005
22.551876335,TRACKING,,0.000328887,1,0.000000000,-0.000000000,0.049999995,0.000000000,0.000000000,0.050000000,-0.000000000,-0.000000000,-0.000000005,0.000000005,0.000000003
22.562044511,TRACKING,,0.000100922,1,0.000000000,-0.000000000,0.049999996,0.000000000,0.000000000,0.050000000,-0.000000000,-0.000000000,-0.000000004,0.000000004,0.000000002
22.572226934,TRACKING,,0.000119919,1,0.000000000,-0.000000000,0.049999997,0.000000000,0.000000000,0.050000000,-0.000000000,-0.000000000,-0.000000003,0.000000003,0.000000000
22.582203952,TRACKING,,0.001500768,1,-0.000000000,-0.000000000,0.049999999,0.000000000,0.000000000,0.050000000,0.000000000,-0.000000000,-0.000000001,0.000000001,0.000000001
22.592202341,TRACKING,,0.001441402,1,-0.000000000,-0.000000000,0.050000000,0.000000000,0.000000000,0.050000000,0.000000000,-0.000000000,-0.000000000,0.000000000,0.000000002
22.602296903,TRACKING,,0.001553009,1,-0.000000000,-0.000000000,0.050000001,0.000000000,0.000000000,0.050000000,0.000000000,-0.000000000,0.000000001,0.000000001,0.000000002
22.612392652,TRACKING,,0.001316733,1,-0.000000000,-0.000000000,0.050000002,0.000000000,0.000000000,0.050000000,0.000000000,-0.000000000,0.000000002,0.000000002,0.000000003
22.622451595,TRACKING,,0.001101830,1,-0.000000000,-0.000000000,0.050000002,0.000000000,0.000000000,0.050000000,0.000000000,-0.000000000,0.000000002,0.000000002,0.000000004
22.632568716,TRACKING,,0.001176630,1,-0.000000000,-0.000000000,0.050000003,0.000000000,0.000000000,0.050000000,0.000000000,-0.000000000,0.000000003,0.000000003,0.000000004
22.642504178,TRACKING,,0.001269241,1,-0.000000000,-0.000000000,0.050000003,0.000000000,0.000000000,0.050000000,0.000000000,-0.000000000,0.000000003,0.000000003,0.000000004
22.652649794,TRACKING,,0.001219374,1,-0.000000000,-0.000000000,0.050000004,0.000000000,0.000000000,0.050000000,0.000000000,-0.000000000,0.000000004,0.000000004,0.000000004
22.662744356,TRACKING,,0.001187316,1,-0.000000000,-0.000000000,0.050000004,0.000000000,0.000000000,0.050000000,0.000000000,-0.000000000,0.000000004,0.000000004,0.000000004
22.672786676,TRACKING,,0.000138916,1,-0.000000000,-0.000000000,0.050000005,0.000000000,0.000000000,0.050000000,0.000000000,-0.000000000,0.000000005,0.000000005,0.000000005
22.682762507,TRACKING,,0.001818968,1,-0.000000000,-0.000000000,0.050000005,0.000000000,0.000000000,0.050000000,0.000000000,-0.000000000,0.000000005,0.000000005,0.000000005
22.693449540,TRACKING,,0.000098547,1,-0.000000000,-0.000000000,0.050000006,0.000000000,0.000000000,0.050000000,0.000000000,-0.000000000,0.000000006,0.000000006,0.000000005
22.703443180,TRACKING,,0.000087861,1,-0.000000000,-0.000000000,0.050000003,0.000000000,0.000000000,0.050000000,0.000000000,-0.000000000,0.000000003,0.000000003,0.000000002
22.713574549,TRACKING,,0.000185222,1,0.000000000,-0.000000000,0.049999997,0.000000000,0.000000000,0.050000000,-0.000000000,-0.000000000,-0.000000003,0.000000003,0.000000003
22.723562252,TRACKING,,0.000287331,1,0.000000000,-0.000000000,0.049999993,0.000000000,0.000000000,0.050000000,-0.000000000,-0.000000000,-0.000000007,0.000000007,0.000000007
22.733672249,TRACKING,,0.000283768,1,0.000000000,-0.000000000,0.049999993,0.000000000,0.000000000,0.050000000,-0.000000000,-0.000000000,-0.000000007,0.000000007,0.000000006
22.743830926,TRACKING,,0.001341668,1,0.000000000,-0.000000000,0.049999995,0.000000000,0.000000000,0.050000000,-0.000000000,-0.000000000,-0.000000005,0.000000005,0.000000004
22.753931425,TRACKING,,0.001384411,1,0.000000000,-0.000000000,0.049999996,0.000000000,0.000000000,0.050000000,-0.000000000,-0.000000000,-0.000000004,0.000000004,0.000000002
22.763939313,TRACKING,,0.001417656,1,0.000000000,-0.000000000,0.049999997,0.000000000,0.000000000,0.050000000,-0.000000000,-0.000000000,-0.000000003,0.000000003,0.000000001
22.774346139,TRACKING,,0.001506704,1,0.000000000,-0.000000000,0.049999999,0.000000000,0.000000000,0.050000000,-0.000000000,-0.000000000,-0.000000001,0.000000001,0.000000000
22.784254292,TRACKING,,0.001392722,1,-0.000000000,-0.000000000,0.050000000,0.000000000,0.000000000,0.050000000,0.000000000,-0.000000000,-0.000000000,0.000000000,0.000000001
22.794303736,TRACKING,,0.001403407,1,-0.000000000,-0.000000000,0.050000001,0.000000000,0.000000000,0.050000000,0.000000000,-0.000000000,0.000000001,0.000000001,0.000000002
22.804360304,TRACKING,,0.003928829,1,-0.000000000,-0.000000000,0.050000001,0.000000000,0.000000000,0.050000000,0.000000000,-0.000000000,0.000000001,0.000000001,0.000000002
22.814404999,TRACKING,,0.001891395,1,-0.000000000,-0.000000000,0.050000001,0.000000000,0.000000000,0.050000000,0.000000000,-0.000000000,0.000000001,0.000000001,0.000000002
22.824466316,TRACKING,,0.002077803,1,-0.000000000,-0.000000000,0.050000002,0.000000000,0.000000000,0.050000000,0.000000000,-0.000000000,0.000000002,0.000000002,0.000000003
22.834569190,TRACKING,,0.002103925,1,-0.000000000,-0.000000000,0.050000003,0.000000000,0.000000000,0.050000000,0.000000000,-0.000000000,0.000000003,0.000000003,0.000000003
22.844634069,TRACKING,,0.001732294,1,-0.000000000,-0.000000000,0.050000004,0.000000000,0.000000000,0.050000000,0.000000000,-0.000000000,0.000000004,0.000000004,0.000000004
22.855499199,TRACKING,,0.004920239,1,-0.000000000,-0.000000000,0.050000004,0.000000000,0.000000000,0.050000000,0.000000000,-0.000000000,0.000000004,0.000000004,0.000000004
22.865608009,TRACKING,,0.001854588,1,-0.000000000,-0.000000000,0.050000005,0.000000000,0.000000000,0.050000000,0.000000000,-0.000000000,0.000000005,0.000000005,0.000000004
22.875680012,TRACKING,,0.001919890,1,-0.000000000,-0.000000000,0.050000005,0.000000000,0.000000000,0.050000000,0.000000000,-0.000000000,0.000000005,0.000000005,0.000000004
22.885673652,TRACKING,,0.000877427,1,-0.000000000,-0.000000000,0.050000002,0.000000000,0.000000000,0.050000000,0.000000000,-0.000000000,0.000000002,0.000000002,0.000000001
22.895737343,TRACKING,,0.000592471,1,0.000000000,-0.000000000,0.049999997,0.000000000,0.000000000,0.050000000,-0.000000000,-0.000000000,-0.000000003,0.000000003,0.000000003
22.905871087,TRACKING,,0.000446431,1,0.000000000,-0.000000000,0.049999996,0.000000000,0.000000000,0.050000000,-0.000000000,-0.000000000,-0.000000004,0.000000004,0.000000004
22.915939528,TRACKING,,0.000269521,1,0.000000000,-0.000000000,0.049999997,0.000000000,0.000000000,0.050000000,-0.000000000,-0.000000000,-0.000000003,0.000000003,0.000000003
22.925899923,TRACKING,,0.002519485,1,0.000000000,-0.000000000,0.049999998,0.000000000,0.000000000,0.050000000,-0.000000000,-0.000000000,-0.000000002,0.000000002,0.000000001
22.935994485,TRACKING,,0.002191786,1,0.000000000,-0.000000000,0.049999999,0.000000000,0.000000000,0.050000000,-0.000000000,-0.000000000,-0.000000001,0.000000001,0.000000000
22.946109231,TRACKING,,0.002078991,1,-0.000000000,-0.000000000,0.050000000,0.000000000,0.000000000,0.050000000,0.000000000,-0.000000000,0.000000000,0.000000000,0.000000001
22.956180047,TRACKING,,0.001862899,1,-0.000000000,-0.000000000,0.050000001,0.000000000,0.000000000,0.050000000,0.000000000,-0.000000000,0.000000001,0.000000001,0.000000001
22.966158252,TRACKING,,0.001723983,1,-0.000000000,-0.000000000,0.050000002,0.000000000,0.000000000,0.050000000,0.000000000,-0.000000000,0.000000002,0.000000002,0.000000002
22.976354923,TRACKING,,0.001788099,1,-0.000000000,-0.000000000,0.050000003,0.000000000,0.000000000,0.050000000,0.000000000,-0.000000000,0.000000003,0.000000003,0.000000002
22.986314130,TRACKING,,0.001227685,1,-0.000000000,-0.000000000,0.050000003,0.000000000,0.000000000,0.050000000,0.000000000,-0.000000000,0.000000003,0.000000003,0.000000003
22.996482306,TRACKING,,0.000828747,1,-0.000000000,-0.000000000,0.050000004,0.000000000,0.000000000,0.050000000,0.000000000,-0.000000000,0.000000004,0.000000004,0.000000003
23.006578055,TRACKING,,0.000828747,1,0.000000000,-0.000000000,0.050000000,0.000000000,0.000000000,0.050000000,-0.000000000,-0.000000000,0.000000000,0.000000000,0.000000000
23.018472588,TRACKING,,0.005175511,1,0.000000000,-0.000000000,0.049999996,0.000000000,0.000000000,0.050000000,-0.000000000,-0.000000000,-0.000000004,0.000000004,0.000000004
23.028453168,TRACKING,,0.001913954,1,0.000000000,-0.000000000,0.049999994,0.000000000,0.000000000,0.050000000,-0.000000000,-0.000000000,-0.000000006,0.000000006,0.000000005
23.038590473,TRACKING,,0.001619500,1,0.000000000,-0.000000000,0.049999996,0.000000000,0.000000000,0.050000000,-0.000000000,-0.000000000,-0.000000004,0.000000004,0.000000003
23.048598361,TRACKING,,0.001260930,1,0.000000000,-0.000000000,0.049999997,0.000000000,0.000000000,0.050000000,-0.000000000,-0.000000000,-0.000000003,0.000000003,0.000000002
23.058651367,TRACKING,,0.001418843,1,0.000000000,-0.000000000,0.049999998,0.000000000,0.000000000,0.050000000,-0.000000000,-0.000000000,-0.000000002,0.000000002,0.000000001
23.068796984,TRACKING,,0.001291800,1,-0.000000000,-0.000000000,0.049999999,0.000000000,0.000000000,0.050000000,0.000000000,-0.000000000,-0.000000001,0.000000001,0.000000000
23.079039960,TRACKING,,0.001617124,1,-0.000000000,-0.000000000,0.050000000,0.000000000,0.000000000,0.050000000,0.000000000,-0.000000000,0.000000000,0.000000000,0.000000001
23.089031225,TRACKING,,0.001320295,1,-0.000000000,-0.000000000,0.050000001,0.000000000,0.000000000,0.050000000,0.000000000,-0.000000000,0.000000001,0.000000001,0.000000002
23.099112727,TRACKING,,0.001346416,1,-0.000000000,-0.000000000,0.050000002,0.000000000,0.000000000,0.050000000,0.000000000,-0.000000000,0.000000002,0.000000002,0.000000002
23.109197790,TRACKING,,0.001193252,1,-0.000000000,-0.000000000,0.050000003,0.000000000,0.000000000,0.050000000,0.000000000,-0.000000000,0.000000003,0.000000003,0.000000003
23.119191430,TRACKING,,0.001344041,1,-0.000000000,-0.000000000,0.050000003,0.000000000,0.000000000,0.050000000,0.000000000,-0.000000000,0.000000003,0.000000003,0.000000003
23.129319237,TRACKING,,0.001849839,1,-0.000000000,-0.000000000,0.050000003,0.000000000,0.000000000,0.050000000,0.000000000,-0.000000000,0.000000003,0.000000003,0.000000003
23.139412612,TRACKING,,0.000807375,1,-0.000000000,-0.000000000,0.050000004,0.000000000,0.000000000,0.050000000,0.000000000,-0.000000000,0.000000004,0.000000004,0.000000004
23.151453185,TRACKING,,0.005163638,1,-0.000000000,-0.000000000,0.050000004,0.000000000,0.000000000,0.050000000,0.000000000,-0.000000000,0.000000004,0.000000004,0.000000004
23.161465822,TRACKING,,0.001962633,1,-0.000000000,-0.000000000,0.050000005,0.000000000,0.000000000,0.050000000,0.000000000,-0.000000000,0.000000005,0.000000005,0.000000004
23.171487957,TRACKING,,0.001790472,1,0.000000000,-0.000000000,0.050000000,0.000000000,0.000000000,0.050000000,-0.000000000,-0.000000000,-0.000000000,0.000000000,0.000000001
23.181593205,TRACKING,,0.001184942,1,0.000000000,-0.000000000,0.049999995,0.000000000,0.000000000,0.050000000,-0.000000000,-0.000000000,-0.000000005,0.000000005,0.000000005
23.191709139,TRACKING,,0.001042464,1,0.000000000,-0.000000000,0.049999991,0.000000000,0.000000000,0.050000000,-0.000000000,-0.000000000,-0.000000009,0.000000009,0.000000008
23.201834571,TRACKING,,0.001074521,1,0.000000000,-0.000000000,0.049999988,0.000000000,0.000000000,0.050000000,-0.000000000,-0.000000000,-0.000000012,0.000000012,0.000000010
23.211841271,TRACKING,,0.001111328,1,0.000000000,-0.000000000,0.049999990,0.000000000,0.000000000,0.050000000,-0.000000000,-0.000000000,-0.000000010,0.000000010,0.000000007
23.222174484,TRACKING,,0.001368976,1,0.000000000,-0.000000000,0.049999992,0.000000000,0.000000000,0.050000000,-0.000000000,-0.000000000,-0.000000008,0.000000008,0.000000005
23.232087386,TRACKING,,0.001482958,1,0.000000000,-0.000000000,0.049999994,0.000000000,0.000000000,0.050000000,-0.000000000,-0.000000000,-0.000000006,0.000000006,0.000000003
23.242221130,TRACKING,,0.001605252,1,0.000000000,-0.000000000,0.049999996,0.000000000,0.000000000,0.050000000,-0.000000000,-0.000000000,-0.000000004,0.000000004,0.000000001
23.252448671,TRACKING,,0.000903548,1,-0.000000000,-0.000000000,0.049999997,0.000000000,0.000000000,0.050000000,0.000000000,-0.000000000,-0.000000003,0.000000003,0.000000000
23.262587164,TRACKING,,0.000726637,1,-0.000000000,-0.000000000,0.049999998,0.000000000,0.000000000,0.050000000,0.000000000,-0.000000000,-0.000000002,0.000000002,0.000000001
23.272640170,TRACKING,,0.000958164,1,-0.000000000,-0.000000000,0.049999999,0.000000000,0.000000000,0.050000000,0.000000000,-0.000000000,-0.000000001,0.000000001,0.000000002
23.282637372,TRACKING,,0.000823997,1,-0.000000000,-0.000000000,0.050000001,0.000000000,0.000000000,0.050000000,0.000000000,-0.000000000,0.000000001,0.000000001,0.000000003
23.292606078,TRACKING,,0.000837058,1,-0.000000000,-0.000000000,0.050000001,0.000000000,0.000000000,0.050000000,0.000000000,-0.000000000,0.000000001,0.000000001,0.000000003
23.302706576,TRACKING,,0.002127671,1,-0.000000000,-0.000000000,0.050000002,0.000000000,0.000000000,0.050000000,0.000000000,-0.000000000,0.000000002,0.000000002,0.000000004
23.312903248,TRACKING,,0.001783349,1,-0.000000000,-0.000000000,0.050000002,0.000000000,0.000000000,0.050000000,0.000000000,-0.000000000,0.000000002,0.000000002,0.000000004
23.322769845,TRACKING,,0.001822530,1,-0.000000000,-0.000000000,0.050000003,0.000000000,0.000000000,0.050000000,0.000000000,-0.000000000,0.000000003,0.000000003,0.000000004
23.332941582,TRACKING,,0.001557759,1,-0.000000000,-0.000000000,0.050000004,0.000000000,0.000000000,0.050000000,0.000000000,-0.000000000,0.000000004,0.000000004,0.000000005
23.342901977,TRACKING,,0.001849839,1,-0.000000000,-0.000000000,0.050000004,0.000000000,0.000000000,0.050000000,0.000000000,-0.000000000,0.000000004,0.000000004,0.000000005
23.352990603,TRACKING,,0.001942449,1,-0.000000000,-0.000000000,0.050000005,0.000000000,0.000000000,0.050000000,0.000000000,-0.000000000,0.000000005,0.000000005,0.000000005
23.363081603,TRACKING,,0.002059993,1,-0.000000000,-0.000000000,0.050000005,0.000000000,0.000000000,0.050000000,0.000000000,-0.000000000,0.000000005,0.000000005,0.000000005
23.373262839,TRACKING,,0.002124108,1,-0.000000000,-0.000000000,0.050000005,0.000000000,0.000000000,0.050000000,0.000000000,-0.000000000,0.000000005,0.000000005,0.000000005
23.383194738,TRACKING,,0.002183475,1,-0.000000000,-0.000000000,0.050000006,0.000000000,0.000000000,0.050000000,0.000000000,-0.000000000,0.000000006,0.000000006,0.000000005
23.393324920,TRACKING,,0.002221469,1,-0.000000000,-0.000000000,0.050000006,0.000000000,0.000000000,0.050000000,0.000000000,-0.000000000,0.000000006,0.000000006,0.000000005
23.403385050,TRACKING,,0.000035620,1,-0.000000000,-0.000000000,0.050000007,0.000000000,0.000000000,0.050000000,0.000000000,-0.000000000,0.000000007,0.000000007,0.000000005
23.413471300,TRACKING,,0.002255901,1,-0.000000000,-0.000000000,0.050000007,0.000000000,0.000000000,0.050000000,0.000000000,-0.000000000,0.000000007,0.000000007,0.000000005
23.423580110,TRACKING,,0.002390067,1,-0.000000000,-0.000000000,0.050000004,0.000000000,0.000000000,0.050000000,0.000000000,-0.000000000,0.000000004,0.000000004,0.000000002
23.433484701,TRACKING,,0.002387693,1,0.000000000,-0.000000000,0.049999998,0.000000000,0.000000000,0.050000000,-0.000000000,-0.000000000,-0.000000002,0.000000002,0.000000003
23.443503275,TRACKING,,0.002012501,1,0.000000000,-0.000000000,0.049999993,0.000000000,0.000000000,0.050000000,-0.000000000,-0.000000000,-0.000000007,0.000000007,0.000000007
23.453618021,TRACKING,,0.001951948,1,0.000000000,-0.000000000,0.049999989,0.000000000,0.000000000,0.050000000,-0.000000000,-0.000000000,-0.000000011,0.000000011,0.000000010
23.463656779,TRACKING,,0.002067118,1,0.000000000,-0.000000000,0.049999990,0.000000000,0.000000000,0.050000000,-0.000000000,-0.000000000,-0.000000010,0.000000010,0.000000009
23.473845139,TRACKING,,0.001804720,1,0.000000000,-0.000000000,0.049999992,0.000000000,0.000000000,0.050000000,-0.000000000,-0.000000000,-0.000000008,0.000000008,0.000000007
23.483817408,TRACKING,,0.001302486,1,0.000000000,-0.000000000,0.049999993,0.000000000,0.000000000,0.050000000,-0.000000000,-0.000000000,-0.000000007,0.000000007,0.000000005
23.493889410,TRACKING,,0.001291800,1,0.000000000,-0.000000000,0.049999995,0.000000000,0.000000000,0.050000000,-0.000000000,-0.000000000,-0.000000005,0.000000005,0.000000003
23.504062335,TRACKING,,0.001043651,1,0.000000000,-0.000000000,0.049999996,0.000000000,0.000000000,0.050000000,-0.000000000,-0.000000000,-0.000000004,0.000000004,0.000000001
23.514050039,TRACKING,,0.001035340,1,0.000000000,-0.000000000,0.049999998,0.000000000,0.000000000,0.050000000,-0.000000000,-0.000000000,-0.000000002,0.000000002,0.000000000
23.524221776,TRACKING,,0.001079270,1,-0.000000000,-0.000000000,0.049999999,0.000000000,0.000000000,0.050000000,0.000000000,-0.000000000,-0.000000001,0.000000001,0.000000001
23.534286655,TRACKING,,0.001066210,1,-0.000000000,-0.000000000,0.050000000,0.000000000,0.000000000,0.050000000,0.000000000,-0.000000000,-0.000000000,0.000000000,0.000000002
23.544359845,TRACKING,,0.000818060,1,-0.000000000,-0.000000000,0.050000001,0.000000000,0.000000000,0.050000000,0.000000000,-0.000000000,0.000000001,0.000000001,0.000000002
23.554349924,TRACKING,,0.000666084,1,-0.000000000,-0.000000000,0.050000001,0.000000000,0.000000000,0.050000000,0.000000000,-0.000000000,0.000000001,0.000000001,0.000000003
23.564452797,TRACKING,,0.003129766,1,-0.000000000,-0.000000000,0.050000001,0.000000000,0.000000000,0.050000000,0.000000000,-0.000000000,0.000000001,0.000000001,0.000000003
23.574454748,TRACKING,,0.001760790,1,-0.000000000,-0.000000000,0.050000002,0.000000000,0.000000000,0.050000000,0.000000000,-0.000000000,0.000000002,0.000000002,0.000000003
23.584493506,TRACKING,,0.001746542,1,-0.000000000,-0.000000000,0.050000003,0.000000000,0.000000000,0.050000000,0.000000000,-0.000000000,0.000000003,0.000000003,0.000000004
23.594624875,TRACKING,,0.000696954,1,-0.000000000,-0.000000000,0.050000004,0.000000000,0.000000000,0.050000000,0.000000000,-0.000000000,0.000000004,0.000000004,0.000000004
23.606651200,TRACKING,,0.002325952,1,-0.000000000,-0.000000000,0.050000004,0.000000000,0.000000000,0.050000000,0.000000000,-0.000000000,0.000000004,0.000000004,0.000000004
23.616545105,TRACKING,,0.002315267,1,-0.000000000,-0.000000000,0.050000005,0.000000000,0.000000000,0.050000000,0.000000000,-0.000000000,0.000000005,0.000000005,0.000000004
23.626561304,TRACKING,,0.002234529,1,-0.000000000,-0.000000000,0.050000005,0.000000000,0.000000000,0.050000000,0.000000000,-0.000000000,0.000000005,0.000000005,0.000000004
23.636651117,TRACKING,,0.002245214,1,-0.000000000,-0.000000000,0.050000006,0.000000000,0.000000000,0.050000000,0.000000000,-0.000000000,0.000000006,0.000000006,0.000000004
23.646903592,TRACKING,,0.002235716,1,-0.000000000,-0.000000000,0.050000006,0.000000000,0.000000000,0.050000000,0.000000000,-0.000000000,0.000000006,0.000000006,0.000000004
23.656885359,TRACKING,,0.002260650,1,-0.000000000,-0.000000000,0.050000006,0.000000000,0.000000000,0.050000000,0.000000000,-0.000000000,0.000000006,0.000000006,0.000000004
23.666849316,TRACKING,,0.002208408,1,-0.000000000,-0.000000000,0.050000007,0.000000000,0.000000000,0.050000000,0.000000000,-0.000000000,0.000000007,0.000000007,0.000000004
23.676942691,TRACKING,,0.000985472,1,-0.000000000,-0.000000000,0.050000007,0.000000000,0.000000000,0.050000000,0.000000000,-0.000000000,0.000000007,0.000000007,0.000000004
23.686925645,TRACKING,,0.000757507,1,0.000000000,-0.000000000,0.050000001,0.000000000,0.000000000,0.050000000,-0.000000000,-0.000000000,0.000000001,0.000000001,0.000000001
23.697466638,TRACKING,,0.000989035,1,0.000000000,-0.000000000,0.049999996,0.000000000,0.000000000,0.050000000,-0.000000000,-0.000000000,-0.000000004,0.000000004,0.000000005
23.707583759,TRACKING,,0.000986659,1,0.000000000,-0.000000000,0.049999992,0.000000000,0.000000000,0.050000000,-0.000000000,-0.000000000,-0.000000008,0.000000008,0.000000009
23.720504133,TRACKING,,0.003894397,1,0.000000001,-0.000000000,0.049999988,0.000000000,0.000000000,0.050000000,-0.000000001,-0.000000000,-0.000000012,0.000000012,0.000000011
23.730504897,TRACKING,,0.002050495,1,0.000000001,-0.000000000,0.049999984,0.000000000,0.000000000,0.050000000,-0.000000001,-0.000000000,-0.000000016,0.000000016,0.000000014
23.740626767,TRACKING,,0.000616217,1,0.000000000,-0.000000000,0.049999986,0.000000000,0.000000000,0.050000000,-0.000000000,-0.000000000,-0.000000014,0.000000014,0.000000011
23.750710643,TRACKING,,0.000523607,1,0.000000000,-0.000000000,0.049999989,0.000000000,0.000000000,0.050000000,-0.000000000,-0.000000000,-0.000000011,0.000000011,0.000000008
23.760720906,TRACKING,,0.000643525,1,0.000000000,-0.000000000,0.049999991,0.000000000,0.000000000,0.050000000,-0.000000000,-0.000000000,-0.000000009,0.000000009,0.000000005
23.770823779,TRACKING,,0.000590096,1,0.000000000,-0.000000000,0.049999993,0.000000000,0.000000000,0.050000000,-0.000000000,-0.000000000,-0.000000007,0.000000007,0.000000003
23.783663416,TRACKING,,0.005589884,1,0.000000000,-0.000000000,0.049999994,0.000000000,0.000000000,0.050000000,-0.000000000,-0.000000000,-0.000000006,0.000000006,0.000000001
23.793445713,TRACKING,,0.001719234,1,-0.000000000,-0.000000000,0.049999996,0.000000000,0.000000000,0.050000000,0.000000000,-0.000000000,-0.000000004,0.000000004,0.000000000
23.803510592,TRACKING,,0.001408157,1,-0.000000000,-0.000000000,0.049999997,0.000000000,0.000000000,0.050000000,0.000000000,-0.000000000,-0.000000003,0.000000003,0.000000001
23.813820059,TRACKING,,0.002095613,1,-0.000000000,-0.000000000,0.049999999,0.000000000,0.000000000,0.050000000,0.000000000,-0.000000000,-0.000000001,0.000000001,0.000000002
23.823901560,TRACKING,,0.001957884,1,-0.000000000,-0.000000000,0.050000000,0.000000000,0.000000000,0.050000000,0.000000000,-0.000000000,-0.000000000,0.000000000,0.000000003
23.833769345,TRACKING,,0.001752479,1,-0.000000000,-0.000000000,0.050000001,0.000000000,0.000000000,0.050000000,0.000000000,-0.000000000,0.000000001,0.000000001,0.000000004
23.843875780,TRACKING,,0.001788098,1,-0.000000000,-0.000000000,0.050000001,0.000000000,0.000000000,0.050000000,0.000000000,-0.000000000,0.000000001,0.000000001,0.000000004
23.853982215,TRACKING,,0.001460399,1,-0.000000000,-0.000000000,0.050000002,0.000000000,0.000000000,0.050000000,0.000000000,-0.000000000,0.000000002,0.000000002,0.000000005
23.864030471,TRACKING,,0.001450900,1,-0.000000000,-0.000000000,0.050000003,0.000000000,0.000000000,0.050000000,0.000000000,-0.000000000,0.000000003,0.000000003,0.000000005
23.874126220,TRACKING,,0.001513828,1,-0.000000000,-0.000000000,0.050000003,0.000000000,0.000000000,0.050000000,0.000000000,-0.000000000,0.000000003,0.000000003,0.000000005
23.884191099,TRACKING,,0.001382036,1,-0.000000000,-0.000000000,0.050000004,0.000000000,0.000000000,0.050000000,0.000000000,-0.000000000,0.000000004,0.000000004,0.000000005
23.894193050,TRACKING,,0.001253806,1,-0.000000000,-0.000000000,0.050000005,0.000000000,0.000000000,0.050000000,0.000000000,-0.000000000,0.000000005,0.000000005,0.000000005
23.904289987,TRACKING,,0.001131512,1,-0.000000000,-0.000000000,0.050000005,0.000000000,0.000000000,0.050000000,0.000000000,-0.000000000,0.000000005,0.000000005,0.000000005
23.914396422,TRACKING,,0.001017530,1,-0.000000000,-0.000000000,0.050000005,0.000000000,0.000000000,0.050000000,0.000000000,-0.000000000,0.000000005,0.000000005,0.000000005
23.924379376,TRACKING,,0.000258835,1,-0.000000000,-0.000000000,0.050000006,0.000000000,0.000000000,0.050000000,0.000000000,-0.000000000,0.000000006,0.000000006,0.000000005
23.934527367,TRACKING,,0.002480303,1,-0.000000000,-0.000000000,0.050000006,0.000000000,0.000000000,0.050000000,0.000000000,-0.000000000,0.000000006,0.000000006,0.000000005
23.944645675,TRACKING,,0.002346136,1,-0.000000000,-0.000000000,0.050000006,0.000000000,0.000000000,0.050000000,0.000000000,-0.000000000,0.000000006,0.000000006,0.000000005
23.954682058,TRACKING,,0.002362759,1,-0.000000000,-0.000000000,0.050000007,0.000000000,0.000000000,0.050000000,0.000000000,-0.000000000,0.000000007,0.000000007,0.000000005
23.964703007,TRACKING,,0.002264212,1,-0.000000000,-0.000000000,0.050000007,0.000000000,0.000000000,0.050000000,0.000000000,-0.000000000,0.000000007,0.000000007,0.000000005
23.976472872,TRACKING,,0.001171881,1,-0.000000000,-0.000000000,0.050000007,0.000000000,0.000000000,0.050000000,0.000000000,-0.000000000,0.000000007,0.000000007,0.000000005
23.986543687,TRACKING,,0.000201844,1,-0.000000000,-0.000000000,0.050000007,0.000000000,0.000000000,0.050000000,0.000000000,-0.000000000,0.000000007,0.000000007,0.000000004
23.996539702,TRACKING,,0.000357382,1,-0.000000000,-0.000000000,0.050000008,0.000000000,0.000000000,0.050000000,0.000000000,-0.000000000,0.000000008,0.000000008,0.000000004
24.006709064,TRACKING,,0.000165037,1,-0.000000000,-0.000000000,0.050000008,0.000000000,0.000000000,0.050000000,0.000000000,-0.000000000,0.000000008,0.000000008,0.000000004
24.016842808,TRACKING,,0.000024933,1,0.000000000,-0.000000000,0.050000004,0.000000000,0.000000000,0.050000000,-0.000000000,-0.000000000,0.000000004,0.000000004,0.000000000
24.026818638,TRACKING,,0.000109233,1,0.000000000,-0.000000000,0.049999999,0.000000000,0.000000000,0.050000000,-0.000000000,-0.000000000,-0.000000001,0.000000001,0.000000004
24.037079424,TRACKING,,0.001836778,1,0.000000000,-0.000000000,0.049999994,0.000000000,0.000000000,0.050000000,-0.000000000,-0.000000000,-0.000000006,0.000000006,0.000000008
24.047164487,TRACKING,,0.000014248,1,0.000000001,-0.000000000,0.049999989,0.000000000,0.000000000,0.050000000,-0.000000001,-0.000000000,-0.000000011,0.000000011,0.000000011
24.057287545,TRACKING,,0.001678865,1,0.000000001,-0.000000000,0.049999989,0.000000000,0.000000000,0.050000000,-0.000000001,-0.000000000,-0.000000011,0.000000011,0.000000011
24.067421288,TRACKING,,0.002176350,1,0.000000000,-0.000000000,0.049999991,0.000000000,0.000000000,0.050000000,-0.000000000,-0.000000000,-0.000000009,0.000000009,0.000000009
24.077422052,TRACKING,,0.002276086,1,0.000000000,-0.000000000,0.049999993,0.000000000,0.000000000,0.050000000,-0.000000000,-0.000000000,-0.000000007,0.000000007,0.000000007
24.087376510,TRACKING,,0.001906830,1,0.000000000,-0.000000000,0.049999995,0.000000000,0.000000000,0.050000000,-0.000000000,-0.000000000,-0.000000005,0.000000005,0.000000004
24.097555371,TRACKING,,0.001690738,1,0.000000000,-0.000000000,0.049999996,0.000000000,0.000000000,0.050000000,-0.000000000,-0.000000000,-0.000000004,0.000000004,0.000000002
24.107534764,TRACKING,,0.001004469,1,0.000000000,-0.000000000,0.049999998,0.000000000,0.000000000,0.050000000,-0.000000000,-0.000000000,-0.000000002,0.000000002,0.000000001
24.117599642,TRACKING,,0.002401940,1,-0.000000000,-0.000000000,0.049999999,0.000000000,0.000000000,0.050000000,0.000000000,-0.000000000,-0.000000001,0.000000001,0.000000000
24.127772567,TRACKING,,0.002000628,1,-0.000000000,-0.000000000,0.050000000,0.000000000,0.000000000,0.050000000,0.000000000,-0.000000000,0.000000000,0.000000000,0.000000001
24.137881377,TRACKING,,0.001885458,1,-0.000000000,-0.000000000,0.050000001,0.000000000,0.000000000,0.050000000,0.000000000,-0.000000000,0.000000001,0.000000001,0.000000002
24.147864331,TRACKING,,0.000157913,1,-0.000000000,-0.000000000,0.050000002,0.000000000,0.000000000,0.050000000,0.000000000,-0.000000000,0.000000002,0.000000002,0.000000002
24.158051503,TRACKING,,0.002753386,1,-0.000000000,-0.000000000,0.050000002,0.000000000,0.000000000,0.050000000,0.000000000,-0.000000000,0.000000002,0.000000002,0.000000002
24.168048705,TRACKING,,0.004654280,1,-0.000000000,-0.000000000,0.050000003,0.000000000,0.000000000,0.050000000,0.000000000,-0.000000000,0.000000003,0.000000003,0.000000003
24.178066091,TRACKING,,0.001393909,1,-0.000000000,-0.000000000,0.050000003,0.000000000,0.000000000,0.050000000,0.000000000,-0.000000000,0.000000003,0.000000003,0.000000003
24.188128596,TRACKING,,0.002120546,1,-0.000000000,-0.000000000,0.050000004,0.000000000,0.000000000,0.050000000,0.000000000,-0.000000000,0.000000004,0.000000004,0.000000003
24.198162604,TRACKING,,0.002029123,1,-0.000000000,-0.000000000,0.050000004,0.000000000,0.000000000,0.050000000,0.000000000,-0.000000000,0.000000004,0.000000004,0.000000004
24.208203737,TRACKING,,0.000401313,1,-0.000000000,-0.000000000,0.050000005,0.000000000,0.000000000,0.050000000,0.000000000,-0.000000000,0.000000005,0.000000005,0.000000004
24.218409907,TRACKING,,0.000263584,1,-0.000000000,-0.000000000,0.050000005,0.000000000,0.000000000,0.050000000,0.000000000,-0.000000000,0.000000005,0.000000005,0.000000004
24.228516342,TRACKING,,0.000231526,1,-0.000000000,-0.000000000,0.050000006,0.000000000,0.000000000,0.050000000,0.000000000,-0.000000000,0.000000006,0.000000006,0.000000004
24.238511169,TRACKING,,0.000870303,1,-0.000000000,-0.000000000,0.050000006,0.000000000,0.000000000,0.050000000,0.000000000,-0.000000000,0.000000006,0.000000006,0.000000004
24.248608105,TRACKING,,0.000886926,1,-0.000000000,-0.000000000,0.050000007,0.000000000,0.000000000,0.050000000,0.000000000,-0.000000000,0.000000007,0.000000007,0.000000004
24.258570875,TRACKING,,0.000585347,1,-0.000000000,-0.000000000,0.050000007,0.000000000,0.000000000,0.050000000,0.000000000,-0.000000000,0.000000007,0.000000007,0.000000004
24.268670186,TRACKING,,0.000464241,1,0.000000000,-0.000000000,0.050000001,0.000000000,0.000000000,0.050000000,-0.000000000,-0.000000000,0.000000001,0.000000001,0.000000001
24.278727941,TRACKING,,0.000397751,1,0.000000000,-0.000000000,0.049999997,0.000000000,0.000000000,0.050000000,-0.000000000,-0.000000000,-0.000000003,0.000000003,0.000000005
24.288720394,TRACKING,,0.000410811,1,0.000000000,-0.000000000,0.049999992,0.000000000,0.000000000,0.050000000,-0.000000000,-0.000000000,-0.000000008,0.000000008,0.000000008
24.298937249,TRACKING,,0.000302765,1,0.000000000,-0.000000000,0.049999994,0.000000000,0.000000000,0.050000000,-0.000000000,-0.000000000,-0.000000006,0.000000006,0.000000006
24.308914267,TRACKING,,0.000416748,1,0.000000000,-0.000000000,0.049999994,0.000000000,0.000000000,0.050000000,-0.000000000,-0.000000000,-0.000000006,0.000000006,0.000000006
24.318991019,TRACKING,,0.000427434,1,0.000000000,-0.000000000,0.049999996,0.000000000,0.000000000,0.050000000,-0.000000000,-0.000000000,-0.000000004,0.000000004,0.000000004
24.329029777,TRACKING,,0.000313452,1,0.000000000,-0.000000000,0.049999997,0.000000000,0.000000000,0.050000000,-0.000000000,-0.000000000,-0.000000003,0.000000003,0.000000003
24.339117214,TRACKING,,0.000345509,1,0.000000000,-0.000000000,0.049999998,0.000000000,0.000000000,0.050000000,-0.000000000,-0.000000000,-0.000000002,0.000000002,0.000000002
24.349218900,TRACKING,,0.000390627,1,0.000000000,-0.000000000,0.049999999,0.000000000,0.000000000,0.050000000,-0.000000000,-0.000000000,-0.000000001,0.000000001,0.000000001
24.359268344,TRACKING,,0.000163850,1,-0.000000000,-0.000000000,0.050000000,0.000000000,0.000000000,0.050000000,0.000000000,-0.000000000,0.000000000,0.000000000,0.000000000
24.369417522,TRACKING,,0.000239838,1,-0.000000000,-0.000000000,0.050000001,0.000000000,0.000000000,0.050000000,0.000000000,-0.000000000,0.000000001,0.000000001,0.000000001
24.379409975,TRACKING,,0.002699957,1,-0.000000000,-0.000000000,0.050000002,0.000000000,0.000000000,0.050000000,0.000000000,-0.000000000,0.000000002,0.000000002,0.000000002
24.389568652,TRACKING,,0.001761977,1,-0.000000000,-0.000000000,0.050000003,0.000000000,0.000000000,0.050000000,0.000000000,-0.000000000,0.000000003,0.000000003,0.000000002
24.399594349,TRACKING,,0.001618312,1,-0.000000000,-0.000000000,0.050000003,0.000000000,0.000000000,0.050000000,0.000000000,-0.000000000,0.000000003,0.000000003,0.000000003
24.409542871,TRACKING,,0.001174256,1,-0.000000000,-0.000000000,0.050000004,0.000000000,0.000000000,0.050000000,0.000000000,-0.000000000,0.000000004,0.000000004,0.000000003
24.419706297,TRACKING,,0.001201564,1,-0.000000000,-0.000000000,0.050000004,0.000000000,0.000000000,0.050000000,0.000000000,-0.000000000,0.000000004,0.000000004,0.000000003
24.429819856,TRACKING,,0.001208688,1,-0.000000000,-0.000000000,0.050000005,0.000000000,0.000000000,0.050000000,0.000000000,-0.000000000,0.000000005,0.000000005,0.000000003
24.440468895,TRACKING,,0.004546234,1,-0.000000000,-0.000000000,0.050000005,0.000000000,0.000000000,0.050000000,0.000000000,-0.000000000,0.000000005,0.000000005,0.000000004
24.450419791,TRACKING,,0.002064743,1,-0.000000000,-0.000000000,0.050000003,0.000000000,0.000000000,0.050000000,0.000000000,-0.000000000,0.000000003,0.000000003,0.000000001
24.460553535,TRACKING,,0.000582973,1,0.000000000,-0.000000000,0.049999996,0.000000000,0.000000000,0.050000000,-0.000000000,-0.000000000,-0.000000004,0.000000004,0.000000005
24.470551924,TRACKING,,0.000512920,1,0.000000000,-0.000000000,0.049999992,0.000000000,0.000000000,0.050000000,-0.000000000,-0.000000000,-0.000000008,0.000000008,0.000000008
24.480714163,TRACKING,,0.000053429,1,0.000000000,-0.000000000,0.049999994,0.000000000,0.000000000,0.050000000,-0.000000000,-0.000000000,-0.000000006,0.000000006,0.000000006
24.490922707,TRACKING,,0.002493364,1,0.000000000,-0.000000000,0.049999994,0.000000000,0.000000000,0.050000000,-0.000000000,-0.000000000,-0.000000006,0.000000006,0.000000006
24.500912785,TRACKING,,0.000067677,1,0.000000000,-0.000000000,0.049999995,0.000000000,0.000000000,0.050000000,-0.000000000,-0.000000000,-0.000000005,0.000000005,0.000000004
24.510873180,TRACKING,,0.000030870,1,0.000000000,-0.000000000,0.049999997,0.000000000,0.000000000,0.050000000,-0.000000000,-0.000000000,-0.000000003,0.000000003,0.000000002
24.520933309,TRACKING,,0.000093798,1,0.000000000,-0.000000000,0.049999998,0.000000000,0.000000000,0.050000000,-0.000000000,-0.000000000,-0.000000002,0.000000002,0.000000001
24.531089612,TRACKING,,0.000144853,1,0.000000000,-0.000000000,0.049999999,0.000000000,0.000000000,0.050000000,-0.000000000,-0.000000000,-0.000000001,0.000000001,0.000000000
24.541051194,TRACKING,,0.000650649,1,-0.000000000,-0.000000000,0.050000000,0.000000000,0.000000000,0.050000000,0.000000000,-0.000000000,0.000000000,0.000000000,0.000000001
24.551492452,TRACKING,,0.000052242,1,-0.000000000,-0.000000000,0.050000001,0.000000000,0.000000000,0.050000000,0.000000000,-0.000000000,0.000000001,0.000000001,0.000000002
24.561651129,TRACKING,,0.000070051,1,-0.000000000,-0.000000000,0.050000002,0.000000000,0.000000000,0.050000000,0.000000000,-0.000000000,0.000000002,0.000000002,0.000000002
24.571583029,TRACKING,,0.000175723,1,-0.000000000,-0.000000000,0.050000003,0.000000000,0.000000000,0.050000000,0.000000000,-0.000000000,0.000000003,0.000000003,0.000000003
24.581708461,TRACKING,,0.000662523,1,-0.000000000,-0.000000000,0.050000003,0.000000000,0.000000000,0.050000000,0.000000000,-0.000000000,0.000000003,0.000000003,0.000000003
24.591775714,TRACKING,,0.000800251,1,-0.000000000,-0.000000000,0.050000004,0.000000000,0.000000000,0.050000000,0.000000000,-0.000000000,0.000000004,0.000000004,0.000000003
24.601878587,TRACKING,,0.000898798,1,-0.000000000,-0.000000000,0.050000005,0.000000000,0.000000000,0.050000000,0.000000000,-0.000000000,0.000000005,0.000000005,0.000000004
24.611941092,TRACKING,,0.001004469,1,-0.000000000,-0.000000000,0.050000005,0.000000000,0.000000000,0.050000000,0.000000000,-0.000000000,0.000000005,0.000000005,0.000000004
24.622038028,TRACKING,,0.000051054,1,-0.000000000,-0.000000000,0.050000005,0.000000000,0.000000000,0.050000000,0.000000000,-0.000000000,0.000000005,0.000000005,0.000000004
24.631993674,TRACKING,,0.000089048,1,-0.000000000,-0.000000000,0.050000006,0.000000000,0.000000000,0.050000000,0.000000000,-0.000000000,0.000000006,0.000000006,0.000000004
24.642135728,TRACKING,,0.000140103,1,-0.000000000,-0.000000000,0.050000005,0.000000000,0.000000000,0.050000000,0.000000000,-0.000000000,0.000000005,0.000000005,0.000000003
24.652227915,TRACKING,,0.000315826,1,0.000000000,-0.000000000,0.050000000,0.000000000,0.000000000,0.050000000,-0.000000000,-0.000000000,-0.000000000,0.000000000,0.000000002
24.662324852,TRACKING,,0.002792568,1,0.000000000,-0.000000000,0.049999994,0.000000000,0.000000000,0.050000000,-0.000000000,-0.000000000,-0.000000006,0.000000006,0.000000006
24.672420601,TRACKING,,0.000170973,1,0.000000000,-0.000000000,0.049999993,0.000000000,0.000000000,0.050000000,-0.000000000,-0.000000000,-0.000000007,0.000000007,0.000000007
24.683751159,TRACKING,,0.001531638,1,0.000000000,-0.000000000,0.049999994,0.000000000,0.000000000,0.050000000,-0.000000000,-0.000000000,-0.000000006,0.000000006,0.000000005
24.693734113,TRACKING,,0.001531637,1,0.000000000,-0.000000000,0.049999996,0.000000000,0.000000000,0.050000000,-0.000000000,-0.000000000,-0.000000004,0.000000004,0.000000003
24.703840548,TRACKING,,0.001574381,1,0.000000000,-0.000000000,0.049999997,0.000000000,0.000000000,0.050000000,-0.000000000,-0.000000000,-0.000000003,0.000000003,0.000000002
24.713964793,TRACKING,,0.001579130,1,0.000000000,-0.000000000,0.049999998,0.000000000,0.000000000,0.050000000,-0.000000000,-0.000000000,-0.000000002,0.000000002,0.000000001
24.724022548,TRACKING,,0.001057898,1,-0.000000000,-0.000000000,0.049999999,0.000000000,0.000000000,0.050000000,0.000000000,-0.000000000,-0.000000001,0.000000001,0.000000000
24.734087427,TRACKING,,0.001322670,1,-0.000000000,-0.000000000,0.050000000,0.000000000,0.000000000,0.050000000,0.000000000,-0.000000000,0.000000000,0.000000000,0.000000001
24.744170115,TRACKING,,0.001193253,1,-0.000000000,-0.000000000,0.050000001,0.000000000,0.000000000,0.050000000,0.000000000,-0.000000000,0.000000001,0.000000001,0.000000002
24.754277738,TRACKING,,0.002160915,1,-0.000000000,-0.000000000,0.050000002,0.000000000,0.000000000,0.050000000,0.000000000,-0.000000000,0.000000002,0.000000002,0.000000002
24.764207262,TRACKING,,0.001303673,1,-0.000000000,-0.000000000,0.050000003,0.000000000,0.000000000,0.050000000,0.000000000,-0.000000000,0.000000003,0.000000003,0.000000003
24.775003528,TRACKING,,0.002375819,1,-0.000000000,-0.000000000,0.050000003,0.000000000,0.000000000,0.050000000,0.000000000,-0.000000000,0.000000003,0.000000003,0.000000003
24.784458126,TRACKING,,0.002279647,1,-0.000000000,-0.000000000,0.050000004,0.000000000,0.000000000,0.050000000,0.000000000,-0.000000000,0.000000004,0.000000004,0.000000003
24.795509665,TRACKING,,0.000580598,1,-0.000000000,-0.000000000,0.050000004,0.000000000,0.000000000,0.050000000,0.000000000,-0.000000000,0.000000004,0.000000004,0.000000004
24.805468873,TRACKING,,0.000605531,1,-0.000000000,-0.000000000,0.050000005,0.000000000,0.000000000,0.050000000,0.000000000,-0.000000000,0.000000005,0.000000005,0.000000004
24.815450640,TRACKING,,0.000829934,1,-0.000000000,-0.000000000,0.050000005,0.000000000,0.000000000,0.050000000,0.000000000,-0.000000000,0.000000005,0.000000005,0.000000004
24.825637812,TRACKING,,0.000789566,1,-0.000000000,-0.000000000,0.050000004,0.000000000,0.000000000,0.050000000,0.000000000,-0.000000000,0.000000004,0.000000004,0.000000003
24.835693193,TRACKING,,0.000819249,1,0.000000000,-0.000000000,0.049999999,0.000000000,0.000000000,0.050000000,-0.000000000,-0.000000000,-0.000000001,0.000000001,0.000000002
24.845764008,TRACKING,,0.000321763,1,0.000000000,-0.000000000,0.049999995,0.000000000,0.000000000,0.050000000,-0.000000000,-0.000000000,-0.000000005,0.000000005,0.000000006
24.855929809,TRACKING,,0.000288518,1,0.000000000,-0.000000000,0.049999990,0.000000000,0.000000000,0.050000000,-0.000000000,-0.000000000,-0.000000010,0.000000010,0.000000009
24.866404312,TRACKING,,0.003281741,1,0.000000000,-0.000000000,0.049999988,0.000000000,0.000000000,0.050000000,-0.000000000,-0.000000000,-0.000000012,0.000000012,0.000000010
24.876679345,TRACKING,,0.002489802,1,0.000000000,-0.000000000,0.049999990,0.000000000,0.000000000,0.050000000,-0.000000000,-0.000000000,-0.000000010,0.000000010,0.000000007
24.886541193,TRACKING,,0.000020184,1,0.000000000,-0.000000000,0.049999992,0.000000000,0.000000000,0.050000000,-0.000000000,-0.000000000,-0.000000008,0.000000008,0.000000005
24.896720054,TRACKING,,0.000535480,1,0.000000000,-0.000000000,0.049999994,0.000000000,0.000000000,0.050000000,-0.000000000,-0.000000000,-0.000000006,0.000000006,0.000000003
24.906913163,TRACKING,,0.000402500,1,0.000000000,-0.000000000,0.049999995,0.000000000,0.000000000,0.050000000,-0.000000000,-0.000000000,-0.000000005,0.000000005,0.000000002
24.916967356,TRACKING,,0.000295642,1,0.000000000,-0.000000000,0.049999997,0.000000000,0.000000000,0.050000000,-0.000000000,-0.000000000,-0.000000003,0.000000003,0.000000000
24.926928939,TRACKING,,0.000337198,1,-0.000000000,-0.000000000,0.049999998,0.000000000,0.000000000,0.050000000,0.000000000,-0.000000000,-0.000000002,0.000000002,0.000000001
24.936908331,TRACKING,,0.000435745,1,-0.000000000,-0.000000000,0.049999999,0.000000000,0.000000000,0.050000000,0.000000000,-0.000000000,-0.000000001,0.000000001,0.000000002
24.947059883,TRACKING,,0.000223215,1,-0.000000000,-0.000000000,0.050000000,0.000000000,0.000000000,0.050000000,0.000000000,-0.000000000,0.000000000,0.000000000,0.000000003
24.957180566,TRACKING,,0.000071239,1,-0.000000000,-0.000000000,0.050000001,0.000000000,0.000000000,0.050000000,0.000000000,-0.000000000,0.000000001,0.000000001,0.000000003
24.967187266,TRACKING,,0.000080737,1,-0.000000000,-0.000000000,0.050000002,0.000000000,0.000000000,0.050000000,0.000000000,-0.000000000,0.000000002,0.000000002,0.000000004
24.977236710,TRACKING,,0.000027308,1,-0.000000000,-0.000000000,0.050000003,0.000000000,0.000000000,0.050000000,0.000000000,-0.000000000,0.000000003,0.000000003,0.000000004
24.987363329,TRACKING,,0.000771755,1,-0.000000000,-0.000000000,0.050000003,0.000000000,0.000000000,0.050000000,0.000000000,-0.000000000,0.000000003,0.000000003,0.000000004
24.997275044,TRACKING,,0.001754854,1,-0.000000000,-0.000000000,0.050000003,0.000000000,0.000000000,0.050000000,0.000000000,-0.000000000,0.000000003,0.000000003,0.000000004
25.007343485,TRACKING,,0.001824905,1,-0.000000000,-0.000000000,0.050000004,0.000000000,0.000000000,0.050000000,0.000000000,-0.000000000,0.000000004,0.000000004,0.000000005
25.017490289,TRACKING,,0.001700237,1,-0.000000000,-0.000000000,0.050000004,0.000000000,0.000000000,0.050000000,0.000000000,-0.000000000,0.000000004,0.000000004,0.000000005
25.029476245,TRACKING,,0.003650997,1,-0.000000000,-0.000000000,0.050000005,0.000000000,0.000000000,0.050000000,0.000000000,-0.000000000,0.000000005,0.000000005,0.000000005
25.039434265,TRACKING,,0.001925827,1,-0.000000000,-0.000000000,0.050000005,0.000000000,0.000000000,0.050000000,0.000000000,-0.000000000,0.000000005,0.000000005,0.000000005
25.049594130,TRACKING,,0.002040996,1,-0.000000000,-0.000000000,0.050000006,0.000000000,0.000000000,0.050000000,0.000000000,-0.000000000,0.000000006,0.000000006,0.000000005
25.059622202,TRACKING,,0.000535480,1,-0.000000000,-0.000000000,0.050000006,0.000000000,0.000000000,0.050000000,0.000000000,-0.000000000,0.000000006,0.000000006,0.000000005
25.072474899,TRACKING,,0.000685081,1,-0.000000000,-0.000000000,0.050000007,0.000000000,0.000000000,0.050000000,0.000000000,-0.000000000,0.000000007,0.000000007,0.000000005
25.082474475,TRACKING,,0.000682707,1,-0.000000000,-0.000000000,0.050000007,0.000000000,0.000000000,0.050000000,0.000000000,-0.000000000,0.000000007,0.000000007,0.000000004
25.092517982,TRACKING,,0.000794315,1,-0.000000000,-0.000000000,0.050000006,0.000000000,0.000000000,0.050000000,0.000000000,-0.000000000,0.000000006,0.000000006,0.000000003
25.103005546,TRACKING,,0.002470805,1,0.000000000,-0.000000000,0.049999999,0.000000000,0.000000000,0.050000000,-0.000000000,-0.000000000,-0.000000001,0.000000001,0.000000003
25.113249709,TRACKING,,0.002447059,1,0.000000000,-0.000000000,0.049999994,0.000000000,0.000000000,0.050000000,-0.000000000,-0.000000000,-0.000000006,0.000000006,0.000000007
25.123625665,TRACKING,,0.002493364,1,0.000000000,-0.000000000,0.049999990,0.000000000,0.000000000,0.050000000,-0.000000000,-0.000000000,-0.000000010,0.000000010,0.000000010
25.133470890,TRACKING,,0.002471993,1,0.000000000,-0.000000000,0.049999989,0.000000000,0.000000000,0.050000000,-0.000000000,-0.000000000,-0.000000011,0.000000011,0.000000010
25.143579699,TRACKING,,0.000471365,1,0.000000000,-0.000000000,0.049999991,0.000000000,0.000000000,0.050000000,-0.000000000,-0.000000000,-0.000000009,0.000000009,0.000000007
25.153527034,TRACKING,,0.000496298,1,0.000000000,-0.000000000,0.049999993,0.000000000,0.000000000,0.050000000,-0.000000000,-0.000000000,-0.000000007,0.000000007,0.000000005
25.163657215,TRACKING,,0.000017810,1,0.000000000,-0.000000000,0.049999995,0.000000000,0.000000000,0.050000000,-0.000000000,-0.000000000,-0.000000005,0.000000005,0.000000003
25.173882382,TRACKING,,0.000014247,1,0.000000000,-0.000000000,0.049999996,0.000000000,0.000000000,0.050000000,-0.000000000,-0.000000000,-0.000000004,0.000000004,0.000000002
25.185457527,TRACKING,,0.004068932,1,0.000000000,-0.000000000,0.049999997,0.000000000,0.000000000,0.050000000,-0.000000000,-0.000000000,-0.000000003,0.000000003,0.000000001
25.195444043,TRACKING,,0.001917515,1,-0.000000000,-0.000000000,0.049999999,0.000000000,0.000000000,0.050000000,0.000000000,-0.000000000,-0.000000001,0.000000001,0.000000001
25.205582535,TRACKING,,0.001984005,1,-0.000000000,-0.000000000,0.050000000,0.000000000,0.000000000,0.050000000,0.000000000,-0.000000000,-0.000000000,0.000000000,0.000000001
25.215580924,TRACKING,,0.001511453,1,-0.000000000,-0.000000000,0.050000001,0.000000000,0.000000000,0.050000000,0.000000000,-0.000000000,0.000000001,0.000000001,0.000000002
25.225642241,TRACKING,,0.001141011,1,-0.000000000,-0.000000000,0.050000001,0.000000000,0.000000000,0.050000000,0.000000000,-0.000000000,0.000000001,0.000000002,0.000000003
25.235933897,TRACKING,,0.002519485,1,-0.000000000,-0.000000000,0.050000001,0.000000000,0.000000000,0.050000000,0.000000000,-0.000000000,0.000000001,0.000000002,0.000000003
25.246282544,TRACKING,,0.002382943,1,-0.000000000,-0.000000000,0.050000002,0.000000000,0.000000000,0.050000000,0.000000000,-0.000000000,0.000000002,0.000000002,0.000000003
25.256260749,TRACKING,,0.002353261,1,-0.000000000,-0.000000000,0.050000003,0.000000000,0.000000000,0.050000000,0.000000000,-0.000000000,0.000000003,0.000000003,0.000000004
25.266287634,TRACKING,,0.002352073,1,-0.000000000,-0.000000000,0.050000004,0.000000000,0.000000000,0.050000000,0.000000000,-0.000000000,0.000000004,0.000000004,0.000000004
25.276346576,TRACKING,,0.001697862,1,-0.000000000,-0.000000000,0.050000004,0.000000000,0.000000000,0.050000000,0.000000000,-0.000000000,0.000000004,0.000000004,0.000000004
25.286365150,TRACKING,,0.001607626,1,-0.000000000,-0.000000000,0.050000005,0.000000000,0.000000000,0.050000000,0.000000000,-0.000000000,0.000000005,0.000000005,0.000000004
25.296445463,TRACKING,,0.001366601,1,-0.000000000,-0.000000000,0.050000005,0.000000000,0.000000000,0.050000000,0.000000000,-0.000000000,0.000000005,0.000000005,0.000000004
25.306418919,TRACKING,,0.000914233,1,-0.000000000,-0.000000000,0.050000006,0.000000000,0.000000000,0.050000000,0.000000000,-0.000000000,0.000000006,0.000000006,0.000000004
25.316673768,TRACKING,,0.002504050,1,-0.000000000,-0.000000000,0.050000006,0.000000000,0.000000000,0.050000000,0.000000000,-0.000000000,0.000000006,0.000000006,0.000000004
25.326570048,TRACKING,,0.001575568,1,-0.000000000,-0.000000000,0.050000006,0.000000000,0.000000000,0.050000000,0.000000000,-0.000000000,0.000000006,0.000000006,0.000000004
25.336650362,TRACKING,,0.002032685,1,-0.000000000,-0.000000000,0.050000007,0.000000000,0.000000000,0.050000000,0.000000000,-0.000000000,0.000000007,0.000000007,0.000000004
25.346831598,TRACKING,,0.001264491,1,0.000000000,-0.000000000,0.050000003,0.000000000,0.000000000,0.050000000,-0.000000000,-0.000000000,0.000000003,0.000000003,0.000000000
25.356808615,TRACKING,,0.003414722,1,0.000000000,-0.000000000,0.050000003,0.000000000,0.000000000,0.050000000,-0.000000000,-0.000000000,0.000000003,0.000000003,0.000000000
25.366996975,TRACKING,,0.001249057,1,0.000000000,-0.000000000,0.049999997,0.000000000,0.000000000,0.050000000,-0.000000000,-0.000000000,-0.000000003,0.000000003,0.000000005
25.376971618,TRACKING,,0.000941542,1,0.000000000,-0.000000000,0.049999992,0.000000000,0.000000000,0.050000000,-0.000000000,-0.000000000,-0.000000008,0.000000008,0.000000008
25.386960508,TRACKING,,0.000984286,1,0.000000000,-0.000000000,0.049999990,0.000000000,0.000000000,0.050000000,-0.000000000,-0.000000000,-0.000000010,0.000000010,0.000000010
25.396990955,TRACKING,,0.000713577,1,0.000000000,-0.000000000,0.049999992,0.000000000,0.000000000,0.050000000,-0.000000000,-0.000000000,-0.000000008,0.000000008,0.000000008
25.407109263,TRACKING,,0.000587722,1,0.000000000,-0.000000000,0.049999993,0.000000000,0.000000000,0.050000000,-0.000000000,-0.000000000,-0.000000007,0.000000007,0.000000005
25.417181266,TRACKING,,0.000672021,1,0.000000000,-0.000000000,0.049999995,0.000000000,0.000000000,0.050000000,-0.000000000,-0.000000000,-0.000000005,0.000000005,0.000000004
25.427199839,TRACKING,,0.000184034,1,0.000000000,-0.000000000,0.049999996,0.000000000,0.000000000,0.050000000,-0.000000000,-0.000000000,-0.000000004,0.000000004,0.000000002
25.437309836,TRACKING,,0.002346137,1,0.000000000,-0.000000000,0.049999998,0.000000000,0.000000000,0.050000000,-0.000000000,-0.000000000,-0.000000002,0.000000002,0.000000001
25.447409147,TRACKING,,0.002360385,1,-0.000000000,-0.000000000,0.049999999,0.000000000,0.000000000,0.050000000,0.000000000,-0.000000000,-0.000000001,0.000000001,0.000000000
25.457432470,TRACKING,,0.002301018,1,-0.000000000,-0.000000000,0.050000000,0.000000000,0.000000000,0.050000000,0.000000000,-0.000000000,-0.000000000,0.000000000,0.000000001
25.467846420,TRACKING,,0.002493364,1,-0.000000000,-0.000000000,0.050000001,0.000000000,0.000000000,0.050000000,0.000000000,-0.000000000,0.000000001,0.000000001,0.000000002
25.477755760,TRACKING,,0.000039182,1,-0.000000000,-0.000000000,0.050000002,0.000000000,0.000000000,0.050000000,0.000000000,-0.000000000,0.000000002,0.000000002,0.000000002
25.487799267,TRACKING,,0.000056992,1,-0.000000000,-0.000000000,0.050000002,0.000000000,0.000000000,0.050000000,0.000000000,-0.000000000,0.000000002,0.000000002,0.000000002
25.497909264,TRACKING,,0.000020185,1,-0.000000000,-0.000000000,0.050000003,0.000000000,0.000000000,0.050000000,0.000000000,-0.000000000,0.000000003,0.000000003,0.000000003
25.508056067,TRACKING,,0.000035620,1,-0.000000000,-0.000000000,0.050000004,0.000000000,0.000000000,0.050000000,0.000000000,-0.000000000,0.000000004,0.000000004,0.000000004
25.518243240,TRACKING,,0.002512361,1,-0.000000000,-0.000000000,0.050000004,0.000000000,0.000000000,0.050000000,0.000000000,-0.000000000,0.000000004,0.000000004,0.000000004
25.528587138,TRACKING,,0.002479116,1,-0.000000000,-0.000000000,0.050000005,0.000000000,0.000000000,0.050000000,0.000000000,-0.000000000,0.000000005,0.000000005,0.000000004
25.538718506,TRACKING,,0.002273710,1,-0.000000000,-0.000000000,0.050000005,0.000000000,0.000000000,0.050000000,0.000000000,-0.000000000,0.000000005,0.000000005,0.000000004
25.548712146,TRACKING,,0.000790753,1,-0.000000000,-0.000000000,0.050000006,0.000000000,0.000000000,0.050000000,0.000000000,-0.000000000,0.000000006,0.000000006,0.000000004
25.558722409,TRACKING,,0.000749196,1,-0.000000000,-0.000000000,0.050000006,0.000000000,0.000000000,0.050000000,0.000000000,-0.000000000,0.000000006,0.000000006,0.000000004
25.568712486,TRACKING,,0.000864366,1,-0.000000000,-0.000000000,0.050000006,0.000000000,0.000000000,0.050000000,0.000000000,-0.000000000,0.000000006,0.000000006,0.000000004
25.578909157,TRACKING,,0.000805001,1,-0.000000000,-0.000000000,0.050000005,0.000000000,0.000000000,0.050000000,0.000000000,-0.000000000,0.000000005,0.000000005,0.000000003
25.589034589,TRACKING,,0.000793127,1,0.000000000,-0.000000000,0.050000000,0.000000000,0.000000000,0.050000000,-0.000000000,-0.000000000,-0.000000000,0.000000000,0.000000002
25.599095906,TRACKING,,0.000990222,1,0.000000000,-0.000000000,0.049999994,0.000000000,0.000000000,0.050000000,-0.000000000,-0.000000000,-0.000000006,0.000000006,0.000000006
25.609102606,TRACKING,,0.001161195,1,0.000000000,-0.000000000,0.049999990,0.000000000,0.000000000,0.050000000,-0.000000000,-0.000000000,-0.000000010,0.000000010,0.000000010
25.619555738,TRACKING,,0.002511174,1,0.000000000,-0.000000000,0.049999990,0.000000000,0.000000000,0.050000000,-0.000000000,-0.000000000,-0.000000010,0.000000010,0.000000009
25.629652674,TRACKING,,0.002506424,1,0.000000000,-0.000000000,0.049999992,0.000000000,0.000000000,0.050000000,-0.000000000,-0.000000000,-0.000000008,0.000000008,0.000000006
25.640448939,TRACKING,,0.002435185,1,0.000000000,-0.000000000,0.049999994,0.000000000,0.000000000,0.050000000,-0.000000000,-0.000000000,-0.000000006,0.000000006,0.000000004
25.649772933,TRACKING,,0.002354448,1,0.000000000,-0.000000000,0.049999995,0.000000000,0.000000000,0.050000000,-0.000000000,-0.000000000,-0.000000005,0.000000005,0.000000003
25.659740452,TRACKING,,0.000799063,1,0.000000000,-0.000000000,0.049999997,0.000000000,0.000000000,0.050000000,-0.000000000,-0.000000000,-0.000000003,0.000000003,0.000000001
25.669722219,TRACKING,,0.000775318,1,-0.000000000,-0.000000000,0.049999998,0.000000000,0.000000000,0.050000000,0.000000000,-0.000000000,-0.000000002,0.000000002,0.000000000
25.679852400,TRACKING,,0.000634027,1,-0.000000000,-0.000000000,0.049999999,0.000000000,0.000000000,0.050000000,0.000000000,-0.000000000,-0.000000001,0.000000001,0.000000001
25.690065693,TRACKING,,0.000698142,1,-0.000000000,-0.000000000,0.050000000,0.000000000,0.000000000,0.050000000,0.000000000,-0.000000000,-0.000000000,0.000000000,0.000000002
25.701392689,TRACKING,,0.004719581,1,-0.000000000,-0.000000000,0.050000000,0.000000000,0.000000000,0.050000000,0.000000000,-0.000000000,-0.000000000,0.000000000,0.000000002
25.711432634,TRACKING,,0.001985193,1,-0.000000000,-0.000000000,0.050000001,0.000000000,0.000000000,0.050000000,0.000000000,-0.000000000,0.000000001,0.000000001,0.000000003
25.721584187,TRACKING,,0.001985193,1,-0.000000000,-0.000000000,0.050000002,0.000000000,0.000000000,0.050000000,0.000000000,-0.000000000,0.000000002,0.000000002,0.000000003
25.731567141,TRACKING,,0.001187316,1,-0.000000000,-0.000000000,0.050000003,0.000000000,0.000000000,0.050000000,0.000000000,-0.000000000,0.000000003,0.000000003,0.000000003
25.741630832,TRACKING,,0.001154071,1,-0.000000000,-0.000000000,0.050000003,0.000000000,0.000000000,0.050000000,0.000000000,-0.000000000,0.000000003,0.000000003,0.000000004
25.751777636,TRACKING,,0.001022279,1,-0.000000000,-0.000000000,0.050000004,0.000000000,0.000000000,0.050000000,0.000000000,-0.000000000,0.000000004,0.000000004,0.000000004
25.762329315,TRACKING,,0.004079618,1,-0.000000000,-0.000000000,0.050000004,0.000000000,0.000000000,0.050000000,0.000000000,-0.000000000,0.000000004,0.000000004,0.000000004
25.772397755,TRACKING,,0.000010686,1,-0.000000000,-0.000000000,0.050000005,0.000000000,0.000000000,0.050000000,0.000000000,-0.000000000,0.000000005,0.000000005,0.000000004
25.782378335,TRACKING,,0.000056992,1,-0.000000000,-0.000000000,0.050000005,0.000000000,0.000000000,0.050000000,0.000000000,-0.000000000,0.000000005,0.000000005,0.000000004
25.792484770,TRACKING,,0.001930576,1,-0.000000000,-0.000000000,0.050000006,0.000000000,0.000000000,0.050000000,0.000000000,-0.000000000,0.000000006,0.000000006,0.000000004
25.804445792,TRACKING,,0.003883711,1,-0.000000000,-0.000000000,0.050000006,0.000000000,0.000000000,0.050000000,0.000000000,-0.000000000,0.000000006,0.000000006,0.000000004
25.814472677,TRACKING,,0.002013688,1,-0.000000000,-0.000000000,0.050000007,0.000000000,0.000000000,0.050000000,0.000000000,-0.000000000,0.000000007,0.000000007,0.000000004
25.824498374,TRACKING,,0.002216719,1,0.000000000,-0.000000000,0.050000003,0.000000000,0.000000000,0.050000000,-0.000000000,-0.000000000,0.000000003,0.000000003,0.000000001
25.834616682,TRACKING,,0.001194440,1,0.000000000,-0.000000000,0.049999997,0.000000000,0.000000000,0.050000000,-0.000000000,-0.000000000,-0.000000003,0.000000003,0.000000004
25.844640005,TRACKING,,0.001144573,1,0.000000000,-0.000000000,0.049999993,0.000000000,0.000000000,0.050000000,-0.000000000,-0.000000000,-0.000000007,0.000000007,0.000000008
25.854778497,TRACKING,,0.000724263,1,0.000000000,-0.000000000,0.049999995,0.000000000,0.000000000,0.050000000,-0.000000000,-0.000000000,-0.000000005,0.000000005,0.000000006
25.864801820,TRACKING,,0.000822810,1,0.000000000,-0.000000000,0.049999996,0.000000000,0.000000000,0.050000000,-0.000000000,-0.000000000,-0.000000004,0.000000004,0.000000004
25.874967621,TRACKING,,0.000713577,1,0.000000000,-0.000000000,0.049999997,0.000000000,0.000000000,0.050000000,-0.000000000,-0.000000000,-0.000000003,0.000000003,0.000000003
25.885018252,TRACKING,,0.000449993,1,0.000000000,-0.000000000,0.049999998,0.000000000,0.000000000,0.050000000,-0.000000000,-0.000000000,-0.000000002,0.000000002,0.000000001
25.895124686,TRACKING,,0.000324137,1,0.000000000,-0.000000000,0.049999999,0.000000000,0.000000000,0.050000000,-0.000000000,-0.000000000,-0.000000001,0.000000001,0.000000000
25.905155133,TRACKING,,0.000154351,1,-0.000000000,-0.000000000,0.050000000,0.000000000,0.000000000,0.050000000,0.000000000,-0.000000000,0.000000000,0.000000000,0.000000000
25.915240196,TRACKING,,0.002169226,1,-0.000000000,-0.000000000,0.050000000,0.000000000,0.000000000,0.050000000,0.000000000,-0.000000000,0.000000000,0.000000000,0.000000000
25.925337132,TRACKING,,0.001987567,1,-0.000000000,-0.000000000,0.050000001,0.000000000,0.000000000,0.050000000,0.000000000,-0.000000000,0.000000001,0.000000001,0.000000001
25.935330772,TRACKING,,0.001150509,1,-0.000000000,-0.000000000,0.050000002,0.000000000,0.000000000,0.050000000,0.000000000,-0.000000000,0.000000002,0.000000002,0.000000002
25.945426521,TRACKING,,0.003716300,1,-0.000000000,-0.000000000,0.050000003,0.000000000,0.000000000,0.050000000,0.000000000,-0.000000000,0.000000003,0.000000003,0.000000002
25.955618442,TRACKING,,0.001124388,1,-0.000000000,-0.000000000,0.050000004,0.000000000,0.000000000,0.050000000,0.000000000,-0.000000000,0.000000004,0.000000004,0.000000003
25.965506411,TRACKING,,0.001272803,1,-0.000000000,-0.000000000,0.050000004,0.000000000,0.000000000,0.050000000,0.000000000,-0.000000000,0.000000004,0.000000004,0.000000003
25.975642529,TRACKING,,0.001170694,1,-0.000000000,-0.000000000,0.050000005,0.000000000,0.000000000,0.050000000,0.000000000,-0.000000000,0.000000005,0.000000005,0.000000003
25.985684848,TRACKING,,0.001103017,1,-0.000000000,-0.000000000,0.050000005,0.000000000,0.000000000,0.050000000,0.000000000,-0.000000000,0.000000005,0.000000005,0.000000003
25.995787721,TRACKING,,0.001314359,1,0.000000000,-0.000000000,0.050000000,0.000000000,0.000000000,0.050000000,-0.000000000,-0.000000000,0.000000000,0.000000000,0.000000001
26.005858536,TRACKING,,0.001355915,1,0.000000000,-0.000000000,0.049999996,0.000000000,0.000000000,0.050000000,-0.000000000,-0.000000000,-0.000000004,0.000000004,0.000000005
26.016583563,TRACKING,,0.001994691,1,0.000000000,-0.000000000,0.049999997,0.000000000,0.000000000,0.050000000,-0.000000000,-0.000000000,-0.000000003,0.000000003,0.000000004
26.026609260,TRACKING,,0.001348791,1,0.000000000,-0.000000000,0.049999998,0.000000000,0.000000000,0.050000000,-0.000000000,-0.000000000,-0.000000002,0.000000002,0.000000002
26.036716882,TRACKING,,0.001074521,1,0.000000000,-0.000000000,0.049999999,0.000000000,0.000000000,0.050000000,-0.000000000,-0.000000000,-0.000000001,0.000000001,0.000000001
26.046863686,TRACKING,,0.000933231,1,0.000000000,-0.000000000,0.050000000,0.000000000,0.000000000,0.050000000,-0.000000000,-0.000000000,0.000000000,0.000000000,0.000000000
26.056790836,TRACKING,,0.000895236,1,-0.000000000,-0.000000000,0.050000001,0.000000000,0.000000000,0.050000000,0.000000000,-0.000000000,0.000000001,0.000000001,0.000000001
26.066912706,TRACKING,,0.000333636,1,-0.000000000,-0.000000000,0.050000002,0.000000000,0.000000000,0.050000000,0.000000000,-0.000000000,0.000000002,0.000000002,0.000000001
26.076962149,TRACKING,,0.000350258,1,-0.000000000,-0.000000000,0.050000002,0.000000000,0.000000000,0.050000000,0.000000000,-0.000000000,0.000000002,0.000000002,0.000000001
26.087107765,TRACKING,,0.000313451,1,-0.000000000,-0.000000000,0.050000003,0.000000000,0.000000000,0.050000000,0.000000000,-0.000000000,0.000000003,0.000000003,0.000000002
26.097091907,TRACKING,,0.000077175,1,0.000000000,-0.000000000,0.049999998,0.000000000,0.000000000,0.050000000,-0.000000000,-0.000000000,-0.000000002,0.000000002,0.000000002
26.107738570,TRACKING,,0.002504049,1,0.000000000,-0.000000000,0.049999998,0.000000000,0.000000000,0.050000000,-0.000000000,-0.000000000,-0.000000002,0.000000002,0.000000002
26.117542239,TRACKING,,0.002373445,1,0.000000000,-0.000000000,0.049999994,0.000000000,0.000000000,0.050000000,-0.000000000,-0.000000000,-0.000000006,0.000000006,0.000000006
26.128330194,TRACKING,,0.002372258,1,0.000000000,-0.000000000,0.049999995,0.000000000,0.000000000,0.050000000,-0.000000000,-0.000000000,-0.000000005,0.000000005,0.000000004
26.137694556,TRACKING,,0.002289146,1,0.000000000,-0.000000000,0.049999996,0.000000000,0.000000000,0.050000000,-0.000000000,-0.000000000,-0.000000004,0.000000004,0.000000003
26.147726190,TRACKING,,0.000758695,1,0.000000000,-0.000000000,0.049999998,0.000000000,0.000000000,0.050000000,-0.000000000,-0.000000000,-0.000000002,0.000000002,0.000000002
26.157792256,TRACKING,,0.000771755,1,0.000000000,-0.000000000,0.049999999,0.000000000,0.000000000,0.050000000,-0.000000000,-0.000000000,-0.000000001,0.000000001,0.000000000
26.167846449,TRACKING,,0.000715952,1,-0.000000000,-0.000000000,0.050000000,0.000000000,0.000000000,0.050000000,0.000000000,-0.000000000,-0.000000000,0.000000000,0.000000000
26.177943385,TRACKING,,0.000694580,1,-0.000000000,-0.000000000,0.050000001,0.000000000,0.000000000,0.050000000,0.000000000,-0.000000000,0.000000001,0.000000001,0.000000001
26.188468942,TRACKING,,0.003688991,1,-0.000000000,-0.000000000,0.050000002,0.000000000,0.000000000,0.050000000,0.000000000,-0.000000000,0.000000002,0.000000002,0.000000002
26.198512449,TRACKING,,0.002377007,1,-0.000000000,-0.000000000,0.050000002,0.000000000,0.000000000,0.050000000,0.000000000,-0.000000000,0.000000002,0.000000002,0.000000002
26.208572579,TRACKING,,0.000615030,1,-0.000000000,-0.000000000,0.050000003,0.000000000,0.000000000,0.050000000,0.000000000,-0.000000000,0.000000003,0.000000003,0.000000003
26.218557907,TRACKING,,0.000541416,1,-0.000000000,-0.000000000,0.050000004,0.000000000,0.000000000,0.050000000,0.000000000,-0.000000000,0.000000004,0.000000004,0.000000003
26.228691650,TRACKING,,0.000676770,1,-0.000000000,-0.000000000,0.050000004,0.000000000,0.000000000,0.050000000,0.000000000,-0.000000000,0.000000004,0.000000004,0.000000003
26.238738719,TRACKING,,0.000559226,1,-0.000000000,-0.000000000,0.050000005,0.000000000,0.000000000,0.050000000,0.000000000,-0.000000000,0.000000005,0.000000005,0.000000004
26.248880773,TRACKING,,0.000631652,1,-0.000000000,-0.000000000,0.050000002,0.000000000,0.000000000,0.050000000,0.000000000,-0.000000000,0.000000002,0.000000002,0.000000001
26.258958713,TRACKING,,0.000651837,1,0.000000000,-0.000000000,0.049999998,0.000000000,0.000000000,0.050000000,-0.000000000,-0.000000000,-0.000000002,0.000000002,0.000000003
26.268940479,TRACKING,,0.000641150,1,0.000000000,-0.000000000,0.049999993,0.000000000,0.000000000,0.050000000,-0.000000000,-0.000000000,-0.000000007,0.000000007,0.000000007
26.279056412,TRACKING,,0.000609093,1,0.000000000,-0.000000000,0.049999992,0.000000000,0.000000000,0.050000000,-0.000000000,-0.000000000,-0.000000008,0.000000008,0.000000007
26.289102294,TRACKING,,0.000590096,1,0.000000000,-0.000000000,0.049999994,0.000000000,0.000000000,0.050000000,-0.000000000,-0.000000000,-0.000000006,0.000000006,0.000000005
26.299199230,TRACKING,,0.001644433,1,0.000000000,-0.000000000,0.049999995,0.000000000,0.000000000,0.050000000,-0.000000000,-0.000000000,-0.000000005,0.000000005,0.000000003
26.309322287,TRACKING,,0.001722796,1,0.000000000,-0.000000000,0.049999997,0.000000000,0.000000000,0.050000000,-0.000000000,-0.000000000,-0.000000003,0.000000003,0.000000002
26.319349172,TRACKING,,0.001766726,1,0.000000000,-0.000000000,0.049999998,0.000000000,0.000000000,0.050000000,-0.000000000,-0.000000000,-0.000000002,0.000000002,0.000000000
26.329316691,TRACKING,,0.001367788,1,-0.000000000,-0.000000000,0.049999999,0.000000000,0.000000000,0.050000000,0.000000000,-0.000000000,-0.000000001,0.000000001,0.000000001
26.339389881,TRACKING,,0.001501955,1,-0.000000000,-0.000000000,0.049999999,0.000000000,0.000000000,0.050000000,0.000000000,-0.000000000,-0.000000001,0.000000001,0.000000001
26.349412016,TRACKING,,0.001490082,1,-0.000000000,-0.000000000,0.050000000,0.000000000,0.000000000,0.050000000,0.000000000,-0.000000000,0.000000000,0.000000000,0.000000002
26.359608687,TRACKING,,0.001645620,1,-0.000000000,-0.000000000,0.050000001,0.000000000,0.000000000,0.050000000,0.000000000,-0.000000000,0.000000001,0.000000001,0.000000002
26.369648632,TRACKING,,0.001162382,1,-0.000000000,-0.000000000,0.050000002,0.000000000,0.000000000,0.050000000,0.000000000,-0.000000000,0.000000002,0.000000002,0.000000003
26.379743194,TRACKING,,0.001203939,1,-0.000000000,-0.000000000,0.050000003,0.000000000,0.000000000,0.050000000,0.000000000,-0.000000000,0.000000003,0.000000003,0.000000003
26.389765329,TRACKING,,0.001113702,1,-0.000000000,-0.000000000,0.050000003,0.000000000,0.000000000,0.050000000,0.000000000,-0.000000000,0.000000003,0.000000003,0.000000003
26.399829020,TRACKING,,0.001254993,1,-0.000000000,-0.000000000,0.050000004,0.000000000,0.000000000,0.050000000,0.000000000,-0.000000000,0.000000004,0.000000004,0.000000004
26.409944954,TRACKING,,0.001104204,1,-0.000000000,-0.000000000,0.050000005,0.000000000,0.000000000,0.050000000,0.000000000,-0.000000000,0.000000005,0.000000005,0.000000004
26.420075135,TRACKING,,0.001141011,1,-0.000000000,-0.000000000,0.050000005,0.000000000,0.000000000,0.050000000,0.000000000,-0.000000000,0.000000005,0.000000005,0.000000004
26.430052152,TRACKING,,0.001048400,1,-0.000000000,-0.000000000,0.050000005,0.000000000,0.000000000,0.050000000,0.000000000,-0.000000000,0.000000005,0.000000005,0.000000004
26.440140777,TRACKING,,0.001095893,1,-0.000000000,-0.000000000,0.050000006,0.000000000,0.000000000,0.050000000,0.000000000,-0.000000000,0.000000006,0.000000006,0.000000004
26.450259085,TRACKING,,0.000261210,1,0.000000000,-0.000000000,0.050000002,0.000000000,0.000000000,0.050000000,-0.000000000,-0.000000000,0.000000002,0.000000002,0.000000000
26.460227791,TRACKING,,0.000172161,1,0.000000000,-0.000000000,0.049999997,0.000000000,0.000000000,0.050000000,-0.000000000,-0.000000000,-0.000000003,0.000000003,0.000000004
26.473638527,TRACKING,,0.002396004,1,0.000000000,-0.000000000,0.049999992,0.000000000,0.000000000,0.050000000,-0.000000000,-0.000000000,-0.000000008,0.000000008,0.000000008
26.480433537,TRACKING,,0.002422125,1,0.000000000,-0.000000000,0.049999991,0.000000000,0.000000000,0.050000000,-0.000000000,-0.000000000,-0.000000009,0.000000009,0.000000008
26.490492479,TRACKING,,0.000067677,1,0.000000000,-0.000000000,0.049999993,0.000000000,0.000000000,0.050000000,-0.000000000,-0.000000000,-0.000000007,0.000000007,0.000000006
26.500462372,TRACKING,,0.000144852,1,0.000000000,-0.000000000,0.049999993,0.000000000,0.000000000,0.050000000,-0.000000000,-0.000000000,-0.000000007,0.000000007,0.000000006
26.512438830,TRACKING,,0.004613910,1,0.000000000,-0.000000000,0.049999995,0.000000000,0.000000000,0.050000000,-0.000000000,-0.000000000,-0.000000005,0.000000005,0.000000003
26.522451467,TRACKING,,0.002020812,1,0.000000000,-0.000000000,0.049999996,0.000000000,0.000000000,0.050000000,-0.000000000,-0.000000000,-0.000000004,0.000000004,0.000000002
26.532494974,TRACKING,,0.001119639,1,0.000000000,-0.000000000,0.049999998,0.000000000,0.000000000,0.050000000,-0.000000000,-0.000000000,-0.000000002,0.000000002,0.000000001
26.542669085,TRACKING,,0.000141291,1,-0.000000000,-0.000000000,0.049999999,0.000000000,0.000000000,0.050000000,0.000000000,-0.000000000,-0.000000001,0.000000001,0.000000000
26.552659163,TRACKING,,0.000185221,1,-0.000000000,-0.000000000,0.050000000,0.000000000,0.000000000,0.050000000,0.000000000,-0.000000000,-0.000000000,0.000000000,0.000000001
26.562814278,TRACKING,,0.000094985,1,-0.000000000,-0.000000000,0.050000001,0.000000000,0.000000000,0.050000000,0.000000000,-0.000000000,0.000000001,0.000000001,0.000000002
26.573035882,TRACKING,,0.000105671,1,-0.000000000,-0.000000000,0.050000002,0.000000000,0.000000000,0.050000000,0.000000000,-0.000000000,0.000000002,0.000000002,0.000000002
26.582934537,TRACKING,,0.002582413,1,-0.000000000,-0.000000000,0.050000002,0.000000000,0.000000000,0.050000000,0.000000000,-0.000000000,0.000000002,0.000000002,0.000000003
26.592919865,TRACKING,,0.000379941,1,-0.000000000,-0.000000000,0.050000003,0.000000000,0.000000000,0.050000000,0.000000000,-0.000000000,0.000000003,0.000000003,0.000000003
26.603058358,TRACKING,,0.000087862,1,-0.000000000,-0.000000000,0.050000004,0.000000000,0.000000000,0.050000000,0.000000000,-0.000000000,0.000000004,0.000000004,0.000000004
26.613108989,TRACKING,,0.000146040,1,-0.000000000,-0.000000000,0.050000004,0.000000000,0.000000000,0.050000000,0.000000000,-0.000000000,0.000000004,0.000000004,0.000000004
26.623210674,TRACKING,,0.000378754,1,-0.000000000,-0.000000000,0.050000005,0.000000000,0.000000000,0.050000000,0.000000000,-0.000000000,0.000000005,0.000000005,0.000000004
26.633273178,TRACKING,,0.000463053,1,-0.000000000,-0.000000000,0.050000005,0.000000000,0.000000000,0.050000000,0.000000000,-0.000000000,0.000000005,0.000000005,0.000000004
26.643314310,TRACKING,,0.000390627,1,-0.000000000,-0.000000000,0.050000006,0.000000000,0.000000000,0.050000000,0.000000000,-0.000000000,0.000000006,0.000000006,0.000000004
26.653467051,TRACKING,,0.000232714,1,-0.000000000,-0.000000000,0.050000006,0.000000000,0.000000000,0.050000000,0.000000000,-0.000000000,0.000000006,0.000000006,0.000000004
26.663389451,TRACKING,,0.000269521,1,-0.000000000,-0.000000000,0.050000006,0.000000000,0.000000000,0.050000000,0.000000000,-0.000000000,0.000000006,0.000000006,0.000000004
26.674247457,TRACKING,,0.001316733,1,-0.000000000,-0.000000000,0.050000006,0.000000000,0.000000000,0.050000000,0.000000000,-0.000000000,0.000000006,0.000000006,0.000000004
26.684270780,TRACKING,,0.001290613,1,0.000000000,-0.000000000,0.050000000,0.000000000,0.000000000,0.050000000,-0.000000000,-0.000000000,0.000000000,0.000000000,0.000000002
26.694419958,TRACKING,,0.001270428,1,0.000000000,-0.000000000,0.049999995,0.000000000,0.000000000,0.050000000,-0.000000000,-0.000000000,-0.000000005,0.000000005,0.000000006
26.704537079,TRACKING,,0.000973599,1,0.000000000,-0.000000000,0.049999991,0.000000000,0.000000000,0.050000000,-0.000000000,-0.000000000,-0.000000009,0.000000009,0.000000009
26.714506972,TRACKING,,0.000948665,1,0.000000000,-0.000000000,0.049999989,0.000000000,0.000000000,0.050000000,-0.000000000,-0.000000000,-0.000000011,0.000000011,0.000000010
26.724513672,TRACKING,,0.000823997,1,0.000000000,-0.000000000,0.049999991,0.000000000,0.000000000,0.050000000,-0.000000000,-0.000000000,-0.000000009,0.000000009,0.000000008
26.734639104,TRACKING,,0.003484773,1,0.000000000,-0.000000000,0.049999992,0.000000000,0.000000000,0.050000000,-0.000000000,-0.000000000,-0.000000008,0.000000008,0.000000006
26.744637493,TRACKING,,0.002078991,1,0.000000000,-0.000000000,0.049999994,0.000000000,0.000000000,0.050000000,-0.000000000,-0.000000000,-0.000000006,0.000000006,0.000000004
26.754728493,TRACKING,,0.002138357,1,0.000000000,-0.000000000,0.049999996,0.000000000,0.000000000,0.050000000,-0.000000000,-0.000000000,-0.000000004,0.000000004,0.000000002
26.764855112,TRACKING,,0.001348791,1,0.000000000,-0.000000000,0.049999997,0.000000000,0.000000000,0.050000000,-0.000000000,-0.000000000,-0.000000003,0.000000003,0.000000001
26.777496467,TRACKING,,0.004025001,1,-0.000000000,-0.000000000,0.049999998,0.000000000,0.000000000,0.050000000,0.000000000,-0.000000000,-0.000000002,0.000000002,0.000000000
26.787428366,TRACKING,,0.001981631,1,-0.000000000,-0.000000000,0.050000000,0.000000000,0.000000000,0.050000000,0.000000000,-0.000000000,-0.000000000,0.000000000,0.000000002
26.797554985,TRACKING,,0.002253526,1,-0.000000000,-0.000000000,0.050000001,0.000000000,0.000000000,0.050000000,0.000000000,-0.000000000,0.000000001,0.000000001,0.000000002
26.807592555,TRACKING,,0.002246402,1,-0.000000000,-0.000000000,0.050000001,0.000000000,0.000000000,0.050000000,0.000000000,-0.000000000,0.000000001,0.000000001,0.000000002
26.819582074,TRACKING,,0.001402220,1,-0.000000000,-0.000000000,0.050000002,0.000000000,0.000000000,0.050000000,0.000000000,-0.000000000,0.000000002,0.000000002,0.000000003
26.829424924,TRACKING,,0.001323857,1,-0.000000000,-0.000000000,0.050000003,0.000000000,0.000000000,0.050000000,0.000000000,-0.000000000,0.000000003,0.000000003,0.000000004
26.839545607,TRACKING,,0.001287051,1,-0.000000000,-0.000000000,0.050000004,0.000000000,0.000000000,0.050000000,0.000000000,-0.000000000,0.000000004,0.000000004,0.000000004
26.849611673,TRACKING,,0.001744167,1,-0.000000000,-0.000000000,0.050000004,0.000000000,0.000000000,0.050000000,0.000000000,-0.000000000,0.000000004,0.000000004,0.000000004
26.859665866,TRACKING,,0.001466335,1,-0.000000000,-0.000000000,0.050000004,0.000000000,0.000000000,0.050000000,0.000000000,-0.000000000,0.000000004,0.000000004,0.000000004
26.869796047,TRACKING,,0.001313171,1,-0.000000000,-0.000000000,0.050000005,0.000000000,0.000000000,0.050000000,0.000000000,-0.000000000,0.000000005,0.000000005,0.000000004
26.879777813,TRACKING,,0.001668179,1,-0.000000000,-0.000000000,0.050000005,0.000000000,0.000000000,0.050000000,0.000000000,-0.000000000,0.000000005,0.000000005,0.000000004
26.889921054,TRACKING,,0.001520952,1,-0.000000000,-0.000000000,0.050000006,0.000000000,0.000000000,0.050000000,0.000000000,-0.000000000,0.000000006,0.000000006,0.000000004
26.900036988,TRACKING,,0.001326232,1,-0.000000000,-0.000000000,0.050000006,0.000000000,0.000000000,0.050000000,0.000000000,-0.000000000,0.000000006,0.000000006,0.000000004
26.911380606,TRACKING,,0.000018997,1,-0.000000000,-0.000000000,0.050000006,0.000000000,0.000000000,0.050000000,0.000000000,-0.000000000,0.000000006,0.000000006,0.000000004
26.921601023,TRACKING,,0.002239278,1,-0.000000000,-0.000000000,0.050000005,0.000000000,0.000000000,0.050000000,0.000000000,-0.000000000,0.000000005,0.000000005,0.000000003
26.932018534,TRACKING,,0.001256181,1,0.000000000,-0.000000000,0.050000000,0.000000000,0.000000000,0.050000000,-0.000000000,-0.000000000,0.000000000,0.000000000,0.000000002
26.941716532,TRACKING,,0.001346416,1,0.000000000,-0.000000000,0.049999995,0.000000000,0.000000000,0.050000000,-0.000000000,-0.000000000,-0.000000005,0.000000005,0.000000006
26.951865710,TRACKING,,0.000823998,1,0.000000000,-0.000000000,0.049999989,0.000000000,0.000000000,0.050000000,-0.000000000,-0.000000000,-0.000000011,0.000000011,0.000000011
26.961827292,TRACKING,,0.000814498,1,0.000000000,-0.000000000,0.049999991,0.000000000,0.000000000,0.050000000,-0.000000000,-0.000000000,-0.000000009,0.000000009,0.000000008
26.974646744,TRACKING,,0.000427434,1,0.000000000,-0.000000000,0.049999992,0.000000000,0.000000000,0.050000000,-0.000000000,-0.000000000,-0.000000008,0.000000008,0.000000006
26.981955862,TRACKING,,0.000315826,1,0.000000000,-0.000000000,0.049999994,0.000000000,0.000000000,0.050000000,-0.000000000,-0.000000000,-0.000000006,0.000000006,0.000000004
26.993443145,TRACKING,,0.004220909,1,0.000000000,-0.000000000,0.049999994,0.000000000,0.000000000,0.050000000,-0.000000000,-0.000000000,-0.000000006,0.000000006,0.000000004
27.003477154,TRACKING,,0.001935326,1,0.000000000,-0.000000000,0.049999996,0.000000000,0.000000000,0.050000000,-0.000000000,-0.000000000,-0.000000004,0.000000004,0.000000002
27.013613271,TRACKING,,0.000033245,1,0.000000000,-0.000000000,0.049999997,0.000000000,0.000000000,0.050000000,-0.000000000,-0.000000000,-0.000000003,0.000000003,0.000000001
27.023637781,TRACKING,,0.000023746,1,-0.000000000,-0.000000000,0.049999998,0.000000000,0.000000000,0.050000000,0.000000000,-0.000000000,-0.000000002,0.000000002,0.000000000
27.035463450,TRACKING,,0.001602877,1,-0.000000000,-0.000000000,0.049999999,0.000000000,0.000000000,0.050000000,0.000000000,-0.000000000,-0.000000001,0.000000001,0.000000001
27.045444029,TRACKING,,0.001349979,1,-0.000000000,-0.000000000,0.050000000,0.000000000,0.000000000,0.050000000,0.000000000,-0.000000000,0.000000000,0.000000000,0.000000002
27.055575397,TRACKING,,0.001349978,1,-0.000000000,-0.000000000,0.050000001,0.000000000,0.000000000,0.050000000,0.000000000,-0.000000000,0.000000001,0.000000001,0.000000002
27.065571411,TRACKING,,0.000879802,1,-0.000000000,-0.000000000,0.050000002,0.000000000,0.000000000,0.050000000,0.000000000,-0.000000000,0.000000002,0.000000002,0.000000003
27.078482287,TRACKING,,0.001269241,1,-0.000000000,-0.000000000,0.050000003,0.000000000,0.000000000,0.050000000,0.000000000,-0.000000000,0.000000003,0.000000003,0.000000003
27.088468802,TRACKING,,0.001164757,1,-0.000000000,-0.000000000,0.050000004,0.000000000,0.000000000,0.050000000,0.000000000,-0.000000000,0.000000004,0.000000004,0.000000004
27.098600171,TRACKING,,0.001266866,1,-0.000000000,-0.000000000,0.050000004,0.000000000,0.000000000,0.050000000,0.000000000,-0.000000000,0.000000004,0.000000004,0.000000004
27.108603309,TRACKING,,0.000821623,1,-0.000000000,-0.000000000,0.050000005,0.000000000,0.000000000,0.050000000,0.000000000,-0.000000000,0.000000005,0.000000005,0.000000004
27.118758423,TRACKING,,0.000856055,1,-0.000000000,-0.000000000,0.050000005,0.000000000,0.000000000,0.050000000,0.000000000,-0.000000000,0.000000005,0.000000005,0.000000004
27.128790057,TRACKING,,0.001349978,1,-0.000000000,-0.000000000,0.050000005,0.000000000,0.000000000,0.050000000,0.000000000,-0.000000000,0.000000005,0.000000005,0.000000004
27.141481279,TRACKING,,0.003742421,1,-0.000000000,-0.000000000,0.050000006,0.000000000,0.000000000,0.050000000,0.000000000,-0.000000000,0.000000006,0.000000006,0.000000004
27.151468982,TRACKING,,0.001511454,1,-0.000000000,-0.000000000,0.050000006,0.000000000,0.000000000,0.050000000,0.000000000,-0.000000000,0.000000006,0.000000006,0.000000004
27.161608662,TRACKING,,0.001678865,1,-0.000000000,-0.000000000,0.050000007,0.000000000,0.000000000,0.050000000,0.000000000,-0.000000000,0.000000007,0.000000007,0.000000004
27.171667604,TRACKING,,0.001733482,1,-0.000000000,-0.000000000,0.050000006,0.000000000,0.000000000,0.050000000,0.000000000,-0.000000000,0.000000006,0.000000006,0.000000003
27.183480211,TRACKING,,0.000983098,1,0.000000000,-0.000000000,0.050000000,0.000000000,0.000000000,0.050000000,-0.000000000,-0.000000000,0.000000000,0.000000000,0.000000002
27.193460791,TRACKING,,0.000895237,1,0.000000000,-0.000000000,0.049999995,0.000000000,0.000000000,0.050000000,-0.000000000,-0.000000000,-0.000000005,0.000000005,0.000000007
27.203881864,TRACKING,,0.000997346,1,0.000000000,-0.000000000,0.049999990,0.000000000,0.000000000,0.050000000,-0.000000000,-0.000000000,-0.000000010,0.000000010,0.000000010
27.214627075,TRACKING,,0.001925826,1,0.000000000,-0.000000000,0.049999990,0.000000000,0.000000000,0.050000000,-0.000000000,-0.000000000,-0.000000010,0.000000010,0.000000010
27.224668207,TRACKING,,0.001731107,1,0.000000000,-0.000000000,0.049999991,0.000000000,0.000000000,0.050000000,-0.000000000,-0.000000000,-0.000000009,0.000000009,0.000000007
27.234658285,TRACKING,,0.001163570,1,0.000000000,-0.000000000,0.049999993,0.000000000,0.000000000,0.050000000,-0.000000000,-0.000000000,-0.000000007,0.000000007,0.000000005
27.244795590,TRACKING,,0.000827560,1,0.000000000,-0.000000000,0.049999995,0.000000000,0.000000000,0.050000000,-0.000000000,-0.000000000,-0.000000005,0.000000005,0.000000004
27.256550019,TRACKING,,0.002482678,1,0.000000000,-0.000000000,0.049999996,0.000000000,0.000000000,0.050000000,-0.000000000,-0.000000000,-0.000000004,0.000000004,0.000000002
27.266607774,TRACKING,,0.002387692,1,0.000000000,-0.000000000,0.049999997,0.000000000,0.000000000,0.050000000,-0.000000000,-0.000000000,-0.000000003,0.000000003,0.000000001
27.276581229,TRACKING,,0.001107766,1,-0.000000000,-0.000000000,0.049999999,0.000000000,0.000000000,0.050000000,0.000000000,-0.000000000,-0.000000001,0.000000001,0.000000000
27.286707848,TRACKING,,0.000960539,1,-0.000000000,-0.000000000,0.050000000,0.000000000,0.000000000,0.050000000,0.000000000,-0.000000000,-0.000000000,0.000000000,0.000000001
27.296678929,TRACKING,,0.000486799,1,-0.000000000,-0.000000000,0.050000001,0.000000000,0.000000000,0.050000000,0.000000000,-0.000000000,0.000000001,0.000000001,0.000000002
27.306728372,TRACKING,,0.000331262,1,-0.000000000,-0.000000000,0.050000001,0.000000000,0.000000000,0.050000000,0.000000000,-0.000000000,0.000000001,0.000000001,0.000000003
27.316884674,TRACKING,,0.000381129,1,-0.000000000,-0.000000000,0.050000002,0.000000000,0.000000000,0.050000000,0.000000000,-0.000000000,0.000000002,0.000000002,0.000000003
27.327455349,TRACKING,,0.003205753,1,-0.000000000,-0.000000000,0.050000003,0.000000000,0.000000000,0.050000000,0.000000000,-0.000000000,0.000000003,0.000000003,0.000000003
27.337536850,TRACKING,,0.002399566,1,-0.000000000,-0.000000000,0.050000004,0.000000000,0.000000000,0.050000000,0.000000000,-0.000000000,0.000000004,0.000000004,0.000000004
27.347515055,TRACKING,,0.001965008,1,-0.000000000,-0.000000000,0.050000004,0.000000000,0.000000000,0.050000000,0.000000000,-0.000000000,0.000000004,0.000000004,0.000000004
27.357677293,TRACKING,,0.001910391,1,-0.000000000,-0.000000000,0.050000005,0.000000000,0.000000000,0.050000000,0.000000000,-0.000000000,0.000000005,0.000000005,0.000000004
27.367774230,TRACKING,,0.003561948,1,-0.000000000,-0.000000000,0.050000005,0.000000000,0.000000000,0.050000000,0.000000000,-0.000000000,0.000000005,0.000000005,0.000000004
27.377688319,TRACKING,,0.002044559,1,-0.000000000,-0.000000000,0.050000006,0.000000000,0.000000000,0.050000000,0.000000000,-0.000000000,0.000000006,0.000000006,0.000000004
27.387765071,TRACKING,,0.002151416,1,-0.000000000,-0.000000000,0.050000006,0.000000000,0.000000000,0.050000000,0.000000000,-0.000000000,0.000000006,0.000000006,0.000000004
27.399171617,TRACKING,,0.002431624,1,-0.000000000,-0.000000000,0.050000006,0.000000000,0.000000000,0.050000000,0.000000000,-0.000000000,0.000000006,0.000000006,0.000000004
27.408135853,TRACKING,,0.000079550,1,-0.000000000,-0.000000000,0.050000006,0.000000000,0.000000000,0.050000000,0.000000000,-0.000000000,0.000000006,0.000000006,0.000000004
27.418028571,TRACKING,,0.000892862,1,-0.000000000,-0.000000000,0.050000007,0.000000000,0.000000000,0.050000000,0.000000000,-0.000000000,0.000000007,0.000000007,0.000000004
27.428243051,TRACKING,,0.000026121,1,-0.000000000,-0.000000000,0.050000004,0.000000000,0.000000000,0.050000000,0.000000000,-0.000000000,0.000000004,0.000000004,0.000000001
27.438256875,TRACKING,,0.000230340,1,0.000000000,-0.000000000,0.049999999,0.000000000,0.000000000,0.050000000,-0.000000000,-0.000000000,-0.000000001,0.000000001,0.000000003
27.448225581,TRACKING,,0.000197095,1,0.000000000,-0.000000000,0.049999993,0.000000000,0.000000000,0.050000000,-0.000000000,-0.000000000,-0.000000007,0.000000007,0.000000008
27.458419877,TRACKING,,0.000907109,1,0.000000000,-0.000000000,0.049999988,0.000000000,0.000000000,0.050000000,-0.000000000,-0.000000000,-0.000000012,0.000000012,0.000000011
27.468610611,TRACKING,,0.001005657,1,0.000000000,-0.000000000,0.049999990,0.000000000,0.000000000,0.050000000,-0.000000000,-0.000000000,-0.000000010,0.000000010,0.000000009
27.479403315,TRACKING,,0.004146108,1,0.000000000,-0.000000000,0.049999990,0.000000000,0.000000000,0.050000000,-0.000000000,-0.000000000,-0.000000010,0.000000010,0.000000009
27.489421888,TRACKING,,0.001843902,1,0.000000000,-0.000000000,0.049999993,0.000000000,0.000000000,0.050000000,-0.000000000,-0.000000000,-0.000000007,0.000000007,0.000000006
27.499541383,TRACKING,,0.001842715,1,0.000000000,-0.000000000,0.049999994,0.000000000,0.000000000,0.050000000,-0.000000000,-0.000000000,-0.000000006,0.000000006,0.000000004
27.509738054,TRACKING,,0.001739418,1,0.000000000,-0.000000000,0.049999996,0.000000000,0.000000000,0.050000000,-0.000000000,-0.000000000,-0.000000004,0.000000004,0.000000003
27.519767313,TRACKING,,0.001398658,1,0.000000000,-0.000000000,0.049999997,0.000000000,0.000000000,0.050000000,-0.000000000,-0.000000000,-0.000000003,0.000000003,0.000000001
27.529774013,TRACKING,,0.000753946,1,-0.000000000,-0.000000000,0.049999998,0.000000000,0.000000000,0.050000000,0.000000000,-0.000000000,-0.000000002,0.000000002,0.000000000
27.541495198,TRACKING,,0.005011661,1,-0.000000000,-0.000000000,0.050000000,0.000000000,0.000000000,0.050000000,0.000000000,-0.000000000,-0.000000000,0.000000001,0.000000001
27.551478152,TRACKING,,0.002016063,1,-0.000000000,-0.000000000,0.050000000,0.000000000,0.000000000,0.050000000,0.000000000,-0.000000000,0.000000000,0.000000000,0.000000002
27.561813738,TRACKING,,0.002096800,1,-0.000000000,-0.000000000,0.050000001,0.000000000,0.000000000,0.050000000,0.000000000,-0.000000000,0.000000001,0.000000001,0.000000002
27.573883994,TRACKING,,0.002151417,1,-0.000000000,-0.000000000,0.050000002,0.000000000,0.000000000,0.050000000,0.000000000,-0.000000000,0.000000002,0.000000002,0.000000003
27.581751150,TRACKING,,0.001925826,1,-0.000000000,-0.000000000,0.050000003,0.000000000,0.000000000,0.050000000,0.000000000,-0.000000000,0.000000003,0.000000003,0.000000003
27.591711545,TRACKING,,0.001886645,1,-0.000000000,-0.000000000,0.050000004,0.000000000,0.000000000,0.050000000,0.000000000,-0.000000000,0.000000004,0.000000004,0.000000004
27.601844101,TRACKING,,0.001915141,1,-0.000000000,-0.000000000,0.050000004,0.000000000,0.000000000,0.050000000,0.000000000,-0.000000000,0.000000004,0.000000004,0.000000004
27.611926789,TRACKING,,0.000421497,1,-0.000000000,-0.000000000,0.050000005,0.000000000,0.000000000,0.050000000,0.000000000,-0.000000000,0.000000005,0.000000005,0.000000004
27.621919241,TRACKING,,0.001262117,1,-0.000000000,-0.000000000,0.050000005,0.000000000,0.000000000,0.050000000,0.000000000,-0.000000000,0.000000005,0.000000005,0.000000004
27.632079105,TRACKING,,0.000508172,1,-0.000000000,-0.000000000,0.050000006,0.000000000,0.000000000,0.050000000,0.000000000,-0.000000000,0.000000006,0.000000006,0.000000004
27.642431314,TRACKING,,0.000569912,1,-0.000000000,-0.000000000,0.050000006,0.000000000,0.000000000,0.050000000,0.000000000,-0.000000000,0.000000006,0.000000006,0.000000004
27.652308597,TRACKING,,0.000444056,1,-0.000000000,-0.000000000,0.050000006,0.000000000,0.000000000,0.050000000,0.000000000,-0.000000000,0.000000006,0.000000006,0.000000004
27.662302236,TRACKING,,0.001824905,1,-0.000000000,-0.000000000,0.050000007,0.000000000,0.000000000,0.050000000,0.000000000,-0.000000000,0.000000007,0.000000007,0.000000004
27.672427668,TRACKING,,0.001443776,1,-0.000000000,-0.000000000,0.050000007,0.000000000,0.000000000,0.050000000,0.000000000,-0.000000000,0.000000007,0.000000007,0.000000004
27.682412997,TRACKING,,0.000863179,1,0.000000000,-0.000000000,0.050000003,0.000000000,0.000000000,0.050000000,-0.000000000,-0.000000000,0.000000003,0.000000003,0.000000000
27.694402515,TRACKING,,0.005437907,1,0.000000000,-0.000000000,0.050000003,0.000000000,0.000000000,0.050000000,-0.000000000,-0.000000000,0.000000003,0.000000003,0.000000000
27.704603935,TRACKING,,0.001676490,1,0.000000000,-0.000000000,0.049999996,0.000000000,0.000000000,0.050000000,-0.000000000,-0.000000000,-0.000000004,0.000000004,0.000000005
27.714590450,TRACKING,,0.000359756,1,0.000000000,-0.000000000,0.049999992,0.000000000,0.000000000,0.050000000,-0.000000000,-0.000000000,-0.000000008,0.000000008,0.000000009
27.724588839,TRACKING,,0.000406063,1,0.000000000,-0.000000000,0.049999989,0.000000000,0.000000000,0.050000000,-0.000000000,-0.000000000,-0.000000011,0.000000011,0.000000011
27.734751078,TRACKING,,0.000438119,1,0.000000000,-0.000000000,0.049999991,0.000000000,0.000000000,0.050000000,-0.000000000,-0.000000000,-0.000000009,0.000000009,0.000000008
27.744832579,TRACKING,,0.000308702,1,0.000000000,-0.000000000,0.049999993,0.000000000,0.000000000,0.050000000,-0.000000000,-0.000000000,-0.000000007,0.000000007,0.000000006
27.754801285,TRACKING,,0.000277832,1,0.000000000,-0.000000000,0.049999994,0.000000000,0.000000000,0.050000000,-0.000000000,-0.000000000,-0.000000006,0.000000006,0.000000004
27.764974209,TRACKING,,0.002055244,1,0.000000000,-0.000000000,0.049999996,0.000000000,0.000000000,0.050000000,-0.000000000,-0.000000000,-0.000000004,0.000000004,0.000000003
27.775594752,TRACKING,,0.000039182,1,0.000000000,-0.000000000,0.049999997,0.000000000,0.000000000,0.050000000,-0.000000000,-0.000000000,-0.000000003,0.000000003,0.000000001
27.785727307,TRACKING,,0.000056991,1,-0.000000000,-0.000000000,0.049999998,0.000000000,0.000000000,0.050000000,0.000000000,-0.000000000,-0.000000002,0.000000002,0.000000000
27.795790999,TRACKING,,0.000021371,1,-0.000000000,-0.000000000,0.049999999,0.000000000,0.000000000,0.050000000,0.000000000,-0.000000000,-0.000000001,0.000000001,0.000000001
27.805895059,TRACKING,,0.002270149,1,-0.000000000,-0.000000000,0.050000000,0.000000000,0.000000000,0.050000000,0.000000000,-0.000000000,0.000000000,0.000000000,0.000000002
27.815967061,TRACKING,,0.002210782,1,-0.000000000,-0.000000000,0.050000001,0.000000000,0.000000000,0.050000000,0.000000000,-0.000000000,0.000000001,0.000000001,0.000000002
27.825983260,TRACKING,,0.002023186,1,-0.000000000,-0.000000000,0.050000002,0.000000000,0.000000000,0.050000000,0.000000000,-0.000000000,0.000000002,0.000000002,0.000000003
27.836100380,TRACKING,,0.001994691,1,-0.000000000,-0.000000000,0.050000003,0.000000000,0.000000000,0.050000000,0.000000000,-0.000000000,0.000000003,0.000000003,0.000000003
27.846123703,TRACKING,,0.000490361,1,-0.000000000,-0.000000000,0.050000003,0.000000000,0.000000000,0.050000000,0.000000000,-0.000000000,0.000000003,0.000000003,0.000000004
27.856074599,TRACKING,,0.000248149,1,-0.000000000,-0.000000000,0.050000004,0.000000000,0.000000000,0.050000000,0.000000000,-0.000000000,0.000000004,0.000000004,0.000000004
27.866185783,TRACKING,,0.000091423,1,-0.000000000,-0.000000000,0.050000004,0.000000000,0.000000000,0.050000000,0.000000000,-0.000000000,0.000000004,0.000000004,0.000000004
27.876329024,TRACKING,,0.001731106,1,-0.000000000,-0.000000000,0.050000005,0.000000000,0.000000000,0.050000000,0.000000000,-0.000000000,0.000000005,0.000000005,0.000000004
27.886365407,TRACKING,,0.001361851,1,-0.000000000,-0.000000000,0.050000005,0.000000000,0.000000000,0.050000000,0.000000000,-0.000000000,0.000000005,0.000000005,0.000000004
27.896452845,TRACKING,,0.001119639,1,-0.000000000,-0.000000000,0.050000006,0.000000000,0.000000000,0.050000000,0.000000000,-0.000000000,0.000000006,0.000000006,0.000000004
27.906457170,TRACKING,,0.000816874,1,-0.000000000,-0.000000000,0.050000006,0.000000000,0.000000000,0.050000000,0.000000000,-0.000000000,0.000000006,0.000000006,0.000000004
27.916643155,TRACKING,,0.000569912,1,-0.000000000,-0.000000000,0.050000006,0.000000000,0.000000000,0.050000000,0.000000000,-0.000000000,0.000000006,0.000000006,0.000000004
27.927470290,TRACKING,,0.003994132,1,-0.000000000,-0.000000000,0.050000007,0.000000000,0.000000000,0.050000000,0.000000000,-0.000000000,0.000000007,0.000000007,0.000000004
27.937431872,TRACKING,,0.002061181,1,0.000000000,-0.000000000,0.050000003,0.000000000,0.000000000,0.050000000,-0.000000000,-0.000000000,0.000000003,0.000000003,0.000000000
27.947584612,TRACKING,,0.002000627,1,0.000000000,-0.000000000,0.049999998,0.000000000,0.000000000,0.050000000,-0.000000000,-0.000000000,-0.000000002,0.000000002,0.000000004
27.957725479,TRACKING,,0.002042183,1,0.000000000,-0.000000000,0.049999994,0.000000000,0.000000000,0.050000000,-0.000000000,-0.000000000,-0.000000006,0.000000006,0.000000007
27.968443381,TRACKING,,0.000381128,1,0.000000000,-0.000000000,0.049999989,0.000000000,0.000000000,0.050000000,-0.000000000,-0.000000000,-0.000000011,0.000000011,0.000000011
27.978532006,TRACKING,,0.002823438,1,0.000000000,-0.000000000,0.049999989,0.000000000,0.000000000,0.050000000,-0.000000000,-0.000000000,-0.000000011,0.000000011,0.000000011
27.988601634,TRACKING,,0.001359477,1,0.000000000,-0.000000000,0.049999991,0.000000000,0.000000000,0.050000000,-0.000000000,-0.000000000,-0.000000009,0.000000009,0.000000008
27.998585775,TRACKING,,0.001335730,1,0.000000000,-0.000000000,0.049999993,0.000000000,0.000000000,0.050000000,-0.000000000,-0.000000000,-0.000000007,0.000000007,0.000000006
28.008818065,TRACKING,,0.002209596,1,0.000000000,-0.000000000,0.049999994,0.000000000,0.000000000,0.050000000,-0.000000000,-0.000000000,-0.000000006,0.000000006,0.000000004
28.020507192,TRACKING,,0.003858777,1,0.000000000,-0.000000000,0.049999996,0.000000000,0.000000000,0.050000000,-0.000000000,-0.000000000,-0.000000004,0.000000004,0.000000002
28.031543295,TRACKING,,0.002847184,1,0.000000000,-0.000000000,0.049999997,0.000000000,0.000000000,0.050000000,-0.000000000,-0.000000000,-0.000000003,0.000000003,0.000000001
28.041379021,TRACKING,,0.001782161,1,-0.000000000,-0.000000000,0.049999999,0.000000000,0.000000000,0.050000000,0.000000000,-0.000000000,-0.000000001,0.000000001,0.000000000
28.051496142,TRACKING,,0.001434278,1,-0.000000000,-0.000000000,0.050000000,0.000000000,0.000000000,0.050000000,0.000000000,-0.000000000,-0.000000000,0.000000000,0.000000001
28.061574081,TRACKING,,0.000080737,1,-0.000000000,-0.000000000,0.050000001,0.000000000,0.000000000,0.050000000,0.000000000,-0.000000000,0.000000001,0.000000001,0.000000002
28.071665080,TRACKING,,0.000155539,1,-0.000000000,-0.000000000,0.050000001,0.000000000,0.000000000,0.050000000,0.000000000,-0.000000000,0.000000001,0.000000001,0.000000003
28.081741832,TRACKING,,0.000745635,1,-0.000000000,-0.000000000,0.050000002,0.000000000,0.000000000,0.050000000,0.000000000,-0.000000000,0.000000002,0.000000002,0.000000003
28.091714100,TRACKING,,0.000775317,1,-0.000000000,-0.000000000,0.050000003,0.000000000,0.000000000,0.050000000,0.000000000,-0.000000000,0.000000003,0.000000003,0.000000003
28.101866839,TRACKING,,0.000878614,1,-0.000000000,-0.000000000,0.050000004,0.000000000,0.000000000,0.050000000,0.000000000,-0.000000000,0.000000004,0.000000004,0.000000004
28.111864041,TRACKING,,0.000765818,1,-0.000000000,-0.000000000,0.050000004,0.000000000,0.000000000,0.050000000,0.000000000,-0.000000000,0.000000004,0.000000004,0.000000004
28.123390506,TRACKING,,0.004686337,1,-0.000000000,-0.000000000,0.050000004,0.000000000,0.000000000,0.050000000,0.000000000,-0.000000000,0.000000004,0.000000004,0.000000004
28.133455384,TRACKING,,0.000907110,1,-0.000000000,-0.000000000,0.050000005,0.000000000,0.000000000,0.050000000,0.000000000,-0.000000000,0.000000005,0.000000005,0.000000004
28.143558257,TRACKING,,0.000622153,1,-0.000000000,-0.000000000,0.050000005,0.000000000,0.000000000,0.050000000,0.000000000,-0.000000000,0.000000005,0.000000005,0.000000004
28.153752553,TRACKING,,0.001980443,1,-0.000000000,-0.000000000,0.050000006,0.000000000,0.000000000,0.050000000,0.000000000,-0.000000000,0.000000006,0.000000006,0.000000004
28.163746192,TRACKING,,0.001906830,1,-0.000000000,-0.000000000,0.050000006,0.000000000,0.000000000,0.050000000,0.000000000,-0.000000000,0.000000006,0.000000006,0.000000004
28.173871624,TRACKING,,0.001240746,1,-0.000000000,-0.000000000,0.050000006,0.000000000,0.000000000,0.050000000,0.000000000,-0.000000000,0.000000006,0.000000006,0.000000004
28.183896133,TRACKING,,0.001073334,1,-0.000000000,-0.000000000,0.050000007,0.000000000,0.000000000,0.050000000,0.000000000,-0.000000000,0.000000007,0.000000007,0.000000004
28.194096366,TRACKING,,0.001066210,1,-0.000000000,-0.000000000,0.050000004,0.000000000,0.000000000,0.050000000,0.000000000,-0.000000000,0.000000004,0.000000004,0.000000001
28.204111377,TRACKING,,0.001075708,1,0.000000000,-0.000000000,0.049999999,0.000000000,0.000000000,0.050000000,-0.000000000,-0.000000000,-0.000000001,0.000000001,0.000000003
28.214115703,TRACKING,,0.001030590,1,0.000000000,-0.000000000,0.049999995,0.000000000,0.000000000,0.050000000,-0.000000000,-0.000000000,-0.000000005,0.000000005,0.000000007
28.224226886,TRACKING,,0.000903547,1,0.000000000,-0.000000000,0.049999993,0.000000000,0.000000000,0.050000000,-0.000000000,-0.000000000,-0.000000007,0.000000007,0.000000007
28.234333321,TRACKING,,0.000714764,1,0.000000000,-0.000000000,0.049999995,0.000000000,0.000000000,0.050000000,-0.000000000,-0.000000000,-0.000000005,0.000000005,0.000000005
28.244423133,TRACKING,,0.000637589,1,0.000000000,-0.000000000,0.049999996,0.000000000,0.000000000,0.050000000,-0.000000000,-0.000000000,-0.000000004,0.000000004,0.000000004
28.254442894,TRACKING,,0.000540228,1,0.000000000,-0.000000000,0.049999997,0.000000000,0.000000000,0.050000000,-0.000000000,-0.000000000,-0.000000003,0.000000003,0.000000002
28.264484026,TRACKING,,0.000415561,1,0.000000000,-0.000000000,0.049999999,0.000000000,0.000000000,0.050000000,-0.000000000,-0.000000000,-0.000000001,0.000000001,0.000000001
28.274477665,TRACKING,,0.000302766,1,0.000000000,-0.000000000,0.050000000,0.000000000,0.000000000,0.050000000,-0.000000000,-0.000000000,-0.000000000,0.000000000,0.000000000
28.284680272,TRACKING,,0.000242212,1,-0.000000000,-0.000000000,0.050000001,0.000000000,0.000000000,0.050000000,0.000000000,-0.000000000,0.000000001,0.000000001,0.000000001
28.294652540,TRACKING,,0.000042743,1,-0.000000000,-0.000000000,0.050000001,0.000000000,0.000000000,0.050000000,0.000000000,-0.000000000,0.000000001,0.000000001,0.000000001
28.304679425,TRACKING,,0.000040369,1,-0.000000000,-0.000000000,0.050000002,0.000000000,0.000000000,0.050000000,0.000000000,-0.000000000,0.000000002,0.000000002,0.000000002
28.314797732,TRACKING,,0.000014247,1,-0.000000000,-0.000000000,0.050000003,0.000000000,0.000000000,0.050000000,0.000000000,-0.000000000,0.000000003,0.000000003,0.000000002
28.324999152,TRACKING,,0.000015435,1,-0.000000000,-0.000000000,0.050000004,0.000000000,0.000000000,0.050000000,0.000000000,-0.000000000,0.000000004,0.000000004,0.000000003
28.335109149,TRACKING,,0.000014248,1,-0.000000000,-0.000000000,0.050000004,0.000000000,0.000000000,0.050000000,0.000000000,-0.000000000,0.000000004,0.000000004,0.000000003
28.345147906,TRACKING,,0.000066490,1,-0.000000000,-0.000000000,0.050000005,0.000000000,0.000000000,0.050000000,0.000000000,-0.000000000,0.000000005,0.000000005,0.000000003
28.355263839,TRACKING,,0.000081925,1,-0.000000000,-0.000000000,0.050000005,0.000000000,0.000000000,0.050000000,0.000000000,-0.000000000,0.000000005,0.000000005,0.000000003
28.365270539,TRACKING,,0.000210155,1,0.000000000,-0.000000000,0.050000000,0.000000000,0.000000000,0.050000000,-0.000000000,-0.000000000,0.000000000,0.000000000,0.000000001
28.375325919,TRACKING,,0.000352633,1,0.000000000,-0.000000000,0.050000000,0.000000000,0.000000000,0.050000000,-0.000000000,-0.000000000,0.000000000,0.000000000,0.000000001
28.385384861,TRACKING,,0.000254085,1,0.000000000,-0.000000000,0.049999994,0.000000000,0.000000000,0.050000000,-0.000000000,-0.000000000,-0.000000006,0.000000006,0.000000006
28.397453929,TRACKING,,0.001697862,1,0.000000000,-0.000000000,0.049999992,0.000000000,0.000000000,0.050000000,-0.000000000,-0.000000000,-0.000000008,0.000000008,0.000000008
28.407454693,TRACKING,,0.001534012,1,0.000000000,-0.000000000,0.049999993,0.000000000,0.000000000,0.050000000,-0.000000000,-0.000000000,-0.000000007,0.000000007,0.000000006
28.417543318,TRACKING,,0.001569632,1,0.000000000,-0.000000000,0.049999995,0.000000000,0.000000000,0.050000000,-0.000000000,-0.000000000,-0.000000005,0.000000005,0.000000004
28.427693683,TRACKING,,0.001480583,1,0.000000000,-0.000000000,0.049999996,0.000000000,0.000000000,0.050000000,-0.000000000,-0.000000000,-0.000000004,0.000000004,0.000000003
28.437756187,TRACKING,,0.001519765,1,0.000000000,-0.000000000,0.049999998,0.000000000,0.000000000,0.050000000,-0.000000000,-0.000000000,-0.000000002,0.000000002,0.000000001
28.448071589,TRACKING,,0.000305140,1,-0.000000000,-0.000000000,0.049999999,0.000000000,0.000000000,0.050000000,0.000000000,-0.000000000,-0.000000001,0.000000001,0.000000000
28.457909690,TRACKING,,0.000309889,1,-0.000000000,-0.000000000,0.050000000,0.000000000,0.000000000,0.050000000,0.000000000,-0.000000000,-0.000000000,0.000000000,0.000000001
28.468049369,TRACKING,,0.000529543,1,-0.000000000,-0.000000000,0.050000001,0.000000000,0.000000000,0.050000000,0.000000000,-0.000000000,0.000000001,0.000000001,0.000000002
28.478243665,TRACKING,,0.000569911,1,-0.000000000,-0.000000000,0.050000002,0.000000000,0.000000000,0.050000000,0.000000000,-0.000000000,0.000000002,0.000000002,0.000000002
28.488205247,TRACKING,,0.000493923,1,-0.000000000,-0.000000000,0.050000002,0.000000000,0.000000000,0.050000000,0.000000000,-0.000000000,0.000000002,0.000000002,0.000000003
28.498363924,TRACKING,,0.000090237,1,-0.000000000,-0.000000000,0.050000003,0.000000000,0.000000000,0.050000000,0.000000000,-0.000000000,0.000000003,0.000000003,0.000000003
28.508332630,TRACKING,,0.000256460,1,-0.000000000,-0.000000000,0.050000004,0.000000000,0.000000000,0.050000000,0.000000000,-0.000000000,0.000000004,0.000000004,0.000000003
28.518429566,TRACKING,,0.000028495,1,-0.000000000,-0.000000000,0.050000004,0.000000000,0.000000000,0.050000000,0.000000000,-0.000000000,0.000000004,0.000000004,0.000000004
28.528495632,TRACKING,,0.000021372,1,-0.000000000,-0.000000000,0.050000005,0.000000000,0.000000000,0.050000000,0.000000000,-0.000000000,0.000000005,0.000000005,0.000000004
28.538673305,TRACKING,,0.000079550,1,-0.000000000,-0.000000000,0.050000005,0.000000000,0.000000000,0.050000000,0.000000000,-0.000000000,0.000000005,0.000000005,0.000000004
28.548858102,TRACKING,,0.002419750,1,-0.000000000,-0.000000000,0.050000006,0.000000000,0.000000000,0.050000000,0.000000000,-0.000000000,0.000000006,0.000000006,0.000000004
28.558907546,TRACKING,,0.002259463,1,-0.000000000,-0.000000000,0.050000006,0.000000000,0.000000000,0.050000000,0.000000000,-0.000000000,0.000000006,0.000000006,0.000000004
28.572225670,TRACKING,,0.002209595,1,0.000000000,-0.000000000,0.050000002,0.000000000,0.000000000,0.050000000,-0.000000000,-0.000000000,0.000000002,0.000000002,0.000000000
28.578936381,TRACKING,,0.002089676,1,0.000000000,-0.000000000,0.049999997,0.000000000,0.000000000,0.050000000,-0.000000000,-0.000000000,-0.000000003,0.000000003,0.000000004
28.589019069,TRACKING,,0.002088489,1,0.000000000,-0.000000000,0.049999993,0.000000000,0.000000000,0.050000000,-0.000000000,-0.000000000,-0.000000007,0.000000007,0.000000007
28.599112443,TRACKING,,0.001906830,1,0.000000000,-0.000000000,0.049999993,0.000000000,0.000000000,0.050000000,-0.000000000,-0.000000000,-0.000000007,0.000000007,0.000000007
28.609185633,TRACKING,,0.001094705,1,0.000000000,-0.000000000,0.049999995,0.000000000,0.000000000,0.050000000,-0.000000000,-0.000000000,-0.000000005,0.000000005,0.000000005
28.620441390,TRACKING,,0.004864434,1,0.000000000,-0.000000000,0.049999995,0.000000000,0.000000000,0.050000000,-0.000000000,-0.000000000,-0.000000005,0.000000005,0.000000005
28.630480147,TRACKING,,0.001893770,1,0.000000000,-0.000000000,0.049999996,0.000000000,0.000000000,0.050000000,-0.000000000,-0.000000000,-0.000000004,0.000000004,0.000000003
28.640622201,TRACKING,,0.000118731,1,0.000000000,-0.000000000,0.049999998,0.000000000,0.000000000,0.050000000,-0.000000000,-0.000000000,-0.000000002,0.000000002,0.000000001
28.650599218,TRACKING,,0.000150789,1,0.000000000,-0.000000000,0.049999999,0.000000000,0.000000000,0.050000000,-0.000000000,-0.000000000,-0.000000001,0.000000001,0.000000000
28.660725837,TRACKING,,0.000026121,1,-0.000000000,-0.000000000,0.050000000,0.000000000,0.000000000,0.050000000,0.000000000,-0.000000000,-0.000000000,0.000000000,0.000000001
28.670914197,TRACKING,,0.002367508,1,-0.000000000,-0.000000000,0.050000001,0.000000000,0.000000000,0.050000000,0.000000000,-0.000000000,0.000000001,0.000000001,0.000000001
28.680958891,TRACKING,,0.002382943,1,-0.000000000,-0.000000000,0.050000002,0.000000000,0.000000000,0.050000000,0.000000000,-0.000000000,0.000000002,0.000000002,0.000000002
28.690871793,TRACKING,,0.002342575,1,-0.000000000,-0.000000000,0.050000002,0.000000000,0.000000000,0.050000000,0.000000000,-0.000000000,0.000000002,0.000000002,0.000000002
28.701038780,TRACKING,,0.001813031,1,-0.000000000,-0.000000000,0.050000003,0.000000000,0.000000000,0.050000000,0.000000000,-0.000000000,0.000000003,0.000000003,0.000000003
28.711193895,TRACKING,,0.000524793,1,-0.000000000,-0.000000000,0.050000004,0.000000000,0.000000000,0.050000000,0.000000000,-0.000000000,0.000000004,0.000000004,0.000000003
28.721170912,TRACKING,,0.000553289,1,-0.000000000,-0.000000000,0.050000004,0.000000000,0.000000000,0.050000000,0.000000000,-0.000000000,0.000000004,0.000000004,0.000000004
28.731274972,TRACKING,,0.000679145,1,-0.000000000,-0.000000000,0.050000005,0.000000000,0.000000000,0.050000000,0.000000000,-0.000000000,0.000000005,0.000000005,0.000000004
28.741446709,TRACKING,,0.000844181,1,-0.000000000,-0.000000000,0.050000005,0.000000000,0.000000000,0.050000000,0.000000000,-0.000000000,0.000000005,0.000000005,0.000000004
28.751443910,TRACKING,,0.000289705,1,-0.000000000,-0.000000000,0.050000006,0.000000000,0.000000000,0.050000000,0.000000000,-0.000000000,0.000000006,0.000000006,0.000000004
28.761381746,TRACKING,,0.000148415,1,0.000000000,-0.000000000,0.050000001,0.000000000,0.000000000,0.050000000,-0.000000000,-0.000000000,0.000000001,0.000000001,0.000000001
28.771492930,TRACKING,,0.002577664,1,0.000000000,-0.000000000,0.050000001,0.000000000,0.000000000,0.050000000,-0.000000000,-0.000000000,0.000000001,0.000000001,0.000000001
28.781530500,TRACKING,,0.000960539,1,0.000000000,-0.000000000,0.049999995,0.000000000,0.000000000,0.050000000,-0.000000000,-0.000000000,-0.000000005,0.000000005,0.000000006
28.792466869,TRACKING,,0.001621874,1,0.000000000,-0.000000000,0.049999991,0.000000000,0.000000000,0.050000000,-0.000000000,-0.000000000,-0.000000009,0.000000009,0.000000009
28.802530560,TRACKING,,0.001506704,1,0.000000000,-0.000000000,0.049999987,0.000000000,0.000000000,0.050000000,-0.000000000,-0.000000000,-0.000000013,0.000000013,0.000000011
28.812568130,TRACKING,,0.000322950,1,0.000000000,-0.000000000,0.049999990,0.000000000,0.000000000,0.050000000,-0.000000000,-0.000000000,-0.000000010,0.000000010,0.000000008
28.822680501,TRACKING,,0.000210155,1,0.000000000,-0.000000000,0.049999992,0.000000000,0.000000000,0.050000000,-0.000000000,-0.000000000,-0.000000008,0.000000008,0.000000006
28.832790498,TRACKING,,0.000153164,1,0.000000000,-0.000000000,0.049999994,0.000000000,0.000000000,0.050000000,-0.000000000,-0.000000000,-0.000000006,0.000000006,0.000000003
28.842869624,TRACKING,,0.002428062,1,0.000000000,-0.000000000,0.049999995,0.000000000,0.000000000,0.050000000,-0.000000000,-0.000000000,-0.000000005,0.000000005,0.000000002
28.855654644,TRACKING,,0.005458092,1,-0.000000000,-0.000000000,0.049999997,0.000000000,0.000000000,0.050000000,0.000000000,-0.000000000,-0.000000003,0.000000003,0.000000000
28.865699338,TRACKING,,0.002431623,1,-0.000000000,-0.000000000,0.049999998,0.000000000,0.000000000,0.050000000,0.000000000,-0.000000000,-0.000000002,0.000000002,0.000000001
28.875571871,TRACKING,,0.001941262,1,-0.000000000,-0.000000000,0.049999999,0.000000000,0.000000000,0.050000000,0.000000000,-0.000000000,-0.000000001,0.000000001,0.000000002
28.885579758,TRACKING,,0.001729920,1,-0.000000000,-0.000000000,0.050000000,0.000000000,0.000000000,0.050000000,0.000000000,-0.000000000,0.000000000,0.000000000,0.000000002
28.895744371,TRACKING,,0.001484145,1,-0.000000000,-0.000000000,0.050000001,0.000000000,0.000000000,0.050000000,0.000000000,-0.000000000,0.000000001,0.000000001,0.000000003
28.905873364,TRACKING,,0.000460679,1,-0.000000000,-0.000000000,0.050000002,0.000000000,0.000000000,0.050000000,0.000000000,-0.000000000,0.000000002,0.000000002,0.000000004
28.915978612,TRACKING,,0.000296829,1,-0.000000000,-0.000000000,0.050000003,0.000000000,0.000000000,0.050000000,0.000000000,-0.000000000,0.000000003,0.000000003,0.000000004
28.925917634,TRACKING,,0.000411999,1,-0.000000000,-0.000000000,0.050000003,0.000000000,0.000000000,0.050000000,0.000000000,-0.000000000,0.000000003,0.000000003,0.000000004
28.936405197,TRACKING,,0.000080737,1,-0.000000000,-0.000000000,0.050000004,0.000000000,0.000000000,0.050000000,0.000000000,-0.000000000,0.000000004,0.000000004,0.000000004
28.946461765,TRACKING,,0.002315266,1,-0.000000000,-0.000000000,0.050000004,0.000000000,0.000000000,0.050000000,0.000000000,-0.000000000,0.000000004,0.000000004,0.000000004
28.958458406,TRACKING,,0.004370511,1,-0.000000000,-0.000000000,0.050000004,0.000000000,0.000000000,0.050000000,0.000000000,-0.000000000,0.000000004,0.000000004,0.000000005
28.968530409,TRACKING,,0.001878334,1,-0.000000000,-0.000000000,0.050000005,0.000000000,0.000000000,0.050000000,0.000000000,-0.000000000,0.000000005,0.000000005,0.000000005
28.978590538,TRACKING,,0.001323857,1,-0.000000000,-0.000000000,0.050000005,0.000000000,0.000000000,0.050000000,0.000000000,-0.000000000,0.000000005,0.000000005,0.000000005
28.988838263,TRACKING,,0.003922893,1,-0.000000000,-0.000000000,0.050000006,0.000000000,0.000000000,0.050000000,0.000000000,-0.000000000,0.000000006,0.000000006,0.000000005
28.998827153,TRACKING,,0.002175163,1,-0.000000000,-0.000000000,0.050000006,0.000000000,0.000000000,0.050000000,0.000000000,-0.000000000,0.000000006,0.000000006,0.000000005
29.008964458,TRACKING,,0.001843901,1,-0.000000000,-0.000000000,0.050000007,0.000000000,0.000000000,0.050000000,0.000000000,-0.000000000,0.000000007,0.000000007,0.000000005
29.019066143,TRACKING,,0.001710922,1,-0.000000000,-0.000000000,0.050000007,0.000000000,0.000000000,0.050000000,0.000000000,-0.000000000,0.000000007,0.000000007,0.000000004
29.029012290,TRACKING,,0.001583880,1,-0.000000000,-0.000000000,0.050000006,0.000000000,0.000000000,0.050000000,0.000000000,-0.000000000,0.000000006,0.000000006,0.000000003
29.039490354,TRACKING,,0.001598127,1,0.000000000,-0.000000000,0.050000000,0.000000000,0.000000000,0.050000000,-0.000000000,-0.000000000,0.000000000,0.000000000,0.000000002
29.049563544,TRACKING,,0.001066210,1,0.000000000,-0.000000000,0.049999996,0.000000000,0.000000000,0.050000000,-0.000000000,-0.000000000,-0.000000004,0.000000004,0.000000006
29.059580929,TRACKING,,0.000784816,1,0.000000000,-0.000000000,0.049999991,0.000000000,0.000000000,0.050000000,-0.000000000,-0.000000000,-0.000000009,0.000000009,0.000000009
29.069592378,TRACKING,,0.000197094,1,0.000000000,-0.000000000,0.049999990,0.000000000,0.000000000,0.050000000,-0.000000000,-0.000000000,-0.000000010,0.000000010,0.000000009
29.079736807,TRACKING,,0.000339572,1,0.000000000,-0.000000000,0.049999992,0.000000000,0.000000000,0.050000000,-0.000000000,-0.000000000,-0.000000008,0.000000008,0.000000007
29.089863426,TRACKING,,0.002241653,1,0.000000000,-0.000000000,0.049999994,0.000000000,0.000000000,0.050000000,-0.000000000,-0.000000000,-0.000000006,0.000000006,0.000000005
29.100064846,TRACKING,,0.000022559,1,0.000000000,-0.000000000,0.049999995,0.000000000,0.000000000,0.050000000,-0.000000000,-0.000000000,-0.000000005,0.000000005,0.000000003
29.110111914,TRACKING,,0.002265399,1,0.000000000,-0.000000000,0.049999996,0.000000000,0.000000000,0.050000000,-0.000000000,-0.000000000,-0.000000004,0.000000004,0.000000002
29.120484308,TRACKING,,0.002451807,1,0.000000000,-0.000000000,0.049999998,0.000000000,0.000000000,0.050000000,-0.000000000,-0.000000000,-0.000000002,0.000000002,0.000000000
29.130546811,TRACKING,,0.002365134,1,-0.000000000,-0.000000000,0.049999999,0.000000000,0.000000000,0.050000000,0.000000000,-0.000000000,-0.000000001,0.000000001,0.000000001
29.140513142,TRACKING,,0.000650650,1,-0.000000000,-0.000000000,0.050000000,0.000000000,0.000000000,0.050000000,0.000000000,-0.000000000,0.000000000,0.000000000,0.000000002
29.150562586,TRACKING,,0.000748009,1,-0.000000000,-0.000000000,0.050000001,0.000000000,0.000000000,0.050000000,0.000000000,-0.000000000,0.000000001,0.000000001,0.000000002
29.160688017,TRACKING,,0.000794315,1,-0.000000000,-0.000000000,0.050000001,0.000000000,0.000000000,0.050000000,0.000000000,-0.000000000,0.000000001,0.000000001,0.000000002
29.171442726,TRACKING,,0.003725798,1,-0.000000000,-0.000000000,0.050000002,0.000000000,0.000000000,0.050000000,0.000000000,-0.000000000,0.000000002,0.000000002,0.000000003
29.181582406,TRACKING,,0.001871210,1,-0.000000000,-0.000000000,0.050000003,0.000000000,0.000000000,0.050000000,0.000000000,-0.000000000,0.000000003,0.000000003,0.000000003
29.191586731,TRACKING,,0.001385598,1,-0.000000000,-0.000000000,0.050000003,0.000000000,0.000000000,0.050000000,0.000000000,-0.000000000,0.000000003,0.000000003,0.000000004
29.201686041,TRACKING,,0.002049308,1,-0.000000000,-0.000000000,0.050000004,0.000000000,0.000000000,0.050000000,0.000000000,-0.000000000,0.000000004,0.000000004,0.000000004
29.211763980,TRACKING,,0.000077175,1,-0.000000000,-0.000000000,0.050000005,0.000000000,0.000000000,0.050000000,0.000000000,-0.000000000,0.000000005,0.000000005,0.000000004
29.221871602,TRACKING,,0.000059366,1,-0.000000000,-0.000000000,0.050000005,0.000000000,0.000000000,0.050000000,0.000000000,-0.000000000,0.000000005,0.000000005,0.000000004
29.231880677,TRACKING,,0.000129418,1,-0.000000000,-0.000000000,0.050000006,0.000000000,0.000000000,0.050000000,0.000000000,-0.000000000,0.000000006,0.000000006,0.000000004
29.241943180,TRACKING,,0.000883363,1,-0.000000000,-0.000000000,0.050000006,0.000000000,0.000000000,0.050000000,0.000000000,-0.000000000,0.000000006,0.000000006,0.000000004
29.252499608,TRACKING,,0.001218186,1,-0.000000000,-0.000000000,0.050000006,0.000000000,0.000000000,0.050000000,0.000000000,-0.000000000,0.000000006,0.000000006,0.000000004
29.262684405,TRACKING,,0.001347603,1,0.000000000,-0.000000000,0.050000001,0.000000000,0.000000000,0.050000000,-0.000000000,-0.000000000,0.000000001,0.000000001,0.000000001
29.274436459,TRACKING,,0.002531358,1,0.000000000,-0.000000000,0.049999996,0.000000000,0.000000000,0.050000000,-0.000000000,-0.000000000,-0.000000004,0.000000004,0.000000005
29.284541707,TRACKING,,0.000825185,1,0.000000000,-0.000000000,0.049999998,0.000000000,0.000000000,0.050000000,-0.000000000,-0.000000000,-0.000000002,0.000000002,0.000000003
29.294478355,TRACKING,,0.001520952,1,0.000000000,-0.000000000,0.049999998,0.000000000,0.000000000,0.050000000,-0.000000000,-0.000000000,-0.000000002,0.000000002,0.000000003
29.304606161,TRACKING,,0.000901173,1,0.000000000,-0.000000000,0.049999999,0.000000000,0.000000000,0.050000000,-0.000000000,-0.000000000,-0.000000001,0.000000001,0.000000002
29.314774336,TRACKING,,0.001718047,1,0.000000000,-0.000000000,0.050000000,0.000000000,0.000000000,0.050000000,-0.000000000,-0.000000000,-0.000000000,0.000000000,0.000000001
29.324835652,TRACKING,,0.001691925,1,-0.000000000,-0.000000000,0.050000001,0.000000000,0.000000000,0.050000000,0.000000000,-0.000000000,0.000000001,0.000000001,0.000000000
29.334887470,TRACKING,,0.001265679,1,-0.000000000,-0.000000000,0.050000002,0.000000000,0.000000000,0.050000000,0.000000000,-0.000000000,0.000000002,0.000000002,0.000000001
29.344878735,TRACKING,,0.001127951,1,-0.000000000,-0.000000000,0.050000003,0.000000000,0.000000000,0.050000000,0.000000000,-0.000000000,0.000000003,0.000000003,0.000000002
29.357472597,TRACKING,,0.000477301,1,-0.000000000,-0.000000000,0.050000003,0.000000000,0.000000000,0.050000000,0.000000000,-0.000000000,0.000000003,0.000000003,0.000000002
29.367449614,TRACKING,,0.000213717,1,0.000000000,-0.000000000,0.050000000,0.000000000,0.000000000,0.050000000,-0.000000000,-0.000000000,-0.000000000,0.000000000,0.000000001
29.377591668,TRACKING,,0.001503142,1,0.000000000,-0.000000000,0.049999995,0.000000000,0.000000000,0.050000000,-0.000000000,-0.000000000,-0.000000005,0.000000005,0.000000006
29.387664857,TRACKING,,0.001372537,1,0.000000000,-0.000000000,0.049999995,0.000000000,0.000000000,0.050000000,-0.000000000,-0.000000000,-0.000000005,0.000000005,0.000000005
29.400490245,TRACKING,,0.001572007,1,0.000000000,-0.000000000,0.049999996,0.000000000,0.000000000,0.050000000,-0.000000000,-0.000000000,-0.000000004,0.000000004,0.000000004
29.410454202,TRACKING,,0.001243120,1,0.000000000,-0.000000000,0.049999997,0.000000000,0.000000000,0.050000000,-0.000000000,-0.000000000,-0.000000003,0.000000003,0.000000002
29.420596256,TRACKING,,0.001029403,1,0.000000000,-0.000000000,0.049999998,0.000000000,0.000000000,0.050000000,-0.000000000,-0.000000000,-0.000000002,0.000000002,0.000000001
29.430576835,TRACKING,,0.000953415,1,-0.000000000,-0.000000000,0.050000000,0.000000000,0.000000000,0.050000000,0.000000000,-0.000000000,-0.000000000,0.000000000,0.000000000
29.440610843,TRACKING,,0.000693392,1,-0.000000000,-0.000000000,0.050000000,0.000000000,0.000000000,0.050000000,0.000000000,-0.000000000,0.000000000,0.000000000,0.000000001
29.450720839,TRACKING,,0.000612655,1,-0.000000000,-0.000000000,0.050000001,0.000000000,0.000000000,0.050000000,0.000000000,-0.000000000,0.000000001,0.000000001,0.000000001
29.460849833,TRACKING,,0.000668459,1,-0.000000000,-0.000000000,0.050000002,0.000000000,0.000000000,0.050000000,0.000000000,-0.000000000,0.000000002,0.000000002,0.000000002
29.470837536,TRACKING,,0.000585347,1,-0.000000000,-0.000000000,0.050000003,0.000000000,0.000000000,0.050000000,0.000000000,-0.000000000,0.000000003,0.000000003,0.000000002
29.480866795,TRACKING,,0.000432183,1,-0.000000000,-0.000000000,0.050000003,0.000000000,0.000000000,0.050000000,0.000000000,-0.000000000,0.000000003,0.000000003,0.000000003
29.491058716,TRACKING,,0.000363319,1,-0.000000000,-0.000000000,0.050000004,0.000000000,0.000000000,0.050000000,0.000000000,-0.000000000,0.000000004,0.000000004,0.000000003
29.501046419,TRACKING,,0.000365693,1,-0.000000000,-0.000000000,0.050000004,0.000000000,0.000000000,0.050000000,0.000000000,-0.000000000,0.000000004,0.000000004,0.000000003
29.511206282,TRACKING,,0.000131792,1,-0.000000000,-0.000000000,0.050000005,0.000000000,0.000000000,0.050000000,0.000000000,-0.000000000,0.000000005,0.000000005,0.000000003
29.521201109,TRACKING,,0.000251711,1,0.000000000,-0.000000000,0.050000001,0.000000000,0.000000000,0.050000000,-0.000000000,-0.000000000,0.000000001,0.000000001,0.000000000
29.531286172,TRACKING,,0.002940982,1,0.000000000,-0.000000000,0.050000001,0.000000000,0.000000000,0.050000000,-0.000000000,-0.000000000,0.000000001,0.000000001,0.000000000
29.541596825,TRACKING,,0.001842714,1,0.000000000,-0.000000000,0.049999995,0.000000000,0.000000000,0.050000000,-0.000000000,-0.000000000,-0.000000005,0.000000005,0.000000005
29.551584528,TRACKING,,0.001820155,1,0.000000000,-0.000000000,0.049999991,0.000000000,0.000000000,0.050000000,-0.000000000,-0.000000000,-0.000000009,0.000000009,0.000000009
29.561493868,TRACKING,,0.001782161,1,0.000000000,-0.000000000,0.049999987,0.000000000,0.000000000,0.050000000,-0.000000000,-0.000000000,-0.000000013,0.000000013,0.000000011
29.571654919,TRACKING,,0.001924639,1,0.000000000,-0.000000000,0.049999989,0.000000000,0.000000000,0.050000000,-0.000000000,-0.000000000,-0.000000011,0.000000011,0.000000009
29.581736419,TRACKING,,0.000199469,1,0.000000000,-0.000000000,0.049999991,0.000000000,0.000000000,0.050000000,-0.000000000,-0.000000000,-0.000000009,0.000000009,0.000000006
29.591797736,TRACKING,,0.002558666,1,0.000000000,-0.000000000,0.049999993,0.000000000,0.000000000,0.050000000,-0.000000000,-0.000000000,-0.000000007,0.000000007,0.000000004
29.601894672,TRACKING,,0.001220561,1,0.000000000,-0.000000000,0.049999995,0.000000000,0.000000000,0.050000000,-0.000000000,-0.000000000,-0.000000005,0.000000005,0.000000002
29.611877625,TRACKING,,0.001272803,1,0.000000000,-0.000000000,0.049999996,0.000000000,0.000000000,0.050000000,-0.000000000,-0.000000000,-0.000000004,0.000000004,0.000000000
29.622011368,TRACKING,,0.001244307,1,-0.000000000,-0.000000000,0.049999998,0.000000000,0.000000000,0.050000000,0.000000000,-0.000000000,-0.000000002,0.000000002,0.000000001
29.632010944,TRACKING,,0.001302486,1,-0.000000000,-0.000000000,0.049999999,0.000000000,0.000000000,0.050000000,0.000000000,-0.000000000,-0.000000001,0.000000001,0.000000002
29.642447452,TRACKING,,0.000394189,1,-0.000000000,-0.000000000,0.050000000,0.000000000,0.000000000,0.050000000,0.000000000,-0.000000000,-0.000000000,0.000000000,0.000000002
29.652424469,TRACKING,,0.000334823,1,-0.000000000,-0.000000000,0.050000001,0.000000000,0.000000000,0.050000000,0.000000000,-0.000000000,0.000000001,0.000000001,0.000000003
29.662570085,TRACKING,,0.000347884,1,-0.000000000,-0.000000000,0.050000002,0.000000000,0.000000000,0.050000000,0.000000000,-0.000000000,0.000000002,0.000000002,0.000000004
29.672553039,TRACKING,,0.000170974,1,-0.000000000,-0.000000000,0.050000002,0.000000000,0.000000000,0.050000000,0.000000000,-0.000000000,0.000000002,0.000000002,0.000000004
29.682812637,TRACKING,,0.005188571,1,-0.000000000,-0.000000000,0.050000002,0.000000000,0.000000000,0.050000000,0.000000000,-0.000000000,0.000000002,0.000000002,0.000000004
29.692750473,TRACKING,,0.002261837,1,-0.000000000,-0.000000000,0.050000003,0.000000000,0.000000000,0.050000000,0.000000000,-0.000000000,0.000000003,0.000000003,0.000000004
29.702850971,TRACKING,,0.001932951,1,-0.000000000,-0.000000000,0.050000004,0.000000000,0.000000000,0.050000000,0.000000000,-0.000000000,0.000000004,0.000000004,0.000000004
29.712907538,TRACKING,,0.001668179,1,-0.000000000,-0.000000000,0.050000004,0.000000000,0.000000000,0.050000000,0.000000000,-0.000000000,0.000000004,0.000000004,0.000000005
29.723011598,TRACKING,,0.001696674,1,-0.000000000,-0.000000000,0.050000005,0.000000000,0.000000000,0.050000000,0.000000000,-0.000000000,0.000000005,0.000000005,0.000000005
29.733132280,TRACKING,,0.001187316,1,-0.000000000,-0.000000000,0.050000005,0.000000000,0.000000000,0.050000000,0.000000000,-0.000000000,0.000000005,0.000000005,0.000000005
29.743106922,TRACKING,,0.001194440,1,-0.000000000,-0.000000000,0.050000006,0.000000000,0.000000000,0.050000000,0.000000000,-0.000000000,0.000000006,0.000000006,0.000000005
29.753258475,TRACKING,,0.002244028,1,-0.000000000,-0.000000000,0.050000006,0.000000000,0.000000000,0.050000000,0.000000000,-0.000000000,0.000000006,0.000000006,0.000000005
29.763281797,TRACKING,,0.002248777,1,-0.000000000,-0.000000000,0.050000006,0.000000000,0.000000000,0.050000000,0.000000000,-0.000000000,0.000000006,0.000000006,0.000000005
29.773391793,TRACKING,,0.002241653,1,-0.000000000,-0.000000000,0.050000007,0.000000000,0.000000000,0.050000000,0.000000000,-0.000000000,0.000000007,0.000000007,0.000000004
29.783568279,TRACKING,,0.002213157,1,-0.000000000,-0.000000000,0.050000007,0.000000000,0.000000000,0.050000000,0.000000000,-0.000000000,0.000000007,0.000000007,0.000000004
29.794448844,TRACKING,,0.003066837,1,-0.000000000,-0.000000000,0.050000004,0.000000000,0.000000000,0.050000000,0.000000000,-0.000000000,0.000000004,0.000000004,0.000000002
29.804440109,TRACKING,,0.001932951,1,0.000000000,-0.000000000,0.049999999,0.000000000,0.000000000,0.050000000,-0.000000000,-0.000000000,-0.000000001,0.000000001,0.000000003
29.814618970,TRACKING,,0.001968570,1,0.000000000,-0.000000000,0.049999994,0.000000000,0.000000000,0.050000000,-0.000000000,-0.000000000,-0.000000006,0.000000006,0.000000007
29.824883317,TRACKING,,0.002006565,1,0.000000000,-0.000000000,0.049999993,0.000000000,0.000000000,0.050000000,-0.000000000,-0.000000000,-0.000000007,0.000000007,0.000000007
29.835528793,TRACKING,,0.000901173,1,0.000000000,-0.000000000,0.049999995,0.000000000,0.000000000,0.050000000,-0.000000000,-0.000000000,-0.000000005,0.000000005,0.000000005
29.845079564,TRACKING,,0.000837058,1,0.000000000,-0.000000000,0.049999996,0.000000000,0.000000000,0.050000000,-0.000000000,-0.000000000,-0.000000004,0.000000004,0.000000004
29.855171750,TRACKING,,0.001208687,1,0.000000000,-0.000000000,0.049999998,0.000000000,0.000000000,0.050000000,-0.000000000,-0.000000000,-0.000000002,0.000000002,0.000000002
29.865144018,TRACKING,,0.000879801,1,0.000000000,-0.000000000,0.049999999,0.000000000,0.000000000,0.050000000,-0.000000000,-0.000000000,-0.000000001,0.000000001,0.000000001
29.875299132,TRACKING,,0.000129417,1,-0.000000000,-0.000000000,0.050000000,0.000000000,0.000000000,0.050000000,0.000000000,-0.000000000,-0.000000000,0.000000000,0.000000000
29.885399630,TRACKING,,0.000146040,1,-0.000000000,-0.000000000,0.050000001,0.000000000,0.000000000,0.050000000,0.000000000,-0.000000000,0.000000001,0.000000001,0.000000001
29.895418203,TRACKING,,0.001462773,1,-0.000000000,-0.000000000,0.050000001,0.000000000,0.000000000,0.050000000,0.000000000,-0.000000000,0.000000001,0.000000001,0.000000001
29.905475957,TRACKING,,0.001173068,1,-0.000000000,-0.000000000,0.050000002,0.000000000,0.000000000,0.050000000,0.000000000,-0.000000000,0.000000002,0.000000002,0.000000002
29.915557458,TRACKING,,0.001127950,1,-0.000000000,-0.000000000,0.050000002,0.000000000,0.000000000,0.050000000,0.000000000,-0.000000000,0.000000002,0.000000002,0.000000002
29.926078266,TRACKING,,0.001465148,1,-0.000000000,-0.000000000,0.050000003,0.000000000,0.000000000,0.050000000,0.000000000,-0.000000000,0.000000003,0.000000003,0.000000002
29.937493122,TRACKING,,0.000384690,1,-0.000000000,-0.000000000,0.050000004,0.000000000,0.000000000,0.050000000,0.000000000,-0.000000000,0.000000004,0.000000004,0.000000003
29.947523568,TRACKING,,0.000355008,1,-0.000000000,-0.000000000,0.050000004,0.000000000,0.000000000,0.050000000,0.000000000,-0.000000000,0.000000004,0.000000004,0.000000003
29.957531456,TRACKING,,0.000305141,1,-0.000000000,-0.000000000,0.050000005,0.000000000,0.000000000,0.050000000,0.000000000,-0.000000000,0.000000005,0.000000005,0.000000003
29.969507913,TRACKING,,0.004583040,1,-0.000000000,-0.000000000,0.050000004,0.000000000,0.000000000,0.050000000,0.000000000,-0.000000000,0.000000004,0.000000004,0.000000002
29.979526486,TRACKING,,0.001917515,1,0.000000000,-0.000000000,0.049999999,0.000000000,0.000000000,0.050000000,-0.000000000,-0.000000000,-0.000000001,0.000000001,0.000000002
29.989637669,TRACKING,,0.001628998,1,0.000000000,-0.000000000,0.049999994,0.000000000,0.000000000,0.050000000,-0.000000000,-0.000000000,-0.000000006,0.000000006,0.000000006
29.999617061,TRACKING,,0.001621873,1,0.000000000,-0.000000000,0.049999990,0.000000000,0.000000000,0.050000000,-0.000000000,-0.000000000,-0.000000010,0.000000010,0.000000009
30.009818481,TRACKING,,0.001747729,1,0.000000000,-0.000000000,0.049999992,0.000000000,0.000000000,0.050000000,-0.000000000,-0.000000000,-0.000000008,0.000000008,0.000000007
30.019794310,TRACKING,,0.000737324,1,0.000000000,-0.000000000,0.049999994,0.000000000,0.000000000,0.050000000,-0.000000000,-0.000000000,-0.000000006,0.000000006,0.000000005
30.030488466,TRACKING,,0.001387972,1,0.000000000,-0.000000000,0.049999995,0.000000000,0.000000000,0.050000000,-0.000000000,-0.000000000,-0.000000005,0.000000005,0.000000003
30.040485667,TRACKING,,0.001232435,1,0.000000000,-0.000000000,0.049999997,0.000000000,0.000000000,0.050000000,-0.000000000,-0.000000000,-0.000000003,0.000000003,0.000000002
30.050621784,TRACKING,,0.001361852,1,0.000000000,-0.000000000,0.049999998,0.000000000,0.000000000,0.050000000,-0.000000000,-0.000000000,-0.000000002,0.000000002,0.000000000
30.060694974,TRACKING,,0.001364226,1,-0.000000000,-0.000000000,0.049999999,0.000000000,0.000000000,0.050000000,0.000000000,-0.000000000,-0.000000001,0.000000001,0.000000001
30.070819218,TRACKING,,0.001304860,1,-0.000000000,-0.000000000,0.050000000,0.000000000,0.000000000,0.050000000,0.000000000,-0.000000000,0.000000000,0.000000000,0.000000002
30.080843728,TRACKING,,0.001782161,1,-0.000000000,-0.000000000,0.050000001,0.000000000,0.000000000,0.050000000,0.000000000,-0.000000000,0.000000001,0.000000001,0.000000002
30.090837367,TRACKING,,0.001465148,1,-0.000000000,-0.000000000,0.050000002,0.000000000,0.000000000,0.050000000,0.000000000,-0.000000000,0.000000002,0.000000002,0.000000003
30.100975859,TRACKING,,0.001477021,1,-0.000000000,-0.000000000,0.050000003,0.000000000,0.000000000,0.050000000,0.000000000,-0.000000000,0.000000003,0.000000003,0.000000003
30.110956438,TRACKING,,0.001563695,1,-0.000000000,-0.000000000,0.050000003,0.000000000,0.000000000,0.050000000,0.000000000,-0.000000000,0.000000003,0.000000003,0.000000004
30.121115114,TRACKING,,0.001599315,1,-0.000000000,-0.000000000,0.050000004,0.000000000,0.000000000,0.050000000,0.000000000,-0.000000000,0.000000004,0.000000004,0.000000004
30.131311784,TRACKING,,0.001656306,1,-0.000000000,-0.000000000,0.050000004,0.000000000,0.000000000,0.050000000,0.000000000,-0.000000000,0.000000004,0.000000004,0.000000004
30.142400129,TRACKING,,0.004886993,1,-0.000000000,-0.000000000,0.050000004,0.000000000,0.000000000,0.050000000,0.000000000,-0.000000000,0.000000004,0.000000004,0.000000004
30.152428200,TRACKING,,0.001938887,1,-0.000000000,-0.000000000,0.050000005,0.000000000,0.000000000,0.050000000,0.000000000,-0.000000000,0.000000005,0.000000005,0.000000004
30.162552445,TRACKING,,0.001645620,1,-0.000000000,-0.000000000,0.050000005,0.000000000,0.000000000,0.050000000,0.000000000,-0.000000000,0.000000005,0.000000005,0.000000004
30.172542522,TRACKING,,0.001628998,1,-0.000000000,-0.000000000,0.050000006,0.000000000,0.000000000,0.050000000,0.000000000,-0.000000000,0.000000006,0.000000006,0.000000004
30.182670328,TRACKING,,0.001747729,1,-0.000000000,-0.000000000,0.050000005,0.000000000,0.000000000,0.050000000,0.000000000,-0.000000000,0.000000005,0.000000005,0.000000003
30.192699587,TRACKING,,0.001706173,1,0.000000000,-0.000000000,0.049999999,0.000000000,0.000000000,0.050000000,-0.000000000,-0.000000000,-0.000000001,0.000000001,0.000000003
30.203018551,TRACKING,,0.001813032,1,0.000000000,-0.000000000,0.049999994,0.000000000,0.000000000,0.050000000,-0.000000000,-0.000000000,-0.000000006,0.000000006,0.000000006
30.212875649,TRACKING,,0.002350886,1,0.000000000,-0.000000000,0.049999989,0.000000000,0.000000000,0.050000000,-0.000000000,-0.000000000,-0.000000011,0.000000011,0.000000010
30.222928654,TRACKING,,0.002209595,1,0.000000000,-0.000000000,0.049999988,0.000000000,0.000000000,0.050000000,-0.000000000,-0.000000000,-0.000000012,0.000000012,0.000000010
30.233426903,TRACKING,,0.000440494,1,0.000000000,-0.000000000,0.049999991,0.000000000,0.000000000,0.050000000,-0.000000000,-0.000000000,-0.000000009,0.000000009,0.000000007
30.243496530,TRACKING,,0.000654211,1,0.000000000,-0.000000000,0.049999993,0.000000000,0.000000000,0.050000000,-0.000000000,-0.000000000,-0.000000007,0.000000007,0.000000005
30.253718134,TRACKING,,0.001532825,1,0.000000000,-0.000000000,0.049999994,0.000000000,0.000000000,0.050000000,-0.000000000,-0.000000000,-0.000000006,0.000000006,0.000000003
30.263648846,TRACKING,,0.001118452,1,0.000000000,-0.000000000,0.049999996,0.000000000,0.000000000,0.050000000,-0.000000000,-0.000000000,-0.000000004,0.000000004,0.000000001
30.273777839,TRACKING,,0.001081645,1,-0.000000000,-0.000000000,0.049999997,0.000000000,0.000000000,0.050000000,0.000000000,-0.000000000,-0.000000003,0.000000003,0.000000000
30.283759605,TRACKING,,0.001030591,1,-0.000000000,-0.000000000,0.049999998,0.000000000,0.000000000,0.050000000,0.000000000,-0.000000000,-0.000000002,0.000000002,0.000000001
30.293919469,TRACKING,,0.001024654,1,-0.000000000,-0.000000000,0.049999999,0.000000000,0.000000000,0.050000000,0.000000000,-0.000000000,-0.000000001,0.000000001,0.000000002
30.304566132,TRACKING,,0.001661055,1,-0.000000000,-0.000000000,0.050000000,0.000000000,0.000000000,0.050000000,0.000000000,-0.000000000,0.000000000,0.000000000,0.000000002
30.314666630,TRACKING,,0.001190878,1,-0.000000000,-0.000000000,0.050000001,0.000000000,0.000000000,0.050000000,0.000000000,-0.000000000,0.000000001,0.000000001,0.000000003
30.324856176,TRACKING,,0.001111327,1,-0.000000000,-0.000000000,0.050000002,0.000000000,0.000000000,0.050000000,0.000000000,-0.000000000,0.000000002,0.000000002,0.000000003
30.334788075,TRACKING,,0.000992596,1,-0.000000000,-0.000000000,0.050000003,0.000000000,0.000000000,0.050000000,0.000000000,-0.000000000,0.000000003,0.000000003,0.000000004
30.344817334,TRACKING,,0.000956977,1,-0.000000000,-0.000000000,0.050000003,0.000000000,0.000000000,0.050000000,0.000000000,-0.000000000,0.000000003,0.000000003,0.000000004
30.357456313,TRACKING,,0.003677118,1,-0.000000000,-0.000000000,0.050000003,0.000000000,0.000000000,0.050000000,0.000000000,-0.000000000,0.000000003,0.000000003,0.000000004
30.367477261,TRACKING,,0.002013688,1,-0.000000000,-0.000000000,0.050000004,0.000000000,0.000000000,0.050000000,0.000000000,-0.000000000,0.000000004,0.000000004,0.000000004
30.377592007,TRACKING,,0.001627810,1,-0.000000000,-0.000000000,0.050000005,0.000000000,0.000000000,0.050000000,0.000000000,-0.000000000,0.000000005,0.000000005,0.000000004
30.387654510,TRACKING,,0.001784536,1,-0.000000000,-0.000000000,0.050000005,0.000000000,0.000000000,0.050000000,0.000000000,-0.000000000,0.000000005,0.000000005,0.000000004
30.400465651,TRACKING,,0.004478556,1,-0.000000000,-0.000000000,0.050000006,0.000000000,0.000000000,0.050000000,0.000000000,-0.000000000,0.000000006,0.000000006,0.000000005
30.410458103,TRACKING,,0.002073054,1,-0.000000000,-0.000000000,0.050000006,0.000000000,0.000000000,0.050000000,0.000000000,-0.000000000,0.000000006,0.000000006,0.000000004
30.420569286,TRACKING,,0.002133607,1,-0.000000000,-0.000000000,0.050000006,0.000000000,0.000000000,0.050000000,0.000000000,-0.000000000,0.000000006,0.000000006,0.000000004
30.430609231,TRACKING,,0.002156166,1,-0.000000000,-0.000000000,0.050000007,0.000000000,0.000000000,0.050000000,0.000000000,-0.000000000,0.000000007,0.000000007,0.000000004
30.440714478,TRACKING,,0.002349699,1,-0.000000000,-0.000000000,0.050000007,0.000000000,0.000000000,0.050000000,0.000000000,-0.000000000,0.000000007,0.000000007,0.000000004
30.450857719,TRACKING,,0.002382943,1,0.000000000,-0.000000000,0.050000003,0.000000000,0.000000000,0.050000000,-0.000000000,-0.000000000,0.000000003,0.000000003,0.000000000
30.460850171,TRACKING,,0.002397191,1,0.000000000,-0.000000000,0.049999998,0.000000000,0.000000000,0.050000000,-0.000000000,-0.000000000,-0.000000002,0.000000002,0.000000004
30.471010035,TRACKING,,0.002363947,1,0.000000000,-0.000000000,0.049999994,0.000000000,0.000000000,0.050000000,-0.000000000,-0.000000000,-0.000000006,0.000000006,0.000000007
30.481049979,TRACKING,,0.002252338,1,0.000000000,-0.000000000,0.049999990,0.000000000,0.000000000,0.050000000,-0.000000000,-0.000000000,-0.000000010,0.000000010,0.000000010
30.492428029,TRACKING,,0.000987847,1,0.000000000,-0.000000000,0.049999990,0.000000000,0.000000000,0.050000000,-0.000000000,-0.000000000,-0.000000010,0.000000010,0.000000009
30.502615201,TRACKING,,0.002452995,1,0.000000000,-0.000000000,0.049999992,0.000000000,0.000000000,0.050000000,-0.000000000,-0.000000000,-0.000000008,0.000000008,0.000000007
30.512545913,TRACKING,,0.002226218,1,0.000000000,-0.000000000,0.049999994,0.000000000,0.000000000,0.050000000,-0.000000000,-0.000000000,-0.000000006,0.000000006,0.000000005
30.522589419,TRACKING,,0.002310517,1,0.000000000,-0.000000000,0.049999994,0.000000000,0.000000000,0.050000000,-0.000000000,-0.000000000,-0.000000006,0.000000006,0.000000005
30.533477107,TRACKING,,0.002755761,1,0.000000000,-0.000000000,0.049999996,0.000000000,0.000000000,0.050000000,-0.000000000,-0.000000000,-0.000000004,0.000000004,0.000000003
30.545444066,TRACKING,,0.001658681,1,0.000000000,-0.000000000,0.049999997,0.000000000,0.000000000,0.050000000,-0.000000000,-0.000000000,-0.000000003,0.000000003,0.000000001
30.555422270,TRACKING,,0.001494831,1,-0.000000000,-0.000000000,0.049999998,0.000000000,0.000000000,0.050000000,0.000000000,-0.000000000,-0.000000002,0.000000002,0.000000000
30.565660497,TRACKING,,0.001120827,1,-0.000000000,-0.000000000,0.049999999,0.000000000,0.000000000,0.050000000,0.000000000,-0.000000000,-0.000000001,0.000000001,0.000000001
30.575671946,TRACKING,,0.001167132,1,-0.000000000,-0.000000000,0.050000000,0.000000000,0.000000000,0.050000000,0.000000000,-0.000000000,0.000000000,0.000000000,0.000000002
30.585746323,TRACKING,,0.000923732,1,-0.000000000,-0.000000000,0.050000001,0.000000000,0.000000000,0.050000000,0.000000000,-0.000000000,0.000000001,0.000000001,0.000000002
30.595720965,TRACKING,,0.000844182,1,-0.000000000,-0.000000000,0.050000002,0.000000000,0.000000000,0.050000000,0.000000000,-0.000000000,0.000000002,0.000000002,0.000000003
30.605795342,TRACKING,,0.000587721,1,-0.000000000,-0.000000000,0.050000003,0.000000000,0.000000000,0.050000000,0.000000000,-0.000000000,0.000000003,0.000000003,0.000000003
30.615908900,TRACKING,,0.000897611,1,-0.000000000,-0.000000000,0.050000004,0.000000000,0.000000000,0.050000000,0.000000000,-0.000000000,0.000000004,0.000000004,0.000000004
30.626020084,TRACKING,,0.000451180,1,-0.000000000,-0.000000000,0.050000004,0.000000000,0.000000000,0.050000000,0.000000000,-0.000000000,0.000000004,0.000000004,0.000000004
30.635976916,TRACKING,,0.000263584,1,-0.000000000,-0.000000000,0.050000005,0.000000000,0.000000000,0.050000000,0.000000000,-0.000000000,0.000000005,0.000000005,0.000000004
30.646114221,TRACKING,,0.000261209,1,-0.000000000,-0.000000000,0.050000005,0.000000000,0.000000000,0.050000000,0.000000000,-0.000000000,0.000000005,0.000000005,0.000000004
30.656271710,TRACKING,,0.000121107,1,-0.000000000,-0.000000000,0.050000006,0.000000000,0.000000000,0.050000000,0.000000000,-0.000000000,0.000000006,0.000000006,0.000000004
30.666385268,TRACKING,,0.000023746,1,-0.000000000,-0.000000000,0.050000006,0.000000000,0.000000000,0.050000000,0.000000000,-0.000000000,0.000000006,0.000000006,0.000000004
30.676368221,TRACKING,,0.000014248,1,-0.000000000,-0.000000000,0.050000006,0.000000000,0.000000000,0.050000000,0.000000000,-0.000000000,0.000000006,0.000000006,0.000000004
30.686554206,TRACKING,,0.002589536,1,-0.000000000,-0.000000000,0.050000007,0.000000000,0.000000000,0.050000000,0.000000000,-0.000000000,0.000000007,0.000000007,0.000000004
30.696652329,TRACKING,,0.002347324,1,-0.000000000,-0.000000000,0.050000007,0.000000000,0.000000000,0.050000000,0.000000000,-0.000000000,0.000000007,0.000000007,0.000000004
30.706697023,TRACKING,,0.002311705,1,-0.000000000,-0.000000000,0.050000007,0.000000000,0.000000000,0.050000000,0.000000000,-0.000000000,0.000000007,0.000000007,0.000000004
30.716972056,TRACKING,,0.002284396,1,0.000000000,-0.000000000,0.049999998,0.000000000,0.000000000,0.050000000,-0.000000000,-0.000000000,-0.000000002,0.000000002,0.000000004
30.727029811,TRACKING,,0.002038622,1,0.000000000,-0.000000000,0.049999993,0.000000000,0.000000000,0.050000000,-0.000000000,-0.000000000,-0.000000007,0.000000007,0.000000008
30.736915404,TRACKING,,0.001763164,1,0.000000000,-0.000000000,0.049999989,0.000000000,0.000000000,0.050000000,-0.000000000,-0.000000000,-0.000000011,0.000000011,0.000000011
30.746928041,TRACKING,,0.001216999,1,0.000000000,-0.000000000,0.049999991,0.000000000,0.000000000,0.050000000,-0.000000000,-0.000000000,-0.000000009,0.000000009,0.000000008
30.757100965,TRACKING,,0.001193252,1,0.000000000,-0.000000000,0.049999993,0.000000000,0.000000000,0.050000000,-0.000000000,-0.000000000,-0.000000007,0.000000007,0.000000006
30.767320194,TRACKING,,0.001152883,1,0.000000000,-0.000000000,0.049999995,0.000000000,0.000000000,0.050000000,-0.000000000,-0.000000000,-0.000000005,0.000000005,0.000000004
30.777277026,TRACKING,,0.000572286,1,-0.000000001,0.000014776,0.049999996,0.000000000,0.000000000,0.050000000,0.000000001,0.000014776,-0.000000004,0.000014776,0.000000003
30.787349029,TRACKING,,0.000559226,1,-0.000000001,0.000014761,0.049999997,0.000000000,0.000000000,0.050000000,0.000000001,0.000014761,-0.000000003,0.000014761,0.000000004
30.797340293,TRACKING,,0.000320576,1,-0.000000001,0.000014734,0.049999998,0.000000000,0.000000000,0.050000000,0.000000001,0.000014734,-0.000000002,0.000014734,0.000000011
30.807428918,TRACKING,,0.000355008,1,-0.000000001,0.000014695,0.049999999,0.000000000,0.000000000,0.050000000,0.000000001,0.000014695,-0.000000001,0.000014695,0.000000020
30.817414246,TRACKING,,0.000178097,1,-0.000000006,0.000058393,0.050000000,0.000000000,0.000000000,0.050000000,0.000000006,0.000058393,0.000000000,0.000058393,0.000000031
30.827812760,TRACKING,,0.002513548,1,-0.000000006,0.000058393,0.050000000,0.000000000,0.000000000,0.050000000,0.000000006,0.000058393,0.000000000,0.000058393,0.000000031
30.837795714,TRACKING,,0.002396004,1,-0.000000006,0.000058290,0.050000001,0.000000000,0.000000000,0.050000000,0.000000006,0.000058290,0.000000001,0.000058290,0.000000055
30.847740673,TRACKING,,0.001999440,1,-0.000000006,0.000058141,0.050000002,0.000000000,0.000000000,0.050000000,0.000000006,0.000058141,0.000000002,0.000058141,0.000000090
30.857791304,TRACKING,,0.001537574,1,-0.000000013,0.000130011,0.050000003,0.000000000,0.000000000,0.050000000,0.000000013,0.000130011,0.000000003,0.000130011,0.000000133
30.867780193,TRACKING,,0.000984285,1,-0.000000013,0.000129736,0.050000003,0.000000000,0.000000000,0.050000000,0.000000013,0.000129736,0.000000003,0.000129736,0.000000194
30.877862881,TRACKING,,0.000416748,1,-0.000000013,0.000129365,0.050000004,0.000000000,0.000000000,0.050000000,0.000000013,0.000129365,0.000000004,0.000129365,0.000000274
30.888023932,TRACKING,,0.000018997,1,-0.000000023,0.000228567,0.050000005,0.000000000,0.000000000,0.050000000,0.000000023,0.000228567,0.000000005,0.000228567,0.000000373
30.898138678,TRACKING,,0.000022559,1,-0.000000023,0.000228046,0.050000005,0.000000000,0.000000000,0.050000000,0.000000023,0.000228046,0.000000005,0.000228046,0.000000478
30.909511978,TRACKING,,0.003747169,1,-0.000000022,0.000227318,0.050000005,0.000000000,0.000000000,0.050000000,0.000000022,0.000227318,0.000000005,0.000227318,0.000000630
30.919517491,TRACKING,,0.001886645,1,-0.000000035,0.000358722,0.050000006,0.000000000,0.000000000,0.050000000,0.000000035,0.000358722,0.000000006,0.000358722,0.000000838
30.931060577,TRACKING,,0.002921985,1,-0.000000035,0.000357651,0.050000006,0.000000000,0.000000000,0.050000000,0.000000035,0.000357651,0.000000006,0.000357651,0.000001050
30.941479276,TRACKING,,0.005137517,1,-0.000000035,0.000356238,0.050000005,0.000000000,0.000000000,0.050000000,0.000000035,0.000356238,0.000000005,0.000356238,0.000001327
30.951470540,TRACKING,,0.001785723,1,-0.000000049,0.000501961,0.050000000,0.000000000,0.000000000,0.050000000,0.000000049,0.000501961,-0.000000000,0.000501961,0.000001653
30.962507830,TRACKING,,0.002473180,1,-0.000000049,0.000500152,0.049999995,0.000000000,0.000000000,0.050000000,0.000000049,0.000500152,-0.000000005,0.000500152,0.000001992
30.972703313,TRACKING,,0.002444684,1,-0.000000048,0.000497986,0.049999991,0.000000000,0.000000000,0.050000000,0.000000049,0.000497986,-0.000000009,0.000497986,0.000002398
30.984500485,TRACKING,,0.001582693,1,-0.000000048,0.000495543,0.049999988,0.000000000,0.000000000,0.050000000,0.000000048,0.000495543,-0.000000012,0.000495543,0.000002844
30.994641352,TRACKING,,0.002433998,1,-0.000000066,0.000671061,0.049999991,0.000000000,0.000000000,0.050000000,0.000000066,0.000671061,-0.000000009,0.000671061,0.000003413
31.004670611,TRACKING,,0.000026121,1,-0.000000065,0.000668081,0.049999992,0.000000000,0.000000000,0.050000000,0.000000065,0.000668081,-0.000000008,0.000668081,0.000003920
31.014704619,TRACKING,,0.002188223,1,-0.000000065,0.000664755,0.049999994,0.000000000,0.000000000,0.050000000,0.000000065,0.000664755,-0.000000006,0.000664755,0.000004479
31.024892978,TRACKING,,0.002261837,1,-0.000000086,0.000872082,0.049999995,0.000000000,0.000000000,0.050000000,0.000000086,0.000872082,-0.000000005,0.000872082,0.000005092
31.034976853,TRACKING,,0.002302206,1,-0.000000085,0.000867007,0.049999997,0.000000000,0.000000000,0.050000000,0.000000085,0.000867007,-0.000000003,0.000867007,0.000005915
31.044981178,TRACKING,,0.002291520,1,-0.000000085,0.000862390,0.049999998,0.000000000,0.000000000,0.050000000,0.000000085,0.000862390,-0.000000002,0.000862390,0.000006647
31.055098298,TRACKING,,0.002284396,1,-0.000000106,0.001078178,0.049999999,0.000000000,0.000000000,0.050000000,0.000000106,0.001078178,-0.000000001,0.001078178,0.000007411
31.065053943,TRACKING,,0.002033873,1,-0.000000106,0.001072656,0.050000000,0.000000000,0.000000000,0.050000000,0.000000106,0.001072656,0.000000000,0.001072656,0.000008257
31.075201933,TRACKING,,0.001810657,1,-0.000000105,0.001066556,0.050000001,0.000000000,0.000000000,0.050000000,0.000000105,0.001066556,0.000000001,0.001066556,0.000009179
31.085309555,TRACKING,,0.001829655,1,-0.000000129,0.001311908,0.050000002,0.000000000,0.000000000,0.050000000,0.000000129,0.001311908,0.000000002,0.001311908,0.000010122
31.095363747,TRACKING,,0.001951948,1,-0.000000128,0.001303283,0.050000003,0.000000000,0.000000000,0.050000000,0.000000129,0.001303283,0.000000003,0.001303283,0.000011373
31.105358574,TRACKING,,0.001855775,1,-0.000000128,0.001295511,0.050000003,0.000000000,0.000000000,0.050000000,0.000000128,0.001295511,0.000000003,0.001295511,0.000012491
31.115461446,TRACKING,,0.004515363,1,-0.000000128,0.001295511,0.050000003,0.000000000,0.000000000,0.050000000,0.000000128,0.001295511,0.000000003,0.001295511,0.000012491
31.125455085,TRACKING,,0.000878614,1,-0.000000154,0.001558684,0.050000004,0.000000000,0.000000000,0.050000000,0.000000154,0.001558684,0.000000004,0.001558684,0.000014213
31.135601888,TRACKING,,0.000761069,1,-0.000000153,0.001549606,0.050000004,0.000000000,0.000000000,0.050000000,0.000000153,0.001549606,0.000000004,0.001549606,0.000015452
31.145627585,TRACKING,,0.000651837,1,-0.000000152,0.001539843,0.050000005,0.000000000,0.000000000,0.050000000,0.000000152,0.001539843,0.000000005,0.001539843,0.000016764
31.155666342,TRACKING,,0.000730199,1,-0.000000180,0.001827015,0.050000005,0.000000000,0.000000000,0.050000000,0.000000181,0.001827015,0.000000005,0.001827015,0.000018110
31.165828581,TRACKING,,0.000730199,1,-0.000000179,0.001816323,0.050000005,0.000000000,0.000000000,0.050000000,0.000000180,0.001816323,0.000000005,0.001816323,0.000019483
31.175824594,TRACKING,,0.000528356,1,-0.000000178,0.001804803,0.050000006,0.000000000,0.000000000,0.050000000,0.000000179,0.001804803,0.000000006,0.001804803,0.000020952
31.185942902,TRACKING,,0.000468990,1,-0.000000208,0.002111211,0.050000006,0.000000000,0.000000000,0.050000000,0.000000209,0.002111211,0.000000006,0.002111211,0.000022495
31.196093267,TRACKING,,0.000345509,1,-0.000000207,0.002098388,0.050000006,0.000000000,0.000000000,0.050000000,0.000000208,0.002098388,0.000000006,0.002098388,0.000024065
31.206109465,TRACKING,,0.000229152,1,-0.000000206,0.002084624,0.050000005,0.000000000,0.000000000,0.050000000,0.000000207,0.002084624,0.000000005,0.002084624,0.000025735
31.216213525,TRACKING,,0.000189971,1,-0.000000205,0.002070170,0.049999999,0.000000000,0.000000000,0.050000000,0.000000206,0.002070170,-0.000000000,0.002070170,0.000027456
31.226265342,TRACKING,,0.000313451,1,-0.000000237,0.002395314,0.049999994,0.000000000,0.000000000,0.050000000,0.000000238,0.002395314,-0.000000005,0.002395314,0.000029189
31.236247108,TRACKING,,0.000300390,1,-0.000000235,0.002375820,0.049999989,0.000000000,0.000000000,0.050000000,0.000000236,0.002375820,-0.000000011,0.002375820,0.000031411
31.246353543,TRACKING,,0.000040369,1,-0.000000233,0.002359162,0.049999988,0.000000000,0.000000000,0.050000000,0.000000235,0.002359162,-0.000000012,0.002359162,0.000033276
31.256414859,TRACKING,,0.000883363,1,-0.000000267,0.002699255,0.049999990,0.000000000,0.000000000,0.050000000,0.000000269,0.002699255,-0.000000010,0.002699255,0.000035511
31.269458713,TRACKING,,0.003692552,1,-0.000000266,0.002680772,0.049999991,0.000000000,0.000000000,0.050000000,0.000000268,0.002680772,-0.000000008,0.002680772,0.000037526
31.279479661,TRACKING,,0.001905642,1,-0.000000264,0.002658877,0.049999993,0.000000000,0.000000000,0.050000000,0.000000266,0.002658877,-0.000000007,0.002658877,0.000039760
31.289508919,TRACKING,,0.001775038,1,-0.000000300,0.003018623,0.049999994,0.000000000,0.000000000,0.050000000,0.000000302,0.003018623,-0.000000006,0.003018623,0.000041853
31.299675907,TRACKING,,0.001811844,1,-0.000000298,0.002993098,0.049999995,0.000000000,0.000000000,0.050000000,0.000000300,0.002993098,-0.000000004,0.002993098,0.000044425
31.309646987,TRACKING,,0.001066210,1,-0.000000336,0.003367939,0.049999996,0.000000000,0.000000000,0.050000000,0.000000338,0.003367939,-0.000000004,0.003367939,0.000046975
31.319745110,TRACKING,,0.001345229,1,-0.000000336,0.003367939,0.049999996,0.000000000,0.000000000,0.050000000,0.000000338,0.003367939,-0.000000004,0.003367939,0.000046975
31.329806426,TRACKING,,0.001519764,1,-0.000000334,0.003338806,0.049999996,0.000000000,0.000000000,0.050000000,0.000000336,0.003338806,-0.000000003,0.003338806,0.000049928
31.342463215,TRACKING,,0.001030590,1,-0.000000332,0.003313000,0.049999997,0.000000000,0.000000000,0.050000000,0.000000335,0.003313000,-0.000000002,0.003313000,0.000052108
31.352467540,TRACKING,,0.000917795,1,-0.000000372,0.003712849,0.049999997,0.000000000,0.000000000,0.050000000,0.000000375,0.003712849,-0.000000002,0.003712849,0.000054772
31.362588222,TRACKING,,0.000858430,1,-0.000000370,0.003686001,0.049999997,0.000000000,0.000000000,0.050000000,0.000000374,0.003686001,-0.000000002,0.003686001,0.000057140
31.372613919,TRACKING,,0.000821623,1,-0.000000368,0.003658300,0.049999997,0.000000000,0.000000000,0.050000000,0.000000372,0.003658300,-0.000000002,0.003658300,0.000059578
31.382763097,TRACKING,,0.000884551,1,-0.000000366,0.003629830,0.049999997,0.000000000,0.000000000,0.050000000,0.000000370,0.003629830,-0.000000002,0.003629830,0.000062050
31.392835099,TRACKING,,0.000981911,1,-0.000000406,0.004022966,0.049999997,0.000000000,0.000000000,0.050000000,0.000000410,0.004022966,-0.000000001,0.004022966,0.000064531
31.402877418,TRACKING,,0.000958164,1,-0.000000403,0.003985567,0.049999997,0.000000000,0.000000000,0.050000000,0.000000408,0.003985567,-0.000000002,0.003985567,0.000067682
31.413002849,TRACKING,,0.000571100,1,-0.000000401,0.003954108,0.049999996,0.000000000,0.000000000,0.050000000,0.000000406,0.003954108,-0.000000002,0.003954108,0.000070286
31.423048730,TRACKING,,0.000611468,1,-0.000000444,0.004373632,0.049999996,0.000000000,0.000000000,0.050000000,0.000000449,0.004373632,-0.000000002,0.004373632,0.000072945
31.433133793,TRACKING,,0.000093798,1,-0.000000442,0.004340803,0.049999995,0.000000000,0.000000000,0.050000000,0.000000447,0.004340803,-0.000000003,0.004340803,0.000075553
31.443151179,TRACKING,,0.000020184,1,-0.000000440,0.004304636,0.049999995,0.000000000,0.000000000,0.050000000,0.000000445,0.004304636,-0.000000003,0.004304636,0.000078433
31.453364471,TRACKING,,0.000017809,1,-0.000000484,0.004739085,0.049999994,0.000000000,0.000000000,0.050000000,0.000000490,0.004739085,-0.000000004,0.004739085,0.000081083
31.463350987,TRACKING,,0.000837058,1,-0.000000481,0.004696615,0.049999993,0.000000000,0.000000000,0.050000000,0.000000488,0.004696615,-0.000000005,0.004696615,0.000084319
31.473550031,TRACKING,,0.000956977,1,-0.000000479,0.004659419,0.049999992,0.000000000,0.000000000,0.050000000,0.000000486,0.004659419,-0.000000005,0.004659419,0.000087182
31.483535359,TRACKING,,0.001494831,1,-0.000000529,0.005138877,0.049999991,0.000000000,0.000000000,0.050000000,0.000000536,0.005138877,-0.000000006,0.005138877,0.000090590
31.493549183,TRACKING,,0.001031778,1,-0.000000526,0.005096947,0.049999990,0.000000000,0.000000000,0.050000000,0.000000534,0.005096947,-0.000000008,0.005096947,0.000093391
31.503589128,TRACKING,,0.000791940,1,-0.000000525,0.005054255,0.049999988,0.000000000,0.000000000,0.050000000,0.000000533,0.005054255,-0.000000009,0.005054255,0.000096284
31.513783423,TRACKING,,0.000768194,1,-0.000000568,0.005472309,0.049999987,0.000000000,0.000000000,0.050000000,0.000000577,0.005472309,-0.000000010,0.005472309,0.000098994
31.524412277,TRACKING,,0.002317641,1,-0.000000568,0.005472309,0.049999987,0.000000000,0.000000000,0.050000000,0.000000577,0.005472309,-0.000000010,0.005472309,0.000098994
31.533938113,TRACKING,,0.001027028,1,-0.000000566,0.005425210,0.049999985,0.000000000,0.000000000,0.050000000,0.000000575,0.005425210,-0.000000012,0.005425210,0.000102143
31.544013677,TRACKING,,0.001073334,1,-0.000000564,0.005374762,0.049999983,0.000000000,0.000000000,0.050000000,0.000000573,0.005374762,-0.000000013,0.005374762,0.000105011
31.554053622,TRACKING,,0.001103017,1,-0.000000612,0.005844230,0.049999982,0.000000000,0.000000000,0.050000000,0.000000623,0.005844230,-0.000000015,0.005844230,0.000107518
31.564118500,TRACKING,,0.000916608,1,-0.000000610,0.005797838,0.049999980,0.000000000,0.000000000,0.050000000,0.000000621,0.005797838,-0.000000017,0.005797838,0.000110086
31.574239182,TRACKING,,0.001602876,1,-0.000000608,0.005749452,0.049999978,0.000000000,0.000000000,0.050000000,0.000000619,0.005749452,-0.000000019,0.005749452,0.000112804
31.584260130,TRACKING,,0.001520952,1,-0.000000658,0.006220114,0.049999976,0.000000000,0.000000000,0.050000000,0.000000670,0.006220114,-0.000000021,0.006220114,0.000115882
31.597479706,TRACKING,,0.004604411,1,-0.000000656,0.006168922,0.049999973,0.000000000,0.000000000,0.050000000,0.000000668,0.006168922,-0.000000023,0.006168922,0.000118867
31.607577830,TRACKING,,0.001890207,1,-0.000000654,0.006120442,0.049999971,0.000000000,0.000000000,0.050000000,0.000000667,0.006120442,-0.000000025,0.006120442,0.000121118
31.617566719,TRACKING,,0.001471085,1,-0.000000706,0.006593324,0.049999968,0.000000000,0.000000000,0.050000000,0.000000720,0.006593324,-0.000000028,0.006593324,0.000125445
31.627610226,TRACKING,,0.001515015,1,-0.000000704,0.006538360,0.049999965,0.000000000,0.000000000,0.050000000,0.000000718,0.006538360,-0.000000030,0.006538360,0.000128640
31.637768902,TRACKING,,0.001611188,1,-0.000000702,0.006470795,0.049999962,0.000000000,0.000000000,0.050000000,0.000000716,0.006470795,-0.000000034,0.006470795,0.000132500
31.647737608,TRACKING,,0.001454462,1,-0.000000755,0.006968624,0.049999959,0.000000000,0.000000000,0.050000000,0.000000770,0.006968624,-0.000000036,0.006968624,0.000135355
31.657873725,TRACKING,,0.001469897,1,-0.000000753,0.006910902,0.049999956,0.000000000,0.000000000,0.050000000,0.000000769,0.006910902,-0.000000039,0.006910902,0.000138296
31.667886361,TRACKING,,0.001406969,1,-0.000000752,0.006851338,0.049999953,0.000000000,0.000000000,0.050000000,0.000000768,0.006851338,-0.000000042,0.006851338,0.000141215
31.678083031,TRACKING,,0.001387972,1,-0.000000750,0.006791337,0.049999950,0.000000000,0.000000000,0.050000000,0.000000767,0.006791337,-0.000000045,0.006791337,0.000144125
31.688099230,TRACKING,,0.000987847,1,-0.000000805,0.007294286,0.049999946,0.000000000,0.000000000,0.050000000,0.000000823,0.007294286,-0.000000049,0.007294286,0.000147231
31.699677936,TRACKING,,0.004911926,1,-0.000000804,0.007232386,0.049999943,0.000000000,0.000000000,0.050000000,0.000000822,0.007232386,-0.000000052,0.007232386,0.000150121
31.709497040,TRACKING,,0.001976881,1,-0.000000803,0.007169193,0.049999939,0.000000000,0.000000000,0.050000000,0.000000821,0.007169193,-0.000000056,0.007169193,0.000152868
31.719583289,TRACKING,,0.002018437,1,-0.000000858,0.007667819,0.049999934,0.000000000,0.000000000,0.050000000,0.000000878,0.007667819,-0.000000060,0.007667819,0.000156235
31.729696848,TRACKING,,0.002039809,1,-0.000000857,0.007603864,0.049999931,0.000000000,0.000000000,0.050000000,0.000000877,0.007603864,-0.000000063,0.007603864,0.000159083
31.739711859,TRACKING,,0.001902080,1,-0.000000856,0.007537614,0.049999927,0.000000000,0.000000000,0.050000000,0.000000876,0.007537614,-0.000000067,0.007537614,0.000162067
31.749855100,TRACKING,,0.001881896,1,-0.000000913,0.008059142,0.049999922,0.000000000,0.000000000,0.050000000,0.000000935,0.008059142,-0.000000071,0.008059142,0.000164652
31.759957972,TRACKING,,0.001468709,1,-0.000000912,0.007986326,0.049999917,0.000000000,0.000000000,0.050000000,0.000000935,0.007986326,-0.000000076,0.007986326,0.000167827
31.769958735,TRACKING,,0.001665804,1,-0.000000912,0.007986326,0.049999917,0.000000000,0.000000000,0.050000000,0.000000935,0.007986326,-0.000000076,0.007986326,0.000167827
31.779978495,TRACKING,,0.001195627,1,-0.000000912,0.007897815,0.049999911,0.000000000,0.000000000,0.050000000,0.000000935,0.007897815,-0.000000082,0.007897815,0.000171818
31.790087304,TRACKING,,0.000946291,1,-0.000000970,0.008421471,0.049999906,0.000000000,0.000000000,0.050000000,0.000000995,0.008421471,-0.000000087,0.008421471,0.000174914
31.800113001,TRACKING,,0.000794314,1,-0.000000970,0.008348345,0.049999901,0.000000000,0.000000000,0.050000000,0.000000995,0.008348345,-0.000000092,0.008348345,0.000177899
31.810208749,TRACKING,,0.000861992,1,-0.000000970,0.008273984,0.049999896,0.000000000,0.000000000,0.050000000,0.000000995,0.008273984,-0.000000097,0.008273984,0.000180958
31.820315183,TRACKING,,0.000661335,1,-0.000001026,0.008767977,0.049999887,0.000000000,0.000000000,0.050000000,0.000001054,0.008767977,-0.000000105,0.008767977,0.000185655
31.830317134,TRACKING,,0.000676771,1,-0.000001021,0.008692056,0.049999881,0.000000000,0.000000000,0.050000000,0.000001049,0.008692056,-0.000000110,0.008692056,0.000188318
31.840427130,TRACKING,,0.000637589,1,-0.000001017,0.008615256,0.049999876,0.000000000,0.000000000,0.050000000,0.000001044,0.008615256,-0.000000116,0.008615256,0.000190941
31.850420769,TRACKING,,0.000465428,1,-0.000001074,0.009152392,0.049999869,0.000000000,0.000000000,0.050000000,0.000001103,0.009152392,-0.000000122,0.009152392,0.000193613
31.860537889,TRACKING,,0.000115170,1,-0.000001070,0.009070480,0.049999863,0.000000000,0.000000000,0.050000000,0.000001100,0.009070480,-0.000000128,0.009070480,0.000196473
31.870561211,TRACKING,,0.000034432,1,-0.000001067,0.008989730,0.049999856,0.000000000,0.000000000,0.050000000,0.000001097,0.008989730,-0.000000135,0.008989730,0.000199285
31.880685455,TRACKING,,0.000020184,1,-0.000001126,0.009513034,0.049999848,0.000000000,0.000000000,0.050000000,0.000001158,0.009513034,-0.000000142,0.009513034,0.000202564
31.890728962,TRACKING,,0.000022559,1,-0.000001126,0.009513034,0.049999848,0.000000000,0.000000000,0.050000000,0.000001158,0.009513034,-0.000000142,0.009513034,0.000202564
31.901869548,TRACKING,,0.003374352,1,-0.000001123,0.009431614,0.049999842,0.000000000,0.000000000,0.050000000,0.000001156,0.009431614,-0.000000148,0.009431614,0.000205011
31.912492465,TRACKING,,0.000143665,1,-0.000001183,0.009882196,0.049999827,0.000000000,0.000000000,0.050000000,0.000001218,0.009882196,-0.000000163,0.009882196,0.000210549
31.922622645,TRACKING,,0.000068864,1,-0.000001183,0.009794161,0.049999819,0.000000000,0.000000000,0.050000000,0.000001218,0.009794161,-0.000000170,0.009794161,0.000213538
31.935468217,TRACKING,,0.000138916,1,-0.000001183,0.009705681,0.049999811,0.000000000,0.000000000,0.050000000,0.000001219,0.009705681,-0.000000178,0.009705681,0.000216565
31.945479666,TRACKING,,0.000017810,1,-0.000001246,0.010252562,0.049999803,0.000000000,0.000000000,0.050000000,0.000001284,0.010252562,-0.000000186,0.010252562,0.000219530
31.955714331,TRACKING,,0.002531358,1,-0.000001247,0.010161109,0.049999794,0.000000000,0.000000000,0.050000000,0.000001285,0.010161109,-0.000000194,0.010161109,0.000222725
31.967478258,TRACKING,,0.004327767,1,-0.000001249,0.010069343,0.049999786,0.000000000,0.000000000,0.050000000,0.000001287,0.010069343,-0.000000203,0.010069344,0.000225935
31.977444589,TRACKING,,0.001959072,1,-0.000001314,0.010600758,0.049999775,0.000000000,0.000000000,0.050000000,0.000001355,0.010600758,-0.000000212,0.010600758,0.000229162
31.988557867,TRACKING,,0.000041556,1,-0.000001317,0.010503107,0.049999766,0.000000000,0.000000000,0.050000000,0.000001358,0.010503107,-0.000000222,0.010503107,0.000232165
31.998658365,TRACKING,,0.002419750,1,-0.000001319,0.010407326,0.049999757,0.000000000,0.000000000,0.050000000,0.000001360,0.010407326,-0.000000231,0.010407326,0.000235084
32.008800418,TRACKING,,0.001991129,1,-0.000001322,0.010305833,0.049999746,0.000000000,0.000000000,0.050000000,0.000001363,0.010305833,-0.000000241,0.010305833,0.000238170
32.018804743,TRACKING,,0.001771475,1,-0.000001388,0.010856990,0.049999737,0.000000000,0.000000000,0.050000000,0.000001432,0.010856990,-0.000000250,0.010856990,0.000240981
32.029439533,TRACKING,,0.005078151,1,-0.000001388,0.010856990,0.049999737,0.000000000,0.000000000,0.050000000,0.000001432,0.010856990,-0.000000250,0.010856990,0.000240981
32.039447420,TRACKING,,0.001953135,1,-0.000001393,0.010731196,0.049999724,0.000000000,0.000000000,0.050000000,0.000001437,0.010731196,-0.000000262,0.010731196,0.000244021
32.049487364,TRACKING,,0.002070679,1,-0.000001396,0.010632005,0.049999714,0.000000000,0.000000000,0.050000000,0.000001440,0.010632005,-0.000000272,0.010632005,0.000246515
32.059635354,TRACKING,,0.002076616,1,-0.000001463,0.011160889,0.049999708,0.000000000,0.000000000,0.050000000,0.000001510,0.011160889,-0.000000278,0.011160889,0.000249511
32.069671737,TRACKING,,0.001390347,1,-0.000001462,0.011051453,0.049999701,0.000000000,0.000000000,0.050000000,0.000001509,0.011051453,-0.000000284,0.011051453,0.000252063
32.079755612,TRACKING,,0.001434277,1,-0.000001526,0.011579864,0.049999692,0.000000000,0.000000000,0.050000000,0.000001576,0.011579864,-0.000000293,0.011579864,0.000255521
32.089759937,TRACKING,,0.001279927,1,-0.000001527,0.011474908,0.049999684,0.000000000,0.000000000,0.050000000,0.000001577,0.011474908,-0.000000301,0.011474908,0.000258074
32.100422035,TRACKING,,0.004518925,1,-0.000001529,0.011368197,0.049999676,0.000000000,0.000000000,0.050000000,0.000001578,0.011368197,-0.000000309,0.011368197,0.000260555
32.110428735,TRACKING,,0.001862899,1,-0.000001531,0.011263206,0.049999668,0.000000000,0.000000000,0.050000000,0.000001580,0.011263206,-0.000000318,0.011263206,0.000262625
32.120573163,TRACKING,,0.001851026,1,-0.000001597,0.011816860,0.049999659,0.000000000,0.000000000,0.050000000,0.000001649,0.011816860,-0.000000325,0.011816860,0.000264644
32.130585799,TRACKING,,0.001386785,1,-0.000001599,0.011709137,0.049999650,0.000000000,0.000000000,0.050000000,0.000001651,0.011709137,-0.000000335,0.011709137,0.000266781
32.140723104,TRACKING,,0.001458024,1,-0.000001603,0.011595516,0.049999639,0.000000000,0.000000000,0.050000000,0.000001655,0.011595516,-0.000000346,0.011595516,0.000269319
32.150796293,TRACKING,,0.001858149,1,-0.000001673,0.012123036,0.049999626,0.000000000,0.000000000,0.050000000,0.000001729,0.012123036,-0.000000358,0.012123036,0.000272053
32.160782808,TRACKING,,0.001674116,1,-0.000001676,0.012012448,0.049999615,0.000000000,0.000000000,0.050000000,0.000001732,0.012012448,-0.000000369,0.012012448,0.000273818
32.170943859,TRACKING,,0.001385598,1,-0.000001684,0.011895020,0.049999603,0.000000000,0.000000000,0.050000000,0.000001739,0.011895020,-0.000000381,0.011895020,0.000276665
32.181020610,TRACKING,,0.001424779,1,-0.000001754,0.012445315,0.049999591,0.000000000,0.000000000,0.050000000,0.000001812,0.012445315,-0.000000393,0.012445316,0.000279108
32.191168600,TRACKING,,0.001519765,1,-0.000001754,0.012445315,0.049999591,0.000000000,0.000000000,0.050000000,0.000001812,0.012445315,-0.000000393,0.012445316,0.000279108
32.201177674,TRACKING,,0.002140731,1,-0.000001753,0.012306679,0.049999576,0.000000000,0.000000000,0.050000000,0.000001811,0.012306679,-0.000000407,0.012306679,0.000281743
32.211293607,TRACKING,,0.002214345,1,-0.000001755,0.012167943,0.049999560,0.000000000,0.000000000,0.050000000,0.000001813,0.012167943,-0.000000423,0.012167944,0.000284101
32.221509274,TRACKING,,0.002279646,1,-0.000001825,0.012688098,0.049999547,0.000000000,0.000000000,0.050000000,0.000001887,0.012688098,-0.000000435,0.012688098,0.000287290
32.231470856,TRACKING,,0.002295082,1,-0.000001827,0.012545080,0.049999537,0.000000000,0.000000000,0.050000000,0.000001888,0.012545080,-0.000000445,0.012545080,0.000289372
32.242400100,TRACKING,,0.000669646,1,-0.000001830,0.012425757,0.049999528,0.000000000,0.000000000,0.050000000,0.000001891,0.012425757,-0.000000454,0.012425757,0.000291298
32.252493474,TRACKING,,0.000542603,1,-0.000001902,0.012992099,0.049999518,0.000000000,0.000000000,0.050000000,0.000001965,0.012992099,-0.000000463,0.012992099,0.000293109
32.262585660,TRACKING,,0.000631652,1,-0.000001909,0.012842394,0.049999505,0.000000000,0.000000000,0.050000000,0.000001972,0.012842394,-0.000000476,0.012842394,0.000295286
32.272617293,TRACKING,,0.000365693,1,-0.000001912,0.012722002,0.049999495,0.000000000,0.000000000,0.050000000,0.000001975,0.012722002,-0.000000487,0.012722003,0.000296468
32.282707105,TRACKING,,0.000521231,1,-0.000001976,0.013246199,0.049999482,0.000000000,0.000000000,0.050000000,0.000002042,0.013246199,-0.000000498,0.013246199,0.000298498
32.292790980,TRACKING,,0.000525981,1,-0.000001976,0.013246199,0.049999482,0.000000000,0.000000000,0.050000000,0.000002042,0.013246199,-0.000000498,0.013246199,0.000298498
32.306460550,TRACKING,,0.000485612,1,-0.000001979,0.013092099,0.049999465,0.000000000,0.000000000,0.050000000,0.000002045,0.013092099,-0.000000515,0.013092099,0.000300934
32.312893428,TRACKING,,0.002206033,1,-0.000001979,0.012963582,0.049999453,0.000000000,0.000000000,0.050000000,0.000002045,0.012963582,-0.000000528,0.012963582,0.000301858
32.322928623,TRACKING,,0.002296269,1,-0.000002048,0.013503312,0.049999439,0.000000000,0.000000000,0.050000000,0.000002117,0.013503312,-0.000000541,0.013503313,0.000303667
32.333559851,TRACKING,,0.002443496,1,-0.000002058,0.013312457,0.049999416,0.000000000,0.000000000,0.050000000,0.000002126,0.013312457,-0.000000563,0.013312457,0.000306743
32.343565363,TRACKING,,0.002449433,1,-0.000002063,0.013184788,0.049999405,0.000000000,0.000000000,0.050000000,0.000002131,0.013184788,-0.000000574,0.013184788,0.000308321
32.353560190,TRACKING,,0.002100363,1,-0.000002137,0.013717844,0.049999394,0.000000000,0.000000000,0.050000000,0.000002208,0.013717844,-0.000000584,0.013717845,0.000310119
32.363727177,TRACKING,,0.002248776,1,-0.000002139,0.013590821,0.049999383,0.000000000,0.000000000,0.050000000,0.000002210,0.013590821,-0.000000595,0.013590821,0.000311587
32.373705381,TRACKING,,0.002223843,1,-0.000002141,0.013462158,0.049999371,0.000000000,0.000000000,0.050000000,0.000002211,0.013462158,-0.000000607,0.013462158,0.000313181
32.384387664,TRACKING,,0.002221468,1,-0.000002141,0.013462158,0.049999371,0.000000000,0.000000000,0.050000000,0.000002211,0.013462158,-0.000000607,0.013462158,0.000313181
32.394028670,TRACKING,,0.002221468,1,-0.000002208,0.013965053,0.049999356,0.000000000,0.000000000,0.050000000,0.000002281,0.013965053,-0.000000621,0.013965054,0.000314961
32.403976004,TRACKING,,0.000489175,1,-0.000002212,0.013834607,0.049999343,0.000000000,0.000000000,0.050000000,0.000002285,0.013834607,-0.000000635,0.013834607,0.000315888
32.414001700,TRACKING,,0.000081925,1,-0.000002221,0.013678081,0.049999325,0.000000000,0.000000000,0.050000000,0.000002293,0.013678081,-0.000000654,0.013678082,0.000317869
32.424136630,TRACKING,,0.000256461,1,-0.000002291,0.014199655,0.049999309,0.000000000,0.000000000,0.050000000,0.000002366,0.014199655,-0.000000669,0.014199655,0.000319296
32.434253750,TRACKING,,0.000307514,1,-0.000002293,0.014034330,0.049999292,0.000000000,0.000000000,0.050000000,0.000002368,0.014034330,-0.000000686,0.014034330,0.000320919
32.444237891,TRACKING,,0.000284955,1,-0.000002297,0.013867882,0.049999278,0.000000000,0.000000000,0.050000000,0.000002371,0.013867882,-0.000000700,0.013867882,0.000322151
32.454274273,TRACKING,,0.000237463,1,-0.000002365,0.014389220,0.049999266,0.000000000,0.000000000,0.050000000,0.000002443,0.014389220,-0.000000712,0.014389221,0.000323325
32.464334402,TRACKING,,0.000300391,1,-0.000002371,0.014253089,0.049999253,0.000000000,0.000000000,0.050000000,0.000002448,0.014253089,-0.000000725,0.014253089,0.000324601
32.474445585,TRACKING,,0.000387065,1,-0.000002377,0.014084636,0.049999236,0.000000000,0.000000000,0.050000000,0.000002454,0.014084636,-0.000000742,0.014084637,0.000325477
32.484556769,TRACKING,,0.000486800,1,-0.000002443,0.014600477,0.049999221,0.000000000,0.000000000,0.050000000,0.000002523,0.014600477,-0.000000756,0.014600478,0.000326455
32.494510039,TRACKING,,0.001687176,1,-0.000002443,0.014600477,0.049999221,0.000000000,0.000000000,0.050000000,0.000002523,0.014600477,-0.000000756,0.014600478,0.000326455
32.504775574,TRACKING,,0.001422404,1,-0.000002447,0.014445500,0.049999204,0.000000000,0.000000000,0.050000000,0.000002526,0.014445500,-0.000000773,0.014445500,0.000327583
32.514732406,TRACKING,,0.001158821,1,-0.000002453,0.014300678,0.049999187,0.000000000,0.000000000,0.050000000,0.000002532,0.014300678,-0.000000790,0.014300678,0.000329436
32.524870898,TRACKING,,0.002302206,1,-0.000002524,0.014804143,0.049999174,0.000000000,0.000000000,0.050000000,0.000002606,0.014804143,-0.000000803,0.014804144,0.000331012
32.537481381,TRACKING,,0.000021372,1,-0.000002531,0.014643497,0.049999159,0.000000000,0.000000000,0.050000000,0.000002612,0.014643497,-0.000000817,0.014643497,0.000331939
32.547453649,TRACKING,,0.000089048,1,-0.000002533,0.014472527,0.049999144,0.000000000,0.000000000,0.050000000,0.000002613,0.014472526,-0.000000832,0.014472527,0.000332549
32.557511403,TRACKING,,0.000250524,1,-0.000002600,0.014938900,0.049999126,0.000000000,0.000000000,0.050000000,0.000002684,0.014938900,-0.000000850,0.014938900,0.000333946
32.567681952,TRACKING,,0.000125855,1,-0.000002606,0.014764199,0.049999107,0.000000000,0.000000000,0.050000000,0.000002688,0.014764199,-0.000000869,0.014764200,0.000334906
32.577755141,TRACKING,,0.000178098,1,-0.000002612,0.014617226,0.049999090,0.000000000,0.000000000,0.050000000,0.000002694,0.014617226,-0.000000886,0.014617226,0.000335697
32.587755904,TRACKING,,0.000066490,1,-0.000002676,0.015076817,0.049999075,0.000000000,0.000000000,0.050000000,0.000002761,0.015076817,-0.000000900,0.015076817,0.000336346
32.597808909,TRACKING,,0.000325324,1,-0.000002676,0.015076817,0.049999075,0.000000000,0.000000000,0.050000000,0.000002761,0.015076817,-0.000000900,0.015076817,0.000336346
32.607972335,TRACKING,,0.000393002,1,-0.000002682,0.014896948,0.049999057,0.000000000,0.000000000,0.050000000,0.000002766,0.014896947,-0.000000918,0.014896948,0.000337846
32.618019403,TRACKING,,0.000284956,1,-0.000002755,0.015390146,0.049999039,0.000000000,0.000000000,0.050000000,0.000002843,0.015390146,-0.000000936,0.015390146,0.000338829
32.628094967,TRACKING,,0.000400126,1,-0.000002762,0.015242631,0.049999023,0.000000000,0.000000000,0.050000000,0.000002848,0.015242631,-0.000000951,0.015242631,0.000339624
32.638196652,TRACKING,,0.000327699,1,-0.000002767,0.015059861,0.049999003,0.000000000,0.000000000,0.050000000,0.000002853,0.015059861,-0.000000972,0.015059862,0.000340690
32.648174856,TRACKING,,0.000286143,1,-0.000002828,0.015489405,0.049998989,0.000000000,0.000000000,0.050000000,0.000002916,0.015489405,-0.000000985,0.015489406,0.000341299
32.658300287,TRACKING,,0.000321762,1,-0.000002836,0.015305289,0.049998973,0.000000000,0.000000000,0.050000000,0.000002923,0.015305289,-0.000001001,0.015305290,0.000341933
32.668296301,TRACKING,,0.000345509,1,-0.000002842,0.015155542,0.049998959,0.000000000,0.000000000,0.050000000,0.000002929,0.015155542,-0.000001015,0.015155542,0.000342628
32.678481098,TRACKING,,0.000055804,1,-0.000002910,0.015628475,0.049998942,0.000000000,0.000000000,0.050000000,0.000002999,0.015628475,-0.000001031,0.015628476,0.000343611
32.688569722,TRACKING,,0.000058179,1,-0.000002912,0.015478414,0.049998926,0.000000000,0.000000000,0.050000000,0.000003001,0.015478414,-0.000001047,0.015478415,0.000343523
32.698747395,TRACKING,,0.000087861,1,-0.000002916,0.015329107,0.049998910,0.000000000,0.000000000,0.050000000,0.000003004,0.015329107,-0.000001064,0.015329107,0.000343613
32.708672170,TRACKING,,0.000744447,1,-0.000002916,0.015329107,0.049998910,0.000000000,0.000000000,0.050000000,0.000003004,0.015329107,-0.000001064,0.015329107,0.000343613
32.722461659,TRACKING,,0.004461933,1,-0.000002981,0.015745760,0.049998897,0.000000000,0.000000000,0.050000000,0.000003071,0.015745760,-0.000001077,0.015745760,0.000343573
32.732489730,TRACKING,,0.001992317,1,-0.000002978,0.015563276,0.049998885,0.000000000,0.000000000,0.050000000,0.000003067,0.015563276,-0.000001089,0.015563277,0.000342768
32.742566481,TRACKING,,0.001556572,1,-0.000002981,0.015411247,0.049998869,0.000000000,0.000000000,0.050000000,0.000003070,0.015411247,-0.000001105,0.015411247,0.000342798
32.752713284,TRACKING,,0.000733761,1,-0.000003045,0.015851574,0.049998853,0.000000000,0.000000000,0.050000000,0.000003136,0.015851574,-0.000001120,0.015851574,0.000342899
32.762718796,TRACKING,,0.000764632,1,-0.000003055,0.015680556,0.049998832,0.000000000,0.000000000,0.050000000,0.000003145,0.015680556,-0.000001142,0.015680556,0.000344275
32.772870349,TRACKING,,0.000375192,1,-0.000003059,0.015526271,0.049998817,0.000000000,0.000000000,0.050000000,0.000003149,0.015526271,-0.000001157,0.015526271,0.000344900
32.782860426,TRACKING,,0.000452368,1,-0.000003063,0.015368701,0.049998805,0.000000000,0.000000000,0.050000000,0.000003152,0.015368701,-0.000001169,0.015368702,0.000344357
32.792940739,TRACKING,,0.000080737,1,-0.000003126,0.015793828,0.049998789,0.000000000,0.000000000,0.050000000,0.000003217,0.015793828,-0.000001185,0.015793829,0.000344742
32.803092291,TRACKING,,0.001492456,1,-0.000003135,0.015584829,0.049998765,0.000000000,0.000000000,0.050000000,0.000003225,0.015584829,-0.000001209,0.015584829,0.000345520
32.813180915,TRACKING,,0.001475834,1,-0.000003196,0.016002871,0.049998750,0.000000000,0.000000000,0.050000000,0.000003288,0.016002871,-0.000001223,0.016002871,0.000345855
32.823283788,TRACKING,,0.002130045,1,-0.000003199,0.015818698,0.049998733,0.000000000,0.000000000,0.050000000,0.000003290,0.015818698,-0.000001240,0.015818698,0.000346066
32.833267928,TRACKING,,0.002081365,1,-0.000003197,0.015664920,0.049998721,0.000000000,0.000000000,0.050000000,0.000003287,0.015664920,-0.000001253,0.015664921,0.000345670
32.844458382,TRACKING,,0.000620966,1,-0.000003196,0.015506471,0.049998707,0.000000000,0.000000000,0.050000000,0.000003285,0.015506471,-0.000001266,0.015506472,0.000345320
32.854437773,TRACKING,,0.000620966,1,-0.000003250,0.015915115,0.049998696,0.000000000,0.000000000,0.050000000,0.000003342,0.015915115,-0.000001278,0.015915116,0.000345009
32.864591700,TRACKING,,0.000275457,1,-0.000003250,0.015754273,0.049998684,0.000000000,0.000000000,0.050000000,0.000003341,0.015754273,-0.000001290,0.015754273,0.000344742
32.874599587,TRACKING,,0.000286143,1,-0.000003250,0.015597017,0.049998671,0.000000000,0.000000000,0.050000000,0.000003340,0.015597017,-0.000001303,0.015597018,0.000344443
32.884677525,TRACKING,,0.002430436,1,-0.000003307,0.015988288,0.049998657,0.000000000,0.000000000,0.050000000,0.000003398,0.015988287,-0.000001316,0.015988288,0.000344173
32.897578901,TRACKING,,0.000052242,1,-0.000003305,0.015807058,0.049998642,0.000000000,0.000000000,0.050000000,0.000003396,0.015807058,-0.000001332,0.015807058,0.000343305
32.907656840,TRACKING,,0.003431343,1,-0.000003305,0.015647832,0.049998630,0.000000000,0.000000000,0.050000000,0.000003395,0.015647832,-0.000001344,0.015647832,0.000342841
32.917725280,TRACKING,,0.000639963,1,-0.000003354,0.016053441,0.049998621,0.000000000,0.000000000,0.050000000,0.000003446,0.016053441,-0.000001351,0.016053442,0.000341655
32.927724855,TRACKING,,0.001919891,1,-0.000003354,0.015873106,0.049998606,0.000000000,0.000000000,0.050000000,0.000003445,0.015873106,-0.000001367,0.015873107,0.000341559
32.937776673,TRACKING,,0.001738230,1,-0.000003352,0.015713870,0.049998593,0.000000000,0.000000000,0.050000000,0.000003441,0.015713870,-0.000001380,0.015713870,0.000340674
32.947935349,TRACKING,,0.001611188,1,-0.000003397,0.016061528,0.049998583,0.000000000,0.000000000,0.050000000,0.000003488,0.016061528,-0.000001389,0.016061528,0.000339711
32.958016849,TRACKING,,0.003956137,1,-0.000003397,0.016061528,0.049998583,0.000000000,0.000000000,0.050000000,0.000003488,0.016061528,-0.000001389,0.016061528,0.000339711
32.968052044,TRACKING,,0.000110420,1,-0.000003412,0.015839722,0.049998559,0.000000000,0.000000000,0.050000000,0.000003502,0.015839722,-0.000001414,0.015839722,0.000340817
32.978019562,TRACKING,,0.000356195,1,-0.000003410,0.015678295,0.049998546,0.000000000,0.000000000,0.050000000,0.000003499,0.015678295,-0.000001427,0.015678295,0.000339981
32.988198423,TRACKING,,0.000048680,1,-0.000003455,0.016034229,0.049998535,0.000000000,0.000000000,0.050000000,0.000003546,0.016034229,-0.000001439,0.016034230,0.000338783
32.998372534,TRACKING,,0.002317640,1,-0.000003452,0.015869815,0.049998526,0.000000000,0.000000000,0.050000000,0.000003541,0.015869815,-0.000001448,0.015869816,0.000337608
33.008350738,TRACKING,,0.002216719,1,-0.000003448,0.015709082,0.049998517,0.000000000,0.000000000,0.050000000,0.000003536,0.015709082,-0.000001457,0.015709082,0.000336481
33.018511788,TRACKING,,0.002179912,1,-0.000003490,0.016048526,0.049998506,0.000000000,0.000000000,0.050000000,0.000003580,0.016048526,-0.000001468,0.016048527,0.000335430
33.028485243,TRACKING,,0.002467243,1,-0.000003488,0.015814272,0.049998492,0.000000000,0.000000000,0.050000000,0.000003576,0.015814272,-0.000001482,0.015814273,0.000333953
33.038469383,TRACKING,,0.002359197,1,-0.000003482,0.015654373,0.049998483,0.000000000,0.000000000,0.050000000,0.000003569,0.015654373,-0.000001491,0.015654374,0.000332735
33.048661304,TRACKING,,0.002251152,1,-0.000003524,0.015979821,0.049998474,0.000000000,0.000000000,0.050000000,0.000003612,0.015979821,-0.000001500,0.015979821,0.000331569
33.058596765,TRACKING,,0.002188224,1,-0.000003520,0.015818820,0.049998464,0.000000000,0.000000000,0.050000000,0.000003607,0.015818820,-0.000001511,0.015818820,0.000330498
33.070669394,TRACKING,,0.000029683,1,-0.000003520,0.015818820,0.049998464,0.000000000,0.000000000,0.050000000,0.000003607,0.015818820,-0.000001511,0.015818820,0.000330498
33.080528866,TRACKING,,0.001541136,1,-0.000003548,0.015936404,0.049998450,0.000000000,0.000000000,0.050000000,0.000003634,0.015936404,-0.000001524,0.015936405,0.000326831
33.090680418,TRACKING,,0.001587442,1,-0.000003550,0.015774362,0.049998437,0.000000000,0.000000000,0.050000000,0.000003636,0.015774362,-0.000001539,0.015774362,0.000326500
33.100716801,TRACKING,,0.001463961,1,-0.000003542,0.015612879,0.049998427,0.000000000,0.000000000,0.050000000,0.000003627,0.015612879,-0.000001548,0.015612880,0.000325140
33.113563560,TRACKING,,0.000020185,1,-0.000003542,0.015612879,0.049998427,0.000000000,0.000000000,0.050000000,0.000003627,0.015612879,-0.000001548,0.015612880,0.000325140
33.123583320,TRACKING,,0.000463053,1,-0.000003573,0.015690542,0.049998410,0.000000000,0.000000000,0.050000000,0.000003657,0.015690542,-0.000001566,0.015690543,0.000321950
33.133655322,TRACKING,,0.001680052,1,-0.000003573,0.015690542,0.049998410,0.000000000,0.000000000,0.050000000,0.000003657,0.015690542,-0.000001566,0.015690543,0.000321950
33.143704765,TRACKING,,0.001678865,1,-0.000003566,0.015510061,0.049998399,0.000000000,0.000000000,0.050000000,0.000003649,0.015510061,-0.000001577,0.015510061,0.000320536
33.153760144,TRACKING,,0.001505517,1,-0.000003602,0.015787860,0.049998396,0.000000000,0.000000000,0.050000000,0.000003685,0.015787860,-0.000001579,0.015787861,0.000319031
33.164386623,TRACKING,,0.003916956,1,-0.000003598,0.015623935,0.049998386,0.000000000,0.000000000,0.050000000,0.000003681,0.015623935,-0.000001590,0.015623936,0.000318076
33.176503183,TRACKING,,0.000489174,1,-0.000003592,0.015439613,0.049998376,0.000000000,0.000000000,0.050000000,0.000003673,0.015439613,-0.000001600,0.015439613,0.000316612
33.186445767,TRACKING,,0.000265959,1,-0.000003621,0.015690577,0.049998368,0.000000000,0.000000000,0.050000000,0.000003703,0.015690577,-0.000001608,0.015690578,0.000314628
33.196521331,TRACKING,,0.001751292,1,-0.000003614,0.015528472,0.049998362,0.000000000,0.000000000,0.050000000,0.000003695,0.015528472,-0.000001613,0.015528472,0.000313305
33.206656261,TRACKING,,0.001699049,1,-0.000003604,0.015355341,0.049998357,0.000000000,0.000000000,0.050000000,0.000003684,0.015355341,-0.000001619,0.015355342,0.000311221
33.219441280,TRACKING,,0.004292148,1,-0.000003629,0.015572259,0.049998352,0.000000000,0.000000000,0.050000000,0.000003708,0.015572259,-0.000001623,0.015572259,0.000309261
33.229413547,TRACKING,,0.001936512,1,-0.000003613,0.015382647,0.049998353,0.000000000,0.000000000,0.050000000,0.000003691,0.015382647,-0.000001623,0.015382648,0.000306669
33.239472489,TRACKING,,0.001941262,1,-0.000003601,0.015225244,0.049998348,0.000000000,0.000000000,0.050000000,0.000003678,0.015225244,-0.000001628,0.015225245,0.000305173
33.249671533,TRACKING,,0.001852213,1,-0.000003627,0.015449460,0.049998344,0.000000000,0.000000000,0.050000000,0.000003705,0.015449460,-0.000001632,0.015449460,0.000303605
33.259745910,TRACKING,,0.001254993,1,-0.000003616,0.015281474,0.049998343,0.000000000,0.000000000,0.050000000,0.000003692,0.015281474,-0.000001633,0.015281474,0.000301490
33.269720552,TRACKING,,0.001208688,1,-0.000003609,0.015123535,0.049998336,0.000000000,0.000000000,0.050000000,0.000003684,0.015123535,-0.000001641,0.015123536,0.000300286
33.279805614,TRACKING,,0.001379661,1,-0.000003601,0.014963874,0.049998328,0.000000000,0.000000000,0.050000000,0.000003675,0.014963874,-0.000001650,0.014963875,0.000298889
33.289926296,TRACKING,,0.001446151,1,-0.000003622,0.015131096,0.049998322,0.000000000,0.000000000,0.050000000,0.000003696,0.015131096,-0.000001655,0.015131097,0.000297011
33.299968615,TRACKING,,0.001366601,1,-0.000003613,0.014972499,0.049998318,0.000000000,0.000000000,0.050000000,0.000003686,0.014972499,-0.000001660,0.014972500,0.000295188
33.310102357,TRACKING,,0.001519765,1,-0.000003594,0.014780160,0.049998316,0.000000000,0.000000000,0.050000000,0.000003665,0.014780160,-0.000001663,0.014780161,0.000292377
33.320168423,TRACKING,,0.001486519,1,-0.000003615,0.014964616,0.049998310,0.000000000,0.000000000,0.050000000,0.000003687,0.014964616,-0.000001668,0.014964616,0.000290446
33.330236862,TRACKING,,0.004220909,1,-0.000003615,0.014964616,0.049998310,0.000000000,0.000000000,0.050000000,0.000003687,0.014964616,-0.000001668,0.014964616,0.000290446
33.340223378,TRACKING,,0.001778600,1,-0.000003594,0.014775203,0.049998312,0.000000000,0.000000000,0.050000000,0.000003664,0.014775203,-0.000001667,0.014775203,0.000287775
33.350352371,TRACKING,,0.001399845,1,-0.000003572,0.014623667,0.049998316,0.000000000,0.000000000,0.050000000,0.000003641,0.014623667,-0.000001664,0.014623667,0.000284615
33.360382816,TRACKING,,0.001399846,1,-0.000003596,0.014780481,0.049998311,0.000000000,0.000000000,0.050000000,0.000003665,0.014780481,-0.000001668,0.014780482,0.000282717
33.370375268,TRACKING,,0.001304860,1,-0.000003578,0.014627000,0.049998313,0.000000000,0.000000000,0.050000000,0.000003646,0.014627000,-0.000001667,0.014627000,0.000280490
33.380488826,TRACKING,,0.001181379,1,-0.000003561,0.014473188,0.049998314,0.000000000,0.000000000,0.050000000,0.000003627,0.014473188,-0.000001667,0.014473189,0.000278278
33.390619006,TRACKING,,0.001263305,1,-0.000003569,0.014616139,0.049998314,0.000000000,0.000000000,0.050000000,0.000003636,0.014616139,-0.000001667,0.014616139,0.000275924
33.400676761,TRACKING,,0.001150509,1,-0.000003547,0.014426601,0.049998315,0.000000000,0.000000000,0.050000000,0.000003612,0.014426601,-0.000001666,0.014426601,0.000272732
33.410652590,TRACKING,,0.001351165,1,-0.000003527,0.014274991,0.049998318,0.000000000,0.000000000,0.050000000,0.000003591,0.014274991,-0.000001663,0.014274992,0.000270117
33.420833825,TRACKING,,0.000891675,1,-0.000003528,0.014365602,0.049998322,0.000000000,0.000000000,0.050000000,0.000003591,0.014365602,-0.000001659,0.014365602,0.000266912
33.430845274,TRACKING,,0.000782441,1,-0.000003502,0.014207116,0.049998329,0.000000000,0.000000000,0.050000000,0.000003564,0.014207116,-0.000001653,0.014207117,0.000264133
33.440984952,TRACKING,,0.000752759,1,-0.000003478,0.014058239,0.049998335,0.000000000,0.000000000,0.050000000,0.000003539,0.014058239,-0.000001647,0.014058239,0.000261548
33.451131755,TRACKING,,0.000707640,1,-0.000003480,0.014158902,0.049998341,0.000000000,0.000000000,0.050000000,0.000003540,0.014158902,-0.000001641,0.014158903,0.000258532
33.462493182,TRACKING,,0.004673276,1,-0.000003480,0.014158902,0.049998341,0.000000000,0.000000000,0.050000000,0.000003540,0.014158902,-0.000001641,0.014158903,0.000258532
33.472521253,TRACKING,,0.002026749,1,-0.000003437,0.013941114,0.049998353,0.000000000,0.000000000,0.050000000,0.000003495,0.013941114,-0.000001629,0.013941115,0.000253333
33.482643123,TRACKING,,0.000661335,1,-0.000003410,0.013795916,0.049998364,0.000000000,0.000000000,0.050000000,0.000003467,0.013795916,-0.000001619,0.013795917,0.000250155
33.492774490,TRACKING,,0.000688643,1,-0.000003407,0.013856926,0.049998369,0.000000000,0.000000000,0.050000000,0.000003463,0.013856926,-0.000001614,0.013856926,0.000247448
33.502742008,TRACKING,,0.000518857,1,-0.000003382,0.013711669,0.049998375,0.000000000,0.000000000,0.050000000,0.000003438,0.013711669,-0.000001608,0.013711669,0.000244701
33.512819947,TRACKING,,0.000789565,1,-0.000003358,0.013564820,0.049998385,0.000000000,0.000000000,0.050000000,0.000003412,0.013564820,-0.000001599,0.013564821,0.000241563
33.522894323,TRACKING,,0.000818061,1,-0.000003350,0.013591040,0.049998392,0.000000000,0.000000000,0.050000000,0.000003403,0.013591040,-0.000001591,0.013591040,0.000238272
33.533022129,TRACKING,,0.000718326,1,-0.000003325,0.013447593,0.049998399,0.000000000,0.000000000,0.050000000,0.000003377,0.013447593,-0.000001585,0.013447594,0.000235375
33.542964714,TRACKING,,0.000065302,1,-0.000003299,0.013303779,0.049998408,0.000000000,0.000000000,0.050000000,0.000003349,0.013303778,-0.000001576,0.013303779,0.000232474
33.553128139,TRACKING,,0.000092610,1,-0.000003286,0.013334262,0.049998421,0.000000000,0.000000000,0.050000000,0.000003336,0.013334262,-0.000001564,0.013334263,0.000229329
33.563125340,TRACKING,,0.000071239,1,-0.000003259,0.013191138,0.049998430,0.000000000,0.000000000,0.050000000,0.000003308,0.013191138,-0.000001554,0.013191138,0.000226260
33.573305387,TRACKING,,0.000026121,1,-0.000003227,0.013051303,0.049998443,0.000000000,0.000000000,0.050000000,0.000003274,0.013051303,-0.000001542,0.013051304,0.000222784
33.583337020,TRACKING,,0.000993783,1,-0.000003211,0.013063729,0.049998458,0.000000000,0.000000000,0.050000000,0.000003258,0.013063728,-0.000001527,0.013063729,0.000219371
33.593406648,TRACKING,,0.001091144,1,-0.000003180,0.012904702,0.049998469,0.000000000,0.000000000,0.050000000,0.000003225,0.012904702,-0.000001517,0.012904703,0.000216138
33.603464402,TRACKING,,0.001441402,1,-0.000003144,0.012736617,0.049998481,0.000000000,0.000000000,0.050000000,0.000003188,0.012736617,-0.000001504,0.012736618,0.000212409
33.613569649,TRACKING,,0.000888112,1,-0.000003133,0.012723907,0.049998495,0.000000000,0.000000000,0.050000000,0.000003176,0.012723907,-0.000001491,0.012723907,0.000209573
33.623721201,TRACKING,,0.000914234,1,-0.000003098,0.012586493,0.049998510,0.000000000,0.000000000,0.050000000,0.000003140,0.012586493,-0.000001477,0.012586494,0.000206452
33.634512716,TRACKING,,0.004320643,1,-0.000003098,0.012586493,0.049998510,0.000000000,0.000000000,0.050000000,0.000003140,0.012586493,-0.000001477,0.012586494,0.000206452
33.644609652,TRACKING,,0.001988754,1,-0.000003056,0.012422804,0.049998529,0.000000000,0.000000000,0.050000000,0.000003097,0.012422804,-0.000001458,0.012422804,0.000201406
33.654603291,TRACKING,,0.001475834,1,-0.000003029,0.012383503,0.049998545,0.000000000,0.000000000,0.050000000,0.000003069,0.012383503,-0.000001443,0.012383503,0.000197139
33.664613552,TRACKING,,0.000996158,1,-0.000002997,0.012244004,0.049998559,0.000000000,0.000000000,0.050000000,0.000003035,0.012244004,-0.000001428,0.012244005,0.000193694
33.674768666,TRACKING,,0.003490709,1,-0.000002963,0.012105022,0.049998574,0.000000000,0.000000000,0.050000000,0.000003000,0.012105022,-0.000001414,0.012105023,0.000190117
33.684860852,TRACKING,,0.002220281,1,-0.000002911,0.011960666,0.049998599,0.000000000,0.000000000,0.050000000,0.000002947,0.011960666,-0.000001390,0.011960666,0.000185138
33.694842618,TRACKING,,0.001543511,1,-0.000002878,0.011896152,0.049998617,0.000000000,0.000000000,0.050000000,0.000002913,0.011896152,-0.000001372,0.011896153,0.000181195
33.704894436,TRACKING,,0.001497206,1,-0.000002845,0.011764041,0.049998632,0.000000000,0.000000000,0.050000000,0.000002879,0.011764041,-0.000001357,0.011764041,0.000177900
33.715048362,TRACKING,,0.001421218,1,-0.000002810,0.011634624,0.049998647,0.000000000,0.000000000,0.050000000,0.000002843,0.011634624,-0.000001343,0.011634624,0.000174338
33.725126301,TRACKING,,0.001021091,1,-0.000002780,0.011546624,0.049998662,0.000000000,0.000000000,0.050000000,0.000002812,0.011546624,-0.000001328,0.011546624,0.000170657
33.735127064,TRACKING,,0.000949853,1,-0.000002744,0.011416016,0.049998678,0.000000000,0.000000000,0.050000000,0.000002775,0.011416016,-0.000001312,0.011416017,0.000166871
33.745214501,TRACKING,,0.000858429,1,-0.000002706,0.011289342,0.049998697,0.000000000,0.000000000,0.050000000,0.000002736,0.011289342,-0.000001294,0.011289342,0.000163092
33.755348243,TRACKING,,0.000856055,1,-0.000002668,0.011178988,0.049998717,0.000000000,0.000000000,0.050000000,0.000002697,0.011178988,-0.000001274,0.011178989,0.000159338
33.765372752,TRACKING,,0.000857243,1,-0.000002630,0.011054894,0.049998738,0.000000000,0.000000000,0.050000000,0.000002658,0.011054894,-0.000001254,0.011054894,0.000155584
33.775486310,TRACKING,,0.000474926,1,-0.000002567,0.010868430,0.049998769,0.000000000,0.000000000,0.050000000,0.000002593,0.010868430,-0.000001223,0.010868430,0.000149677
33.785468076,TRACKING,,0.000452367,1,-0.000017305,0.010747464,0.049998795,0.000000000,0.000000000,0.050000000,0.000017330,0.010747464,-0.000001198,0.010747478,0.000145785
33.795627939,TRACKING,,0.000211342,1,-0.000017247,0.010628815,0.049998819,0.000000000,0.000000000,0.050000000,0.000017271,0.010628814,-0.000001174,0.010628829,0.000141441
33.805685693,TRACKING,,0.000293267,1,-0.000017179,0.010510104,0.049998842,0.000000000,0.000000000,0.050000000,0.000017202,0.010510104,-0.000001151,0.010510118,0.000137096
33.815738698,TRACKING,,0.000092610,1,-0.000060848,0.010392413,0.049998865,0.000000000,0.000000000,0.050000000,0.000060870,0.010392413,-0.000001129,0.010392591,0.000132767
33.825957927,TRACKING,,0.002349699,1,-0.000060848,0.010392413,0.049998865,0.000000000,0.000000000,0.050000000,0.000060870,0.010392413,-0.000001129,0.010392591,0.000132767
33.835886264,TRACKING,,0.000224403,1,-0.000060713,0.010273557,0.049998885,0.000000000,0.000000000,0.050000000,0.000060734,0.010273557,-0.000001108,0.010273737,0.000128354
33.845934519,TRACKING,,0.000033245,1,-0.000060484,0.010132870,0.049998909,0.000000000,0.000000000,0.050000000,0.000060504,0.010132870,-0.000001085,0.010133051,0.000123677
33.856061138,TRACKING,,0.000024933,1,-0.000132253,0.010019281,0.049998929,0.000000000,0.000000000,0.050000000,0.000132272,0.010019281,-0.000001065,0.010020154,0.000119559
33.866085647,TRACKING,,0.002005377,1,-0.000131970,0.009906759,0.049998945,0.000000000,0.000000000,0.050000000,0.000131988,0.009906758,-0.000001049,0.009907638,0.000115660
33.877488630,TRACKING,,0.001022279,1,-0.000131570,0.009791037,0.049998960,0.000000000,0.000000000,0.050000000,0.000131588,0.009791037,-0.000001034,0.009791921,0.000111362
33.887522638,TRACKING,,0.000872677,1,-0.000230688,0.009655777,0.049998970,0.000000000,0.000000000,0.050000000,0.000230704,0.009655776,-0.000001024,0.009658532,0.000106691
33.898989736,TRACKING,,0.002152604,1,-0.000230055,0.009545717,0.049998976,0.000000000,0.000000000,0.050000000,0.000230070,0.009545717,-0.000001019,0.009548489,0.000103025
33.909104481,TRACKING,,0.004577103,1,-0.000229299,0.009438422,0.049998985,0.000000000,0.000000000,0.050000000,0.000229314,0.009438421,-0.000001010,0.009441207,0.000098801
33.919159860,TRACKING,,0.001429529,1,-0.000357214,0.009327988,0.049998987,0.000000000,0.000000000,0.050000000,0.000357227,0.009327987,-0.000001008,0.009334825,0.000094635
33.929210490,TRACKING,,0.001281114,1,-0.000356049,0.009219709,0.049998975,0.000000000,0.000000000,0.050000000,0.000356062,0.009219708,-0.000001020,0.009226581,0.000090916
33.939495022,TRACKING,,0.001266866,1,-0.000354672,0.009113969,0.049998957,0.000000000,0.000000000,0.050000000,0.000354684,0.009113968,-0.000001038,0.009120867,0.000087258
33.949559900,TRACKING,,0.000764632,1,-0.000503973,0.009007356,0.049998937,0.000000000,0.000000000,0.050000000,0.000503984,0.009007355,-0.000001059,0.009021444,0.000083599
33.959628339,TRACKING,,0.000751571,1,-0.000502082,0.008901208,0.049998914,0.000000000,0.000000000,0.050000000,0.000502093,0.008901207,-0.000001083,0.008915357,0.000079924
33.969933055,TRACKING,,0.000828746,1,-0.000499921,0.008798531,0.049998879,0.000000000,0.000000000,0.050000000,0.000499930,0.008798531,-0.000001117,0.008812722,0.000076687
33.980059674,TRACKING,,0.003122641,1,-0.000497479,0.008697019,0.049998841,0.000000000,0.000000000,0.050000000,0.000497488,0.008697018,-0.000001156,0.008711236,0.000073381
33.990099618,TRACKING,,0.000411999,1,-0.000673365,0.008594064,0.049998785,0.000000000,0.000000000,0.050000000,0.000673373,0.008594064,-0.000001211,0.008620404,0.000070950
34.000115816,TRACKING,,0.000017810,1,-0.000670430,0.008496751,0.049998739,0.000000000,0.000000000,0.050000000,0.000670437,0.008496751,-0.000001258,0.008523160,0.000067903
34.010532139,TRACKING,,0.002450620,1,-0.000666059,0.008370251,0.049998669,0.000000000,0.000000000,0.050000000,0.000666066,0.008370250,-0.000001327,0.008396710,0.000064310
34.020474723,TRACKING,,0.002400753,1,-0.000866220,0.008275535,0.049998613,0.000000000,0.000000000,0.050000000,0.000866226,0.008275535,-0.000001383,0.008320746,0.000061803
34.032299204,TRACKING,,0.002295082,1,-0.000862134,0.008182441,0.049998547,0.000000000,0.000000000,0.050000000,0.000862139,0.008182440,-0.000001450,0.008227735,0.000059714
34.040859752,TRACKING,,0.002392442,1,-0.000857634,0.008090561,0.049998470,0.000000000,0.000000000,0.050000000,0.000857638,0.008090560,-0.000001527,0.008135890,0.000058046
34.052451518,TRACKING,,0.001443776,1,-0.001080810,0.007999799,0.049998390,0.000000000,0.000000000,0.050000000,0.001080814,0.007999799,-0.000001607,0.008072480,0.000056809
34.062422598,TRACKING,,0.001072146,1,-0.001075142,0.007906203,0.049998289,0.000000000,0.000000000,0.050000000,0.001075145,0.007906203,-0.000001709,0.007978971,0.000056289
34.073971621,TRACKING,,0.003711550,1,-0.001069141,0.007816504,0.049998180,0.000000000,0.000000000,0.050000000,0.001069144,0.007816504,-0.000001817,0.007889284,0.000056252
34.082578475,TRACKING,,0.002289145,1,-0.001313602,0.007715268,0.049998060,0.000000000,0.000000000,0.050000000,0.001313605,0.007715267,-0.000001937,0.007826296,0.000056468
34.092800079,TRACKING,,0.002431624,1,-0.001313602,0.007715268,0.049998060,0.000000000,0.000000000,0.050000000,0.001313605,0.007715267,-0.000001937,0.007826296,0.000056468
34.102894639,TRACKING,,0.002340200,1,-0.001305062,0.007609348,0.049997922,0.000000000,0.000000000,0.050000000,0.001305064,0.007609348,-0.000002075,0.007720452,0.000057369
34.112888278,TRACKING,,0.001797597,1,-0.001297334,0.007523002,0.049997790,0.000000000,0.000000000,0.050000000,0.001297335,0.007523002,-0.000002208,0.007634045,0.000058849
34.122903289,TRACKING,,0.000901173,1,-0.001580060,0.007426916,0.049997618,0.000000000,0.000000000,0.050000000,0.001580061,0.007426916,-0.000002379,0.007593134,0.000061428
34.132968167,TRACKING,,0.000580598,1,-0.001570834,0.007338784,0.049997465,0.000000000,0.000000000,0.050000000,0.001570834,0.007338784,-0.000002532,0.007505017,0.000063900
34.143123281,TRACKING,,0.001606438,1,-0.001561106,0.007253192,0.049997306,0.000000000,0.000000000,0.050000000,0.001561106,0.007253192,-0.000002691,0.007419289,0.000066715
34.153124044,TRACKING,,0.001359477,1,-0.001829781,0.007158641,0.049997129,0.000000000,0.000000000,0.050000000,0.001829780,0.007158641,-0.000002868,0.007388792,0.000070176
34.163471503,TRACKING,,0.001319108,1,-0.001818520,0.007074206,0.049996946,0.000000000,0.000000000,0.050000000,0.001818519,0.007074206,-0.000003051,0.007304205,0.000073860
34.173535193,TRACKING,,0.000758695,1,-0.001806665,0.006991571,0.049996758,0.000000000,0.000000000,0.050000000,0.001806664,0.006991571,-0.000003239,0.007221226,0.000077786
34.186168236,TRACKING,,0.003218814,1,-0.002112460,0.006907979,0.049996561,0.000000000,0.000000000,0.050000000,0.002112458,0.006907980,-0.000003436,0.007223758,0.000082026
34.193603209,TRACKING,,0.002012501,1,-0.002098785,0.006822881,0.049996382,0.000000000,0.000000000,0.050000000,0.002098783,0.006822882,-0.000003615,0.007138391,0.000086340
34.204399473,TRACKING,,0.004412066,1,-0.002085057,0.006744833,0.049996181,0.000000000,0.000000000,0.050000000,0.002085054,0.006744834,-0.000003816,0.007059763,0.000090892
34.213957367,TRACKING,,0.002311704,1,-0.002407781,0.006652020,0.049995931,0.000000000,0.000000000,0.050000000,0.002407778,0.006652021,-0.000004065,0.007074376,0.000096638
34.223911825,TRACKING,,0.002455369,1,-0.002407781,0.006652020,0.049995931,0.000000000,0.000000000,0.050000000,0.002407778,0.006652021,-0.000004065,0.007074376,0.000096638
34.234133428,TRACKING,,0.002258275,1,-0.002389083,0.006560054,0.049995671,0.000000000,0.000000000,0.050000000,0.002389079,0.006560055,-0.000004325,0.006981550,0.000102686
34.244103321,TRACKING,,0.002172789,1,-0.002372497,0.006484296,0.049995437,0.000000000,0.000000000,0.050000000,0.002372493,0.006484297,-0.000004558,0.006904698,0.000108032
34.254068464,TRACKING,,0.000458303,1,-0.002712231,0.006396540,0.049995131,0.000000000,0.000000000,0.050000000,0.002712227,0.006396542,-0.000004864,0.006947802,0.000114685
34.264120281,TRACKING,,0.000575848,1,-0.002694112,0.006322853,0.049994890,0.000000000,0.000000000,0.050000000,0.002694108,0.006322855,-0.000005104,0.006872898,0.000120240
34.274315764,TRACKING,,0.000745634,1,-0.002666200,0.006217081,0.049994517,0.000000000,0.000000000,0.050000000,0.002666196,0.006217083,-0.000005477,0.006764669,0.000128660
34.284387766,TRACKING,,0.000816874,1,-0.003026450,0.006146113,0.049994265,0.000000000,0.000000000,0.050000000,0.003026445,0.006146116,-0.000005728,0.006850850,0.000134458
34.294383779,TRACKING,,0.001434278,1,-0.003001866,0.006063485,0.049993960,0.000000000,0.000000000,0.050000000,0.003001861,0.006063488,-0.000006033,0.006765877,0.000141490
34.304420162,TRACKING,,0.000939167,1,-0.002979494,0.005992841,0.049993683,0.000000000,0.000000000,0.050000000,0.002979489,0.005992844,-0.000006310,0.006692650,0.000147794
34.314521846,TRACKING,,0.000558039,1,-0.003354575,0.005919735,0.049993389,0.000000000,0.000000000,0.050000000,0.003354569,0.005919738,-0.000006603,0.006804151,0.000154460
34.324501238,TRACKING,,0.000616217,1,-0.003330985,0.005852514,0.049993116,0.000000000,0.000000000,0.050000000,0.003330979,0.005852518,-0.000006875,0.006734050,0.000160777
34.334614795,TRACKING,,0.000693393,1,-0.003330985,0.005852514,0.049993116,0.000000000,0.000000000,0.050000000,0.003330979,0.005852518,-0.000006875,0.006734050,0.000160777
34.344651178,TRACKING,,0.000530731,1,-0.003300407,0.005770342,0.049992758,0.000000000,0.000000000,0.050000000,0.003300400,0.005770345,-0.000007233,0.006647525,0.000168896
34.354852597,TRACKING,,0.000308703,1,-0.003692172,0.005703543,0.049992474,0.000000000,0.000000000,0.050000000,0.003692165,0.005703547,-0.000007516,0.006794306,0.000175541
34.364814178,TRACKING,,0.002399566,1,-0.003665568,0.005638027,0.049992195,0.000000000,0.000000000,0.050000000,0.003665561,0.005638031,-0.000007794,0.006724864,0.000182129
34.374963356,TRACKING,,0.002386505,1,-0.003637233,0.005571554,0.049991900,0.000000000,0.000000000,0.050000000,0.003637226,0.005571558,-0.000008089,0.006653701,0.000189023
34.384937997,TRACKING,,0.002333076,1,-0.004044673,0.005508806,0.049991618,0.000000000,0.000000000,0.050000000,0.004044666,0.005508811,-0.000008369,0.006834207,0.000195650
34.395059867,TRACKING,,0.002197722,1,-0.004015595,0.005446158,0.049991332,0.000000000,0.000000000,0.050000000,0.004015587,0.005446164,-0.000008655,0.006766514,0.000202359
34.405147303,TRACKING,,0.001601690,1,-0.003975631,0.005364629,0.049990924,0.000000000,0.000000000,0.050000000,0.003975623,0.005364634,-0.000009063,0.006677197,0.000211422
34.415262049,TRACKING,,0.001549448,1,-0.004396797,0.005303123,0.049990632,0.000000000,0.000000000,0.050000000,0.004396790,0.005303129,-0.000009352,0.006888761,0.000218207
34.425250938,TRACKING,,0.002176350,1,-0.004358342,0.005232169,0.049990244,0.000000000,0.000000000,0.050000000,0.004358334,0.005232176,-0.000009740,0.006809614,0.000226740
34.435308692,TRACKING,,0.002130045,1,-0.004325105,0.005173379,0.049989937,0.000000000,0.000000000,0.050000000,0.004325097,0.005173386,-0.000010047,0.006743181,0.000233760
34.445552855,TRACKING,,0.001553009,1,-0.004287769,0.005109885,0.049989587,0.000000000,0.000000000,0.050000000,0.004287761,0.005109891,-0.000010396,0.006670532,0.000241626
34.455552430,TRACKING,,0.001531637,1,-0.004731383,0.005052077,0.049989296,0.000000000,0.000000000,0.050000000,0.004731375,0.005052085,-0.000010685,0.006921675,0.000248591
34.465667175,TRACKING,,0.002173976,1,-0.004731383,0.005052077,0.049989296,0.000000000,0.000000000,0.050000000,0.004731375,0.005052085,-0.000010685,0.006921675,0.000248591
34.476227164,TRACKING,,0.002204845,1,-0.004687775,0.004983953,0.049988906,0.000000000,0.000000000,0.050000000,0.004687767,0.004983960,-0.000011075,0.006842159,0.000257465
34.485881231,TRACKING,,0.002090864,1,-0.005125645,0.004927853,0.049988600,0.000000000,0.000000000,0.050000000,0.005125636,0.004927862,-0.000011378,0.007110281,0.000264706
34.495912864,TRACKING,,0.002382943,1,-0.005087059,0.004871809,0.049988287,0.000000000,0.000000000,0.050000000,0.005087051,0.004871818,-0.000011691,0.007043638,0.000272025
34.506535780,TRACKING,,0.000040369,1,-0.005038116,0.004804109,0.049987859,0.000000000,0.000000000,0.050000000,0.005038108,0.004804117,-0.000012118,0.006961481,0.000281598
34.516643401,TRACKING,,0.002112235,1,-0.004995475,0.004747347,0.049987504,0.000000000,0.000000000,0.050000000,0.004995466,0.004747356,-0.000012472,0.006891461,0.000289682
34.527453914,TRACKING,,0.001442589,1,-0.005452137,0.004691450,0.049987171,0.000000000,0.000000000,0.050000000,0.005452128,0.004691460,-0.000012803,0.007192751,0.000297535
34.537538976,TRACKING,,0.001260930,1,-0.005401771,0.004629199,0.049986766,0.000000000,0.000000000,0.050000000,0.005401762,0.004629210,-0.000013207,0.007113985,0.000306816
34.547729709,TRACKING,,0.001214624,1,-0.005356767,0.004575705,0.049986415,0.000000000,0.000000000,0.050000000,0.005356758,0.004575715,-0.000013558,0.007045013,0.000314822
34.557785089,TRACKING,,0.003259182,1,-0.005825734,0.004523267,0.049986075,0.000000000,0.000000000,0.050000000,0.005825725,0.004523279,-0.000013894,0.007375589,0.000322577
34.567800099,TRACKING,,0.000651836,1,-0.005776976,0.004468953,0.049985728,0.000000000,0.000000000,0.050000000,0.005776967,0.004468964,-0.000014240,0.007303779,0.000330662
34.577851917,TRACKING,,0.000544978,1,-0.005729294,0.004417735,0.049985397,0.000000000,0.000000000,0.050000000,0.005729286,0.004417747,-0.000014571,0.007234736,0.000338456
34.588040275,TRACKING,,0.002919611,1,-0.006245987,0.004366630,0.049985067,0.000000000,0.000000000,0.050000000,0.006245979,0.004366643,-0.000014897,0.007621026,0.000346308
34.598014917,TRACKING,,0.002356823,1,-0.006193186,0.004313494,0.049984734,0.000000000,0.000000000,0.050000000,0.006193177,0.004313507,-0.000015230,0.007547319,0.000354446
34.608095230,TRACKING,,0.001956697,1,-0.006140118,0.004262400,0.049984330,0.000000000,0.000000000,0.050000000,0.006140109,0.004262413,-0.000015633,0.007474580,0.000363459
34.618176731,TRACKING,,0.004631720,1,-0.006595834,0.004214485,0.049984030,0.000000000,0.000000000,0.050000000,0.006595825,0.004214499,-0.000015930,0.007827335,0.000370971
34.628138312,TRACKING,,0.001563695,1,-0.006541471,0.004165111,0.049983697,0.000000000,0.000000000,0.050000000,0.006541462,0.004165125,-0.000016262,0.007754951,0.000379083
34.638241184,TRACKING,,0.001221748,1,-0.006486271,0.004117062,0.049983323,0.000000000,0.000000000,0.050000000,0.006486263,0.004117076,-0.000016636,0.007682590,0.000387788
34.648330995,TRACKING,,0.001801158,1,-0.006997521,0.004059533,0.049982896,0.000000000,0.000000000,0.050000000,0.006997512,0.004059548,-0.000017058,0.008089833,0.000398045
34.661538699,TRACKING,,0.004877495,1,-0.006941461,0.004013850,0.049982589,0.000000000,0.000000000,0.050000000,0.006941452,0.004013866,-0.000017365,0.008018428,0.000405764
34.671507404,TRACKING,,0.001957884,1,-0.006883353,0.003967917,0.049982274,0.000000000,0.000000000,0.050000000,0.006883344,0.003967933,-0.000017679,0.007945139,0.000413599
34.681578219,TRACKING,,0.001689551,1,-0.007361043,0.003922081,0.049981927,0.000000000,0.000000000,0.050000000,0.007361034,0.003922098,-0.000018021,0.008340744,0.000421918
34.692405353,TRACKING,,0.002160915,1,-0.007288746,0.003868747,0.049981518,0.000000000,0.000000000,0.050000000,0.007288737,0.003868764,-0.000018430,0.008251870,0.000431856
34.702096227,TRACKING,,0.002540856,1,-0.007226998,0.003824846,0.049981166,0.000000000,0.000000000,0.050000000,0.007226989,0.003824863,-0.000018781,0.008176754,0.000440375
34.712232344,TRACKING,,0.001132699,1,-0.007733488,0.003776018,0.049980772,0.000000000,0.000000000,0.050000000,0.007733479,0.003776036,-0.000019170,0.008606132,0.000449957
34.722237856,TRACKING,,0.000680332,1,-0.007666606,0.003731587,0.049980368,0.000000000,0.000000000,0.050000000,0.007666597,0.003731606,-0.000019573,0.008526545,0.000459405
34.732237431,TRACKING,,0.000750384,1,-0.007599977,0.003688625,0.049979983,0.000000000,0.000000000,0.050000000,0.007599968,0.003688643,-0.000019958,0.008447840,0.000468546
34.742286874,TRACKING,,0.000834683,1,-0.007599977,0.003688625,0.049979983,0.000000000,0.000000000,0.050000000,0.007599968,0.003688643,-0.000019958,0.008447840,0.000468546
34.752430115,TRACKING,,0.001477022,1,-0.008104498,0.003636742,0.049979503,0.000000000,0.000000000,0.050000000,0.008104490,0.003636762,-0.000020431,0.008883086,0.000479945
34.762378636,TRACKING,,0.001228872,1,-0.008024159,0.003587863,0.049979113,0.000000000,0.000000000,0.050000000,0.008024150,0.003587883,-0.000020821,0.008789785,0.000489860
34.775436737,TRACKING,,0.004243468,1,-0.007953247,0.003546273,0.049978726,0.000000000,0.000000000,0.050000000,0.007953239,0.003546293,-0.000021207,0.008708079,0.000499062
34.785524174,TRACKING,,0.001878334,1,-0.008466430,0.003497737,0.049978388,0.000000000,0.000000000,0.050000000,0.008466421,0.003497758,-0.000021540,0.009160517,0.000508264
34.795616360,TRACKING,,0.001314359,1,-0.008390740,0.003455919,0.049977947,0.000000000,0.000000000,0.050000000,0.008390732,0.003455940,-0.000021980,0.009074601,0.000518397
34.805684800,TRACKING,,0.001418843,1,-0.008315442,0.003415450,0.049977567,0.000000000,0.000000000,0.050000000,0.008315434,0.003415472,-0.000022359,0.008989571,0.000527652
34.815673690,TRACKING,,0.001089956,1,-0.008846462,0.003375832,0.049977206,0.000000000,0.000000000,0.050000000,0.008846454,0.003375855,-0.000022714,0.009468720,0.000536679
34.825805057,TRACKING,,0.000970037,1,-0.008770301,0.003336975,0.049976861,0.000000000,0.000000000,0.050000000,0.008770292,0.003336998,-0.000023059,0.009383715,0.000545499
34.835843814,TRACKING,,0.001024653,1,-0.008692856,0.003298541,0.049976521,0.000000000,0.000000000,0.050000000,0.008692848,0.003298564,-0.000023397,0.009297670,0.000554290
34.845939562,TRACKING,,0.001915140,1,-0.008615674,0.003261201,0.049976192,0.000000000,0.000000000,0.050000000,0.008615666,0.003261223,-0.000023726,0.009212266,0.000562902
34.856009189,TRACKING,,0.000666084,1,-0.009149881,0.003216824,0.049975871,0.000000000,0.000000000,0.050000000,0.009149872,0.003216848,-0.000024040,0.009698910,0.000572083
34.866078816,TRACKING,,0.002855495,1,-0.009149881,0.003216824,0.049975871,0.000000000,0.000000000,0.050000000,0.009149872,0.003216848,-0.000024040,0.009698910,0.000572083
34.876255302,TRACKING,,0.003361292,1,-0.009062432,0.003176718,0.049975531,0.000000000,0.000000000,0.050000000,0.009062423,0.003176742,-0.000024380,0.009603114,0.000581125
34.886327304,TRACKING,,0.002019625,1,-0.009565866,0.003129078,0.049975082,0.000000000,0.000000000,0.050000000,0.009565858,0.003129103,-0.000024822,0.010064668,0.000592607
34.896840987,TRACKING,,0.002350886,1,-0.009482569,0.003092906,0.049974823,0.000000000,0.000000000,0.050000000,0.009482561,0.003092932,-0.000025081,0.009974258,0.000600221
34.906945046,TRACKING,,0.001585067,1,-0.009393040,0.003055084,0.049974548,0.000000000,0.000000000,0.050000000,0.009393032,0.003055110,-0.000025355,0.009877418,0.000608278
34.917059791,TRACKING,,0.001624248,1,-0.009922476,0.003013627,0.049974110,0.000000000,0.000000000,0.050000000,0.009922468,0.003013654,-0.000025785,0.010370060,0.000619223
34.927099735,TRACKING,,0.001437840,1,-0.009831007,0.002977035,0.049973836,0.000000000,0.000000000,0.050000000,0.009830999,0.002977062,-0.000026059,0.010271909,0.000627310
34.940660071,TRACKING,,0.002158541,1,-0.009740339,0.002941912,0.049973476,0.000000000,0.000000000,0.050000000,0.009740331,0.002941939,-0.000026419,0.010174957,0.000636599
34.950556350,TRACKING,,0.000470178,1,-0.009656379,0.002909840,0.049973347,0.000000000,0.000000000,0.050000000,0.009656371,0.002909867,-0.000026548,0.010085312,0.000642205
34.960609355,TRACKING,,0.000442869,1,-0.010187733,0.002870788,0.049972948,0.000000000,0.000000000,0.050000000,0.010187725,0.002870817,-0.000026939,0.010584520,0.000652467
34.970750221,TRACKING,,0.000078363,1,-0.010097449,0.002838090,0.049972658,0.000000000,0.000000000,0.050000000,0.010097441,0.002838119,-0.000027229,0.010488755,0.000660480
34.980816286,TRACKING,,0.002365134,1,-0.010004750,0.002805147,0.049972444,0.000000000,0.000000000,0.050000000,0.010004742,0.002805175,-0.000027443,0.010390603,0.000667459
34.990792115,TRACKING,,0.002062367,1,-0.010553322,0.002772474,0.049972162,0.000000000,0.000000000,0.050000000,0.010553315,0.002772504,-0.000027716,0.010911462,0.000675497
35.000909235,TRACKING,,0.004467870,1,-0.010457165,0.002739917,0.049971893,0.000000000,0.000000000,0.050000000,0.010457157,0.002739947,-0.000027985,0.010810191,0.000683374
35.010899312,TRACKING,,0.001158821,1,-0.010351504,0.002705296,0.049971375,0.000000000,0.000000000,0.050000000,0.010351497,0.002705325,-0.000028502,0.010699209,0.000695338
35.022488703,TRACKING,,0.005176698,1,-0.010902596,0.002673967,0.049971093,0.000000000,0.000000000,0.050000000,0.010902589,0.002673998,-0.000028776,0.011225754,0.000703458
35.032601074,TRACKING,,0.001978068,1,-0.010801447,0.002641954,0.049970884,0.000000000,0.000000000,0.050000000,0.010801439,0.002641985,-0.000028985,0.011119893,0.000710544
35.045548755,TRACKING,,0.004707708,1,-0.010702267,0.002611410,0.049970668,0.000000000,0.000000000,0.050000000,0.010702260,0.002611442,-0.000029200,0.011016299,0.000717569
35.058450130,TRACKING,,0.004844250,1,-0.011258847,0.002582263,0.049970543,0.000000000,0.000000000,0.050000000,0.011258840,0.002582296,-0.000029317,0.011551216,0.000723068
35.068605244,TRACKING,,0.001789285,1,-0.011132451,0.002544964,0.049970300,0.000000000,0.000000000,0.050000000,0.011132444,0.002544997,-0.000029561,0.011419684,0.000731396
35.078629753,TRACKING,,0.004007191,1,-0.011029988,0.002515636,0.049970051,0.000000000,0.000000000,0.050000000,0.011029981,0.002515668,-0.000029810,0.011313265,0.000738969
35.088673259,TRACKING,,0.000954602,1,-0.011572456,0.002483775,0.049969525,0.000000000,0.000000000,0.050000000,0.011572450,0.002483809,-0.000030326,0.011836039,0.000751082
35.098722702,TRACKING,,0.000974787,1,-0.011466615,0.002454824,0.049969248,0.000000000,0.000000000,0.050000000,0.011466608,0.002454858,-0.000030603,0.011726481,0.000759222
35.108710404,TRACKING,,0.000867928,1,-0.011362406,0.002426961,0.049968982,0.000000000,0.000000000,0.050000000,0.011362399,0.002426995,-0.000030869,0.011618751,0.000767066
35.118800216,TRACKING,,0.000865553,1,-0.011915315,0.002398848,0.049968719,0.000000000,0.000000000,0.050000000,0.011915308,0.002398884,-0.000031123,0.012154430,0.000774845
35.128835410,TRACKING,,0.000715952,1,-0.011808527,0.002371439,0.049968477,0.000000000,0.000000000,0.050000000,0.011808520,0.002371475,-0.000031365,0.012044336,0.000782291
35.138945406,TRACKING,,0.000669646,1,-0.011699486,0.002344088,0.049968231,0.000000000,0.000000000,0.050000000,0.011699479,0.002344123,-0.000031611,0.011932046,0.000789909
35.149275056,TRACKING,,0.003224750,1,-0.011590388,0.002317285,0.049967994,0.000000000,0.000000000,0.050000000,0.011590382,0.002317319,-0.000031847,0.011819811,0.000797329
35.159278193,TRACKING,,0.002299831,1,-0.012134103,0.002288608,0.049967758,0.000000000,0.000000000,0.050000000,0.012134097,0.002288644,-0.000032074,0.012348086,0.000805042
35.169269457,TRACKING,,0.000512920,1,-0.012027080,0.002263179,0.049967713,0.000000000,0.000000000,0.050000000,0.012027074,0.002263215,-0.000032120,0.012238205,0.000809456
35.179333148,TRACKING,,0.001871210,1,-0.011892753,0.002232196,0.049967396,0.000000000,0.000000000,0.050000000,0.011892747,0.002232232,-0.000032437,0.012100468,0.000818831
35.189286418,TRACKING,,0.001782162,1,-0.012435822,0.002204640,0.049967201,0.000000000,0.000000000,0.050000000,0.012435816,0.002204678,-0.000032623,0.012629773,0.000825864
35.199417785,TRACKING,,0.001652744,1,-0.012321806,0.002179392,0.049967031,0.000000000,0.000000000,0.050000000,0.012321800,0.002179429,-0.000032793,0.012513103,0.000832167
35.209517095,TRACKING,,0.001557758,1,-0.012207728,0.002154656,0.049966859,0.000000000,0.000000000,0.050000000,0.012207722,0.002154693,-0.000032965,0.012396462,0.000838469
35.219539229,TRACKING,,0.001322670,1,-0.012755098,0.002129441,0.049966539,0.000000000,0.000000000,0.050000000,0.012755092,0.002129480,-0.000033275,0.012931673,0.000847150
35.229564926,TRACKING,,0.001068584,1,-0.012634572,0.002104416,0.049966282,0.000000000,0.000000000,0.050000000,0.012634566,0.002104455,-0.000033533,0.012808673,0.000855030
35.239654737,TRACKING,,0.001070959,1,-0.012515793,0.002080250,0.049966048,0.000000000,0.000000000,0.050000000,0.012515788,0.002080288,-0.000033767,0.012687540,0.000862441
35.249676872,TRACKING,,0.000954602,1,-0.013061201,0.002055992,0.049965828,0.000000000,0.000000000,0.050000000,0.013061195,0.002056032,-0.000033977,0.013222074,0.000869703
35.259833173,TRACKING,,0.000713577,1,-0.012938941,0.002032085,0.049965619,0.000000000,0.000000000,0.050000000,0.012938935,0.002032125,-0.000034186,0.013097586,0.000876838
35.269810189,TRACKING,,0.000651836,1,-0.012817770,0.002008868,0.049965426,0.000000000,0.000000000,0.050000000,0.012817764,0.002008907,-0.000034380,0.012974281,0.000883604
35.279960554,TRACKING,,0.000611468,1,-0.013362776,0.001985962,0.049965242,0.000000000,0.000000000,0.050000000,0.013362770,0.001986003,-0.000034553,0.013509590,0.000890130
35.290223713,TRACKING,,0.000499860,1,-0.013239437,0.001963241,0.049965052,0.000000000,0.000000000,0.050000000,0.013239432,0.001963282,-0.000034744,0.013384253,0.000896795
35.300085560,TRACKING,,0.000586534,1,-0.013116405,0.001941030,0.049964870,0.000000000,0.000000000,0.050000000,0.013116399,0.001941071,-0.000034927,0.013259295,0.000903288
35.310462702,TRACKING,,0.000398938,1,-0.012985914,0.001917905,0.049964637,0.000000000,0.000000000,0.050000000,0.012985909,0.001917945,-0.000035159,0.013126826,0.000910692
35.320553701,TRACKING,,0.002982538,1,-0.013527177,0.001896086,0.049964493,0.000000000,0.000000000,0.050000000,0.013527172,0.001896128,-0.000035293,0.013659463,0.000916621
35.330704065,TRACKING,,0.000999721,1,-0.013380531,0.001870986,0.049964423,0.000000000,0.000000000,0.050000000,0.013380526,0.001871028,-0.000035365,0.013510754,0.000921969
35.340709577,TRACKING,,0.000937979,1,-0.013252297,0.001849570,0.049964232,0.000000000,0.000000000,0.050000000,0.013252292,0.001849610,-0.000035556,0.013380791,0.000928550
35.350762582,TRACKING,,0.000934418,1,-0.013788705,0.001828475,0.049964065,0.000000000,0.000000000,0.050000000,0.013788700,0.001828517,-0.000035713,0.013909457,0.000934747
35.360757408,TRACKING,,0.000839432,1,-0.013658252,0.001807465,0.049963897,0.000000000,0.000000000,0.050000000,0.013658247,0.001807507,-0.000035882,0.013777375,0.000941013
35.370889963,TRACKING,,0.000863178,1,-0.013529316,0.001787074,0.049963742,0.000000000,0.000000000,0.050000000,0.013529311,0.001787115,-0.000036037,0.013646880,0.000947015
35.381032016,TRACKING,,0.000892862,1,-0.014061717,0.001766732,0.049963604,0.000000000,0.000000000,0.050000000,0.014061712,0.001766776,-0.000036165,0.014172316,0.000952846
35.391044652,TRACKING,,0.000860804,1,-0.013931162,0.001746823,0.049963460,0.000000000,0.000000000,0.050000000,0.013931157,0.001746866,-0.000036310,0.014040299,0.000958750
35.400995547,TRACKING,,0.000772942,1,-0.013797994,0.001726878,0.049963317,0.000000000,0.000000000,0.050000000,0.013797989,0.001726921,-0.000036454,0.013905686,0.000964664
35.411155410,TRACKING,,0.001125576,1,-0.013797994,0.001726878,0.049963317,0.000000000,0.000000000,0.050000000,0.013797989,0.001726921,-0.000036454,0.013905686,0.000964664
35.421162110,TRACKING,,0.001005656,1,-0.014295795,0.001702935,0.049963057,0.000000000,0.000000000,0.050000000,0.014295791,0.001702980,-0.000036703,0.014396913,0.000973087
35.431333846,TRACKING,,0.000967663,1,-0.014160581,0.001683404,0.049962931,0.000000000,0.000000000,0.050000000,0.014160576,0.001683448,-0.000036830,0.014260339,0.000978644
35.441363104,TRACKING,,0.003567885,1,-0.014025264,0.001664206,0.049962812,0.000000000,0.000000000,0.050000000,0.014025259,0.001664249,-0.000036950,0.014123703,0.000984121
35.451375740,TRACKING,,0.004293335,1,-0.014526189,0.001642476,0.049962735,0.000000000,0.000000000,0.050000000,0.014526184,0.001642521,-0.000037017,0.014618799,0.000989376
35.464530014,TRACKING,,0.002422125,1,-0.014357956,0.001619463,0.049962616,0.000000000,0.000000000,0.050000000,0.014357951,0.001619507,-0.000037137,0.014449047,0.000995517
35.474555710,TRACKING,,0.000932043,1,-0.014224757,0.001601547,0.049962672,0.000000000,0.000000000,0.050000000,0.014224752,0.001601591,-0.000037083,0.014314679,0.000998022
35.484693014,TRACKING,,0.001003282,1,-0.014719648,0.001580709,0.049962483,0.000000000,0.000000000,0.050000000,0.014719644,0.001580754,-0.000037262,0.014804326,0.001004976
35.494713961,TRACKING,,0.000840620,1,-0.014580045,0.001562655,0.049962348,0.000000000,0.000000000,0.050000000,0.014580041,0.001562701,-0.000037398,0.014663596,0.001010549
35.504655358,TRACKING,,0.000742072,1,-0.014439363,0.001544775,0.049962220,0.000000000,0.000000000,0.050000000,0.014439359,0.001544820,-0.000037527,0.014521810,0.001016003
35.514802161,TRACKING,,0.000688643,1,-0.014297832,0.001527066,0.049962116,0.000000000,0.000000000,0.050000000,0.014297828,0.001527110,-0.000037632,0.014379199,0.001021103
35.524770866,TRACKING,,0.000612655,1,-0.014804863,0.001509607,0.049962034,0.000000000,0.000000000,0.050000000,0.014804859,0.001509652,-0.000037704,0.014881677,0.001025794
35.534839306,TRACKING,,0.000370443,1,-0.014662975,0.001492376,0.049961966,0.000000000,0.000000000,0.050000000,0.014662971,0.001492421,-0.000037773,0.014738774,0.001030258
35.545375548,TRACKING,,0.002398378,1,-0.014512353,0.001474380,0.049961853,0.000000000,0.000000000,0.050000000,0.014512349,0.001474425,-0.000037888,0.014587105,0.001035536
35.557471924,TRACKING,,0.004588977,1,-0.015012338,0.001457481,0.049961851,0.000000000,0.000000000,0.050000000,0.015012334,0.001457528,-0.000037880,0.015082971,0.001038976
35.567497620,TRACKING,,0.001902080,1,-0.014869746,0.001440911,0.049961936,0.000000000,0.000000000,0.050000000,0.014869743,0.001440957,-0.000037797,0.014939445,0.001040929
35.577547063,TRACKING,,0.001725170,1,-0.014725273,0.001424452,0.049961925,0.000000000,0.000000000,0.050000000,0.014725270,0.001424498,-0.000037810,0.014794059,0.001044411
35.587664182,TRACKING,,0.001085207,1,-0.015172750,0.001403208,0.049961848,0.000000000,0.000000000,0.050000000,0.015172746,0.001403254,-0.000037877,0.015237545,0.001049658
35.597706501,TRACKING,,0.001145760,1,-0.015025926,0.001387101,0.049961748,0.000000000,0.000000000,0.050000000,0.015025922,0.001387147,-0.000037979,0.015089863,0.001054466
35.607815310,TRACKING,,0.001271616,1,-0.014846050,0.001367694,0.049961700,0.000000000,0.000000000,0.050000000,0.014846046,0.001367740,-0.000038029,0.014908965,0.001059148
35.617899184,TRACKING,,0.001244308,1,-0.015329779,0.001352064,0.049961632,0.000000000,0.000000000,0.050000000,0.015329775,0.001352111,-0.000038087,0.015389336,0.001063457
35.627983059,TRACKING,,0.001154071,1,-0.015180392,0.001336485,0.049961566,0.000000000,0.000000000,0.050000000,0.015180389,0.001336532,-0.000038154,0.015239160,0.001067721
35.637983822,TRACKING,,0.001104204,1,-0.015033014,0.001321352,0.049961518,0.000000000,0.000000000,0.050000000,0.015033011,0.001321398,-0.000038204,0.015091023,0.001071686
35.648121126,TRACKING,,0.000790753,1,-0.015553289,0.001305849,0.049961491,0.000000000,0.000000000,0.050000000,0.015553286,0.001305897,-0.000038221,0.015608059,0.001075359
35.658178880,TRACKING,,0.001273990,1,-0.015553289,0.001305849,0.049961491,0.000000000,0.000000000,0.050000000,0.015553286,0.001305897,-0.000038221,0.015608059,0.001075359
35.668294812,TRACKING,,0.003833843,1,-0.015371561,0.001287823,0.049961349,0.000000000,0.000000000,0.050000000,0.015371558,0.001287870,-0.000038364,0.015425462,0.001081316
35.678340693,TRACKING,,0.000733761,1,-0.015209065,0.001272019,0.049961069,0.000000000,0.000000000,0.050000000,0.015209062,0.001272065,-0.000038645,0.015262215,0.001088991
35.688409133,TRACKING,,0.000758695,1,-0.015624987,0.001257553,0.049961116,0.000000000,0.000000000,0.050000000,0.015624984,0.001257601,-0.000038589,0.015675560,0.001091387
35.698338656,TRACKING,,0.000769381,1,-0.015479406,0.001243683,0.049961335,0.000000000,0.000000000,0.050000000,0.015479403,0.001243730,-0.000038373,0.015529335,0.001090880
35.711666279,TRACKING,,0.003800599,1,-0.015329109,0.001229637,0.049961347,0.000000000,0.000000000,0.050000000,0.015329106,0.001229684,-0.000038363,0.015378397,0.001093708
35.721493693,TRACKING,,0.001664617,1,-0.015763998,0.001213716,0.049961603,0.000000000,0.000000000,0.050000000,0.015763995,0.001213764,-0.000038099,0.015810699,0.001093029
35.731647620,TRACKING,,0.001634934,1,-0.015609480,0.001199671,0.049961692,0.000000000,0.000000000,0.050000000,0.015609477,0.001199718,-0.000038013,0.015655559,0.001094579
35.741586642,TRACKING,,0.001586254,1,-0.015457884,0.001186102,0.049961722,0.000000000,0.000000000,0.050000000,0.015457881,0.001186149,-0.000037985,0.015503370,0.001096736
35.751752442,TRACKING,,0.001681240,1,-0.015899998,0.001172402,0.049961636,0.000000000,0.000000000,0.050000000,0.015899995,0.001172450,-0.000038062,0.015943209,0.001100923
35.761825631,TRACKING,,0.000842995,1,-0.015742326,0.001158719,0.049961563,0.000000000,0.000000000,0.050000000,0.015742323,0.001158767,-0.000038137,0.015784959,0.001104922
35.771770589,TRACKING,,0.000921357,1,-0.015579684,0.001144810,0.049961543,0.000000000,0.000000000,0.050000000,0.015579681,0.001144857,-0.000038159,0.015621735,0.001108191
35.781860401,TRACKING,,0.000936793,1,-0.015975975,0.001128647,0.049961528,0.000000000,0.000000000,0.050000000,0.015975972,0.001128695,-0.000038165,0.016015839,0.001111875
35.791940714,TRACKING,,0.000968850,1,-0.015821778,0.001115867,0.049961538,0.000000000,0.000000000,0.050000000,0.015821775,0.001115914,-0.000038158,0.015861125,0.001114473
35.802082767,TRACKING,,0.001503142,1,-0.015635627,0.001100680,0.049961537,0.000000000,0.000000000,0.050000000,0.015635624,0.001100727,-0.000038161,0.015674368,0.001117727
35.812196325,TRACKING,,0.001417655,1,-0.015479970,0.001088141,0.049961698,0.000000000,0.000000000,0.050000000,0.015479967,0.001088188,-0.000038003,0.015518214,0.001117832
35.822206586,TRACKING,,0.000572287,1,-0.015889224,0.001074766,0.049961712,0.000000000,0.000000000,0.050000000,0.015889222,0.001074813,-0.000037980,0.015925578,0.001120412
35.832260778,TRACKING,,0.000260022,1,-0.015730471,0.001062342,0.049961788,0.000000000,0.000000000,0.050000000,0.015730468,0.001062388,-0.000037907,0.015766348,0.001121826
35.842355339,TRACKING,,0.000207781,1,-0.015573054,0.001050185,0.049961888,0.000000000,0.000000000,0.050000000,0.015573051,0.001050232,-0.000037809,0.015608470,0.001122812
35.852548447,TRACKING,,0.000021372,1,-0.015980122,0.001038035,0.049962003,0.000000000,0.000000000,0.050000000,0.015980119,0.001038082,-0.000037687,0.016013845,0.001123535
35.862748678,TRACKING,,0.002380569,1,-0.015820450,0.001026026,0.049962127,0.000000000,0.000000000,0.050000000,0.015820448,0.001026073,-0.000037566,0.015853732,0.001124093
35.872720945,TRACKING,,0.001770288,1,-0.015654117,0.001013687,0.049962273,0.000000000,0.000000000,0.050000000,0.015654115,0.001013733,-0.000037423,0.015686949,0.001124330
35.882644532,TRACKING,,0.001482957,1,-0.016048372,0.001001939,0.049962454,0.000000000,0.000000000,0.050000000,0.016048370,0.001001987,-0.000037234,0.016079662,0.001123812
35.892806770,TRACKING,,0.001295362,1,-0.015888336,0.000990413,0.049962480,0.000000000,0.000000000,0.050000000,0.015888333,0.000990460,-0.000037210,0.015919219,0.001125738
35.902933388,TRACKING,,0.001269241,1,-0.015728406,0.000979045,0.049962528,0.000000000,0.000000000,0.050000000,0.015728404,0.000979091,-0.000037166,0.015758892,0.001127283
35.912886658,TRACKING,,0.001862899,1,-0.015728406,0.000979045,0.049962528,0.000000000,0.000000000,0.050000000,0.015728404,0.000979091,-0.000037166,0.015758892,0.001127283
35.923617620,TRACKING,,0.001987567,1,-0.016113729,0.000965761,0.049962664,0.000000000,0.000000000,0.050000000,0.016113726,0.000965809,-0.000037022,0.016142687,0.001127706
35.933515086,TRACKING,,0.002046933,1,-0.015952974,0.000954600,0.049962896,0.000000000,0.000000000,0.050000000,0.015952972,0.000954647,-0.000036793,0.015981552,0.001126194
35.943595399,TRACKING,,0.002096800,1,-0.015797294,0.000943945,0.049963072,0.000000000,0.000000000,0.050000000,0.015797292,0.000943991,-0.000036620,0.015825514,0.001125407
35.953583101,TRACKING,,0.001610000,1,-0.016096518,0.000930613,0.049963209,0.000000000,0.000000000,0.050000000,0.016096516,0.000930660,-0.000036478,0.016123439,0.001125802
35.963723967,TRACKING,,0.001468710,1,-0.015926846,0.000919352,0.049963200,0.000000000,0.000000000,0.050000000,0.015926844,0.000919399,-0.000036490,0.015953400,0.001128113
35.973785283,TRACKING,,0.001297736,1,-0.015764421,0.000908705,0.049963252,0.000000000,0.000000000,0.050000000,0.015764419,0.000908751,-0.000036440,0.015790633,0.001129298
35.986456319,TRACKING,,0.001320295,1,-0.016118234,0.000898252,0.049963342,0.000000000,0.000000000,0.050000000,0.016118232,0.000898299,-0.000036343,0.016143286,0.001129830
35.996601934,TRACKING,,0.001257368,1,-0.015958857,0.000888022,0.049963578,0.000000000,0.000000000,0.050000000,0.015958855,0.000888068,-0.000036110,0.015983586,0.001127984
36.006628818,TRACKING,,0.001269241,1,-0.015797546,0.000877829,0.049963666,0.000000000,0.000000000,0.050000000,0.015797544,0.000877875,-0.000036026,0.015821958,0.001128450
36.016645016,TRACKING,,0.000784816,1,-0.015641016,0.000868022,0.049963951,0.000000000,0.000000000,0.050000000,0.015641014,0.000868066,-0.000035744,0.015665125,0.001125662
36.029521457,TRACKING,,0.000870303,1,-0.015816414,0.000847980,0.049964388,0.000000000,0.000000000,0.050000000,0.015816412,0.000848025,-0.000035305,0.015839169,0.001122339
36.039488975,TRACKING,,0.000848931,1,-0.015654285,0.000838187,0.049964524,0.000000000,0.000000000,0.050000000,0.015654283,0.000838232,-0.000035172,0.015676749,0.001121866
36.049616781,TRACKING,,0.000710015,1,-0.015979428,0.000828606,0.049964684,0.000000000,0.000000000,0.050000000,0.015979426,0.000828651,-0.000035006,0.016000936,0.001120943
36.059606857,TRACKING,,0.000767007,1,-0.015818397,0.000819107,0.049964851,0.000000000,0.000000000,0.050000000,0.015818396,0.000819152,-0.000034843,0.015839630,0.001119828
36.069761971,TRACKING,,0.000607906,1,-0.015657103,0.000809704,0.049965033,0.000000000,0.000000000,0.050000000,0.015657102,0.000809748,-0.000034664,0.015678065,0.001118424
36.079768670,TRACKING,,0.001778600,1,-0.015657103,0.000809704,0.049965033,0.000000000,0.000000000,0.050000000,0.015657102,0.000809748,-0.000034664,0.015678065,0.001118424
36.089878666,TRACKING,,0.001845089,1,-0.015946797,0.000799314,0.049965295,0.000000000,0.000000000,0.050000000,0.015946796,0.000799359,-0.000034397,0.015966855,0.001115863
36.099932858,TRACKING,,0.000972412,1,-0.015790632,0.000790395,0.049965586,0.000000000,0.000000000,0.050000000,0.015790630,0.000790439,-0.000034110,0.015810438,0.001112586
36.109919373,TRACKING,,0.000527168,1,-0.015616393,0.000780593,0.049965719,0.000000000,0.000000000,0.050000000,0.015616391,0.000780636,-0.000033981,0.015635927,0.001111955
36.120072112,TRACKING,,0.000575849,1,-0.015902941,0.000771304,0.049965903,0.000000000,0.000000000,0.050000000,0.015902940,0.000771348,-0.000033792,0.015921671,0.001110431
36.130057439,TRACKING,,0.000630465,1,-0.015704700,0.000760403,0.049966138,0.000000000,0.000000000,0.050000000,0.015704698,0.000760447,-0.000033561,0.015723135,0.001108320
36.140199492,TRACKING,,0.000673208,1,-0.015545974,0.000751784,0.049966340,0.000000000,0.000000000,0.050000000,0.015545973,0.000751828,-0.000033363,0.015564178,0.001106283
36.150375978,TRACKING,,0.000594845,1,-0.015825391,0.000743217,0.049966552,0.000000000,0.000000000,0.050000000,0.015825389,0.000743261,-0.000033146,0.015842869,0.001104045
36.161502316,TRACKING,,0.004258903,1,-0.015665312,0.000734708,0.049966772,0.000000000,0.000000000,0.050000000,0.015665311,0.000734751,-0.000032929,0.015682567,0.001101631
36.171518514,TRACKING,,0.002049308,1,-0.015474110,0.000724651,0.049967135,0.000000000,0.000000000,0.050000000,0.015474109,0.000724693,-0.000032571,0.015491104,0.001097018
36.181607138,TRACKING,,0.002055244,1,-0.015694316,0.000714508,0.049967515,0.000000000,0.000000000,0.050000000,0.015694314,0.000714551,-0.000032189,0.015710606,0.001092140
36.191717133,TRACKING,,0.002073054,1,-0.015535643,0.000706374,0.049967800,0.000000000,0.000000000,0.050000000,0.015535642,0.000706416,-0.000031908,0.015551727,0.001088516
36.204465345,TRACKING,,0.004480930,1,-0.015372392,0.000698096,0.049968093,0.000000000,0.000000000,0.050000000,0.015372391,0.000698138,-0.000031619,0.015388268,0.001084703
36.214441174,TRACKING,,0.002103924,1,-0.015579733,0.000688420,0.049968501,0.000000000,0.000000000,0.050000000,0.015579732,0.000688462,-0.000031208,0.015594967,0.001079031
36.224541671,TRACKING,,0.002219093,1,-0.015579733,0.000688420,0.049968501,0.000000000,0.000000000,0.050000000,0.015579732,0.000688462,-0.000031208,0.015594967,0.001079031
36.234760900,TRACKING,,0.002213157,1,-0.015387512,0.000678901,0.049968885,0.000000000,0.000000000,0.050000000,0.015387510,0.000678943,-0.000030829,0.015402512,0.001073654
36.244670239,TRACKING,,0.002301018,1,-0.015230590,0.000671228,0.049969134,0.000000000,0.000000000,0.050000000,0.015230589,0.000671269,-0.000030584,0.015245405,0.001070326
36.255288406,TRACKING,,0.002198910,1,-0.015414446,0.000661708,0.049969376,0.000000000,0.000000000,0.050000000,0.015414445,0.000661749,-0.000030339,0.015428673,0.001067184
36.266480047,TRACKING,,0.001253806,1,-0.015255621,0.000654097,0.049969643,0.000000000,0.000000000,0.050000000,0.015255620,0.000654138,-0.000030077,0.015269668,0.001063439
36.276429755,TRACKING,,0.001146948,1,-0.015098928,0.000646667,0.049969882,0.000000000,0.000000000,0.050000000,0.015098927,0.000646707,-0.000029841,0.015112800,0.001060083
36.286495820,TRACKING,,0.001296549,1,-0.015299645,0.000639142,0.049970061,0.000000000,0.000000000,0.050000000,0.015299644,0.000639182,-0.000029660,0.015313019,0.001057714
36.296650934,TRACKING,,0.001207501,1,-0.015104366,0.000630070,0.049970291,0.000000000,0.000000000,0.050000000,0.015104365,0.000630110,-0.000029433,0.015117531,0.001054598
36.306751431,TRACKING,,0.001192065,1,-0.014945715,0.000622775,0.049970519,0.000000000,0.000000000,0.050000000,0.014945714,0.000622814,-0.000029209,0.014958713,0.001051374
36.316732009,TRACKING,,0.001081645,1,-0.015128719,0.000615581,0.049970775,0.000000000,0.000000000,0.050000000,0.015128718,0.000615621,-0.000028951,0.015141266,0.001047624
36.326820633,TRACKING,,0.001118452,1,-0.014970713,0.000608442,0.049971051,0.000000000,0.000000000,0.050000000,0.014970712,0.000608482,-0.000028679,0.014983100,0.001043479
36.336934191,TRACKING,,0.001060273,1,-0.014778775,0.000599857,0.049971432,0.000000000,0.000000000,0.050000000,0.014778774,0.000599895,-0.000028303,0.014790972,0.001037669
36.346923080,TRACKING,,0.001111328,1,-0.014941075,0.000592881,0.049971748,0.000000000,0.000000000,0.050000000,0.014941074,0.000592919,-0.000027986,0.014952861,0.001032815
36.357224234,TRACKING,,0.000023746,1,-0.014771378,0.000585433,0.049972112,0.000000000,0.000000000,0.050000000,0.014771377,0.000585471,-0.000027625,0.014783001,0.001027126
36.367329480,TRACKING,,0.002498113,1,-0.014616500,0.000578694,0.049972516,0.000000000,0.000000000,0.050000000,0.014616499,0.000578732,-0.000027226,0.014627978,0.001020680
36.377424041,TRACKING,,0.000028496,1,-0.014464512,0.000572134,0.049972924,0.000000000,0.000000000,0.050000000,0.014464511,0.000572171,-0.000026822,0.014475848,0.001014086
36.387412930,TRACKING,,0.002270148,1,-0.014618664,0.000565506,0.049973342,0.000000000,0.000000000,0.050000000,0.014618663,0.000565543,-0.000026403,0.014629622,0.001007291
36.397526488,TRACKING,,0.000030870,1,-0.014454307,0.000558529,0.049973744,0.000000000,0.000000000,0.050000000,0.014454306,0.000558566,-0.000026007,0.014465118,0.001000525
36.407556933,TRACKING,,0.001592190,1,-0.014304254,0.000552207,0.049974229,0.000000000,0.000000000,0.050000000,0.014304253,0.000552243,-0.000025526,0.014314932,0.000992435
36.418430373,TRACKING,,0.002533733,1,-0.014304254,0.000552207,0.049974229,0.000000000,0.000000000,0.050000000,0.014304253,0.000552243,-0.000025526,0.014314932,0.000992435
36.428495251,TRACKING,,0.000920170,1,-0.014355971,0.000543385,0.049974531,0.000000000,0.000000000,0.050000000,0.014355970,0.000543421,-0.000025224,0.014366274,0.000987075
36.438586249,TRACKING,,0.001036527,1,-0.014205093,0.000537148,0.049974931,0.000000000,0.000000000,0.050000000,0.014205092,0.000537184,-0.000024828,0.014215267,0.000980261
36.448589387,TRACKING,,0.000618591,1,-0.014264713,0.000529259,0.049975354,0.000000000,0.000000000,0.050000000,0.014264712,0.000529294,-0.000024407,0.014274550,0.000972735
36.458679198,TRACKING,,0.000683894,1,-0.014116271,0.000523231,0.049975796,0.000000000,0.000000000,0.050000000,0.014116270,0.000523266,-0.000023969,0.014125985,0.000965023
36.468791568,TRACKING,,0.000725451,1,-0.013932916,0.000515851,0.049976315,0.000000000,0.000000000,0.050000000,0.013932915,0.000515886,-0.000023455,0.013942482,0.000955752
36.480481882,TRACKING,,0.004840687,1,-0.014012422,0.000509901,0.049976764,0.000000000,0.000000000,0.050000000,0.014012422,0.000509935,-0.000023007,0.014021716,0.000947772
36.490439901,TRACKING,,0.001961446,1,-0.013864669,0.000504035,0.049977297,0.000000000,0.000000000,0.050000000,0.013864669,0.000504070,-0.000022478,0.013873847,0.000938284
36.500507153,TRACKING,,0.002031498,1,-0.013720120,0.000498345,0.049977804,0.000000000,0.000000000,0.050000000,0.013720119,0.000498379,-0.000021976,0.013729185,0.000929211
36.510664641,TRACKING,,0.001954323,1,-0.013576611,0.000492735,0.049978297,0.000000000,0.000000000,0.050000000,0.013576610,0.000492769,-0.000021487,0.013585567,0.000920260
36.522467750,TRACKING,,0.000504609,1,-0.013623542,0.000486641,0.049978668,0.000000000,0.000000000,0.050000000,0.013623541,0.000486675,-0.000021117,0.013632248,0.000913109
36.532447141,TRACKING,,0.000398938,1,-0.013480406,0.000481120,0.049979172,0.000000000,0.000000000,0.050000000,0.013480405,0.000481152,-0.000020618,0.013489005,0.000903805
36.542611753,TRACKING,,0.000010686,1,-0.013335265,0.000475563,0.049979630,0.000000000,0.000000000,0.050000000,0.013335264,0.000475595,-0.000020164,0.013343758,0.000895170
36.552679005,TRACKING,,0.002428062,1,-0.013366594,0.000469945,0.049980130,0.000000000,0.000000000,0.050000000,0.013366594,0.000469977,-0.000019666,0.013374868,0.000885767
36.562713013,TRACKING,,0.000048680,1,-0.013225366,0.000464601,0.049980622,0.000000000,0.000000000,0.050000000,0.013225365,0.000464633,-0.000019178,0.013233538,0.000876484
36.572733960,TRACKING,,0.000035619,1,-0.013052040,0.000458088,0.049981240,0.000000000,0.000000000,0.050000000,0.013052039,0.000458119,-0.000018565,0.013060090,0.000864775
36.582792901,TRACKING,,0.000014248,1,-0.013064377,0.000452824,0.049981729,0.000000000,0.000000000,0.050000000,0.013064376,0.000452855,-0.000018078,0.013072235,0.000855372
36.592917144,TRACKING,,0.001401033,1,-0.012910331,0.000447108,0.049982283,0.000000000,0.000000000,0.050000000,0.012910330,0.000447139,-0.000017529,0.012918083,0.000844655
36.603004581,TRACKING,,0.001399846,1,-0.012770053,0.000441943,0.049982704,0.000000000,0.000000000,0.050000000,0.012770053,0.000441973,-0.000017112,0.012777710,0.000836134
36.613033839,TRACKING,,0.001244307,1,-0.012757809,0.000436841,0.049983148,0.000000000,0.000000000,0.050000000,0.012757808,0.000436871,-0.000016670,0.012765297,0.000827200
36.623128400,TRACKING,,0.000674395,1,-0.012611044,0.000431491,0.049983658,0.000000000,0.000000000,0.050000000,0.012611043,0.000431521,-0.000016165,0.012618434,0.000817059
36.633758440,TRACKING,,0.002480303,1,-0.012611044,0.000431491,0.049983658,0.000000000,0.000000000,0.050000000,0.012611043,0.000431521,-0.000016165,0.012618434,0.000817059
36.643609601,TRACKING,,0.002291520,1,-0.012462304,0.000426098,0.049984182,0.000000000,0.000000000,0.050000000,0.012462303,0.000426127,-0.000015645,0.012469596,0.000806505
36.655216802,TRACKING,,0.002264212,1,-0.012425585,0.000421170,0.049984757,0.000000000,0.000000000,0.050000000,0.012425585,0.000421198,-0.000015072,0.012432730,0.000795305
36.663932888,TRACKING,,0.002297456,1,-0.012292023,0.000416367,0.049985324,0.000000000,0.000000000,0.050000000,0.012292022,0.000416396,-0.000014510,0.012299082,0.000784126
36.673808983,TRACKING,,0.001620687,1,-0.012159952,0.000411642,0.049985884,0.000000000,0.000000000,0.050000000,0.012159952,0.000411670,-0.000013955,0.012166926,0.000773046
36.683842990,TRACKING,,0.000131792,1,-0.011998631,0.000405914,0.049986340,0.000000000,0.000000000,0.050000000,0.011998630,0.000405942,-0.000013503,0.012005503,0.000763028
36.693900744,TRACKING,,0.000029683,1,-0.011940340,0.000401208,0.049986904,0.000000000,0.000000000,0.050000000,0.011940339,0.000401236,-0.000012942,0.011947086,0.000751727
36.703918129,TRACKING,,0.000023747,1,-0.011812078,0.000396666,0.049987626,0.000000000,0.000000000,0.050000000,0.011812077,0.000396693,-0.000012224,0.011818743,0.000737802
36.714003191,TRACKING,,0.000144853,1,-0.011682570,0.000392111,0.049988166,0.000000000,0.000000000,0.050000000,0.011682569,0.000392138,-0.000011688,0.011689154,0.000726570
36.724464632,TRACKING,,0.002893489,1,-0.011564774,0.000386536,0.049988817,0.000000000,0.000000000,0.050000000,0.011564774,0.000386562,-0.000011042,0.011571238,0.000712873
36.734501015,TRACKING,,0.000430996,1,-0.011564774,0.000386536,0.049988817,0.000000000,0.000000000,0.050000000,0.011564774,0.000386562,-0.000011042,0.011571238,0.000712873
36.744791482,TRACKING,,0.000441682,1,-0.011263731,0.000375541,0.049990214,0.000000000,0.000000000,0.050000000,0.011263730,0.000375566,-0.000009654,0.011269993,0.000683537
36.756522164,TRACKING,,0.002105111,1,-0.011138815,0.000371216,0.049990770,0.000000000,0.000000000,0.050000000,0.011138814,0.000371240,-0.000009102,0.011145003,0.000671859
36.766570420,TRACKING,,0.002044558,1,-0.011014731,0.000366926,0.049991401,0.000000000,0.000000000,0.050000000,0.011014730,0.000366951,-0.000008474,0.011020844,0.000658847
36.776685164,TRACKING,,0.000597220,1,-0.010876492,0.000362161,0.049992099,0.000000000,0.000000000,0.050000000,0.010876492,0.000362185,-0.000007781,0.010882523,0.000644281
36.786630123,TRACKING,,0.000552102,1,-0.010753425,0.000357935,0.049977879,0.000000000,0.000000000,0.050000000,0.010753424,0.000357958,-0.000022004,0.010759403,0.000632252
36.796812545,TRACKING,,0.002390067,1,-0.010753425,0.000357935,0.049977879,0.000000000,0.000000000,0.050000000,0.010753424,0.000357958,-0.000022004,0.010759403,0.000632252
36.810358633,TRACKING,,0.002452995,1,-0.010626011,0.000353566,0.049978512,0.000000000,0.000000000,0.050000000,0.010626011,0.000353589,-0.000021376,0.010631914,0.000619054
36.817204697,TRACKING,,0.002325952,1,-0.010508087,0.000349530,0.049979141,0.000000000,0.000000000,0.050000000,0.010508087,0.000349552,-0.000020750,0.010513920,0.000606177
36.827681574,TRACKING,,0.000026121,1,-0.010391238,0.000345529,0.049936168,0.000000000,0.000000000,0.050000000,0.010391238,0.000345551,-0.000063727,0.010397177,0.000590966
36.837560043,TRACKING,,0.000062928,1,-0.010155115,0.000337483,0.049937513,0.000000000,0.000000000,0.050000000,0.010155115,0.000337504,-0.000062390,0.010160914,0.000564905
36.847577428,TRACKING,,0.000042743,1,-0.010155115,0.000337483,0.049937513,0.000000000,0.000000000,0.050000000,0.010155115,0.000337504,-0.000062390,0.010160914,0.000564905
36.857758662,TRACKING,,0.000612655,1,-0.009990698,0.000331900,0.049866458,0.000000000,0.000000000,0.050000000,0.009990699,0.000331921,-0.000133448,0.009997102,0.000548010
36.870882066,TRACKING,,0.001969758,1,-0.009870889,0.000327836,0.049867314,0.000000000,0.000000000,0.050000000,0.009870889,0.000327857,-0.000132596,0.009877223,0.000534831
36.877853985,TRACKING,,0.001846277,1,-0.009753288,0.000323839,0.049868451,0.000000000,0.000000000,0.050000000,0.009753289,0.000323860,-0.000131463,0.009759550,0.000518256
36.887927174,TRACKING,,0.001600502,1,-0.009643624,0.000320124,0.049769781,0.000000000,0.000000000,0.050000000,0.009643625,0.000320145,-0.000230137,0.009651682,0.000504951
36.898082288,TRACKING,,0.001378474,1,-0.009531104,0.000316316,0.049771005,0.000000000,0.000000000,0.050000000,0.009531105,0.000316336,-0.000228915,0.009539100,0.000491081
36.908299142,TRACKING,,0.001069772,1,-0.009417232,0.000312473,0.049772347,0.000000000,0.000000000,0.050000000,0.009417233,0.000312493,-0.000227577,0.009425165,0.000478955
36.919063349,TRACKING,,0.004023814,1,-0.009306439,0.000308735,0.049647161,0.000000000,0.000000000,0.050000000,0.009306441,0.000308754,-0.000352765,0.009318241,0.000466496
36.928957253,TRACKING,,0.002455369,1,-0.009184245,0.000304611,0.049649153,0.000000000,0.000000000,0.050000000,0.009184247,0.000304630,-0.000350777,0.009195990,0.000451290
36.939345080,TRACKING,,0.002386505,1,-0.009079279,0.000301071,0.049651138,0.000000000,0.000000000,0.050000000,0.009079281,0.000301090,-0.000348795,0.009090966,0.000438164
36.949591617,TRACKING,,0.002444683,1,-0.008974593,0.000297543,0.049500279,0.000000000,0.000000000,0.050000000,0.008974596,0.000297561,-0.000499657,0.008993419,0.000424949
36.959842903,TRACKING,,0.002305768,1,-0.008869145,0.000293992,0.049502831,0.000000000,0.000000000,0.050000000,0.008869148,0.000294009,-0.000497108,0.008887932,0.000411802
36.969664381,TRACKING,,0.002230966,1,-0.008767965,0.000290586,0.049505609,0.000000000,0.000000000,0.050000000,0.008767967,0.000290604,-0.000494332,0.008786698,0.000399165
36.979808809,TRACKING,,0.002238091,1,-0.008668463,0.000287239,0.049329937,0.000000000,0.000000000,0.050000000,0.008668466,0.000287256,-0.000670007,0.008699065,0.000386741
36.989816695,TRACKING,,0.002070679,1,-0.008568589,0.000283881,0.049333370,0.000000000,0.000000000,0.050000000,0.008568593,0.000283898,-0.000666577,0.008599169,0.000374391
36.999873262,TRACKING,,0.001906829,1,-0.008471346,0.000280614,0.049337118,0.000000000,0.000000000,0.050000000,0.008471349,0.000280630,-0.000662831,0.008501874,0.000362392
37.009916767,TRACKING,,0.001228872,1,-0.008367991,0.000277142,0.049341511,0.000000000,0.000000000,0.050000000,0.008367995,0.000277158,-0.000658441,0.008398434,0.000349555
37.019911593,TRACKING,,0.001219374,1,-0.008271501,0.000273907,0.049142240,0.000000000,0.000000000,0.050000000,0.008271506,0.000273923,-0.000857714,0.008320367,0.000339146
37.030022776,TRACKING,,0.001418843,1,-0.008271501,0.000273907,0.049142240,0.000000000,0.000000000,0.050000000,0.008271506,0.000273923,-0.000857714,0.008320367,0.000339146
37.040056784,TRACKING,,0.000146040,1,-0.008154201,0.000269978,0.049148312,0.000000000,0.000000000,0.050000000,0.008154205,0.000269994,-0.000851645,0.008203002,0.000327320
37.051428896,TRACKING,,0.004154419,1,-0.008049479,0.000266468,0.049154319,0.000000000,0.000000000,0.050000000,0.008049483,0.000266484,-0.000845640,0.008098166,0.000315462
37.061477151,TRACKING,,0.001957884,1,-0.007940823,0.000262825,0.048932940,0.000000000,0.000000000,0.050000000,0.007940828,0.000262839,-0.001067021,0.008016506,0.000302142
37.071521845,TRACKING,,0.002000627,1,-0.007850769,0.000259807,0.048939030,0.000000000,0.000000000,0.050000000,0.007850773,0.000259821,-0.001060933,0.007926395,0.000291417
37.081652024,TRACKING,,0.002115797,1,-0.007740223,0.000256107,0.048947225,0.000000000,0.000000000,0.050000000,0.007740227,0.000256121,-0.001052740,0.007815688,0.000279488
37.091724026,TRACKING,,0.001701424,1,-0.007651956,0.000253152,0.048694466,0.000000000,0.000000000,0.050000000,0.007651961,0.000253166,-0.001305501,0.007766656,0.000269628
37.101773468,TRACKING,,0.001702611,1,-0.007561971,0.000250140,0.048702310,0.000000000,0.000000000,0.050000000,0.007561976,0.000250154,-0.001297659,0.007676586,0.000259622
37.111860905,TRACKING,,0.001342855,1,-0.007472862,0.000247159,0.048710766,0.000000000,0.000000000,0.050000000,0.007472866,0.000247172,-0.001289204,0.007587284,0.000250089
37.121956653,TRACKING,,0.001302485,1,-0.007386654,0.000244281,0.048452883,0.000000000,0.000000000,0.050000000,0.007386659,0.000244294,-0.001547089,0.007550887,0.000242686
37.131933669,TRACKING,,0.001111328,1,-0.007299266,0.000241364,0.048462577,0.000000000,0.000000000,0.050000000,0.007299271,0.000241377,-0.001537396,0.007463324,0.000235278
37.142092345,TRACKING,,0.000549727,1,-0.007210420,0.000238401,0.048473185,0.000000000,0.000000000,0.050000000,0.007210425,0.000238414,-0.001526789,0.007374155,0.000228289
37.152210651,TRACKING,,0.000566350,1,-0.007127478,0.000235631,0.048186498,0.000000000,0.000000000,0.050000000,0.007127484,0.000235644,-0.001813478,0.007358346,0.000220896
37.162683966,TRACKING,,0.003592819,1,-0.007046176,0.000232918,0.048197730,0.000000000,0.000000000,0.050000000,0.007046182,0.000232930,-0.001802247,0.007276746,0.000213980
37.172733408,TRACKING,,0.002485052,1,-0.006957638,0.000229962,0.048210859,0.000000000,0.000000000,0.050000000,0.006957643,0.000229974,-0.001789119,0.007187672,0.000206050
37.182824407,TRACKING,,0.000808562,1,-0.006866250,0.000226912,0.047906458,0.000000000,0.000000000,0.050000000,0.006866255,0.000226924,-0.002093522,0.007181907,0.000198131
37.192826356,TRACKING,,0.000759882,1,-0.006786695,0.000224261,0.047920199,0.000000000,0.000000000,0.050000000,0.006786700,0.000224272,-0.002079782,0.007101767,0.000192392
37.203040836,TRACKING,,0.000872677,1,-0.006709682,0.000221694,0.047934387,0.000000000,0.000000000,0.050000000,0.006709687,0.000221706,-0.002065595,0.007023941,0.000187062
37.213001230,TRACKING,,0.000751571,1,-0.006632585,0.000219126,0.047609397,0.000000000,0.000000000,0.050000000,0.006632591,0.000219137,-0.002390586,0.007053664,0.000181939
37.223162280,TRACKING,,0.000436933,1,-0.006554927,0.000216540,0.047625627,0.000000000,0.000000000,0.050000000,0.006554933,0.000216551,-0.002374356,0.006975070,0.000177078
37.233136921,TRACKING,,0.000151976,1,-0.006477715,0.000213969,0.047642789,0.000000000,0.000000000,0.050000000,0.006477721,0.000213979,-0.002357196,0.006896595,0.000172362
37.243245730,TRACKING,,0.002404315,1,-0.006477715,0.000213969,0.047642789,0.000000000,0.000000000,0.050000000,0.006477721,0.000213979,-0.002357196,0.006896595,0.000172362
37.253318918,TRACKING,,0.001796409,1,-0.006402793,0.000211474,0.047299969,0.000000000,0.000000000,0.050000000,0.006402799,0.000211484,-0.002700016,0.006952025,0.000167864
37.263343427,TRACKING,,0.001614749,1,-0.006325432,0.000208900,0.047318977,0.000000000,0.000000000,0.050000000,0.006325438,0.000208910,-0.002681008,0.006873326,0.000163780
37.273426115,TRACKING,,0.001528076,1,-0.006252864,0.000206484,0.047337954,0.000000000,0.000000000,0.050000000,0.006252869,0.000206494,-0.002662033,0.006799076,0.000159629
37.283447061,TRACKING,,0.001488894,1,-0.006180316,0.000204076,0.047358111,0.000000000,0.000000000,0.050000000,0.006180321,0.000204086,-0.002641876,0.006724398,0.000157457
37.295452013,TRACKING,,0.000767006,1,-0.006040114,0.000199416,0.047019269,0.000000000,0.000000000,0.050000000,0.006040120,0.000199425,-0.002980719,0.006738509,0.000151787
37.305455150,TRACKING,,0.000686269,1,-0.005970328,0.000197099,0.047041549,0.000000000,0.000000000,0.050000000,0.005970334,0.000197108,-0.002958439,0.006666041,0.000149336
37.315601953,TRACKING,,0.000567537,1,-0.005901665,0.000194819,0.046665297,0.000000000,0.000000000,0.050000000,0.005901671,0.000194828,-0.003334691,0.006781434,0.000147020
37.325690577,TRACKING,,0.000344321,1,-0.005833229,0.000192542,0.046689279,0.000000000,0.000000000,0.050000000,0.005833235,0.000192551,-0.003310710,0.006710031,0.000143547
37.337439068,TRACKING,,0.004394257,1,-0.005833229,0.000192542,0.046689279,0.000000000,0.000000000,0.050000000,0.005833235,0.000192551,-0.003310710,0.006710031,0.000143547
37.347481387,TRACKING,,0.002068304,1,-0.005751133,0.000189817,0.046719876,0.000000000,0.000000000,0.050000000,0.005751138,0.000189825,-0.003280114,0.006623501,0.000140990
37.357583071,TRACKING,,0.002046933,1,-0.005686244,0.000187664,0.046327656,0.000000000,0.000000000,0.050000000,0.005686250,0.000187672,-0.003672334,0.006771610,0.000139388
37.367571961,TRACKING,,0.001954322,1,-0.005621890,0.000185530,0.046353895,0.000000000,0.000000000,0.050000000,0.005621896,0.000185537,-0.003646095,0.006703294,0.000137994
37.380454339,TRACKING,,0.004757575,1,-0.005557554,0.000183397,0.046381441,0.000000000,0.000000000,0.050000000,0.005557560,0.000183404,-0.003618550,0.006634306,0.000136957
37.390444416,TRACKING,,0.001930576,1,-0.005478376,0.000180771,0.045981302,0.000000000,0.000000000,0.050000000,0.005478382,0.000180778,-0.004018689,0.006796706,0.000135409
37.400591218,TRACKING,,0.000119919,1,-0.005415828,0.000178699,0.046010663,0.000000000,0.000000000,0.050000000,0.005415834,0.000178706,-0.003989328,0.006728888,0.000134982
37.410589606,TRACKING,,0.000199469,1,-0.005342457,0.000176275,0.046047060,0.000000000,0.000000000,0.050000000,0.005342464,0.000176281,-0.003952931,0.006648207,0.000136036
37.423445863,TRACKING,,0.000312264,1,-0.005266351,0.000173758,0.045634245,0.000000000,0.000000000,0.050000000,0.005266359,0.000173765,-0.004365746,0.006842840,0.000136890
37.433400321,TRACKING,,0.000303953,1,-0.005206936,0.000171790,0.045666379,0.000000000,0.000000000,0.050000000,0.005206944,0.000171796,-0.004333612,0.006776575,0.000136520
37.443550685,TRACKING,,0.000180472,1,-0.005147360,0.000169822,0.045700316,0.000000000,0.000000000,0.050000000,0.005147368,0.000169828,-0.004299675,0.006709057,0.000137746
37.453556197,TRACKING,,0.000072426,1,-0.005087931,0.000167858,0.045266330,0.000000000,0.000000000,0.050000000,0.005087939,0.000167864,-0.004733661,0.006951464,0.000139029
37.467481039,TRACKING,,0.001081645,1,-0.004972088,0.000164026,0.045338764,0.000000000,0.000000000,0.050000000,0.004972096,0.000164031,-0.004661227,0.006817308,0.000139778
37.477465179,TRACKING,,0.001063835,1,-0.004914669,0.000162133,0.044892375,0.000000000,0.000000000,0.050000000,0.004914679,0.000162138,-0.005107615,0.007089999,0.000142187
37.489491502,TRACKING,,0.001853401,1,-0.004852938,0.000160098,0.044935649,0.000000000,0.000000000,0.050000000,0.004852948,0.000160103,-0.005064342,0.007016002,0.000144883
37.499676299,TRACKING,,0.001853400,1,-0.004797405,0.000158263,0.044976037,0.000000000,0.000000000,0.050000000,0.004797415,0.000158268,-0.005023954,0.006948406,0.000146440
37.509602260,TRACKING,,0.004231595,1,-0.004797405,0.000158263,0.044976037,0.000000000,0.000000000,0.050000000,0.004797415,0.000158268,-0.005023954,0.006948406,0.000146440
37.519594712,TRACKING,,0.001044838,1,-0.004726509,0.000155922,0.044519297,0.000000000,0.000000000,0.050000000,0.004726521,0.000155927,-0.005480693,0.007238944,0.000148847
37.529718955,TRACKING,,0.001107765,1,-0.004672826,0.000154150,0.044561696,0.000000000,0.000000000,0.050000000,0.004672838,0.000154155,-0.005438294,0.007171766,0.000150944
37.539739902,TRACKING,,0.001025841,1,-0.004606141,0.000151957,0.044617116,0.000000000,0.000000000,0.050000000,0.004606153,0.000151962,-0.005382874,0.007086259,0.000156481
37.549777471,TRACKING,,0.001219373,1,-0.004553208,0.000150216,0.044158726,0.000000000,0.000000000,0.050000000,0.004553222,0.000150220,-0.005841264,0.007407750,0.000160758
37.559932585,TRACKING,,0.001182567,1,-0.004489088,0.000148106,0.044216198,0.000000000,0.000000000,0.050000000,0.004489102,0.000148110,-0.005783791,0.007322992,0.000166043
37.570033082,TRACKING,,0.001110140,1,-0.004436884,0.000146389,0.044264965,0.000000000,0.000000000,0.050000000,0.004436898,0.000146393,-0.005735024,0.007252448,0.000170823
37.580040968,TRACKING,,0.000996158,1,-0.004386138,0.000144720,0.043785451,0.000000000,0.000000000,0.050000000,0.004386155,0.000144724,-0.006214537,0.007607876,0.000175469
37.590178272,TRACKING,,0.000501047,1,-0.004335851,0.000143066,0.043835738,0.000000000,0.000000000,0.050000000,0.004335868,0.000143070,-0.006164250,0.007537785,0.000180295
37.600247899,TRACKING,,0.001228872,1,-0.004275326,0.000141074,0.043898514,0.000000000,0.000000000,0.050000000,0.004275344,0.000141078,-0.006101474,0.007451607,0.000186078
37.610221353,TRACKING,,0.001057898,1,-0.004226222,0.000139459,0.043951398,0.000000000,0.000000000,0.050000000,0.004226240,0.000139463,-0.006048590,0.007380107,0.000191007
37.620366968,TRACKING,,0.000945103,1,-0.004177482,0.000137856,0.043463963,0.000000000,0.000000000,0.050000000,0.004177502,0.000137860,-0.006536024,0.007758230,0.000195782
37.630391477,TRACKING,,0.000844181,1,-0.004129642,0.000136283,0.043518785,0.000000000,0.000000000,0.050000000,0.004129663,0.000136286,-0.006481202,0.007686265,0.000200702
37.640482476,TRACKING,,0.000786004,1,-0.004082030,0.000134716,0.043575062,0.000000000,0.000000000,0.050000000,0.004082051,0.000134720,-0.006424925,0.007613209,0.000205690
37.650454743,TRACKING,,0.000699329,1,-0.004035870,0.000133192,0.043077223,0.000000000,0.000000000,0.050000000,0.004035893,0.000133196,-0.006922763,0.008014413,0.000210374
37.660593234,TRACKING,,0.000733761,1,-0.004035870,0.000133192,0.043077223,0.000000000,0.000000000,0.050000000,0.004035893,0.000133196,-0.006922763,0.008014413,0.000210374
37.670628428,TRACKING,,0.000686269,1,-0.003978734,0.000131310,0.043149610,0.000000000,0.000000000,0.050000000,0.003978758,0.000131314,-0.006850376,0.007923093,0.000217779
37.680650563,TRACKING,,0.000655399,1,-0.003933484,0.000129819,0.043208763,0.000000000,0.000000000,0.050000000,0.003933508,0.000129822,-0.006791223,0.007849207,0.000223244
37.690772431,TRACKING,,0.001325044,1,-0.003888958,0.000128352,0.042702699,0.000000000,0.000000000,0.050000000,0.003888985,0.000128355,-0.007297286,0.008269889,0.000228780
37.700888364,TRACKING,,0.001391534,1,-0.003837457,0.000126652,0.042773629,0.000000000,0.000000000,0.050000000,0.003837485,0.000126656,-0.007226356,0.008183065,0.000234199
37.710912872,TRACKING,,0.000920170,1,-0.003791735,0.000125152,0.042839287,0.000000000,0.000000000,0.050000000,0.003791764,0.000125155,-0.007160698,0.008103625,0.000242015
37.720977750,TRACKING,,0.000650650,1,-0.003747898,0.000123709,0.042326810,0.000000000,0.000000000,0.050000000,0.003747929,0.000123713,-0.007673175,0.008540485,0.000248318
37.731474811,TRACKING,,0.001475833,1,-0.003704974,0.000122297,0.042391890,0.000000000,0.000000000,0.050000000,0.003705006,0.000122301,-0.007608094,0.008463163,0.000254544
37.741667918,TRACKING,,0.001306048,1,-0.003654363,0.000120635,0.042471319,0.000000000,0.000000000,0.050000000,0.003654396,0.000120639,-0.007528665,0.008369585,0.000263042
37.751655620,TRACKING,,0.001258555,1,-0.003612824,0.000119270,0.041950949,0.000000000,0.000000000,0.050000000,0.003612860,0.000119274,-0.008049035,0.008823489,0.000269931
37.761652821,TRACKING,,0.001165945,1,-0.003571463,0.000117912,0.042019854,0.000000000,0.000000000,0.050000000,0.003571500,0.000117916,-0.007980129,0.008743682,0.000277049
37.772787470,TRACKING,,0.002001815,1,-0.003531173,0.000116589,0.042088944,0.000000000,0.000000000,0.050000000,0.003531210,0.000116593,-0.007911039,0.008664155,0.000284142
37.782820290,TRACKING,,0.000100922,1,-0.003483344,0.000115020,0.041575774,0.000000000,0.000000000,0.050000000,0.003483385,0.000115024,-0.008424208,0.009116715,0.000293178
37.792961156,TRACKING,,0.002507611,1,-0.003443905,0.000113723,0.041647413,0.000000000,0.000000000,0.050000000,0.003443947,0.000113727,-0.008352569,0.009035437,0.000299404
37.802925112,TRACKING,,0.002373445,1,-0.003404259,0.000112420,0.041721514,0.000000000,0.000000000,0.050000000,0.003404302,0.000112424,-0.008278468,0.008951812,0.000305819
37.813293942,TRACKING,,0.002418563,1,-0.003366430,0.000111178,0.041177165,0.000000000,0.000000000,0.050000000,0.003366476,0.000111182,-0.008822817,0.009443920,0.000312156
37.823121357,TRACKING,,0.002334263,1,-0.003328803,0.000109943,0.041251555,0.000000000,0.000000000,0.050000000,0.003328851,0.000109947,-0.008748427,0.009360999,0.000319056
37.833131618,TRACKING,,0.002081365,1,-0.003290741,0.000108695,0.041329009,0.000000000,0.000000000,0.050000000,0.003290789,0.000108699,-0.008670973,0.009275067,0.000326467
37.843238051,TRACKING,,0.000178097,1,-0.003246916,0.000107257,0.040815698,0.000000000,0.000000000,0.050000000,0.003246969,0.000107261,-0.009184283,0.009741939,0.000334697
37.854214787,TRACKING,,0.000784816,1,-0.003210857,0.000106071,0.040893089,0.000000000,0.000000000,0.050000000,0.003210910,0.000106075,-0.009106892,0.009656950,0.000340327
37.864213175,TRACKING,,0.000774130,1,-0.003210857,0.000106071,0.040893089,0.000000000,0.000000000,0.050000000,0.003210910,0.000106075,-0.009106892,0.009656950,0.000340327
37.874274491,TRACKING,,0.001784535,1,-0.003174588,0.000104887,0.040974130,0.000000000,0.000000000,0.050000000,0.003174642,0.000104891,-0.009025851,0.009568455,0.000350084
37.884361927,TRACKING,,0.004377634,1,-0.003133580,0.000103547,0.041067886,0.000000000,0.000000000,0.050000000,0.003133635,0.000103552,-0.008932095,0.009466399,0.000360432
37.894407808,TRACKING,,0.001789285,1,-0.003098678,0.000102406,0.040525970,0.000000000,0.000000000,0.050000000,0.003098738,0.000102411,-0.009474010,0.009968427,0.000368875
37.904469123,TRACKING,,0.001702611,1,-0.003063808,0.000101264,0.040608943,0.000000000,0.000000000,0.050000000,0.003063869,0.000101269,-0.009391037,0.009878721,0.000376456
37.914567246,TRACKING,,0.001751291,1,-0.003029383,0.000100137,0.040692978,0.000000000,0.000000000,0.050000000,0.003029444,0.000100142,-0.009307002,0.009788148,0.000384249
37.924601253,TRACKING,,0.001733481,1,-0.002995832,0.000099039,0.040146746,0.000000000,0.000000000,0.050000000,0.002995898,0.000099044,-0.009853234,0.010299098,0.000392016
37.934632885,TRACKING,,0.001646807,1,-0.002962250,0.000097940,0.040232355,0.000000000,0.000000000,0.050000000,0.002962317,0.000097945,-0.009767625,0.010207419,0.000399839
37.944763065,TRACKING,,0.001566070,1,-0.002928916,0.000096851,0.040319564,0.000000000,0.000000000,0.050000000,0.002928983,0.000096856,-0.009680415,0.010114285,0.000408005
37.955039285,TRACKING,,0.000155538,1,-0.002891078,0.000095622,0.039785096,0.000000000,0.000000000,0.050000000,0.002891152,0.000095628,-0.010214883,0.010616579,0.000421338
37.964960497,TRACKING,,0.000298017,1,-0.002858234,0.000094551,0.039875540,0.000000000,0.000000000,0.050000000,0.002858309,0.000094556,-0.010124439,0.010520605,0.000430483
37.974943450,TRACKING,,0.000444056,1,-0.002810987,0.000093012,0.040009837,0.000000000,0.000000000,0.050000000,0.002811064,0.000093017,-0.009990141,0.010378519,0.000444828
37.984985768,TRACKING,,0.000558039,1,-0.002779853,0.000091990,0.039456921,0.000000000,0.000000000,0.050000000,0.002779935,0.000091996,-0.010543058,0.010903787,0.000451107
37.995098139,TRACKING,,0.001647995,1,-0.002744435,0.000090836,0.039563119,0.000000000,0.000000000,0.050000000,0.002744518,0.000090842,-0.010436860,0.010792065,0.000462001
38.005114336,TRACKING,,0.001453275,1,-0.002713500,0.000089825,0.039657858,0.000000000,0.000000000,0.050000000,0.002713584,0.000089831,-0.010342120,0.010692570,0.000470145
38.015314568,TRACKING,,0.001383223,1,-0.002682540,0.000088819,0.039107563,0.000000000,0.000000000,0.050000000,0.002682631,0.000088825,-0.010892414,0.011218248,0.000481034
38.025445935,TRACKING,,0.001386785,1,-0.002652610,0.000087841,0.039203507,0.000000000,0.000000000,0.050000000,0.002652701,0.000087847,-0.010796471,0.011117928,0.000488835
38.035403954,TRACKING,,0.001493644,1,-0.002652610,0.000087841,0.039203507,0.000000000,0.000000000,0.050000000,0.002652701,0.000087847,-0.010796471,0.011117928,0.000488835
38.045424901,TRACKING,,0.001953135,1,-0.002615431,0.000086638,0.039327485,0.000000000,0.000000000,0.050000000,0.002615524,0.000086644,-0.010672492,0.010988656,0.000503872
38.055460095,TRACKING,,0.002030310,1,-0.002580628,0.000085510,0.038792873,0.000000000,0.000000000,0.050000000,0.002580728,0.000085517,-0.011207104,0.011500724,0.000514971
38.065636580,TRACKING,,0.002006564,1,-0.002551887,0.000084576,0.038892229,0.000000000,0.000000000,0.050000000,0.002551987,0.000084582,-0.011107748,0.011397449,0.000523048
38.075651590,TRACKING,,0.002132420,1,-0.002523329,0.000083648,0.038993289,0.000000000,0.000000000,0.050000000,0.002523430,0.000083654,-0.011006687,0.011292558,0.000531436
38.085782958,TRACKING,,0.000104484,1,-0.002489483,0.000082557,0.038460206,0.000000000,0.000000000,0.050000000,0.002489592,0.000082563,-0.011539770,0.011805557,0.000545537
38.095745726,TRACKING,,0.000239838,1,-0.002461617,0.000081652,0.038563597,0.000000000,0.000000000,0.050000000,0.002461727,0.000081658,-0.011436380,0.011698613,0.000554199
38.105846223,TRACKING,,0.000174535,1,-0.002427662,0.000080549,0.038692757,0.000000000,0.000000000,0.050000000,0.002427773,0.000080555,-0.011307220,0.011565197,0.000564854
38.115912288,TRACKING,,0.000208968,1,-0.002400186,0.000079657,0.038139856,0.000000000,0.000000000,0.050000000,0.002400304,0.000079663,-0.011860120,0.012100836,0.000573840
38.125991413,TRACKING,,0.000027308,1,-0.002373454,0.000078789,0.038246379,0.000000000,0.000000000,0.050000000,0.002373573,0.000078795,-0.011753597,0.011991126,0.000582773
38.136046792,TRACKING,,0.000080737,1,-0.002346919,0.000077927,0.038354461,0.000000000,0.000000000,0.050000000,0.002347038,0.000077933,-0.011645515,0.011879928,0.000591749
38.146154413,TRACKING,,0.000066490,1,-0.002314606,0.000076875,0.038488621,0.000000000,0.000000000,0.050000000,0.002314726,0.000076881,-0.011511355,0.011742026,0.000601487
38.156153988,TRACKING,,0.000098547,1,-0.002288424,0.000076023,0.037870488,0.000000000,0.000000000,0.050000000,0.002288552,0.000076030,-0.012129488,0.012343732,0.000610117
38.166249736,TRACKING,,0.000797876,1,-0.002288424,0.000076023,0.037870488,0.000000000,0.000000000,0.050000000,0.002288552,0.000076030,-0.012129488,0.012343732,0.000610117
38.176281368,TRACKING,,0.000565163,1,-0.002258419,0.000075053,0.038001959,0.000000000,0.000000000,0.050000000,0.002258548,0.000075060,-0.011998017,0.012208976,0.000622830
38.186403237,TRACKING,,0.000662522,1,-0.002232554,0.000074214,0.037519483,0.000000000,0.000000000,0.050000000,0.002232691,0.000074221,-0.012480493,0.012678845,0.000632496
38.196440806,TRACKING,,0.000502235,1,-0.002201559,0.000073209,0.037660933,0.000000000,0.000000000,0.050000000,0.002201697,0.000073216,-0.012339043,0.012534146,0.000644275
38.208519371,TRACKING,,0.004743328,1,-0.002176378,0.000072392,0.037778495,0.000000000,0.000000000,0.050000000,0.002176516,0.000072398,-0.012221480,0.012413986,0.000653661
38.218459581,TRACKING,,0.001894957,1,-0.002151559,0.000071581,0.037229552,0.000000000,0.000000000,0.050000000,0.002151706,0.000071588,-0.012770423,0.012950624,0.000660449
38.228509023,TRACKING,,0.001962633,1,-0.002127718,0.000070803,0.037344723,0.000000000,0.000000000,0.050000000,0.002127865,0.000070810,-0.012655252,0.012833091,0.000668028
38.238632079,TRACKING,,0.001719234,1,-0.002091856,0.000069639,0.037523001,0.000000000,0.000000000,0.050000000,0.002092004,0.000069646,-0.012476975,0.012651333,0.000681265
38.248657775,TRACKING,,0.001734669,1,-0.002068695,0.000068884,0.036967261,0.000000000,0.000000000,0.050000000,0.002068851,0.000068891,-0.013032714,0.013196080,0.000688760
38.258764209,TRACKING,,0.001828467,1,-0.002068695,0.000068884,0.036967261,0.000000000,0.000000000,0.050000000,0.002068851,0.000068891,-0.013032714,0.013196080,0.000688760
38.269588968,TRACKING,,0.002261837,1,-0.002040548,0.000067964,0.037113093,0.000000000,0.000000000,0.050000000,0.002040705,0.000067971,-0.012886882,0.013047637,0.000697132
38.279710837,TRACKING,,0.002506424,1,-0.002017624,0.000067218,0.037235128,0.000000000,0.000000000,0.050000000,0.002017780,0.000067226,-0.012764848,0.012923517,0.000705544
38.289890884,TRACKING,,0.002371070,1,-0.001989732,0.000066316,0.036727681,0.000000000,0.000000000,0.050000000,0.001989898,0.000066324,-0.013272294,0.013420800,0.000718024
38.299975946,TRACKING,,0.000034432,1,-0.001967454,0.000065593,0.036851330,0.000000000,0.000000000,0.050000000,0.001967621,0.000065601,-0.013148645,0.013295214,0.000727061
38.309914968,TRACKING,,0.000094986,1,-0.001940342,0.000064715,0.037005351,0.000000000,0.000000000,0.050000000,0.001940509,0.000064723,-0.012994624,0.013138874,0.000738798
38.319991719,TRACKING,,0.000103296,1,-0.001913330,0.000063837,0.036495914,0.000000000,0.000000000,0.050000000,0.001913506,0.000063845,-0.013504061,0.013639107,0.000749408
38.330153956,TRACKING,,0.000156725,1,-0.001887407,0.000062992,0.036649084,0.000000000,0.000000000,0.050000000,0.001887584,0.000063001,-0.013350891,0.013483813,0.000758714
38.340307882,TRACKING,,0.000135354,1,-0.001866322,0.000062308,0.036776789,0.000000000,0.000000000,0.050000000,0.001866499,0.000062317,-0.013223186,0.013354413,0.000767568
38.350278962,TRACKING,,0.000816873,1,-0.001866322,0.000062308,0.036776789,0.000000000,0.000000000,0.050000000,0.001866499,0.000062317,-0.013223186,0.013354413,0.000767568
38.360349776,TRACKING,,0.000547353,1,-0.001841582,0.000061510,0.036265669,0.000000000,0.000000000,0.050000000,0.001841769,0.000061519,-0.013734306,0.013857383,0.000780159
38.370593938,TRACKING,,0.000520045,1,-0.001820581,0.000060828,0.036397480,0.000000000,0.000000000,0.050000000,0.001820768,0.000060837,-0.013602495,0.013723949,0.000788840
38.380423727,TRACKING,,0.000554477,1,-0.001800226,0.000060167,0.036527658,0.000000000,0.000000000,0.050000000,0.001800413,0.000060177,-0.013472317,0.013592220,0.000797352
38.390498103,TRACKING,,0.000382316,1,-0.001780315,0.000059520,0.035994296,0.000000000,0.000000000,0.050000000,0.001780511,0.000059530,-0.014005679,0.014118528,0.000805361
38.400635407,TRACKING,,0.000403687,1,-0.001760215,0.000058866,0.036126939,0.000000000,0.000000000,0.050000000,0.001760411,0.000058876,-0.013873036,0.013984407,0.000813209
38.410842762,TRACKING,,0.000189970,1,-0.001740552,0.000058226,0.036259096,0.000000000,0.000000000,0.050000000,0.001740748,0.000058236,-0.013740879,0.013850825,0.000820795
38.420875582,TRACKING,,0.000851305,1,-0.001720783,0.000057581,0.035734371,0.000000000,0.000000000,0.050000000,0.001720988,0.000057592,-0.014265605,0.014369154,0.000828155
38.430845474,TRACKING,,0.000800251,1,-0.001698203,0.000056850,0.035892397,0.000000000,0.000000000,0.050000000,0.001698409,0.000056860,-0.014107578,0.014209560,0.000838556
38.441010086,TRACKING,,0.000421497,1,-0.001673837,0.000056059,0.036066453,0.000000000,0.000000000,0.050000000,0.001674042,0.000056070,-0.013933522,0.014033838,0.000849290
38.451033407,TRACKING,,0.000111608,1,-0.001654944,0.000055443,0.035546588,0.000000000,0.000000000,0.050000000,0.001655159,0.000055454,-0.014453387,0.014547956,0.000856097
38.461237201,TRACKING,,0.002324765,1,-0.001635876,0.000054820,0.035687259,0.000000000,0.000000000,0.050000000,0.001636091,0.000054832,-0.014312716,0.014406028,0.000862735
38.471259335,TRACKING,,0.002279647,1,-0.001617493,0.000054219,0.035825159,0.000000000,0.000000000,0.050000000,0.001617708,0.000054230,-0.014174816,0.014266931,0.000868720
38.481790828,TRACKING,,0.002568165,1,-0.001599445,0.000053629,0.035310044,0.000000000,0.000000000,0.050000000,0.001599669,0.000053640,-0.014689931,0.014776870,0.000874582
38.492545536,TRACKING,,0.002458931,1,-0.001581419,0.000053040,0.035450387,0.000000000,0.000000000,0.050000000,0.001581643,0.000053052,-0.014549589,0.014635400,0.000881095
38.502055937,TRACKING,,0.000023746,1,-0.001563932,0.000052470,0.035589166,0.000000000,0.000000000,0.050000000,0.001564155,0.000052482,-0.014410810,0.014495543,0.000887781
38.512238358,TRACKING,,0.000096172,1,-0.001542610,0.000051772,0.035112549,0.000000000,0.000000000,0.050000000,0.001542842,0.000051784,-0.014887427,0.014967248,0.000894373
38.522383973,TRACKING,,0.002379381,1,-0.001542610,0.000051772,0.035112549,0.000000000,0.000000000,0.050000000,0.001542842,0.000051784,-0.014887427,0.014967248,0.000894373
38.535439700,TRACKING,,0.002240465,1,-0.001525130,0.000051203,0.035256900,0.000000000,0.000000000,0.050000000,0.001525362,0.000051215,-0.014743076,0.014821863,0.000901466
38.542372438,TRACKING,,0.002211970,1,-0.001508130,0.000050649,0.035399652,0.000000000,0.000000000,0.050000000,0.001508361,0.000050661,-0.014600324,0.014678119,0.000908213
38.552413569,TRACKING,,0.001892582,1,-0.001491590,0.000050102,0.034895678,0.000000000,0.000000000,0.050000000,0.001491830,0.000050115,-0.015104298,0.015177875,0.000910870
38.562528314,TRACKING,,0.001708548,1,-0.001474720,0.000049553,0.035041710,0.000000000,0.000000000,0.050000000,0.001474959,0.000049566,-0.014958267,0.015030892,0.000917669
38.572666805,TRACKING,,0.001290612,1,-0.001457846,0.000049002,0.035190185,0.000000000,0.000000000,0.050000000,0.001458084,0.000049016,-0.014809791,0.014881476,0.000924174
38.582601077,TRACKING,,0.001211063,1,-0.001441480,0.000048477,0.035338650,0.000000000,0.000000000,0.050000000,0.001441718,0.000048490,-0.014661327,0.014732121,0.000934224
38.593004340,TRACKING,,0.000961726,1,-0.001425417,0.000047958,0.034849111,0.000000000,0.000000000,0.050000000,0.001425666,0.000047972,-0.015150865,0.015217869,0.000943313
38.602796135,TRACKING,,0.000888112,1,-0.001409230,0.000047435,0.034999251,0.000000000,0.000000000,0.050000000,0.001409478,0.000047449,-0.015000725,0.015066872,0.000951625
38.612824205,TRACKING,,0.000842995,1,-0.001393526,0.000046925,0.035146903,0.000000000,0.000000000,0.050000000,0.001393774,0.000046939,-0.014853074,0.014918398,0.000959062
38.622974570,TRACKING,,0.000909484,1,-0.001378022,0.000046421,0.034664256,0.000000000,0.000000000,0.050000000,0.001378280,0.000046436,-0.015335721,0.015397602,0.000965960
38.632976519,TRACKING,,0.000800251,1,-0.001362833,0.000045927,0.034810765,0.000000000,0.000000000,0.050000000,0.001363090,0.000045941,-0.015189211,0.015250320,0.000972374
38.643161316,TRACKING,,0.000762257,1,-0.001347606,0.000045431,0.034959931,0.000000000,0.000000000,0.050000000,0.001347862,0.000045446,-0.015040046,0.015100390,0.000978705
38.653178701,TRACKING,,0.000807375,1,-0.001332567,0.000044940,0.034486229,0.000000000,0.000000000,0.050000000,0.001332832,0.000044956,-0.015513748,0.015570962,0.000984569
38.663183025,TRACKING,,0.000719514,1,-0.001317899,0.000044461,0.034633893,0.000000000,0.000000000,0.050000000,0.001318163,0.000044477,-0.015366084,0.015422583,0.000990093
38.673298957,TRACKING,,0.000308702,1,-0.001298935,0.000043846,0.034829461,0.000000000,0.000000000,0.050000000,0.001299199,0.000043862,-0.015170516,0.015226109,0.000999175
38.683527684,TRACKING,,0.000299203,1,-0.001284557,0.000043374,0.034363393,0.000000000,0.000000000,0.050000000,0.001284830,0.000043390,-0.015636585,0.015689342,0.001003359
38.694506795,TRACKING,,0.003892022,1,-0.001270444,0.000042910,0.034511963,0.000000000,0.000000000,0.050000000,0.001270715,0.000042927,-0.015488015,0.015540115,0.001007418
38.704499246,TRACKING,,0.002058806,1,-0.001253905,0.000042365,0.034688077,0.000000000,0.000000000,0.050000000,0.001254175,0.000042381,-0.015311901,0.015363237,0.001010791
38.714641299,TRACKING,,0.001671741,1,-0.001236061,0.000041778,0.034275773,0.000000000,0.000000000,0.050000000,0.001236339,0.000041795,-0.015724205,0.015772790,0.001015512
38.724729923,TRACKING,,0.001586254,1,-0.001222342,0.000041325,0.034427018,0.000000000,0.000000000,0.050000000,0.001222618,0.000041342,-0.015572960,0.015620935,0.001017987
38.734752057,TRACKING,,0.001682427,1,-0.001208877,0.000040888,0.034580669,0.000000000,0.000000000,0.050000000,0.001209152,0.000040905,-0.015419310,0.015466701,0.001024587
38.744852554,TRACKING,,0.001374912,1,-0.001195443,0.000040443,0.034135440,0.000000000,0.000000000,0.050000000,0.001195727,0.000040460,-0.015864539,0.015909588,0.001026678
38.754943552,TRACKING,,0.001522139,1,-0.001182249,0.000040014,0.034290402,0.000000000,0.000000000,0.050000000,0.001182532,0.000040031,-0.015709576,0.015754072,0.001032906
38.764991807,TRACKING,,0.000630465,1,-0.001168020,0.000039550,0.034459315,0.000000000,0.000000000,0.050000000,0.001168301,0.000039567,-0.015540664,0.015584567,0.001038588
38.774991383,TRACKING,,0.000624528,1,-0.001155208,0.000039129,0.034612614,0.000000000,0.000000000,0.050000000,0.001155487,0.000039147,-0.015387365,0.015430738,0.001042284
38.785113251,TRACKING,,0.000654211,1,-0.001155208,0.000039129,0.034612614,0.000000000,0.000000000,0.050000000,0.001155487,0.000039147,-0.015387365,0.015430738,0.001042284
38.795161506,TRACKING,,0.000637589,1,-0.001139440,0.000038615,0.034217290,0.000000000,0.000000000,0.050000000,0.001139728,0.000038633,-0.015782689,0.015823835,0.001048082
38.805310683,TRACKING,,0.000657773,1,-0.001126783,0.000038203,0.034372465,0.000000000,0.000000000,0.050000000,0.001127069,0.000038221,-0.015627514,0.015668151,0.001050929
38.815304322,TRACKING,,0.000594845,1,-0.001114350,0.000037797,0.034527014,0.000000000,0.000000000,0.050000000,0.001114634,0.000037815,-0.015472965,0.015513107,0.001053686
38.825597164,TRACKING,,0.000617404,1,-0.001101858,0.000037390,0.034107197,0.000000000,0.000000000,0.050000000,0.001102151,0.000037408,-0.015892782,0.015930997,0.001056278
38.835436451,TRACKING,,0.000423872,1,-0.001086609,0.000036895,0.034302695,0.000000000,0.000000000,0.050000000,0.001086899,0.000036912,-0.015697285,0.015734913,0.001060667
38.845533386,TRACKING,,0.000321763,1,-0.001074483,0.000036496,0.034459267,0.000000000,0.000000000,0.050000000,0.001074770,0.000036514,-0.015540714,0.015577877,0.001062380
38.855543647,TRACKING,,0.000269521,1,-0.001062567,0.000036104,0.034049176,0.000000000,0.000000000,0.050000000,0.001062862,0.000036122,-0.015950804,0.015986217,0.001063800
38.865590715,TRACKING,,0.000547352,1,-0.001050840,0.000035718,0.034204234,0.000000000,0.000000000,0.050000000,0.001051133,0.000035735,-0.015795747,0.015830722,0.001064968
38.875742266,TRACKING,,0.000018997,1,-0.001039127,0.000035333,0.034361623,0.000000000,0.000000000,0.050000000,0.001039418,0.000035350,-0.015638358,0.015672903,0.001066575
38.885862948,TRACKING,,0.002334264,1,-0.001027239,0.000034940,0.033968864,0.000000000,0.000000000,0.050000000,0.001027537,0.000034958,-0.016031117,0.016064052,0.001067485
38.896109484,TRACKING,,0.002412626,1,-0.001015810,0.000034562,0.034125750,0.000000000,0.000000000,0.050000000,0.001016105,0.000034579,-0.015874231,0.015906755,0.001067981
38.906144679,TRACKING,,0.001931763,1,-0.001004303,0.000034181,0.034286075,0.000000000,0.000000000,0.050000000,0.001004595,0.000034198,-0.015713907,0.015746023,0.001068634
38.916189372,TRACKING,,0.000185221,1,-0.000992302,0.000033781,0.033912784,0.000000000,0.000000000,0.050000000,0.000992601,0.000033798,-0.016087197,0.016117826,0.001067776
38.926194883,TRACKING,,0.000265959,1,-0.000980046,0.000033377,0.034089220,0.000000000,0.000000000,0.050000000,0.000980343,0.000033395,-0.015910762,0.015940970,0.001069404
38.936306066,TRACKING,,0.000138916,1,-0.000969228,0.000033021,0.034247145,0.000000000,0.000000000,0.050000000,0.000969522,0.000033038,-0.015752837,0.015782679,0.001070764
38.946487300,TRACKING,,0.000263584,1,-0.000969228,0.000033021,0.034247145,0.000000000,0.000000000,0.050000000,0.000969522,0.000033038,-0.015752837,0.015782679,0.001070764
38.956422760,TRACKING,,0.001399845,1,-0.000956019,0.000032583,0.033913557,0.000000000,0.000000000,0.050000000,0.000956319,0.000032601,-0.016086425,0.016114859,0.001071357
38.966574312,TRACKING,,0.001456837,1,-0.000944185,0.000032201,0.034094563,0.000000000,0.000000000,0.050000000,0.000944484,0.000032218,-0.015905419,0.015933470,0.001076730
38.976571512,TRACKING,,0.001294174,1,-0.000933644,0.000031846,0.034251964,0.000000000,0.000000000,0.050000000,0.000933939,0.000031863,-0.015748019,0.015775720,0.001074727
38.986693381,TRACKING,,0.001454462,1,-0.000923140,0.000031501,0.033900387,0.000000000,0.000000000,0.050000000,0.000923442,0.000031519,-0.016099595,0.016126088,0.001077276
38.996805751,TRACKING,,0.002195348,1,-0.000908852,0.000031034,0.034125624,0.000000000,0.000000000,0.050000000,0.000909151,0.000031052,-0.015874359,0.015900402,0.001081140
39.009513593,TRACKING,,0.004985540,1,-0.000898790,0.000030697,0.034282996,0.000000000,0.000000000,0.050000000,0.000899086,0.000030714,-0.015716987,0.015742712,0.001079926
39.019741133,TRACKING,,0.002018437,1,-0.000888405,0.000030344,0.033935004,0.000000000,0.000000000,0.050000000,0.000888706,0.000030362,-0.016064980,0.016089571,0.001076205
39.029668282,TRACKING,,0.001342855,1,-0.000877816,0.000029999,0.034109387,0.000000000,0.000000000,0.050000000,0.000878114,0.000030017,-0.015890596,0.015914868,0.001079710
39.039736721,TRACKING,,0.001739418,1,-0.000863753,0.000029532,0.034340769,0.000000000,0.000000000,0.050000000,0.000864048,0.000029550,-0.015659215,0.015683063,0.001080391
39.049730359,TRACKING,,0.001782161,1,-0.000854135,0.000029206,0.034023227,0.000000000,0.000000000,0.050000000,0.000854435,0.000029224,-0.015976757,0.015999615,0.001077385
39.059906845,TRACKING,,0.001647995,1,-0.000844637,0.000028885,0.034180755,0.000000000,0.000000000,0.050000000,0.000844933,0.000028903,-0.015819230,0.015841805,0.001074737
39.069864863,TRACKING,,0.001655119,1,-0.000835197,0.000028565,0.034339275,0.000000000,0.000000000,0.050000000,0.000835489,0.000028583,-0.015660709,0.015683006,0.001072125
39.080011666,TRACKING,,0.001596940,1,-0.000825888,0.000028258,0.034032426,0.000000000,0.000000000,0.050000000,0.000826186,0.000028276,-0.015967558,0.015988943,0.001073502
39.090015990,TRACKING,,0.001541137,1,-0.000816658,0.000027944,0.034190485,0.000000000,0.000000000,0.050000000,0.000816953,0.000027963,-0.015809500,0.015830618,0.001070243
39.101509208,TRACKING,,0.000357382,1,-0.000807639,0.000027646,0.034351184,0.000000000,0.000000000,0.050000000,0.000807931,0.000027664,-0.015648801,0.015669667,0.001071267
39.111495723,TRACKING,,0.002540856,1,-0.000798654,0.000027344,0.034509999,0.000000000,0.000000000,0.050000000,0.000798942,0.000027361,-0.015489986,0.015510600,0.001069325
39.121641338,TRACKING,,0.002302206,1,-0.000789366,0.000027030,0.034222879,0.000000000,0.000000000,0.050000000,0.000789659,0.000027048,-0.015777106,0.015796879,0.001066793
39.131699091,TRACKING,,0.000688643,1,-0.000779065,0.000026680,0.034407699,0.000000000,0.000000000,0.050000000,0.000779354,0.000026698,-0.015592287,0.015611775,0.001063117
39.141710539,TRACKING,,0.000618592,1,-0.000770326,0.000026386,0.034568027,0.000000000,0.000000000,0.050000000,0.000770611,0.000026404,-0.015431958,0.015451210,0.001061538
39.151865653,TRACKING,,0.000359757,1,-0.000761512,0.000026091,0.034296397,0.000000000,0.000000000,0.050000000,0.000761802,0.000026110,-0.015703589,0.015722078,0.001060338
39.161848605,TRACKING,,0.000224403,1,-0.000753029,0.000025804,0.034454075,0.000000000,0.000000000,0.050000000,0.000753315,0.000025822,-0.015545911,0.015564173,0.001057402
39.171906359,TRACKING,,0.000180472,1,-0.000744386,0.000025510,0.034616109,0.000000000,0.000000000,0.050000000,0.000744668,0.000025528,-0.015383878,0.015401911,0.001054028
39.182023478,TRACKING,,0.000173348,1,-0.000736097,0.000025226,0.034354812,0.000000000,0.000000000,0.050000000,0.000736383,0.000025245,-0.015645175,0.015662516,0.001050215
39.192015929,TRACKING,,0.000146040,1,-0.000727823,0.000024944,0.034512827,0.000000000,0.000000000,0.050000000,0.000728105,0.000024962,-0.015487160,0.015504286,0.001046462
39.202447687,TRACKING,,0.000244587,1,-0.000719590,0.000024663,0.034671495,0.000000000,0.000000000,0.050000000,0.000719868,0.000024681,-0.015328492,0.015345406,0.001042468
39.212471009,TRACKING,,0.000109233,1,-0.000711332,0.000024381,0.034433080,0.000000000,0.000000000,0.050000000,0.000711613,0.000024399,-0.015566907,0.015583183,0.001038427
39.225411565,TRACKING,,0.003178445,1,-0.000711332,0.000024381,0.034433080,0.000000000,0.000000000,0.050000000,0.000711613,0.000024399,-0.015566907,0.015583183,0.001038427
39.235526310,TRACKING,,0.001965008,1,-0.000700567,0.000024004,0.034640706,0.000000000,0.000000000,0.050000000,0.000700842,0.000024022,-0.015359281,0.015375281,0.001029015
39.245617308,TRACKING,,0.002114610,1,-0.000692690,0.000023739,0.034797498,0.000000000,0.000000000,0.050000000,0.000692962,0.000023757,-0.015202490,0.015218293,0.001024469
39.255724929,TRACKING,,0.001922265,1,-0.000683153,0.000023422,0.034611296,0.000000000,0.000000000,0.050000000,0.000683426,0.000023439,-0.015388692,0.015403878,0.001020699
39.265705507,TRACKING,,0.001902080,1,-0.000675270,0.000023156,0.034771096,0.000000000,0.000000000,0.050000000,0.000675539,0.000023173,-0.015228892,0.015243885,0.001015818
39.275828563,TRACKING,,0.001856962,1,-0.000667663,0.000022898,0.034926636,0.000000000,0.000000000,0.050000000,0.000667928,0.000022915,-0.015073352,0.015088160,0.001010845
39.286120217,TRACKING,,0.004477368,1,-0.000660142,0.000022646,0.034711850,0.000000000,0.000000000,0.050000000,0.000660410,0.000022662,-0.015288138,0.015302412,0.001006787
39.296167285,TRACKING,,0.001487707,1,-0.000652353,0.000022383,0.034874505,0.000000000,0.000000000,0.050000000,0.000652617,0.000022399,-0.015125484,0.015139573,0.001001968
39.306235724,TRACKING,,0.001303673,1,-0.000644866,0.000022135,0.035036085,0.000000000,0.000000000,0.050000000,0.000645127,0.000022151,-0.014963904,0.014977820,0.001000203
39.316245985,TRACKING,,0.001515015,1,-0.000637641,0.000021893,0.034862654,0.000000000,0.000000000,0.050000000,0.000637904,0.000021909,-0.015137335,0.015150785,0.000997161
39.327580103,TRACKING,,0.002720140,1,-0.000628725,0.000021592,0.035055906,0.000000000,0.000000000,0.050000000,0.000628983,0.000021608,-0.014944083,0.014957330,0.000992628
39.337533373,TRACKING,,0.000156726,1,-0.000621569,0.000021357,0.035216125,0.000000000,0.000000000,0.050000000,0.000621824,0.000021373,-0.014783864,0.014796951,0.000991591
39.347739541,TRACKING,,0.002540856,1,-0.000612684,0.000021047,0.035087052,0.000000000,0.000000000,0.050000000,0.000612939,0.000021062,-0.014912937,0.014925543,0.000982165
39.358168924,TRACKING,,0.002272523,1,-0.000605402,0.000020793,0.035244777,0.000000000,0.000000000,0.050000000,0.000605653,0.000020808,-0.014755213,0.014767652,0.000974423
39.367745815,TRACKING,,0.002032685,1,-0.000598390,0.000020547,0.035397704,0.000000000,0.000000000,0.050000000,0.000598636,0.000020562,-0.014602286,0.014614566,0.000966598
39.377894992,TRACKING,,0.000336010,1,-0.000590191,0.000020258,0.035576758,0.000000000,0.000000000,0.050000000,0.000590431,0.000020273,-0.014423232,0.014435326,0.000956247
39.388025171,TRACKING,,0.000021372,1,-0.000590191,0.000020258,0.035576758,0.000000000,0.000000000,0.050000000,0.000590431,0.000020273,-0.014423232,0.014435326,0.000956247
39.398033058,TRACKING,,0.000054617,1,-0.000582958,0.000019997,0.035418521,0.000000000,0.000000000,0.050000000,0.000583198,0.000020012,-0.014581469,0.014593141,0.000944369
39.408696342,TRACKING,,0.002382943,1,-0.000574631,0.000019709,0.035607342,0.000000000,0.000000000,0.050000000,0.000574866,0.000019724,-0.014392648,0.014404138,0.000936544
39.418339722,TRACKING,,0.002350885,1,-0.000567854,0.000019472,0.035502838,0.000000000,0.000000000,0.050000000,0.000568088,0.000019486,-0.014497152,0.014508292,0.000928499
39.428273995,TRACKING,,0.000680332,1,-0.000560319,0.000019218,0.035680905,0.000000000,0.000000000,0.050000000,0.000560550,0.000019231,-0.014319086,0.014330067,0.000924172
39.438442169,TRACKING,,0.000829934,1,-0.000553800,0.000018989,0.035830852,0.000000000,0.000000000,0.050000000,0.000554026,0.000019003,-0.014169139,0.014179979,0.000916455
39.448486862,TRACKING,,0.000698142,1,-0.000547364,0.000018763,0.035979718,0.000000000,0.000000000,0.050000000,0.000547585,0.000018776,-0.014020274,0.014030976,0.000908541
39.458574298,TRACKING,,0.000352633,1,-0.000540882,0.000018534,0.035878434,0.000000000,0.000000000,0.050000000,0.000541104,0.000018547,-0.014121557,0.014131933,0.000900029
39.468531130,TRACKING,,0.000243400,1,-0.000534297,0.000018303,0.036033061,0.000000000,0.000000000,0.050000000,0.000534514,0.000018316,-0.013966931,0.013977167,0.000891758
39.478613817,TRACKING,,0.000214904,1,-0.000527983,0.000018077,0.036179690,0.000000000,0.000000000,0.050000000,0.000528195,0.000018090,-0.013820302,0.013830404,0.000881832
39.491487884,TRACKING,,0.002468430,1,-0.000521713,0.000017852,0.036097736,0.000000000,0.000000000,0.050000000,0.000521924,0.000017864,-0.013902256,0.013912061,0.000871584
39.501589568,TRACKING,,0.002317641,1,-0.000515092,0.000017609,0.036249914,0.000000000,0.000000000,0.050000000,0.000515298,0.000017622,-0.013750078,0.013759742,0.000858306
39.511517904,TRACKING,,0.002126483,1,-0.000508865,0.000017385,0.036396805,0.000000000,0.000000000,0.050000000,0.000509066,0.000017397,-0.013603187,0.013612720,0.000847531
39.521681329,TRACKING,,0.002014876,1,-0.000502727,0.000017163,0.036338525,0.000000000,0.000000000,0.050000000,0.000502926,0.000017175,-0.013661467,0.013670732,0.000836417
39.531802010,TRACKING,,0.002055244,1,-0.000496649,0.000016942,0.036482948,0.000000000,0.000000000,0.050000000,0.000496843,0.000016954,-0.013517045,0.013526183,0.000825048
39.541883510,TRACKING,,0.001575568,1,-0.000490551,0.000016712,0.036622847,0.000000000,0.000000000,0.050000000,0.000490740,0.000016724,-0.013377146,0.013386155,0.000809570
39.551829656,TRACKING,,0.001490081,1,-0.000484378,0.000016489,0.036586470,0.000000000,0.000000000,0.050000000,0.000484564,0.000016500,-0.013413524,0.013422283,0.000797843
39.561883847,TRACKING,,0.001560133,1,-0.000478639,0.000016287,0.036730534,0.000000000,0.000000000,0.050000000,0.000478821,0.000016299,-0.013269459,0.013278105,0.000789963
39.572114949,TRACKING,,0.004343202,1,-0.000471633,0.000016039,0.036905885,0.000000000,0.000000000,0.050000000,0.000471810,0.000016050,-0.013094108,0.013102616,0.000779110
39.582177452,TRACKING,,0.000116357,1,-0.000465023,0.000015798,0.036922116,0.000000000,0.000000000,0.050000000,0.000465198,0.000015809,-0.013077878,0.013086158,0.000765991
39.592184150,TRACKING,,0.005194507,1,-0.000465023,0.000015798,0.036922116,0.000000000,0.000000000,0.050000000,0.000465198,0.000015809,-0.013077878,0.013086158,0.000765991
39.602247840,TRACKING,,0.001568444,1,-0.000457427,0.000015521,0.037108562,0.000000000,0.000000000,0.050000000,0.000457596,0.000015531,-0.012891432,0.012899560,0.000749684
39.612267600,TRACKING,,0.001625436,1,-0.000451730,0.000015309,0.037247430,0.000000000,0.000000000,0.050000000,0.000451894,0.000015319,-0.012752564,0.012760577,0.000736149
39.622414402,TRACKING,,0.001628997,1,-0.000446180,0.000015103,0.037256795,0.000000000,0.000000000,0.050000000,0.000446340,0.000015113,-0.012743199,0.012751022,0.000722762
39.632399729,TRACKING,,0.001450900,1,-0.000440669,0.000014899,0.037392370,0.000000000,0.000000000,0.050000000,0.000440825,0.000014908,-0.012607624,0.012615337,0.000709327
39.642533471,TRACKING,,0.001519764,1,-0.000435242,0.000014705,0.037532365,0.000000000,0.000000000,0.050000000,0.000435394,0.000014714,-0.012467630,0.012475239,0.000699547
39.652530671,TRACKING,,0.001354728,1,-0.000429955,0.000014514,0.037567884,0.000000000,0.000000000,0.050000000,0.000430104,0.000014524,-0.012432110,0.012439557,0.000689284
39.662662038,TRACKING,,0.001357102,1,-0.000424573,0.000014319,0.037705822,0.000000000,0.000000000,0.050000000,0.000424718,0.000014328,-0.012294173,0.012301515,0.000678033
39.672753037,TRACKING,,0.000959351,1,-0.000419287,0.000014125,0.037840737,0.000000000,0.000000000,0.050000000,0.000419428,0.000014134,-0.012159258,0.012166498,0.000666113
39.682734802,TRACKING,,0.001671741,1,-0.000413004,0.000013895,0.038001943,0.000000000,0.000000000,0.050000000,0.000413140,0.000013904,-0.011998052,0.012005171,0.000651785
39.692866169,TRACKING,,0.001235996,1,-0.000407606,0.000013689,0.038063482,0.000000000,0.000000000,0.050000000,0.000407738,0.000013698,-0.011936513,0.011943483,0.000635438
39.702998723,TRACKING,,0.001120826,1,-0.000402280,0.000013492,0.038199471,0.000000000,0.000000000,0.050000000,0.000402408,0.000013500,-0.011800524,0.011807391,0.000621900
39.712887878,TRACKING,,0.001068584,1,-0.000397027,0.000013296,0.038332927,0.000000000,0.000000000,0.050000000,0.000397150,0.000013303,-0.011667069,0.011673834,0.000607677
39.723773191,TRACKING,,0.002411439,1,-0.000397027,0.000013296,0.038332927,0.000000000,0.000000000,0.050000000,0.000397150,0.000013303,-0.011667069,0.011673834,0.000607677
39.733585170,TRACKING,,0.002334263,1,-0.000384812,0.000012830,0.038594779,0.000000000,0.000000000,0.050000000,0.000384926,0.000012837,-0.011405217,0.011411718,0.000570087
39.743585932,TRACKING,,0.001063835,1,-0.000379148,0.000012612,0.038735357,0.000000000,0.000000000,0.050000000,0.000379256,0.000012619,-0.011264640,0.011271029,0.000551233
39.753572447,TRACKING,,0.001195627,1,-0.000374211,0.000012424,0.038845942,0.000000000,0.000000000,0.050000000,0.000374315,0.000012431,-0.011154054,0.011160340,0.000535967
39.763676505,TRACKING,,0.000965288,1,-0.000369262,0.000012236,0.038971005,0.000000000,0.000000000,0.050000000,0.000369362,0.000012242,-0.011028992,0.011035182,0.000520075
39.773828057,TRACKING,,0.000763444,1,-0.000364292,0.000012045,0.039096002,0.000000000,0.000000000,0.050000000,0.000364388,0.000012051,-0.010903995,0.010910088,0.000503426
39.783890560,TRACKING,,0.000682707,1,-0.000359369,0.000011887,0.039219190,0.000000000,0.000000000,0.050000000,0.000359462,0.000011866,-0.010780807,0.010786805,0.004225935
39.793919817,TRACKING,,0.000600782,1,-0.000354488,0.000011702,0.039340870,0.000000000,0.000000000,0.050000000,0.000354576,0.000011681,-0.010659127,0.010665029,0.004222378
39.803968072,TRACKING,,0.000715951,1,-0.000349737,0.000011521,0.039459062,0.000000000,0.000000000,0.050000000,0.000349821,0.000011500,-0.010540936,0.010546745,0.004217460
39.814132684,TRACKING,,0.000714764,1,-0.000345004,0.000011403,0.039576625,0.000000000,0.000000000,0.050000000,0.000345085,0.000011319,-0.010423372,0.010429089,0.014590938
39.824096640,TRACKING,,0.000580597,1,-0.000340301,0.000011221,0.039693409,0.000000000,0.000000000,0.050000000,0.000340378,0.000011139,-0.010306588,0.010312213,0.014580490
39.834435787,TRACKING,,0.003280554,1,-0.000340301,0.000011221,0.039693409,0.000000000,0.000000000,0.050000000,0.000340378,0.000011139,-0.010306588,0.010312213,0.014580490
39.844451985,TRACKING,,0.001665804,1,-0.000334977,0.000011015,0.039824377,0.000000000,0.000000000,0.050000000,0.000335050,0.000010933,-0.010175621,0.010181142,0.014562864
39.854522799,TRACKING,,0.000980723,1,-0.000330181,0.000010931,0.039940904,0.000000000,0.000000000,0.050000000,0.000330252,0.000010747,-0.010059094,0.010064520,0.032564468
39.864635169,TRACKING,,0.000702892,1,-0.000325360,0.000010746,0.040062655,0.000000000,0.000000000,0.050000000,0.000325427,0.000010564,-0.009937343,0.009942676,0.032535516
39.874729729,TRACKING,,0.000102110,1,-0.000320658,0.000010560,0.040176473,0.000000000,0.000000000,0.050000000,0.000320721,0.000010380,-0.009823525,0.009828764,0.032499769
39.884842099,TRACKING,,0.000022559,1,-0.000315893,0.000010513,0.040294909,0.000000000,0.000000000,0.050000000,0.000315957,0.000010199,-0.009705090,0.009710237,0.057371521
39.894908163,TRACKING,,0.000458304,1,-0.000311436,0.000010338,0.040405018,0.000000000,0.000000000,0.050000000,0.000311495,0.000010028,-0.009594980,0.009600040,0.057312097
39.905472901,TRACKING,,0.000660147,1,-0.000306214,0.000010136,0.040536175,0.000000000,0.000000000,0.050000000,0.000306269,0.000009832,-0.009463824,0.009468783,0.057215796
39.916159931,TRACKING,,0.001241933,1,-0.000301775,0.000009964,0.040646481,0.000000000,0.000000000,0.050000000,0.000301826,0.000009664,-0.009353518,0.009358391,0.057115404
39.926191564,TRACKING,,0.003862339,1,-0.000297516,0.000009964,0.040752440,0.000000000,0.000000000,0.050000000,0.000297569,0.000009505,-0.009247559,0.009252350,0.088646519
39.936254066,TRACKING,,0.001490082,1,-0.000292326,0.000009758,0.040879148,0.000000000,0.000000000,0.050000000,0.000292375,0.000009307,-0.009120851,0.009125541,0.088487677
39.946248892,TRACKING,,0.001378474,1,-0.000288067,0.000009595,0.040986157,0.000000000,0.000000000,0.050000000,0.000288112,0.000009151,-0.009013843,0.009018450,0.088318793
39.956405193,TRACKING,,0.001257368,1,-0.000283929,0.000009625,0.041089245,0.000000000,0.000000000,0.050000000,0.000283976,0.000008998,-0.008910755,0.008915283,0.126429280
39.966452260,TRACKING,,0.001182567,1,-0.000279760,0.000009462,0.041192801,0.000000000,0.000000000,0.050000000,0.000279804,0.000008846,-0.008807198,0.008811646,0.126207755
39.978868023,TRACKING,,0.000941541,1,-0.000275711,0.000009305,0.041292920,0.000000000,0.000000000,0.050000000,0.000275752,0.000008699,-0.008707079,0.008711449,0.125958570
39.988850976,TRACKING,,0.000941542,1,-0.000271598,0.000009356,0.041392348,0.000000000,0.000000000,0.050000000,0.000271642,0.000008547,-0.008607651,0.008611941,0.170357998
39.998936037,TRACKING,,0.001937699,1,-0.000267616,0.000009200,0.041490464,0.000000000,0.000000000,0.050000000,0.000267657,0.000008405,-0.008509536,0.008513748,0.170042482
40.009226504,TRACKING,,0.001935325,1,-0.000263027,0.000009019,0.041601457,0.000000000,0.000000000,0.050000000,0.000263064,0.000008239,-0.008398542,0.008402665,0.169635842
40.019126345,TRACKING,,0.001789285,1,-0.000259017,0.000009092,0.041697970,0.000000000,0.000000000,0.050000000,0.000259058,0.000008095,-0.008302030,0.008306075,0.220161017
40.029187660,TRACKING,,0.001642058,1,-0.000255102,0.000008937,0.041792349,0.000000000,0.000000000,0.050000000,0.000255139,0.000007957,-0.008207651,0.008211620,0.219718949
40.039263223,TRACKING,,0.001788098,1,-0.000251265,0.000008787,0.041884868,0.000000000,0.000000000,0.050000000,0.000251299,0.000007824,-0.008115131,0.008119025,0.219229911
40.049230741,TRACKING,,0.001694299,1,-0.000247408,0.000008879,0.041974357,0.000000000,0.000000000,0.050000000,0.000247447,0.000007686,-0.008025643,0.008029460,0.275768174
40.059326488,TRACKING,,0.001130325,1,-0.000243581,0.000008731,0.042068082,0.000000000,0.000000000,0.050000000,0.000243616,0.000007559,-0.007931918,0.007935662,0.275154449
40.069447169,TRACKING,,0.001053149,1,-0.000239825,0.000008594,0.042162929,0.000000000,0.000000000,0.050000000,0.000239857,0.000007443,-0.007837072,0.007840745,0.274449370
40.082505270,TRACKING,,0.004026188,1,-0.000236203,0.000008463,0.042254078,0.000000000,0.000000000,0.050000000,0.000236232,0.000007332,-0.007745923,0.007749528,0.273706480
40.092495346,TRACKING,,0.001941261,1,-0.000231863,0.000008553,0.042358133,0.000000000,0.000000000,0.050000000,0.000231898,0.000007192,-0.007641867,0.007645389,0.335719428
40.102521042,TRACKING,,0.001751291,1,-0.000228231,0.000008417,0.042447653,0.000000000,0.000000000,0.050000000,0.000228262,0.000007080,-0.007552348,0.007555800,0.334855419
40.112664282,TRACKING,,0.001728732,1,-0.000224717,0.000008287,0.042534031,0.000000000,0.000000000,0.050000000,0.000224745,0.000006974,-0.007465970,0.007469355,0.333945839
40.122745782,TRACKING,,0.001752479,1,-0.000221255,0.000008426,0.042618976,0.000000000,0.000000000,0.050000000,0.000221290,0.000006871,-0.007381025,0.007384344,0.401699343
40.132816596,TRACKING,,0.001680052,1,-0.000217870,0.000008300,0.042702493,0.000000000,0.000000000,0.050000000,0.000217902,0.000006773,-0.007297508,0.007300763,0.400671406
40.142888597,TRACKING,,0.001647994,1,-0.000214429,0.000008175,0.042787517,0.000000000,0.000000000,0.050000000,0.000214458,0.000006676,-0.007212484,0.007215675,0.399534860
40.152998592,TRACKING,,0.001524514,1,-0.000211116,0.000008330,0.042869128,0.000000000,0.000000000,0.050000000,0.000211153,0.000006585,-0.007130872,0.007134001,0.472646786
40.162975608,TRACKING,,0.001526888,1,-0.000207811,0.000008210,0.042950944,0.000000000,0.000000000,0.050000000,0.000207845,0.000006496,-0.007049057,0.007052123,0.471378460
40.173146157,TRACKING,,0.001393909,1,-0.000204630,0.000008104,0.043033195,0.000000000,0.000000000,0.050000000,0.000204662,0.000006422,-0.006966806,0.006969814,0.469980220
40.183287022,TRACKING,,0.001118452,1,-0.000201404,0.000008279,0.043115766,0.000000000,0.000000000,0.050000000,0.000201444,0.000006348,-0.006884235,0.006887184,0.548236651
40.193292534,TRACKING,,0.003434905,1,-0.000198172,0.000008170,0.043198279,0.000000000,0.000000000,0.050000000,0.000198210,0.000006275,-0.006801722,0.006804612,0.546620618
40.203276673,TRACKING,,0.001683614,1,-0.000194437,0.000008029,0.043287118,0.000000000,0.000000000,0.050000000,0.000194471,0.000006176,-0.006712883,0.006715702,0.544784061
40.213417539,TRACKING,,0.001610001,1,-0.000191354,0.000008207,0.043363449,0.000000000,0.000000000,0.050000000,0.000191397,0.000006105,-0.006636552,0.006639314,0.628018025
40.223402866,TRACKING,,0.001086394,1,-0.000188251,0.000008109,0.043443877,0.000000000,0.000000000,0.050000000,0.000188292,0.000006047,-0.006556124,0.006558830,0.626054351
40.233540170,TRACKING,,0.001086394,1,-0.000185240,0.000008014,0.043521085,0.000000000,0.000000000,0.050000000,0.000185279,0.000005991,-0.006478916,0.006481567,0.624043269
40.243538557,TRACKING,,0.000980723,1,-0.000182293,0.000007921,0.043596311,0.000000000,0.000000000,0.050000000,0.000182329,0.000005937,-0.006403690,0.006406288,0.621966668
40.253680610,TRACKING,,0.000892862,1,-0.000179333,0.000008110,0.043671251,0.000000000,0.000000000,0.050000000,0.000179380,0.000005883,-0.006328750,0.006331294,0.709939355
40.263663562,TRACKING,,0.000866741,1,-0.000176444,0.000008016,0.043744525,0.000000000,0.000000000,0.050000000,0.000176488,0.000005832,-0.006255476,0.006257968,0.707670199
40.273828174,TRACKING,,0.000687456,1,-0.000173588,0.000007920,0.043816959,0.000000000,0.000000000,0.050000000,0.000173629,0.000005778,-0.006183042,0.006185482,0.705296369
40.283872867,TRACKING,,0.000642338,1,-0.000170737,0.000008109,0.043888850,0.000000000,0.000000000,0.050000000,0.000170789,0.000005726,-0.006111151,0.006113540,0.797879689
40.294058851,TRACKING,,0.000020184,1,-0.000170737,0.000008109,0.043888850,0.000000000,0.000000000,0.050000000,0.000170789,0.000005726,-0.006111151,0.006113540,0.797879689
40.303970564,TRACKING,,0.000078363,1,-0.000165083,0.000007920,0.044032185,0.000000000,0.000000000,0.050000000,0.000165131,0.000005631,-0.005967816,0.005970103,0.792485085
40.313965390,TRACKING,,0.000235089,1,-0.000165083,0.000007920,0.044032185,0.000000000,0.000000000,0.050000000,0.000165131,0.000005631,-0.005967816,0.005970103,0.792485085
40.324204803,TRACKING,,0.000159100,1,-0.000161768,0.000008097,0.044116738,0.000000000,0.000000000,0.050000000,0.000161827,0.000005582,-0.005883263,0.005885491,0.888758485
40.335455808,TRACKING,,0.001292988,1,-0.000159102,0.000008007,0.044184484,0.000000000,0.000000000,0.050000000,0.000159159,0.000005542,-0.005815517,0.005817697,0.885837615
40.345439948,TRACKING,,0.001206313,1,-0.000156496,0.000007924,0.044251344,0.000000000,0.000000000,0.050000000,0.000156551,0.000005507,-0.005748657,0.005750791,0.882795798
40.355485828,TRACKING,,0.001113702,1,-0.000153912,0.000008128,0.044318425,0.000000000,0.000000000,0.050000000,0.000153979,0.000005479,-0.005681577,0.005683665,0.984103668
40.365640942,TRACKING,,0.000971224,1,-0.000151377,0.000008049,0.044384450,0.000000000,0.000000000,0.050000000,0.000151442,0.000005452,-0.005615551,0.005617595,0.980799174
40.375721254,TRACKING,,0.000904734,1,-0.000148845,0.000007972,0.044450287,0.000000000,0.000000000,0.050000000,0.000148909,0.000005427,-0.005549715,0.005551715,0.977332943
40.385758823,TRACKING,,0.000822810,1,-0.000146383,0.000007899,0.044514457,0.000000000,0.000000000,0.050000000,0.000146444,0.000005405,-0.005485545,0.005487502,0.973794049
40.395818951,TRACKING,,0.000182847,1,-0.000143920,0.000008111,0.044578227,0.000000000,0.000000000,0.050000000,0.000143995,0.000005384,-0.005421775,0.005423689,1.083406332
40.405944382,TRACKING,,0.000093797,1,-0.000141386,0.000008032,0.044644222,0.000000000,0.000000000,0.050000000,0.000141459,0.000005362,-0.005355780,0.005357650,1.079447662
40.418580985,TRACKING,,0.000055803,1,-0.000138987,0.000007957,0.044706236,0.000000000,0.000000000,0.050000000,0.000139059,0.000005342,-0.005293766,0.005295594,1.075550678
40.428430958,TRACKING,,0.000074801,1,-0.000134276,0.000008059,0.044825710,0.000000000,0.000000000,0.050000000,0.000134359,0.000005296,-0.005174291,0.005176038,1.176242642
40.438563512,TRACKING,,0.000281394,1,-0.000134276,0.000008059,0.044825710,0.000000000,0.000000000,0.050000000,0.000134359,0.000005296,-0.005174291,0.005176038,1.176242642
40.448647387,TRACKING,,0.000255273,1,-0.000131538,0.000007983,0.044898785,0.000000000,0.000000000,0.050000000,0.000131618,0.000005289,-0.005101217,0.005102917,1.170987859
40.458613717,TRACKING,,0.000426246,1,-0.000129231,0.000008169,0.044956532,0.000000000,0.000000000,0.050000000,0.000129325,0.000005266,-0.005043469,0.005045130,1.284055621
40.468791389,TRACKING,,0.002272523,1,-0.000126468,0.000008099,0.045032006,0.000000000,0.000000000,0.050000000,0.000126561,0.000005272,-0.004967995,0.004969610,1.278112471
40.479326444,TRACKING,,0.000029683,1,-0.000123814,0.000008022,0.045102099,0.000000000,0.000000000,0.050000000,0.000123905,0.000005267,-0.004897902,0.004899472,1.272297275
40.489266653,TRACKING,,0.000144853,1,-0.000121675,0.000008224,0.045159060,0.000000000,0.000000000,0.050000000,0.000121781,0.000005269,-0.004840941,0.004842476,1.388547971
40.499310158,TRACKING,,0.000018997,1,-0.000119603,0.000008169,0.045214839,0.000000000,0.000000000,0.050000000,0.000119708,0.000005274,-0.004785162,0.004786662,1.383492885
40.509432027,TRACKING,,0.000353820,1,-0.000117104,0.000008102,0.045281737,0.000000000,0.000000000,0.050000000,0.000117207,0.000005281,-0.004718264,0.004719723,1.377163170
40.519397169,TRACKING,,0.000375192,1,-0.000115076,0.000008319,0.045336216,0.000000000,0.000000000,0.050000000,0.000115197,0.000005291,-0.004663786,0.004665211,1.504340185
40.529483418,TRACKING,,0.000517670,1,-0.000113113,0.000008270,0.045389477,0.000000000,0.000000000,0.050000000,0.000113233,0.000005304,-0.004610525,0.004611918,1.498836758
40.539550670,TRACKING,,0.000688643,1,-0.000113113,0.000008270,0.045389477,0.000000000,0.000000000,0.050000000,0.000113233,0.000005304,-0.004610525,0.004611918,1.498836758
40.551517628,TRACKING,,0.001074521,1,-0.000110770,0.000008225,0.045455122,0.000000000,0.000000000,0.050000000,0.000110888,0.000005335,-0.004544879,0.004546235,1.491736312
40.561505329,TRACKING,,0.000933230,1,-0.000108600,0.000008407,0.045514151,0.000000000,0.000000000,0.050000000,0.000108735,0.000005355,-0.004485851,0.004487172,1.606175108
40.571675878,TRACKING,,0.000815686,1,-0.000106690,0.000008363,0.045567124,0.000000000,0.000000000,0.050000000,0.000106824,0.000005376,-0.004432877,0.004434168,1.599978526
40.581655268,TRACKING,,0.001553010,1,-0.000104534,0.000008319,0.045627529,0.000000000,0.000000000,0.050000000,0.000104667,0.000005406,-0.004372472,0.004373728,1.592618626
40.591798508,TRACKING,,0.001544698,1,-0.000102681,0.000008519,0.045679143,0.000000000,0.000000000,0.050000000,0.000102833,0.000005433,-0.004320859,0.004322086,1.718122818
40.601783836,TRACKING,,0.001482957,1,-0.000100854,0.000008462,0.045728020,0.000000000,0.000000000,0.050000000,0.000101004,0.000005442,-0.004271982,0.004273179,1.711748939
40.611828528,TRACKING,,0.001387972,1,-0.000099108,0.000008429,0.045777394,0.000000000,0.000000000,0.050000000,0.000099257,0.000005472,-0.004222607,0.004223777,1.705029708
40.623527153,TRACKING,,0.001411719,1,-0.000096922,0.000008617,0.045838938,0.000000000,0.000000000,0.050000000,0.000097089,0.000005511,-0.004161064,0.004162200,1.831602042
40.632072265,TRACKING,,0.001467523,1,-0.000095152,0.000008562,0.045886598,0.000000000,0.000000000,0.050000000,0.000095318,0.000005524,-0.004113403,0.004114511,1.824630474
40.642119333,TRACKING,,0.001006844,1,-0.000093451,0.000008537,0.045935781,0.000000000,0.000000000,0.050000000,0.000093617,0.000005565,-0.004064220,0.004065302,1.817135110
40.652207956,TRACKING,,0.000946291,1,-0.000091760,0.000008724,0.045982939,0.000000000,0.000000000,0.050000000,0.000091946,0.000005595,-0.004017062,0.004018118,1.948288059
40.662303704,TRACKING,,0.000989034,1,-0.000090126,0.000008689,0.046029152,0.000000000,0.000000000,0.050000000,0.000090311,0.000005628,-0.003970849,0.003971880,1.940740602
40.672324651,TRACKING,,0.000839432,1,-0.000088448,0.000008637,0.046074427,0.000000000,0.000000000,0.050000000,0.000088631,0.000005644,-0.003925574,0.003926579,1.933124148
40.682414461,TRACKING,,0.000727825,1,-0.000086820,0.000008825,0.046120217,0.000000000,0.000000000,0.050000000,0.000087025,0.000005681,-0.003879785,0.003880765,2.068461081
40.692602820,TRACKING,,0.000672021,1,-0.000085254,0.000008794,0.046165046,0.000000000,0.000000000,0.050000000,0.000085457,0.000005719,-0.003834956,0.003835912,2.060353919
40.702514533,TRACKING,,0.000199469,1,-0.000083631,0.000008764,0.046211460,0.000000000,0.000000000,0.050000000,0.000083834,0.000005760,-0.003788541,0.003789473,2.051666259
40.712590096,TRACKING,,0.002064743,1,-0.000081987,0.000008935,0.046257637,0.000000000,0.000000000,0.050000000,0.000082211,0.000005799,-0.003742364,0.003743271,2.185093789
40.722678720,TRACKING,,0.001889019,1,-0.000080468,0.000008899,0.046300566,0.000000000,0.000000000,0.050000000,0.000080691,0.000005833,-0.003699435,0.003700319,2.176505095
40.732678295,TRACKING,,0.001303672,1,-0.000078922,0.000008884,0.046346512,0.000000000,0.000000000,0.050000000,0.000079144,0.000005889,-0.003653489,0.003654351,2.166954754
40.742733673,TRACKING,,0.001554196,1,-0.000078922,0.000008884,0.046346512,0.000000000,0.000000000,0.050000000,0.000079144,0.000005889,-0.003653489,0.003654351,2.166954754
40.752874539,TRACKING,,0.001352353,1,-0.000077162,0.000009068,0.046398568,0.000000000,0.000000000,0.050000000,0.000077407,0.000005956,-0.003601434,0.003602270,2.302649020
40.763566319,TRACKING,,0.002021999,1,-0.000075740,0.000009047,0.046440726,0.000000000,0.000000000,0.050000000,0.000075985,0.000006005,-0.003559275,0.003560091,2.293285814
40.773544522,TRACKING,,0.001421217,1,-0.000074226,0.000009000,0.046483001,0.000000000,0.000000000,0.050000000,0.000074469,0.000006031,-0.003517000,0.003517793,2.283638654
40.783615336,TRACKING,,0.001368975,1,-0.000072866,0.000008985,0.046523845,0.000000000,0.000000000,0.050000000,0.000073110,0.000006083,-0.003476157,0.003476931,2.273987231
40.793753827,TRACKING,,0.001377286,1,-0.000071508,0.000009156,0.046564087,0.000000000,0.000000000,0.050000000,0.000071775,0.000006132,-0.003435914,0.003436669,2.413580742
40.803754589,TRACKING,,0.001370163,1,-0.000070197,0.000009136,0.046603741,0.000000000,0.000000000,0.050000000,0.000070463,0.000006180,-0.003396260,0.003396997,2.403694029
40.813881207,TRACKING,,0.001268053,1,-0.000068901,0.000009116,0.046642972,0.000000000,0.000000000,0.050000000,0.000069167,0.000006227,-0.003357029,0.003357747,2.393624183
40.823895030,TRACKING,,0.001284676,1,-0.000067588,0.000009276,0.046682166,0.000000000,0.000000000,0.050000000,0.000067878,0.000006274,-0.003317835,0.003318535,2.534846727
40.834072702,TRACKING,,0.000495111,1,-0.000066331,0.000009253,0.046720381,0.000000000,0.000000000,0.050000000,0.000066620,0.000006318,-0.003279620,0.003280303,2.524491595
40.844153014,TRACKING,,0.000213717,1,-0.000064993,0.000009234,0.046761485,0.000000000,0.000000000,0.050000000,0.000065281,0.000006371,-0.003238516,0.003239180,2.513031098
40.854181085,TRACKING,,0.001553009,1,-0.000063284,0.000009376,0.046813012,0.000000000,0.000000000,0.050000000,0.000063597,0.000006434,-0.003186989,0.003187630,2.652089233
40.864305328,TRACKING,,0.001308422,1,-0.000062031,0.000009334,0.046849698,0.000000000,0.000000000,0.050000000,0.000062342,0.000006461,-0.003150303,0.003150927,2.641165056
40.874332211,TRACKING,,0.000800251,1,-0.000060821,0.000009317,0.046887261,0.000000000,0.000000000,0.050000000,0.000061132,0.000006512,-0.003112740,0.003113347,2.629607547
40.884418460,TRACKING,,0.000711202,1,-0.000059591,0.000009458,0.046924376,0.000000000,0.000000000,0.050000000,0.000059927,0.000006559,-0.003075625,0.003076216,2.773668256
40.894977260,TRACKING,,0.003836218,1,-0.000058437,0.000009435,0.046960017,0.000000000,0.000000000,0.050000000,0.000058772,0.000006604,-0.003039984,0.003040559,2.762071825
40.905268915,TRACKING,,0.002562227,1,-0.000057144,0.000009403,0.046999281,0.000000000,0.000000000,0.050000000,0.000057478,0.000006648,-0.003000720,0.003001277,2.748933531
40.915485768,TRACKING,,0.002336638,1,-0.000055972,0.000009531,0.047034452,0.000000000,0.000000000,0.050000000,0.000056331,0.000006689,-0.002965549,0.002966092,2.894379089
40.925351177,TRACKING,,0.002328327,1,-0.000054834,0.000009482,0.047067722,0.000000000,0.000000000,0.050000000,0.000055190,0.000006709,-0.002932279,0.002932806,2.882634895
40.935399431,TRACKING,,0.002138356,1,-0.000053765,0.000009465,0.047101218,0.000000000,0.000000000,0.050000000,0.000054121,0.000006757,-0.002898783,0.002899296,2.870432137
40.945625783,TRACKING,,0.001355915,1,-0.000052587,0.000009587,0.047137012,0.000000000,0.000000000,0.050000000,0.000052969,0.000006802,-0.002862989,0.002863487,3.016342427
40.955548183,TRACKING,,0.001366600,1,-0.000051577,0.000009588,0.047170170,0.000000000,0.000000000,0.050000000,0.000051958,0.000006868,-0.002829831,0.002830316,3.003539904
40.965566755,TRACKING,,0.000577036,1,-0.000050548,0.000009587,0.047203806,0.000000000,0.000000000,0.050000000,0.000050930,0.000006933,-0.002796194,0.002796667,2.990200085
40.975593638,TRACKING,,0.000599595,1,-0.000049504,0.000009580,0.047237827,0.000000000,0.000000000,0.050000000,0.000049886,0.000006993,-0.002762174,0.002762633,2.976363045
40.985744002,TRACKING,,0.000413186,1,-0.000048490,0.000009703,0.047269711,0.000000000,0.000000000,0.050000000,0.000048899,0.000007043,-0.002730290,0.002730737,3.123774812
40.995744764,TRACKING,,0.000093798,1,-0.000047482,0.000009687,0.047302347,0.000000000,0.000000000,0.050000000,0.000047890,0.000007093,-0.002697654,0.002698088,3.109808333
41.005939058,TRACKING,,0.000075988,1,-0.000046519,0.000009669,0.047333346,0.000000000,0.000000000,0.050000000,0.000046926,0.000007139,-0.002666655,0.002667077,3.096203946
41.016060927,TRACKING,,0.000137729,1,-0.000045556,0.000009781,0.047363744,0.000000000,0.000000000,0.050000000,0.000045989,0.000007184,-0.002636256,0.002636667,3.244428390
41.026164985,TRACKING,,0.000087861,1,-0.000044637,0.000009766,0.047393781,0.000000000,0.000000000,0.050000000,0.000045069,0.000007231,-0.002606220,0.002606619,3.230572697
41.036290415,TRACKING,,0.000116357,1,-0.000043724,0.000009751,0.047423940,0.000000000,0.000000000,0.050000000,0.000044155,0.000007279,-0.002576061,0.002576450,3.216313036
41.046254371,TRACKING,,0.000704078,1,-0.000043724,0.000009751,0.047423940,0.000000000,0.000000000,0.050000000,0.000044155,0.000007279,-0.002576061,0.002576450,3.216313036
41.056378614,TRACKING,,0.000504609,1,-0.000042670,0.000009876,0.047459211,0.000000000,0.000000000,0.050000000,0.000043130,0.000007353,-0.002540790,0.002541167,3.362519584
41.066407871,TRACKING,,0.000573474,1,-0.000041789,0.000009864,0.047488918,0.000000000,0.000000000,0.050000000,0.000042248,0.000007403,-0.002511082,0.002511449,3.347749655
41.076463250,TRACKING,,0.000287330,1,-0.000040721,0.000009853,0.047525416,0.000000000,0.000000000,0.050000000,0.000041179,0.000007468,-0.002474584,0.002474938,3.329096698
41.086517441,TRACKING,,0.000231527,1,-0.000039844,0.000009951,0.047554125,0.000000000,0.000000000,0.050000000,0.000040330,0.000007512,-0.002445876,0.002446220,3.478211784
41.096505143,TRACKING,,0.000274270,1,-0.000039022,0.000009935,0.047582114,0.000000000,0.000000000,0.050000000,0.000039507,0.000007556,-0.002417887,0.002418222,3.463200532
41.106600890,TRACKING,,0.000344322,1,-0.000038218,0.000009920,0.047609666,0.000000000,0.000000000,0.050000000,0.000038702,0.000007600,-0.002390334,0.002390660,3.448067783
41.116728695,TRACKING,,0.000408437,1,-0.000037201,0.000010009,0.047643600,0.000000000,0.000000000,0.050000000,0.000037713,0.000007651,-0.002356401,0.002356715,3.598821816
41.126816132,TRACKING,,0.002977788,1,-0.000036425,0.000009996,0.047670516,0.000000000,0.000000000,0.050000000,0.000036935,0.000007697,-0.002329485,0.002329790,3.583254690
41.136866761,TRACKING,,0.001348791,1,-0.000035492,0.000009935,0.047700384,0.000000000,0.000000000,0.050000000,0.000035999,0.000007705,-0.002299616,0.002299911,3.565617823
41.146881771,TRACKING,,0.001354728,1,-0.000034731,0.000010039,0.047727186,0.000000000,0.000000000,0.050000000,0.000035265,0.000007767,-0.002272814,0.002273101,3.710095203
41.157039259,TRACKING,,0.001252618,1,-0.000034015,0.000010043,0.047753325,0.000000000,0.000000000,0.050000000,0.000034549,0.000007828,-0.002246676,0.002246955,3.693809870
41.167060205,TRACKING,,0.001135074,1,-0.000033283,0.000010045,0.047779969,0.000000000,0.000000000,0.050000000,0.000033818,0.000007887,-0.002220032,0.002220304,3.676825738
41.177159514,TRACKING,,0.000994971,1,-0.000032571,0.000010042,0.047805785,0.000000000,0.000000000,0.050000000,0.000033105,0.000007939,-0.002194216,0.002194480,3.660005025
41.187192334,TRACKING,,0.000989034,1,-0.000031840,0.000010127,0.047831227,0.000000000,0.000000000,0.050000000,0.000032402,0.000007986,-0.002168774,0.002169031,3.809272073
41.197381879,TRACKING,,0.000692205,1,-0.000031840,0.000010127,0.047831227,0.000000000,0.000000000,0.050000000,0.000032402,0.000007986,-0.002168774,0.002169031,3.809272073
41.207335149,TRACKING,,0.000274270,1,-0.000030422,0.000010101,0.047882604,0.000000000,0.000000000,0.050000000,0.000030982,0.000008074,-0.002117397,0.002117639,3.773916713
41.217452268,TRACKING,,0.001475833,1,-0.000030422,0.000010101,0.047882604,0.000000000,0.000000000,0.050000000,0.000030982,0.000008074,-0.002117397,0.002117639,3.773916713
41.227477964,TRACKING,,0.001234809,1,-0.000029624,0.000010158,0.047910094,0.000000000,0.000000000,0.050000000,0.000030210,0.000008105,-0.002089907,0.002090141,3.920847276
41.237564213,TRACKING,,0.001336917,1,-0.000028971,0.000010152,0.047934604,0.000000000,0.000000000,0.050000000,0.000029556,0.000008153,-0.002065397,0.002065624,3.903038176
41.247656398,TRACKING,,0.000975974,1,-0.000028185,0.000010147,0.047964453,0.000000000,0.000000000,0.050000000,0.000028769,0.000008213,-0.002035548,0.002035768,3.880818138
41.259504624,TRACKING,,0.000460679,1,-0.000027508,0.000010215,0.047988886,0.000000000,0.000000000,0.050000000,0.000028121,0.000008254,-0.002011115,0.002011328,4.028892062
41.269472141,TRACKING,,0.000379942,1,-0.000026756,0.000010182,0.048016631,0.000000000,0.000000000,0.050000000,0.000027365,0.000008284,-0.001983370,0.001983576,4.007311253
41.279501399,TRACKING,,0.000368068,1,-0.000026144,0.000010162,0.048039644,0.000000000,0.000000000,0.050000000,0.000026751,0.000008316,-0.001960357,0.001960557,3.988974745
41.289671947,TRACKING,,0.000300391,1,-0.000025523,0.000010215,0.048061976,0.000000000,0.000000000,0.050000000,0.000026157,0.000008344,-0.001938024,0.001938218,4.137398477
41.302483086,TRACKING,,0.003119079,1,-0.000024930,0.000010192,0.048084527,0.000000000,0.000000000,0.050000000,0.000025562,0.000008372,-0.001915474,0.001915663,4.118716063
41.312448229,TRACKING,,0.001944823,1,-0.000024270,0.000010130,0.048108206,0.000000000,0.000000000,0.050000000,0.000024896,0.000008366,-0.001891795,0.001891977,4.098746968
41.322502420,TRACKING,,0.001984005,1,-0.000023673,0.000010166,0.048129855,0.000000000,0.000000000,0.050000000,0.000024326,0.000008383,-0.001870145,0.001870322,4.246496225
41.332702651,TRACKING,,0.001940074,1,-0.000023123,0.000010132,0.048151088,0.000000000,0.000000000,0.050000000,0.000023772,0.000008397,-0.001848912,0.001849084,4.227912400
41.342649984,TRACKING,,0.000974786,1,-0.000022567,0.000010128,0.048174232,0.000000000,0.000000000,0.050000000,0.000023215,0.000008443,-0.001825768,0.001825936,4.207281234
41.352765916,TRACKING,,0.000866741,1,-0.000021997,0.000010167,0.048196077,0.000000000,0.000000000,0.050000000,0.000022671,0.000008465,-0.001803923,0.001804086,4.353795215
41.362829606,TRACKING,,0.000801438,1,-0.000021478,0.000010134,0.048217120,0.000000000,0.000000000,0.050000000,0.000022148,0.000008479,-0.001782881,0.001783038,4.334399322
41.373466769,TRACKING,,0.003989381,1,-0.000020970,0.000010096,0.048237769,0.000000000,0.000000000,0.050000000,0.000021637,0.000008487,-0.001762231,0.001762385,4.315063815
41.383444972,TRACKING,,0.001954322,1,-0.000020341,0.000010088,0.048261575,0.000000000,0.000000000,0.050000000,0.000021031,0.000008473,-0.001738425,0.001738573,4.459564037
41.394513131,TRACKING,,0.000046305,1,-0.000019833,0.000010024,0.048281963,0.000000000,0.000000000,0.050000000,0.000020517,0.000008455,-0.001718038,0.001718181,4.439836228
41.404506770,TRACKING,,0.000206593,1,-0.000019344,0.000009961,0.048301873,0.000000000,0.000000000,0.050000000,0.000020022,0.000008438,-0.001698128,0.001698267,4.420279330
41.414658321,TRACKING,,0.000173348,1,-0.000018876,0.000009902,0.048321256,0.000000000,0.000000000,0.050000000,0.000019548,0.000008422,-0.001678744,0.001678879,4.400956938
41.424694702,TRACKING,,0.000617405,1,-0.000018301,0.000009885,0.048344248,0.000000000,0.000000000,0.050000000,0.000018995,0.000008402,-0.001655752,0.001655882,4.540971371
41.434805885,TRACKING,,0.000131792,1,-0.000017844,0.000009830,0.048364238,0.000000000,0.000000000,0.050000000,0.000018533,0.000008391,-0.001635762,0.001635889,4.520428790
41.444918255,TRACKING,,0.000054617,1,-0.000017389,0.000009756,0.048383411,0.000000000,0.000000000,0.050000000,0.000018071,0.000008358,-0.001616590,0.001616712,4.500419742
41.454854902,TRACKING,,0.000058178,1,-0.000016917,0.000009726,0.048402215,0.000000000,0.000000000,0.050000000,0.000017619,0.000008322,-0.001597786,0.001597904,4.644844781
41.465102626,TRACKING,,0.000249337,1,-0.000016389,0.000009616,0.048424349,0.000000000,0.000000000,0.050000000,0.000017081,0.000008262,-0.001575651,0.001575766,4.621062083
41.475077267,TRACKING,,0.000191158,1,-0.000015975,0.000009537,0.048442398,0.000000000,0.000000000,0.050000000,0.000016659,0.000008222,-0.001557603,0.001557713,4.601374450
41.485066156,TRACKING,,0.000563975,1,-0.000015975,0.000009537,0.048442398,0.000000000,0.000000000,0.050000000,0.000016659,0.000008222,-0.001557603,0.001557713,4.601374450
41.495202272,TRACKING,,0.000135354,1,-0.000015465,0.000009503,0.048464506,0.000000000,0.000000000,0.050000000,0.000016168,0.000008191,-0.001535494,0.001535601,4.740072754
41.505294457,TRACKING,,0.000144853,1,-0.000015031,0.000009388,0.048482674,0.000000000,0.000000000,0.050000000,0.000015724,0.000008117,-0.001517326,0.001517430,4.719688716
41.515271473,TRACKING,,0.000413186,1,-0.000014644,0.000009301,0.048500068,0.000000000,0.000000000,0.050000000,0.000015328,0.000008067,-0.001499933,0.001500033,4.699907747
41.525323290,TRACKING,,0.000287330,1,-0.000014162,0.000009239,0.048521129,0.000000000,0.000000000,0.050000000,0.000014863,0.000008010,-0.001478871,0.001478968,4.837665642
41.535493838,TRACKING,,0.000487987,1,-0.000013789,0.000009149,0.048538301,0.000000000,0.000000000,0.050000000,0.000014481,0.000007956,-0.001461699,0.001461792,4.817585044
41.545496975,TRACKING,,0.000473739,1,-0.000013344,0.000009035,0.048558981,0.000000000,0.000000000,0.050000000,0.000014025,0.000007886,-0.001441020,0.001441110,4.793063396
41.555622405,TRACKING,,0.000726638,1,-0.000012968,0.000008981,0.048575536,0.000000000,0.000000000,0.050000000,0.000013666,0.000007830,-0.001424464,0.001424551,4.933881139
41.565680158,TRACKING,,0.000691018,1,-0.000012540,0.000008856,0.048595590,0.000000000,0.000000000,0.050000000,0.000013225,0.000007748,-0.001404411,0.001404494,4.909427638
41.575607307,TRACKING,,0.000827559,1,-0.000012202,0.000008763,0.048611806,0.000000000,0.000000000,0.050000000,0.000012878,0.000007689,-0.001388194,0.001388275,4.889370567
41.585628253,TRACKING,,0.001169506,1,-0.000012202,0.000008763,0.048611806,0.000000000,0.000000000,0.050000000,0.000012878,0.000007689,-0.001388194,0.001388275,4.889370567
41.595707378,TRACKING,,0.001472271,1,-0.000011788,0.000008697,0.048631310,0.000000000,0.000000000,0.050000000,0.000012479,0.000007629,-0.001368690,0.001368768,5.024139400
41.605912359,TRACKING,,0.001509079,1,-0.000011406,0.000008591,0.048650532,0.000000000,0.000000000,0.050000000,0.000012086,0.000007562,-0.001349468,0.001349543,4.999686129
41.615930931,TRACKING,,0.001306048,1,-0.000011088,0.000008499,0.048666445,0.000000000,0.000000000,0.050000000,0.000011759,0.000007502,-0.001333555,0.001333628,4.979171193
41.626057548,TRACKING,,0.001531637,1,-0.000010690,0.000008414,0.048685406,0.000000000,0.000000000,0.050000000,0.000011373,0.000007426,-0.001314594,0.001314664,5.111868468
41.636090368,TRACKING,,0.001279927,1,-0.000010387,0.000008315,0.048700822,0.000000000,0.000000000,0.050000000,0.000011060,0.000007358,-0.001299179,0.001299246,5.091449656
41.646334530,TRACKING,,0.000861991,1,-0.000010075,0.000008207,0.048716654,0.000000000,0.000000000,0.050000000,0.000010737,0.000007283,-0.001283346,0.001283412,5.070213198
41.656496767,TRACKING,,0.000793127,1,-0.000009760,0.000008126,0.048731398,0.000000000,0.000000000,0.050000000,0.000010434,0.000007204,-0.001268602,0.001268665,5.206037825
41.666340803,TRACKING,,0.000355007,1,-0.000009385,0.000007980,0.048750307,0.000000000,0.000000000,0.050000000,0.000010043,0.000007098,-0.001249693,0.001249753,5.180013086
41.676301197,TRACKING,,0.000544978,1,-0.000009385,0.000007980,0.048750307,0.000000000,0.000000000,0.050000000,0.000010043,0.000007098,-0.001249693,0.001249753,5.180013086
41.686417128,TRACKING,,0.000692205,1,-0.000009022,0.000007877,0.048768017,0.000000000,0.000000000,0.050000000,0.000009689,0.000007007,-0.001231983,0.001232041,5.309054803
41.696486755,TRACKING,,0.000527168,1,-0.000008686,0.000007745,0.048785575,0.000000000,0.000000000,0.050000000,0.000009340,0.000006910,-0.001214426,0.001214481,5.284144100
41.706589626,TRACKING,,0.001035339,1,-0.000008370,0.000007618,0.048802370,0.000000000,0.000000000,0.050000000,0.000009011,0.000006816,-0.001197631,0.001197684,5.259981697
41.716550019,TRACKING,,0.001060273,1,-0.000008090,0.000007535,0.048816367,0.000000000,0.000000000,0.050000000,0.000008740,0.000006740,-0.001183633,0.001183685,5.391085102
41.726622021,TRACKING,,0.000732574,1,-0.000007834,0.000007430,0.048830323,0.000000000,0.000000000,0.050000000,0.000008474,0.000006662,-0.001169677,0.001169726,5.370480522
41.736685710,TRACKING,,0.000858429,1,-0.000007523,0.000007286,0.048846827,0.000000000,0.000000000,0.050000000,0.000008148,0.000006551,-0.001153173,0.001153220,5.345784765
41.746739902,TRACKING,,0.000930855,1,-0.000007268,0.000007203,0.048860001,0.000000000,0.000000000,0.050000000,0.000007901,0.000006475,-0.001139999,0.001140045,5.475362390
41.756797655,TRACKING,,0.000854868,1,-0.000007034,0.000007101,0.048873091,0.000000000,0.000000000,0.050000000,0.000007656,0.000006398,-0.001126909,0.001126953,5.455268032
41.766957517,TRACKING,,0.000751571,1,-0.000006804,0.000006998,0.048886152,0.000000000,0.000000000,0.050000000,0.000007415,0.000006321,-0.001113848,0.001113891,5.434981761
41.776964216,TRACKING,,0.000828746,1,-0.000006576,0.000006896,0.048898993,0.000000000,0.000000000,0.050000000,0.000007177,0.000006243,-0.001101008,0.001101049,5.414791493
41.787010096,TRACKING,,0.001101829,1,-0.000006576,0.000006896,0.048898993,0.000000000,0.000000000,0.050000000,0.000007177,0.000006243,-0.001101008,0.001101049,5.414791493
41.797080910,TRACKING,,0.001009219,1,-0.000006297,0.000006804,0.048914475,0.000000000,0.000000000,0.050000000,0.000006905,0.000006163,-0.001085525,0.001085564,5.536947136
41.807234836,TRACKING,,0.000770568,1,-0.000006082,0.000006707,0.048927003,0.000000000,0.000000000,0.050000000,0.000006679,0.000006090,-0.001072997,0.001073035,5.516739966
41.817393511,TRACKING,,0.000858430,1,-0.000005872,0.000006615,0.048939675,0.000000000,0.000000000,0.050000000,0.000006459,0.000006020,-0.001060325,0.001060362,5.496078820
41.827302850,TRACKING,,0.001057899,1,-0.000005653,0.000006531,0.048951778,0.000000000,0.000000000,0.050000000,0.000006246,0.000005944,-0.001048222,0.001048258,5.620304419
41.837391473,TRACKING,,0.001152883,1,-0.000005411,0.000006416,0.048966580,0.000000000,0.000000000,0.050000000,0.000005992,0.000005856,-0.001033420,0.001033454,5.595557396
41.848021513,TRACKING,,0.004095052,1,-0.000005152,0.000006308,0.048981340,0.000000000,0.000000000,0.050000000,0.000005736,0.000005762,-0.001018660,0.001018693,5.712008415
41.858093514,TRACKING,,0.002504049,1,-0.000004929,0.000006183,0.048994705,0.000000000,0.000000000,0.050000000,0.000005499,0.000005663,-0.001005295,0.001005326,5.689036114
41.868019475,TRACKING,,0.000573474,1,-0.000004704,0.000006057,0.049008340,0.000000000,0.000000000,0.050000000,0.000005261,0.000005561,-0.000991660,0.000991690,5.665278012
41.878041609,TRACKING,,0.002802065,1,-0.000004704,0.000006057,0.049008340,0.000000000,0.000000000,0.050000000,0.000005261,0.000005561,-0.000991660,0.000991690,5.665278012
41.888448433,TRACKING,,0.000100922,1,-0.000004329,0.000005880,0.049031532,0.000000000,0.000000000,0.050000000,0.000004879,0.000005414,-0.000968468,0.000968496,5.762605777
41.900319217,TRACKING,,0.002396004,1,-0.000004329,0.000005880,0.049031532,0.000000000,0.000000000,0.050000000,0.000004879,0.000005414,-0.000968468,0.000968496,5.762605777
41.908669610,TRACKING,,0.002241652,1,-0.000004150,0.000005781,0.049043014,0.000000000,0.000000000,0.050000000,0.000004689,0.000005335,-0.000956986,0.000957012,5.741834887
41.918539768,TRACKING,,0.001801158,1,-0.000003961,0.000005649,0.049054208,0.000000000,0.000000000,0.050000000,0.000004487,0.000005224,-0.000945793,0.000945818,5.721352391
41.928705566,TRACKING,,0.001593378,1,-0.000003781,0.000005562,0.049065151,0.000000000,0.000000000,0.050000000,0.000004310,0.000005147,-0.000934849,0.000934873,5.836360691
41.938849994,TRACKING,,0.001336918,1,-0.000003618,0.000005467,0.049075984,0.000000000,0.000000000,0.050000000,0.000004136,0.000005071,-0.000924016,0.000924039,5.816089585
41.949062098,TRACKING,,0.000828747,1,-0.000003470,0.000005401,0.049087008,0.000000000,0.000000000,0.050000000,0.000003981,0.000005021,-0.000912992,0.000913015,5.795227015
41.958985684,TRACKING,,0.000470177,1,-0.000003306,0.000005332,0.049098187,0.000000000,0.000000000,0.050000000,0.000003820,0.000004962,-0.000901814,0.000901835,5.905994604
41.969162169,TRACKING,,0.000118732,1,-0.000003160,0.000005250,0.049109013,0.000000000,0.000000000,0.050000000,0.000003666,0.000004897,-0.000890987,0.000891008,5.885011679
41.979134436,TRACKING,,0.002470804,1,-0.000003004,0.000005131,0.049119419,0.000000000,0.000000000,0.050000000,0.000003497,0.000004796,-0.000880581,0.000880601,5.864604166
41.989424903,TRACKING,,0.002587161,1,-0.000002854,0.000005057,0.049129719,0.000000000,0.000000000,0.050000000,0.000003349,0.000004731,-0.000870281,0.000870300,5.972756592
41.999303371,TRACKING,,0.004459559,1,-0.000002710,0.000004968,0.049140312,0.000000000,0.000000000,0.050000000,0.000003195,0.000004659,-0.000859688,0.000859706,5.951485528
42.009295822,TRACKING,,0.001792847,1,-0.000002581,0.000004891,0.049150354,0.000000000,0.000000000,0.050000000,0.000003057,0.000004597,-0.000849646,0.000849664,5.931094205
42.019412941,TRACKING,,0.000410812,1,-0.000002410,0.000004796,0.049162565,0.000000000,0.000000000,0.050000000,0.000002886,0.000004515,-0.000837435,0.000837452,6.030859078
42.029480193,TRACKING,,0.000282581,1,-0.000002275,0.000004719,0.049173548,0.000000000,0.000000000,0.050000000,0.000002741,0.000004454,-0.000826452,0.000826468,6.007938231
42.039517761,TRACKING,,0.000420310,1,-0.000002157,0.000004650,0.049183092,0.000000000,0.000000000,0.050000000,0.000002616,0.000004398,-0.000816908,0.000816924,5.987758417
42.049615883,TRACKING,,0.000205406,1,-0.000002029,0.000004585,0.049192591,0.000000000,0.000000000,0.050000000,0.000002490,0.000004343,-0.000807409,0.000807424,6.088725208
42.059735377,TRACKING,,0.000344322,1,-0.000001915,0.000004515,0.049201951,0.000000000,0.000000000,0.050000000,0.000002367,0.000004286,-0.000798049,0.000798064,6.068458937
42.069880992,TRACKING,,0.000175723,1,-0.000001804,0.000004447,0.049211111,0.000000000,0.000000000,0.050000000,0.000002248,0.000004231,-0.000788889,0.000788904,6.048382087
42.079932808,TRACKING,,0.002239278,1,-0.000001680,0.000004376,0.049220717,0.000000000,0.000000000,0.050000000,0.000002125,0.000004170,-0.000779283,0.000779297,6.144316509
42.093326919,TRACKING,,0.004744515,1,-0.000001680,0.000004376,0.049220717,0.000000000,0.000000000,0.050000000,0.000002125,0.000004170,-0.000779283,0.000779297,6.144316509
42.099935520,TRACKING,,0.002306955,1,-0.000001546,0.000004281,0.049231682,0.000000000,0.000000000,0.050000000,0.000001980,0.000004090,-0.000768318,0.000768332,6.119680054
42.110074010,TRACKING,,0.001066210,1,-0.000001434,0.000004180,0.049240447,0.000000000,0.000000000,0.050000000,0.000001856,0.000004002,-0.000759553,0.000759566,6.099723272
42.120092582,TRACKING,,0.001056712,1,-0.000001321,0.000004135,0.049250393,0.000000000,0.000000000,0.050000000,0.000001746,0.000003967,-0.000749607,0.000749620,6.189868296
42.130206139,TRACKING,,0.000985472,1,-0.000001229,0.000004084,0.049259070,0.000000000,0.000000000,0.050000000,0.000001647,0.000003927,-0.000740930,0.000740942,6.169637760
42.140459799,TRACKING,,0.001233622,1,-0.000001136,0.000004030,0.049267774,0.000000000,0.000000000,0.050000000,0.000001548,0.000003884,-0.000732226,0.000732238,6.149113422
42.153478718,TRACKING,,0.000281394,1,-0.000000922,0.000003848,0.049285378,0.000000000,0.000000000,0.050000000,0.000001321,0.000003724,-0.000714622,0.000714633,6.215787427
42.163452172,TRACKING,,0.000119919,1,-0.000000834,0.000003791,0.049293833,0.000000000,0.000000000,0.050000000,0.000001225,0.000003677,-0.000706167,0.000706178,6.195107654
42.173505176,TRACKING,,0.000207781,1,-0.000000751,0.000003733,0.049301935,0.000000000,0.000000000,0.050000000,0.000001136,0.000003630,-0.000698065,0.000698076,6.175045009
42.183634168,TRACKING,,0.001160007,1,-0.000000751,0.000003733,0.049301935,0.000000000,0.000000000,0.050000000,0.000001136,0.000003630,-0.000698065,0.000698076,6.175045009
42.193719230,TRACKING,,0.001162383,1,-0.000000654,0.000003694,0.049311313,0.000000000,0.000000000,0.050000000,0.000001041,0.000003600,-0.000688687,0.000688697,6.255927763
42.203762735,TRACKING,,0.000774130,1,-0.000000560,0.000003648,0.049321634,0.000000000,0.000000000,0.050000000,0.000000940,0.000003565,-0.000678366,0.000678376,6.229696883
42.213809802,TRACKING,,0.000721888,1,-0.000000483,0.000003593,0.049329504,0.000000000,0.000000000,0.050000000,0.000000857,0.000003519,-0.000670496,0.000670505,6.209411249
42.225517925,TRACKING,,0.002373445,1,-0.000000401,0.000003540,0.049337258,0.000000000,0.000000000,0.050000000,0.000000775,0.000003473,-0.000662742,0.000662751,6.288987822
42.235461695,TRACKING,,0.002282021,1,-0.000000306,0.000003449,0.049346648,0.000000000,0.000000000,0.050000000,0.000000669,0.000003394,-0.000653352,0.000653361,6.264180255
42.245607310,TRACKING,,0.002125295,1,-0.000000231,0.000003386,0.049354284,0.000000000,0.000000000,0.050000000,0.000000587,0.000003340,-0.000645716,0.000645725,6.243739485
42.255625882,TRACKING,,0.001972131,1,-0.000000153,0.000003324,0.049361740,0.000000000,0.000000000,0.050000000,0.000000506,0.000003285,-0.000638260,0.000638269,6.318582240
42.265670574,TRACKING,,0.002010126,1,-0.000000083,0.000003261,0.049369128,0.000000000,0.000000000,0.050000000,0.000000429,0.000003231,-0.000630872,0.000630881,6.298333804
42.275807878,TRACKING,,0.002004189,1,-0.000000002,0.000003184,0.049378073,0.000000000,0.000000000,0.050000000,0.000000339,0.000003164,-0.000621927,0.000621935,6.273502695
42.285843072,TRACKING,,0.002025560,1,0.000000069,0.000003126,0.049385298,0.000000000,0.000000000,0.050000000,0.000000266,0.000003113,-0.000614702,0.000614710,6.343243250
42.295969690,TRACKING,,0.000317014,1,0.000000142,0.000003059,0.049393382,0.000000000,0.000000000,0.050000000,0.000000185,0.000003055,-0.000606618,0.000606626,6.320222996
42.305995385,TRACKING,,0.000299204,1,0.000000200,0.000003016,0.049400418,0.000000000,0.000000000,0.050000000,0.000000122,0.000003018,-0.000599582,0.000599590,6.299913545
42.318515632,TRACKING,,0.000315826,1,0.000000259,0.000002971,0.049407287,0.000000000,0.000000000,0.050000000,0.000000061,0.000002981,-0.000592713,0.000592720,6.364775061
42.328491460,TRACKING,,0.000983097,1,0.000000325,0.000002911,0.049415305,0.000000000,0.000000000,0.050000000,-0.000000011,0.000002928,-0.000584695,0.000584702,6.341050666
42.338628763,TRACKING,,0.000886925,1,0.000000380,0.000002875,0.049422114,0.000000000,0.000000000,0.050000000,-0.000000071,0.000002898,-0.000577886,0.000577893,6.320638178
42.348637837,TRACKING,,0.000883363,1,0.000000436,0.000002836,0.049428878,0.000000000,0.000000000,0.050000000,-0.000000128,0.000002865,-0.000571122,0.000571129,6.379910339
42.358752581,TRACKING,,0.000932043,1,0.000000487,0.000002795,0.049435501,0.000000000,0.000000000,0.050000000,-0.000000184,0.000002831,-0.000564499,0.000564506,6.359573327
42.368810334,TRACKING,,0.000892861,1,0.000000487,0.000002795,0.049435501,0.000000000,0.000000000,0.050000000,-0.000000184,0.000002831,-0.000564499,0.000564506,6.359573327
42.378977320,TRACKING,,0.000977161,1,0.000000543,0.000002758,0.049443636,0.000000000,0.000000000,0.050000000,-0.000000245,0.000002800,-0.000556364,0.000556371,6.334269959
42.389074255,TRACKING,,0.000922545,1,0.000000600,0.000002719,0.049451649,0.000000000,0.000000000,0.050000000,-0.000000304,0.000002768,-0.000548351,0.000548358,6.383271812
42.399054833,TRACKING,,0.001028216,1,0.000000645,0.000002678,0.049458014,0.000000000,0.000000000,0.050000000,-0.000000354,0.000002732,-0.000541986,0.000541993,6.362935463
42.410512431,TRACKING,,0.002403127,1,0.000000701,0.000002623,0.049465688,0.000000000,0.000000000,0.050000000,-0.000000416,0.000002684,-0.000534312,0.000534319,6.338094360
42.420493009,TRACKING,,0.002322390,1,0.000000750,0.000002561,0.049471835,0.000000000,0.000000000,0.050000000,-0.000000469,0.000002628,-0.000528165,0.000528172,6.388552381
42.432224877,TRACKING,,0.002195347,1,0.000000792,0.000002510,0.049477912,0.000000000,0.000000000,0.050000000,-0.000000518,0.000002581,-0.000522088,0.000522094,6.368400412
42.440746244,TRACKING,,0.002187036,1,0.000000832,0.000002459,0.049483961,0.000000000,0.000000000,0.050000000,-0.000000564,0.000002535,-0.000516039,0.000516046,6.348108741
42.450876423,TRACKING,,0.002412626,1,0.000000882,0.000002396,0.049491234,0.000000000,0.000000000,0.050000000,-0.000000619,0.000002478,-0.000508766,0.000508772,6.384390774
42.460808321,TRACKING,,0.002062367,1,0.000000918,0.000002351,0.049497171,0.000000000,0.000000000,0.050000000,-0.000000660,0.000002437,-0.000502829,0.000502836,6.363945177
42.473446112,TRACKING,,0.002048120,1,0.000000952,0.000002305,0.049502969,0.000000000,0.000000000,0.050000000,-0.000000700,0.000002395,-0.000497031,0.000497038,6.343739774
42.483444499,TRACKING,,0.001974507,1,0.000000989,0.000002246,0.049508643,0.000000000,0.000000000,0.050000000,-0.000000741,0.000002341,-0.000491357,0.000491363,6.381195458
42.493484442,TRACKING,,0.001988754,1,0.000001020,0.000002207,0.049514231,0.000000000,0.000000000,0.050000000,-0.000000777,0.000002305,-0.000485769,0.000485775,6.361263246
42.503651429,TRACKING,,0.000700517,1,0.000001061,0.000002148,0.049521929,0.000000000,0.000000000,0.050000000,-0.000000826,0.000002251,-0.000478071,0.000478077,6.333427827
42.513648629,TRACKING,,0.000641151,1,0.000001089,0.000002123,0.049527494,0.000000000,0.000000000,0.050000000,-0.000000855,0.000002229,-0.000472506,0.000472512,6.363409178
42.523784745,TRACKING,,0.000486799,1,0.000001114,0.000002097,0.049532967,0.000000000,0.000000000,0.050000000,-0.000000883,0.000002206,-0.000467033,0.000467039,6.343102260
42.534165448,TRACKING,,0.000643525,1,0.000001137,0.000002069,0.049538406,0.000000000,0.000000000,0.050000000,-0.000000910,0.000002180,-0.000461594,0.000461600,6.322681659
42.544048666,TRACKING,,0.000835870,1,0.000001137,0.000002069,0.049538406,0.000000000,0.000000000,0.050000000,-0.000000910,0.000002180,-0.000461594,0.000461600,6.322681659
42.554454302,TRACKING,,0.000404875,1,0.000001173,0.000002054,0.049546712,0.000000000,0.000000000,0.050000000,-0.000000947,0.000002170,-0.000453288,0.000453294,6.335737625
42.564566672,TRACKING,,0.003056151,1,0.000001199,0.000002019,0.049551952,0.000000000,0.000000000,0.050000000,-0.000000977,0.000002138,-0.000448048,0.000448054,6.315474809
42.574584057,TRACKING,,0.001097080,1,0.000001224,0.000002012,0.049558134,0.000000000,0.000000000,0.050000000,-0.000001004,0.000002133,-0.000441866,0.000441872,6.291280681
42.584603816,TRACKING,,0.001055524,1,0.000001255,0.000001961,0.049564483,0.000000000,0.000000000,0.050000000,-0.000001039,0.000002086,-0.000435517,0.000435523,6.304288508
42.594726871,TRACKING,,0.000730199,1,0.000001275,0.000001937,0.049569679,0.000000000,0.000000000,0.050000000,-0.000001063,0.000002064,-0.000430321,0.000430328,6.283388557
42.604716947,TRACKING,,0.000763444,1,0.000001295,0.000001901,0.049574635,0.000000000,0.000000000,0.050000000,-0.000001087,0.000002031,-0.000425365,0.000425371,6.263196146
42.614868498,TRACKING,,0.000422684,1,0.000001316,0.000001872,0.049579716,0.000000000,0.000000000,0.050000000,-0.000001110,0.000002003,-0.000420284,0.000420290,6.275558912
42.624884696,TRACKING,,0.000376379,1,0.000001337,0.000001804,0.049584463,0.000000000,0.000000000,0.050000000,-0.000001139,0.000001938,-0.000415537,0.000415543,6.255727189
42.634968570,TRACKING,,0.000568725,1,0.000001337,0.000001804,0.049584463,0.000000000,0.000000000,0.050000000,-0.000001139,0.000001938,-0.000415537,0.000415543,6.255727189
42.645494125,TRACKING,,0.000801439,1,0.000001356,0.000001777,0.049590335,0.000000000,0.000000000,0.050000000,-0.000001162,0.000001913,-0.000409665,0.000409671,6.230902516
42.655560190,TRACKING,,0.000845369,1,0.000001371,0.000001747,0.049595111,0.000000000,0.000000000,0.050000000,-0.000001180,0.000001885,-0.000404889,0.000404895,6.233685234
42.665684433,TRACKING,,0.000668459,1,0.000001387,0.000001690,0.049599658,0.000000000,0.000000000,0.050000000,-0.000001203,0.000001829,-0.000400342,0.000400347,6.214001181
42.675605644,TRACKING,,0.000757508,1,0.000001399,0.000001668,0.049604352,0.000000000,0.000000000,0.050000000,-0.000001218,0.000001809,-0.000395648,0.000395654,6.193454868
42.686464836,TRACKING,,0.001600502,1,0.000001414,0.000001644,0.049609997,0.000000000,0.000000000,0.050000000,-0.000001235,0.000001786,-0.000390003,0.000390009,6.186401043
42.696476284,TRACKING,,0.001409344,1,0.000001426,0.000001596,0.049614387,0.000000000,0.000000000,0.050000000,-0.000001252,0.000001739,-0.000385613,0.000385618,6.166672853
42.706640895,TRACKING,,0.000172161,1,0.000001435,0.000001586,0.049619007,0.000000000,0.000000000,0.050000000,-0.000001263,0.000001730,-0.000380993,0.000380999,6.145685916
42.716633346,TRACKING,,0.000062927,1,0.000001445,0.000001559,0.049623891,0.000000000,0.000000000,0.050000000,-0.000001276,0.000001703,-0.000376109,0.000376115,6.134130104
42.726693474,TRACKING,,0.001922264,1,0.000001454,0.000001530,0.049628464,0.000000000,0.000000000,0.050000000,-0.000001289,0.000001675,-0.000371536,0.000371542,6.112837327
42.738453838,TRACKING,,0.000971225,1,0.000001462,0.000001495,0.049632739,0.000000000,0.000000000,0.050000000,-0.000001301,0.000001641,-0.000367261,0.000367267,6.092685554
42.748496156,TRACKING,,0.000898798,1,0.000001469,0.000001472,0.049636980,0.000000000,0.000000000,0.050000000,-0.000001311,0.000001619,-0.000363020,0.000363026,6.072466359
42.758600215,TRACKING,,0.000768194,1,0.000001475,0.000001459,0.049641224,0.000000000,0.000000000,0.050000000,-0.000001319,0.000001606,-0.000358776,0.000358782,6.055655967
42.768593853,TRACKING,,0.000620967,1,0.000001481,0.000001442,0.049645445,0.000000000,0.000000000,0.050000000,-0.000001327,0.000001589,-0.000354555,0.000354561,6.035055436
42.778681289,TRACKING,,0.000531918,1,0.000001486,0.000001422,0.049649545,0.000000000,0.000000000,0.050000000,-0.000001334,0.000001570,-0.000350455,0.000350461,6.014819355
42.788809094,TRACKING,,0.000601969,1,0.000004055,0.000001402,0.049653642,0.000000000,0.000000000,0.050000000,-0.000003910,0.000001819,-0.000346358,0.000346385,5.994357838
42.798984391,TRACKING,,0.000448806,1,0.000004057,0.000001352,0.049657564,0.000000000,0.000000000,0.050000000,-0.000003917,0.000001768,-0.000342436,0.000342463,5.974543795
42.808941223,TRACKING,,0.000097360,1,0.000004042,0.000001335,0.049661565,0.000000000,0.000000000,0.050000000,-0.000003905,0.000001748,-0.000338435,0.000338462,5.954108151
42.819123644,TRACKING,,0.002441122,1,0.000011602,0.000001313,0.049665601,0.000000000,0.000000000,0.050000000,-0.000011477,0.000002511,-0.000334397,0.000334603,5.933265183
42.829336935,TRACKING,,0.002310517,1,0.000011550,0.000001286,0.049669573,0.000000000,0.000000000,0.050000000,-0.000011428,0.000002475,-0.000330425,0.000330631,5.912519422
42.839229652,TRACKING,,0.002386505,1,0.000011462,0.000001256,0.049673369,0.000000000,0.000000000,0.050000000,-0.000011344,0.000002433,-0.000326629,0.000326835,5.892480472
42.849292154,TRACKING,,0.000137728,1,0.000023793,0.000001222,0.049677922,0.000000000,0.000000000,0.050000000,-0.000023695,0.000003663,-0.000322067,0.000322958,5.868202995
42.861479952,TRACKING,,0.004897678,1,0.000023588,0.000001194,0.049681659,0.000000000,0.000000000,0.050000000,-0.000023493,0.000003605,-0.000318330,0.000319216,5.848051974
42.871454593,TRACKING,,0.002008939,1,0.000023308,0.000001149,0.049685462,0.000000000,0.000000000,0.050000000,-0.000023219,0.000003523,-0.000314528,0.000315403,5.827364251
42.881601395,TRACKING,,0.001721608,1,0.000040235,0.000001106,0.049689199,0.000000000,0.000000000,0.050000000,-0.000040169,0.000005196,-0.000310768,0.000313396,5.806879533
42.891656773,TRACKING,,0.001580318,1,0.000039782,0.000001057,0.049692813,0.000000000,0.000000000,0.050000000,-0.000039723,0.000005087,-0.000307154,0.000309754,5.786849180
42.901763206,TRACKING,,0.001398658,1,0.000039193,0.000001002,0.049696461,0.000000000,0.000000000,0.050000000,-0.000039141,0.000004958,-0.000303507,0.000306061,5.766476039
42.913496262,TRACKING,,0.000530731,1,0.000038441,0.000000967,0.049700171,0.000000000,0.000000000,0.050000000,-0.000038395,0.000004833,-0.000299797,0.000302284,5.745606521
42.923483964,TRACKING,,0.000524793,1,0.000059411,0.000000895,0.049704515,0.000000000,0.000000000,0.050000000,-0.000059395,0.000006848,-0.000295410,0.000301400,5.721048343
42.934529563,TRACKING,,0.001231247,1,0.000058395,0.000000836,0.049708072,0.000000000,0.000000000,0.050000000,-0.000058388,0.000006668,-0.000291854,0.000297712,5.700679078
42.945471867,TRACKING,,0.004315893,1,0.000057150,0.000000771,0.049711756,0.000000000,0.000000000,0.050000000,-0.000057153,0.000006458,-0.000288172,0.000293856,5.679443104
42.955515372,TRACKING,,0.001790472,1,0.000082086,0.000000663,0.049715977,0.000000000,0.000000000,0.050000000,-0.000082126,0.000008796,-0.000283876,0.000295648,5.655107984
42.965637240,TRACKING,,0.001771475,1,0.000080521,0.000000569,0.049719421,0.000000000,0.000000000,0.050000000,-0.000080574,0.000008520,-0.000280435,0.000291905,5.634920053
42.975584573,TRACKING,,0.001069771,1,0.000078640,0.000000458,0.049723023,0.000000000,0.000000000,0.050000000,-0.000078709,0.000008195,-0.000276836,0.000287924,5.613683398
42.985672009,TRACKING,,0.000996158,1,0.000107572,0.000000365,0.049726442,0.000000000,0.000000000,0.050000000,-0.000107678,0.000010909,-0.000273299,0.000293948,5.593871155
42.995747572,TRACKING,,0.001192065,1,0.000107572,0.000000365,0.049726442,0.000000000,0.000000000,0.050000000,-0.000107678,0.000010909,-0.000273299,0.000293948,5.593871155
43.005793452,TRACKING,,0.001112515,1,0.000104576,0.000000240,0.049730691,0.000000000,0.000000000,0.050000000,-0.000104702,0.000010446,-0.000269058,0.000288901,5.568693268
43.016013867,TRACKING,,0.005623128,1,0.000101857,0.000000114,0.049734124,0.000000000,0.000000000,0.050000000,-0.000102003,0.000010019,-0.000265631,0.000284719,5.548225716
43.026223597,TRACKING,,0.002084927,1,0.000133914,-0.000000035,0.049737862,0.000000000,0.000000000,0.050000000,-0.000134103,0.000012933,-0.000261722,0.000294363,5.526478790
43.036189926,TRACKING,,0.002265399,1,0.000130749,-0.000000191,0.049741194,0.000000000,0.000000000,0.050000000,-0.000130961,0.000012426,-0.000258400,0.000289958,5.506334025
43.046507702,TRACKING,,0.000028496,1,0.000127281,-0.000000359,0.049744484,0.000000000,0.000000000,0.050000000,-0.000127519,0.000011881,-0.000255121,0.000285463,5.486410352
43.056507276,TRACKING,,0.000166224,1,0.000163007,-0.000000535,0.049747755,0.000000000,0.000000000,0.050000000,-0.000163291,0.000015079,-0.000251610,0.000300332,5.467526567
43.066714631,TRACKING,,0.000015435,1,0.000157799,-0.000000768,0.049751861,0.000000000,0.000000000,0.050000000,-0.000158117,0.000014281,-0.000247525,0.000294064,5.442529940
43.077051403,TRACKING,,0.000034432,1,0.000153162,-0.000000976,0.049755173,0.000000000,0.000000000,0.050000000,-0.000153511,0.000013578,-0.000244233,0.000288790,5.422341933
43.086942932,TRACKING,,0.000017810,1,0.000191828,-0.000001200,0.049758366,0.000000000,0.000000000,0.050000000,-0.000192228,0.000016957,-0.000240722,0.000308523,5.404183242
43.096960317,TRACKING,,0.000023746,1,0.000186473,-0.000001434,0.049761642,0.000000000,0.000000000,0.050000000,-0.000186907,0.000016153,-0.000237474,0.000302637,5.384125714
43.107114242,TRACKING,,0.000174536,1,0.000180682,-0.000001682,0.049764912,0.000000000,0.000000000,0.050000000,-0.000181153,0.000015298,-0.000234232,0.000296505,5.364103510
43.117092445,TRACKING,,0.000270708,1,0.000220890,-0.000002024,0.049768696,0.000000000,0.000000000,0.050000000,-0.000221424,0.000018636,-0.000230048,0.000319840,5.342586720
43.127149011,TRACKING,,0.000358570,1,0.000212489,-0.000002375,0.049772729,0.000000000,0.000000000,0.050000000,-0.000213074,0.000017411,-0.000226065,0.000311142,5.317853717
43.137259006,TRACKING,,0.001308422,1,0.000212489,-0.000002375,0.049772729,0.000000000,0.000000000,0.050000000,-0.000213074,0.000017411,-0.000226065,0.000311142,5.317853717
43.147410557,TRACKING,,0.001335730,1,0.000203713,-0.000002715,0.049776592,0.000000000,0.000000000,0.050000000,-0.000204349,0.000016175,-0.000222255,0.000302353,5.294358700
43.157477809,TRACKING,,0.001456836,1,0.000247352,-0.000003029,0.049779678,0.000000000,0.000000000,0.050000000,-0.000248044,0.000019812,-0.000218668,0.000331261,5.277990401
43.167740967,TRACKING,,0.001677678,1,0.000237076,-0.000003442,0.049783701,0.000000000,0.000000000,0.050000000,-0.000237827,0.000018353,-0.000214718,0.000320940,5.253101098
43.177796346,TRACKING,,0.001747729,1,0.000228299,-0.000003799,0.049786909,0.000000000,0.000000000,0.050000000,-0.000229102,0.000017114,-0.000211571,0.000312319,5.233177785
43.187791171,TRACKING,,0.001760790,1,0.000271833,-0.000004246,0.049790731,0.000000000,0.000000000,0.050000000,-0.000272704,0.000020528,-0.000207162,0.000343081,5.213059362
43.198436646,TRACKING,,0.004764699,1,0.000261881,-0.000004641,0.049793964,0.000000000,0.000000000,0.050000000,-0.000262808,0.000019138,-0.000204010,0.000333248,5.192939509
43.208440969,TRACKING,,0.000018997,1,0.000248932,-0.000005142,0.049797931,0.000000000,0.000000000,0.050000000,-0.000249930,0.000017362,-0.000200148,0.000320664,5.168353166
43.218515345,TRACKING,,0.000129418,1,0.000296978,-0.000005565,0.049800820,0.000000000,0.000000000,0.050000000,-0.000298032,0.000021168,-0.000196540,0.000357630,5.154638691
43.228637213,TRACKING,,0.000081925,1,0.000282560,-0.000006119,0.049804779,0.000000000,0.000000000,0.050000000,-0.000283691,0.000019201,-0.000192716,0.000343495,5.130001894
43.238645099,TRACKING,,0.000218467,1,0.000270034,-0.000006589,0.049808041,0.000000000,0.000000000,0.050000000,-0.000271231,0.000017521,-0.000189570,0.000331376,5.109805950
43.248717100,TRACKING,,0.000834683,1,0.000270034,-0.000006589,0.049808041,0.000000000,0.000000000,0.050000000,-0.000271231,0.000017521,-0.000189570,0.000331376,5.109805950
43.258888835,TRACKING,,0.000793127,1,0.000316918,-0.000007157,0.049811611,0.000000000,0.000000000,0.050000000,-0.000318183,0.000020993,-0.000185195,0.000368753,5.093202239
43.268842104,TRACKING,,0.000987847,1,0.000303245,-0.000007654,0.049814864,0.000000000,0.000000000,0.050000000,-0.000304578,0.000019182,-0.000182086,0.000355375,5.072961286
43.279016214,TRACKING,,0.000966475,1,0.000285651,-0.000008290,0.049818853,0.000000000,0.000000000,0.050000000,-0.000287071,0.000016875,-0.000178283,0.000338348,5.048213741
43.289028849,TRACKING,,0.000895236,1,0.000338555,-0.000008835,0.049821750,0.000000000,0.000000000,0.050000000,-0.000340029,0.000020853,-0.000174401,0.000382715,5.037087918
43.299132908,TRACKING,,0.000771755,1,0.000322991,-0.000009393,0.049824993,0.000000000,0.000000000,0.050000000,-0.000324540,0.000018824,-0.000171344,0.000367477,5.016850664
43.309176413,TRACKING,,0.000692206,1,0.000306626,-0.000009978,0.049828263,0.000000000,0.000000000,0.050000000,-0.000308252,0.000016709,-0.000168267,0.000351585,4.996426713
43.319234166,TRACKING,,0.000790752,1,0.000357296,-0.000010575,0.049831039,0.000000000,0.000000000,0.050000000,-0.000358974,0.000020380,-0.000164445,0.000395373,4.986875502
43.329329913,TRACKING,,0.000845369,1,0.000335952,-0.000011335,0.049834990,0.000000000,0.000000000,0.050000000,-0.000337729,0.000017637,-0.000160777,0.000374461,4.962192802
43.339338987,TRACKING,,0.000892861,1,0.000317705,-0.000011976,0.049838232,0.000000000,0.000000000,0.050000000,-0.000319564,0.000015321,-0.000157774,0.000356719,4.941994258
43.349452543,TRACKING,,0.000379941,1,0.000370593,-0.000012662,0.049841148,0.000000000,0.000000000,0.050000000,-0.000372502,0.000019024,-0.000153666,0.000403402,4.933618587
43.359490112,TRACKING,,0.000340760,1,0.000351089,-0.000013342,0.049844375,0.000000000,0.000000000,0.050000000,-0.000353084,0.000016562,-0.000150725,0.000384266,4.913451469
43.369512246,TRACKING,,0.000459492,1,0.000326296,-0.000014212,0.049848301,0.000000000,0.000000000,0.050000000,-0.000328400,0.000013455,-0.000147159,0.000360116,4.888720625
43.379641238,TRACKING,,0.000220841,1,0.000380958,-0.000014942,0.049851006,0.000000000,0.000000000,0.050000000,-0.000383105,0.000017203,-0.000143130,0.000409331,4.883304842
43.389664559,TRACKING,,0.000268334,1,0.000380958,-0.000014942,0.049851006,0.000000000,0.000000000,0.050000000,-0.000383105,0.000017203,-0.000143130,0.000409331,4.883304842
43.399754369,TRACKING,,0.000244587,1,0.000337043,-0.000016451,0.049857445,0.000000000,0.000000000,0.050000000,-0.000339375,0.000011778,-0.000137394,0.000366321,4.843256313
43.409882174,TRACKING,,0.000191158,1,0.000313757,-0.000017245,0.049860689,0.000000000,0.000000000,0.050000000,-0.000316184,0.000008936,-0.000134520,0.000343727,4.822896150
43.419878187,TRACKING,,0.000184034,1,0.000313757,-0.000017245,0.049860689,0.000000000,0.000000000,0.050000000,-0.000316184,0.000008936,-0.000134520,0.000343727,4.822896150
43.430074856,TRACKING,,0.000043931,1,0.000363022,-0.000018232,0.049864159,0.000000000,0.000000000,0.050000000,-0.000365507,0.000011879,-0.000129745,0.000388034,4.814987042
43.440650279,TRACKING,,0.000024934,1,0.000338630,-0.000019044,0.049867345,0.000000000,0.000000000,0.050000000,-0.000341211,0.000008939,-0.000126984,0.000364184,4.794684138
43.450776896,TRACKING,,0.002375819,1,0.000312282,-0.000019913,0.049870699,0.000000000,0.000000000,0.050000000,-0.000314967,0.000005794,-0.000124087,0.000338578,4.773351155
43.460712356,TRACKING,,0.000018997,1,0.000369166,-0.000020753,0.049873285,0.000000000,0.000000000,0.050000000,-0.000371874,0.000009476,-0.000119960,0.000390859,4.772922830
43.474279814,TRACKING,,0.005190945,1,0.000337152,-0.000021796,0.049877122,0.000000000,0.000000000,0.050000000,-0.000339982,0.000005687,-0.000116730,0.000359508,4.748273623
43.480832611,TRACKING,,0.000015435,1,0.000310701,-0.000022658,0.049880126,0.000000000,0.000000000,0.050000000,-0.000313631,0.000002579,-0.000114224,0.000333794,4.728316740
43.491461463,TRACKING,,0.002488615,1,0.000358743,-0.000023805,0.049883607,0.000000000,0.000000000,0.050000000,-0.000361716,0.000005146,-0.000109295,0.000377903,4.724396169
43.501433729,TRACKING,,0.002457744,1,0.000330488,-0.000024712,0.049886716,0.000000000,0.000000000,0.050000000,-0.000333563,0.000001861,-0.000106764,0.000350237,4.704353744
43.511549661,TRACKING,,0.002387692,1,0.000301554,-0.000025637,0.049889812,0.000000000,0.000000000,0.050000000,-0.000304733,-0.000001474,-0.000104256,0.000322077,4.684311314
43.521599103,TRACKING,,0.000081925,1,0.000352582,-0.000026778,0.049892989,0.000000000,0.000000000,0.050000000,-0.000355785,0.000001292,-0.000099488,0.000369436,4.684825838
43.531591553,TRACKING,,0.000108045,1,0.000322029,-0.000027744,0.049896115,0.000000000,0.000000000,0.050000000,-0.000325337,-0.000002198,-0.000097034,0.000339506,4.664716685
43.541709860,TRACKING,,0.000236276,1,0.000322029,-0.000027744,0.049896115,0.000000000,0.000000000,0.050000000,-0.000325337,-0.000002198,-0.000097034,0.000339506,4.664716685
43.551863785,TRACKING,,0.000153164,1,0.000373495,-0.000028982,0.049899470,0.000000000,0.000000000,0.050000000,-0.000376819,0.000000453,-0.000091938,0.000387873,4.667850499
43.561933412,TRACKING,,0.000203031,1,0.000341420,-0.000029988,0.049902605,0.000000000,0.000000000,0.050000000,-0.000344849,-0.000003180,-0.000089564,0.000356304,4.647754151
43.571988790,TRACKING,,0.000083112,1,0.000308587,-0.000031018,0.049905732,0.000000000,0.000000000,0.050000000,-0.000312124,-0.000006873,-0.000087212,0.000324152,4.627695666
43.582086912,TRACKING,,0.000122294,1,0.000274868,-0.000032075,0.049908840,0.000000000,0.000000000,0.050000000,-0.000278516,-0.000010637,-0.000084893,0.000291361,4.607510407
43.592149414,TRACKING,,0.000102109,1,0.000323094,-0.000033409,0.049912197,0.000000000,0.000000000,0.050000000,-0.000326748,-0.000008387,-0.000079880,0.000336475,4.613027943
43.602162049,TRACKING,,0.002103923,1,0.000288052,-0.000034490,0.049915271,0.000000000,0.000000000,0.050000000,-0.000291817,-0.000012257,-0.000077686,0.000302229,4.592877184
43.612315975,TRACKING,,0.002341387,1,0.000251482,-0.000035614,0.049918373,0.000000000,0.000000000,0.050000000,-0.000255363,-0.000016262,-0.000075498,0.000266786,4.572237957
43.622364229,TRACKING,,0.002391254,1,0.000301549,-0.000036963,0.049921519,0.000000000,0.000000000,0.050000000,-0.000305417,-0.000013930,-0.000070594,0.000313779,4.581825486
43.633469195,TRACKING,,0.003332796,1,0.000264601,-0.000038086,0.049924543,0.000000000,0.000000000,0.050000000,-0.000268582,-0.000017937,-0.000068558,0.000277773,4.561816954
43.643430776,TRACKING,,0.002014875,1,0.000222285,-0.000039365,0.049927870,0.000000000,0.000000000,0.050000000,-0.000226395,-0.000022487,-0.000066354,0.000236988,4.539291968
43.653512275,TRACKING,,0.002108673,1,0.000280806,-0.000040507,0.049930339,0.000000000,0.000000000,0.050000000,-0.000284861,-0.000019342,-0.000061850,0.000292139,4.556819162
43.663611584,TRACKING,,0.004559293,1,0.000280806,-0.000040507,0.049930339,0.000000000,0.000000000,0.050000000,-0.000284861,-0.000019342,-0.000061850,0.000292139,4.556819162
43.673661026,TRACKING,,0.002156165,1,0.000232789,-0.000041941,0.049933999,0.000000000,0.000000000,0.050000000,-0.000236985,-0.000024453,-0.000059550,0.000245573,4.532223755
43.683810202,TRACKING,,0.001813031,1,0.000192693,-0.000043140,0.049936986,0.000000000,0.000000000,0.050000000,-0.000197006,-0.000028689,-0.000057690,0.000207274,4.512145725
43.693812152,TRACKING,,0.001761976,1,0.000249320,-0.000044387,0.049939663,0.000000000,0.000000000,0.050000000,-0.000253566,-0.000025847,-0.000052986,0.000260329,4.532235805
43.703866343,TRACKING,,0.001384410,1,0.000208272,-0.000045590,0.049942580,0.000000000,0.000000000,0.050000000,-0.000212634,-0.000030135,-0.000051298,0.000220801,4.512229793
43.714505881,TRACKING,,0.002217906,1,0.000164050,-0.000046902,0.049945806,0.000000000,0.000000000,0.050000000,-0.000168533,-0.000034739,-0.000049386,0.000179023,4.491208268
43.724474585,TRACKING,,0.002089676,1,0.000217858,-0.000048420,0.049949001,0.000000000,0.000000000,0.050000000,-0.000222268,-0.000032435,-0.000044186,0.000228927,4.513404777
43.734638009,TRACKING,,0.002094425,1,0.000174983,-0.000049657,0.049951872,0.000000000,0.000000000,0.050000000,-0.000179510,-0.000036833,-0.000042673,0.000188152,4.493558233
43.744767001,TRACKING,,0.002234529,1,0.000130828,-0.000050930,0.049954759,0.000000000,0.000000000,0.050000000,-0.000135474,-0.000041330,-0.000041174,0.000147501,4.473474426
43.754728582,TRACKING,,0.002245214,1,0.000183955,-0.000052198,0.049957311,0.000000000,0.000000000,0.050000000,-0.000188506,-0.000038855,-0.000036637,0.000195925,4.499111295
43.765040420,TRACKING,,0.002230966,1,0.000127654,-0.000053809,0.049960919,0.000000000,0.000000000,0.050000000,-0.000132352,-0.000044536,-0.000034897,0.000143939,4.474318276
43.775048306,TRACKING,,0.002512360,1,0.000081515,-0.000055121,0.049963771,0.000000000,0.000000000,0.050000000,-0.000086333,-0.000049149,-0.000033564,0.000104860,4.454340970
43.785147615,TRACKING,,0.002373444,1,0.000139145,-0.000056439,0.049966394,0.000000000,0.000000000,0.050000000,-0.000143838,-0.000046450,-0.000028791,0.000153870,4.485782205
43.795136504,TRACKING,,0.000020185,1,0.000091578,-0.000057780,0.049969272,0.000000000,0.000000000,0.050000000,-0.000096392,-0.000051164,-0.000027569,0.000112558,4.465768379
43.807638941,TRACKING,,0.004802693,1,0.000032016,-0.000059448,0.049972740,0.000000000,0.000000000,0.050000000,-0.000036981,-0.000057013,-0.000026156,0.000072816,4.441112087
43.817554216,TRACKING,,0.001722795,1,0.000087219,-0.000060848,0.049975472,0.000000000,0.000000000,0.050000000,-0.000092047,-0.000054610,-0.000021361,0.000109138,4.475325328
43.827610782,TRACKING,,0.001543511,1,0.000037254,-0.000062224,0.049978275,0.000000000,0.000000000,0.050000000,-0.000042206,-0.000059457,-0.000020375,0.000075708,4.455211951
43.837567613,TRACKING,,0.001297736,1,-0.000015649,-0.000063704,0.049981348,0.000000000,0.000000000,0.050000000,0.000010571,-0.000064576,-0.000019212,0.000068198,4.434344606
43.847620617,TRACKING,,0.001250243,1,0.000039502,-0.000065144,0.049984257,0.000000000,0.000000000,0.050000000,-0.000044417,-0.000062260,-0.000014242,0.000077795,4.472455313
43.857772168,TRACKING,,0.001117264,1,-0.000012515,-0.000066573,0.049987143,0.000000000,0.000000000,0.050000000,0.000007476,-0.000067233,-0.000013331,0.000068949,4.452462835
43.867814486,TRACKING,,0.000311077,1,-0.000066804,-0.000068051,0.049990039,0.000000000,0.000000000,0.050000000,0.000061636,-0.000072375,-0.000012482,0.000095880,4.431861548
43.878071708,TRACKING,,0.000024934,1,-0.000066804,-0.000068051,0.049990039,0.000000000,0.000000000,0.050000000,0.000061636,-0.000072375,-0.000012482,0.000095880,4.431861548
43.888105714,TRACKING,,0.001947198,1,-0.000030433,-0.000069985,0.049993838,0.000000000,0.000000000,0.050000000,0.000025403,-0.000071850,-0.000007375,0.000076564,4.466740590
43.898118349,TRACKING,,0.001780974,1,-0.000087100,-0.000071475,0.049996584,0.000000000,0.000000000,0.050000000,0.000081934,-0.000077114,-0.000006865,0.000112725,4.445693424
43.908252090,TRACKING,,0.004295709,1,-0.000142292,-0.000072913,0.049999153,0.000000000,0.000000000,0.050000000,0.000136992,-0.000082192,-0.000006458,0.000159888,4.425472624
43.918326466,TRACKING,,0.001621873,1,-0.000197335,-0.000074345,0.050001690,0.000000000,0.000000000,0.050000000,0.000191904,-0.000087220,-0.000006059,0.000210882,4.405547528
43.928392530,TRACKING,,0.001589816,1,-0.000143278,-0.000075783,0.050004543,0.000000000,0.000000000,0.050000000,0.000138048,-0.000085049,-0.000001384,0.000162149,4.451060523
43.938541706,TRACKING,,0.002466056,1,-0.000198797,-0.000077191,0.050006961,0.000000000,0.000000000,0.050000000,0.000193434,-0.000090049,-0.000001228,0.000213371,4.431267507
43.948687321,TRACKING,,0.002386505,1,-0.000265583,-0.000078911,0.050009975,0.000000000,0.000000000,0.050000000,0.000260067,-0.000096047,-0.000000912,0.000277238,4.407845868
43.959184381,TRACKING,,0.000251711,1,-0.000212065,-0.000080368,0.050012981,0.000000000,0.000000000,0.050000000,0.000206773,-0.000093964,0.000003841,0.000227154,4.456830045
43.969530651,TRACKING,,0.003234248,1,-0.000270359,-0.000081830,0.050015477,0.000000000,0.000000000,0.050000000,0.000264933,-0.000099121,0.000003874,0.000282895,4.436749237
43.979562283,TRACKING,,0.001985192,1,-0.000335280,-0.000083441,0.050018120,0.000000000,0.000000000,0.050000000,0.000329704,-0.000104805,0.000003796,0.000345982,4.414628065
43.989634284,TRACKING,,0.002068304,1,-0.000281893,-0.000084887,0.050021162,0.000000000,0.000000000,0.050000000,0.000276561,-0.000102753,0.000008523,0.000295156,4.467190269
43.999630297,TRACKING,,0.002004189,1,-0.000340996,-0.000086329,0.050023511,0.000000000,0.000000000,0.050000000,0.000335529,-0.000107867,0.000008284,0.000352539,4.447435304
44.009712983,TRACKING,,0.001765539,1,-0.000401450,-0.000087797,0.050025840,0.000000000,0.000000000,0.050000000,0.000395845,-0.000113054,0.000007988,0.000411750,4.427462109
44.019841975,TRACKING,,0.001704986,1,-0.000350118,-0.000089281,0.050029041,0.000000000,0.000000000,0.050000000,0.000344776,-0.000111198,0.000012730,0.000362488,4.482897365
44.032489264,TRACKING,,0.004025001,1,-0.000413946,-0.000090796,0.050031427,0.000000000,0.000000000,0.050000000,0.000408458,-0.000116600,0.000012224,0.000424950,4.462206580
44.042461530,TRACKING,,0.001955510,1,-0.000487381,-0.000092516,0.050034001,0.000000000,0.000000000,0.050000000,0.000481723,-0.000122747,0.000011501,0.000497248,4.438669762
44.052552528,TRACKING,,0.002159727,1,-0.000436483,-0.000094005,0.050037380,0.000000000,0.000000000,0.050000000,0.000431111,-0.000120952,0.000016301,0.000448054,4.497558109
44.062663710,TRACKING,,0.000182847,1,-0.000527953,-0.000096155,0.050040784,0.000000000,0.000000000,0.050000000,0.000522381,-0.000128545,0.000015436,0.000538186,4.469008543
44.072673971,TRACKING,,0.000087861,1,-0.000593043,-0.000097673,0.050043097,0.000000000,0.000000000,0.050000000,0.000587326,-0.000133893,0.000014743,0.000602575,4.448942810
44.082909821,TRACKING,,0.000026121,1,-0.000544641,-0.000099199,0.050046707,0.000000000,0.000000000,0.050000000,0.000539230,-0.000132308,0.000019508,0.000555567,4.510533413
44.092904646,TRACKING,,0.000051055,1,-0.000611197,-0.000100715,0.050049003,0.000000000,0.000000000,0.050000000,0.000605639,-0.000137701,0.000018606,0.000621375,4.490394287
44.103597613,TRACKING,,0.000061741,1,-0.000697761,-0.000102659,0.050051804,0.000000000,0.000000000,0.050000000,0.000692008,-0.000144630,0.000017287,0.000707172,4.464447771
44.113580565,TRACKING,,0.000020185,1,-0.000697761,-0.000102659,0.050051804,0.000000000,0.000000000,0.050000000,0.000692008,-0.000144630,0.000017287,0.000707172,4.464447771
44.123736866,TRACKING,,0.001779787,1,-0.000650104,-0.000104161,0.050055524,0.000000000,0.000000000,0.050000000,0.000644679,-0.000143089,0.000021980,0.000660733,4.529066236
44.133735253,TRACKING,,0.001809469,1,-0.000722956,-0.000105768,0.050057874,0.000000000,0.000000000,0.050000000,0.000717369,-0.000148840,0.000020734,0.000732940,4.507565885
44.143851184,TRACKING,,0.001647994,1,-0.000790671,-0.000107227,0.050059831,0.000000000,0.000000000,0.050000000,0.000784928,-0.000154115,0.000019378,0.000800149,4.487756766
44.153965928,TRACKING,,0.001596940,1,-0.000744444,-0.000108709,0.050063616,0.000000000,0.000000000,0.050000000,0.000739043,-0.000152656,0.000023943,0.000755024,4.555067522
44.164046240,TRACKING,,0.001348791,1,-0.000813500,-0.000110166,0.050065586,0.000000000,0.000000000,0.050000000,0.000807940,-0.000157963,0.000022407,0.000823542,4.535174250
44.174299900,TRACKING,,0.001252618,1,-0.000886485,-0.000111755,0.050067909,0.000000000,0.000000000,0.050000000,0.000880768,-0.000163585,0.000021055,0.000896078,4.514496692
44.184172432,TRACKING,,0.001155258,1,-0.000959042,-0.000113308,0.050070059,0.000000000,0.000000000,0.050000000,0.000953167,-0.000169110,0.000019583,0.000968250,4.494076183
44.194546011,TRACKING,,0.001469897,1,-0.000915400,-0.000114829,0.050074306,0.000000000,0.000000000,0.050000000,0.000909893,-0.000167851,0.000024183,0.000925561,4.563802298
44.204534900,TRACKING,,0.001365413,1,-0.000987800,-0.000116326,0.050076338,0.000000000,0.000000000,0.050000000,0.000982131,-0.000173266,0.000022473,0.000997551,4.543645677
44.214657955,TRACKING,,0.001354727,1,-0.001061159,-0.000117829,0.050078309,0.000000000,0.000000000,0.050000000,0.001055326,-0.000178702,0.000020685,0.001070549,4.523391460
44.224735893,TRACKING,,0.001224123,1,-0.001018396,-0.000119317,0.050082671,0.000000000,0.000000000,0.050000000,0.001012950,-0.000177475,0.000025206,0.001028689,4.595613317
44.234812643,TRACKING,,0.001465148,1,-0.001092601,-0.000120795,0.050084584,0.000000000,0.000000000,0.050000000,0.001086986,-0.000182888,0.000023184,0.001102508,4.575375008
44.244930949,TRACKING,,0.001183754,1,-0.001183117,-0.000122524,0.050086533,0.000000000,0.000000000,0.050000000,0.001177281,-0.000189365,0.000020380,0.001192588,4.550832120
44.254937647,TRACKING,,0.001155259,1,-0.001142651,-0.000124007,0.050091105,0.000000000,0.000000000,0.050000000,0.001137220,-0.000188269,0.000024797,0.001152965,4.625040173
44.264918224,TRACKING,,0.001061460,1,-0.001218850,-0.000125472,0.050092951,0.000000000,0.000000000,0.050000000,0.001213243,-0.000193686,0.000022511,0.001228812,4.604761366
44.275022283,TRACKING,,0.000967662,1,-0.001296121,-0.000126939,0.050094708,0.000000000,0.000000000,0.050000000,0.001290333,-0.000199124,0.000020114,0.001305762,4.584355800
44.285163148,TRACKING,,0.000974787,1,-0.001372439,-0.000128365,0.050096322,0.000000000,0.000000000,0.050000000,0.001366470,-0.000204434,0.000017661,0.001381791,4.564307453
44.295217339,TRACKING,,0.000916608,1,-0.001322710,-0.000129790,0.050101367,0.000000000,0.000000000,0.050000000,0.001317216,-0.000202776,0.000022487,0.001332922,4.649494617
44.305260844,TRACKING,,0.000880988,1,-0.001399650,-0.000131191,0.050102985,0.000000000,0.000000000,0.050000000,0.001393972,-0.000208052,0.000019855,0.001409552,4.629495167
44.315330470,TRACKING,,0.000847743,1,-0.001477393,-0.000132591,0.050104526,0.000000000,0.000000000,0.050000000,0.001471527,-0.000213333,0.000017138,0.001487009,4.609426724
44.325534263,TRACKING,,0.000049867,1,-0.001449161,-0.000133971,0.050109142,0.000000000,0.000000000,0.050000000,0.001443679,-0.000212818,0.000020682,0.001459427,4.679068708
44.335576581,TRACKING,,0.000112795,1,-0.001534433,-0.000135452,0.050110712,0.000000000,0.000000000,0.050000000,0.001528739,-0.000218504,0.000017458,0.001544374,4.657294898
44.345679452,TRACKING,,0.000081925,1,-0.001631628,-0.000137112,0.050112358,0.000000000,0.000000000,0.050000000,0.001625688,-0.000224907,0.000013695,0.001641229,4.632664982
44.355912928,TRACKING,,0.000013061,1,-0.001595044,-0.000138464,0.050117484,0.000000000,0.000000000,0.050000000,0.001589556,-0.000223911,0.000017698,0.001605347,4.712587836
44.367567620,TRACKING,,0.004262465,1,-0.001675321,-0.000139814,0.050118904,0.000000000,0.000000000,0.050000000,0.001669633,-0.000229132,0.000014518,0.001685344,4.692520389
44.377482896,TRACKING,,0.001934137,1,-0.001772200,-0.000141389,0.050120358,0.000000000,0.000000000,0.050000000,0.001766261,-0.000235332,0.000010476,0.001781900,4.668420826
44.387630885,TRACKING,,0.001640871,1,-0.001739567,-0.000142756,0.050125830,0.000000000,0.000000000,0.050000000,0.001734094,-0.000234552,0.000014367,0.001749944,4.749249120
44.397617399,TRACKING,,0.001357102,1,-0.001822294,-0.000144075,0.050127130,0.000000000,0.000000000,0.050000000,0.001816608,-0.000239774,0.000010841,0.001832396,4.728948959
44.407730955,TRACKING,,0.001567257,1,-0.001822294,-0.000144075,0.050127130,0.000000000,0.000000000,0.050000000,0.001816608,-0.000239774,0.000010841,0.001832396,4.728948959
44.417870633,TRACKING,,0.000756320,1,-0.001953678,-0.000146310,0.050129844,0.000000000,0.000000000,0.050000000,0.001947694,-0.000248146,0.000005970,0.001963447,4.697193380
44.427918888,TRACKING,,0.000730199,1,-0.001915395,-0.000147627,0.050135866,0.000000000,0.000000000,0.050000000,0.001909938,-0.000247032,0.000010245,0.001925874,4.784918852
44.437899465,TRACKING,,0.000770568,1,-0.001997643,-0.000148843,0.050136858,0.000000000,0.000000000,0.050000000,0.001991959,-0.000252031,0.000006362,0.002007850,4.765051911
44.447977402,TRACKING,,0.000639963,1,-0.001992065,-0.000150452,0.050142910,0.000000000,0.000000000,0.050000000,0.001986806,-0.000252791,0.000009049,0.002002844,4.838764418
44.458495834,TRACKING,,0.000901172,1,-0.002078151,-0.000151778,0.050144360,0.000000000,0.000000000,0.050000000,0.002072675,-0.000258031,0.000005275,0.002088681,4.818435741
44.468475224,TRACKING,,0.000833496,1,-0.002165233,-0.000153112,0.050145770,0.000000000,0.000000000,0.050000000,0.002159537,-0.000263291,0.000001446,0.002175529,4.798026730
44.478655271,TRACKING,,0.001542324,1,-0.002266080,-0.000154624,0.050147236,0.000000000,0.000000000,0.050000000,0.002260126,-0.000269305,-0.000003097,0.002276116,4.774495405
44.488595479,TRACKING,,0.001611188,1,-0.002236983,-0.000155831,0.050153374,0.000000000,0.000000000,0.050000000,0.002231541,-0.000268553,0.000000431,0.002247643,4.858967788
44.498766027,TRACKING,,0.001728732,1,-0.002324112,-0.000157128,0.050154797,0.000000000,0.000000000,0.050000000,0.002318453,-0.000273697,-0.000003471,0.002334555,4.838877160
44.508687239,TRACKING,,0.001748916,1,-0.002324112,-0.000157128,0.050154797,0.000000000,0.000000000,0.050000000,0.002318453,-0.000273697,-0.000003471,0.002334555,4.838877160
44.519495376,TRACKING,,0.004870370,1,-0.002432213,-0.000158681,0.050156266,0.000000000,0.000000000,0.050000000,0.002426273,-0.000279973,-0.000008542,0.002442387,4.814023731
44.529449832,TRACKING,,0.001854587,1,-0.002408405,-0.000159915,0.050162809,0.000000000,0.000000000,0.050000000,0.002402989,-0.000279487,-0.000005206,0.002419193,4.898439315
44.539508772,TRACKING,,0.001742980,1,-0.002496168,-0.000161096,0.050163816,0.000000000,0.000000000,0.050000000,0.002490509,-0.000284452,-0.000009632,0.002506719,4.878351752
44.549661511,TRACKING,,0.001669366,1,-0.002584561,-0.000162281,0.050164773,0.000000000,0.000000000,0.050000000,0.002578658,-0.000289416,-0.000014101,0.002594887,4.858249893
44.559648025,TRACKING,,0.001405782,1,-0.002553397,-0.000163596,0.050172550,0.000000000,0.000000000,0.050000000,0.002548130,-0.000288642,-0.000009779,0.002564444,4.953161572
44.570053661,TRACKING,,0.002416188,1,-0.002643543,-0.000164836,0.050173866,0.000000000,0.000000000,0.050000000,0.002638042,-0.000293698,-0.000014154,0.002654378,4.932904170
44.580124475,TRACKING,,0.002385317,1,-0.002747300,-0.000166213,0.050175136,0.000000000,0.000000000,0.050000000,0.002741519,-0.000299425,-0.000019374,0.002757890,4.909707840
44.590456498,TRACKING,,0.000191158,1,-0.002738115,-0.000167387,0.050181641,0.000000000,0.000000000,0.050000000,0.002732810,-0.000299576,-0.000016958,0.002749234,4.984300557
44.600478631,TRACKING,,0.000062928,1,-0.002827676,-0.000168529,0.050182668,0.000000000,0.000000000,0.050000000,0.002822123,-0.000304426,-0.000021635,0.002838578,4.964436510
44.610583877,TRACKING,,0.000629277,1,-0.002919468,-0.000169700,0.050183702,0.000000000,0.000000000,0.050000000,0.002913663,-0.000309368,-0.000026398,0.002930160,4.944208574
44.620592950,TRACKING,,0.000613842,1,-0.002918605,-0.000171118,0.050191538,0.000000000,0.000000000,0.050000000,0.002913337,-0.000310030,-0.000023980,0.002929885,5.025647353
44.630662576,TRACKING,,0.000734949,1,-0.003009909,-0.000172262,0.050192633,0.000000000,0.000000000,0.050000000,0.003004390,-0.000314878,-0.000028771,0.003020982,5.005717044
44.640792755,TRACKING,,0.001298924,1,-0.003120268,-0.000173638,0.050193897,0.000000000,0.000000000,0.050000000,0.003114448,-0.000320690,-0.000034555,0.003131105,4.981765943
44.650789955,TRACKING,,0.001317921,1,-0.003104280,-0.000174792,0.050201765,0.000000000,0.000000000,0.050000000,0.003099053,-0.000320473,-0.000031419,0.003115737,5.066745059
44.660924883,TRACKING,,0.001173068,1,-0.003198485,-0.000175942,0.050202892,0.000000000,0.000000000,0.050000000,0.003192998,-0.000325366,-0.000036432,0.003209739,5.046474638
44.670988573,TRACKING,,0.000958164,1,-0.003294515,-0.000177091,0.050203922,0.000000000,0.000000000,0.050000000,0.003288761,-0.000330298,-0.000041605,0.003305567,5.025889742
44.681071260,TRACKING,,0.000967663,1,-0.003280431,-0.000178189,0.050211957,0.000000000,0.000000000,0.050000000,0.003275277,-0.000330104,-0.000038665,0.003292097,5.110571257
44.691085082,TRACKING,,0.000834683,1,-0.003375860,-0.000179291,0.050212971,0.000000000,0.000000000,0.050000000,0.003370435,-0.000334923,-0.000043941,0.003387320,5.090261292
44.701445600,TRACKING,,0.001085207,1,-0.003471331,-0.000180375,0.050213883,0.000000000,0.000000000,0.050000000,0.003465632,-0.000339695,-0.000049266,0.003482588,5.070023380
44.711442800,TRACKING,,0.001041276,1,-0.003566429,-0.000181445,0.050214731,0.000000000,0.000000000,0.050000000,0.003560457,-0.000344408,-0.000054575,0.003577492,5.049914272
44.721616910,TRACKING,,0.000725450,1,-0.003557349,-0.000182523,0.050223136,0.000000000,0.000000000,0.050000000,0.003551976,-0.000344380,-0.000051998,0.003569010,5.133477979
44.731604612,TRACKING,,0.001671741,1,-0.003668948,-0.000183723,0.050224056,0.000000000,0.000000000,0.050000000,0.003663244,-0.000349799,-0.000058435,0.003680371,5.109957052
44.741751413,TRACKING,,0.001670553,1,-0.003764616,-0.000184767,0.050224907,0.000000000,0.000000000,0.050000000,0.003758638,-0.000354429,-0.000063831,0.003775851,5.089877256
44.751759299,TRACKING,,0.001647995,1,-0.003754419,-0.000185702,0.050233231,0.000000000,0.000000000,0.050000000,0.003749040,-0.000354212,-0.000061503,0.003766238,5.173277400
44.761828925,TRACKING,,0.001744167,1,-0.003850781,-0.000186733,0.050234151,0.000000000,0.000000000,0.050000000,0.003845123,-0.000358814,-0.000066992,0.003862410,5.153152194
44.771925860,TRACKING,,0.002008938,1,-0.003850781,-0.000186733,0.050234151,0.000000000,0.000000000,0.050000000,0.003845123,-0.000358814,-0.000066992,0.003862410,5.153152194
44.781999048,TRACKING,,0.001949573,1,-0.003966013,-0.000187842,0.050234670,0.000000000,0.000000000,0.050000000,0.003959991,-0.000364147,-0.000074056,0.003977388,5.129025277
44.792135163,TRACKING,,0.001908016,1,-0.003959132,-0.000188782,0.050243358,0.000000000,0.000000000,0.050000000,0.003953718,-0.000364061,-0.000071822,0.003971094,5.211273107
44.802122865,TRACKING,,0.001203938,1,-0.004062131,-0.000189881,0.050244437,0.000000000,0.000000000,0.050000000,0.004056427,-0.000368895,-0.000077641,0.004073906,5.189913894
44.812234047,TRACKING,,0.001279927,1,-0.004161101,-0.000190890,0.050245235,0.000000000,0.000000000,0.050000000,0.004155107,-0.000373460,-0.000083406,0.004172690,5.169417088
44.822355915,TRACKING,,0.001203938,1,-0.004154580,-0.000191749,0.050253985,0.000000000,0.000000000,0.050000000,0.004149197,-0.000373305,-0.000081339,0.004166751,5.250886125
44.832373299,TRACKING,,0.001154071,1,-0.004252973,-0.000192735,0.050254837,0.000000000,0.000000000,0.050000000,0.004247300,-0.000377784,-0.000087121,0.004264958,5.230566231
44.842364563,TRACKING,,0.000941541,1,-0.004351379,-0.000193707,0.050255597,0.000000000,0.000000000,0.050000000,0.004345414,-0.000382222,-0.000092937,0.004363182,5.210306425
44.852466246,TRACKING,,0.000743260,1,-0.004351670,-0.000194672,0.050264952,0.000000000,0.000000000,0.050000000,0.004346334,-0.000382421,-0.000090911,0.004364073,5.289596420
44.862595238,TRACKING,,0.000772942,1,-0.004451966,-0.000195619,0.050265674,0.000000000,0.000000000,0.050000000,0.004446323,-0.000386856,-0.000096992,0.004464174,5.268984581
44.872671988,TRACKING,,0.000808563,1,-0.004549984,-0.000196533,0.050266300,0.000000000,0.000000000,0.050000000,0.004544039,-0.000391151,-0.000102957,0.004562005,5.248904481
44.882734490,TRACKING,,0.000162662,1,-0.004648070,-0.000197437,0.050266841,0.000000000,0.000000000,0.050000000,0.004641823,-0.000395410,-0.000108951,0.004659907,5.228833232
44.892850422,TRACKING,,0.000201843,1,-0.004655472,-0.000198378,0.050276383,0.000000000,0.000000000,0.050000000,0.004649831,-0.000395813,-0.000107547,0.004667886,5.305653369
44.902975851,TRACKING,,0.002228592,1,-0.004755520,-0.000199259,0.050276894,0.000000000,0.000000000,0.050000000,0.004749562,-0.000400069,-0.000113789,0.004767740,5.285150216
44.913028855,TRACKING,,0.001861711,1,-0.004860055,-0.000200269,0.050277781,0.000000000,0.000000000,0.050000000,0.004853797,-0.000404581,-0.000119901,0.004872105,5.263861021
44.923211276,TRACKING,,0.001799971,1,-0.004863342,-0.000201070,0.050287213,0.000000000,0.000000000,0.050000000,0.004857695,-0.000404698,-0.000118481,0.004875964,5.340187239
44.933182355,TRACKING,,0.001557758,1,-0.004987454,-0.000202112,0.050287725,0.000000000,0.000000000,0.050000000,0.004981406,-0.000409829,-0.000126364,0.004999833,5.314772765
44.943441951,TRACKING,,0.001439027,1,-0.005085662,-0.000202894,0.050287917,0.000000000,0.000000000,0.050000000,0.005079287,-0.000413815,-0.000132742,0.005097844,5.294650787
44.953274114,TRACKING,,0.002445871,1,-0.005099031,-0.000203735,0.050297566,0.000000000,0.000000000,0.050000000,0.005093243,-0.000414296,-0.000131946,0.005111768,5.367497728
44.963493342,TRACKING,,0.002299831,1,-0.005099031,-0.000203735,0.050297566,0.000000000,0.000000000,0.050000000,0.005093243,-0.000414296,-0.000131946,0.005111768,5.367497728
44.973524974,TRACKING,,0.002175162,1,-0.005304041,-0.000205428,0.050298423,0.000000000,0.000000000,0.050000000,0.005297598,-0.000422563,-0.000144904,0.005316400,5.325615000
44.983632594,TRACKING,,0.001917515,1,-0.005314384,-0.000206247,0.050308374,0.000000000,0.000000000,0.050000000,0.005308558,-0.000422925,-0.000143725,0.005327318,5.397610555
44.993573990,TRACKING,,0.001602877,1,-0.005415322,-0.000207029,0.050308667,0.000000000,0.000000000,0.050000000,0.005409162,-0.000426885,-0.000150273,0.005428061,5.376966443
45.003572377,TRACKING,,0.001716859,1,-0.005415322,-0.000207029,0.050308667,0.000000000,0.000000000,0.050000000,0.005409162,-0.000426885,-0.000150273,0.005428061,5.376966443
45.013599260,TRACKING,,0.001163569,1,-0.005536779,-0.000207919,0.050308753,0.000000000,0.000000000,0.050000000,0.005530205,-0.000431559,-0.000158324,0.005549277,5.352084905
45.024041703,TRACKING,,0.000042743,1,-0.005551048,-0.000208783,0.050319026,0.000000000,0.000000000,0.050000000,0.005545097,-0.000432088,-0.000157198,0.005564127,5.421579736
45.035317642,TRACKING,,0.000934418,1,-0.005663955,-0.000209682,0.050319507,0.000000000,0.000000000,0.050000000,0.005657644,-0.000436455,-0.000164351,0.005676834,5.398483980
45.045426450,TRACKING,,0.000985473,1,-0.005764346,-0.000210467,0.050319831,0.000000000,0.000000000,0.050000000,0.005757713,-0.000440296,-0.000170743,0.005777047,5.377947291
45.055371407,TRACKING,,0.000863178,1,-0.005777773,-0.000211248,0.050329996,0.000000000,0.000000000,0.050000000,0.005771755,-0.000440708,-0.000169731,0.005791044,5.445699118
45.065464780,TRACKING,,0.000933231,1,-0.005876950,-0.000212020,0.050330384,0.000000000,0.000000000,0.050000000,0.005870615,-0.000444457,-0.000176036,0.005890046,5.425357122
45.075490475,TRACKING,,0.000943916,1,-0.005999745,-0.000212973,0.050330790,0.000000000,0.000000000,0.050000000,0.005993018,-0.000449059,-0.000183827,0.006012630,5.400174230
45.085519732,TRACKING,,0.000856055,1,-0.006016628,-0.000213717,0.050340890,0.000000000,0.000000000,0.050000000,0.006010497,-0.000449530,-0.000183147,0.006030065,5.465094258
45.098276254,TRACKING,,0.003407596,1,-0.006114207,-0.000214436,0.050341138,0.000000000,0.000000000,0.050000000,0.006107757,-0.000453103,-0.000189451,0.006127470,5.444989683
45.105604368,TRACKING,,0.002195347,1,-0.006220483,-0.000215086,0.050340794,0.000000000,0.000000000,0.050000000,0.006213644,-0.000456823,-0.000196844,0.006233523,5.422955308
45.115770167,TRACKING,,0.001265679,1,-0.006326187,-0.000215827,0.050340796,0.000000000,0.000000000,0.050000000,0.006318995,-0.000460592,-0.000203782,0.006339035,5.401072702
45.125813672,TRACKING,,0.001290612,1,-0.006338142,-0.000216550,0.050351794,0.000000000,0.000000000,0.050000000,0.006331609,-0.000460821,-0.000202644,0.006351590,5.469962974
45.136003217,TRACKING,,0.001171881,1,-0.006436816,-0.000217263,0.050351981,0.000000000,0.000000000,0.050000000,0.006429963,-0.000464319,-0.000208985,0.006450092,5.449428231
45.146030099,TRACKING,,0.001053150,1,-0.006534045,-0.000217951,0.050352058,0.000000000,0.000000000,0.050000000,0.006526874,-0.000467723,-0.000215270,0.006547152,5.429132480
45.156086665,TRACKING,,0.001069772,1,-0.006560816,-0.000218620,0.050361222,0.000000000,0.000000000,0.050000000,0.006554137,-0.000468431,-0.000215518,0.006574388,5.482030299
45.166077928,TRACKING,,0.000940354,1,-0.006657227,-0.000219274,0.050361239,0.000000000,0.000000000,0.050000000,0.006650226,-0.000471733,-0.000221823,0.006670625,5.461764386
45.176170113,TRACKING,,0.000505796,1,-0.006754096,-0.000219913,0.050361139,0.000000000,0.000000000,0.050000000,0.006746769,-0.000475006,-0.000228202,0.006767318,5.441330671
45.186255174,TRACKING,,0.000484425,1,-0.006779223,-0.000220539,0.050370829,0.000000000,0.000000000,0.050000000,0.006772423,-0.000475553,-0.000228383,0.006792939,5.497139369
45.196308178,TRACKING,,0.000685081,1,-0.006894240,-0.000221254,0.050370564,0.000000000,0.000000000,0.050000000,0.006887039,-0.000479336,-0.000236112,0.006907736,5.472674159
45.206352870,TRACKING,,0.000371630,1,-0.006994190,-0.000221902,0.050370405,0.000000000,0.000000000,0.050000000,0.006986653,-0.000482623,-0.000242678,0.007007506,5.451363038
45.216466427,TRACKING,,0.000289705,1,-0.007017737,-0.000222463,0.050379845,0.000000000,0.000000000,0.050000000,0.007010711,-0.000483052,-0.000242875,0.007031529,5.504759004
45.226526555,TRACKING,,0.000510546,1,-0.007017737,-0.000222463,0.050379845,0.000000000,0.000000000,0.050000000,0.007010711,-0.000483052,-0.000242875,0.007031529,5.504759004
45.236589057,TRACKING,,0.000393002,1,-0.007133555,-0.000223193,0.050379604,0.000000000,0.000000000,0.050000000,0.007126135,-0.000486782,-0.000250538,0.007147134,5.479843162
45.246712112,TRACKING,,0.000237463,1,-0.007227632,-0.000223758,0.050379238,0.000000000,0.000000000,0.050000000,0.007219884,-0.000489753,-0.000256852,0.007241033,5.459518761
45.256807859,TRACKING,,0.000197094,1,-0.007254163,-0.000224311,0.050388464,0.000000000,0.000000000,0.050000000,0.007246900,-0.000490249,-0.000257279,0.007268019,5.509431959
45.266795560,TRACKING,,0.000143665,1,-0.007346715,-0.000224852,0.050388069,0.000000000,0.000000000,0.050000000,0.007339126,-0.000493113,-0.000263522,0.007360393,5.489238929
45.276924552,TRACKING,,0.000965288,1,-0.007439083,-0.000225390,0.050387616,0.000000000,0.000000000,0.050000000,0.007431170,-0.000495945,-0.000269743,0.007452584,5.469018038
45.287150904,TRACKING,,0.000737324,1,-0.007483079,-0.000226058,0.050396665,0.000000000,0.000000000,0.050000000,0.007475585,-0.000496984,-0.000271211,0.007496994,5.512156910
45.297068553,TRACKING,,0.000706453,1,-0.007576685,-0.000226617,0.050396266,0.000000000,0.000000000,0.050000000,0.007568867,-0.000499818,-0.000277432,0.007590424,5.491463261
45.307091874,TRACKING,,0.000508172,1,-0.007667835,-0.000227146,0.050395781,0.000000000,0.000000000,0.050000000,0.007659700,-0.000502539,-0.000283513,0.007681402,5.471214774
45.317163875,TRACKING,,0.000460679,1,-0.007700622,-0.000227673,0.050404358,0.000000000,0.000000000,0.050000000,0.007692909,-0.000503152,-0.000284448,0.007714592,5.513505636
45.327275057,TRACKING,,0.000438119,1,-0.007789845,-0.000228172,0.050403802,0.000000000,0.000000000,0.050000000,0.007781816,-0.000505749,-0.000290456,0.007803640,5.493450651
45.337336372,TRACKING,,0.000439307,1,-0.007878937,-0.000228668,0.050403197,0.000000000,0.000000000,0.050000000,0.007870594,-0.000508317,-0.000296433,0.007892560,5.473330421
45.347409560,TRACKING,,0.000324137,1,-0.007967578,-0.000229154,0.050402519,0.000000000,0.000000000,0.050000000,0.007958922,-0.000510836,-0.000302381,0.007981030,5.453184457
45.357449503,TRACKING,,0.000224403,1,-0.008000342,-0.000229633,0.050410700,0.000000000,0.000000000,0.050000000,0.007992078,-0.000511376,-0.000303417,0.008014168,5.492088368
45.367515567,TRACKING,,0.000406062,1,-0.008087431,-0.000230098,0.050409981,0.000000000,0.000000000,0.050000000,0.008078857,-0.000513792,-0.000309273,0.008101084,5.472003092
45.377613688,TRACKING,,0.000343134,1,-0.008194363,-0.000230657,0.050408977,0.000000000,0.000000000,0.050000000,0.008185408,-0.000516711,-0.000316481,0.008207804,5.447153956
45.388555992,TRACKING,,0.003849278,1,-0.008227389,-0.000231101,0.050416689,0.000000000,0.000000000,0.050000000,0.008218795,-0.000517211,-0.000317602,0.008241175,5.482456490
45.398776407,TRACKING,,0.002132419,1,-0.008325878,-0.000231570,0.050415574,0.000000000,0.000000000,0.050000000,0.008316921,-0.000519791,-0.000324353,0.008339458,5.459163686
45.408565826,TRACKING,,0.002241652,1,-0.008325878,-0.000231570,0.050415574,0.000000000,0.000000000,0.050000000,0.008316921,-0.000519791,-0.000324353,0.008339458,5.459163686
45.418668697,TRACKING,,0.000688643,1,-0.008428852,-0.000232046,0.050414268,0.000000000,0.000000000,0.050000000,0.008419515,-0.000522434,-0.000331437,0.008442216,5.434572373
45.428701516,TRACKING,,0.000634027,1,-0.008477830,-0.000232595,0.050421527,0.000000000,0.000000000,0.050000000,0.008468783,-0.000523364,-0.000333463,0.008491489,5.462423121
45.438815073,TRACKING,,0.000603156,1,-0.008561727,-0.000233033,0.050420635,0.000000000,0.000000000,0.050000000,0.008552388,-0.000525515,-0.000338986,0.008575221,5.442056102
45.449251580,TRACKING,,0.000860804,1,-0.008644331,-0.000233457,0.050419677,0.000000000,0.000000000,0.050000000,0.008634704,-0.000527599,-0.000344426,0.008657661,5.421844358
45.459204849,TRACKING,,0.001036527,1,-0.008682053,-0.000233870,0.050426295,0.000000000,0.000000000,0.050000000,0.008672707,-0.000528151,-0.000345945,0.008695658,5.448572318
45.469318406,TRACKING,,0.000214904,1,-0.008788575,-0.000234448,0.050425162,0.000000000,0.000000000,0.050000000,0.008778872,-0.000530802,-0.000352750,0.008801976,5.422048737
45.479857021,TRACKING,,0.002978976,1,-0.008869465,-0.000234825,0.050423974,0.000000000,0.000000000,0.050000000,0.008859472,-0.000532717,-0.000358143,0.008882697,5.401632927
45.489875593,TRACKING,,0.002396004,1,-0.008913375,-0.000235198,0.050429715,0.000000000,0.000000000,0.050000000,0.008903594,-0.000533331,-0.000360283,0.008926827,5.422800469
45.499971340,TRACKING,,0.002257087,1,-0.008991718,-0.000235545,0.050428453,0.000000000,0.000000000,0.050000000,0.008981653,-0.000535114,-0.000365520,0.009005001,5.402595634
45.510056401,TRACKING,,0.002081365,1,-0.009070594,-0.000235892,0.050427115,0.000000000,0.000000000,0.050000000,0.009060245,-0.000536877,-0.000370777,0.009083708,5.382047356
45.520231698,TRACKING,,0.001860524,1,-0.009110627,-0.000236216,0.050432232,0.000000000,0.000000000,0.050000000,0.009100466,-0.000537365,-0.000372715,0.009123933,5.400171528
45.530190904,TRACKING,,0.000649462,1,-0.009196331,-0.000236578,0.050430670,0.000000000,0.000000000,0.050000000,0.009185859,-0.000539205,-0.000378414,0.009209449,5.377332491
45.540680840,TRACKING,,0.000660148,1,-0.009271799,-0.000236931,0.050429368,0.000000000,0.000000000,0.050000000,0.009261067,-0.000540830,-0.000383270,0.009284759,5.357000450
45.550370525,TRACKING,,0.000599594,1,-0.009314440,-0.000237266,0.050433812,0.000000000,0.000000000,0.050000000,0.009303855,-0.000541371,-0.000385318,0.009327554,5.370241971
45.560397407,TRACKING,,0.000281394,1,-0.009390045,-0.000237623,0.050432464,0.000000000,0.000000000,0.050000000,0.009379204,-0.000542947,-0.000390111,0.009403002,5.349398668
45.570439725,TRACKING,,0.002895863,1,-0.009462276,-0.000237929,0.050430959,0.000000000,0.000000000,0.050000000,0.009451179,-0.000544384,-0.000394810,0.009475073,5.329186973
45.580466608,TRACKING,,0.000011873,1,-0.009510186,-0.000238326,0.050434776,0.000000000,0.000000000,0.050000000,0.009499198,-0.000545070,-0.000396982,0.009523101,5.336712613
45.590483992,TRACKING,,0.000163850,1,-0.009579568,-0.000238584,0.050433127,0.000000000,0.000000000,0.050000000,0.009568327,-0.000546356,-0.000401563,0.009592322,5.316745794
45.600611796,TRACKING,,0.005421285,1,-0.009579568,-0.000238584,0.050433127,0.000000000,0.000000000,0.050000000,0.009568327,-0.000546356,-0.000401563,0.009592322,5.316745794
45.610733664,TRACKING,,0.002182286,1,-0.009667924,-0.000238904,0.050430904,0.000000000,0.000000000,0.050000000,0.009656360,-0.000547941,-0.000407395,0.009680470,5.290947115
45.621582170,TRACKING,,0.000049867,1,-0.009713225,-0.000239143,0.050433418,0.000000000,0.000000000,0.050000000,0.009701700,-0.000548413,-0.000409927,0.009725831,5.294645121
45.631685040,TRACKING,,0.002334263,1,-0.009781990,-0.000239379,0.050431555,0.000000000,0.000000000,0.050000000,0.009770214,-0.000549569,-0.000414437,0.009794430,5.273941016
45.641635935,TRACKING,,0.000055804,1,-0.009913576,-0.000239862,0.050427918,0.000000000,0.000000000,0.050000000,0.009901335,-0.000551722,-0.000422872,0.009925706,5.233488169
45.651962021,TRACKING,,0.000070051,1,-0.009959609,-0.000240089,0.050429522,0.000000000,0.000000000,0.050000000,0.009947366,-0.000552162,-0.000425420,0.009971758,5.232141325
45.661928351,TRACKING,,0.000059366,1,-0.010022996,-0.000240315,0.050427625,0.000000000,0.000000000,0.050000000,0.010010532,-0.000553109,-0.000429411,0.010034992,5.211797069
45.672440846,TRACKING,,0.000498673,1,-0.010022996,-0.000240315,0.050427625,0.000000000,0.000000000,0.050000000,0.010010532,-0.000553109,-0.000429411,0.010034992,5.211797069
45.682588834,TRACKING,,0.000175723,1,-0.010100074,-0.000240626,0.050425397,0.000000000,0.000000000,0.050000000,0.010087357,-0.000554251,-0.000434048,0.010111892,5.186589554
45.694507111,TRACKING,,0.004682773,1,-0.010149605,-0.000240838,0.050425911,0.000000000,0.000000000,0.050000000,0.010136831,-0.000554704,-0.000436842,0.010161392,5.179309511
45.704468692,TRACKING,,0.001999440,1,-0.010208057,-0.000240975,0.050423684,0.000000000,0.000000000,0.050000000,0.010195064,-0.000555395,-0.000440696,0.010219687,5.159387386
45.714678421,TRACKING,,0.001042463,1,-0.010265801,-0.000241151,0.050421582,0.000000000,0.000000000,0.050000000,0.010252606,-0.000556084,-0.000444305,0.010277284,5.139336420
45.724631690,TRACKING,,0.001827279,1,-0.010314812,-0.000241316,0.050421020,0.000000000,0.000000000,0.050000000,0.010301515,-0.000556486,-0.000447177,0.010326221,5.127463888
45.734656198,TRACKING,,0.001932950,1,-0.010371104,-0.000241477,0.050418830,0.000000000,0.000000000,0.050000000,0.010357612,-0.000557075,-0.000450637,0.010382366,5.107123069
45.744826746,TRACKING,,0.000363319,1,-0.010438220,-0.000241696,0.050416224,0.000000000,0.000000000,0.050000000,0.010424507,-0.000557753,-0.000454612,0.010449311,5.082307848
45.754806136,TRACKING,,0.000375191,1,-0.010498028,-0.000241908,0.050414301,0.000000000,0.000000000,0.050000000,0.010484148,-0.000558262,-0.000457980,0.010508985,5.061393104
45.764982620,TRACKING,,0.001947198,1,-0.010567243,-0.000242124,0.050411391,0.000000000,0.000000000,0.050000000,0.010553142,-0.000558826,-0.000461945,0.010578019,5.034361645
45.775540233,TRACKING,,0.001953134,1,-0.010617463,-0.000242238,0.050408998,0.000000000,0.000000000,0.050000000,0.010603191,-0.000559136,-0.000464949,0.010628098,5.014086548
45.785126622,TRACKING,,0.001406969,1,-0.010663513,-0.000248933,0.050410973,0.000000000,0.000000000,0.050000000,0.010649279,-0.000565624,-0.000462936,0.010674333,4.991805721
45.795247302,TRACKING,,0.001437840,1,-0.010710903,-0.000249071,0.050408718,0.000000000,0.000000000,0.050000000,0.010696525,-0.000565856,-0.000465510,0.010721592,4.971564370
45.805484340,TRACKING,,0.001474646,1,-0.010758120,-0.000249185,0.050406327,0.000000000,0.000000000,0.050000000,0.010743597,-0.000566014,-0.000468079,0.010768674,4.950787020
45.815510035,TRACKING,,0.001463961,1,-0.010791463,-0.000268867,0.050417195,0.000000000,0.000000000,0.050000000,0.010777410,-0.000584625,-0.000455717,0.010802871,4.925791468
45.825696018,TRACKING,,0.001336917,1,-0.010834853,-0.000268917,0.050414704,0.000000000,0.000000000,0.050000000,0.010820661,-0.000584612,-0.000458092,0.010846120,4.905444934
45.835631478,TRACKING,,0.001157633,1,-0.010877805,-0.000268927,0.050412076,0.000000000,0.000000000,0.050000000,0.010863475,-0.000584508,-0.000460454,0.010888928,4.884620431
45.845692793,TRACKING,,0.001233621,1,-0.010918104,-0.000268901,0.050409448,0.000000000,0.000000000,0.050000000,0.010903644,-0.000584319,-0.000462682,0.010929088,4.864394831
45.855836032,TRACKING,,0.001011593,1,-0.010936944,-0.000301272,0.050428801,0.000000000,0.000000000,0.050000000,0.010923354,-0.000614713,-0.000440283,0.010949493,4.836966034
45.865820171,TRACKING,,0.001120826,1,-0.010974804,-0.000301159,0.050426020,0.000000000,0.000000000,0.050000000,0.010961085,-0.000614337,-0.000442385,0.010987197,4.816545915
45.876453772,TRACKING,,0.001421217,1,-0.011010986,-0.000300986,0.050423192,0.000000000,0.000000000,0.050000000,0.010997144,-0.000613854,-0.000444401,0.011023225,4.796273601
45.886498465,TRACKING,,0.000821623,1,-0.011020120,-0.000345849,0.050450722,0.000000000,0.000000000,0.050000000,0.011007523,-0.000655879,-0.000412390,0.011034755,4.764652364
45.896582338,TRACKING,,0.000797876,1,-0.011053238,-0.000345534,0.050447735,0.000000000,0.000000000,0.050000000,0.011040519,-0.000655157,-0.000414300,0.011067698,4.744488770
45.906724391,TRACKING,,0.000573474,1,-0.011085250,-0.000345131,0.050444652,0.000000000,0.000000000,0.050000000,0.011072411,-0.000654298,-0.000416167,0.011099531,4.724148647
45.916626605,TRACKING,,0.002003002,1,-0.011085250,-0.000345131,0.050444652,0.000000000,0.000000000,0.050000000,0.011072411,-0.000654298,-0.000416167,0.011099531,4.724148647
45.926786467,TRACKING,,0.000308702,1,-0.011083126,-0.000402215,0.050480188,0.000000000,0.000000000,0.050000000,0.011071891,-0.000707694,-0.000374735,0.011100812,4.689038804
45.936858467,TRACKING,,0.000188783,1,-0.011116990,-0.000401572,0.050476505,0.000000000,0.000000000,0.050000000,0.011105623,-0.000706412,-0.000376703,0.011134441,4.665408940
45.946846169,TRACKING,,0.001703799,1,-0.011144780,-0.000400878,0.050473155,0.000000000,0.000000000,0.050000000,0.011133297,-0.000705119,-0.000378438,0.011162020,4.645004220
45.956990595,TRACKING,,0.004300458,1,-0.011129804,-0.000469896,0.050516813,0.000000000,0.000000000,0.050000000,0.011120285,-0.000769656,-0.000327604,0.011151701,4.607664782
45.967053098,TRACKING,,0.001441402,1,-0.011155893,-0.000468966,0.050513558,0.000000000,0.000000000,0.050000000,0.011146282,-0.000768013,-0.000328928,0.011177550,4.586398035
45.977489604,TRACKING,,0.000020184,1,-0.011179532,-0.000467882,0.050509972,0.000000000,0.000000000,0.050000000,0.011169808,-0.000766201,-0.000330535,0.011200934,4.565980796
45.987463057,TRACKING,,0.000037994,1,-0.011154214,-0.000548495,0.050561220,0.000000000,0.000000000,0.050000000,0.011146790,-0.000841495,-0.000270683,0.011181784,4.524398077
45.997580176,TRACKING,,0.000068864,1,-0.011174533,-0.000547109,0.050557368,0.000000000,0.000000000,0.050000000,0.011166984,-0.000839315,-0.000272372,0.011201793,4.504449760
46.007648615,TRACKING,,0.001066210,1,-0.011196217,-0.000545299,0.050552843,0.000000000,0.000000000,0.050000000,0.011188530,-0.000836556,-0.000274291,0.011223113,4.481646661
46.020430070,TRACKING,,0.003717486,1,-0.011155803,-0.000637401,0.050612457,0.000000000,0.000000000,0.050000000,0.011150776,-0.000922714,-0.000205189,0.011190769,4.440500564
46.030409460,TRACKING,,0.001981630,1,-0.011174620,-0.000635107,0.050607390,0.000000000,0.000000000,0.050000000,0.011169431,-0.000919369,-0.000207363,0.011209122,4.417369514
46.040464838,TRACKING,,0.002209595,1,-0.011192800,-0.000632312,0.050601868,0.000000000,0.000000000,0.050000000,0.011187446,-0.000915397,-0.000209631,0.011226791,4.392615703
46.050650821,TRACKING,,0.002067117,1,-0.011140254,-0.000735569,0.050669089,0.000000000,0.000000000,0.050000000,0.011137882,-0.001012029,-0.000131843,0.011184543,4.349446385
46.060634960,TRACKING,,0.002049307,1,-0.011152328,-0.000732821,0.050664321,0.000000000,0.000000000,0.050000000,0.011149811,-0.001008255,-0.000133761,0.011196105,4.329298011
46.071253126,TRACKING,,0.002458931,1,-0.011163059,-0.000729835,0.050659415,0.000000000,0.000000000,0.050000000,0.011160399,-0.001004219,-0.000135734,0.011206310,4.309271354
46.081344124,TRACKING,,0.002457744,1,-0.011099510,-0.000843841,0.050733972,0.000000000,0.000000000,0.050000000,0.011100147,-0.001110935,-0.000049528,0.011155711,4.263418424
46.091476677,TRACKING,,0.001937700,1,-0.011108221,-0.000840111,0.050728419,0.000000000,0.000000000,0.050000000,0.011108690,-0.001106028,-0.000051775,0.011163734,4.242120759
46.101488125,TRACKING,,0.002443496,1,-0.011108221,-0.000840111,0.050728419,0.000000000,0.000000000,0.050000000,0.011108690,-0.001106028,-0.000051775,0.011163734,4.242120759
46.112581217,TRACKING,,0.003401660,1,-0.011116356,-0.000835579,0.050721920,0.000000000,0.000000000,0.050000000,0.011116629,-0.001100144,-0.000054464,0.011171066,4.218349964
46.122504803,TRACKING,,0.001881895,1,-0.011122622,-0.000830882,0.050715485,0.000000000,0.000000000,0.050000000,0.011122709,-0.001094116,-0.000057127,0.011176538,4.195526994
46.132589864,TRACKING,,0.002032685,1,-0.011044114,-0.000959262,0.050799930,0.000000000,0.000000000,0.050000000,0.011047907,-0.001214350,0.000040345,0.011114519,4.146294820
46.142632182,TRACKING,,0.002126483,1,-0.011047806,-0.000953533,0.050792616,0.000000000,0.000000000,0.050000000,0.011051379,-0.001207113,0.000037330,0.011117171,4.121471091
46.152616321,TRACKING,,0.002050494,1,-0.010964804,-0.001084207,0.050878800,0.000000000,0.000000000,0.050000000,0.010972162,-0.001329542,0.000136767,0.011053267,4.071925561
46.162751249,TRACKING,,0.002021999,1,-0.010965373,-0.001078951,0.050872442,0.000000000,0.000000000,0.050000000,0.010972526,-0.001323026,0.000134025,0.011052814,4.051880733
46.172852933,TRACKING,,0.002064742,1,-0.010964763,-0.001073251,0.050865761,0.000000000,0.000000000,0.050000000,0.010971706,-0.001316030,0.000131086,0.011051129,4.031591909
46.183092345,TRACKING,,0.002048120,1,-0.010962989,-0.001067232,0.050858887,0.000000000,0.000000000,0.050000000,0.010969718,-0.001308697,0.000128019,0.011048248,4.011371284
46.193486108,TRACKING,,0.000429809,1,-0.010865089,-0.001210337,0.050953216,0.000000000,0.000000000,0.050000000,0.010875951,-0.001442538,0.000237609,0.010973773,3.954438387
46.203514178,TRACKING,,0.000428621,1,-0.010860825,-0.001203617,0.050945930,0.000000000,0.000000000,0.050000000,0.010871449,-0.001434475,0.000234256,0.010968181,3.934260480
46.213674040,TRACKING,,0.000287331,1,-0.010855481,-0.001196484,0.050938381,0.000000000,0.000000000,0.050000000,0.010865862,-0.001425977,0.000230722,0.010961459,3.914010730
46.223744853,TRACKING,,0.000295642,1,-0.010747478,-0.001351081,0.051041222,0.000000000,0.000000000,0.050000000,0.010762335,-0.001571061,0.000348936,0.010881996,3.858432524
46.234253786,TRACKING,,0.003394536,1,-0.010740247,-0.001343298,0.051033252,0.000000000,0.000000000,0.050000000,0.010754829,-0.001561912,0.000345023,0.010873130,3.838406012
46.244285418,TRACKING,,0.002382943,1,-0.010731410,-0.001334387,0.051024265,0.000000000,0.000000000,0.050000000,0.010745686,-0.001551507,0.000340498,0.010862452,3.816678929
46.256220317,TRACKING,,0.002372257,1,-0.010614895,-0.001497117,0.051132936,0.000000000,0.000000000,0.050000000,0.010633888,-0.001704427,0.000465021,0.010779652,3.759783901
46.264334434,TRACKING,,0.001868835,1,-0.010604872,-0.001487991,0.051123851,0.000000000,0.000000000,0.050000000,0.010623531,-0.001693895,0.000460183,0.010767565,3.739413322
46.274387437,TRACKING,,0.001999440,1,-0.010591684,-0.001476193,0.051112551,0.000000000,0.000000000,0.050000000,0.010609938,-0.001680393,0.000454061,0.010751776,3.714868005
46.284457063,TRACKING,,0.002095612,1,-0.010591684,-0.001476193,0.051112551,0.000000000,0.000000000,0.050000000,0.010609938,-0.001680393,0.000454061,0.010751776,3.714868005
46.294501755,TRACKING,,0.000072426,1,-0.010460675,-0.001644137,0.051224250,0.000000000,0.000000000,0.050000000,0.010483793,-0.001837594,0.000583975,0.010659629,3.647692733
46.304633122,TRACKING,,0.000179285,1,-0.010447947,-0.001633284,0.051214266,0.000000000,0.000000000,0.050000000,0.010470689,-0.001825341,0.000578314,0.010644325,3.627479694
46.314635071,TRACKING,,0.000319388,1,-0.010431835,-0.001619568,0.051201882,0.000000000,0.000000000,0.050000000,0.010454118,-0.001809946,0.000571149,0.010625003,3.603287195
46.324702322,TRACKING,,0.000394189,1,-0.010297005,-0.001800597,0.051323805,0.000000000,0.000000000,0.050000000,0.010324549,-0.001980546,0.000709962,0.010536741,3.542807525
46.334833688,TRACKING,,0.000313451,1,-0.010279462,-0.001785832,0.051310740,0.000000000,0.000000000,0.050000000,0.010306494,-0.001964150,0.000702047,0.010515445,3.519081095
46.344899752,TRACKING,,0.000325325,1,-0.010264446,-0.001773118,0.051299652,0.000000000,0.000000000,0.050000000,0.010291049,-0.001950102,0.000695202,0.010497233,3.499675147
46.355181908,TRACKING,,0.001069772,1,-0.010118837,-0.001960202,0.051425729,0.000000000,0.000000000,0.050000000,0.010150879,-0.002126323,0.000839267,0.010405093,3.434335357
46.365144675,TRACKING,,0.000679145,1,-0.010102487,-0.001946127,0.051413779,0.000000000,0.000000000,0.050000000,0.010134044,-0.002110931,0.000831588,0.010384913,3.414836181
46.378447362,TRACKING,,0.003763791,1,-0.010086013,-0.001931834,0.051401739,0.000000000,0.000000000,0.050000000,0.010117087,-0.002095357,0.000823732,0.010364580,3.395848901
46.388445749,TRACKING,,0.001798784,1,-0.009932196,-0.002126831,0.051533636,0.000000000,0.000000000,0.050000000,0.009968955,-0.002279324,0.000973950,0.010272486,3.328998224
46.398629358,TRACKING,,0.001568444,1,-0.009914585,-0.002111241,0.051520747,0.000000000,0.000000000,0.050000000,0.009950804,-0.002262479,0.000965247,0.010250317,3.309968959
46.408622995,TRACKING,,0.001468709,1,-0.009896919,-0.002095440,0.051507738,0.000000000,0.000000000,0.050000000,0.009932597,-0.002245460,0.000956331,0.010228057,3.291455268
46.418662938,TRACKING,,0.001421217,1,-0.009738428,-0.002300624,0.051647763,0.000000000,0.000000000,0.050000000,0.009780147,-0.002439710,0.001114231,0.010141251,3.226449579
46.428820426,TRACKING,,0.001268053,1,-0.009720128,-0.002283591,0.051634130,0.000000000,0.000000000,0.050000000,0.009761259,-0.002421514,0.001104608,0.010117611,3.208231789
46.438884115,TRACKING,,0.001133887,1,-0.009701063,-0.002265594,0.051619803,0.000000000,0.000000000,0.050000000,0.009741582,-0.002402338,0.001094373,0.010092933,3.189710175
46.448894375,TRACKING,,0.001374911,1,-0.009701063,-0.002265594,0.051619803,0.000000000,0.000000000,0.050000000,0.009741582,-0.002402338,0.001094373,0.010092933,3.189710175
46.459177718,TRACKING,,0.001518577,1,-0.009531884,-0.002474576,0.051762541,0.000000000,0.000000000,0.050000000,0.009578567,-0.002600111,0.001255929,0.010004344,3.120054188
46.469211725,TRACKING,,0.001558946,1,-0.009508551,-0.002452062,0.051744776,0.000000000,0.000000000,0.050000000,0.009554445,-0.002576273,0.001242892,0.009973434,3.098521180
46.479229109,TRACKING,,0.002187035,1,-0.009489539,-0.002433363,0.051730097,0.000000000,0.000000000,0.050000000,0.009534790,-0.002556524,0.001231994,0.009948158,3.081356723
46.489269052,TRACKING,,0.002235716,1,-0.009313650,-0.002649954,0.051878854,0.000000000,0.000000000,0.050000000,0.009365328,-0.002761933,0.001399562,0.009863895,3.011211200
46.499494216,TRACKING,,0.002221468,1,-0.009288946,-0.002624389,0.051859315,0.000000000,0.000000000,0.050000000,0.009339740,-0.002735118,0.001384689,0.009830004,2.989835478
46.509388119,TRACKING,,0.002264211,1,-0.009269171,-0.002603735,0.051843467,0.000000000,0.000000000,0.050000000,0.009319256,-0.002713491,0.001372505,0.009802823,2.973101003
46.521496366,TRACKING,,0.004455997,1,-0.009090551,-0.002831306,0.052000789,0.000000000,0.000000000,0.050000000,0.009147451,-0.002930122,0.001547934,0.009729213,2.905572018
46.531455572,TRACKING,,0.002077803,1,-0.009065803,-0.002804574,0.051980467,0.000000000,0.000000000,0.050000000,0.009121761,-0.002902270,0.001531985,0.009694156,2.885376261
46.542554601,TRACKING,,0.002428061,1,-0.009044448,-0.002780842,0.051962614,0.000000000,0.000000000,0.050000000,0.009099590,-0.002877600,0.001517846,0.009663694,2.868257409
46.552758393,TRACKING,,0.002481490,1,-0.008859241,-0.003014814,0.052125083,0.000000000,0.000000000,0.050000000,0.008921441,-0.003100700,0.001698467,0.009596418,2.799861115
46.562556124,TRACKING,,0.000151977,1,-0.008833851,-0.002985581,0.052103243,0.000000000,0.000000000,0.050000000,0.008895021,-0.003070449,0.001680834,0.009558988,2.780227572
46.572680366,TRACKING,,0.000169786,1,-0.008833851,-0.002985581,0.052103243,0.000000000,0.000000000,0.050000000,0.008895021,-0.003070449,0.001680834,0.009558988,2.780227572
46.582790361,TRACKING,,0.000276644,1,-0.008807984,-0.002954859,0.052080536,0.000000000,0.000000000,0.050000000,0.008868098,-0.003038725,0.001662344,0.009520525,2.760586876
46.592846927,TRACKING,,0.000242212,1,-0.008616796,-0.003195498,0.052248500,0.000000000,0.000000000,0.050000000,0.008684225,-0.003268627,0.001848365,0.009461297,2.691856058
46.602809694,TRACKING,,0.000235088,1,-0.008595729,-0.003169712,0.052229550,0.000000000,0.000000000,0.050000000,0.008662248,-0.003242097,0.001832698,0.009428919,2.676325686
46.614470323,TRACKING,,0.004134234,1,-0.008574444,-0.003143124,0.052210073,0.000000000,0.000000000,0.050000000,0.008640039,-0.003214777,0.001816498,0.009395996,2.660843433
46.624504330,TRACKING,,0.002010125,1,-0.008356284,-0.003409673,0.052396764,0.000000000,0.000000000,0.050000000,0.008430041,-0.003469690,0.002023234,0.009337977,2.583425136
46.634616699,TRACKING,,0.000638776,1,-0.008330102,-0.003375653,0.052372022,0.000000000,0.000000000,0.050000000,0.008402648,-0.003434866,0.002002328,0.009295812,2.564959937
46.644616273,TRACKING,,0.000776504,1,-0.008305537,-0.003342796,0.052348262,0.000000000,0.000000000,0.050000000,0.008376936,-0.003401282,0.001982118,0.009255839,2.547883048
46.654723893,TRACKING,,0.000939167,1,-0.008113777,-0.003563534,0.052503613,0.000000000,0.000000000,0.050000000,0.008191960,-0.003612401,0.002154666,0.009208705,2.480149809
46.664857634,TRACKING,,0.001718046,1,-0.008113777,-0.003563534,0.052503613,0.000000000,0.000000000,0.050000000,0.008191960,-0.003612401,0.002154666,0.009208705,2.480149809
46.674829900,TRACKING,,0.001482958,1,-0.008088923,-0.003528830,0.052478644,0.000000000,0.000000000,0.050000000,0.008165877,-0.003577045,0.002133122,0.009166624,2.463390356
46.684998074,TRACKING,,0.001481770,1,-0.008066729,-0.003496963,0.052455852,0.000000000,0.000000000,0.050000000,0.008142573,-0.003544617,0.002113353,0.009128640,2.448609283
46.695124691,TRACKING,,0.001384410,1,-0.007844259,-0.003775800,0.052653292,0.000000000,0.000000000,0.050000000,0.007928811,-0.003812639,0.002329542,0.009101045,2.375313646
46.705134951,TRACKING,,0.001441402,1,-0.007822796,-0.003744423,0.052630782,0.000000000,0.000000000,0.050000000,0.007906216,-0.003780785,0.002309822,0.009062994,2.361353913
46.715439665,TRACKING,,0.000383503,1,-0.007793207,-0.003699445,0.052598829,0.000000000,0.000000000,0.050000000,0.007875043,-0.003735180,0.002281667,0.009009655,2.342344656
46.726507824,TRACKING,,0.003855214,1,-0.007592481,-0.003942800,0.052771892,0.000000000,0.000000000,0.050000000,0.007681964,-0.003969356,0.002471127,0.008993043,2.277373679
46.736482465,TRACKING,,0.002026749,1,-0.007567433,-0.003903538,0.052743974,0.000000000,0.000000000,0.050000000,0.007655502,-0.003929639,0.002446278,0.008946119,2.261679907
46.746546154,TRACKING,,0.002219093,1,-0.007541138,-0.003861288,0.052713989,0.000000000,0.000000000,0.050000000,0.007627709,-0.003886935,0.002419471,0.008896294,2.245412346
46.756647837,TRACKING,,0.002062368,1,-0.007322037,-0.004131068,0.052906714,0.000000000,0.000000000,0.050000000,0.007417166,-0.004147195,0.002629326,0.008895332,2.177395546
46.766719838,TRACKING,,0.002039808,1,-0.007300485,-0.004094981,0.052881233,0.000000000,0.000000000,0.050000000,0.007394309,-0.004110803,0.002606328,0.008852539,2.164366147
46.776762156,TRACKING,,0.002064742,1,-0.007300485,-0.004094981,0.052881233,0.000000000,0.000000000,0.050000000,0.007394309,-0.004110803,0.002606328,0.008852539,2.164366147
46.786924392,TRACKING,,0.002012501,1,-0.007274360,-0.004050396,0.052849739,0.000000000,0.000000000,0.050000000,0.007366591,-0.004065868,0.002577808,0.008800172,2.148742052
46.797175678,TRACKING,,0.002044558,1,-0.007049891,-0.004325040,0.053046936,0.000000000,0.000000000,0.050000000,0.007150925,-0.004331333,0.002791877,0.008814236,2.081517377
46.808275894,TRACKING,,0.001531637,1,-0.007028931,-0.004287847,0.053020807,0.000000000,0.000000000,0.050000000,0.007128610,-0.004293922,0.002768020,0.008770221,2.069237998
46.817121397,TRACKING,,0.001607626,1,-0.007006821,-0.004247688,0.052992651,0.000000000,0.000000000,0.050000000,0.007105056,-0.004253548,0.002742237,0.008723208,2.056386308
46.827065167,TRACKING,,0.001506704,1,-0.006772444,-0.004518034,0.053187892,0.000000000,0.000000000,0.050000000,0.006879403,-0.004515054,0.002954552,0.008743070,1.987602564
46.837172787,TRACKING,,0.001517390,1,-0.006751203,-0.004477465,0.053159611,0.000000000,0.000000000,0.050000000,0.006856682,-0.004474346,0.002928433,0.008695377,1.975532185
46.847299405,TRACKING,,0.001786911,1,-0.006725385,-0.004427095,0.053124485,0.000000000,0.000000000,0.050000000,0.006829046,-0.004423827,0.002895904,0.008636688,1.960991722
46.857437895,TRACKING,,0.000717139,1,-0.006489449,-0.004707459,0.053327945,0.000000000,0.000000000,0.050000000,0.006602273,-0.004695811,0.003115717,0.008680342,1.895833128
46.867427970,TRACKING,,0.000473739,1,-0.006463040,-0.004653776,0.053290515,0.000000000,0.000000000,0.050000000,0.006573888,-0.004642055,0.003080800,0.008617192,1.881267584
46.877479787,TRACKING,,0.000445244,1,-0.006442520,-0.004611077,0.053260745,0.000000000,0.000000000,0.050000000,0.006551816,-0.004599316,0.003052960,0.008567413,1.870056524
46.887494796,TRACKING,,0.000157913,1,-0.006203375,-0.004898686,0.053470351,0.000000000,0.000000000,0.050000000,0.006322174,-0.004879005,0.003278376,0.008632631,1.807922529
46.897620226,TRACKING,,0.000620966,1,-0.006203375,-0.004898686,0.053470351,0.000000000,0.000000000,0.050000000,0.006322174,-0.004879005,0.003278376,0.008632631,1.807922529
46.907653045,TRACKING,,0.000546166,1,-0.006179101,-0.004845585,0.053433470,0.000000000,0.000000000,0.050000000,0.006295937,-0.004825930,0.003243651,0.008570280,1.794914957
46.917771350,TRACKING,,0.000073614,1,-0.006158117,-0.004798737,0.053400894,0.000000000,0.000000000,0.050000000,0.006273239,-0.004779120,0.003212918,0.008515654,1.783747075
46.927924088,TRACKING,,0.000022559,1,-0.005914919,-0.005091752,0.053615467,0.000000000,0.000000000,0.050000000,0.006039833,-0.005064692,0.003442835,0.008601384,1.724629980
46.937909415,TRACKING,,0.000109233,1,-0.005894976,-0.005045606,0.053583400,0.000000000,0.000000000,0.050000000,0.006018163,-0.005018637,0.003412422,0.008546908,1.714197578
46.948505022,TRACKING,,0.003222375,1,-0.005870845,-0.004988286,0.053543592,0.000000000,0.000000000,0.050000000,0.005991915,-0.004961446,0.003374592,0.008479791,1.701651825
46.958733748,TRACKING,,0.002509986,1,-0.005622391,-0.005282195,0.053760036,0.000000000,0.000000000,0.050000000,0.005753381,-0.005248437,0.003606003,0.008582001,1.645354575
46.968833056,TRACKING,,0.002342574,1,-0.005602954,-0.005233966,0.053726575,0.000000000,0.000000000,0.050000000,0.005732128,-0.005200368,0.003574037,0.008524955,1.635426275
46.978918117,TRACKING,,0.000888112,1,-0.005580895,-0.005177907,0.053687680,0.000000000,0.000000000,0.050000000,0.005707981,-0.005144506,0.003536820,0.008459084,1.624212699
46.988934314,TRACKING,,0.003561947,1,-0.005580895,-0.005177907,0.053687680,0.000000000,0.000000000,0.050000000,0.005707981,-0.005144506,0.003536820,0.008459084,1.624212699
46.998974257,TRACKING,,0.000390627,1,-0.005315544,-0.005455166,0.053894315,0.000000000,0.000000000,0.050000000,0.005452012,-0.005415409,0.003758783,0.008554504,1.566751446
47.009161427,TRACKING,,0.000371630,1,-0.005296727,-0.005404871,0.053859441,0.000000000,0.000000000,0.050000000,0.005431292,-0.005365341,0.003725239,0.008494895,1.557364080
47.019208494,TRACKING,,0.000512920,1,-0.005278251,-0.005354372,0.053824414,0.000000000,0.000000000,0.050000000,0.005410925,-0.005315079,0.003691504,0.008435365,1.548174505
47.029279307,TRACKING,,0.000303953,1,-0.005021926,-0.005641231,0.054038443,0.000000000,0.000000000,0.050000000,0.005164448,-0.005596278,0.003919489,0.008564593,1.499906582
47.039283630,TRACKING,,0.000444056,1,-0.005003645,-0.005588830,0.054002126,0.000000000,0.000000000,0.050000000,0.005144170,-0.005544165,0.003884359,0.008502264,1.490958994
47.049305764,TRACKING,,0.000609094,1,-0.004740564,-0.005885953,0.054224791,0.000000000,0.000000000,0.050000000,0.004891468,-0.005836095,0.004120654,0.008658305,1.447893724
47.059426444,TRACKING,,0.000945103,1,-0.004719155,-0.005820911,0.054179728,0.000000000,0.000000000,0.050000000,0.004867543,-0.005771458,0.004076870,0.008580417,1.437576071
47.069488946,TRACKING,,0.000970037,1,-0.004701777,-0.005766447,0.054141994,0.000000000,0.000000000,0.050000000,0.004848082,-0.005717337,0.004040159,0.008515558,1.429201032
47.079419656,TRACKING,,0.001047212,1,-0.004701777,-0.005766447,0.054141994,0.000000000,0.000000000,0.050000000,0.004848082,-0.005717337,0.004040159,0.008515558,1.429201032
47.089631760,TRACKING,,0.001601689,1,-0.004434777,-0.006064210,0.054366561,0.000000000,0.000000000,0.050000000,0.004591591,-0.006010553,0.004277766,0.008689577,1.392609972
47.099693074,TRACKING,,0.001788097,1,-0.004414711,-0.005998197,0.054320786,0.000000000,0.000000000,0.050000000,0.004568956,-0.005944997,0.004233070,0.008610298,1.383071769
47.109756764,TRACKING,,0.001212249,1,-0.004398009,-0.005941727,0.054281584,0.000000000,0.000000000,0.050000000,0.004550077,-0.005888921,0.004194755,0.008542749,1.375110551
47.119796707,TRACKING,,0.000910672,1,-0.004130793,-0.006253291,0.054517148,0.000000000,0.000000000,0.050000000,0.004294011,-0.006196509,0.004442574,0.008750527,1.347553716
47.129926885,TRACKING,,0.000952227,1,-0.004114219,-0.006193981,0.054476033,0.000000000,0.000000000,0.050000000,0.004275113,-0.006137640,0.004402254,0.008679116,1.339748777
47.140042817,TRACKING,,0.000929668,1,-0.004098247,-0.006135267,0.054435303,0.000000000,0.000000000,0.050000000,0.004256864,-0.006079365,0.004362279,0.008608661,1.332188792
47.150009146,TRACKING,,0.000796689,1,-0.004082309,-0.006075300,0.054393673,0.000000000,0.000000000,0.050000000,0.004238620,-0.006019847,0.004321392,0.008536913,1.324609913
47.160108455,TRACKING,,0.000699329,1,-0.003812778,-0.006391304,0.054633766,0.000000000,0.000000000,0.050000000,0.003980474,-0.006332541,0.004573028,0.008766860,1.305772212
47.170134150,TRACKING,,0.000672021,1,-0.003797340,-0.006330426,0.054591487,0.000000000,0.000000000,0.050000000,0.003962648,-0.006272142,0.004531391,0.008693437,1.298495497
47.182456114,TRACKING,,0.000401312,1,-0.003782194,-0.006269166,0.054548909,0.000000000,0.000000000,0.050000000,0.003945121,-0.006211363,0.004489432,0.008619745,1.291301977
47.192431942,TRACKING,,0.000434557,1,-0.003509630,-0.006590143,0.054793880,0.000000000,0.000000000,0.050000000,0.003684264,-0.006529686,0.004745331,0.008872924,1.281537896
47.202565683,TRACKING,,0.000453554,1,-0.003495103,-0.006528436,0.054750980,0.000000000,0.000000000,0.050000000,0.003667291,-0.006468482,0.004702950,0.008798183,1.274684192
47.212678052,TRACKING,,0.000343134,1,-0.003480787,-0.006465880,0.054707457,0.000000000,0.000000000,0.050000000,0.003650518,-0.006406435,0.004659930,0.008722593,1.267851899
47.222722744,TRACKING,,0.000340759,1,-0.003204535,-0.006787918,0.054954720,0.000000000,0.000000000,0.050000000,0.003386157,-0.006726524,0.004917514,0.008994116,1.267394229
47.232715194,TRACKING,,0.000351446,1,-0.003190645,-0.006723860,0.054910131,0.000000000,0.000000000,0.050000000,0.003369703,-0.006663000,0.004873338,0.008916271,1.260777268
47.242850123,TRACKING,,0.000357383,1,-0.003177108,-0.006659482,0.054865281,0.000000000,0.000000000,0.050000000,0.003353613,-0.006599156,0.004828881,0.008838194,1.254224311
47.252854446,TRACKING,,0.000220841,1,-0.003163778,-0.006594337,0.054819856,0.000000000,0.000000000,0.050000000,0.003337721,-0.006534549,0.004783834,0.008759326,1.247674454
47.263045178,TRACKING,,0.002375819,1,-0.002879625,-0.006925525,0.055075528,0.000000000,0.000000000,0.050000000,0.003065880,-0.006864491,0.005049283,0.009056275,1.257635842
47.273017444,TRACKING,,0.000020185,1,-0.002866361,-0.006857189,0.055027844,0.000000000,0.000000000,0.050000000,0.003049874,-0.006796729,0.005001901,0.008973086,1.251090803
47.283234297,TRACKING,,0.000021372,1,-0.002850863,-0.006774493,0.054970088,0.000000000,0.000000000,0.050000000,0.003031093,-0.006714722,0.004944485,0.008872595,1.243267994
47.293343104,TRACKING,,0.002372257,1,-0.002574810,-0.007092821,0.055217326,0.000000000,0.000000000,0.050000000,0.002766990,-0.007032583,0.005200460,0.009173780,1.262410716
47.303303497,TRACKING,,0.002106298,1,-0.002562534,-0.007023051,0.055168545,0.000000000,0.000000000,0.050000000,0.002751896,-0.006963399,0.005151876,0.009088656,1.256104858
47.313418241,TRACKING,,0.001921077,1,-0.002550492,-0.006952315,0.055119058,0.000000000,0.000000000,0.050000000,0.002737023,-0.006893250,0.005102574,0.009002469,1.249766226
47.323518737,TRACKING,,0.001714484,1,-0.002266193,-0.007281186,0.055375723,0.000000000,0.000000000,0.050000000,0.002465213,-0.007222367,0.005367480,0.009330043,1.279143961
47.333482692,TRACKING,,0.001281114,1,-0.002254636,-0.007208750,0.055324956,0.000000000,0.000000000,0.050000000,0.002450701,-0.007150533,0.005316819,0.009241462,1.272899397
47.343577251,TRACKING,,0.001145760,1,-0.002243601,-0.007136460,0.055274307,0.000000000,0.000000000,0.050000000,0.002436750,-0.007078836,0.005266257,0.009153203,1.266727521
47.353781044,TRACKING,,0.001055524,1,-0.001956535,-0.007464514,0.055532019,0.000000000,0.000000000,0.050000000,0.002162282,-0.007407911,0.005531511,0.009494747,1.305275596
47.363931407,TRACKING,,0.000975973,1,-0.001946201,-0.007391651,0.055480882,0.000000000,0.000000000,0.050000000,0.002148955,-0.007335640,0.005480387,0.009405544,1.299255906
47.373827685,TRACKING,,0.000869115,1,-0.001933654,-0.007299589,0.055416183,0.000000000,0.000000000,0.050000000,0.002132661,-0.007244316,0.005415689,0.009292903,1.291656796
47.383807075,TRACKING,,0.000829934,1,-0.001644249,-0.007630369,0.055677365,0.000000000,0.000000000,0.050000000,0.001856083,-0.007576882,0.005683694,0.009651868,1.339119896
47.394016804,TRACKING,,0.000924919,1,-0.001644249,-0.007630369,0.055677365,0.000000000,0.000000000,0.050000000,0.001856083,-0.007576882,0.005683694,0.009651868,1.339119896
47.404048435,TRACKING,,0.000157913,1,-0.001632851,-0.007538127,0.055612443,0.000000000,0.000000000,0.050000000,0.001840876,-0.007485363,0.005618683,0.009538820,1.331713377
47.414189300,TRACKING,,0.000022559,1,-0.001621070,-0.007438071,0.055541917,0.000000000,0.000000000,0.050000000,0.001825006,-0.007386079,0.005548046,0.009416242,1.323662065
47.424106950,TRACKING,,0.000077176,1,-0.001329585,-0.007770477,0.055805850,0.000000000,0.000000000,0.050000000,0.001546508,-0.007721048,0.005818053,0.009790608,1.379289576
47.434247814,TRACKING,,0.000170973,1,-0.001319678,-0.007677973,0.055740497,0.000000000,0.000000000,0.050000000,0.001532758,-0.007629237,0.005752522,0.009677092,1.371955335
47.444214144,TRACKING,,0.000265959,1,-0.001311918,-0.007601702,0.055686559,0.000000000,0.000000000,0.050000000,0.001521859,-0.007553529,0.005698430,0.009583525,1.365886758
47.454283770,TRACKING,,0.000189970,1,-0.001018476,-0.007935914,0.055953369,0.000000000,0.000000000,0.050000000,0.001241604,-0.007891087,0.005970577,0.009972894,1.428866105
47.466452570,TRACKING,,0.002021999,1,-0.001011337,-0.007858441,0.055898501,0.000000000,0.000000000,0.050000000,0.001231220,-0.007814166,0.005915498,0.009877764,1.422770959
47.476405839,TRACKING,,0.000383503,1,-0.001003458,-0.007768559,0.055834739,0.000000000,0.000000000,0.050000000,0.001219606,-0.007724914,0.005851485,0.009767375,1.415647445
47.486508709,TRACKING,,0.000213717,1,-0.000707644,-0.008101408,0.056102241,0.000000000,0.000000000,0.050000000,0.000937050,-0.008061927,0.006123576,0.010167149,1.484982770
47.497492569,TRACKING,,0.003310237,1,-0.000701532,-0.008022296,0.056046060,0.000000000,0.000000000,0.050000000,0.000927600,-0.007983343,0.006067125,0.010069966,1.478751619
47.507505203,TRACKING,,0.001813031,1,-0.000694748,-0.007929048,0.055979735,0.000000000,0.000000000,0.050000000,0.000916914,-0.007890705,0.006000479,0.009955386,1.471343952
47.517528524,TRACKING,,0.001696675,1,-0.000397204,-0.008265014,0.056251047,0.000000000,0.000000000,0.050000000,0.000632882,-0.008231627,0.006275635,0.010370333,1.546628926
47.529417117,TRACKING,,0.003620126,1,-0.000397204,-0.008265014,0.056251047,0.000000000,0.000000000,0.050000000,0.000632882,-0.008231627,0.006275635,0.010370333,1.546628926
47.539467746,TRACKING,,0.001982818,1,-0.000390294,-0.008154432,0.056172202,0.000000000,0.000000000,0.050000000,0.000621273,-0.008121726,0.006196350,0.010234411,1.537816323
47.549511251,TRACKING,,0.001836778,1,-0.000385638,-0.008072610,0.056113826,0.000000000,0.000000000,0.050000000,0.000613178,-0.008040394,0.006137646,0.010133835,1.531246646
47.562454181,TRACKING,,0.004686335,1,-0.000086446,-0.008408143,0.056386488,0.000000000,0.000000000,0.050000000,0.000327591,-0.008381693,0.006413383,0.010558957,1.611516995
47.572457318,TRACKING,,0.002020811,1,-0.000081434,-0.008305118,0.056312843,0.000000000,0.000000000,0.050000000,0.000318174,-0.008279245,0.006339280,0.010432334,1.603200160
47.582483013,TRACKING,,0.002092051,1,-0.000077804,-0.008221787,0.056253225,0.000000000,0.000000000,0.050000000,0.000311019,-0.008196365,0.006279294,0.010329892,1.596412175
47.595492433,TRACKING,,0.004698209,1,0.000223799,-0.008535381,0.056511885,0.000000000,0.000000000,0.050000000,0.000022191,-0.008516652,0.006540154,0.010738132,1.679284710
47.605614300,TRACKING,,0.001974506,1,0.000226719,-0.008451983,0.056452054,0.000000000,0.000000000,0.050000000,0.000015683,-0.008433668,0.006479924,0.010635620,1.672414488
47.615657805,TRACKING,,0.002147854,1,0.000229318,-0.008366415,0.056390640,0.000000000,0.000000000,0.050000000,0.000009438,-0.008348511,0.006418103,0.010530421,1.665310397
47.626480189,TRACKING,,0.000522419,1,0.000532203,-0.008684278,0.056653988,0.000000000,0.000000000,0.050000000,-0.000280384,-0.008673856,0.006682895,0.010953332,1.752348099
47.636448893,TRACKING,,0.000547353,1,0.000534065,-0.008598105,0.056592022,0.000000000,0.000000000,0.050000000,-0.000285972,-0.008588053,0.006620495,0.010847460,1.745109870
47.646498335,TRACKING,,0.000543790,1,0.000535602,-0.008510690,0.056529097,0.000000000,0.000000000,0.050000000,-0.000291257,-0.008501000,0.006557133,0.010740011,1.737697421
47.656686692,TRACKING,,0.000173348,1,0.000839294,-0.008845189,0.056806005,0.000000000,0.000000000,0.050000000,-0.000581052,-0.008843722,0.006834797,0.011192117,1.829414048
47.666810935,TRACKING,,0.000105671,1,0.000840136,-0.008757049,0.056742414,0.000000000,0.000000000,0.050000000,-0.000585737,-0.008755900,0.006770745,0.011083856,1.821843115
47.676744019,TRACKING,,0.000089048,1,0.000840641,-0.008667360,0.056677620,0.000000000,0.000000000,0.050000000,-0.000590120,-0.008666522,0.006705489,0.010973624,1.814059869
47.686985806,TRACKING,,0.000207780,1,0.001145709,-0.009005150,0.056958566,0.000000000,0.000000000,0.050000000,-0.000881025,-0.009013352,0.006986436,0.011437964,1.908972307
47.696898706,TRACKING,,0.000032058,1,0.001145405,-0.008893739,0.056877904,0.000000000,0.000000000,0.050000000,-0.000885611,-0.008902261,0.006905183,0.011301155,1.899160727
47.707072815,TRACKING,,0.002272522,1,0.001144772,-0.008803156,0.056812217,0.000000000,0.000000000,0.050000000,-0.000888918,-0.008811921,0.006839023,0.011189833,1.891089122
47.717229115,TRACKING,,0.002305768,1,0.001451216,-0.009139862,0.057094079,0.000000000,0.000000000,0.050000000,-0.001181145,-0.009158499,0.007120103,0.011660577,1.988500934
47.727476839,TRACKING,,0.000415561,1,0.001449523,-0.009028863,0.057013393,0.000000000,0.000000000,0.050000000,-0.001184353,-0.009047728,0.007038827,0.011524286,1.978451999
47.737576147,TRACKING,,0.000550915,1,0.001447270,-0.008915991,0.056931200,0.000000000,0.000000000,0.050000000,-0.001187037,-0.008935065,0.006956046,0.011385562,1.968095541
47.747572160,TRACKING,,0.000465427,1,0.001753982,-0.009251794,0.057213943,0.000000000,0.000000000,0.050000000,-0.001479489,-0.009281523,0.007237235,0.011862256,2.067453858
47.757676218,TRACKING,,0.000318200,1,0.001751336,-0.009158348,0.057145733,0.000000000,0.000000000,0.050000000,-0.001480987,-0.009188187,0.007168537,0.011747511,2.058734810
47.767694789,TRACKING,,0.000416748,1,0.001748342,-0.009064461,0.057077108,0.000000000,0.000000000,0.050000000,-0.001482125,-0.009094394,0.007099430,0.011632137,2.049884081
47.777813095,TRACKING,,0.000411999,1,0.001748342,-0.009064461,0.057077108,0.000000000,0.000000000,0.050000000,-0.001482125,-0.009094394,0.007099430,0.011632137,2.049884081
47.787892219,TRACKING,,0.000483238,1,0.002055418,-0.009378510,0.057345645,0.000000000,0.000000000,0.050000000,-0.001775796,-0.009419935,0.007365533,0.012088825,2.149141661
47.797889419,TRACKING,,0.000516482,1,0.002050680,-0.009261000,0.057259534,0.000000000,0.000000000,0.050000000,-0.001776295,-0.009302457,0.007278827,0.011944549,2.137855259
47.808223816,TRACKING,,0.000651836,1,0.002045429,-0.009143294,0.057173129,0.000000000,0.000000000,0.050000000,-0.001776240,-0.009184759,0.007191840,0.011799890,2.126411890
47.818118906,TRACKING,,0.000695767,1,0.002045429,-0.009143294,0.057173129,0.000000000,0.000000000,0.050000000,-0.001776240,-0.009184759,0.007191840,0.011799890,2.126411890
47.828215840,TRACKING,,0.000523606,1,0.002347773,-0.009362520,0.057373397,0.000000000,0.000000000,0.050000000,-0.002069382,-0.009416167,0.007388455,0.012146432,2.217830757
47.838224913,TRACKING,,0.000461866,1,0.002342294,-0.009264462,0.057301147,0.000000000,0.000000000,0.050000000,-0.002068254,-0.009318026,0.007315741,0.012025945,2.208028574
47.848326596,TRACKING,,0.000290892,1,0.002651306,-0.009600354,0.057588898,0.000000000,0.000000000,0.050000000,-0.002362757,-0.009666973,0.007599646,0.012521486,2.312410463
47.858414032,TRACKING,,0.000301579,1,0.002645140,-0.009502923,0.057516915,0.000000000,0.000000000,0.050000000,-0.002360979,-0.009569383,0.007527218,0.012401868,2.302508171
47.868351866,TRACKING,,0.000073614,1,0.002638516,-0.009403543,0.057443391,0.000000000,0.000000000,0.050000000,-0.002358796,-0.009469825,0.007453251,0.012279758,2.292312500
47.878569906,TRACKING,,0.000021372,1,0.002638516,-0.009403543,0.057443391,0.000000000,0.000000000,0.050000000,-0.002358796,-0.009469825,0.007453251,0.012279758,2.292312500
47.888626471,TRACKING,,0.002025561,1,0.002631703,-0.009306050,0.057371174,0.000000000,0.000000000,0.050000000,-0.002356306,-0.009372142,0.007380611,0.012159878,2.282218201
47.898791082,TRACKING,,0.002021999,1,0.002940574,-0.009636828,0.057656687,0.000000000,0.000000000,0.050000000,-0.002650890,-0.009716703,0.007661510,0.012654654,2.387270651
47.908765723,TRACKING,,0.001524514,1,0.002932944,-0.009537055,0.057582613,0.000000000,0.000000000,0.050000000,-0.002647754,-0.009616658,0.007587021,0.012532102,2.376777376
47.918875717,TRACKING,,0.001534012,1,0.002924944,-0.009435745,0.057507348,0.000000000,0.000000000,0.050000000,-0.002644274,-0.009515058,0.007511347,0.012407613,2.366063478
47.928907349,TRACKING,,0.001202751,1,0.003234637,-0.009768289,0.057795888,0.000000000,0.000000000,0.050000000,-0.002939502,-0.009862190,0.007794533,0.012909617,2.472454223
47.939158634,TRACKING,,0.003653371,1,0.003225917,-0.009666659,0.057720194,0.000000000,0.000000000,0.050000000,-0.002935386,-0.009760185,0.007718454,0.012784844,2.461533700
47.949122588,TRACKING,,0.001515015,1,0.003215190,-0.009546493,0.057630549,0.000000000,0.000000000,0.050000000,-0.002930057,-0.009639555,0.007628368,0.012637177,2.448497061
47.959502104,TRACKING,,0.001747729,1,0.003531391,-0.009889702,0.057929419,0.000000000,0.000000000,0.050000000,-0.003231248,-0.009998439,0.007921040,0.013158747,2.558317785
47.969473182,TRACKING,,0.001209875,1,0.003521680,-0.009789072,0.057854133,0.000000000,0.000000000,0.050000000,-0.003226128,-0.009897329,0.007845415,0.013035166,2.547213366
47.979625920,TRACKING,,0.000885738,1,0.003511087,-0.009681991,0.057773952,0.000000000,0.000000000,0.050000000,-0.003220373,-0.009789725,0.007764889,0.012903605,2.535333131
47.989712168,TRACKING,,0.000687456,1,0.003815141,-0.010004224,0.058057208,0.000000000,0.000000000,0.050000000,-0.003510251,-0.010127779,0.008041431,0.013399940,2.641030353
47.999767546,TRACKING,,0.000617404,1,0.003804039,-0.009899060,0.057978252,0.000000000,0.000000000,0.050000000,-0.003503964,-0.010022010,0.007962171,0.013270818,2.629187042
48.009958278,TRACKING,,0.000742072,1,0.003792849,-0.009796450,0.057901087,0.000000000,0.000000000,0.050000000,-0.003497437,-0.009918789,0.007884724,0.013144707,2.617521949
48.019921045,TRACKING,,0.000730199,1,0.004100559,-0.010106020,0.058177124,0.000000000,0.000000000,0.050000000,-0.003791492,-0.010245103,0.008153162,0.013631272,2.723751792
48.029890937,TRACKING,,0.000742072,1,0.004088657,-0.010004159,0.058100264,0.000000000,0.000000000,0.050000000,-0.003784283,-0.010142534,0.008076063,0.013506095,2.711956164
48.039945127,TRACKING,,0.000358569,1,0.004076338,-0.009900568,0.058022032,0.000000000,0.000000000,0.050000000,-0.003776690,-0.010038213,0.007997603,0.013378743,2.699907004
48.050207098,TRACKING,,0.000024934,1,0.004385890,-0.010226235,0.058311722,0.000000000,0.000000000,0.050000000,-0.004071773,-0.010381474,0.008279027,0.013888723,2.808576981
48.060162742,TRACKING,,0.002469617,1,0.004372543,-0.010120113,0.058231332,0.000000000,0.000000000,0.050000000,-0.004063335,-0.010274502,0.008198449,0.013758293,2.796042952
48.070366534,TRACKING,,0.002246402,1,0.004358746,-0.010012953,0.058150044,0.000000000,0.000000000,0.050000000,-0.004054455,-0.010166466,0.008116987,0.013626486,2.783290679
48.080360172,TRACKING,,0.001979255,1,0.004344655,-0.009905948,0.058068766,0.000000000,0.000000000,0.050000000,-0.004045236,-0.010058569,0.008035551,0.013494770,2.770458635
48.090384679,TRACKING,,0.001279927,1,0.004653834,-0.010231368,0.058359697,0.000000000,0.000000000,0.050000000,-0.004339992,-0.010402237,0.008317544,0.014007983,2.879551141
48.100366444,TRACKING,,0.001301298,1,0.004639048,-0.010123805,0.058277791,0.000000000,0.000000000,0.050000000,-0.004330163,-0.010293677,0.008235528,0.013875663,2.866494358
48.110522743,TRACKING,,0.001130324,1,0.004623776,-0.010015051,0.058194870,0.000000000,0.000000000,0.050000000,-0.004319867,-0.010183896,0.008152512,0.013741777,2.853192482
48.120531816,TRACKING,,0.001081645,1,0.004623776,-0.010015051,0.058194870,0.000000000,0.000000000,0.050000000,-0.004319867,-0.010183896,0.008152512,0.013741777,2.853192482
48.130628750,TRACKING,,0.001237183,1,0.004933778,-0.010321929,0.058473857,0.000000000,0.000000000,0.050000000,-0.004616236,-0.010509783,0.008421727,0.014236946,2.961429891
48.140661569,TRACKING,,0.000718326,1,0.004914270,-0.010189575,0.058372635,0.000000000,0.000000000,0.050000000,-0.004602852,-0.010376040,0.008320459,0.014074036,2.944985697
48.150779875,TRACKING,,0.000825185,1,0.004897435,-0.010077881,0.058287079,0.000000000,0.000000000,0.050000000,-0.004591143,-0.010263154,0.008234885,0.013936436,2.930992280
48.160906492,TRACKING,,0.000871490,1,0.005228162,-0.010433795,0.058607541,0.000000000,0.000000000,0.050000000,-0.004905962,-0.010640179,0.008544333,0.014501293,3.049336145
48.170927437,TRACKING,,0.000581785,1,0.005210897,-0.010323643,0.058522935,0.000000000,0.000000000,0.050000000,-0.004893828,-0.010528734,0.008459768,0.014365635,3.035359864
48.181017248,TRACKING,,0.000484425,1,0.005193688,-0.010215785,0.058439975,0.000000000,0.000000000,0.050000000,-0.004881604,-0.010419592,0.008376865,0.014232703,3.021580431
48.191067876,TRACKING,,0.000447618,1,0.005476017,-0.010505640,0.058704601,0.000000000,0.000000000,0.050000000,-0.005150946,-0.010728103,0.008631388,0.014701201,3.121784119
48.201241986,TRACKING,,0.000134166,1,0.005457468,-0.010393514,0.058618112,0.000000000,0.000000000,0.050000000,-0.005137634,-0.010614533,0.008545019,0.014562999,3.107278809
48.211224937,TRACKING,,0.000102109,1,0.005434986,-0.010260241,0.058515148,0.000000000,0.000000000,0.050000000,-0.005121325,-0.010479518,0.008442220,0.014398589,3.089902265
48.221229261,TRACKING,,0.000103296,1,0.005742723,-0.010582982,0.058810124,0.000000000,0.000000000,0.050000000,-0.005414566,-0.010823268,0.008725593,0.014919673,3.200041661
48.231288201,TRACKING,,0.000161474,1,0.005723784,-0.010474559,0.058726111,0.000000000,0.000000000,0.050000000,-0.005400708,-0.010713313,0.008641782,0.014785909,3.185729776
48.241353077,TRACKING,,0.000094986,1,0.005704393,-0.010365146,0.058641218,0.000000000,0.000000000,0.050000000,-0.005386404,-0.010602338,0.008557107,0.014650836,3.171201364
48.251473757,TRACKING,,0.001973319,1,0.006026684,-0.010701340,0.058950459,0.000000000,0.000000000,0.050000000,-0.005693525,-0.010961299,0.008853474,0.015197049,3.286731240
48.261577815,TRACKING,,0.001422404,1,0.006005655,-0.010586959,0.058861421,0.000000000,0.000000000,0.050000000,-0.005677889,-0.010845150,0.008764741,0.015055776,3.271332086
48.271611822,TRACKING,,0.001497205,1,0.006005655,-0.010586959,0.058861421,0.000000000,0.000000000,0.050000000,-0.005677889,-0.010845150,0.008764741,0.015055776,3.271332086
48.281698070,TRACKING,,0.001481771,1,0.005979913,-0.010447901,0.058753054,0.000000000,0.000000000,0.050000000,-0.005658629,-0.010703938,0.008656766,0.014884017,3.252567654
48.291677460,TRACKING,,0.001345229,1,0.006269465,-0.010744134,0.059027991,0.000000000,0.000000000,0.050000000,-0.005934802,-0.011021247,0.008919498,0.015370335,3.356147942
48.301774394,TRACKING,,0.001247869,1,0.006247855,-0.010631333,0.058939816,0.000000000,0.000000000,0.050000000,-0.005918507,-0.010906573,0.008831715,0.015230930,3.340719715
48.311854705,TRACKING,,0.001226497,1,0.006225822,-0.010517813,0.058850960,0.000000000,0.000000000,0.050000000,-0.005901782,-0.010791151,0.008743270,0.015090552,3.325105218
48.321982509,TRACKING,,0.002460118,1,0.006530762,-0.010833704,0.059144935,0.000000000,0.000000000,0.050000000,-0.006192413,-0.011129915,0.009023794,0.015609287,3.434774562
48.332180365,TRACKING,,0.002277272,1,0.006505679,-0.010708471,0.059046610,0.000000000,0.000000000,0.050000000,-0.006173256,-0.011002438,0.008926009,0.015454332,3.417328728
48.342095640,TRACKING,,0.002337825,1,0.006482789,-0.010595775,0.058957995,0.000000000,0.000000000,0.050000000,-0.006155655,-0.010887704,0.008837900,0.015314786,3.401529113
48.354237132,TRACKING,,0.002234529,1,0.006459864,-0.010484194,0.058870152,0.000000000,0.000000000,0.050000000,-0.006137927,-0.010774092,0.008750574,0.015176553,3.385803810
48.362225393,TRACKING,,0.002105111,1,0.006764141,-0.010801991,0.059166877,0.000000000,0.000000000,0.050000000,-0.006427887,-0.011115303,0.009033302,0.015699307,3.495687318
48.372359134,TRACKING,,0.002059993,1,0.006740112,-0.010687931,0.059076841,0.000000000,0.000000000,0.050000000,-0.006409236,-0.010999039,0.008943874,0.015557957,3.479445913
48.384465006,TRACKING,,0.001591003,1,0.006715944,-0.010574480,0.058987169,0.000000000,0.000000000,0.050000000,-0.006390375,-0.010883381,0.008854822,0.015417287,3.463206759
48.394507324,TRACKING,,0.000565162,1,0.007013124,-0.010862428,0.059261671,0.000000000,0.000000000,0.050000000,-0.006674610,-0.011194759,0.009114919,0.015904553,3.568836875
48.404559140,TRACKING,,0.000604343,1,0.006985858,-0.010737450,0.059162593,0.000000000,0.000000000,0.050000000,-0.006653242,-0.011067210,0.009016618,0.015749545,3.550771683
48.414786678,TRACKING,,0.000726638,1,0.006954521,-0.010595885,0.059050186,0.000000000,0.000000000,0.050000000,-0.006628527,-0.010922708,0.008905117,0.015573825,3.530163328
48.424712639,TRACKING,,0.000852492,1,0.006954521,-0.010595885,0.059050186,0.000000000,0.000000000,0.050000000,-0.006628527,-0.010922708,0.008905117,0.015573825,3.530163328
48.434864189,TRACKING,,0.000078363,1,0.007249663,-0.010879402,0.059322363,0.000000000,0.000000000,0.050000000,-0.006910948,-0.011230073,0.009162408,0.016056944,3.635071337
48.445005054,TRACKING,,0.002683334,1,0.007221917,-0.010757602,0.059225336,0.000000000,0.000000000,0.050000000,-0.006888953,-0.011105594,0.009066258,0.015905625,3.617111146
48.456245373,TRACKING,,0.002334263,1,0.007195777,-0.010644116,0.059134804,0.000000000,0.000000000,0.050000000,-0.006868129,-0.010989595,0.008976562,0.015764551,3.600283858
48.465122934,TRACKING,,0.002247589,1,0.007494758,-0.010948295,0.059424763,0.000000000,0.000000000,0.050000000,-0.007153408,-0.011318628,0.009250953,0.016274603,3.708182225
48.475079765,TRACKING,,0.001644433,1,0.007467766,-0.010833895,0.059333236,0.000000000,0.000000000,0.050000000,-0.007131838,-0.011201555,0.009160357,0.016132269,3.691036322
48.485117333,TRACKING,,0.001746541,1,0.007439157,-0.010713837,0.059237052,0.000000000,0.000000000,0.050000000,-0.007108872,-0.011078679,0.009065170,0.015982818,3.672953880
48.495252261,TRACKING,,0.001709735,1,0.007723533,-0.010961664,0.059483029,0.000000000,0.000000000,0.050000000,-0.007382206,-0.011350529,0.009295560,0.016423729,3.772221262
48.505378878,TRACKING,,0.001523326,1,0.007695635,-0.010847718,0.059391403,0.000000000,0.000000000,0.050000000,-0.007359702,-0.011233760,0.009204979,0.016281715,3.754840985
48.515491247,TRACKING,,0.001186128,1,0.007666179,-0.010728542,0.059295445,0.000000000,0.000000000,0.050000000,-0.007335844,-0.011111619,0.009110133,0.016133109,3.736575287
48.525673668,TRACKING,,0.003567884,1,0.007961648,-0.011026305,0.059582737,0.000000000,0.000000000,0.050000000,-0.007617923,-0.011435120,0.009380903,0.016637189,3.843291129
48.535691051,TRACKING,,0.001915141,1,0.007928510,-0.010895868,0.059477346,0.000000000,0.000000000,0.050000000,-0.007590980,-0.011301259,0.009276846,0.016474262,3.823032471
48.545520839,TRACKING,,0.001747729,1,0.007898819,-0.010779390,0.059383121,0.000000000,0.000000000,0.050000000,-0.007566766,-0.011181726,0.009183823,0.016328795,3.804914481
48.555617773,TRACKING,,0.000563975,1,0.008190110,-0.011066088,0.059662602,0.000000000,0.000000000,0.050000000,-0.007845197,-0.011494342,0.009446430,0.016819693,3.909687732
48.565764575,TRACKING,,0.000359757,1,0.008159539,-0.010948424,0.059567101,0.000000000,0.000000000,0.050000000,-0.007820207,-0.011373451,0.009352243,0.016672597,3.891225094
48.575759399,TRACKING,,0.000550915,1,0.008129050,-0.010832197,0.059472639,0.000000000,0.000000000,0.050000000,-0.007795189,-0.011254022,0.009259097,0.016527216,3.872895890
48.585875331,TRACKING,,0.000534292,1,0.008129050,-0.010832197,0.059472639,0.000000000,0.000000000,0.050000000,-0.007795189,-0.011254022,0.009259097,0.016527216,3.872895890
48.596145613,TRACKING,,0.000641151,1,0.008446486,-0.011139852,0.059775142,0.000000000,0.000000000,0.050000000,-0.008098825,-0.011590567,0.009542569,0.017058512,3.986813393
48.606006271,TRACKING,,0.000398938,1,0.008415414,-0.011024053,0.059680705,0.000000000,0.000000000,0.050000000,-0.008073265,-0.011471413,0.009449554,0.016913456,3.968348642
48.616449901,TRACKING,,0.000337197,1,0.008374227,-0.010871583,0.059556195,0.000000000,0.000000000,0.050000000,-0.008039266,-0.011314518,0.009326936,0.016722436,3.943953582
48.626501717,TRACKING,,0.000213717,1,0.008631775,-0.011121675,0.059803223,0.000000000,0.000000000,0.050000000,-0.008285633,-0.011588526,0.009558070,0.017155243,4.036543546
48.636553533,TRACKING,,0.000172161,1,0.008599259,-0.011004003,0.059706801,0.000000000,0.000000000,0.050000000,-0.008258701,-0.011467292,0.009463213,0.017007567,4.017499313
48.646753764,TRACKING,,0.000026121,1,0.008566755,-0.010887207,0.059610983,0.000000000,0.000000000,0.050000000,-0.008231696,-0.011346950,0.009368962,0.016860947,3.998525859
48.656962305,TRACKING,,0.005296616,1,0.008854850,-0.011175790,0.059895325,0.000000000,0.000000000,0.050000000,-0.008506874,-0.011662859,0.009635088,0.017355809,4.102964615
48.667050928,TRACKING,,0.002133606,1,0.008820547,-0.011054402,0.059795446,0.000000000,0.000000000,0.050000000,-0.008478337,-0.011537641,0.009536941,0.017203273,4.083104736
48.677571734,TRACKING,,0.002494551,1,0.008777844,-0.010904420,0.059671877,0.000000000,0.000000000,0.050000000,-0.008442694,-0.011382916,0.009415533,0.017014762,4.058474201
48.687458513,TRACKING,,0.000026121,1,0.009064070,-0.011190764,0.059955427,0.000000000,0.000000000,0.050000000,-0.008716131,-0.011696932,0.009680492,0.017507173,4.162355821
48.697523389,TRACKING,,0.000091423,1,0.009030391,-0.011074048,0.059858974,0.000000000,0.000000000,0.050000000,-0.008687986,-0.011576393,0.009585817,0.017360353,4.143078955
48.707666629,TRACKING,,0.000143665,1,0.008988750,-0.010930589,0.059740288,0.000000000,0.000000000,0.050000000,-0.008653085,-0.011428230,0.009469334,0.017179889,4.119317319
48.717777810,TRACKING,,0.000258835,1,0.009273236,-0.011214104,0.060022616,0.000000000,0.000000000,0.050000000,-0.008924925,-0.011739770,0.009732697,0.017669235,4.222619727
48.727867621,TRACKING,,0.000165037,1,0.009238802,-0.011096363,0.059924943,0.000000000,0.000000000,0.050000000,-0.008896057,-0.011618053,0.009636920,0.017521108,4.203079806
48.737868382,TRACKING,,0.000170973,1,0.009204198,-0.010978385,0.059826984,0.000000000,0.000000000,0.050000000,-0.008866983,-0.011496097,0.009540868,0.017372732,4.183478301
48.749415029,TRACKING,,0.001703798,1,0.009204198,-0.010978385,0.059826984,0.000000000,0.000000000,0.050000000,-0.008866983,-0.011496097,0.009540868,0.017372732,4.183478301
48.759422914,TRACKING,,0.001499580,1,0.009478510,-0.011231262,0.060084886,0.000000000,0.000000000,0.050000000,-0.009130096,-0.011776376,0.009779910,0.017823813,4.281503238
48.769562591,TRACKING,,0.000094985,1,0.009442489,-0.011109131,0.059983221,0.000000000,0.000000000,0.050000000,-0.009099827,-0.011650016,0.009680307,0.017670260,4.261189534
48.779564540,TRACKING,,0.000070051,1,0.009402436,-0.010973976,0.059870603,0.000000000,0.000000000,0.050000000,-0.009066085,-0.011510183,0.009569982,0.017500364,4.238664070
48.789792079,TRACKING,,0.000173349,1,0.009682500,-0.011249381,0.060148328,0.000000000,0.000000000,0.050000000,-0.009333907,-0.011814182,0.009828085,0.017980210,4.340368200
48.799778592,TRACKING,,0.000074801,1,0.009638581,-0.011102478,0.060025600,0.000000000,0.000000000,0.050000000,-0.009296888,-0.011662043,0.009707962,0.017795503,4.315813375
48.809917083,TRACKING,,0.000020185,1,0.009602641,-0.010982445,0.059925226,0.000000000,0.000000000,0.050000000,-0.009266530,-0.011537747,0.009609721,0.017644685,4.295748392
48.820417704,TRACKING,,0.002499300,1,0.009880406,-0.011253435,0.060200275,0.000000000,0.000000000,0.050000000,-0.009532279,-0.011837576,0.009864851,0.018119267,4.396584705
48.830186939,TRACKING,,0.002353260,1,0.009843753,-0.011131890,0.060098381,0.000000000,0.000000000,0.050000000,-0.009501317,-0.011711594,0.009765208,0.017966517,4.376227326
48.840266063,TRACKING,,0.000263585,1,0.009808228,-0.011014127,0.059999581,0.000000000,0.000000000,0.050000000,-0.009471258,-0.011589549,0.009668588,0.017818641,4.356514651
48.850303631,TRACKING,,0.000250523,1,0.010077041,-0.011259563,0.060254136,0.000000000,0.000000000,0.050000000,-0.009729260,-0.011863264,0.009903348,0.018261211,4.452855814
48.860397003,TRACKING,,0.000369255,1,0.010032477,-0.011112390,0.060130339,0.000000000,0.000000000,0.050000000,-0.009691549,-0.011710616,0.009782378,0.018076492,4.428227617
48.870356209,TRACKING,,0.000415561,1,0.009996053,-0.010992138,0.060029089,0.000000000,0.000000000,0.050000000,-0.009660669,-0.011585910,0.009683436,0.017925702,4.408116820
48.880424647,TRACKING,,0.000534292,1,0.009996053,-0.010992138,0.060029089,0.000000000,0.000000000,0.050000000,-0.009660669,-0.011585910,0.009683436,0.017925702,4.408116820
48.890643874,TRACKING,,0.000047492,1,0.010260859,-0.011227497,0.060276002,0.000000000,0.000000000,0.050000000,-0.009915150,-0.011849529,0.009910429,0.018355875,4.502708276
48.900774053,TRACKING,,0.002373444,1,0.010222157,-0.011100790,0.060169032,0.000000000,0.000000000,0.050000000,-0.009882318,-0.011718002,0.009805990,0.018196956,4.481456653
48.910937477,TRACKING,,0.002304580,1,0.010185455,-0.010980749,0.060067604,0.000000000,0.000000000,0.050000000,-0.009851129,-0.011593411,0.009706961,0.018046523,4.461326296
48.920800509,TRACKING,,0.000820435,1,0.010451121,-0.011222989,0.060321140,0.000000000,0.000000000,0.050000000,-0.010106180,-0.011864498,0.009940129,0.018485327,4.556855090
48.930898631,TRACKING,,0.000186409,1,0.010414342,-0.011102978,0.060219490,0.000000000,0.000000000,0.050000000,-0.010074936,-0.011739840,0.009840957,0.018335011,4.536744793
48.940937386,TRACKING,,0.000321763,1,0.010375422,-0.010976214,0.060112028,0.000000000,0.000000000,0.050000000,-0.010041813,-0.011608180,0.009736114,0.018176352,4.515493485
48.951075876,TRACKING,,0.000279019,1,0.010635125,-0.011203547,0.060353697,0.000000000,0.000000000,0.050000000,-0.010291610,-0.011864083,0.009957442,0.018596354,4.608256643
48.961177559,TRACKING,,0.000208968,1,0.010598129,-0.011083608,0.060251741,0.000000000,0.000000000,0.050000000,-0.010260119,-0.011739408,0.009858050,0.018446271,4.588136179
48.971250747,TRACKING,,0.000154351,1,0.010561057,-0.010963516,0.060149571,0.000000000,0.000000000,0.050000000,-0.010228513,-0.011614589,0.009758445,0.018296131,4.567993301
48.981418920,TRACKING,,0.002392441,1,0.010826394,-0.011213566,0.060411294,0.000000000,0.000000000,0.050000000,-0.010482924,-0.011894415,0.009999055,0.018744330,4.664319967
48.991384061,TRACKING,,0.002461306,1,0.010788949,-0.011092914,0.060308384,0.000000000,0.000000000,0.050000000,-0.010451001,-0.011768903,0.009898810,0.018593465,4.644056536
49.001647220,TRACKING,,0.002468429,1,0.010751834,-0.010973300,0.060206275,0.000000000,0.000000000,0.050000000,-0.010419314,-0.011644489,0.009799341,0.018444059,4.623983011
49.012200083,TRACKING,,0.002996785,1,0.010714261,-0.010852396,0.060102977,0.000000000,0.000000000,0.050000000,-0.010387182,-0.011518744,0.009698711,0.018293169,4.603682383
49.022311264,TRACKING,,0.002362758,1,0.011003351,-0.011130530,0.060393779,0.000000000,0.000000000,0.050000000,-0.010664213,-0.011829783,0.009966136,0.018788110,4.709222532
49.032290654,TRACKING,,0.002049307,1,0.010965392,-0.011009008,0.060289683,0.000000000,0.000000000,0.050000000,-0.010631765,-0.011703274,0.009864817,0.018636407,4.688790779
49.042397086,TRACKING,,0.001913953,1,0.010927814,-0.010888886,0.060186697,0.000000000,0.000000000,0.050000000,-0.010599590,-0.011578233,0.009764577,0.018486583,4.668585695
49.052387162,TRACKING,,0.000393002,1,0.011154439,-0.011077701,0.060392869,0.000000000,0.000000000,0.050000000,-0.010818113,-0.011793012,0.009951985,0.018845389,4.749180501
49.062524465,TRACKING,,0.000441681,1,0.011116999,-0.010958448,0.060290360,0.000000000,0.000000000,0.050000000,-0.010786046,-0.011668788,0.009852277,0.018696704,4.729112236
49.072540661,TRACKING,,0.000492736,1,0.011079346,-0.010838710,0.060187344,0.000000000,0.000000000,0.050000000,-0.010753744,-0.011544070,0.009752074,0.018547548,4.708950879
49.082572293,TRACKING,,0.000544978,1,0.011079346,-0.010838710,0.060187344,0.000000000,0.000000000,0.050000000,-0.010753744,-0.011544070,0.009752074,0.018547548,4.708950879
49.092727405,TRACKING,,0.000468990,1,0.011327722,-0.011049338,0.060417086,0.000000000,0.000000000,0.050000000,-0.010993117,-0.011783546,0.009960936,0.018945206,4.797679769
49.102811278,TRACKING,,0.000473739,1,0.011289672,-0.010929223,0.060313468,0.000000000,0.000000000,0.050000000,-0.010960458,-0.011658320,0.009860232,0.018795538,4.777393238
49.112892777,TRACKING,,0.000415560,1,0.011251964,-0.010810226,0.060210728,0.000000000,0.000000000,0.050000000,-0.010928048,-0.011534274,0.009760376,0.018647430,4.757300542
49.122888789,TRACKING,,0.000351445,1,0.011506332,-0.011045076,0.060461983,0.000000000,0.000000000,0.050000000,-0.011172365,-0.011799219,0.009989952,0.019074655,4.849723558
49.133024905,TRACKING,,0.000398938,1,0.011468152,-0.010925295,0.060358312,0.000000000,0.000000000,0.050000000,-0.011139547,-0.011674244,0.009889273,0.018925518,4.829453313
49.143165769,TRACKING,,0.000024933,1,0.011430354,-0.010806652,0.060255541,0.000000000,0.000000000,0.050000000,-0.011107017,-0.011550477,0.009789460,0.018777989,4.809390428
49.153263890,TRACKING,,0.002329514,1,0.011680493,-0.011033828,0.060500685,0.000000000,0.000000000,0.050000000,-0.011347473,-0.011807628,0.010012914,0.019194887,4.900095945
49.163343015,TRACKING,,0.002187036,1,0.011640246,-0.010907092,0.060390654,0.000000000,0.000000000,0.050000000,-0.011312869,-0.011675345,0.009906109,0.019037481,4.878736418
49.173455384,TRACKING,,0.002374632,1,0.011602448,-0.010789447,0.060288389,0.000000000,0.000000000,0.050000000,-0.011280279,-0.011552515,0.009806866,0.018891266,4.858774862
49.183411027,TRACKING,,0.001542324,1,0.011839727,-0.010981986,0.060503874,0.000000000,0.000000000,0.050000000,-0.011509452,-0.011773674,0.010001383,0.019264333,4.943183822
49.193464030,TRACKING,,0.001604064,1,0.011800393,-0.010860270,0.060397765,0.000000000,0.000000000,0.050000000,-0.011475520,-0.011646486,0.009898490,0.019113039,4.922485590
49.203539592,TRACKING,,0.000877426,1,0.011761579,-0.010740164,0.060292968,0.000000000,0.000000000,0.050000000,-0.011441992,-0.011520998,0.009796861,0.018963941,4.902068446
49.213524918,TRACKING,,0.001003282,1,0.011722192,-0.010617808,0.060186127,0.000000000,0.000000000,0.050000000,-0.011407942,-0.011393196,0.009693232,0.018812358,4.881322196
49.223647973,TRACKING,,0.001295362,1,0.011958516,-0.010814392,0.060405239,0.000000000,0.000000000,0.050000000,-0.011636083,-0.011618565,0.009891244,0.019189220,4.965868066
49.233695040,TRACKING,,0.001173068,1,0.011919617,-0.010694418,0.060300178,0.000000000,0.000000000,0.050000000,-0.011602434,-0.011493137,0.009789424,0.019040522,4.945458468
49.245533766,TRACKING,,0.000036807,1,0.011879383,-0.010570496,0.060191569,0.000000000,0.000000000,0.050000000,-0.011567581,-0.011363595,0.009684161,0.018887117,4.924364203
49.255553525,TRACKING,,0.000195907,1,0.012111919,-0.010763160,0.060407463,0.000000000,0.000000000,0.050000000,-0.011792159,-0.011584905,0.009878991,0.019257712,5.007587960
49.265802435,TRACKING,,0.000024934,1,0.012111919,-0.010763160,0.060407463,0.000000000,0.000000000,0.050000000,-0.011792159,-0.011584905,0.009878991,0.019257712,5.007587960
49.275749767,TRACKING,,0.000282581,1,0.012072541,-0.010643251,0.060302042,0.000000000,0.000000000,0.050000000,-0.011758006,-0.011459422,0.009776913,0.019109084,4.987050704
49.285843139,TRACKING,,0.000376379,1,0.012025129,-0.010498464,0.060174648,0.000000000,0.000000000,0.050000000,-0.011716845,-0.011307947,0.009653537,0.018930001,4.962302372
49.295837964,TRACKING,,0.000864366,1,0.012255132,-0.010688805,0.060388733,0.000000000,0.000000000,0.050000000,-0.011939040,-0.011526919,0.009846524,0.019296751,5.044666788
49.305863659,TRACKING,,0.000934417,1,0.012216160,-0.010570951,0.060284736,0.000000000,0.000000000,0.050000000,-0.011905171,-0.011403497,0.009745897,0.019150858,5.024416296
49.316011647,TRACKING,,0.000930856,1,0.012440982,-0.010752435,0.060491381,0.000000000,0.000000000,0.050000000,-0.012122563,-0.011613336,0.009931559,0.019505434,5.104667094
49.326191693,TRACKING,,0.000750383,1,0.012401268,-0.010632836,0.060385546,0.000000000,0.000000000,0.050000000,-0.012088038,-0.011487988,0.009829225,0.019357381,5.084084817
49.336193642,TRACKING,,0.003311424,1,0.012362161,-0.010515301,0.060281438,0.000000000,0.000000000,0.050000000,-0.012053993,-0.011364813,0.009728557,0.019212042,5.063835957
49.346425930,TRACKING,,0.001564882,1,0.012316800,-0.010379908,0.060161383,0.000000000,0.000000000,0.050000000,-0.012014422,-0.011222905,0.009612483,0.019044677,5.040413837
49.356290150,TRACKING,,0.001572006,1,0.012547121,-0.010586030,0.060389718,0.000000000,0.000000000,0.050000000,-0.012236357,-0.011458441,0.009819177,0.019427829,5.124189023
49.366381147,TRACKING,,0.001826092,1,0.012547121,-0.010586030,0.060389718,0.000000000,0.000000000,0.050000000,-0.012236357,-0.011458441,0.009819177,0.019427829,5.124189023
49.376385470,TRACKING,,0.001630185,1,0.012499671,-0.010445606,0.060264841,0.000000000,0.000000000,0.050000000,-0.012194932,-0.011311115,0.009698542,0.019254075,5.099781686
49.386499027,TRACKING,,0.001646807,1,0.012460082,-0.010328176,0.060160330,0.000000000,0.000000000,0.050000000,-0.012160336,-0.011187947,0.009597565,0.019109086,5.079402823
49.396538969,TRACKING,,0.001209874,1,0.012685760,-0.010526772,0.060382196,0.000000000,0.000000000,0.050000000,-0.012378001,-0.011415626,0.009797959,0.019481566,5.161291275
49.406698831,TRACKING,,0.001410531,1,0.012645156,-0.010406455,0.060274851,0.000000000,0.000000000,0.050000000,-0.012342527,-0.011289343,0.009694307,0.019333050,5.140408638
49.416706716,TRACKING,,0.001278739,1,0.012595954,-0.010260928,0.060144887,0.000000000,0.000000000,0.050000000,-0.012299478,-0.011136613,0.009568810,0.019153679,5.115124474
49.426809587,TRACKING,,0.001266866,1,0.012817556,-0.010454359,0.060362201,0.000000000,0.000000000,0.050000000,-0.012513336,-0.011358864,0.009764793,0.019518160,5.195492134
49.436829345,TRACKING,,0.000712390,1,0.012777647,-0.010337449,0.060257495,0.000000000,0.000000000,0.050000000,-0.012478387,-0.011236044,0.009663772,0.019373882,5.175068910
49.446887098,TRACKING,,0.000762257,1,0.012736275,-0.010216691,0.060149238,0.000000000,0.000000000,0.050000000,-0.012442101,-0.011109181,0.009559327,0.019224997,5.153927885
49.457526635,TRACKING,,0.002461306,1,0.012953447,-0.010405228,0.060362189,0.000000000,0.000000000,0.050000000,-0.012651785,-0.011326230,0.009751122,0.019581510,5.232665547
49.467609321,TRACKING,,0.002210782,1,0.012908249,-0.010274574,0.060244728,0.000000000,0.000000000,0.050000000,-0.012612108,-0.011188830,0.009637895,0.019420201,5.209663058
49.477555466,TRACKING,,0.001040089,1,0.012863508,-0.010144773,0.060127928,0.000000000,0.000000000,0.050000000,-0.012572800,-0.011052373,0.009525279,0.019260353,5.186862536
49.487799627,TRACKING,,0.001055524,1,0.013076438,-0.010328375,0.060336371,0.000000000,0.000000000,0.050000000,-0.012778503,-0.011264161,0.009712758,0.019608904,5.264014515
49.497794452,TRACKING,,0.001160007,1,0.013027435,-0.010188064,0.060209731,0.000000000,0.000000000,0.050000000,-0.012735392,-0.011116483,0.009590772,0.019435774,5.239175646
49.510547411,TRACKING,,0.003728172,1,0.012987235,-0.010073012,0.060105780,0.000000000,0.000000000,0.050000000,-0.012699981,-0.010995408,0.009490633,0.019294057,5.218800674
49.520489994,TRACKING,,0.001974507,1,0.013189527,-0.010234854,0.060294401,0.000000000,0.000000000,0.050000000,-0.012896018,-0.011184135,0.009659108,0.019613529,5.291224481
49.530558432,TRACKING,,0.002120546,1,0.013189527,-0.010234854,0.060294401,0.000000000,0.000000000,0.050000000,-0.012896018,-0.011184135,0.009659108,0.019613529,5.291224481
49.540690986,TRACKING,,0.000685081,1,0.013140921,-0.010097587,0.060169996,0.000000000,0.000000000,0.050000000,-0.012853140,-0.011039516,0.009539379,0.019444122,5.266719055
49.550676312,TRACKING,,0.000711202,1,0.013095078,-0.009967270,0.060051796,0.000000000,0.000000000,0.050000000,-0.012812679,-0.010902284,0.009425583,0.019283831,5.243549800
49.560862294,TRACKING,,0.000322950,1,0.013299110,-0.010141284,0.060251266,0.000000000,0.000000000,0.050000000,-0.013010001,-0.011103713,0.009604577,0.019616331,5.317445690
49.570861868,TRACKING,,0.000365693,1,0.013257383,-0.010023792,0.060144412,0.000000000,0.000000000,0.050000000,-0.012973140,-0.010979861,0.009501790,0.019471613,5.296435425
49.580886376,TRACKING,,0.000225590,1,0.013217215,-0.009911205,0.060041914,0.000000000,0.000000000,0.050000000,-0.012937602,-0.010861175,0.009403198,0.019333050,5.276242597
49.591035552,TRACKING,,0.000037994,1,0.013416059,-0.010078701,0.060235238,0.000000000,0.000000000,0.050000000,-0.013130050,-0.011055585,0.009576367,0.019655304,5.348131142
49.601315332,TRACKING,,0.000251711,1,0.013375357,-0.009965596,0.060131995,0.000000000,0.000000000,0.050000000,-0.013094014,-0.010936236,0.009477139,0.019515906,5.327739216
49.611356462,TRACKING,,0.000189970,1,0.013335292,-0.009854468,0.060030461,0.000000000,0.000000000,0.050000000,-0.013058500,-0.010818981,0.009379549,0.019379131,5.307677917
49.621366722,TRACKING,,0.002317640,1,0.013529601,-0.010017243,0.060219267,0.000000000,0.000000000,0.050000000,-0.013246648,-0.011008256,0.009548471,0.019693367,5.377898184
49.633427477,TRACKING,,0.000512921,1,0.013488035,-0.009902848,0.060114471,0.000000000,0.000000000,0.050000000,-0.013209778,-0.010887442,0.009447824,0.019552391,5.357148100
49.643422301,TRACKING,,0.000398939,1,0.013442645,-0.009778263,0.060000228,0.000000000,0.000000000,0.050000000,-0.013169463,-0.010755872,0.009338101,0.019399064,5.334509399
49.653554855,TRACKING,,0.001605251,1,0.013631599,-0.009934610,0.060182787,0.000000000,0.000000000,0.050000000,-0.013352562,-0.010938154,0.009501156,0.019702947,5.402708620
49.663573426,TRACKING,,0.001592191,1,0.013585943,-0.009810269,0.060068451,0.000000000,0.000000000,0.050000000,-0.013311978,-0.010806724,0.009391426,0.019549755,5.380004907
49.673639489,TRACKING,,0.001387972,1,0.013545140,-0.009698797,0.059965858,0.000000000,0.000000000,0.050000000,-0.013275681,-0.010688934,0.009292944,0.019412775,5.359689066
49.683815974,TRACKING,,0.001345229,1,0.013503576,-0.009585762,0.059861724,0.000000000,0.000000000,0.050000000,-0.013238655,-0.010569484,0.009192987,0.019273998,5.339024442
49.693802487,TRACKING,,0.001301298,1,0.013687273,-0.009736478,0.060038537,0.000000000,0.000000000,0.050000000,-0.013416812,-0.010745480,0.009350748,0.019568155,5.405248011
49.703929104,TRACKING,,0.001181379,1,0.013646420,-0.009626643,0.059937069,0.000000000,0.000000000,0.050000000,-0.013380380,-0.010629286,0.009253436,0.019433022,5.385019141
49.714003479,TRACKING,,0.000664897,1,0.013602816,-0.009509849,0.059829067,0.000000000,0.000000000,0.050000000,-0.013341444,-0.010505728,0.009149861,0.019289489,5.363453857
49.723992367,TRACKING,,0.000867928,1,0.013782071,-0.009657519,0.060002687,0.000000000,0.000000000,0.050000000,-0.013515330,-0.010678230,0.009304740,0.019577204,5.428152902
49.734133231,TRACKING,,0.001065022,1,0.013732400,-0.009525919,0.059880647,0.000000000,0.000000000,0.050000000,-0.013470926,-0.010538863,0.009187800,0.019415178,5.403679884
49.744206419,TRACKING,,0.001118451,1,0.013691313,-0.009417517,0.059780006,0.000000000,0.000000000,0.050000000,-0.013434143,-0.010424060,0.009091367,0.019281862,5.383460935
49.754239238,TRACKING,,0.001107766,1,0.013864956,-0.009559231,0.059947518,0.000000000,0.000000000,0.050000000,-0.013602698,-0.010589945,0.009240601,0.019559372,5.446046008
49.764300552,TRACKING,,0.001144572,1,0.013824023,-0.009452260,0.059847931,0.000000000,0.000000000,0.050000000,-0.013566019,-0.010476546,0.009145254,0.019427573,5.425969450
49.775020827,TRACKING,,0.000041556,1,0.013824023,-0.009452260,0.059847931,0.000000000,0.000000000,0.050000000,-0.013566019,-0.010476546,0.009145254,0.019427573,5.425969450
49.784987156,TRACKING,,0.000074801,1,0.013934392,-0.009438307,0.059869801,0.000000000,0.000000000,0.050000000,-0.013677498,-0.010477054,0.009155287,0.019510559,5.458222343
49.795107836,TRACKING,,0.000141291,1,0.013934392,-0.009438307,0.059869801,0.000000000,0.000000000,0.050000000,-0.013677498,-0.010477054,0.009155287,0.019510559,5.458222343
49.805141843,TRACKING,,0.000207781,1,0.013883214,-0.009306298,0.059746403,0.000000000,0.000000000,0.050000000,-0.013631522,-0.010336983,0.009037232,0.019347950,5.433224649
49.815389566,TRACKING,,0.000307515,1,0.013831885,-0.009174576,0.059623133,0.000000000,0.000000000,0.050000000,-0.013585342,-0.010197211,0.008919303,0.019185895,5.408191614
49.825333336,TRACKING,,0.000273083,1,0.013985068,-0.009281387,0.059756732,0.000000000,0.000000000,0.050000000,-0.013734909,-0.010325330,0.009036586,0.019414430,5.462109275
49.835360218,TRACKING,,0.000346696,1,0.013943151,-0.009175123,0.059656982,0.000000000,0.000000000,0.050000000,-0.013697142,-0.010212452,0.008941240,0.019283455,5.441745133
49.845446466,TRACKING,,0.000484425,1,0.013892601,-0.009047675,0.059537220,0.000000000,0.000000000,0.050000000,-0.013651532,-0.010077059,0.008826773,0.019126509,5.417226543
49.855409233,TRACKING,,0.000514108,1,0.013892601,-0.009047675,0.059537220,0.000000000,0.000000000,0.050000000,-0.013651532,-0.010077059,0.008826773,0.019126509,5.417226543
49.865611838,TRACKING,,0.000826372,1,0.014040219,-0.009148075,0.059664193,0.000000000,0.000000000,0.050000000,-0.013795826,-0.010198035,0.008937948,0.019344551,5.469010457
49.876136206,TRACKING,,0.003770915,1,0.013988653,-0.009019685,0.059543168,0.000000000,0.000000000,0.050000000,-0.013749228,-0.010061495,0.008822372,0.019186172,5.444092382
49.886119157,TRACKING,,0.000014248,1,0.014133538,-0.009125214,0.059673956,0.000000000,0.000000000,0.050000000,-0.013890600,-0.010187412,0.008937545,0.019406490,5.495423541
49.896270708,TRACKING,,0.004873932,1,0.014091121,-0.009020899,0.059575341,0.000000000,0.000000000,0.050000000,-0.013852216,-0.010076359,0.008843450,0.019277539,5.475005292
49.906341520,TRACKING,,0.001661055,1,0.014047382,-0.008913655,0.059473866,0.000000000,0.000000000,0.050000000,-0.013812593,-0.009962188,0.008746623,0.019145139,5.453967412
49.916775652,TRACKING,,0.001969757,1,0.014192412,-0.009026782,0.059611291,0.000000000,0.000000000,0.050000000,-0.013953855,-0.010095867,0.008868351,0.019372255,5.505895602
49.926801347,TRACKING,,0.001999439,1,0.014150517,-0.008925192,0.059514898,0.000000000,0.000000000,0.050000000,-0.013915860,-0.009987604,0.008776450,0.019246544,5.485811513
49.936856725,TRACKING,,0.001663430,1,0.014107549,-0.008820537,0.059415523,0.000000000,0.000000000,0.050000000,-0.013876875,-0.009876121,0.008681673,0.019117450,5.465177940
49.946985716,TRACKING,,0.003244934,1,0.014063671,-0.008715194,0.059315372,0.000000000,0.000000000,0.050000000,-0.013836987,-0.009763838,0.008586200,0.018987301,5.444202724
49.957037532,TRACKING,,0.001349978,1,0.014191333,-0.008795161,0.059420275,0.000000000,0.000000000,0.050000000,-0.013962185,-0.009861686,0.008677263,0.019170038,5.488481558
49.967116656,TRACKING,,0.001254993,1,0.014148787,-0.008693946,0.059323764,0.000000000,0.000000000,0.050000000,-0.013923463,-0.009753709,0.008585324,0.019044827,5.468193578
49.977176783,TRACKING,,0.003810096,1,0.014148787,-0.008693946,0.059323764,0.000000000,0.000000000,0.050000000,-0.013923463,-0.009753709,0.008585324,0.019044827,5.468193578
49.987257094,TRACKING,,0.000636401,1,0.014266686,-0.008758747,0.059413416,0.000000000,0.000000000,0.050000000,-0.014039473,-0.009835007,0.008662112,0.019205894,5.508388749
49.997358777,TRACKING,,0.000420309,1,0.014224084,-0.008659016,0.059318036,0.000000000,0.000000000,0.050000000,-0.014000633,-0.009728482,0.008571338,0.019082162,5.488170452
50.007471146,TRACKING,,0.000388252,1,0.014180799,-0.008558062,0.059221399,0.000000000,0.000000000,0.050000000,-0.013961130,-0.009620648,0.008479368,0.018957048,5.467647840
50.018549990,TRACKING,,0.003915767,1,0.014138344,-0.008459496,0.059126964,0.000000000,0.000000000,0.050000000,-0.013922343,-0.009515356,0.008389498,0.018835002,5.447542192
50.028541253,TRACKING,,0.001967383,1,0.014257114,-0.008537835,0.059228369,0.000000000,0.000000000,0.050000000,-0.014038768,-0.009610416,0.008477950,0.019008491,5.488987287
50.038677368,TRACKING,,0.000382316,1,0.014208728,-0.008427061,0.059121938,0.000000000,0.000000000,0.050000000,-0.013994498,-0.009491949,0.008376754,0.018870958,5.466161104
50.048693564,TRACKING,,0.000381129,1,0.014165056,-0.008327478,0.059026160,0.000000000,0.000000000,0.050000000,-0.013954499,-0.009385447,0.008285687,0.018747460,5.445578057
50.061483331,TRACKING,,0.000895236,1,0.014285363,-0.008417903,0.059138225,0.000000000,0.000000000,0.050000000,-0.014072034,-0.009492944,0.008384611,0.018932507,5.488371158
50.073547647,TRACKING,,0.000249336,1,0.014233263,-0.008300730,0.059025221,0.000000000,0.000000000,0.050000000,-0.014024252,-0.009367488,0.008277260,0.018786764,5.463909756
50.083475982,TRACKING,,0.000193533,1,0.014190629,-0.008205598,0.058933377,0.000000000,0.000000000,0.050000000,-0.013985100,-0.009265605,0.008190027,0.018668449,5.443935465
50.093551544,TRACKING,,0.000173349,1,0.014303717,-0.008288403,0.059037117,0.000000000,0.000000000,0.050000000,-0.014095716,-0.009364445,0.008281387,0.018840473,5.483987221
50.103681722,TRACKING,,0.000537854,1,0.014251783,-0.008173446,0.058925846,0.000000000,0.000000000,0.050000000,-0.014047979,-0.009241234,0.008175767,0.018697307,5.459700221
50.113778656,TRACKING,,0.000104484,1,0.014195983,-0.008050741,0.058806933,0.000000000,0.000000000,0.050000000,-0.013996622,-0.009109698,0.008062903,0.018544606,5.433648457
50.123925457,TRACKING,,0.000055804,1,0.014301979,-0.008126706,0.058903018,0.000000000,0.000000000,0.050000000,-0.014100420,-0.009200656,0.008147377,0.018704376,5.471037043
50.133959463,TRACKING,,0.002644152,1,0.014258833,-0.008033377,0.058812308,0.000000000,0.000000000,0.050000000,-0.014060648,-0.009100484,0.008061366,0.018587798,5.450981205
50.144019590,TRACKING,,0.000998533,1,0.014207976,-0.007923667,0.058705575,0.000000000,0.000000000,0.050000000,-0.014013726,-0.008982734,0.007960155,0.018450965,5.427351317
50.154104651,TRACKING,,0.000837057,1,0.014306824,-0.007992586,0.058793736,0.000000000,0.000000000,0.050000000,-0.014110642,-0.009065602,0.008037479,0.018598291,5.462027897
50.164091164,TRACKING,,0.000611467,1,0.014263178,-0.007900048,0.058703452,0.000000000,0.000000000,0.050000000,-0.014070310,-0.008966153,0.007951952,0.018482399,5.441842767
50.174264086,TRACKING,,0.000407249,1,0.014218245,-0.007805412,0.058611025,0.000000000,0.000000000,0.050000000,-0.014028745,-0.008864427,0.007864409,0.018363897,5.421095016
50.184464317,TRACKING,,0.000132979,1,0.014310822,-0.007869349,0.058693291,0.000000000,0.000000000,0.050000000,-0.014119578,-0.008941414,0.007936513,0.018501341,5.453504009
50.194419960,TRACKING,,0.000053429,1,0.014265477,-0.007775200,0.058601094,0.000000000,0.000000000,0.050000000,-0.014077577,-0.008840097,0.007849262,0.018383046,5.432642134
50.204426658,TRACKING,,0.002502862,1,0.014265477,-0.007775200,0.058601094,0.000000000,0.000000000,0.050000000,-0.014077577,-0.008840097,0.007849262,0.018383046,5.432642134
50.214566335,TRACKING,,0.002257087,1,0.014221575,-0.007684665,0.058512343,0.000000000,0.000000000,0.050000000,-0.014036869,-0.008742648,0.007765285,0.018269298,5.412477847
50.224626462,TRACKING,,0.001795221,1,0.014306561,-0.007741046,0.058586103,0.000000000,0.000000000,0.050000000,-0.014120381,-0.008810964,0.007829711,0.018393549,5.442014389
50.234593978,TRACKING,,0.001170694,1,0.014258227,-0.007642190,0.058488961,0.000000000,0.000000000,0.050000000,-0.014075523,-0.008704481,0.007737845,0.018269170,5.419852361
50.244702785,TRACKING,,0.001241932,1,0.014213091,-0.007550617,0.058398890,0.000000000,0.000000000,0.050000000,-0.014033585,-0.008605813,0.007652684,0.018153928,5.399198278
50.254812780,TRACKING,,0.003830281,1,0.014280780,-0.007579714,0.058444680,0.000000000,0.000000000,0.050000000,-0.014100754,-0.008644193,0.007691037,0.018240213,5.421416237
50.264915650,TRACKING,,0.001000908,1,0.014237792,-0.007494636,0.058360768,0.000000000,0.000000000,0.050000000,-0.014060734,-0.008552364,0.007611805,0.018132477,5.401874061
50.274872480,TRACKING,,0.000915420,1,0.014191944,-0.007403517,0.058270819,0.000000000,0.000000000,0.050000000,-0.014018035,-0.008454063,0.007526839,0.018017486,5.380996093
50.285057276,TRACKING,,0.000799063,1,0.014263018,-0.007447347,0.058329998,0.000000000,0.000000000,0.050000000,-0.014088072,-0.008507776,0.007578225,0.018118651,5.405360235
50.295134025,TRACKING,,0.000136542,1,0.014217662,-0.007358573,0.058242135,0.000000000,0.000000000,0.050000000,-0.014045775,-0.008411895,0.007495300,0.018006201,5.384782199
50.305203651,TRACKING,,0.000080737,1,0.014170232,-0.007266334,0.058150757,0.000000000,0.000000000,0.050000000,-0.014001503,-0.008312252,0.007409069,0.017889380,5.363295011
50.315443062,TRACKING,,0.000023746,1,0.014125260,-0.007179730,0.058064869,0.000000000,0.000000000,0.050000000,-0.013959479,-0.008218657,0.007328044,0.017779584,5.342968148
50.325417703,TRACKING,,0.002417375,1,0.014188469,-0.007216848,0.058116120,0.000000000,0.000000000,0.050000000,-0.014021886,-0.008264473,0.007372391,0.017868043,5.364420724
50.335449334,TRACKING,,0.001612375,1,0.014143950,-0.007132493,0.058032242,0.000000000,0.000000000,0.050000000,-0.013980230,-0.008173197,0.007293333,0.017760650,5.344373138
50.345610383,TRACKING,,0.001591003,1,0.014084435,-0.007020691,0.057920953,0.000000000,0.000000000,0.050000000,-0.013924482,-0.008052185,0.007188464,0.017618255,5.317626276
50.356496882,TRACKING,,0.002097987,1,0.014145293,-0.007057421,0.057971252,0.000000000,0.000000000,0.050000000,-0.013984565,-0.008097255,0.007232133,0.017704162,5.338292493
50.366495268,TRACKING,,0.001941261,1,0.014099690,-0.006973274,0.057887254,0.000000000,0.000000000,0.050000000,-0.013941787,-0.008006057,0.007153056,0.017596493,5.317879286
50.376553021,TRACKING,,0.002124108,1,0.014099690,-0.006973274,0.057887254,0.000000000,0.000000000,0.050000000,-0.013941787,-0.008006057,0.007153056,0.017596493,5.317879286
50.386658266,TRACKING,,0.004590163,1,0.014044536,-0.006872484,0.057786524,0.000000000,0.000000000,0.050000000,-0.013889994,-0.007896777,0.007058256,0.017467398,5.293244475
50.396615096,TRACKING,,0.002257087,1,0.014088440,-0.006891868,0.057817101,0.000000000,0.000000000,0.050000000,-0.013933645,-0.007922039,0.007084058,0.017523956,5.307479651
50.406779707,TRACKING,,0.000739698,1,0.014043600,-0.006811118,0.057736198,0.000000000,0.000000000,0.050000000,-0.013891483,-0.007834398,0.007007974,0.017420183,5.287512415
50.416785218,TRACKING,,0.000668458,1,0.013990965,-0.006716725,0.057641535,0.000000000,0.000000000,0.050000000,-0.013841954,-0.007731946,0.006918950,0.017298975,5.264090338
50.426941517,TRACKING,,0.000549727,1,0.014031179,-0.006733253,0.057668692,0.000000000,0.000000000,0.050000000,-0.013882013,-0.007753801,0.006941743,0.017349914,5.276964214
50.436944653,TRACKING,,0.000435745,1,0.013985165,-0.006652345,0.057587346,0.000000000,0.000000000,0.050000000,-0.013838650,-0.007665864,0.006865322,0.017245474,5.256578284
50.447658991,TRACKING,,0.000823997,1,0.013938974,-0.006571769,0.057506253,0.000000000,0.000000000,0.050000000,-0.013795083,-0.007578260,0.006789154,0.017141382,5.236146939
50.457562392,TRACKING,,0.000864366,1,0.013971818,-0.006582066,0.057525956,0.000000000,0.000000000,0.050000000,-0.013827951,-0.007592822,0.006805301,0.017180666,5.246293019
50.470619305,TRACKING,,0.000876239,1,0.013879924,-0.006425482,0.057367896,0.000000000,0.000000000,0.050000000,-0.013741121,-0.007422318,0.006657010,0.016977190,5.205851029
50.480686555,TRACKING,,0.000368068,1,0.013903733,-0.006426906,0.057377487,0.000000000,0.000000000,0.050000000,-0.013765214,-0.007426705,0.006664019,0.017001359,5.212566204
50.490631513,TRACKING,,0.002730826,1,0.013903733,-0.006426906,0.057377487,0.000000000,0.000000000,0.050000000,-0.013765214,-0.007426705,0.006664019,0.017001359,5.212566204
50.500640585,TRACKING,,0.001085207,1,0.013846719,-0.006331373,0.057280732,0.000000000,0.000000000,0.050000000,-0.013711254,-0.007322579,0.006573304,0.016876818,5.187553250
50.510697150,TRACKING,,0.001019904,1,0.013799881,-0.006253991,0.057202277,0.000000000,0.000000000,0.050000000,-0.013666877,-0.007238171,0.006499789,0.016775634,5.167067431
50.521426923,TRACKING,,0.001393909,1,0.013816114,-0.006249152,0.057204318,0.000000000,0.000000000,0.050000000,-0.013683559,-0.007235221,0.006500068,0.016788064,5.170987953
50.531545229,TRACKING,,0.001327419,1,0.013769803,-0.006174389,0.057128338,0.000000000,0.000000000,0.050000000,-0.013639617,-0.007153540,0.006428956,0.016689630,5.150829847
50.541506809,TRACKING,,0.001199189,1,0.013722818,-0.006098764,0.057051394,0.000000000,0.000000000,0.050000000,-0.013595009,-0.007070920,0.006356937,0.016590142,5.130383636
50.551768779,TRACKING,,0.001139823,1,0.013675720,-0.006023666,0.056974909,0.000000000,0.000000000,0.050000000,-0.013550256,-0.006988840,0.006285371,0.016491186,5.109926077
50.564412506,TRACKING,,0.003797036,1,0.013683485,-0.006011788,0.056968586,0.000000000,0.000000000,0.050000000,-0.013558657,-0.006977660,0.006278187,0.016490620,5.110705969
50.571929402,TRACKING,,0.002223843,1,0.013631604,-0.005931141,0.056886256,0.000000000,0.000000000,0.050000000,-0.013509284,-0.006889361,0.006201252,0.016383516,5.088288007
50.581880296,TRACKING,,0.000400125,1,0.013585252,-0.005859572,0.056813098,0.000000000,0.000000000,0.050000000,-0.013465142,-0.006810981,0.006132897,0.016288399,5.068280761
50.591857311,TRACKING,,0.000569912,1,0.013576189,-0.005827370,0.056784826,0.000000000,0.000000000,0.050000000,-0.013457297,-0.006777083,0.006105515,0.016257460,5.062288914
50.602036170,TRACKING,,0.000453555,1,0.013529573,-0.005756895,0.056712582,0.000000000,0.000000000,0.050000000,-0.013412840,-0.006699797,0.006038079,0.016163228,5.042246091
50.612021496,TRACKING,,0.000347884,1,0.013482681,-0.005686712,0.056640556,0.000000000,0.000000000,0.050000000,-0.013368084,-0.006622793,0.005970872,0.016069174,5.022122026
50.622139801,TRACKING,,0.000436932,1,0.013473676,-0.005660166,0.056616960,0.000000000,0.000000000,0.050000000,-0.013360076,-0.006594648,0.005948158,0.016042493,5.016640214
50.632258107,TRACKING,,0.000149601,1,0.013425528,-0.005589511,0.056544268,0.000000000,0.000000000,0.050000000,-0.013314063,-0.006517027,0.005880389,0.015947254,4.996052231
50.642248182,TRACKING,,0.000217279,1,0.013378371,-0.005521199,0.056473905,0.000000000,0.000000000,0.050000000,-0.013268960,-0.006441923,0.005814828,0.015854838,4.975935328
50.652358176,TRACKING,,0.000341947,1,0.013350375,-0.005472363,0.056426253,0.000000000,0.000000000,0.050000000,-0.013242578,-0.006388853,0.005769981,0.015794810,4.962839905
50.662383871,TRACKING,,0.000451180,1,0.013303051,-0.005405426,0.056357111,0.000000000,0.000000000,0.050000000,-0.013197248,-0.006315149,0.005705628,0.015703587,4.942737794
50.672525923,TRACKING,,0.002498113,1,0.013253578,-0.005336118,0.056285434,0.000000000,0.000000000,0.050000000,-0.013149828,-0.006238797,0.005638936,0.015608913,4.921757787
50.682455445,TRACKING,,0.000010685,1,0.013227569,-0.005295010,0.056244701,0.000000000,0.000000000,0.050000000,-0.013125143,-0.006193855,0.005600786,0.015556414,4.909979546
50.694459208,TRACKING,,0.001871210,1,0.013180251,-0.005230389,0.056177691,0.000000000,0.000000000,0.050000000,-0.013079723,-0.006122546,0.005538513,0.015467380,4.890002340
50.704450471,TRACKING,,0.000903547,1,0.013129288,-0.005161617,0.056106303,0.000000000,0.000000000,0.050000000,-0.013030771,-0.006046604,0.005472206,0.015372295,4.868530931
50.714562840,TRACKING,,0.000852492,1,0.013080947,-0.005097058,0.056039184,0.000000000,0.000000000,0.050000000,-0.012984304,-0.005975272,0.005409887,0.015282765,4.848198005
50.724649088,TRACKING,,0.000820436,1,0.013044960,-0.005047265,0.055988345,0.000000000,0.000000000,0.050000000,-0.012949824,-0.005920377,0.005362589,0.015215326,4.832665987
50.734736523,TRACKING,,0.000831121,1,0.012996221,-0.004983752,0.055922139,0.000000000,0.000000000,0.050000000,-0.012902912,-0.005850090,0.005301186,0.015126509,4.812248214
50.747116665,TRACKING,,0.001132699,1,0.012938858,-0.004909987,0.055845144,0.000000000,0.000000000,0.050000000,-0.012847659,-0.005768394,0.005229818,0.015022906,4.788269952
50.757257530,TRACKING,,0.001173068,1,0.012894843,-0.004853602,0.055786526,0.000000000,0.000000000,0.050000000,-0.012805273,-0.005705922,0.005175493,0.014943838,4.769768737
50.767315282,TRACKING,,0.000941541,1,0.012846005,-0.004792410,0.055722469,0.000000000,0.000000000,0.050000000,-0.012758168,-0.005638038,0.005116187,0.014857109,4.749439090
50.777319605,TRACKING,,0.000974786,1,0.012796604,-0.004731311,0.055658424,0.000000000,0.000000000,0.050000000,-0.012710488,-0.005570202,0.005056926,0.014770110,4.728917262
50.787503213,TRACKING,,0.000920170,1,0.012736575,-0.004658184,0.055581669,0.000000000,0.000000000,0.050000000,-0.012652508,-0.005488929,0.004985956,0.014665403,4.704038164
50.797464793,TRACKING,,0.000846557,1,0.012687232,-0.004598907,0.055519341,0.000000000,0.000000000,0.050000000,-0.012604815,-0.005422991,0.004928361,0.014580087,4.683631707
50.807391941,TRACKING,,0.001522139,1,0.012687232,-0.004598907,0.055519341,0.000000000,0.000000000,0.050000000,-0.012604815,-0.005422991,0.004928361,0.014580087,4.683631707
50.819421825,TRACKING,,0.003388599,1,0.012628255,-0.004528958,0.055445673,0.000000000,0.000000000,0.050000000,-0.012547773,-0.005345121,0.004860322,0.014478938,4.659289331
50.829473641,TRACKING,,0.001770288,1,0.012573481,-0.004465201,0.055378471,0.000000000,0.000000000,0.050000000,-0.012494757,-0.005274046,0.004798320,0.014386048,4.636744314
50.839540891,TRACKING,,0.001628998,1,0.012524459,-0.004408822,0.055318950,0.000000000,0.000000000,0.050000000,-0.012447280,-0.005211150,0.004743432,0.014303531,4.616602131
50.849625952,TRACKING,,0.001594565,1,0.012474894,-0.004352538,0.055259447,0.000000000,0.000000000,0.050000000,-0.012399249,-0.005148307,0.004688594,0.014220737,4.596273826
50.859636212,TRACKING,,0.001258555,1,0.012425199,-0.004296825,0.055200467,0.000000000,0.000000000,0.050000000,-0.012351064,-0.005086049,0.004634268,0.014138356,4.575929037
50.870681811,TRACKING,,0.004502302,1,0.012374776,-0.004240892,0.055141151,0.000000000,0.000000000,0.050000000,-0.012302148,-0.005023506,0.004579656,0.014055308,4.555317007
50.880474792,TRACKING,,0.001640870,1,0.012325825,-0.004187383,0.055084350,0.000000000,0.000000000,0.050000000,-0.012254631,-0.004963610,0.004527399,0.013975362,4.535348791
50.890547979,TRACKING,,0.001290613,1,0.012274956,-0.004132544,0.055026051,0.000000000,0.000000000,0.050000000,-0.012205226,-0.004902164,0.004473801,0.013892936,4.514636008
50.900686469,TRACKING,,0.001205126,1,0.012223110,-0.004077302,0.054967210,0.000000000,0.000000000,0.050000000,-0.012154843,-0.004840223,0.004419730,0.013809489,4.493561072
50.911333130,TRACKING,,0.001535200,1,0.012172781,-0.004024433,0.054910815,0.000000000,0.000000000,0.050000000,-0.012105908,-0.004780882,0.004367943,0.013729121,4.473141751
50.921373072,TRACKING,,0.000681519,1,0.012120053,-0.003969813,0.054852466,0.000000000,0.000000000,0.050000000,-0.012054612,-0.004719515,0.004314399,0.013645569,4.451789002
50.931390456,TRACKING,,0.000552102,1,0.012067408,-0.003916092,0.054794993,0.000000000,0.000000000,0.050000000,-0.012003369,-0.004659091,0.004261700,0.013562820,4.430511072
50.941515885,TRACKING,,0.000504609,1,0.012016917,-0.003865310,0.054740582,0.000000000,0.000000000,0.050000000,-0.011954196,-0.004601913,0.004211845,0.013484066,4.410142322
50.951458468,TRACKING,,0.000363319,1,0.011966606,-0.003815417,0.054687042,0.000000000,0.000000000,0.050000000,-0.011905173,-0.004545678,0.004162825,0.013406172,4.389882840
50.961606456,TRACKING,,0.000203031,1,0.011915764,-0.003765704,0.054633620,0.000000000,0.000000000,0.050000000,-0.011855607,-0.004489587,0.004113949,0.013328030,4.369447011
50.971600093,TRACKING,,0.001500767,1,0.011859246,-0.003711230,0.054574976,0.000000000,0.000000000,0.050000000,-0.011800481,-0.004428060,0.004060332,0.013241803,4.346770919
50.981738583,TRACKING,,0.001568445,1,0.011807942,-0.003662507,0.054522420,0.000000000,0.000000000,0.050000000,-0.011750413,-0.004372968,0.004012316,0.013164108,4.326224379
50.991733408,TRACKING,,0.001423592,1,0.011758236,-0.003616062,0.054472274,0.000000000,0.000000000,0.050000000,-0.011701881,-0.004320384,0.003966549,0.013089432,4.306355610
51.001959759,TRACKING,,0.001510266,1,0.011706998,-0.003568767,0.054421090,0.000000000,0.000000000,0.050000000,-0.011651830,-0.004266791,0.003919856,0.013012914,4.285906230
51.014495439,TRACKING,,0.003753105,1,0.011654508,-0.003521022,0.054369335,0.000000000,0.000000000,0.050000000,-0.011600533,-0.004212627,0.003872680,0.012935078,4.264993975
51.024462956,TRACKING,,0.001967382,1,0.011596572,-0.003469246,0.054313162,0.000000000,0.000000000,0.050000000,-0.011543886,-0.004153805,0.003821535,0.012849884,4.241956909
51.034582448,TRACKING,,0.000636401,1,0.011546333,-0.003424986,0.054265032,0.000000000,0.000000000,0.050000000,-0.011494740,-0.004103466,0.003777742,0.012776495,4.222014320
51.044760119,TRACKING,,0.000628090,1,0.011488248,-0.003374504,0.054210014,0.000000000,0.000000000,0.050000000,-0.011437894,-0.004045996,0.003727713,0.012692177,4.198994648
51.054699140,TRACKING,,0.000693392,1,0.011437310,-0.003330936,0.054162449,0.000000000,0.000000000,0.050000000,-0.011388020,-0.003996331,0.003684499,0.012618763,4.178843689
51.064939739,TRACKING,,0.002217906,1,0.011381492,-0.003283819,0.054110910,0.000000000,0.000000000,0.050000000,-0.011333343,-0.003942569,0.003637705,0.012538796,4.156795503
51.075443922,TRACKING,,0.000198282,1,0.011329444,-0.003240668,0.054063639,0.000000000,0.000000000,0.050000000,-0.011282337,-0.003893255,0.003594835,0.012464806,4.136273683
51.085447058,TRACKING,,0.000124668,1,0.011278789,-0.003199271,0.054018201,0.000000000,0.000000000,0.050000000,-0.011232675,-0.003845890,0.003553659,0.012393238,4.116332536
51.095619980,TRACKING,,0.002292707,1,0.011227372,-0.003157842,0.053972646,0.000000000,0.000000000,0.050000000,-0.011182247,-0.003798435,0.003512408,0.012321030,4.096123193
51.105703853,TRACKING,,0.002191785,1,0.011174343,-0.003115740,0.053926270,0.000000000,0.000000000,0.050000000,-0.011130216,-0.003750151,0.003470449,0.012247014,4.075311891
51.115805536,TRACKING,,0.000770568,1,0.011115060,-0.003069388,0.053875116,0.000000000,0.000000000,0.050000000,-0.011072027,-0.003696926,0.003424206,0.012164795,4.052083196
51.125824107,TRACKING,,0.000617404,1,0.011063442,-0.003029654,0.053831160,0.000000000,0.000000000,0.050000000,-0.011021339,-0.003651242,0.003384502,0.012093648,4.031891079
51.136069455,TRACKING,,0.000587721,1,0.011011499,-0.002990257,0.053787493,0.000000000,0.000000000,0.050000000,-0.010970314,-0.003605887,0.003345093,0.012022473,4.011602104
51.146082089,TRACKING,,0.000078363,1,0.010943525,-0.002939527,0.053731161,0.000000000,0.000000000,0.050000000,-0.010903513,-0.003547410,0.003294300,0.011929926,3.985093651
51.156124406,TRACKING,,0.000056991,1,0.010891905,-0.002901695,0.053689060,0.000000000,0.000000000,0.050000000,-0.010852763,-0.003503731,0.003256380,0.011860126,3.964998118
51.166229651,TRACKING,,0.002223843,1,0.010891905,-0.002901695,0.053689060,0.000000000,0.000000000,0.050000000,-0.010852763,-0.003503731,0.003256380,0.011860126,3.964998118
51.176467876,TRACKING,,0.002219093,1,0.010838042,-0.002862723,0.053645606,0.000000000,0.000000000,0.050000000,-0.010799789,-0.003458688,0.003217266,0.011787653,3.944054623
51.186563622,TRACKING,,0.002469617,1,0.010786520,-0.002825986,0.053604593,0.000000000,0.000000000,0.050000000,-0.010749103,-0.003416177,0.003180383,0.011718716,3.924047766
51.196722296,TRACKING,,0.002437559,1,0.010735250,-0.002789871,0.053564210,0.000000000,0.000000000,0.050000000,-0.010698647,-0.003374345,0.003144089,0.011650432,3.904160671
51.207480565,TRACKING,,0.000601969,1,0.010631894,-0.002718330,0.053484040,0.000000000,0.000000000,0.050000000,-0.010596892,-0.003291370,0.003072098,0.011513689,3.864136609
51.217463516,TRACKING,,0.000623341,1,0.010579408,-0.002682615,0.053443926,0.000000000,0.000000000,0.050000000,-0.010545197,-0.003249895,0.003036106,0.011444690,3.843842788
51.227549764,TRACKING,,0.000420310,1,0.010526679,-0.002647162,0.053404062,0.000000000,0.000000000,0.050000000,-0.010493248,-0.003208686,0.003000361,0.011375679,3.823475330
51.237660946,TRACKING,,0.000308702,1,0.010475238,-0.002612975,0.053365569,0.000000000,0.000000000,0.050000000,-0.010442554,-0.003168913,0.002965866,0.011308638,3.803624153
51.247750755,TRACKING,,0.000409624,1,0.010423790,-0.002579153,0.053327450,0.000000000,0.000000000,0.050000000,-0.010391841,-0.003129535,0.002931724,0.011241857,3.783788988
51.257772888,TRACKING,,0.000353820,1,0.010423790,-0.002579153,0.053327450,0.000000000,0.000000000,0.050000000,-0.010391841,-0.003129535,0.002931724,0.011241857,3.783788988
51.267937499,TRACKING,,0.000581785,1,0.010423790,-0.002579153,0.053327450,0.000000000,0.000000000,0.050000000,-0.010391841,-0.003129535,0.002931724,0.011241857,3.783788988
51.277978629,TRACKING,,0.000596032,1,0.010423790,-0.002579153,0.053327450,0.000000000,0.000000000,0.050000000,-0.010391841,-0.003129535,0.002931724,0.011241857,3.783788988
51.287971079,TRACKING,,0.000582972,1,0.010423790,-0.002579153,0.053327450,0.000000000,0.000000000,0.050000000,-0.010391841,-0.003129535,0.002931724,0.011241857,3.783788988
51.300493699,TRACKING,,0.004844249,1,0.010423790,-0.002579153,0.053327450,0.000000000,0.000000000,0.050000000,-0.010391841,-0.003129535,0.002931724,0.011241857,3.783788988
51.310444592,TRACKING,,0.002048120,1,0.010423790,-0.002579153,0.053327450,0.000000000,0.000000000,0.050000000,-0.010391841,-0.003129535,0.002931724,0.011241857,3.783788988
51.320669756,TRACKING,,0.001947198,1,0.010423790,-0.002579153,0.053327450,0.000000000,0.000000000,0.050000000,-0.010391841,-0.003129535,0.002931724,0.011241857,3.783788988
51.331461270,TRACKING,,0.002063555,1,0.010423790,-0.002579153,0.053327450,0.000000000,0.000000000,0.050000000,-0.010391841,-0.003129535,0.002931724,0.011241857,3.783788988
51.341454907,TRACKING,,0.002102737,1,0.010423790,-0.002579153,0.053327450,0.000000000,0.000000000,0.050000000,-0.010391841,-0.003129535,0.002931724,0.011241857,3.783788988
51.351398677,HOLD,task_pose_stale,0.002120546,1,0.010423790,-0.002579153,0.053327450,0.000000000,0.000000000,0.050000000,-0.010391841,-0.003129535,0.002931724,0.011241857,3.783788988
51.361461178,HOLD,task_pose_stale,0.000664897,1,0.010423790,-0.002579153,0.053327450,0.000000000,0.000000000,0.050000000,-0.010391841,-0.003129535,0.002931724,0.011241857,3.783788988
51.373219167,HOLD,task_pose_stale,0.002272522,1,0.010423790,-0.002579153,0.053327450,0.000000000,0.000000000,0.050000000,-0.010391841,-0.003129535,0.002931724,0.011241857,3.783788988
51.383256735,HOLD,task_pose_stale,0.002166851,1,0.010423790,-0.002579153,0.053327450,0.000000000,0.000000000,0.050000000,-0.010391841,-0.003129535,0.002931724,0.011241857,3.783788988
51.393366729,HOLD,task_pose_stale,0.000629277,1,0.010423790,-0.002579153,0.053327450,0.000000000,0.000000000,0.050000000,-0.010391841,-0.003129535,0.002931724,0.011241857,3.783788988
51.403426856,HOLD,task_pose_stale,0.000764631,1,0.010423790,-0.002579153,0.053327450,0.000000000,0.000000000,0.050000000,-0.010391841,-0.003129535,0.002931724,0.011241857,3.783788988
51.413603340,HOLD,task_pose_stale,0.000935605,1,0.010423790,-0.002579153,0.053327450,0.000000000,0.000000000,0.050000000,-0.010391841,-0.003129535,0.002931724,0.011241857,3.783788988
51.424265436,HOLD,task_pose_stale,0.004213784,1,0.010423790,-0.002579153,0.053327450,0.000000000,0.000000000,0.050000000,-0.010391841,-0.003129535,0.002931724,0.011241857,3.783788988
51.434299442,HOLD,task_pose_stale,0.002054057,1,0.010423790,-0.002579153,0.053327450,0.000000000,0.000000000,0.050000000,-0.010391841,-0.003129535,0.002931724,0.011241857,3.783788988
51.444359569,HOLD,task_pose_stale,0.002040995,1,0.010423790,-0.002579153,0.053327450,0.000000000,0.000000000,0.050000000,-0.010391841,-0.003129535,0.002931724,0.011241857,3.783788988
51.454444629,HOLD,task_pose_stale,0.002033872,1,0.010423790,-0.002579153,0.053327450,0.000000000,0.000000000,0.050000000,-0.010391841,-0.003129535,0.002931724,0.011241857,3.783788988
51.464484572,HOLD,task_pose_stale,0.002003002,1,0.010423790,-0.002579153,0.053327450,0.000000000,0.000000000,0.050000000,-0.010391841,-0.003129535,0.002931724,0.011241857,3.783788988
51.474547073,HOLD,task_pose_stale,0.001985192,1,0.010423790,-0.002579153,0.053327450,0.000000000,0.000000000,0.050000000,-0.010391841,-0.003129535,0.002931724,0.011241857,3.783788988
51.484628572,HOLD,task_pose_stale,0.001881896,1,0.010423790,-0.002579153,0.053327450,0.000000000,0.000000000,0.050000000,-0.010391841,-0.003129535,0.002931724,0.011241857,3.783788988
51.494656641,HOLD,task_pose_stale,0.001985192,1,0.010423790,-0.002579153,0.053327450,0.000000000,0.000000000,0.050000000,-0.010391841,-0.003129535,0.002931724,0.011241857,3.783788988
51.504754762,HOLD,task_pose_stale,0.000544978,1,0.010423790,-0.002579153,0.053327450,0.000000000,0.000000000,0.050000000,-0.010391841,-0.003129535,0.002931724,0.011241857,3.783788988
51.514789956,HOLD,task_pose_stale,0.000688643,1,0.010423790,-0.002579153,0.053327450,0.000000000,0.000000000,0.050000000,-0.010391841,-0.003129535,0.002931724,0.011241857,3.783788988
51.524903512,HOLD,task_pose_stale,0.000673208,1,0.010423790,-0.002579153,0.053327450,0.000000000,0.000000000,0.050000000,-0.010391841,-0.003129535,0.002931724,0.011241857,3.783788988
51.534941080,HOLD,task_pose_stale,0.000774130,1,0.010423790,-0.002579153,0.053327450,0.000000000,0.000000000,0.050000000,-0.010391841,-0.003129535,0.002931724,0.011241857,3.783788988
51.545053449,HOLD,task_pose_stale,0.000941541,1,0.010423790,-0.002579153,0.053327450,0.000000000,0.000000000,0.050000000,-0.010391841,-0.003129535,0.002931724,0.011241857,3.783788988
51.555096953,HOLD,task_pose_stale,0.000959351,1,0.010423790,-0.002579153,0.053327450,0.000000000,0.000000000,0.050000000,-0.010391841,-0.003129535,0.002931724,0.011241857,3.783788988
51.565171328,HOLD,task_pose_stale,0.001158820,1,0.010423790,-0.002579153,0.053327450,0.000000000,0.000000000,0.050000000,-0.010391841,-0.003129535,0.002931724,0.011241857,3.783788988
51.575258763,HOLD,task_pose_stale,0.001228872,1,0.010423790,-0.002579153,0.053327450,0.000000000,0.000000000,0.050000000,-0.010391841,-0.003129535,0.002931724,0.011241857,3.783788988
51.585920859,HOLD,task_pose_stale,0.002026748,1,0.010423790,-0.002579153,0.053327450,0.000000000,0.000000000,0.050000000,-0.010391841,-0.003129535,0.002931724,0.011241857,3.783788988
51.595970300,HOLD,task_pose_stale,0.001780974,1,0.010423790,-0.002579153,0.053327450,0.000000000,0.000000000,0.050000000,-0.010391841,-0.003129535,0.002931724,0.011241857,3.783788988
51.606035176,HOLD,task_pose_stale,0.001798783,1,0.010423790,-0.002579153,0.053327450,0.000000000,0.000000000,0.050000000,-0.010391841,-0.003129535,0.002931724,0.011241857,3.783788988
51.616124986,HOLD,task_pose_stale,0.001959071,1,0.010423790,-0.002579153,0.053327450,0.000000000,0.000000000,0.050000000,-0.010391841,-0.003129535,0.002931724,0.011241857,3.783788988
51.626155430,HOLD,task_pose_stale,0.001506703,1,0.010423790,-0.002579153,0.053327450,0.000000000,0.000000000,0.050000000,-0.010391841,-0.003129535,0.002931724,0.011241857,3.783788988
51.636198935,HOLD,task_pose_stale,0.001015155,1,0.010423790,-0.002579153,0.053327450,0.000000000,0.000000000,0.050000000,-0.010391841,-0.003129535,0.002931724,0.011241857,3.783788988
51.646273309,HOLD,task_pose_stale,0.001084019,1,0.010423790,-0.002579153,0.053327450,0.000000000,0.000000000,0.050000000,-0.010391841,-0.003129535,0.002931724,0.011241857,3.783788988
51.658246202,HOLD,task_pose_stale,0.000502235,1,0.010423790,-0.002579153,0.053327450,0.000000000,0.000000000,0.050000000,-0.010391841,-0.003129535,0.002931724,0.011241857,3.783788988
51.668274271,HOLD,task_pose_stale,0.000619779,1,0.010423790,-0.002579153,0.053327450,0.000000000,0.000000000,0.050000000,-0.010391841,-0.003129535,0.002931724,0.011241857,3.783788988
51.678384266,HOLD,task_pose_stale,0.000682706,1,0.010423790,-0.002579153,0.053327450,0.000000000,0.000000000,0.050000000,-0.010391841,-0.003129535,0.002931724,0.011241857,3.783788988
51.688418271,HOLD,task_pose_stale,0.000717139,1,0.010423790,-0.002579153,0.053327450,0.000000000,0.000000000,0.050000000,-0.010391841,-0.003129535,0.002931724,0.011241857,3.783788988
51.698458214,HOLD,task_pose_stale,0.000387065,1,0.010423790,-0.002579153,0.053327450,0.000000000,0.000000000,0.050000000,-0.010391841,-0.003129535,0.002931724,0.011241857,3.783788988
51.710270819,HOLD,task_pose_stale,0.001518577,1,0.010423790,-0.002579153,0.053327450,0.000000000,0.000000000,0.050000000,-0.010391841,-0.003129535,0.002931724,0.011241857,3.783788988
51.721286735,HOLD,task_pose_stale,0.005123268,1,0.010423790,-0.002579153,0.053327450,0.000000000,0.000000000,0.050000000,-0.010391841,-0.003129535,0.002931724,0.011241857,3.783788988
51.731308868,HOLD,task_pose_stale,0.001923452,1,0.010423790,-0.002579153,0.053327450,0.000000000,0.000000000,0.050000000,-0.010391841,-0.003129535,0.002931724,0.011241857,3.783788988
51.741332188,HOLD,task_pose_stale,0.001976881,1,0.010423790,-0.002579153,0.053327450,0.000000000,0.000000000,0.050000000,-0.010391841,-0.003129535,0.002931724,0.011241857,3.783788988
51.751401814,HOLD,task_pose_stale,0.002001815,1,0.010423790,-0.002579153,0.053327450,0.000000000,0.000000000,0.050000000,-0.010391841,-0.003129535,0.002931724,0.011241857,3.783788988
51.761476188,HOLD,task_pose_stale,0.002151417,1,0.010423790,-0.002579153,0.053327450,0.000000000,0.000000000,0.050000000,-0.010391841,-0.003129535,0.002931724,0.011241857,3.783788988
51.771539877,HOLD,task_pose_stale,0.001391534,1,0.010423790,-0.002579153,0.053327450,0.000000000,0.000000000,0.050000000,-0.010391841,-0.003129535,0.002931724,0.011241857,3.783788988
51.781600004,HOLD,task_pose_stale,0.001610001,1,0.010423790,-0.002579153,0.053327450,0.000000000,0.000000000,0.050000000,-0.010391841,-0.003129535,0.002931724,0.011241857,3.783788988
51.791708811,HOLD,task_pose_stale,0.001477021,1,0.010423790,-0.002579153,0.053327450,0.000000000,0.000000000,0.050000000,-0.010391841,-0.003129535,0.002931724,0.011241857,3.783788988
51.801823554,HOLD,task_pose_stale,0.001568444,1,0.010423790,-0.002579153,0.053327450,0.000000000,0.000000000,0.050000000,-0.010391841,-0.003129535,0.002931724,0.011241857,3.783788988
51.811895555,HOLD,task_pose_stale,0.004242279,1,0.010423790,-0.002579153,0.053327450,0.000000000,0.000000000,0.050000000,-0.010391841,-0.003129535,0.002931724,0.011241857,3.783788988
51.822821235,HOLD,task_pose_stale,0.002366320,1,0.010423790,-0.002579153,0.053327450,0.000000000,0.000000000,0.050000000,-0.010391841,-0.003129535,0.002931724,0.011241857,3.783788988
51.834238464,HOLD,task_pose_stale,0.003870649,1,0.010423790,-0.002579153,0.053327450,0.000000000,0.000000000,0.050000000,-0.010391841,-0.003129535,0.002931724,0.011241857,3.783788988
51.844348458,HOLD,task_pose_stale,0.002094425,1,0.010423790,-0.002579153,0.053327450,0.000000000,0.000000000,0.050000000,-0.010391841,-0.003129535,0.002931724,0.011241857,3.783788988
51.854356343,HOLD,task_pose_stale,0.001155259,1,0.010423790,-0.002579153,0.053327450,0.000000000,0.000000000,0.050000000,-0.010391841,-0.003129535,0.002931724,0.011241857,3.783788988
51.864467524,HOLD,task_pose_stale,0.000719513,1,0.010423790,-0.002579153,0.053327450,0.000000000,0.000000000,0.050000000,-0.010391841,-0.003129535,0.002931724,0.011241857,3.783788988
51.874554959,HOLD,task_pose_stale,0.000752758,1,0.010423790,-0.002579153,0.053327450,0.000000000,0.000000000,0.050000000,-0.010391841,-0.003129535,0.002931724,0.011241857,3.783788988
51.884597276,HOLD,task_pose_stale,0.000825184,1,0.010423790,-0.002579153,0.053327450,0.000000000,0.000000000,0.050000000,-0.010391841,-0.003129535,0.002931724,0.011241857,3.783788988
51.894677588,HOLD,task_pose_stale,0.000553289,1,0.010423790,-0.002579153,0.053327450,0.000000000,0.000000000,0.050000000,-0.010391841,-0.003129535,0.002931724,0.011241857,3.783788988
51.904888503,HOLD,task_pose_stale,0.000712389,1,0.010423790,-0.002579153,0.053327450,0.000000000,0.000000000,0.050000000,-0.010391841,-0.003129535,0.002931724,0.011241857,3.783788988
51.914847708,HOLD,task_pose_stale,0.001046025,1,0.010423790,-0.002579153,0.053327450,0.000000000,0.000000000,0.050000000,-0.010391841,-0.003129535,0.002931724,0.011241857,3.783788988
51.926054782,HOLD,task_pose_stale,0.001998252,1,0.010423790,-0.002579153,0.053327450,0.000000000,0.000000000,0.050000000,-0.010391841,-0.003129535,0.002931724,0.011241857,3.783788988
51.935956996,HOLD,task_pose_stale,0.002154978,1,0.010423790,-0.002579153,0.053327450,0.000000000,0.000000000,0.050000000,-0.010391841,-0.003129535,0.002931724,0.011241857,3.783788988
51.946058679,HOLD,task_pose_stale,0.002179912,1,0.010423790,-0.002579153,0.053327450,0.000000000,0.000000000,0.050000000,-0.010391841,-0.003129535,0.002931724,0.011241857,3.783788988
51.956222102,HOLD,task_pose_stale,0.000218466,1,0.010423790,-0.002579153,0.053327450,0.000000000,0.000000000,0.050000000,-0.010391841,-0.003129535,0.002931724,0.011241857,3.783788988
51.966140939,HOLD,task_pose_stale,0.000287330,1,0.010423790,-0.002579153,0.053327450,0.000000000,0.000000000,0.050000000,-0.010391841,-0.003129535,0.002931724,0.011241857,3.783788988
51.976244996,HOLD,task_pose_stale,0.002369882,1,0.010423790,-0.002579153,0.053327450,0.000000000,0.000000000,0.050000000,-0.010391841,-0.003129535,0.002931724,0.011241857,3.783788988
51.986212512,HOLD,task_pose_stale,0.002259462,1,0.010423790,-0.002579153,0.053327450,0.000000000,0.000000000,0.050000000,-0.010391841,-0.003129535,0.002931724,0.011241857,3.783788988
51.997250987,HOLD,task_pose_stale,0.000610280,1,0.010423790,-0.002579153,0.053327450,0.000000000,0.000000000,0.050000000,-0.010391841,-0.003129535,0.002931724,0.011241857,3.783788988
52.007273120,HOLD,task_pose_stale,0.000580598,1,0.010423790,-0.002579153,0.053327450,0.000000000,0.000000000,0.050000000,-0.010391841,-0.003129535,0.002931724,0.011241857,3.783788988
52.017366492,HOLD,task_pose_stale,0.001118452,1,0.010423790,-0.002579153,0.053327450,0.000000000,0.000000000,0.050000000,-0.010391841,-0.003129535,0.002931724,0.011241857,3.783788988
52.027450365,HOLD,task_pose_stale,0.001243119,1,0.010423790,-0.002579153,0.053327450,0.000000000,0.000000000,0.050000000,-0.010391841,-0.003129535,0.002931724,0.011241857,3.783788988
52.037498618,HOLD,task_pose_stale,0.001402220,1,0.010423790,-0.002579153,0.053327450,0.000000000,0.000000000,0.050000000,-0.010391841,-0.003129535,0.002931724,0.011241857,3.783788988
52.047550434,HOLD,task_pose_stale,0.001325045,1,0.010423790,-0.002579153,0.053327450,0.000000000,0.000000000,0.050000000,-0.010391841,-0.003129535,0.002931724,0.011241857,3.783788988
52.057658054,HOLD,task_pose_stale,0.001536386,1,0.010423790,-0.002579153,0.053327450,0.000000000,0.000000000,0.050000000,-0.010391841,-0.003129535,0.002931724,0.011241857,3.783788988
52.067695621,HOLD,task_pose_stale,0.001953135,1,0.010423790,-0.002579153,0.053327450,0.000000000,0.000000000,0.050000000,-0.010391841,-0.003129535,0.002931724,0.011241857,3.783788988
52.077734376,HOLD,task_pose_stale,0.001934138,1,0.010423790,-0.002579153,0.053327450,0.000000000,0.000000000,0.050000000,-0.010391841,-0.003129535,0.002931724,0.011241857,3.783788988
52.087814688,HOLD,task_pose_stale,0.001547072,1,0.010423790,-0.002579153,0.053327450,0.000000000,0.000000000,0.050000000,-0.010391841,-0.003129535,0.002931724,0.011241857,3.783788988
52.097857005,HOLD,task_pose_stale,0.002242840,1,0.010423790,-0.002579153,0.053327450,0.000000000,0.000000000,0.050000000,-0.010391841,-0.003129535,0.002931724,0.011241857,3.783788988
52.107946814,HOLD,task_pose_stale,0.002369882,1,0.010423790,-0.002579153,0.053327450,0.000000000,0.000000000,0.050000000,-0.010391841,-0.003129535,0.002931724,0.011241857,3.783788988
52.118071056,HOLD,task_pose_stale,0.000021372,1,0.010423790,-0.002579153,0.053327450,0.000000000,0.000000000,0.050000000,-0.010391841,-0.003129535,0.002931724,0.011241857,3.783788988
52.131202769,HOLD,task_pose_stale,0.005487773,1,0.010423790,-0.002579153,0.053327450,0.000000000,0.000000000,0.050000000,-0.010391841,-0.003129535,0.002931724,0.011241857,3.783788988
52.141247461,HOLD,task_pose_stale,0.002183473,1,0.010423790,-0.002579153,0.053327450,0.000000000,0.000000000,0.050000000,-0.010391841,-0.003129535,0.002931724,0.011241857,3.783788988
52.154197514,HOLD,task_pose_stale,0.000952227,1,0.010423790,-0.002579153,0.053327450,0.000000000,0.000000000,0.050000000,-0.010391841,-0.003129535,0.002931724,0.011241857,3.783788988
52.164224396,HOLD,task_pose_stale,0.001216999,1,0.010423790,-0.002579153,0.053327450,0.000000000,0.000000000,0.050000000,-0.010391841,-0.003129535,0.002931724,0.011241857,3.783788988
52.176232908,HOLD,task_pose_stale,0.000828746,1,0.010423790,-0.002579153,0.053327450,0.000000000,0.000000000,0.050000000,-0.010391841,-0.003129535,0.002931724,0.011241857,3.783788988
52.186274038,HOLD,task_pose_stale,0.000956977,1,0.010423790,-0.002579153,0.053327450,0.000000000,0.000000000,0.050000000,-0.010391841,-0.003129535,0.002931724,0.011241857,3.783788988
52.196357911,HOLD,task_pose_stale,0.001631372,1,0.010423790,-0.002579153,0.053327450,0.000000000,0.000000000,0.050000000,-0.010391841,-0.003129535,0.002931724,0.011241857,3.783788988
52.206393104,HOLD,task_pose_stale,0.001671741,1,0.010423790,-0.002579153,0.053327450,0.000000000,0.000000000,0.050000000,-0.010391841,-0.003129535,0.002931724,0.011241857,3.783788988
52.216525658,HOLD,task_pose_stale,0.001786911,1,0.010423790,-0.002579153,0.053327450,0.000000000,0.000000000,0.050000000,-0.010391841,-0.003129535,0.002931724,0.011241857,3.783788988
52.226548978,HOLD,task_pose_stale,0.000757507,1,0.010423790,-0.002579153,0.053327450,0.000000000,0.000000000,0.050000000,-0.010391841,-0.003129535,0.002931724,0.011241857,3.783788988
52.237105402,HOLD,task_pose_stale,0.003836217,1,0.010423790,-0.002579153,0.053327450,0.000000000,0.000000000,0.050000000,-0.010391841,-0.003129535,0.002931724,0.011241857,3.783788988
52.247142970,HOLD,task_pose_stale,0.002428061,1,0.010423790,-0.002579153,0.053327450,0.000000000,0.000000000,0.050000000,-0.010391841,-0.003129535,0.002931724,0.011241857,3.783788988
52.257180538,HOLD,task_pose_stale,0.000125856,1,0.010423790,-0.002579153,0.053327450,0.000000000,0.000000000,0.050000000,-0.010391841,-0.003129535,0.002931724,0.011241857,3.783788988
52.267269160,HOLD,task_pose_stale,0.002057618,1,0.010423790,-0.002579153,0.053327450,0.000000000,0.000000000,0.050000000,-0.010391841,-0.003129535,0.002931724,0.011241857,3.783788988
52.277310290,HOLD,task_pose_stale,0.002298644,1,0.010423790,-0.002579153,0.053327450,0.000000000,0.000000000,0.050000000,-0.010391841,-0.003129535,0.002931724,0.011241857,3.783788988
52.287404849,HOLD,task_pose_stale,0.002238090,1,0.010423790,-0.002579153,0.053327450,0.000000000,0.000000000,0.050000000,-0.010391841,-0.003129535,0.002931724,0.011241857,3.783788988
52.297491097,HOLD,task_pose_stale,0.000048680,1,0.010423790,-0.002579153,0.053327450,0.000000000,0.000000000,0.050000000,-0.010391841,-0.003129535,0.002931724,0.011241857,3.783788988
52.307554786,HOLD,task_pose_stale,0.000260022,1,0.010423790,-0.002579153,0.053327450,0.000000000,0.000000000,0.050000000,-0.010391841,-0.003129535,0.002931724,0.011241857,3.783788988
52.317584042,HOLD,task_pose_stale,0.000463053,1,0.010423790,-0.002579153,0.053327450,0.000000000,0.000000000,0.050000000,-0.010391841,-0.003129535,0.002931724,0.011241857,3.783788988
52.327690474,HOLD,task_pose_stale,0.000597220,1,0.010423790,-0.002579153,0.053327450,0.000000000,0.000000000,0.050000000,-0.010391841,-0.003129535,0.002931724,0.011241857,3.783788988
52.337729230,HOLD,task_pose_stale,0.000743259,1,0.010423790,-0.002579153,0.053327450,0.000000000,0.000000000,0.050000000,-0.010391841,-0.003129535,0.002931724,0.011241857,3.783788988
52.349248567,HOLD,task_pose_stale,0.000459492,1,0.010423790,-0.002579153,0.053327450,0.000000000,0.000000000,0.050000000,-0.010391841,-0.003129535,0.002931724,0.011241857,3.783788988
52.359343126,HOLD,task_pose_stale,0.000413186,1,0.010423790,-0.002579153,0.053327450,0.000000000,0.000000000,0.050000000,-0.010391841,-0.003129535,0.002931724,0.011241857,3.783788988
52.369353386,HOLD,task_pose_stale,0.000578222,1,0.010423790,-0.002579153,0.053327450,0.000000000,0.000000000,0.050000000,-0.010391841,-0.003129535,0.002931724,0.011241857,3.783788988
52.379408764,HOLD,task_pose_stale,0.000705266,1,0.010423790,-0.002579153,0.053327450,0.000000000,0.000000000,0.050000000,-0.010391841,-0.003129535,0.002931724,0.011241857,3.783788988
52.392219901,HOLD,task_pose_stale,0.003529890,1,0.010423790,-0.002579153,0.053327450,0.000000000,0.000000000,0.050000000,-0.010391841,-0.003129535,0.002931724,0.011241857,3.783788988
52.402244408,HOLD,task_pose_stale,0.002035059,1,0.010423790,-0.002579153,0.053327450,0.000000000,0.000000000,0.050000000,-0.010391841,-0.003129535,0.002931724,0.011241857,3.783788988
52.412323532,HOLD,task_pose_stale,0.001637308,1,0.010423790,-0.002579153,0.053327450,0.000000000,0.000000000,0.050000000,-0.010391841,-0.003129535,0.002931724,0.011241857,3.783788988
52.422391970,HOLD,task_pose_stale,0.001770288,1,0.010423790,-0.002579153,0.053327450,0.000000000,0.000000000,0.050000000,-0.010391841,-0.003129535,0.002931724,0.011241857,3.783788988
52.432475843,HOLD,task_pose_stale,0.001725170,1,0.010423790,-0.002579153,0.053327450,0.000000000,0.000000000,0.050000000,-0.010391841,-0.003129535,0.002931724,0.011241857,3.783788988
52.442582276,HOLD,task_pose_stale,0.001818968,1,0.010423790,-0.002579153,0.053327450,0.000000000,0.000000000,0.050000000,-0.010391841,-0.003129535,0.002931724,0.011241857,3.783788988
52.452683958,HOLD,task_pose_stale,0.001499580,1,0.010423790,-0.002579153,0.053327450,0.000000000,0.000000000,0.050000000,-0.010391841,-0.003129535,0.002931724,0.011241857,3.783788988
52.462786829,HOLD,task_pose_stale,0.001481770,1,0.010423790,-0.002579153,0.053327450,0.000000000,0.000000000,0.050000000,-0.010391841,-0.003129535,0.002931724,0.011241857,3.783788988
52.472798276,HOLD,task_pose_stale,0.001460398,1,0.010423790,-0.002579153,0.053327450,0.000000000,0.000000000,0.050000000,-0.010391841,-0.003129535,0.002931724,0.011241857,3.783788988
52.482819221,HOLD,task_pose_stale,0.001414093,1,0.010423790,-0.002579153,0.053327450,0.000000000,0.000000000,0.050000000,-0.010391841,-0.003129535,0.002931724,0.011241857,3.783788988
52.492923278,HOLD,task_pose_stale,0.001342854,1,0.010423790,-0.002579153,0.053327450,0.000000000,0.000000000,0.050000000,-0.010391841,-0.003129535,0.002931724,0.011241857,3.783788988
52.502944224,HOLD,task_pose_stale,0.002267773,1,0.010423790,-0.002579153,0.053327450,0.000000000,0.000000000,0.050000000,-0.010391841,-0.003129535,0.002931724,0.011241857,3.783788988
52.513269122,HOLD,task_pose_stale,0.002394816,1,0.010423790,-0.002579153,0.053327450,0.000000000,0.000000000,0.050000000,-0.010391841,-0.003129535,0.002931724,0.011241857,3.783788988
52.526265481,HOLD,task_pose_stale,0.000074801,1,0.010423790,-0.002579153,0.053327450,0.000000000,0.000000000,0.050000000,-0.010391841,-0.003129535,0.002931724,0.011241857,3.783788988
52.536276928,HOLD,task_pose_stale,0.000515295,1,0.010423790,-0.002579153,0.053327450,0.000000000,0.000000000,0.050000000,-0.010391841,-0.003129535,0.002931724,0.011241857,3.783788988
52.546364363,HOLD,task_pose_stale,0.000154351,1,0.010423790,-0.002579153,0.053327450,0.000000000,0.000000000,0.050000000,-0.010391841,-0.003129535,0.002931724,0.011241857,3.783788988
52.556405493,HOLD,task_pose_stale,0.000324137,1,0.010423790,-0.002579153,0.053327450,0.000000000,0.000000000,0.050000000,-0.010391841,-0.003129535,0.002931724,0.011241857,3.783788988
52.567208879,HOLD,task_pose_stale,0.001192065,1,0.010423790,-0.002579153,0.053327450,0.000000000,0.000000000,0.050000000,-0.010391841,-0.003129535,0.002931724,0.011241857,3.783788988
52.577231012,HOLD,task_pose_stale,0.000096173,1,0.010423790,-0.002579153,0.053327450,0.000000000,0.000000000,0.050000000,-0.010391841,-0.003129535,0.002931724,0.011241857,3.783788988
52.587319634,HOLD,task_pose_stale,0.000199469,1,0.010423790,-0.002579153,0.053327450,0.000000000,0.000000000,0.050000000,-0.010391841,-0.003129535,0.002931724,0.011241857,3.783788988
52.597409444,HOLD,task_pose_stale,0.000160288,1,0.010423790,-0.002579153,0.053327450,0.000000000,0.000000000,0.050000000,-0.010391841,-0.003129535,0.002931724,0.011241857,3.783788988
