time_s,controller_state,reason,robot_state_age_s,command_sent,measured_x_T_S_m,measured_y_T_S_m,measured_z_T_S_m,desired_x_T_S_m,desired_y_T_S_m,desired_z_T_S_m,error_x_m,error_y_m,error_z_m,position_error_m,orientation_error_deg
7.231408520,READY,waiting_for_consecutive_valid_measurements,0.000021371,0,0.000000000,-0.000000029,0.050000010,0.000000000,0.000000000,0.050000000,-0.000000000,-0.000000029,0.000000010,0.000000030,0.000005878
7.241472170,READY,waiting_for_consecutive_valid_measurements,0.000793124,0,0.000000000,-0.000000029,0.050000010,0.000000000,0.000000000,0.050000000,-0.000000000,-0.000000029,0.000000010,0.000000030,0.000005858
7.252977217,READY,waiting_for_consecutive_valid_measurements,0.003934749,0,0.000000000,-0.000000025,0.050000010,0.000000000,0.000000000,0.050000000,-0.000000000,-0.000000025,0.000000010,0.000000026,0.000005035
7.262836650,READY,waiting_for_consecutive_valid_measurements,0.002507602,0,0.000000000,-0.000000021,0.050000010,0.000000000,0.000000000,0.050000000,-0.000000000,-0.000000021,0.000000010,0.000000023,0.000004250
7.273058213,READY,waiting_for_consecutive_valid_measurements,0.002175154,0,0.000000000,-0.000000023,0.050000010,0.000000000,0.000000000,0.050000000,-0.000000000,-0.000000023,0.000000010,0.000000025,0.000004664
7.283024504,READY,waiting_for_consecutive_valid_measurements,0.001983997,0,0.000000000,-0.000000026,0.050000010,0.000000000,0.000000000,0.050000000,-0.000000000,-0.000000026,0.000000010,0.000000028,0.000005382
7.293075094,READY,waiting_for_consecutive_valid_measurements,0.001826085,0,0.000000000,-0.000000025,0.050000010,0.000000000,0.000000000,0.050000000,-0.000000000,-0.000000025,0.000000010,0.000000026,0.000005003
7.303245602,READY,waiting_for_consecutive_valid_measurements,0.001581499,0,0.000000000,-0.000000026,0.050000010,0.000000000,0.000000000,0.050000000,-0.000000000,-0.000000026,0.000000010,0.000000028,0.000005355
7.313335374,READY,waiting_for_consecutive_valid_measurements,0.000878610,0,0.000000000,-0.000000024,0.050000010,0.000000000,0.000000000,0.050000000,-0.000000000,-0.000000024,0.000000010,0.000000026,0.000004946
7.323285042,READY,waiting_for_consecutive_valid_measurements,0.000370441,0,0.000000000,-0.000000028,0.050000010,0.000000000,0.000000000,0.050000000,-0.000000000,-0.000000028,0.000000010,0.000000029,0.000005661
7.333428243,READY,waiting_for_consecutive_valid_measurements,0.002423302,0,0.000000000,-0.000000028,0.050000010,0.000000000,0.000000000,0.050000000,-0.000000000,-0.000000028,0.000000010,0.000000029,0.000005661
7.343478833,READY,waiting_for_consecutive_valid_measurements,0.001943628,0,0.000000000,-0.000000024,0.050000010,0.000000000,0.000000000,0.050000000,-0.000000000,-0.000000024,0.000000010,0.000000026,0.000004895
7.353652903,READY,waiting_for_consecutive_valid_measurements,0.002404306,0,0.000000000,-0.000000021,0.050000010,0.000000000,0.000000000,0.050000000,-0.000000000,-0.000000021,0.000000010,0.000000023,0.000004197
7.363826974,READY,waiting_for_consecutive_valid_measurements,0.002029115,0,0.000000000,-0.000000025,0.050000010,0.000000000,0.000000000,0.050000000,-0.000000000,-0.000000025,0.000000010,0.000000027,0.000005081
7.373720839,READY,waiting_for_consecutive_valid_measurements,0.001558940,0,0.000000000,-0.000000027,0.050000010,0.000000000,0.000000000,0.050000000,-0.000000000,-0.000000027,0.000000010,0.000000028,0.000005423
7.383833169,READY,waiting_for_consecutive_valid_measurements,0.001444958,0,0.000000000,-0.000000023,0.050000010,0.000000000,0.000000000,0.050000000,-0.000000000,-0.000000023,0.000000010,0.000000025,0.000004679
7.393952623,READY,waiting_for_consecutive_valid_measurements,0.001332163,0,0.000000000,-0.000000024,0.050000010,0.000000000,0.000000000,0.050000000,-0.000000000,-0.000000024,0.000000010,0.000000026,0.000004882
7.404106509,READY,waiting_for_consecutive_valid_measurements,0.002336629,0,0.000000000,-0.000000022,0.050000010,0.000000000,0.000000000,0.050000000,-0.000000000,-0.000000022,0.000000010,0.000000024,0.000004468
7.414101295,READY,waiting_for_consecutive_valid_measurements,0.001608807,0,0.000000000,-0.000000024,0.050000010,0.000000000,0.000000000,0.050000000,-0.000000000,-0.000000024,0.000000010,0.000000026,0.000004889
7.424079460,READY,waiting_for_consecutive_valid_measurements,0.000947474,0,0.000000000,-0.000000028,0.050000010,0.000000000,0.000000000,0.050000000,-0.000000000,-0.000000028,0.000000010,0.000000029,0.000005613
7.434449436,TRACKING,,0.000398937,1,0.000000000,-0.000000024,0.050000010,0.000000000,0.000000000,0.050000000,-0.000000000,-0.000000024,0.000000010,0.000000026,0.000004850
7.444547519,TRACKING,,0.000052242,1,0.000000000,-0.000000024,0.050000010,0.000000000,0.000000000,0.050000000,-0.000000000,-0.000000024,0.000000010,0.000000026,0.000004850
7.454636103,TRACKING,,0.002092043,1,0.000000000,-0.000000027,0.050000010,0.000000000,0.000000000,0.050000000,-0.000000000,-0.000000027,0.000000010,0.000000029,0.000005577
7.464609518,TRACKING,,0.001568438,1,0.000000000,-0.000000031,0.050000010,0.000000000,0.000000000,0.050000000,-0.000000000,-0.000000031,0.000000010,0.000000032,0.000006238
7.474820395,TRACKING,,0.000962909,1,0.000000000,-0.000000034,0.050000010,0.000000000,0.000000000,0.050000000,-0.000000000,-0.000000034,0.000000010,0.000000035,0.000006848
7.484874547,TRACKING,,0.000523604,1,0.000000000,-0.000000037,0.050000010,0.000000000,0.000000000,0.050000000,-0.000000000,-0.000000037,0.000000010,0.000000038,0.000007411
7.495021309,TRACKING,,0.000036806,1,0.000000000,-0.000000039,0.050000010,0.000000000,0.000000000,0.050000000,-0.000000000,-0.000000039,0.000000010,0.000000040,0.000007920
7.505076648,TRACKING,,0.002145472,1,0.000000000,-0.000000041,0.050000010,0.000000000,0.000000000,0.050000000,-0.000000000,-0.000000041,0.000000010,0.000000042,0.000008392
7.515248344,TRACKING,,0.001718039,1,0.000000000,-0.000000044,0.050000010,0.000000000,0.000000000,0.050000000,-0.000000000,-0.000000044,0.000000010,0.000000045,0.000008822
7.525333366,TRACKING,,0.001103012,1,0.000000000,-0.000000045,0.050000010,0.000000000,0.000000000,0.050000000,-0.000000000,-0.000000045,0.000000010,0.000000046,0.000009220
7.535323403,TRACKING,,0.000579408,1,0.000000000,-0.000000047,0.050000010,0.000000000,0.000000000,0.050000000,-0.000000000,-0.000000047,0.000000010,0.000000048,0.000009585
7.545533093,TRACKING,,0.002287949,1,0.000000000,-0.000000049,0.050000010,0.000000000,0.000000000,0.050000000,-0.000000000,-0.000000049,0.000000010,0.000000050,0.000009930
7.555437644,TRACKING,,0.001868828,1,0.000000000,-0.000000051,0.050000010,0.000000000,0.000000000,0.050000000,-0.000000000,-0.000000051,0.000000010,0.000000051,0.000010236
7.565492983,TRACKING,,0.001344036,1,0.000000000,-0.000000052,0.050000010,0.000000000,0.000000000,0.050000000,-0.000000000,-0.000000052,0.000000010,0.000000053,0.000010516
7.575589878,TRACKING,,0.000689828,1,0.000000000,-0.000000053,0.050000010,0.000000000,0.000000000,0.050000000,-0.000000000,-0.000000053,0.000000010,0.000000054,0.000010776
7.585754450,TRACKING,,0.000048680,1,0.000000000,-0.000000054,0.050000010,0.000000000,0.000000000,0.050000000,-0.000000000,-0.000000054,0.000000010,0.000000055,0.000011014
7.597919642,TRACKING,,0.003994115,1,0.000000000,-0.000000055,0.050000010,0.000000000,0.000000000,0.050000000,-0.000000000,-0.000000055,0.000000010,0.000000056,0.000011230
7.607737519,TRACKING,,0.000932039,1,0.000000000,-0.000000056,0.050000010,0.000000000,0.000000000,0.050000000,-0.000000000,-0.000000056,0.000000010,0.000000057,0.000011423
7.617721619,TRACKING,,0.000261209,1,0.000000000,-0.000000057,0.050000010,0.000000000,0.000000000,0.050000000,-0.000000000,-0.000000057,0.000000010,0.000000058,0.000011612
7.628134339,TRACKING,,0.002330692,1,0.000000000,-0.000000058,0.050000010,0.000000000,0.000000000,0.050000000,-0.000000000,-0.000000058,0.000000010,0.000000059,0.000011782
7.638135062,TRACKING,,0.001338100,1,0.000000000,-0.000000059,0.050000010,0.000000000,0.000000000,0.050000000,-0.000000000,-0.000000059,0.000000010,0.000000060,0.000011942
7.647967187,TRACKING,,0.000536665,1,0.000000000,-0.000000060,0.050000010,0.000000000,0.000000000,0.050000000,-0.000000000,-0.000000060,0.000000010,0.000000060,0.000012086
7.658230306,TRACKING,,0.002563405,1,0.000000000,-0.000000060,0.050000010,0.000000000,0.000000000,0.050000000,-0.000000000,-0.000000060,0.000000010,0.000000060,0.000012086
7.668723763,TRACKING,,0.001867640,1,0.000000000,-0.000000060,0.050000010,0.000000000,0.000000000,0.050000000,-0.000000000,-0.000000060,0.000000010,0.000000061,0.000012217
7.678580821,TRACKING,,0.000601967,1,0.000000000,-0.000000061,0.050000010,0.000000000,0.000000000,0.050000000,-0.000000000,-0.000000061,0.000000010,0.000000062,0.000012337
7.688424819,TRACKING,,0.002303384,1,0.000000000,-0.000000062,0.050000010,0.000000000,0.000000000,0.050000000,-0.000000000,-0.000000062,0.000000010,0.000000062,0.000012453
7.698462349,TRACKING,,0.001219368,1,0.000000000,-0.000000062,0.050000010,0.000000000,0.000000000,0.050000000,-0.000000000,-0.000000062,0.000000010,0.000000063,0.000012557
7.708565181,TRACKING,,0.000033244,1,0.000000000,-0.000000062,0.050000010,0.000000000,0.000000000,0.050000000,-0.000000000,-0.000000062,0.000000010,0.000000063,0.000012652
7.718514849,TRACKING,,0.002163281,1,0.000000000,-0.000000063,0.050000010,0.000000000,0.000000000,0.050000000,-0.000000000,-0.000000063,0.000000010,0.000000064,0.000012738
7.728661612,TRACKING,,0.001618305,1,0.000000000,-0.000000063,0.050000010,0.000000000,0.000000000,0.050000000,-0.000000000,-0.000000063,0.000000010,0.000000064,0.000012814
7.738757319,TRACKING,,0.001074517,1,0.000000000,-0.000000064,0.050000010,0.000000000,0.000000000,0.050000000,-0.000000000,-0.000000064,0.000000010,0.000000064,0.000012883
7.748847091,TRACKING,,0.000580595,1,0.000000000,-0.000000064,0.050000010,0.000000000,0.000000000,0.050000000,-0.000000000,-0.000000064,0.000000010,0.000000065,0.000012947
7.759193321,TRACKING,,0.002499290,1,0.000000000,-0.000000064,0.050000010,0.000000000,0.000000000,0.050000000,-0.000000000,-0.000000064,0.000000010,0.000000065,0.000013006
7.768924525,TRACKING,,0.001501948,1,0.000000000,-0.000000065,0.050000010,0.000000000,0.000000000,0.050000000,-0.000000000,-0.000000065,0.000000010,0.000000065,0.000013062
7.779080785,TRACKING,,0.000369254,1,0.000000000,-0.000000065,0.050000010,0.000000000,0.000000000,0.050000000,-0.000000000,-0.000000065,0.000000010,0.000000065,0.000013114
7.789159871,TRACKING,,0.002112227,1,0.000000000,-0.000000065,0.050000010,0.000000000,0.000000000,0.050000000,-0.000000000,-0.000000065,0.000000010,0.000000065,0.000013114
7.799343440,TRACKING,,0.000979532,1,0.000000000,-0.000000065,0.050000010,0.000000000,0.000000000,0.050000000,-0.000000000,-0.000000065,0.000000010,0.000000066,0.000013161
7.809354849,TRACKING,,0.000042743,1,0.000000000,-0.000000065,0.050000010,0.000000000,0.000000000,0.050000000,-0.000000000,-0.000000065,0.000000010,0.000000066,0.000013204
7.819330638,TRACKING,,0.002207212,1,0.000000000,-0.000000065,0.050000010,0.000000000,0.000000000,0.050000000,-0.000000000,-0.000000065,0.000000010,0.000000066,0.000013243
7.829475026,TRACKING,,0.001630179,1,0.000000000,-0.000000066,0.050000010,0.000000000,0.000000000,0.050000000,-0.000000000,-0.000000066,0.000000010,0.000000066,0.000013277
7.839557673,TRACKING,,0.001112511,1,0.000000000,-0.000000066,0.050000010,0.000000000,0.000000000,0.050000000,-0.000000000,-0.000000066,0.000000010,0.000000066,0.000013308
7.849634384,TRACKING,,0.000032057,1,0.000000000,-0.000000066,0.050000010,0.000000000,0.000000000,0.050000000,-0.000000000,-0.000000066,0.000000010,0.000000067,0.000013338
7.860133778,TRACKING,,0.001782154,1,0.000000000,-0.000000066,0.050000010,0.000000000,0.000000000,0.050000000,-0.000000000,-0.000000066,0.000000010,0.000000067,0.000013365
7.869829362,TRACKING,,0.000539039,1,0.000000000,-0.000000066,0.050000010,0.000000000,0.000000000,0.050000000,-0.000000000,-0.000000066,0.000000010,0.000000067,0.000013391
7.880201713,TRACKING,,0.002282012,1,0.000000000,-0.000000066,0.050000010,0.000000000,0.000000000,0.050000000,-0.000000000,-0.000000066,0.000000010,0.000000067,0.000013414
7.890029089,TRACKING,,0.000987843,1,0.000000000,-0.000000066,0.050000010,0.000000000,0.000000000,0.050000000,-0.000000000,-0.000000066,0.000000010,0.000000067,0.000013436
7.900283896,TRACKING,,0.002615647,1,0.000000000,-0.000000066,0.050000010,0.000000000,0.000000000,0.050000000,-0.000000000,-0.000000066,0.000000010,0.000000067,0.000013436
7.910200320,TRACKING,,0.001334538,1,0.000000000,-0.000000066,0.050000010,0.000000000,0.000000000,0.050000000,-0.000000000,-0.000000066,0.000000010,0.000000067,0.000013455
7.920273469,TRACKING,,0.000436930,1,0.000000000,-0.000000067,0.050000010,0.000000000,0.000000000,0.050000000,-0.000000000,-0.000000067,0.000000010,0.000000067,0.000013473
7.930694500,TRACKING,,0.002088481,1,0.000000000,-0.000000067,0.050000010,0.000000000,0.000000000,0.050000000,-0.000000000,-0.000000067,0.000000010,0.000000067,0.000013489
7.940424516,TRACKING,,0.000761066,1,0.000000000,-0.000000067,0.050000010,0.000000000,0.000000000,0.050000000,-0.000000000,-0.000000067,0.000000010,0.000000067,0.000013504
7.950681699,TRACKING,,0.002412617,1,0.000000000,-0.000000067,0.050000010,0.000000000,0.000000000,0.050000000,-0.000000000,-0.000000067,0.000000010,0.000000067,0.000013518
7.960586249,TRACKING,,0.001295357,1,0.000000000,-0.000000067,0.050000010,0.000000000,0.000000000,0.050000000,-0.000000000,-0.000000067,0.000000010,0.000000068,0.000013530
7.970664148,TRACKING,,0.000349070,1,0.000000000,-0.000000067,0.050000010,0.000000000,0.000000000,0.050000000,-0.000000000,-0.000000067,0.000000010,0.000000068,0.000013541
7.981170665,TRACKING,,0.002116976,1,0.000000000,-0.000000067,0.050000010,0.000000000,0.000000000,0.050000000,-0.000000000,-0.000000067,0.000000010,0.000000068,0.000013552
7.990835379,TRACKING,,0.000691015,1,0.000000000,-0.000000067,0.050000010,0.000000000,0.000000000,0.050000000,-0.000000000,-0.000000067,0.000000010,0.000000068,0.000013561
8.001218416,TRACKING,,0.002346127,1,0.000000000,-0.000000067,0.050000010,0.000000000,0.000000000,0.050000000,-0.000000000,-0.000000067,0.000000010,0.000000068,0.000013561
8.011817544,TRACKING,,0.000042743,1,0.000000000,-0.000000067,0.050000010,0.000000000,0.000000000,0.050000000,-0.000000000,-0.000000067,0.000000010,0.000000068,0.000013570
8.021703098,TRACKING,,0.000628088,1,0.000000000,-0.000000067,0.050000010,0.000000000,0.000000000,0.050000000,-0.000000000,-0.000000067,0.000000010,0.000000068,0.000013577
8.031967404,TRACKING,,0.000032057,1,0.000000000,-0.000000067,0.050000010,0.000000000,0.000000000,0.050000000,-0.000000000,-0.000000067,0.000000010,0.000000068,0.000013585
8.042229335,TRACKING,,0.002219085,1,0.000000000,-0.000000067,0.050000010,0.000000000,0.000000000,0.050000000,-0.000000000,-0.000000067,0.000000010,0.000000068,0.000013591
8.052377285,TRACKING,,0.001776218,1,0.000000000,-0.000000067,0.050000010,0.000000000,0.000000000,0.050000000,-0.000000000,-0.000000067,0.000000010,0.000000068,0.000013597
8.062442123,TRACKING,,0.002561030,1,0.000000000,-0.000000067,0.050000010,0.000000000,0.000000000,0.050000000,-0.000000000,-0.000000067,0.000000010,0.000000068,0.000013602
8.072244565,TRACKING,,0.001668172,1,0.000000000,-0.000000067,0.050000010,0.000000000,0.000000000,0.050000000,-0.000000000,-0.000000067,0.000000010,0.000000068,0.000013607
8.082292780,TRACKING,,0.000761066,1,0.000000000,-0.000000067,0.050000010,0.000000000,0.000000000,0.050000000,-0.000000000,-0.000000067,0.000000010,0.000000068,0.000013612
8.092318437,TRACKING,,0.000273082,1,0.000000000,-0.000000067,0.050000010,0.000000000,0.000000000,0.050000000,-0.000000000,-0.000000067,0.000000010,0.000000068,0.000013616
8.102564933,TRACKING,,0.002423302,1,0.000000000,-0.000000067,0.050000010,0.000000000,0.000000000,0.050000000,-0.000000000,-0.000000067,0.000000010,0.000000068,0.000013620
8.112573967,TRACKING,,0.001675297,1,0.000000000,-0.000000067,0.050000010,0.000000000,0.000000000,0.050000000,-0.000000000,-0.000000067,0.000000010,0.000000068,0.000013623
8.122523636,TRACKING,,0.000517667,1,0.000000000,-0.000000067,0.050000010,0.000000000,0.000000000,0.050000000,-0.000000000,-0.000000067,0.000000010,0.000000068,0.000013626
8.132593223,TRACKING,,0.002118163,1,0.000000000,-0.000000067,0.050000010,0.000000000,0.000000000,0.050000000,-0.000000000,-0.000000067,0.000000010,0.000000068,0.000013626
8.142679432,TRACKING,,0.001145756,1,0.000000000,-0.000000067,0.050000010,0.000000000,0.000000000,0.050000000,-0.000000000,-0.000000067,0.000000010,0.000000068,0.000013629
8.152764454,TRACKING,,0.000070052,1,0.000000000,-0.000000067,0.050000010,0.000000000,0.000000000,0.050000000,-0.000000000,-0.000000067,0.000000010,0.000000068,0.000013632
8.162952773,TRACKING,,0.001777405,1,0.000000000,-0.000000067,0.050000010,0.000000000,0.000000000,0.050000000,-0.000000000,-0.000000067,0.000000010,0.000000068,0.000013634
8.173024734,TRACKING,,0.000674393,1,0.000000000,-0.000000067,0.050000010,0.000000000,0.000000000,0.050000000,-0.000000000,-0.000000067,0.000000010,0.000000068,0.000013637
8.183172684,TRACKING,,0.002311695,1,0.000000000,-0.000000067,0.050000010,0.000000000,0.000000000,0.050000000,-0.000000000,-0.000000067,0.000000010,0.000000068,0.000013639
8.193199528,TRACKING,,0.001706166,1,0.000000000,-0.000000067,0.050000010,0.000000000,0.000000000,0.050000000,-0.000000000,-0.000000067,0.000000010,0.000000068,0.000013640
8.203386658,TRACKING,,0.000895233,1,0.000000000,-0.000000067,0.050000010,0.000000000,0.000000000,0.050000000,-0.000000000,-0.000000067,0.000000010,0.000000068,0.000013642
8.213602285,TRACKING,,0.002460109,1,0.000000000,-0.000000067,0.050000010,0.000000000,0.000000000,0.050000000,-0.000000000,-0.000000067,0.000000010,0.000000068,0.000013644
8.223480715,TRACKING,,0.001517384,1,0.000000000,-0.000000067,0.050000010,0.000000000,0.000000000,0.050000000,-0.000000000,-0.000000067,0.000000010,0.000000068,0.000013645
8.233505184,TRACKING,,0.000687453,1,0.000000000,-0.000000067,0.050000010,0.000000000,0.000000000,0.050000000,-0.000000000,-0.000000067,0.000000010,0.000000068,0.000013646
8.243624638,TRACKING,,0.000098547,1,0.000000000,-0.000000067,0.050000010,0.000000000,0.000000000,0.050000000,-0.000000000,-0.000000067,0.000000010,0.000000068,0.000013648
8.254034983,TRACKING,,0.001954314,1,0.000000000,-0.000000067,0.050000010,0.000000000,0.000000000,0.050000000,-0.000000000,-0.000000067,0.000000010,0.000000068,0.000013648
8.263804181,TRACKING,,0.000616215,1,0.000000000,-0.000000067,0.050000010,0.000000000,0.000000000,0.050000000,-0.000000000,-0.000000067,0.000000010,0.000000068,0.000013649
8.274140913,TRACKING,,0.002229770,1,0.000000000,-0.000000067,0.050000010,0.000000000,0.000000000,0.050000000,-0.000000000,-0.000000067,0.000000010,0.000000068,0.000013650
8.283963539,TRACKING,,0.000986656,1,0.000000000,-0.000000067,0.050000010,0.000000000,0.000000000,0.050000000,-0.000000000,-0.000000067,0.000000010,0.000000068,0.000013651
8.294030751,TRACKING,,0.000307514,1,0.000000000,-0.000000067,0.050000010,0.000000000,0.000000000,0.050000000,-0.000000000,-0.000000067,0.000000010,0.000000068,0.000013651
8.307998281,TRACKING,,0.000029683,1,0.000000000,-0.000000067,0.050000010,0.000000000,0.000000000,0.050000000,-0.000000000,-0.000000067,0.000000010,0.000000068,0.000013652
8.317864838,TRACKING,,0.001113698,1,0.000000000,-0.000000068,0.050000010,0.000000000,0.000000000,0.050000000,-0.000000000,-0.000000068,0.000000010,0.000000068,0.000013653
8.327828755,TRACKING,,0.000324136,1,0.000000000,-0.000000068,0.050000010,0.000000000,0.000000000,0.050000000,-0.000000000,-0.000000068,0.000000010,0.000000068,0.000013654
8.338081188,TRACKING,,0.002373435,1,0.000000000,-0.000000068,0.050000010,0.000000000,0.000000000,0.050000000,-0.000000000,-0.000000068,0.000000010,0.000000068,0.000013654
8.348132965,TRACKING,,0.001854581,1,0.000000000,-0.000000068,0.050000010,0.000000000,0.000000000,0.050000000,-0.000000000,-0.000000068,0.000000010,0.000000068,0.000013655
8.358190679,TRACKING,,0.001376093,1,0.000000000,-0.000000068,0.050000010,0.000000000,0.000000000,0.050000000,-0.000000000,-0.000000068,0.000000010,0.000000068,0.000013655
8.368293511,TRACKING,,0.000772940,1,0.000000000,-0.000000068,0.050000010,0.000000000,0.000000000,0.050000000,-0.000000000,-0.000000068,0.000000010,0.000000068,0.000013656
8.378371409,TRACKING,,0.000294454,1,0.000000000,-0.000000068,0.050000010,0.000000000,0.000000000,0.050000000,-0.000000000,-0.000000068,0.000000010,0.000000068,0.000013656
8.388691518,TRACKING,,0.002527785,1,0.000000000,-0.000000068,0.050000010,0.000000000,0.000000000,0.050000000,-0.000000000,-0.000000068,0.000000010,0.000000068,0.000013656
8.398536704,TRACKING,,0.001474641,1,0.000000000,-0.000000068,0.050000010,0.000000000,0.000000000,0.050000000,-0.000000000,-0.000000068,0.000000010,0.000000068,0.000013657
8.408613414,TRACKING,,0.000398937,1,0.000000000,-0.000000068,0.050000010,0.000000000,0.000000000,0.050000000,-0.000000000,-0.000000068,0.000000010,0.000000068,0.000013657
8.418673503,TRACKING,,0.002077795,1,0.000000000,-0.000000068,0.050000010,0.000000000,0.000000000,0.050000000,-0.000000000,-0.000000068,0.000000010,0.000000068,0.000013657
8.428792957,TRACKING,,0.004175773,1,0.000000000,-0.000000068,0.050000010,0.000000000,0.000000000,0.050000000,-0.000000000,-0.000000068,0.000000010,0.000000068,0.000013657
8.438754499,TRACKING,,0.002011306,1,0.000000000,-0.000000068,0.050000010,0.000000000,0.000000000,0.050000000,-0.000000000,-0.000000068,0.000000010,0.000000068,0.000013658
8.448839521,TRACKING,,0.001593372,1,0.000000000,-0.000000068,0.050000010,0.000000000,0.000000000,0.050000000,-0.000000000,-0.000000068,0.000000010,0.000000068,0.000013658
8.458900797,TRACKING,,0.001031773,1,0.000000000,-0.000000068,0.050000010,0.000000000,0.000000000,0.050000000,-0.000000000,-0.000000068,0.000000010,0.000000068,0.000013658
8.469087927,TRACKING,,0.000574659,1,0.000000000,-0.000000068,0.050000010,0.000000000,0.000000000,0.050000000,-0.000000000,-0.000000068,0.000000010,0.000000068,0.000013658
8.479265560,TRACKING,,0.000056991,1,0.000000000,-0.000000068,0.050000010,0.000000000,0.000000000,0.050000000,-0.000000000,-0.000000068,0.000000010,0.000000068,0.000013658
8.489310213,TRACKING,,0.001886638,1,0.000000000,-0.000000068,0.050000010,0.000000000,0.000000000,0.050000000,-0.000000000,-0.000000068,0.000000010,0.000000068,0.000013659
8.499380988,TRACKING,,0.000837054,1,0.000000000,-0.000000068,0.050000010,0.000000000,0.000000000,0.050000000,-0.000000000,-0.000000068,0.000000010,0.000000068,0.000013659
8.509803206,TRACKING,,0.002568155,1,0.000000000,-0.000000068,0.050000010,0.000000000,0.000000000,0.050000000,-0.000000000,-0.000000068,0.000000010,0.000000068,0.000013659
8.519537971,TRACKING,,0.001499574,1,0.000000000,-0.000000068,0.050000010,0.000000000,0.000000000,0.050000000,-0.000000000,-0.000000068,0.000000010,0.000000068,0.000013659
8.529684734,TRACKING,,0.000433369,1,0.000000000,-0.000000068,0.050000010,0.000000000,0.000000000,0.050000000,-0.000000000,-0.000000068,0.000000010,0.000000068,0.000013659
8.539694955,TRACKING,,0.002134786,1,0.000000000,-0.000000068,0.050000010,0.000000000,0.000000000,0.050000000,-0.000000000,-0.000000068,0.000000010,0.000000068,0.000013659
8.549679056,TRACKING,,0.001092327,1,0.000000000,-0.000000068,0.050000010,0.000000000,0.000000000,0.050000000,-0.000000000,-0.000000068,0.000000010,0.000000068,0.000013659
8.559704712,TRACKING,,0.000067677,1,0.000000000,-0.000000068,0.050000010,0.000000000,0.000000000,0.050000000,-0.000000000,-0.000000068,0.000000010,0.000000068,0.000013659
8.569812293,TRACKING,,0.001785716,1,0.000000000,-0.000000068,0.050000010,0.000000000,0.000000000,0.050000000,-0.000000000,-0.000000068,0.000000010,0.000000068,0.000013659
8.579918687,TRACKING,,0.000685079,1,0.000000000,-0.000000068,0.050000010,0.000000000,0.000000000,0.050000000,-0.000000000,-0.000000068,0.000000010,0.000000068,0.000013660
8.590144999,TRACKING,,0.002407868,1,0.000000000,-0.000000068,0.050000010,0.000000000,0.000000000,0.050000000,-0.000000000,-0.000000068,0.000000010,0.000000068,0.000013660
8.600066172,TRACKING,,0.001359472,1,0.000000000,-0.000000068,0.050000010,0.000000000,0.000000000,0.050000000,-0.000000000,-0.000000068,0.000000010,0.000000068,0.000013660
8.610106076,TRACKING,,0.000330072,1,0.000000000,-0.000000068,0.050000010,0.000000000,0.000000000,0.050000000,-0.000000000,-0.000000068,0.000000010,0.000000068,0.000013660
8.620550854,TRACKING,,0.002154970,1,0.000000000,-0.000000068,0.050000010,0.000000000,0.000000000,0.050000000,-0.000000000,-0.000000068,0.000000010,0.000000068,0.000013660
8.630416223,TRACKING,,0.000977157,1,0.000000000,-0.000000068,0.050000010,0.000000000,0.000000000,0.050000000,-0.000000000,-0.000000068,0.000000010,0.000000068,0.000013660
8.640432381,TRACKING,,0.000408435,1,0.000000000,-0.000000068,0.050000010,0.000000000,0.000000000,0.050000000,-0.000000000,-0.000000068,0.000000010,0.000000068,0.000013660
8.650532838,TRACKING,,0.002388870,1,0.000000000,-0.000000068,0.050000010,0.000000000,0.000000000,0.050000000,-0.000000000,-0.000000068,0.000000010,0.000000068,0.000013660
8.660655854,TRACKING,,0.001531632,1,0.000000000,-0.000000068,0.050000010,0.000000000,0.000000000,0.050000000,-0.000000000,-0.000000068,0.000000010,0.000000068,0.000013660
8.670660139,TRACKING,,0.000596031,1,0.000000000,-0.000000068,0.050000010,0.000000000,0.000000000,0.050000000,-0.000000000,-0.000000068,0.000000010,0.000000068,0.000013660
8.680776031,TRACKING,,0.002628707,1,0.000000000,-0.000000062,0.050000010,0.000000000,0.000000000,0.050000000,-0.000000000,-0.000000062,0.000000010,0.000000063,0.000012499
8.691155506,TRACKING,,0.001986372,1,0.000000000,-0.000000058,0.050000010,0.000000000,0.000000000,0.050000000,-0.000000000,-0.000000058,0.000000010,0.000000059,0.000011755
8.700839217,TRACKING,,0.000565160,1,0.000000000,-0.000000059,0.050000010,0.000000000,0.000000000,0.050000000,-0.000000000,-0.000000059,0.000000010,0.000000060,0.000011917
8.710944424,TRACKING,,0.002473170,1,0.000000000,-0.000000060,0.050000010,0.000000000,0.000000000,0.050000000,-0.000000000,-0.000000060,0.000000010,0.000000060,0.000012068
8.721116119,TRACKING,,0.001549442,1,0.000000000,-0.000000060,0.050000010,0.000000000,0.000000000,0.050000000,-0.000000000,-0.000000060,0.000000010,0.000000061,0.000012202
8.731207078,TRACKING,,0.000421496,1,0.000000000,-0.000000061,0.050000010,0.000000000,0.000000000,0.050000000,-0.000000000,-0.000000061,0.000000010,0.000000062,0.000012327
8.741543810,TRACKING,,0.002232145,1,0.000000000,-0.000000062,0.050000010,0.000000000,0.000000000,0.050000000,-0.000000000,-0.000000062,0.000000010,0.000000062,0.000012441
8.751366436,TRACKING,,0.000959347,1,0.000000000,-0.000000062,0.050000010,0.000000000,0.000000000,0.050000000,-0.000000000,-0.000000062,0.000000010,0.000000063,0.000012548
8.761504887,TRACKING,,0.002627520,1,0.000000000,-0.000000062,0.050000010,0.000000000,0.000000000,0.050000000,-0.000000000,-0.000000062,0.000000010,0.000000063,0.000012548
8.771715764,TRACKING,,0.001545879,1,0.000000000,-0.000000063,0.050000010,0.000000000,0.000000000,0.050000000,-0.000000000,-0.000000063,0.000000010,0.000000063,0.000012644
8.781579947,TRACKING,,0.000128230,1,0.000000000,-0.000000063,0.050000010,0.000000000,0.000000000,0.050000000,-0.000000000,-0.000000063,0.000000010,0.000000064,0.000012731
8.792005727,TRACKING,,0.002189402,1,0.000000000,-0.000000063,0.050000010,0.000000000,0.000000000,0.050000000,-0.000000000,-0.000000063,0.000000010,0.000000064,0.000012814
8.801758302,TRACKING,,0.001568438,1,0.000000000,-0.000000062,0.050000010,0.000000000,0.000000000,0.050000000,-0.000000000,-0.000000062,0.000000010,0.000000063,0.000012595
8.811850448,TRACKING,,0.001006840,1,0.000000000,-0.000000057,0.050000010,0.000000000,0.000000000,0.050000000,-0.000000000,-0.000000057,0.000000010,0.000000058,0.000011549
8.821955654,TRACKING,,0.000295641,1,0.000000000,-0.000000055,0.050000010,0.000000000,0.000000000,0.050000000,-0.000000000,-0.000000055,0.000000010,0.000000056,0.000011171
8.833776525,TRACKING,,0.003484759,1,0.000000000,-0.000000056,0.050000010,0.000000000,0.000000000,0.050000000,-0.000000000,-0.000000056,0.000000010,0.000000057,0.000011380
8.843792683,TRACKING,,0.000780064,1,0.000000000,-0.000000057,0.050000010,0.000000000,0.000000000,0.050000000,-0.000000000,-0.000000057,0.000000010,0.000000058,0.000011562
8.853801717,TRACKING,,0.000239837,1,0.000000000,-0.000000058,0.050000010,0.000000000,0.000000000,0.050000000,-0.000000000,-0.000000058,0.000000010,0.000000059,0.000011742
8.864037528,TRACKING,,0.002395994,1,0.000000000,-0.000000059,0.050000010,0.000000000,0.000000000,0.050000000,-0.000000000,-0.000000059,0.000000010,0.000000060,0.000011899
8.874043000,TRACKING,,0.001501949,1,0.000000000,-0.000000060,0.050000010,0.000000000,0.000000000,0.050000000,-0.000000000,-0.000000060,0.000000010,0.000000060,0.000012045
8.884148207,TRACKING,,0.000030870,1,0.000000000,-0.000000060,0.050000010,0.000000000,0.000000000,0.050000000,-0.000000000,-0.000000060,0.000000010,0.000000061,0.000012188
8.894318715,TRACKING,,0.001834396,1,0.000000000,-0.000000061,0.050000010,0.000000000,0.000000000,0.050000000,-0.000000000,-0.000000061,0.000000010,0.000000062,0.000012315
8.904529592,TRACKING,,0.000725447,1,0.000000000,-0.000000057,0.050000010,0.000000000,0.000000000,0.050000000,-0.000000000,-0.000000057,0.000000010,0.000000058,0.000011539
8.914607490,TRACKING,,0.002566967,1,0.000000000,-0.000000057,0.050000010,0.000000000,0.000000000,0.050000000,-0.000000000,-0.000000057,0.000000010,0.000000058,0.000011539
8.924522727,TRACKING,,0.002048112,1,0.000000000,-0.000000058,0.050000010,0.000000000,0.000000000,0.050000000,-0.000000000,-0.000000058,0.000000010,0.000000059,0.000011720
8.934441525,TRACKING,,0.001528070,1,0.000000000,-0.000000059,0.050000010,0.000000000,0.000000000,0.050000000,-0.000000000,-0.000000059,0.000000010,0.000000060,0.000011879
8.944638155,TRACKING,,0.000924916,1,0.000000000,-0.000000059,0.050000010,0.000000000,0.000000000,0.050000000,-0.000000000,-0.000000059,0.000000010,0.000000060,0.000012025
8.954731488,TRACKING,,0.000338384,1,0.000000000,-0.000000060,0.050000010,0.000000000,0.000000000,0.050000000,-0.000000000,-0.000000060,0.000000010,0.000000061,0.000012160
8.964841443,TRACKING,,0.002435176,1,0.000000000,-0.000000059,0.050000010,0.000000000,0.000000000,0.050000000,-0.000000000,-0.000000059,0.000000010,0.000000060,0.000011998
8.974896783,TRACKING,,0.001997057,1,0.000000000,-0.000000054,0.050000010,0.000000000,0.000000000,0.050000000,-0.000000000,-0.000000054,0.000000010,0.000000055,0.000011013
8.984990116,TRACKING,,0.001444958,1,0.000000000,-0.000000051,0.050000010,0.000000000,0.000000000,0.050000000,-0.000000000,-0.000000051,0.000000010,0.000000052,0.000010398
8.995106008,TRACKING,,0.000915417,1,0.000000000,-0.000000053,0.050000010,0.000000000,0.000000000,0.050000000,-0.000000000,-0.000000053,0.000000010,0.000000054,0.000010668
9.005172033,TRACKING,,0.000264771,1,0.000000000,-0.000000054,0.050000010,0.000000000,0.000000000,0.050000000,-0.000000000,-0.000000054,0.000000010,0.000000055,0.000010913
9.015315234,TRACKING,,0.002438738,1,0.000000000,-0.000000055,0.050000010,0.000000000,0.000000000,0.050000000,-0.000000000,-0.000000055,0.000000010,0.000000056,0.000011140
9.025350388,TRACKING,,0.001321478,1,0.000000000,-0.000000056,0.050000010,0.000000000,0.000000000,0.050000000,-0.000000000,-0.000000056,0.000000010,0.000000057,0.000011356
9.035557704,TRACKING,,0.001683607,1,0.000000000,-0.000000057,0.050000010,0.000000000,0.000000000,0.050000000,-0.000000000,-0.000000057,0.000000010,0.000000058,0.000011555
9.045558427,TRACKING,,0.001145756,1,0.000000000,-0.000000058,0.050000010,0.000000000,0.000000000,0.050000000,-0.000000000,-0.000000058,0.000000010,0.000000059,0.000011745
9.055521156,TRACKING,,0.000353819,1,0.000000000,-0.000000055,0.050000010,0.000000000,0.000000000,0.050000000,-0.000000000,-0.000000055,0.000000010,0.000000055,0.000011031
9.066623703,TRACKING,,0.002841236,1,0.000000000,-0.000000055,0.050000010,0.000000000,0.000000000,0.050000000,-0.000000000,-0.000000055,0.000000010,0.000000055,0.000011031
9.076525880,TRACKING,,0.001742973,1,0.000000000,-0.000000056,0.050000010,0.000000000,0.000000000,0.050000000,-0.000000000,-0.000000056,0.000000010,0.000000057,0.000011255
9.086454176,TRACKING,,0.000664894,1,0.000000000,-0.000000057,0.050000010,0.000000000,0.000000000,0.050000000,-0.000000000,-0.000000057,0.000000010,0.000000058,0.000011462
9.096507141,TRACKING,,0.002154970,1,0.000000000,-0.000000058,0.050000010,0.000000000,0.000000000,0.050000000,-0.000000000,-0.000000058,0.000000010,0.000000058,0.000011659
9.106746514,TRACKING,,0.001633741,1,0.000000000,-0.000000057,0.050000010,0.000000000,0.000000000,0.050000000,-0.000000000,-0.000000057,0.000000010,0.000000058,0.000011532
9.116855282,TRACKING,,0.000647085,1,0.000000000,-0.000000052,0.050000010,0.000000000,0.000000000,0.050000000,-0.000000000,-0.000000052,0.000000010,0.000000053,0.000010552
9.127021041,TRACKING,,0.002286762,1,0.000000000,-0.000000051,0.050000010,0.000000000,0.000000000,0.050000000,-0.000000000,-0.000000051,0.000000010,0.000000052,0.000010258
9.136866226,TRACKING,,0.001666985,1,0.000000000,-0.000000052,0.050000010,0.000000000,0.000000000,0.050000000,-0.000000000,-0.000000052,0.000000010,0.000000053,0.000010547
9.146895445,TRACKING,,0.000953411,1,0.000000000,-0.000000053,0.050000010,0.000000000,0.000000000,0.050000000,-0.000000000,-0.000000053,0.000000010,0.000000054,0.000010803
9.160776301,TRACKING,,0.000756317,1,0.000000000,-0.000000055,0.050000010,0.000000000,0.000000000,0.050000000,-0.000000000,-0.000000055,0.000000010,0.000000055,0.000011048
9.170836390,TRACKING,,0.002483856,1,0.000000000,-0.000000056,0.050000010,0.000000000,0.000000000,0.050000000,-0.000000000,-0.000000056,0.000000010,0.000000057,0.000011268
9.180832363,TRACKING,,0.001950753,1,0.000000000,-0.000000054,0.050000010,0.000000000,0.000000000,0.050000000,-0.000000000,-0.000000054,0.000000010,0.000000055,0.000010890
9.190990999,TRACKING,,0.001194435,1,0.000000000,-0.000000049,0.050000010,0.000000000,0.000000000,0.050000000,-0.000000000,-0.000000049,0.000000010,0.000000050,0.000010002
9.201896453,TRACKING,,0.000096172,1,0.000000000,-0.000000048,0.050000010,0.000000000,0.000000000,0.050000000,-0.000000000,-0.000000048,0.000000010,0.000000049,0.000009748
9.212004034,TRACKING,,0.002349689,1,0.000000000,-0.000000050,0.050000010,0.000000000,0.000000000,0.050000000,-0.000000000,-0.000000050,0.000000010,0.000000051,0.000010102
9.222067684,TRACKING,,0.000947474,1,0.000000000,-0.000000052,0.050000010,0.000000000,0.000000000,0.050000000,-0.000000000,-0.000000052,0.000000010,0.000000052,0.000010414
9.232004292,TRACKING,,0.002455359,1,0.000000000,-0.000000052,0.050000010,0.000000000,0.000000000,0.050000000,-0.000000000,-0.000000052,0.000000010,0.000000052,0.000010414
9.242132058,TRACKING,,0.001690731,1,0.000000000,-0.000000053,0.050000010,0.000000000,0.000000000,0.050000000,-0.000000000,-0.000000053,0.000000010,0.000000054,0.000010695
9.252141092,TRACKING,,0.001067392,1,0.000000000,-0.000000054,0.050000010,0.000000000,0.000000000,0.050000000,-0.000000000,-0.000000054,0.000000010,0.000000055,0.000010944
9.262233238,TRACKING,,0.000756318,1,0.000000000,-0.000000054,0.050000010,0.000000000,0.000000000,0.050000000,-0.000000000,-0.000000054,0.000000010,0.000000055,0.000010887
9.272112855,TRACKING,,0.000744445,1,0.000000000,-0.000000050,0.050000010,0.000000000,0.000000000,0.050000000,-0.000000000,-0.000000050,0.000000010,0.000000050,0.000010011
9.282131387,TRACKING,,0.000264770,1,0.000000000,-0.000000046,0.050000010,0.000000000,0.000000000,0.050000000,-0.000000000,-0.000000046,0.000000010,0.000000047,0.000009229
9.292160606,TRACKING,,0.000141290,1,0.000000000,-0.000000043,0.050000010,0.000000000,0.000000000,0.050000000,-0.000000000,-0.000000043,0.000000010,0.000000044,0.000008753
9.302221882,TRACKING,,0.000311075,1,0.000000000,-0.000000045,0.050000010,0.000000000,0.000000000,0.050000000,-0.000000000,-0.000000045,0.000000010,0.000000046,0.000009139
9.312376955,TRACKING,,0.000600779,1,0.000000000,-0.000000047,0.050000010,0.000000000,0.000000000,0.050000000,-0.000000000,-0.000000047,0.000000010,0.000000048,0.000009567
9.322558149,TRACKING,,0.000588906,1,0.000000000,-0.000000049,0.050000010,0.000000000,0.000000000,0.050000000,-0.000000000,-0.000000049,0.000000010,0.000000050,0.000009955
9.332359404,TRACKING,,0.000435743,1,0.000000000,-0.000000051,0.050000010,0.000000000,0.000000000,0.050000000,-0.000000000,-0.000000051,0.000000010,0.000000052,0.000010249
9.342621336,TRACKING,,0.000181658,1,0.000000000,-0.000000052,0.050000010,0.000000000,0.000000000,0.050000000,-0.000000000,-0.000000052,0.000000010,0.000000053,0.000010519
9.352641055,TRACKING,,0.000341945,1,0.000000000,-0.000000049,0.050000010,0.000000000,0.000000000,0.050000000,-0.000000000,-0.000000049,0.000000010,0.000000050,0.000009948
9.362881615,TRACKING,,0.000565160,1,0.000000000,-0.000000050,0.050000010,0.000000000,0.000000000,0.050000000,-0.000000000,-0.000000050,0.000000010,0.000000051,0.000010050
9.372752921,TRACKING,,0.000808559,1,0.000000000,-0.000000050,0.050000010,0.000000000,0.000000000,0.050000000,-0.000000000,-0.000000050,0.000000010,0.000000051,0.000010050
9.382707339,TRACKING,,0.000923729,1,0.000000000,-0.000000051,0.050000010,0.000000000,0.000000000,0.050000000,-0.000000000,-0.000000051,0.000000010,0.000000052,0.000010389
9.392934838,TRACKING,,0.001131508,1,0.000000000,-0.000000050,0.050000010,0.000000000,0.000000000,0.050000000,-0.000000000,-0.000000050,0.000000010,0.000000051,0.000010171
9.402838202,TRACKING,,0.001056707,1,0.000000000,-0.000000046,0.050000010,0.000000000,0.000000000,0.050000000,-0.000000000,-0.000000046,0.000000010,0.000000047,0.000009207
9.412916100,TRACKING,,0.001126758,1,0.000000000,-0.000000046,0.050000010,0.000000000,0.000000000,0.050000000,-0.000000000,-0.000000046,0.000000010,0.000000047,0.000009283
9.422996373,TRACKING,,0.001481765,1,0.000000000,-0.000000048,0.050000010,0.000000000,0.000000000,0.050000000,-0.000000000,-0.000000048,0.000000010,0.000000049,0.000009699
9.433125325,TRACKING,,0.001105387,1,0.000000000,-0.000000048,0.050000010,0.000000000,0.000000000,0.050000000,-0.000000000,-0.000000048,0.000000010,0.000000049,0.000009699
9.443245967,TRACKING,,0.001253801,1,0.000000000,-0.000000050,0.050000010,0.000000000,0.000000000,0.050000000,-0.000000000,-0.000000050,0.000000010,0.000000051,0.000010088
9.453377294,TRACKING,,0.001598121,1,0.000000000,-0.000000049,0.050000010,0.000000000,0.000000000,0.050000000,-0.000000000,-0.000000049,0.000000010,0.000000050,0.000009900
9.463297280,TRACKING,,0.001790466,1,0.000000000,-0.000000044,0.050000010,0.000000000,0.000000000,0.050000000,-0.000000000,-0.000000044,0.000000010,0.000000045,0.000008964
9.473309876,TRACKING,,0.001991121,1,0.000000000,-0.000000044,0.050000010,0.000000000,0.000000000,0.050000000,-0.000000000,-0.000000044,0.000000010,0.000000045,0.000008910
9.483405584,TRACKING,,0.002295072,1,0.000000000,-0.000000044,0.050000010,0.000000000,0.000000000,0.050000000,-0.000000000,-0.000000044,0.000000010,0.000000045,0.000008910
9.493443113,TRACKING,,0.000137728,1,0.000000000,-0.000000046,0.050000010,0.000000000,0.000000000,0.050000000,-0.000000000,-0.000000046,0.000000010,0.000000047,0.000009354
9.503740664,TRACKING,,0.002430426,1,0.000000000,-0.000000048,0.050000010,0.000000000,0.000000000,0.050000000,-0.000000000,-0.000000048,0.000000010,0.000000049,0.000009758
9.513585849,TRACKING,,0.000241024,1,0.000000000,-0.000000048,0.050000010,0.000000000,0.000000000,0.050000000,-0.000000000,-0.000000048,0.000000010,0.000000049,0.000009790
9.523732611,TRACKING,,0.000137728,1,0.000000000,-0.000000044,0.050000010,0.000000000,0.000000000,0.050000000,-0.000000000,-0.000000044,0.000000010,0.000000045,0.000008849
9.533767766,TRACKING,,0.000043931,1,0.000000000,-0.000000043,0.050000010,0.000000000,0.000000000,0.050000000,-0.000000000,-0.000000043,0.000000010,0.000000044,0.000008710
9.543783924,TRACKING,,0.000232713,1,0.000000000,-0.000000045,0.050000010,0.000000000,0.000000000,0.050000000,-0.000000000,-0.000000045,0.000000010,0.000000046,0.000009181
9.553960369,TRACKING,,0.000420308,1,0.000000000,-0.000000048,0.050000010,0.000000000,0.000000000,0.050000000,-0.000000000,-0.000000048,0.000000010,0.000000048,0.000009604
9.564124941,TRACKING,,0.000436930,1,0.000000000,-0.000000044,0.050000010,0.000000000,0.000000000,0.050000000,-0.000000000,-0.000000044,0.000000010,0.000000045,0.000008854
9.574360752,TRACKING,,0.000396562,1,0.000000000,-0.000000046,0.050000010,0.000000000,0.000000000,0.050000000,-0.000000000,-0.000000046,0.000000010,0.000000047,0.000009231
9.584278363,TRACKING,,0.000528353,1,0.000000000,-0.000000046,0.050000010,0.000000000,0.000000000,0.050000000,-0.000000000,-0.000000046,0.000000010,0.000000047,0.000009231
9.594465494,TRACKING,,0.000455928,1,0.000000000,-0.000000041,0.050000010,0.000000000,0.000000000,0.050000000,-0.000000000,-0.000000041,0.000000010,0.000000042,0.000008346
9.604227567,TRACKING,,0.000485610,1,0.000000000,-0.000000039,0.050000010,0.000000000,0.000000000,0.050000000,-0.000000000,-0.000000039,0.000000010,0.000000041,0.000007966
9.614253223,TRACKING,,0.000525978,1,0.000000000,-0.000000042,0.050000010,0.000000000,0.000000000,0.050000000,-0.000000000,-0.000000042,0.000000010,0.000000043,0.000008410
9.624350119,TRACKING,,0.000625713,1,0.000000000,-0.000000044,0.050000010,0.000000000,0.000000000,0.050000000,-0.000000000,-0.000000044,0.000000010,0.000000045,0.000008908
9.634423268,TRACKING,,0.000606716,1,0.000000000,-0.000000046,0.050000010,0.000000000,0.000000000,0.050000000,-0.000000000,-0.000000046,0.000000010,0.000000047,0.000009364
9.644502353,TRACKING,,0.000509357,1,0.000000000,-0.000000044,0.050000010,0.000000000,0.000000000,0.050000000,-0.000000000,-0.000000044,0.000000010,0.000000045,0.000008897
9.654576689,TRACKING,,0.000265957,1,0.000000000,-0.000000041,0.050000010,0.000000000,0.000000000,0.050000000,-0.000000000,-0.000000041,0.000000010,0.000000042,0.000008195
9.664611844,TRACKING,,0.000034432,1,0.000000000,-0.000000041,0.050000010,0.000000000,0.000000000,0.050000000,-0.000000000,-0.000000041,0.000000010,0.000000042,0.000008359
9.674743171,TRACKING,,0.002425677,1,0.000000000,-0.000000043,0.050000010,0.000000000,0.000000000,0.050000000,-0.000000000,-0.000000043,0.000000010,0.000000045,0.000008782
9.684995604,TRACKING,,0.002527786,1,0.000000000,-0.000000045,0.050000010,0.000000000,0.000000000,0.050000000,-0.000000000,-0.000000045,0.000000010,0.000000046,0.000009166
9.695258723,TRACKING,,0.002423303,1,0.000000000,-0.000000043,0.050000010,0.000000000,0.000000000,0.050000000,-0.000000000,-0.000000043,0.000000010,0.000000044,0.000008710
9.704974491,TRACKING,,0.002090856,1,0.000000000,-0.000000040,0.050000010,0.000000000,0.000000000,0.050000000,-0.000000000,-0.000000040,0.000000010,0.000000041,0.000008013
9.715038142,TRACKING,,0.001670547,1,0.000000000,-0.000000041,0.050000010,0.000000000,0.000000000,0.050000000,-0.000000000,-0.000000041,0.000000010,0.000000042,0.000008199
9.725206276,TRACKING,,0.001279921,1,0.000000000,-0.000000043,0.050000010,0.000000000,0.000000000,0.050000000,-0.000000000,-0.000000043,0.000000010,0.000000044,0.000008641
9.735261615,TRACKING,,0.000820432,1,0.000000000,-0.000000039,0.050000010,0.000000000,0.000000000,0.050000000,-0.000000000,-0.000000039,0.000000010,0.000000040,0.000007939
9.745265900,TRACKING,,0.000448803,1,0.000000000,-0.000000042,0.050000010,0.000000000,0.000000000,0.050000000,-0.000000000,-0.000000042,0.000000010,0.000000043,0.000008399
9.755406725,TRACKING,,0.000319386,1,0.000000000,-0.000000044,0.050000010,0.000000000,0.000000000,0.050000000,-0.000000000,-0.000000044,0.000000010,0.000000045,0.000008809
9.765304152,TRACKING,,0.000512918,1,0.000000000,-0.000000040,0.050000010,0.000000000,0.000000000,0.050000000,-0.000000000,-0.000000040,0.000000010,0.000000041,0.000008120
9.775608827,TRACKING,,0.000572284,1,0.000000000,-0.000000037,0.050000010,0.000000000,0.000000000,0.050000000,-0.000000000,-0.000000037,0.000000010,0.000000038,0.000007480
9.785695036,TRACKING,,0.000505794,1,0.000000000,-0.000000039,0.050000010,0.000000000,0.000000000,0.050000000,-0.000000000,-0.000000039,0.000000010,0.000000041,0.000007960
9.795607898,TRACKING,,0.000476111,1,0.000000000,-0.000000042,0.050000010,0.000000000,0.000000000,0.050000000,-0.000000000,-0.000000042,0.000000010,0.000000043,0.000008405
9.805681047,TRACKING,,0.000574659,1,0.000000000,-0.000000044,0.050000010,0.000000000,0.000000000,0.050000000,-0.000000000,-0.000000044,0.000000010,0.000000045,0.000008812
9.815935854,TRACKING,,0.000625713,1,0.000000000,-0.000000040,0.050000010,0.000000000,0.000000000,0.050000000,-0.000000000,-0.000000040,0.000000010,0.000000041,0.000008129
9.825803599,TRACKING,,0.000719510,1,0.000000000,-0.000000040,0.050000010,0.000000000,0.000000000,0.050000000,-0.000000000,-0.000000040,0.000000010,0.000000041,0.000008129
9.835920678,TRACKING,,0.000547351,1,0.000000000,-0.000000036,0.050000010,0.000000000,0.000000000,0.050000000,-0.000000000,-0.000000036,0.000000010,0.000000038,0.000007350
9.846021135,TRACKING,,0.000606716,1,0.000000000,-0.000000035,0.050000010,0.000000000,0.000000000,0.050000000,-0.000000000,-0.000000035,0.000000010,0.000000036,0.000007057
9.856262882,TRACKING,,0.000606716,1,0.000000000,-0.000000037,0.050000010,0.000000000,0.000000000,0.050000000,-0.000000000,-0.000000037,0.000000010,0.000000039,0.000007572
9.866260043,TRACKING,,0.000693390,1,0.000000000,-0.000000040,0.050000010,0.000000000,0.000000000,0.050000000,-0.000000000,-0.000000040,0.000000010,0.000000041,0.000008046
9.876208524,TRACKING,,0.000812120,1,0.000000000,-0.000000043,0.050000010,0.000000000,0.000000000,0.050000000,-0.000000000,-0.000000043,0.000000010,0.000000044,0.000008584
9.886751849,TRACKING,,0.000510544,1,0.000000000,-0.000000041,0.050000010,0.000000000,0.000000000,0.050000000,-0.000000000,-0.000000041,0.000000010,0.000000042,0.000008282
9.896545979,TRACKING,,0.000571097,1,0.000000000,-0.000000038,0.050000010,0.000000000,0.000000000,0.050000000,-0.000000000,-0.000000038,0.000000010,0.000000039,0.000007613
9.906389977,TRACKING,,0.000328886,1,0.000000000,-0.000000035,0.050000010,0.000000000,0.000000000,0.050000000,-0.000000000,-0.000000035,0.000000010,0.000000036,0.000007022
9.916530803,TRACKING,,0.000286142,1,0.000000000,-0.000000036,0.050000010,0.000000000,0.000000000,0.050000000,-0.000000000,-0.000000036,0.000000010,0.000000037,0.000007293
9.926638384,TRACKING,,0.005339339,1,0.000000000,-0.000000036,0.050000010,0.000000000,0.000000000,0.050000000,-0.000000000,-0.000000036,0.000000010,0.000000037,0.000007293
9.936963243,TRACKING,,0.002226208,1,0.000000000,-0.000000039,0.050000010,0.000000000,0.000000000,0.050000000,-0.000000000,-0.000000039,0.000000010,0.000000040,0.000007939
9.946946156,TRACKING,,0.000036807,1,0.000000000,-0.000000042,0.050000010,0.000000000,0.000000000,0.050000000,-0.000000000,-0.000000042,0.000000010,0.000000043,0.000008483
9.956824586,TRACKING,,0.000024934,1,0.000000000,-0.000000042,0.050000010,0.000000000,0.000000000,0.050000000,-0.000000000,-0.000000042,0.000000010,0.000000043,0.000008439
9.966939291,TRACKING,,0.000217278,1,0.000000000,-0.000000039,0.050000010,0.000000000,0.000000000,0.050000000,-0.000000000,-0.000000039,0.000000010,0.000000040,0.000007777
9.976861651,TRACKING,,0.000116357,1,0.000000000,-0.000000035,0.050000010,0.000000000,0.000000000,0.050000000,-0.000000000,-0.000000035,0.000000010,0.000000037,0.000007165
9.986896806,TRACKING,,0.000047493,1,0.000000000,-0.000000035,0.050000010,0.000000000,0.000000000,0.050000000,-0.000000000,-0.000000035,0.000000010,0.000000037,0.000007153
9.997086311,TRACKING,,0.001200372,1,0.000000000,-0.000000039,0.050000010,0.000000000,0.000000000,0.050000000,-0.000000000,-0.000000039,0.000000010,0.000000040,0.000007841
10.007152337,TRACKING,,0.001363034,1,0.000000000,-0.000000041,0.050000010,0.000000000,0.000000000,0.050000000,-0.000000000,-0.000000041,0.000000010,0.000000042,0.000008293
10.017236171,TRACKING,,0.001735849,1,0.000000000,-0.000000041,0.050000010,0.000000000,0.000000000,0.050000000,-0.000000000,-0.000000041,0.000000010,0.000000042,0.000008293
10.027860233,TRACKING,,0.001748910,1,0.000000000,-0.000000037,0.050000010,0.000000000,0.000000000,0.050000000,-0.000000000,-0.000000037,0.000000010,0.000000038,0.000007523
10.037414526,TRACKING,,0.002130036,1,0.000000000,-0.000000034,0.050000010,0.000000000,0.000000000,0.050000000,-0.000000000,-0.000000034,0.000000010,0.000000035,0.000006810
10.047393878,TRACKING,,0.002005369,1,0.000000000,-0.000000030,0.050000010,0.000000000,0.000000000,0.050000000,-0.000000000,-0.000000030,0.000000010,0.000000031,0.000006018
10.057507395,TRACKING,,0.001326227,1,0.000000000,-0.000000026,0.050000010,0.000000000,0.000000000,0.050000000,-0.000000000,-0.000000026,0.000000010,0.000000027,0.000005212
10.068029348,TRACKING,,0.001463954,1,0.000000000,-0.000000022,0.050000010,0.000000000,0.000000000,0.050000000,-0.000000000,-0.000000022,0.000000010,0.000000024,0.000004516
10.077542086,TRACKING,,0.000736133,1,0.000000000,-0.000000022,0.050000010,0.000000000,0.000000000,0.050000000,-0.000000000,-0.000000022,0.000000010,0.000000024,0.000004408
10.087579615,TRACKING,,0.000449991,1,0.000000000,-0.000000021,0.050000010,0.000000000,0.000000000,0.050000000,-0.000000000,-0.000000021,0.000000010,0.000000023,0.000004246
10.097606459,TRACKING,,0.000578221,1,0.000000000,-0.000000024,0.050000010,0.000000000,0.000000000,0.050000000,-0.000000000,-0.000000024,0.000000010,0.000000026,0.000004884
10.107769844,TRACKING,,0.003102444,1,0.000000000,-0.000000024,0.050000010,0.000000000,0.000000000,0.050000000,-0.000000000,-0.000000024,0.000000010,0.000000026,0.000004884
10.117751570,TRACKING,,0.000378752,1,0.000000000,-0.000000028,0.050000010,0.000000000,0.000000000,0.050000000,-0.000000000,-0.000000028,0.000000010,0.000000030,0.000005742
10.127808096,TRACKING,,0.000574659,1,0.000000000,-0.000000031,0.050000010,0.000000000,0.000000000,0.050000000,-0.000000000,-0.000000031,0.000000010,0.000000033,0.000006289
10.137875309,TRACKING,,0.000660145,1,0.000000000,-0.000000030,0.050000010,0.000000000,0.000000000,0.050000000,-0.000000000,-0.000000030,0.000000010,0.000000032,0.000006113
10.147959143,TRACKING,,0.000689828,1,0.000000000,-0.000000027,0.050000010,0.000000000,0.000000000,0.050000000,-0.000000000,-0.000000027,0.000000010,0.000000028,0.000005356
10.158020419,TRACKING,,0.000799061,1,0.000000000,-0.000000024,0.050000010,0.000000000,0.000000000,0.050000000,-0.000000000,-0.000000024,0.000000010,0.000000026,0.000004800
10.168312033,TRACKING,,0.000447616,1,0.000000000,-0.000000025,0.050000010,0.000000000,0.000000000,0.050000000,-0.000000000,-0.000000025,0.000000010,0.000000026,0.000004962
10.178182152,TRACKING,,0.000579408,1,0.000000000,-0.000000027,0.050000010,0.000000000,0.000000000,0.050000000,-0.000000000,-0.000000027,0.000000010,0.000000029,0.000005515
10.188274298,TRACKING,,0.000750380,1,0.000000000,-0.000000026,0.050000010,0.000000000,0.000000000,0.050000000,-0.000000000,-0.000000026,0.000000010,0.000000027,0.000005160
10.198345072,TRACKING,,0.000864362,1,0.000000000,-0.000000023,0.050000010,0.000000000,0.000000000,0.050000000,-0.000000000,-0.000000023,0.000000010,0.000000025,0.000004600
10.208546451,TRACKING,,0.000110420,1,0.000000000,-0.000000027,0.050000010,0.000000000,0.000000000,0.050000000,-0.000000000,-0.000000027,0.000000010,0.000000028,0.000005355
10.218498494,TRACKING,,0.000476111,1,0.000000000,-0.000000027,0.050000010,0.000000000,0.000000000,0.050000000,-0.000000000,-0.000000027,0.000000010,0.000000028,0.000005355
10.228582329,TRACKING,,0.000750381,1,0.000000000,-0.000000022,0.050000010,0.000000000,0.000000000,0.050000000,-0.000000000,-0.000000022,0.000000010,0.000000024,0.000004509
10.238624608,TRACKING,,0.000814496,1,0.000000000,-0.000000019,0.050000010,0.000000000,0.000000000,0.050000000,-0.000000000,-0.000000019,0.000000010,0.000000021,0.000003744
10.248701318,TRACKING,,0.000806184,1,0.000000000,-0.000000016,0.050000010,0.000000000,0.000000000,0.050000000,-0.000000000,-0.000000016,0.000000010,0.000000018,0.000003171
10.258989371,TRACKING,,0.000797873,1,0.000000000,-0.000000013,0.050000010,0.000000000,0.000000000,0.050000000,-0.000000000,-0.000000013,0.000000010,0.000000016,0.000002636
10.269132571,TRACKING,,0.000502233,1,0.000000000,-0.000000011,0.050000010,0.000000000,0.000000000,0.050000000,-0.000000000,-0.000000011,0.000000010,0.000000014,0.000002141
10.279130919,TRACKING,,0.000351444,1,0.000000000,-0.000000008,0.050000010,0.000000000,0.000000000,0.050000000,-0.000000000,-0.000000008,0.000000010,0.000000013,0.000001683
10.289176760,TRACKING,,0.000401311,1,0.000000000,-0.000000006,0.050000010,0.000000000,0.000000000,0.050000000,-0.000000000,-0.000000006,0.000000010,0.000000011,0.000001265
10.299252284,TRACKING,,0.000042743,1,0.000000000,-0.000000004,0.050000010,0.000000000,0.000000000,0.050000000,-0.000000000,-0.000000004,0.000000010,0.000000010,0.000000881
10.309561707,TRACKING,,0.002439924,1,0.000000000,-0.000000002,0.050000010,0.000000000,0.000000000,0.050000000,-0.000000000,-0.000000002,0.000000010,0.000000010,0.000000516
10.319474569,TRACKING,,0.002172780,1,0.000000000,-0.000000001,0.050000010,0.000000000,0.000000000,0.050000000,-0.000000000,-0.000000001,0.000000010,0.000000010,0.000000180
10.329347063,TRACKING,,0.002227396,1,0.000000000,0.000000001,0.050000010,0.000000000,0.000000000,0.050000000,-0.000000000,0.000000001,0.000000010,0.000000010,0.000000122
10.339508073,TRACKING,,0.002086106,1,0.000000000,0.000000002,0.050000010,0.000000000,0.000000000,0.050000000,-0.000000000,0.000000002,0.000000010,0.000000010,0.000000403
10.349671457,TRACKING,,0.002417365,1,0.000000000,0.000000004,0.050000010,0.000000000,0.000000000,0.050000000,-0.000000000,0.000000004,0.000000010,0.000000010,0.000000706
10.359781413,TRACKING,,0.002414991,1,0.000000000,0.000000004,0.050000010,0.000000000,0.000000000,0.050000000,-0.000000000,0.000000004,0.000000010,0.000000010,0.000000706
10.369891368,TRACKING,,0.002316445,1,0.000000000,0.000000005,0.050000010,0.000000000,0.000000000,0.050000000,-0.000000000,0.000000005,0.000000010,0.000000011,0.000000987
10.379769798,TRACKING,,0.000369254,1,0.000000000,0.000000006,0.050000010,0.000000000,0.000000000,0.050000000,-0.000000000,0.000000006,0.000000010,0.000000011,0.000001196
10.389749150,TRACKING,,0.000642336,1,0.000000000,0.000000007,0.050000010,0.000000000,0.000000000,0.050000000,-0.000000000,0.000000007,0.000000010,0.000000012,0.000001421
10.399802114,TRACKING,,0.000673205,1,0.000000000,0.000000008,0.050000010,0.000000000,0.000000000,0.050000000,-0.000000000,0.000000008,0.000000010,0.000000013,0.000001630
10.409870514,TRACKING,,0.000714761,1,0.000000000,0.000000009,0.050000010,0.000000000,0.000000000,0.050000000,-0.000000000,0.000000009,0.000000010,0.000000013,0.000001787
10.419950787,TRACKING,,0.000738508,1,0.000000000,0.000000010,0.050000010,0.000000000,0.000000000,0.050000000,-0.000000000,0.000000010,0.000000010,0.000000014,0.000001964
10.430022748,TRACKING,,0.000750381,1,0.000000000,0.000000010,0.050000010,0.000000000,0.000000000,0.050000000,-0.000000000,0.000000010,0.000000010,0.000000014,0.000002095
10.440095897,TRACKING,,0.000981907,1,0.000000000,0.000000011,0.050000010,0.000000000,0.000000000,0.050000000,-0.000000000,0.000000011,0.000000010,0.000000015,0.000002243
10.450132239,TRACKING,,0.001105386,1,0.000000000,0.000000011,0.050000010,0.000000000,0.000000000,0.050000000,-0.000000000,0.000000011,0.000000010,0.000000015,0.000002243
10.460220823,TRACKING,,0.001203934,1,0.000000000,0.000000012,0.050000010,0.000000000,0.000000000,0.050000000,-0.000000000,0.000000012,0.000000010,0.000000015,0.000002376
10.470277350,TRACKING,,0.001333350,1,0.000000000,0.000000012,0.050000010,0.000000000,0.000000000,0.050000000,-0.000000000,0.000000012,0.000000010,0.000000016,0.000002497
10.480373058,TRACKING,,0.001487701,1,0.000000000,0.000000013,0.050000010,0.000000000,0.000000000,0.050000000,-0.000000000,0.000000013,0.000000010,0.000000016,0.000002606
10.490481826,TRACKING,,0.001537568,1,0.000000000,0.000000013,0.050000010,0.000000000,0.000000000,0.050000000,-0.000000000,0.000000013,0.000000010,0.000000016,0.000002705
10.500565661,TRACKING,,0.001278734,1,0.000000000,0.000000014,0.050000010,0.000000000,0.000000000,0.050000000,-0.000000000,0.000000014,0.000000010,0.000000017,0.000002780
10.510651870,TRACKING,,0.000990218,1,0.000000000,0.000000014,0.050000010,0.000000000,0.000000000,0.050000000,-0.000000000,0.000000014,0.000000010,0.000000017,0.000002849
10.520736892,TRACKING,,0.000676767,1,0.000000000,0.000000014,0.050000010,0.000000000,0.000000000,0.050000000,-0.000000000,0.000000014,0.000000010,0.000000017,0.000002913
10.530791044,TRACKING,,0.000676767,1,0.000000000,0.000000015,0.050000010,0.000000000,0.000000000,0.050000000,-0.000000000,0.000000015,0.000000010,0.000000018,0.000002970
10.540826199,TRACKING,,0.000810934,1,0.000000000,0.000000015,0.050000010,0.000000000,0.000000000,0.050000000,-0.000000000,0.000000015,0.000000010,0.000000018,0.000002970
10.550950402,TRACKING,,0.000763441,1,0.000000000,0.000000015,0.050000010,0.000000000,0.000000000,0.050000000,-0.000000000,0.000000015,0.000000010,0.000000018,0.000003034
10.561006929,TRACKING,,0.000846553,1,0.000000000,0.000000015,0.050000008,0.000000000,0.000000000,0.050000000,-0.000000000,0.000000015,0.000000008,0.000000017,0.000003082
10.571075328,TRACKING,,0.001024650,1,0.000000000,0.000000016,0.050000004,0.000000000,0.000000000,0.050000000,-0.000000000,0.000000016,0.000000004,0.000000016,0.000003135
10.581140166,TRACKING,,0.001396278,1,0.000000000,0.000000016,0.050000005,0.000000000,0.000000000,0.050000000,-0.000000000,0.000000016,0.000000005,0.000000016,0.000003183
10.591190756,TRACKING,,0.001695480,1,0.000000000,0.000000016,0.050000005,0.000000000,0.000000000,0.050000000,-0.000000000,0.000000016,0.000000005,0.000000017,0.000003226
10.601356515,TRACKING,,0.001430710,1,0.000000000,0.000000016,0.050000006,0.000000000,0.000000000,0.050000000,-0.000000000,0.000000016,0.000000006,0.000000017,0.000003259
10.611529398,TRACKING,,0.001190874,1,0.000000000,0.000000016,0.050000006,0.000000000,0.000000000,0.050000000,-0.000000000,0.000000016,0.000000006,0.000000017,0.000003290
10.621448197,TRACKING,,0.000833493,1,0.000000000,0.000000016,0.050000006,0.000000000,0.000000000,0.050000000,-0.000000000,0.000000016,0.000000006,0.000000018,0.000003318
10.631526095,TRACKING,,0.000477299,1,0.000000000,0.000000017,0.050000007,0.000000000,0.000000000,0.050000000,-0.000000000,0.000000017,0.000000007,0.000000018,0.000003344
10.641751219,TRACKING,,0.000207780,1,0.000000000,0.000000017,0.050000007,0.000000000,0.000000000,0.050000000,-0.000000000,0.000000017,0.000000007,0.000000018,0.000003368
10.651916979,TRACKING,,0.000071238,1,0.000000000,0.000000017,0.050000007,0.000000000,0.000000000,0.050000000,-0.000000000,0.000000017,0.000000007,0.000000018,0.000003390
10.661873771,TRACKING,,0.000199468,1,0.000000000,0.000000017,0.050000007,0.000000000,0.000000000,0.050000000,-0.000000000,0.000000017,0.000000007,0.000000018,0.000003390
10.671994412,TRACKING,,0.000484423,1,0.000000000,0.000000017,0.050000008,0.000000000,0.000000000,0.050000000,-0.000000000,0.000000017,0.000000008,0.000000018,0.000003414
10.681973764,TRACKING,,0.000281392,1,0.000000000,0.000000017,0.050000008,0.000000000,0.000000000,0.050000000,-0.000000000,0.000000017,0.000000008,0.000000019,0.000003436
10.692131212,TRACKING,,0.000313451,1,-0.000000000,0.000000017,0.050000008,0.000000000,0.000000000,0.050000000,0.000000000,0.000000017,0.000000008,0.000000019,0.000003452
10.702089191,TRACKING,,0.000674393,1,-0.000000000,0.000000017,0.050000008,0.000000000,0.000000000,0.050000000,0.000000000,0.000000017,0.000000008,0.000000019,0.000003470
10.712273947,TRACKING,,0.000403686,1,0.000000000,0.000000017,0.050000004,0.000000000,0.000000000,0.050000000,-0.000000000,0.000000017,0.000000004,0.000000018,0.000003484
10.722529942,TRACKING,,0.000645898,1,0.000000000,0.000000017,0.050000003,0.000000000,0.000000000,0.050000000,-0.000000000,0.000000017,0.000000003,0.000000018,0.000003496
10.733102949,TRACKING,,0.002582402,1,0.000000000,0.000000017,0.050000004,0.000000000,0.000000000,0.050000000,-0.000000000,0.000000017,0.000000004,0.000000018,0.000003508
10.742965944,TRACKING,,0.002507601,1,0.000000000,0.000000017,0.050000004,0.000000000,0.000000000,0.050000000,-0.000000000,0.000000017,0.000000004,0.000000018,0.000003519
10.752953607,TRACKING,,0.000020185,1,0.000000000,0.000000017,0.050000004,0.000000000,0.000000000,0.050000000,-0.000000000,0.000000017,0.000000004,0.000000018,0.000003519
10.763061187,TRACKING,,0.000011874,1,0.000000000,0.000000017,0.050000005,0.000000000,0.000000000,0.050000000,-0.000000000,0.000000017,0.000000005,0.000000018,0.000003531
10.773539210,TRACKING,,0.002395994,1,0.000000000,0.000000018,0.050000005,0.000000000,0.000000000,0.050000000,-0.000000000,0.000000018,0.000000005,0.000000018,0.000003542
10.783216984,TRACKING,,0.002190590,1,0.000000000,0.000000018,0.050000006,0.000000000,0.000000000,0.050000000,-0.000000000,0.000000018,0.000000006,0.000000018,0.000003550
10.793154779,TRACKING,,0.002296260,1,0.000000000,0.000000018,0.050000006,0.000000000,0.000000000,0.050000000,-0.000000000,0.000000018,0.000000006,0.000000019,0.000003557
10.803403650,TRACKING,,0.002492166,1,-0.000000000,0.000000018,0.050000007,0.000000000,0.000000000,0.050000000,0.000000000,0.000000018,0.000000007,0.000000019,0.000003565
10.813540914,TRACKING,,0.001485326,1,-0.000000000,0.000000018,0.050000007,0.000000000,0.000000000,0.050000000,0.000000000,0.000000018,0.000000007,0.000000019,0.000003572
10.824286081,TRACKING,,0.001684794,1,-0.000000000,0.000000018,0.050000007,0.000000000,0.000000000,0.050000000,0.000000000,0.000000018,0.000000007,0.000000019,0.000003578
10.833588665,TRACKING,,0.000328885,1,-0.000000000,0.000000018,0.050000007,0.000000000,0.000000000,0.050000000,0.000000000,0.000000018,0.000000007,0.000000019,0.000003584
10.843703370,TRACKING,,0.000878610,1,-0.000000000,0.000000018,0.050000007,0.000000000,0.000000000,0.050000000,0.000000000,0.000000018,0.000000007,0.000000019,0.000003584
10.854477032,TRACKING,,0.001111324,1,-0.000000000,0.000000018,0.050000008,0.000000000,0.000000000,0.050000000,0.000000000,0.000000018,0.000000008,0.000000019,0.000003589
10.863830670,TRACKING,,0.000689828,1,0.000000000,0.000000018,0.050000005,0.000000000,0.000000000,0.050000000,-0.000000000,0.000000018,0.000000005,0.000000018,0.000003595
10.874013052,TRACKING,,0.000762254,1,0.000000000,0.000000018,0.050000003,0.000000000,0.000000000,0.050000000,-0.000000000,0.000000018,0.000000003,0.000000018,0.000003599
10.884312977,TRACKING,,0.000750381,1,0.000000000,0.000000018,0.050000003,0.000000000,0.000000000,0.050000000,-0.000000000,0.000000018,0.000000003,0.000000018,0.000003603
10.894354069,TRACKING,,0.000821619,1,0.000000000,0.000000018,0.050000004,0.000000000,0.000000000,0.050000000,-0.000000000,0.000000018,0.000000004,0.000000018,0.000003606
10.904351230,TRACKING,,0.000713575,1,0.000000000,0.000000018,0.050000005,0.000000000,0.000000000,0.050000000,-0.000000000,0.000000018,0.000000005,0.000000018,0.000003609
10.914418442,TRACKING,,0.000390625,1,0.000000000,0.000000018,0.050000005,0.000000000,0.000000000,0.050000000,-0.000000000,0.000000018,0.000000005,0.000000019,0.000003612
10.924466657,TRACKING,,0.000372816,1,0.000000000,0.000000018,0.050000005,0.000000000,0.000000000,0.050000000,-0.000000000,0.000000018,0.000000005,0.000000019,0.000003614
10.934548118,TRACKING,,0.000208967,1,-0.000000000,0.000000018,0.050000006,0.000000000,0.000000000,0.050000000,0.000000000,0.000000018,0.000000006,0.000000019,0.000003617
10.944716251,TRACKING,,0.000094985,1,-0.000000000,0.000000018,0.050000006,0.000000000,0.000000000,0.050000000,0.000000000,0.000000018,0.000000006,0.000000019,0.000003619
10.954724098,TRACKING,,0.000249336,1,-0.000000000,0.000000018,0.050000006,0.000000000,0.000000000,0.050000000,0.000000000,0.000000018,0.000000006,0.000000019,0.000003619
10.964848301,TRACKING,,0.000434556,1,0.000000000,0.000000018,0.050000005,0.000000000,0.000000000,0.050000000,-0.000000000,0.000000018,0.000000005,0.000000019,0.000003621
10.974982003,TRACKING,,0.000535477,1,0.000000000,0.000000018,0.049999999,0.000000000,0.000000000,0.050000000,-0.000000000,0.000000018,-0.000000001,0.000000018,0.000003623
10.985422031,TRACKING,,0.003731719,1,0.000000000,0.000000018,0.049999997,0.000000000,0.000000000,0.050000000,-0.000000000,0.000000018,-0.000000003,0.000000018,0.000003624
10.995479745,TRACKING,,0.001027024,1,0.000000000,0.000000018,0.049999998,0.000000000,0.000000000,0.050000000,-0.000000000,0.000000018,-0.000000002,0.000000018,0.000003626
11.005577828,TRACKING,,0.001093514,1,0.000000000,0.000000018,0.049999999,0.000000000,0.000000000,0.050000000,-0.000000000,0.000000018,-0.000000001,0.000000018,0.000003627
11.015669973,TRACKING,,0.001188499,1,0.000000000,0.000000018,0.050000000,0.000000000,0.000000000,0.050000000,-0.000000000,0.000000018,0.000000000,0.000000018,0.000003628
11.025939029,TRACKING,,0.000707637,1,0.000000000,0.000000018,0.050000001,0.000000000,0.000000000,0.050000000,-0.000000000,0.000000018,0.000000001,0.000000018,0.000003630
11.035953999,TRACKING,,0.000187595,1,0.000000000,0.000000018,0.050000002,0.000000000,0.000000000,0.050000000,-0.000000000,0.000000018,0.000000002,0.000000018,0.000003631
11.046122133,TRACKING,,0.000363317,1,-0.000000000,0.000000018,0.050000003,0.000000000,0.000000000,0.050000000,0.000000000,0.000000018,0.000000003,0.000000018,0.000003632
11.056279581,TRACKING,,0.000322949,1,-0.000000000,0.000000018,0.050000004,0.000000000,0.000000000,0.050000000,0.000000000,0.000000018,0.000000004,0.000000018,0.000003633
11.066033343,TRACKING,,0.000516481,1,-0.000000000,0.000000018,0.050000004,0.000000000,0.000000000,0.050000000,0.000000000,0.000000018,0.000000004,0.000000018,0.000003633
11.076214538,TRACKING,,0.003368402,1,-0.000000000,0.000000018,0.050000004,0.000000000,0.000000000,0.050000000,0.000000000,0.000000018,0.000000004,0.000000018,0.000003634
11.086317369,TRACKING,,0.002001806,1,-0.000000000,0.000000018,0.050000005,0.000000000,0.000000000,0.050000000,0.000000000,0.000000018,0.000000005,0.000000019,0.000003634
11.096345400,TRACKING,,0.002077795,1,0.000000000,0.000000018,0.050000003,0.000000000,0.000000000,0.050000000,-0.000000000,0.000000018,0.000000003,0.000000018,0.000003635
11.106431610,TRACKING,,0.001974498,1,0.000000000,0.000000018,0.050000001,0.000000000,0.000000000,0.050000000,-0.000000000,0.000000018,0.000000001,0.000000018,0.000003636
11.116389589,TRACKING,,0.002240456,1,0.000000000,0.000000018,0.050000002,0.000000000,0.000000000,0.050000000,-0.000000000,0.000000018,0.000000002,0.000000018,0.000003636
11.126448490,TRACKING,,0.002196525,1,0.000000000,0.000000018,0.050000002,0.000000000,0.000000000,0.050000000,-0.000000000,0.000000018,0.000000002,0.000000018,0.000003636
11.136396972,TRACKING,,0.002331879,1,0.000000000,0.000000018,0.050000002,0.000000000,0.000000000,0.050000000,-0.000000000,0.000000018,0.000000002,0.000000018,0.000003637
11.146470121,TRACKING,,0.000194719,1,-0.000000000,0.000000018,0.050000003,0.000000000,0.000000000,0.050000000,0.000000000,0.000000018,0.000000003,0.000000018,0.000003637
11.156742738,TRACKING,,0.000288517,1,-0.000000000,0.000000018,0.050000004,0.000000000,0.000000000,0.050000000,0.000000000,0.000000018,0.000000004,0.000000018,0.000003638
11.166647288,TRACKING,,0.000441680,1,-0.000000000,0.000000018,0.050000005,0.000000000,0.000000000,0.050000000,0.000000000,0.000000018,0.000000005,0.000000019,0.000003638
11.176858165,TRACKING,,0.000710012,1,-0.000000000,0.000000018,0.050000005,0.000000000,0.000000000,0.050000000,0.000000000,0.000000018,0.000000005,0.000000019,0.000003639
11.186899257,TRACKING,,0.001008027,1,-0.000000000,0.000000018,0.050000005,0.000000000,0.000000000,0.050000000,0.000000000,0.000000018,0.000000005,0.000000019,0.000003639
11.196904729,TRACKING,,0.001050771,1,0.000000000,0.000000018,0.049999999,0.000000000,0.000000000,0.050000000,-0.000000000,0.000000018,-0.000000001,0.000000018,0.000003639
11.207169035,TRACKING,,0.001111323,1,0.000000000,0.000000018,0.049999996,0.000000000,0.000000000,0.050000000,-0.000000000,0.000000018,-0.000000004,0.000000018,0.000003639
11.217075960,TRACKING,,0.001082827,1,0.000000000,0.000000018,0.049999997,0.000000000,0.000000000,0.050000000,-0.000000000,0.000000018,-0.000000003,0.000000018,0.000003640
11.227159795,TRACKING,,0.001036523,1,0.000000000,0.000000018,0.049999998,0.000000000,0.000000000,0.050000000,-0.000000000,0.000000018,-0.000000002,0.000000018,0.000003640
11.237227007,TRACKING,,0.001105387,1,0.000000000,0.000000018,0.049999999,0.000000000,0.000000000,0.050000000,-0.000000000,0.000000018,-0.000000001,0.000000018,0.000003640
11.247250289,TRACKING,,0.001144568,1,0.000000000,0.000000018,0.050000000,0.000000000,0.000000000,0.050000000,-0.000000000,0.000000018,0.000000000,0.000000018,0.000003640
11.257373305,TRACKING,,0.001240741,1,0.000000000,0.000000018,0.050000001,0.000000000,0.000000000,0.050000000,-0.000000000,0.000000018,0.000000001,0.000000018,0.000003640
11.267447641,TRACKING,,0.000947475,1,-0.000000000,0.000000018,0.050000002,0.000000000,0.000000000,0.050000000,0.000000000,0.000000018,0.000000002,0.000000018,0.000003641
11.277524352,TRACKING,,0.000784812,1,-0.000000000,0.000000018,0.050000003,0.000000000,0.000000000,0.050000000,0.000000000,0.000000018,0.000000003,0.000000018,0.000003641
11.287605812,TRACKING,,0.000457115,1,-0.000000000,0.000000018,0.050000003,0.000000000,0.000000000,0.050000000,0.000000000,0.000000018,0.000000003,0.000000018,0.000003641
11.297674212,TRACKING,,0.000237462,1,-0.000000000,0.000000018,0.050000004,0.000000000,0.000000000,0.050000000,0.000000000,0.000000018,0.000000004,0.000000018,0.000003641
11.308521488,TRACKING,,0.002594275,1,0.000000000,0.000000018,0.050000002,0.000000000,0.000000000,0.050000000,-0.000000000,0.000000018,0.000000002,0.000000018,0.000003641
11.318119712,TRACKING,,0.000694578,1,0.000000000,0.000000018,0.050000000,0.000000000,0.000000000,0.050000000,-0.000000000,0.000000018,-0.000000000,0.000000018,0.000003641
11.327988644,TRACKING,,0.000921354,1,0.000000000,0.000000018,0.050000001,0.000000000,0.000000000,0.050000000,-0.000000000,0.000000018,0.000000001,0.000000018,0.000003641
11.338052294,TRACKING,,0.000473737,1,0.000000000,0.000000018,0.050000002,0.000000000,0.000000000,0.050000000,-0.000000000,0.000000018,0.000000002,0.000000018,0.000003641
11.348771340,TRACKING,,0.001019901,1,-0.000000000,0.000000018,0.050000002,0.000000000,0.000000000,0.050000000,0.000000000,0.000000018,0.000000002,0.000000018,0.000003641
11.358437241,TRACKING,,0.000850115,1,-0.000000000,0.000000018,0.050000003,0.000000000,0.000000000,0.050000000,0.000000000,0.000000018,0.000000003,0.000000018,0.000003642
11.368332294,TRACKING,,0.001177813,1,-0.000000000,0.000000018,0.050000003,0.000000000,0.000000000,0.050000000,0.000000000,0.000000018,0.000000003,0.000000018,0.000003642
11.379153449,TRACKING,,0.001620680,1,-0.000000000,0.000000018,0.050000002,0.000000000,0.000000000,0.050000000,0.000000000,0.000000018,0.000000002,0.000000018,0.000003642
11.388631755,TRACKING,,0.003250858,1,0.000000000,0.000000018,0.049999997,0.000000000,0.000000000,0.050000000,-0.000000000,0.000000018,-0.000000003,0.000000018,0.000003642
11.398570737,TRACKING,,0.002260641,1,0.000000000,0.000000018,0.049999994,0.000000000,0.000000000,0.050000000,-0.000000000,0.000000018,-0.000000006,0.000000019,0.000003642
11.408557212,TRACKING,,0.001918695,1,0.000000000,0.000000018,0.049999996,0.000000000,0.000000000,0.050000000,-0.000000000,0.000000018,-0.000000004,0.000000019,0.000003642
11.419406863,TRACKING,,0.000024933,1,0.000000000,0.000000018,0.049999997,0.000000000,0.000000000,0.050000000,-0.000000000,0.000000018,-0.000000003,0.000000018,0.000003642
11.429515631,TRACKING,,0.000255272,1,0.000000000,0.000000018,0.049999998,0.000000000,0.000000000,0.050000000,-0.000000000,0.000000018,-0.000000002,0.000000018,0.000003642
11.439442741,TRACKING,,0.000111608,1,0.000000000,0.000000018,0.049999999,0.000000000,0.000000000,0.050000000,-0.000000000,0.000000018,-0.000000001,0.000000018,0.000003642
11.449685675,TRACKING,,0.002405493,1,-0.000000000,0.000000018,0.050000000,0.000000000,0.000000000,0.050000000,0.000000000,0.000000018,0.000000000,0.000000018,0.000003642
11.459602099,TRACKING,,0.002397182,1,-0.000000000,0.000000018,0.050000001,0.000000000,0.000000000,0.050000000,0.000000000,0.000000018,0.000000001,0.000000018,0.000003642
11.470393571,TRACKING,,0.000718323,1,-0.000000000,0.000000018,0.050000002,0.000000000,0.000000000,0.050000000,0.000000000,0.000000018,0.000000002,0.000000018,0.000003642
11.480375297,TRACKING,,0.000884546,1,-0.000000000,0.000000018,0.050000003,0.000000000,0.000000000,0.050000000,0.000000000,0.000000018,0.000000003,0.000000018,0.000003642
11.490510186,TRACKING,,0.001298919,1,-0.000000000,0.000000018,0.050000003,0.000000000,0.000000000,0.050000000,0.000000000,0.000000018,0.000000003,0.000000018,0.000003642
11.500603519,TRACKING,,0.001475828,1,-0.000000000,0.000000018,0.050000002,0.000000000,0.000000000,0.050000000,0.000000000,0.000000018,0.000000002,0.000000018,0.000003642
11.510626801,TRACKING,,0.001482952,1,0.000000000,0.000000018,0.049999996,0.000000000,0.000000000,0.050000000,-0.000000000,0.000000018,-0.000000004,0.000000018,0.000003642
11.520859050,TRACKING,,0.001523321,1,0.000000000,0.000000018,0.049999995,0.000000000,0.000000000,0.050000000,-0.000000000,0.000000018,-0.000000005,0.000000019,0.000003642
11.530803969,TRACKING,,0.001351160,1,0.000000000,0.000000018,0.049999996,0.000000000,0.000000000,0.050000000,-0.000000000,0.000000018,-0.000000004,0.000000018,0.000003642
11.541075399,TRACKING,,0.001190873,1,0.000000000,0.000000018,0.049999997,0.000000000,0.000000000,0.050000000,-0.000000000,0.000000018,-0.000000003,0.000000018,0.000003642
11.551174668,TRACKING,,0.001048396,1,0.000000000,0.000000018,0.049999999,0.000000000,0.000000000,0.050000000,-0.000000000,0.000000018,-0.000000001,0.000000018,0.000003642
11.561095841,TRACKING,,0.000749194,1,-0.000000000,0.000000018,0.050000000,0.000000000,0.000000000,0.050000000,0.000000000,0.000000018,-0.000000000,0.000000018,0.000003642
11.571458694,TRACKING,,0.000404873,1,-0.000000000,0.000000018,0.050000001,0.000000000,0.000000000,0.050000000,0.000000000,0.000000018,0.000000001,0.000000018,0.000003642
11.581515221,TRACKING,,0.000078363,1,-0.000000000,0.000000018,0.050000001,0.000000000,0.000000000,0.050000000,0.000000000,0.000000018,0.000000001,0.000000018,0.000003642
11.591514756,TRACKING,,0.002203649,1,0.000000000,0.000000018,0.049999999,0.000000000,0.000000000,0.050000000,-0.000000000,0.000000018,-0.000000001,0.000000018,0.000003642
11.601600966,TRACKING,,0.001713290,1,0.000000000,0.000000018,0.049999998,0.000000000,0.000000000,0.050000000,-0.000000000,0.000000018,-0.000000002,0.000000018,0.000003642
11.611681238,TRACKING,,0.001618305,1,0.000000000,0.000000018,0.049999999,0.000000000,0.000000000,0.050000000,-0.000000000,0.000000018,-0.000000001,0.000000018,0.000003642
11.621747263,TRACKING,,0.001452082,1,-0.000000000,0.000000018,0.050000000,0.000000000,0.000000000,0.050000000,0.000000000,0.000000018,-0.000000000,0.000000018,0.000003642
11.631829911,TRACKING,,0.000972408,1,-0.000000000,0.000000018,0.050000001,0.000000000,0.000000000,0.050000000,0.000000000,0.000000018,0.000000001,0.000000018,0.000003642
11.642017041,TRACKING,,0.000922541,1,-0.000000000,0.000000018,0.050000001,0.000000000,0.000000000,0.050000000,0.000000000,0.000000018,0.000000001,0.000000018,0.000003642
11.652121060,TRACKING,,0.000605528,1,0.000000000,0.000000018,0.049999998,0.000000000,0.000000000,0.050000000,-0.000000000,0.000000018,-0.000000002,0.000000018,0.000003642
11.662212019,TRACKING,,0.000401311,1,0.000000000,0.000000018,0.049999998,0.000000000,0.000000000,0.050000000,-0.000000000,0.000000018,-0.000000002,0.000000018,0.000003642
11.672295854,TRACKING,,0.000097359,1,0.000000000,0.000000018,0.049999999,0.000000000,0.000000000,0.050000000,-0.000000000,0.000000018,-0.000000001,0.000000018,0.000003642
11.682423619,TRACKING,,0.002279637,1,-0.000000000,0.000000018,0.050000000,0.000000000,0.000000000,0.050000000,0.000000000,0.000000018,-0.000000000,0.000000018,0.000003642
11.692463523,TRACKING,,0.001904448,1,-0.000000000,0.000000018,0.050000001,0.000000000,0.000000000,0.050000000,0.000000000,0.000000018,0.000000001,0.000000018,0.000003642
11.702499865,TRACKING,,0.001913946,1,-0.000000000,0.000000018,0.050000002,0.000000000,0.000000000,0.050000000,0.000000000,0.000000018,0.000000002,0.000000018,0.000003642
11.712933957,TRACKING,,0.002358000,1,-0.000000000,0.000000018,0.050000002,0.000000000,0.000000000,0.050000000,0.000000000,0.000000018,0.000000002,0.000000018,0.000003642
11.723409604,TRACKING,,0.000922540,1,0.000000000,0.000000018,0.049999997,0.000000000,0.000000000,0.050000000,-0.000000000,0.000000018,-0.000000003,0.000000018,0.000003642
11.733497001,TRACKING,,0.000866738,1,0.000000000,0.000000018,0.049999992,0.000000000,0.000000000,0.050000000,-0.000000000,0.000000018,-0.000000008,0.000000020,0.000003642
11.743487038,TRACKING,,0.000914230,1,0.000000000,0.000000018,0.049999994,0.000000000,0.000000000,0.050000000,-0.000000000,0.000000018,-0.000000006,0.000000019,0.000003642
11.753732347,TRACKING,,0.000933227,1,0.000000000,0.000000018,0.049999995,0.000000000,0.000000000,0.050000000,-0.000000000,0.000000018,-0.000000005,0.000000019,0.000003642
11.763826867,TRACKING,,0.000651834,1,0.000000000,0.000000018,0.049999996,0.000000000,0.000000000,0.050000000,-0.000000000,0.000000018,-0.000000004,0.000000018,0.000003642
11.773941572,TRACKING,,0.000204217,1,0.000000000,0.000000018,0.049999998,0.000000000,0.000000000,0.050000000,-0.000000000,0.000000018,-0.000000002,0.000000018,0.000003642
11.784058651,TRACKING,,0.000036806,1,-0.000000000,0.000000018,0.049999999,0.000000000,0.000000000,0.050000000,0.000000000,0.000000018,-0.000000001,0.000000018,0.000003642
11.794148423,TRACKING,,0.002481480,1,-0.000000000,0.000000018,0.050000000,0.000000000,0.000000000,0.050000000,0.000000000,0.000000018,-0.000000000,0.000000018,0.000003642
11.804196638,TRACKING,,0.002014868,1,-0.000000000,0.000000018,0.049999999,0.000000000,0.000000000,0.050000000,0.000000000,0.000000018,-0.000000001,0.000000018,0.000003642
11.814249603,TRACKING,,0.001662236,1,0.000000000,0.000000018,0.049999995,0.000000000,0.000000000,0.050000000,-0.000000000,0.000000018,-0.000000005,0.000000019,0.000003642
11.824657573,TRACKING,,0.001176625,1,0.000000000,0.000000018,0.049999992,0.000000000,0.000000000,0.050000000,-0.000000000,0.000000018,-0.000000008,0.000000020,0.000003642
11.834321100,TRACKING,,0.000828743,1,0.000000000,0.000000018,0.049999993,0.000000000,0.000000000,0.050000000,-0.000000000,0.000000018,-0.000000007,0.000000019,0.000003642
11.844389499,TRACKING,,0.000829931,1,0.000000000,0.000000018,0.049999995,0.000000000,0.000000000,0.050000000,-0.000000000,0.000000018,-0.000000005,0.000000019,0.000003642
11.854487582,TRACKING,,0.000585345,1,0.000000000,0.000000018,0.049999996,0.000000000,0.000000000,0.050000000,-0.000000000,0.000000018,-0.000000004,0.000000018,0.000003642
11.864574978,TRACKING,,0.000261209,1,-0.000000000,0.000000018,0.049999998,0.000000000,0.000000000,0.050000000,0.000000000,0.000000018,-0.000000002,0.000000018,0.000003642
11.874708680,TRACKING,,0.000022559,1,-0.000000000,0.000000018,0.049999999,0.000000000,0.000000000,0.050000000,0.000000000,0.000000018,-0.000000001,0.000000018,0.000003642
11.885009793,TRACKING,,0.000027308,1,-0.000000000,0.000000018,0.050000000,0.000000000,0.000000000,0.050000000,0.000000000,0.000000018,-0.000000000,0.000000018,0.000003642
11.895106688,TRACKING,,0.000016622,1,-0.000000000,0.000000018,0.050000001,0.000000000,0.000000000,0.050000000,0.000000000,0.000000018,0.000000001,0.000000018,0.000003642
11.905004115,TRACKING,,0.000356193,1,-0.000000000,0.000000018,0.049999999,0.000000000,0.000000000,0.050000000,0.000000000,0.000000018,-0.000000001,0.000000018,0.000003642
11.915256548,TRACKING,,0.002361562,1,0.000000000,0.000000018,0.049999994,0.000000000,0.000000000,0.050000000,-0.000000000,0.000000018,-0.000000006,0.000000019,0.000003642
11.925278642,TRACKING,,0.002426865,1,0.000000000,0.000000018,0.049999993,0.000000000,0.000000000,0.050000000,-0.000000000,0.000000018,-0.000000007,0.000000019,0.000003642
11.935351791,TRACKING,,0.002457735,1,0.000000000,0.000000018,0.049999995,0.000000000,0.000000000,0.050000000,-0.000000000,0.000000018,-0.000000005,0.000000019,0.000003642
11.945504490,TRACKING,,0.000023746,1,0.000000000,0.000000018,0.049999996,0.000000000,0.000000000,0.050000000,-0.000000000,0.000000018,-0.000000004,0.000000018,0.000003642
11.955469593,TRACKING,,0.000146039,1,-0.000000000,0.000000018,0.049999998,0.000000000,0.000000000,0.050000000,0.000000000,0.000000018,-0.000000002,0.000000018,0.000003642
11.965472691,TRACKING,,0.000222027,1,-0.000000000,0.000000018,0.049999999,0.000000000,0.000000000,0.050000000,0.000000000,0.000000018,-0.000000001,0.000000018,0.000003642
11.975564837,TRACKING,,0.000143664,1,-0.000000000,0.000000018,0.050000000,0.000000000,0.000000000,0.050000000,0.000000000,0.000000018,-0.000000000,0.000000018,0.000003642
11.985742469,TRACKING,,0.002339003,1,-0.000000000,0.000000018,0.050000000,0.000000000,0.000000000,0.050000000,0.000000000,0.000000018,-0.000000000,0.000000018,0.000003642
11.996227615,TRACKING,,0.002076608,1,-0.000000000,0.000000018,0.050000001,0.000000000,0.000000000,0.050000000,0.000000000,0.000000018,0.000000001,0.000000018,0.000003642
12.005899452,TRACKING,,0.001494825,1,0.000000000,0.000000018,0.049999996,0.000000000,0.000000000,0.050000000,-0.000000000,0.000000018,-0.000000004,0.000000019,0.000003642
12.015837248,TRACKING,,0.001634927,1,0.000000000,0.000000018,0.049999991,0.000000000,0.000000000,0.050000000,-0.000000000,0.000000018,-0.000000009,0.000000020,0.000003642
12.025873590,TRACKING,,0.001620680,1,0.000000000,0.000000018,0.049999993,0.000000000,0.000000000,0.050000000,-0.000000000,0.000000018,-0.000000007,0.000000019,0.000003642
12.036150956,TRACKING,,0.001593372,1,0.000000000,0.000000018,0.049999995,0.000000000,0.000000000,0.050000000,-0.000000000,0.000000018,-0.000000005,0.000000019,0.000003642
12.046074504,TRACKING,,0.001338100,1,-0.000000000,0.000000018,0.049999997,0.000000000,0.000000000,0.050000000,0.000000000,0.000000018,-0.000000003,0.000000018,0.000003642
12.056142904,TRACKING,,0.001824897,1,-0.000000000,0.000000018,0.049999998,0.000000000,0.000000000,0.050000000,0.000000000,0.000000018,-0.000000002,0.000000018,0.000003642
12.066149563,TRACKING,,0.002151408,1,-0.000000000,0.000000018,0.049999998,0.000000000,0.000000000,0.050000000,0.000000000,0.000000018,-0.000000002,0.000000018,0.000003642
12.076310573,TRACKING,,0.002444674,1,-0.000000000,0.000000018,0.049999999,0.000000000,0.000000000,0.050000000,0.000000000,0.000000018,-0.000000001,0.000000018,0.000003642
12.086399157,TRACKING,,0.000108045,1,-0.000000000,0.000000018,0.050000000,0.000000000,0.000000000,0.050000000,0.000000000,0.000000018,0.000000000,0.000000018,0.000003642
12.096456871,TRACKING,,0.000103296,1,-0.000000000,0.000000018,0.049999999,0.000000000,0.000000000,0.050000000,0.000000000,0.000000018,-0.000000001,0.000000018,0.000003642
12.106655875,TRACKING,,0.002350876,1,0.000000000,0.000000018,0.049999994,0.000000000,0.000000000,0.050000000,-0.000000000,0.000000018,-0.000000006,0.000000019,0.000003642
12.116563987,TRACKING,,0.002102728,1,0.000000000,0.000000018,0.049999993,0.000000000,0.000000000,0.050000000,-0.000000000,0.000000018,-0.000000007,0.000000019,0.000003642
12.126628825,TRACKING,,0.001701417,1,0.000000000,0.000000018,0.049999994,0.000000000,0.000000000,0.050000000,-0.000000000,0.000000018,-0.000000006,0.000000019,0.000003642
12.136726907,TRACKING,,0.001725163,1,0.000000000,0.000000018,0.049999996,0.000000000,0.000000000,0.050000000,-0.000000000,0.000000018,-0.000000004,0.000000019,0.000003642
12.146992401,TRACKING,,0.001650363,1,-0.000000000,0.000000018,0.049999997,0.000000000,0.000000000,0.050000000,0.000000000,0.000000018,-0.000000003,0.000000018,0.000003642
12.157121353,TRACKING,,0.001668172,1,-0.000000000,0.000000018,0.049999998,0.000000000,0.000000000,0.050000000,0.000000000,0.000000018,-0.000000002,0.000000018,0.000003642
12.167169569,TRACKING,,0.001714478,1,-0.000000000,0.000000018,0.049999999,0.000000000,0.000000000,0.050000000,0.000000000,0.000000018,-0.000000001,0.000000018,0.000003642
12.177267651,TRACKING,,0.001581499,1,-0.000000000,0.000000018,0.050000000,0.000000000,0.000000000,0.050000000,0.000000000,0.000000018,0.000000000,0.000000018,0.000003642
12.187375232,TRACKING,,0.001179000,1,-0.000000000,0.000000018,0.049999998,0.000000000,0.000000000,0.050000000,0.000000000,0.000000018,-0.000000002,0.000000018,0.000003642
12.197269097,TRACKING,,0.000539040,1,0.000000000,0.000000018,0.049999994,0.000000000,0.000000000,0.050000000,-0.000000000,0.000000018,-0.000000006,0.000000019,0.000003642
12.207470475,TRACKING,,0.000027308,1,0.000000000,0.000000018,0.049999994,0.000000000,0.000000000,0.050000000,-0.000000000,0.000000018,-0.000000006,0.000000019,0.000003642
12.217579243,TRACKING,,0.002460109,1,0.000000000,0.000000018,0.049999995,0.000000000,0.000000000,0.050000000,-0.000000000,0.000000018,-0.000000005,0.000000019,0.000003642
12.227646456,TRACKING,,0.002173967,1,0.000000000,0.000000018,0.049999997,0.000000000,0.000000000,0.050000000,-0.000000000,0.000000018,-0.000000003,0.000000018,0.000003642
12.237649553,TRACKING,,0.002026740,1,-0.000000000,0.000000018,0.049999998,0.000000000,0.000000000,0.050000000,0.000000000,0.000000018,-0.000000002,0.000000018,0.000003642
12.247741699,TRACKING,,0.001613556,1,-0.000000000,0.000000018,0.049999999,0.000000000,0.000000000,0.050000000,0.000000000,0.000000018,-0.000000001,0.000000018,0.000003642
12.257804162,TRACKING,,0.001239553,1,-0.000000000,0.000000018,0.050000000,0.000000000,0.000000000,0.050000000,0.000000000,0.000000018,-0.000000000,0.000000018,0.000003642
12.268067281,TRACKING,,0.001017526,1,0.000000000,0.000000018,0.049999995,0.000000000,0.000000000,0.050000000,-0.000000000,0.000000018,-0.000000005,0.000000019,0.000003642
12.278060880,TRACKING,,0.000451178,1,0.000000000,0.000000018,0.049999997,0.000000000,0.000000000,0.050000000,-0.000000000,0.000000018,-0.000000003,0.000000018,0.000003642
12.288226639,TRACKING,,0.000030870,1,0.000000000,0.000000018,0.049999997,0.000000000,0.000000000,0.050000000,-0.000000000,0.000000018,-0.000000003,0.000000018,0.000003642
12.298444640,TRACKING,,0.002162094,1,-0.000000000,0.000000018,0.049999998,0.000000000,0.000000000,0.050000000,0.000000000,0.000000018,-0.000000002,0.000000018,0.000003642
12.308243520,TRACKING,,0.001637303,1,-0.000000000,0.000000018,0.049999999,0.000000000,0.000000000,0.050000000,0.000000000,0.000000018,-0.000000001,0.000000018,0.000003642
12.318338040,TRACKING,,0.000960534,1,-0.000000000,0.000000018,0.050000000,0.000000000,0.000000000,0.050000000,0.000000000,0.000000018,0.000000000,0.000000018,0.000003642
12.328500238,TRACKING,,0.000491547,1,-0.000000000,0.000000018,0.050000001,0.000000000,0.000000000,0.050000000,0.000000000,0.000000018,0.000000001,0.000000018,0.000003642
12.338447531,TRACKING,,0.002733191,1,-0.000000000,0.000000018,0.050000000,0.000000000,0.000000000,0.050000000,0.000000000,0.000000018,0.000000000,0.000000018,0.000003642
12.348509994,TRACKING,,0.002065921,1,0.000000000,0.000000018,0.049999995,0.000000000,0.000000000,0.050000000,-0.000000000,0.000000018,-0.000000005,0.000000019,0.000003642
12.358624699,TRACKING,,0.001601682,1,0.000000000,0.000000018,0.049999992,0.000000000,0.000000000,0.050000000,-0.000000000,0.000000018,-0.000000008,0.000000020,0.000003642
12.368561307,TRACKING,,0.001809462,1,0.000000000,0.000000018,0.049999994,0.000000000,0.000000000,0.050000000,-0.000000000,0.000000018,-0.000000006,0.000000019,0.000003642
12.378722317,TRACKING,,0.002082544,1,0.000000000,0.000000018,0.049999996,0.000000000,0.000000000,0.050000000,-0.000000000,0.000000018,-0.000000004,0.000000019,0.000003642
12.389474608,TRACKING,,0.000463052,1,-0.000000000,0.000000018,0.049999997,0.000000000,0.000000000,0.050000000,0.000000000,0.000000018,-0.000000003,0.000000018,0.000003642
12.399539446,TRACKING,,0.000568722,1,-0.000000000,0.000000018,0.049999999,0.000000000,0.000000000,0.050000000,0.000000000,0.000000018,-0.000000001,0.000000018,0.000003642
12.409504549,TRACKING,,0.000705263,1,-0.000000000,0.000000018,0.049999999,0.000000000,0.000000000,0.050000000,0.000000000,0.000000018,-0.000000001,0.000000018,0.000003642
12.419747484,TRACKING,,0.000918979,1,-0.000000000,0.000000018,0.050000000,0.000000000,0.000000000,0.050000000,0.000000000,0.000000018,-0.000000000,0.000000018,0.000003642
12.429662720,TRACKING,,0.001038898,1,-0.000000000,0.000000018,0.049999998,0.000000000,0.000000000,0.050000000,0.000000000,0.000000018,-0.000000002,0.000000018,0.000003642
12.439916340,TRACKING,,0.001138631,1,0.000000000,0.000000018,0.049999997,0.000000000,0.000000000,0.050000000,-0.000000000,0.000000018,-0.000000003,0.000000018,0.000003642
12.450026296,TRACKING,,0.001017526,1,-0.000000000,0.000000018,0.049999998,0.000000000,0.000000000,0.050000000,0.000000000,0.000000018,-0.000000002,0.000000018,0.000003642
12.460245484,TRACKING,,0.001025837,1,-0.000000000,0.000000018,0.049999999,0.000000000,0.000000000,0.050000000,0.000000000,0.000000018,-0.000000001,0.000000018,0.000003642
12.470047926,TRACKING,,0.000503420,1,0.000000000,0.000000018,0.049999996,0.000000000,0.000000000,0.050000000,-0.000000000,0.000000018,-0.000000004,0.000000019,0.000003642
12.480204186,TRACKING,,0.000258834,1,0.000000000,0.000000018,0.049999996,0.000000000,0.000000000,0.050000000,-0.000000000,0.000000018,-0.000000004,0.000000019,0.000003642
12.490324828,TRACKING,,0.000132979,1,0.000000000,0.000000018,0.049999997,0.000000000,0.000000000,0.050000000,-0.000000000,0.000000018,-0.000000003,0.000000018,0.000003642
12.500223442,TRACKING,,0.002112227,1,-0.000000000,0.000000018,0.049999998,0.000000000,0.000000000,0.050000000,0.000000000,0.000000018,-0.000000002,0.000000018,0.000003642
12.513475023,TRACKING,,0.005126810,1,-0.000000000,0.000000018,0.049999999,0.000000000,0.000000000,0.050000000,0.000000000,0.000000018,-0.000000001,0.000000018,0.000003642
12.523450812,TRACKING,,0.002130036,1,0.000000000,0.000000018,0.049999998,0.000000000,0.000000000,0.050000000,-0.000000000,0.000000018,-0.000000002,0.000000018,0.000003642
12.533476469,TRACKING,,0.002315257,1,0.000000000,0.000000018,0.049999996,0.000000000,0.000000000,0.050000000,-0.000000000,0.000000018,-0.000000004,0.000000018,0.000003642
12.543698031,TRACKING,,0.002337816,1,0.000000000,0.000000018,0.049999998,0.000000000,0.000000000,0.050000000,-0.000000000,0.000000018,-0.000000002,0.000000018,0.000003642
12.553742685,TRACKING,,0.002347314,1,-0.000000000,0.000000018,0.049999999,0.000000000,0.000000000,0.050000000,0.000000000,0.000000018,-0.000000001,0.000000018,0.000003642
12.563761217,TRACKING,,0.002468420,1,-0.000000000,0.000000018,0.049999999,0.000000000,0.000000000,0.050000000,0.000000000,0.000000018,-0.000000001,0.000000018,0.000003642
12.573849801,TRACKING,,0.002556281,1,-0.000000000,0.000000018,0.050000000,0.000000000,0.000000000,0.050000000,0.000000000,0.000000018,-0.000000000,0.000000018,0.000003642
12.584049992,TRACKING,,0.002437550,1,0.000000000,0.000000018,0.049999994,0.000000000,0.000000000,0.050000000,-0.000000000,0.000000018,-0.000000006,0.000000019,0.000003642
12.594100582,TRACKING,,0.002208399,1,0.000000000,0.000000018,0.049999991,0.000000000,0.000000000,0.050000000,-0.000000000,0.000000018,-0.000000009,0.000000020,0.000003642
12.604009882,TRACKING,,0.002061172,1,0.000000000,0.000000018,0.049999993,0.000000000,0.000000000,0.050000000,-0.000000000,0.000000018,-0.000000007,0.000000019,0.000003642
12.614244505,TRACKING,,0.001951940,1,0.000000000,0.000000018,0.049999995,0.000000000,0.000000000,0.050000000,-0.000000000,0.000000018,-0.000000005,0.000000019,0.000003642
12.624162117,TRACKING,,0.001377281,1,0.000000000,0.000000018,0.049999996,0.000000000,0.000000000,0.050000000,-0.000000000,0.000000018,-0.000000004,0.000000018,0.000003642
12.634402676,TRACKING,,0.001082828,1,-0.000000000,0.000000018,0.049999997,0.000000000,0.000000000,0.050000000,0.000000000,0.000000018,-0.000000003,0.000000018,0.000003642
12.644292979,TRACKING,,0.000828743,1,-0.000000000,0.000000018,0.049999999,0.000000000,0.000000000,0.050000000,0.000000000,0.000000018,-0.000000001,0.000000018,0.000003642
12.654373252,TRACKING,,0.000464239,1,0.000000000,0.000000018,0.049999997,0.000000000,0.000000000,0.050000000,-0.000000000,0.000000018,-0.000000003,0.000000018,0.000003642
12.664618561,TRACKING,,0.000051055,1,0.000000000,0.000000018,0.049999995,0.000000000,0.000000000,0.050000000,-0.000000000,0.000000018,-0.000000005,0.000000019,0.000003642
12.674752263,TRACKING,,0.002527786,1,0.000000000,0.000000018,0.049999997,0.000000000,0.000000000,0.050000000,-0.000000000,0.000000018,-0.000000003,0.000000018,0.000003642
12.684741112,TRACKING,,0.002144284,1,-0.000000000,0.000000018,0.049999998,0.000000000,0.000000000,0.050000000,0.000000000,0.000000018,-0.000000002,0.000000018,0.000003642
12.694690781,TRACKING,,0.001943628,1,-0.000000000,0.000000018,0.049999999,0.000000000,0.000000000,0.050000000,0.000000000,0.000000018,-0.000000001,0.000000018,0.000003642
12.704735434,TRACKING,,0.002005369,1,0.000000000,0.000000018,0.049999996,0.000000000,0.000000000,0.050000000,-0.000000000,0.000000018,-0.000000004,0.000000018,0.000003642
12.714876260,TRACKING,,0.002008931,1,0.000000000,0.000000018,0.049999996,0.000000000,0.000000000,0.050000000,-0.000000000,0.000000018,-0.000000004,0.000000018,0.000003642
12.725044394,TRACKING,,0.002145472,1,0.000000000,0.000000018,0.049999996,0.000000000,0.000000000,0.050000000,-0.000000000,0.000000018,-0.000000004,0.000000018,0.000003642
12.735028494,TRACKING,,0.001688357,1,-0.000000000,0.000000018,0.049999998,0.000000000,0.000000000,0.050000000,0.000000000,0.000000018,-0.000000002,0.000000018,0.000003642
12.744999534,TRACKING,,0.001719227,1,-0.000000000,0.000000018,0.049999999,0.000000000,0.000000000,0.050000000,0.000000000,0.000000018,-0.000000001,0.000000018,0.000003642
12.755215160,TRACKING,,0.001548253,1,0.000000000,0.000000018,0.049999997,0.000000000,0.000000000,0.050000000,-0.000000000,0.000000018,-0.000000003,0.000000018,0.000003642
12.765380919,TRACKING,,0.001347599,1,0.000000000,0.000000018,0.049999995,0.000000000,0.000000000,0.050000000,-0.000000000,0.000000018,-0.000000005,0.000000019,0.000003642
12.775437446,TRACKING,,0.001392716,1,0.000000000,0.000000018,0.049999997,0.000000000,0.000000000,0.050000000,-0.000000000,0.000000018,-0.000000003,0.000000018,0.000003642
12.785270758,TRACKING,,0.001110136,1,-0.000000000,0.000000018,0.049999998,0.000000000,0.000000000,0.050000000,0.000000000,0.000000018,-0.000000002,0.000000018,0.000003642
12.795355780,TRACKING,,0.000942725,1,-0.000000000,0.000000018,0.049999999,0.000000000,0.000000000,0.050000000,0.000000000,0.000000018,-0.000000001,0.000000018,0.000003642
12.805440802,TRACKING,,0.000814495,1,0.000000000,0.000000018,0.049999997,0.000000000,0.000000000,0.050000000,-0.000000000,0.000000018,-0.000000003,0.000000018,0.000003642
12.815516325,TRACKING,,0.000517668,1,0.000000000,0.000000018,0.049999996,0.000000000,0.000000000,0.050000000,-0.000000000,0.000000018,-0.000000004,0.000000019,0.000003642
12.825585912,TRACKING,,0.000246960,1,0.000000000,0.000000018,0.049999997,0.000000000,0.000000000,0.050000000,-0.000000000,0.000000018,-0.000000003,0.000000018,0.000003642
12.835879901,TRACKING,,0.000026120,1,-0.000000000,0.000000018,0.049999998,0.000000000,0.000000000,0.050000000,0.000000000,0.000000018,-0.000000002,0.000000018,0.000003642
12.845811760,TRACKING,,0.000078363,1,-0.000000000,0.000000018,0.049999999,0.000000000,0.000000000,0.050000000,0.000000000,0.000000018,-0.000000001,0.000000018,0.000003642
12.856048758,TRACKING,,0.000136540,1,0.000000000,0.000000018,0.049999997,0.000000000,0.000000000,0.050000000,-0.000000000,0.000000018,-0.000000003,0.000000018,0.000003642
12.865939061,TRACKING,,0.000360943,1,0.000000000,0.000000018,0.049999996,0.000000000,0.000000000,0.050000000,-0.000000000,0.000000018,-0.000000004,0.000000019,0.000003642
12.876001524,TRACKING,,0.000434556,1,0.000000000,0.000000018,0.049999997,0.000000000,0.000000000,0.050000000,-0.000000000,0.000000018,-0.000000003,0.000000018,0.000003642
12.886061612,TRACKING,,0.000566347,1,-0.000000000,0.000000018,0.049999999,0.000000000,0.000000000,0.050000000,0.000000000,0.000000018,-0.000000001,0.000000018,0.000003642
12.896127637,TRACKING,,0.000719511,1,-0.000000000,0.000000018,0.049999999,0.000000000,0.000000000,0.050000000,0.000000000,0.000000018,-0.000000001,0.000000018,0.000003642
12.906196037,TRACKING,,0.000940351,1,-0.000000000,0.000000018,0.050000000,0.000000000,0.000000000,0.050000000,0.000000000,0.000000018,-0.000000000,0.000000018,0.000003642
12.916251376,TRACKING,,0.001082827,1,-0.000000000,0.000000018,0.049999998,0.000000000,0.000000000,0.050000000,0.000000000,0.000000018,-0.000000002,0.000000018,0.000003642
12.926334023,TRACKING,,0.001157628,1,0.000000000,0.000000018,0.049999993,0.000000000,0.000000000,0.050000000,-0.000000000,0.000000018,-0.000000007,0.000000019,0.000003642
12.936527090,TRACKING,,0.001207496,1,0.000000000,0.000000018,0.049999993,0.000000000,0.000000000,0.050000000,-0.000000000,0.000000018,-0.000000007,0.000000019,0.000003642
12.946695224,TRACKING,,0.001446145,1,0.000000000,0.000000018,0.049999995,0.000000000,0.000000000,0.050000000,-0.000000000,0.000000018,-0.000000005,0.000000019,0.000003642
12.956608086,TRACKING,,0.000953411,1,0.000000000,0.000000018,0.049999996,0.000000000,0.000000000,0.050000000,-0.000000000,0.000000018,-0.000000004,0.000000018,0.000003642
12.966683609,TRACKING,,0.000613840,1,-0.000000000,0.000000018,0.049999998,0.000000000,0.000000000,0.050000000,0.000000000,0.000000018,-0.000000002,0.000000018,0.000003642
12.976993033,TRACKING,,0.000401311,1,-0.000000000,0.000000018,0.049999999,0.000000000,0.000000000,0.050000000,0.000000000,0.000000018,-0.000000001,0.000000018,0.000003642
12.987060246,TRACKING,,0.000511731,1,-0.000000000,0.000000018,0.049999999,0.000000000,0.000000000,0.050000000,0.000000000,0.000000018,-0.000000001,0.000000018,0.000003642
12.996986168,TRACKING,,0.000655395,1,-0.000000000,0.000000018,0.049999998,0.000000000,0.000000000,0.050000000,0.000000000,0.000000018,-0.000000002,0.000000018,0.000003642
13.007079501,TRACKING,,0.000753942,1,0.000000000,0.000000018,0.049999993,0.000000000,0.000000000,0.050000000,-0.000000000,0.000000018,-0.000000007,0.000000019,0.000003642
13.017168085,TRACKING,,0.000439305,1,0.000000000,0.000000018,0.049999992,0.000000000,0.000000000,0.050000000,-0.000000000,0.000000018,-0.000000008,0.000000020,0.000003642
13.027279228,TRACKING,,0.002695196,1,0.000000000,0.000000018,0.049999994,0.000000000,0.000000000,0.050000000,-0.000000000,0.000000018,-0.000000006,0.000000019,0.000003642
13.037402244,TRACKING,,0.001790465,1,0.000000000,0.000000018,0.049999995,0.000000000,0.000000000,0.050000000,-0.000000000,0.000000018,-0.000000005,0.000000019,0.000003642
13.047349537,TRACKING,,0.001421212,1,-0.000000000,0.000000018,0.049999997,0.000000000,0.000000000,0.050000000,0.000000000,0.000000018,-0.000000003,0.000000018,0.000003642
13.057571100,TRACKING,,0.000966471,1,-0.000000000,0.000000018,0.049999998,0.000000000,0.000000000,0.050000000,0.000000000,0.000000018,-0.000000002,0.000000018,0.000003642
13.068381569,TRACKING,,0.003738844,1,-0.000000000,0.000000018,0.049999998,0.000000000,0.000000000,0.050000000,0.000000000,0.000000018,-0.000000002,0.000000018,0.000003642
13.078351422,TRACKING,,0.001924632,1,0.000000000,0.000000018,0.049999993,0.000000000,0.000000000,0.050000000,-0.000000000,0.000000018,-0.000000007,0.000000019,0.000003642
13.088811634,TRACKING,,0.001252613,1,0.000000000,0.000000018,0.049999989,0.000000000,0.000000000,0.050000000,-0.000000000,0.000000018,-0.000000011,0.000000021,0.000003642
13.098511968,TRACKING,,0.000045118,1,0.000000000,0.000000018,0.049999985,0.000000000,0.000000000,0.050000000,-0.000000000,0.000000018,-0.000000015,0.000000024,0.000003642
13.109312938,TRACKING,,0.002677387,1,0.000000000,0.000000018,0.049999987,0.000000000,0.000000000,0.050000000,-0.000000000,0.000000018,-0.000000013,0.000000022,0.000003642
13.119750592,TRACKING,,0.002562218,1,0.000000000,0.000000018,0.049999990,0.000000000,0.000000000,0.050000000,-0.000000000,0.000000018,-0.000000010,0.000000021,0.000003642
13.129702635,TRACKING,,0.001740598,1,0.000000000,0.000000018,0.049999992,0.000000000,0.000000000,0.050000000,-0.000000000,0.000000018,-0.000000008,0.000000020,0.000003642
13.139784095,TRACKING,,0.001420025,1,-0.000000000,0.000000018,0.049999993,0.000000000,0.000000000,0.050000000,0.000000000,0.000000018,-0.000000007,0.000000019,0.000003642
13.151194156,TRACKING,,0.002608523,1,-0.000000000,0.000000018,0.049999995,0.000000000,0.000000000,0.050000000,0.000000000,0.000000018,-0.000000005,0.000000019,0.000003642
13.161183006,TRACKING,,0.001991121,1,-0.000000000,0.000000018,0.049999996,0.000000000,0.000000000,0.050000000,0.000000000,0.000000018,-0.000000004,0.000000018,0.000003642
13.171304834,TRACKING,,0.001918695,1,-0.000000000,0.000000018,0.049999998,0.000000000,0.000000000,0.050000000,0.000000000,0.000000018,-0.000000002,0.000000018,0.000003642
13.181292497,TRACKING,,0.001909197,1,-0.000000000,0.000000018,0.049999997,0.000000000,0.000000000,0.050000000,0.000000000,0.000000018,-0.000000003,0.000000018,0.000003642
13.191597171,TRACKING,,0.002108664,1,0.000000000,0.000000018,0.049999992,0.000000000,0.000000000,0.050000000,-0.000000000,0.000000018,-0.000000008,0.000000020,0.000003642
13.201356870,TRACKING,,0.002188214,1,0.000000000,0.000000018,0.049999991,0.000000000,0.000000000,0.050000000,-0.000000000,0.000000018,-0.000000009,0.000000020,0.000003642
13.211484635,TRACKING,,0.002118163,1,0.000000000,0.000000018,0.049999993,0.000000000,0.000000000,0.050000000,-0.000000000,0.000000018,-0.000000007,0.000000019,0.000003642
13.221651582,TRACKING,,0.000020185,1,0.000000000,0.000000018,0.049999993,0.000000000,0.000000000,0.050000000,-0.000000000,0.000000018,-0.000000007,0.000000019,0.000003642
13.231995438,TRACKING,,0.002394807,1,-0.000000000,0.000000018,0.049999995,0.000000000,0.000000000,0.050000000,0.000000000,0.000000018,-0.000000005,0.000000019,0.000003642
13.241663713,TRACKING,,0.000018997,1,-0.000000000,0.000000018,0.049999996,0.000000000,0.000000000,0.050000000,0.000000000,0.000000018,-0.000000004,0.000000018,0.000003642
13.251863904,TRACKING,,0.000438117,1,-0.000000000,0.000000017,0.049999998,0.000000000,0.000000000,0.050000000,0.000000000,0.000000017,-0.000000002,0.000000017,0.000003375
13.261819509,TRACKING,,0.000593656,1,-0.000000000,0.000000013,0.049999996,0.000000000,0.000000000,0.050000000,0.000000000,0.000000013,-0.000000004,0.000000014,0.000002655
13.271921154,TRACKING,,0.000756318,1,0.000000000,0.000000014,0.049999992,0.000000000,0.000000000,0.050000000,-0.000000000,0.000000014,-0.000000008,0.000000016,0.000002732
13.281977680,TRACKING,,0.000894045,1,0.000000000,0.000000014,0.049999991,0.000000000,0.000000000,0.050000000,-0.000000000,0.000000014,-0.000000009,0.000000016,0.000002817
13.292225364,TRACKING,,0.001008027,1,0.000000000,0.000000014,0.049999993,0.000000000,0.000000000,0.050000000,-0.000000000,0.000000014,-0.000000007,0.000000016,0.000002881
13.302319884,TRACKING,,0.000980719,1,-0.000000000,0.000000015,0.049999995,0.000000000,0.000000000,0.050000000,0.000000000,0.000000015,-0.000000005,0.000000015,0.000002955
13.312396595,TRACKING,,0.000980719,1,-0.000000000,0.000000015,0.049999996,0.000000000,0.000000000,0.050000000,0.000000000,0.000000015,-0.000000004,0.000000015,0.000003008
13.322461433,TRACKING,,0.000933227,1,-0.000000000,0.000000015,0.049999998,0.000000000,0.000000000,0.050000000,0.000000000,0.000000015,-0.000000002,0.000000015,0.000003058
13.332506086,TRACKING,,0.001087577,1,-0.000000000,0.000000015,0.049999998,0.000000000,0.000000000,0.050000000,0.000000000,0.000000015,-0.000000002,0.000000015,0.000003058
13.342623166,TRACKING,,0.001016339,1,0.000000000,0.000000015,0.049999992,0.000000000,0.000000000,0.050000000,-0.000000000,0.000000015,-0.000000008,0.000000017,0.000003113
13.352705813,TRACKING,,0.001189686,1,0.000000000,0.000000016,0.049999990,0.000000000,0.000000000,0.050000000,-0.000000000,0.000000016,-0.000000010,0.000000019,0.000003155
13.362796771,TRACKING,,0.001327414,1,0.000000000,0.000000016,0.049999992,0.000000000,0.000000000,0.050000000,-0.000000000,0.000000016,-0.000000008,0.000000018,0.000003202
13.372868733,TRACKING,,0.001104200,1,0.000000000,0.000000016,0.049999993,0.000000000,0.000000000,0.050000000,-0.000000000,0.000000016,-0.000000007,0.000000017,0.000003236
13.382979876,TRACKING,,0.000717136,1,-0.000000000,0.000000016,0.049999995,0.000000000,0.000000000,0.050000000,0.000000000,0.000000016,-0.000000005,0.000000017,0.000003268
13.393140886,TRACKING,,0.000542601,1,-0.000000000,0.000000016,0.049999996,0.000000000,0.000000000,0.050000000,0.000000000,0.000000016,-0.000000004,0.000000017,0.000003298
13.403151107,TRACKING,,0.000079549,1,-0.000000000,0.000000014,0.049999995,0.000000000,0.000000000,0.050000000,0.000000000,0.000000014,-0.000000005,0.000000015,0.000002775
13.413181513,TRACKING,,0.000217278,1,0.000000000,0.000000011,0.049999993,0.000000000,0.000000000,0.050000000,-0.000000000,0.000000011,-0.000000007,0.000000013,0.000002298
13.423299779,TRACKING,,0.000028496,1,-0.000000000,0.000000012,0.049999995,0.000000000,0.000000000,0.050000000,0.000000000,0.000000012,-0.000000005,0.000000013,0.000002427
13.433697064,TRACKING,,0.002493353,1,-0.000000000,0.000000012,0.049999997,0.000000000,0.000000000,0.050000000,0.000000000,0.000000012,-0.000000003,0.000000013,0.000002525
13.443533938,TRACKING,,0.002203649,1,0.000000000,0.000000013,0.049999993,0.000000000,0.000000000,0.050000000,-0.000000000,0.000000013,-0.000000007,0.000000015,0.000002615
13.453551283,TRACKING,,0.001854580,1,0.000000000,0.000000013,0.049999994,0.000000000,0.000000000,0.050000000,-0.000000000,0.000000013,-0.000000006,0.000000015,0.000002697
13.463668362,TRACKING,,0.001461580,1,-0.000000000,0.000000014,0.049999995,0.000000000,0.000000000,0.050000000,0.000000000,0.000000014,-0.000000005,0.000000015,0.000002773
13.473564602,TRACKING,,0.001098263,1,-0.000000000,0.000000014,0.049999997,0.000000000,0.000000000,0.050000000,0.000000000,0.000000014,-0.000000003,0.000000014,0.000002843
13.483634189,TRACKING,,0.000974782,1,-0.000000000,0.000000014,0.049999998,0.000000000,0.000000000,0.050000000,0.000000000,0.000000014,-0.000000002,0.000000015,0.000002907
13.493753643,TRACKING,,0.000777689,1,0.000000000,0.000000015,0.049999993,0.000000000,0.000000000,0.050000000,-0.000000000,0.000000015,-0.000000007,0.000000016,0.000002964
13.503801858,TRACKING,,0.000759880,1,0.000000000,0.000000015,0.049999995,0.000000000,0.000000000,0.050000000,-0.000000000,0.000000015,-0.000000005,0.000000016,0.000003019
13.513997300,TRACKING,,0.001024649,1,0.000000000,0.000000015,0.049999995,0.000000000,0.000000000,0.050000000,-0.000000000,0.000000015,-0.000000005,0.000000016,0.000003019
13.524167808,TRACKING,,0.001353534,1,-0.000000000,0.000000015,0.049999997,0.000000000,0.000000000,0.050000000,0.000000000,0.000000015,-0.000000003,0.000000016,0.000003077
13.534066422,TRACKING,,0.001415275,1,-0.000000000,0.000000016,0.049999998,0.000000000,0.000000000,0.050000000,0.000000000,0.000000016,-0.000000002,0.000000016,0.000003131
13.544176378,TRACKING,,0.001505510,1,0.000000000,0.000000012,0.049999995,0.000000000,0.000000000,0.050000000,-0.000000000,0.000000012,-0.000000005,0.000000013,0.000002396
13.554192536,TRACKING,,0.001284671,1,0.000000000,0.000000010,0.049999994,0.000000000,0.000000000,0.050000000,-0.000000000,0.000000010,-0.000000006,0.000000012,0.000001965
13.564199195,TRACKING,,0.001374907,1,0.000000000,0.000000010,0.049999995,0.000000000,0.000000000,0.050000000,-0.000000000,0.000000010,-0.000000005,0.000000011,0.000002097
13.574307963,TRACKING,,0.001558939,1,-0.000000000,0.000000011,0.049999997,0.000000000,0.000000000,0.050000000,0.000000000,0.000000011,-0.000000003,0.000000012,0.000002245
13.584605514,TRACKING,,0.000286142,1,-0.000000000,0.000000012,0.049999998,0.000000000,0.000000000,0.050000000,0.000000000,0.000000012,-0.000000002,0.000000012,0.000002366
13.594640669,TRACKING,,0.000077176,1,0.000000000,0.000000012,0.049999994,0.000000000,0.000000000,0.050000000,-0.000000000,0.000000012,-0.000000006,0.000000014,0.000002468
13.604785056,TRACKING,,0.001511447,1,0.000000000,0.000000012,0.049999994,0.000000000,0.000000000,0.050000000,-0.000000000,0.000000012,-0.000000006,0.000000014,0.000002468
13.614897386,TRACKING,,0.001917508,1,0.000000000,0.000000013,0.049999995,0.000000000,0.000000000,0.050000000,-0.000000000,0.000000013,-0.000000005,0.000000014,0.000002569
13.624816185,TRACKING,,0.000379939,1,-0.000000000,0.000000013,0.049999997,0.000000000,0.000000000,0.050000000,0.000000000,0.000000013,-0.000000003,0.000000014,0.000002669
13.634917829,TRACKING,,0.000502232,1,-0.000000000,0.000000014,0.049999998,0.000000000,0.000000000,0.050000000,0.000000000,0.000000014,-0.000000002,0.000000014,0.000002756
13.645002851,TRACKING,,0.000689828,1,-0.000000000,0.000000014,0.049999999,0.000000000,0.000000000,0.050000000,0.000000000,0.000000014,-0.000000001,0.000000014,0.000002840
13.655210166,TRACKING,,0.002378185,1,-0.000000000,0.000000014,0.050000000,0.000000000,0.000000000,0.050000000,0.000000000,0.000000014,0.000000000,0.000000014,0.000002908
13.665423418,TRACKING,,0.002547970,1,-0.000000000,0.000000014,0.050000000,0.000000000,0.000000000,0.050000000,0.000000000,0.000000014,0.000000000,0.000000014,0.000002908
13.675544059,TRACKING,,0.000194720,1,0.000000000,0.000000005,0.049999997,0.000000000,0.000000000,0.050000000,-0.000000000,0.000000005,-0.000000003,0.000000006,0.000001007
13.685133972,TRACKING,,0.000565160,1,0.000000000,0.000000005,0.049999997,0.000000000,0.000000000,0.050000000,-0.000000000,0.000000005,-0.000000003,0.000000006,0.000001007
13.696388496,TRACKING,,0.004049919,1,0.000000000,0.000000006,0.049999992,0.000000000,0.000000000,0.050000000,-0.000000000,0.000000006,-0.000000008,0.000000010,0.000001252
13.706512699,TRACKING,,0.001148130,1,0.000000000,0.000000007,0.049999991,0.000000000,0.000000000,0.050000000,-0.000000000,0.000000007,-0.000000009,0.000000012,0.000001451
13.718265893,TRACKING,,0.003208115,1,0.000000000,0.000000008,0.049999993,0.000000000,0.000000000,0.050000000,-0.000000000,0.000000008,-0.000000007,0.000000011,0.000001660
13.728390096,TRACKING,,0.002112227,1,0.000000000,0.000000009,0.049999995,0.000000000,0.000000000,0.050000000,-0.000000000,0.000000009,-0.000000005,0.000000011,0.000001829
13.738264964,TRACKING,,0.002128849,1,-0.000000000,0.000000010,0.049999996,0.000000000,0.000000000,0.050000000,0.000000000,0.000000010,-0.000000004,0.000000011,0.000002001
13.748563702,TRACKING,,0.002420928,1,-0.000000000,0.000000011,0.049999998,0.000000000,0.000000000,0.050000000,0.000000000,0.000000011,-0.000000002,0.000000011,0.000002157
13.758381579,TRACKING,,0.000103296,1,-0.000000000,0.000000011,0.049999999,0.000000000,0.000000000,0.050000000,0.000000000,0.000000011,-0.000000001,0.000000011,0.000002298
13.768442855,TRACKING,,0.002425677,1,-0.000000000,0.000000011,0.049999999,0.000000000,0.000000000,0.050000000,0.000000000,0.000000011,-0.000000001,0.000000011,0.000002298
13.778735656,TRACKING,,0.002249955,1,-0.000000000,0.000000012,0.050000000,0.000000000,0.000000000,0.050000000,0.000000000,0.000000012,0.000000000,0.000000012,0.000002404
13.788792183,TRACKING,,0.001780967,1,0.000000000,0.000000007,0.049999995,0.000000000,0.000000000,0.050000000,-0.000000000,0.000000007,-0.000000005,0.000000008,0.000001419
13.798811902,TRACKING,,0.001645613,1,0.000000000,0.000000002,0.049999991,0.000000000,0.000000000,0.050000000,-0.000000000,0.000000002,-0.000000009,0.000000009,0.000000499
13.808794816,TRACKING,,0.001748909,1,0.000000000,0.000000004,0.049999987,0.000000000,0.000000000,0.050000000,-0.000000000,0.000000004,-0.000000013,0.000000013,0.000000751
13.819003318,TRACKING,,0.001642052,1,0.000000000,0.000000005,0.049999990,0.000000000,0.000000000,0.050000000,-0.000000000,0.000000005,-0.000000010,0.000000012,0.000001029
13.829025412,TRACKING,,0.001626617,1,0.000000000,0.000000006,0.049999992,0.000000000,0.000000000,0.050000000,-0.000000000,0.000000006,-0.000000008,0.000000010,0.000001236
13.839060567,TRACKING,,0.001619492,1,0.000000000,0.000000007,0.049999993,0.000000000,0.000000000,0.050000000,-0.000000000,0.000000007,-0.000000007,0.000000010,0.000001423
13.849254822,TRACKING,,0.001643238,1,-0.000000000,0.000000008,0.049999995,0.000000000,0.000000000,0.050000000,0.000000000,0.000000008,-0.000000005,0.000000010,0.000001596
13.859210427,TRACKING,,0.001594560,1,-0.000000000,0.000000009,0.049999996,0.000000000,0.000000000,0.050000000,0.000000000,0.000000009,-0.000000004,0.000000010,0.000001756
13.869431989,TRACKING,,0.001630179,1,-0.000000000,0.000000009,0.049999997,0.000000000,0.000000000,0.050000000,0.000000000,0.000000009,-0.000000003,0.000000010,0.000001903
13.879519386,TRACKING,,0.001638489,1,-0.000000000,0.000000010,0.049999998,0.000000000,0.000000000,0.050000000,0.000000000,0.000000010,-0.000000002,0.000000010,0.000002038
13.889605595,TRACKING,,0.001557753,1,-0.000000000,0.000000011,0.049999999,0.000000000,0.000000000,0.050000000,0.000000000,0.000000011,-0.000000001,0.000000011,0.000002163
13.899512521,TRACKING,,0.001078078,1,-0.000000000,0.000000008,0.049999997,0.000000000,0.000000000,0.050000000,0.000000000,0.000000008,-0.000000003,0.000000009,0.000001712
13.909567860,TRACKING,,0.000820432,1,0.000000000,0.000000007,0.049999996,0.000000000,0.000000000,0.050000000,-0.000000000,0.000000007,-0.000000004,0.000000008,0.000001323
13.919738368,TRACKING,,0.001078079,1,-0.000000000,0.000000007,0.049999997,0.000000000,0.000000000,0.050000000,0.000000000,0.000000007,-0.000000003,0.000000008,0.000001505
13.929953994,TRACKING,,0.001144568,1,-0.000000000,0.000000008,0.049999998,0.000000000,0.000000000,0.050000000,0.000000000,0.000000008,-0.000000002,0.000000009,0.000001706
13.939837173,TRACKING,,0.001415275,1,-0.000000000,0.000000009,0.050000000,0.000000000,0.000000000,0.050000000,0.000000000,0.000000009,-0.000000000,0.000000009,0.000001891
13.949919821,TRACKING,,0.000851303,1,0.000000000,0.000000010,0.049999995,0.000000000,0.000000000,0.050000000,-0.000000000,0.000000010,-0.000000005,0.000000011,0.000002031
13.959915794,TRACKING,,0.001138632,1,0.000000000,0.000000010,0.049999995,0.000000000,0.000000000,0.050000000,-0.000000000,0.000000010,-0.000000005,0.000000011,0.000002031
13.970050683,TRACKING,,0.001275173,1,0.000000000,0.000000010,0.049999997,0.000000000,0.000000000,0.050000000,-0.000000000,0.000000010,-0.000000003,0.000000010,0.000001917
13.980165388,TRACKING,,0.001424774,1,-0.000000000,0.000000004,0.049999998,0.000000000,0.000000000,0.050000000,0.000000000,0.000000004,-0.000000002,0.000000004,0.000000781
13.990155425,TRACKING,,0.001410526,1,-0.000000000,0.000000003,0.049999999,0.000000000,0.000000000,0.050000000,0.000000000,0.000000003,-0.000000001,0.000000003,0.000000556
14.000291501,TRACKING,,0.001515009,1,-0.000000000,0.000000004,0.050000000,0.000000000,0.000000000,0.050000000,0.000000000,0.000000004,0.000000000,0.000000004,0.000000796
14.010378898,TRACKING,,0.000990217,1,-0.000000000,0.000000005,0.050000001,0.000000000,0.000000000,0.050000000,0.000000000,0.000000005,0.000000001,0.000000005,0.000001019
14.020537533,TRACKING,,0.000674393,1,-0.000000000,0.000000006,0.050000002,0.000000000,0.000000000,0.050000000,0.000000000,0.000000006,0.000000002,0.000000006,0.000001233
14.030691419,TRACKING,,0.000166223,1,0.000000000,0.000000007,0.049999998,0.000000000,0.000000000,0.050000000,-0.000000000,0.000000007,-0.000000002,0.000000007,0.000001432
14.040633964,TRACKING,,0.000022559,1,0.000000000,0.000000008,0.049999998,0.000000000,0.000000000,0.050000000,-0.000000000,0.000000008,-0.000000002,0.000000008,0.000001610
14.051596409,TRACKING,,0.003510879,1,0.000000000,0.000000008,0.049999998,0.000000000,0.000000000,0.050000000,-0.000000000,0.000000008,-0.000000002,0.000000008,0.000001610
14.061343047,TRACKING,,0.000992592,1,-0.000000000,0.000000006,0.050000000,0.000000000,0.000000000,0.050000000,0.000000000,0.000000006,-0.000000000,0.000000006,0.000001307
14.071359205,TRACKING,,0.001348785,1,-0.000000000,0.000000002,0.050000000,0.000000000,0.000000000,0.050000000,0.000000000,0.000000002,0.000000000,0.000000002,0.000000421
14.081434728,TRACKING,,0.001732287,1,-0.000000000,-0.000000000,0.050000001,0.000000000,0.000000000,0.050000000,0.000000000,-0.000000000,0.000000001,0.000000001,0.000000030
14.091485318,TRACKING,,0.001785716,1,-0.000000000,0.000000002,0.050000002,0.000000000,0.000000000,0.050000000,0.000000000,0.000000002,0.000000002,0.000000003,0.000000316
14.101551343,TRACKING,,0.001704979,1,-0.000000000,0.000000003,0.050000003,0.000000000,0.000000000,0.050000000,0.000000000,0.000000003,0.000000003,0.000000004,0.000000574
14.111757471,TRACKING,,0.001586248,1,-0.000000000,0.000000004,0.050000004,0.000000000,0.000000000,0.050000000,0.000000000,0.000000004,0.000000004,0.000000005,0.000000816
14.121974284,TRACKING,,0.001339287,1,0.000000000,0.000000005,0.050000000,0.000000000,0.000000000,0.050000000,-0.000000000,0.000000005,-0.000000000,0.000000005,0.000001044
14.131862213,TRACKING,,0.000797873,1,0.000000000,0.000000006,0.049999999,0.000000000,0.000000000,0.050000000,-0.000000000,0.000000006,-0.000000001,0.000000006,0.000001252
14.141968606,TRACKING,,0.000498671,1,-0.000000000,0.000000007,0.050000000,0.000000000,0.000000000,0.050000000,0.000000000,0.000000007,0.000000000,0.000000007,0.000001443
14.152050066,TRACKING,,0.000227964,1,-0.000000000,0.000000008,0.050000001,0.000000000,0.000000000,0.050000000,0.000000000,0.000000008,0.000000001,0.000000008,0.000001620
14.162471097,TRACKING,,0.002437550,1,-0.000000000,0.000000005,0.050000002,0.000000000,0.000000000,0.050000000,0.000000000,0.000000005,0.000000002,0.000000005,0.000000943
14.172204675,TRACKING,,0.002052861,1,-0.000000000,0.000000004,0.050000003,0.000000000,0.000000000,0.050000000,0.000000000,0.000000004,0.000000003,0.000000005,0.000000887
14.182444047,TRACKING,,0.001524507,1,-0.000000000,0.000000006,0.050000003,0.000000000,0.000000000,0.050000000,0.000000000,0.000000006,0.000000003,0.000000007,0.000001111
14.192548066,TRACKING,,0.001241928,1,0.000000000,0.000000007,0.050000000,0.000000000,0.000000000,0.050000000,-0.000000000,0.000000007,-0.000000000,0.000000007,0.000001316
14.202464490,TRACKING,,0.000794312,1,0.000000000,0.000000007,0.050000001,0.000000000,0.000000000,0.050000000,-0.000000000,0.000000007,0.000000001,0.000000007,0.000001504
14.212686053,TRACKING,,0.000421496,1,-0.000000000,0.000000003,0.050000002,0.000000000,0.000000000,0.050000000,0.000000000,0.000000003,0.000000002,0.000000003,0.000000569
14.222629785,TRACKING,,0.000028495,1,-0.000000000,0.000000003,0.050000002,0.000000000,0.000000000,0.050000000,0.000000000,0.000000003,0.000000002,0.000000003,0.000000569
14.232829976,TRACKING,,0.002234520,1,-0.000000000,0.000000004,0.050000002,0.000000000,0.000000000,0.050000000,0.000000000,0.000000004,0.000000002,0.000000005,0.000000817
14.242812889,TRACKING,,0.001891387,1,-0.000000000,0.000000005,0.050000003,0.000000000,0.000000000,0.050000000,0.000000000,0.000000005,0.000000003,0.000000006,0.000001047
14.253454760,TRACKING,,0.004859665,1,-0.000000000,0.000000006,0.050000004,0.000000000,0.000000000,0.050000000,0.000000000,0.000000006,0.000000004,0.000000007,0.000001256
14.263393743,TRACKING,,0.001950752,1,0.000000000,0.000000007,0.049999998,0.000000000,0.000000000,0.050000000,-0.000000000,0.000000007,-0.000000002,0.000000007,0.000001449
14.273383780,TRACKING,,0.002026741,1,0.000000000,0.000000008,0.049999994,0.000000000,0.000000000,0.050000000,-0.000000000,0.000000008,-0.000000006,0.000000010,0.000001621
14.283515107,TRACKING,,0.002200087,1,0.000000000,0.000000009,0.049999996,0.000000000,0.000000000,0.050000000,-0.000000000,0.000000009,-0.000000004,0.000000010,0.000001814
14.293768727,TRACKING,,0.001871203,1,0.000000000,0.000000007,0.049999997,0.000000000,0.000000000,0.050000000,-0.000000000,0.000000007,-0.000000003,0.000000008,0.000001443
14.303708897,TRACKING,,0.001370157,1,0.000000000,0.000000002,0.049999998,0.000000000,0.000000000,0.050000000,-0.000000000,0.000000002,-0.000000002,0.000000003,0.000000506
14.314180982,TRACKING,,0.001092326,1,0.000000000,0.000000002,0.050000000,0.000000000,0.000000000,0.050000000,-0.000000000,0.000000002,-0.000000000,0.000000002,0.000000487
14.323943055,TRACKING,,0.000467800,1,-0.000000000,0.000000004,0.050000001,0.000000000,0.000000000,0.050000000,0.000000000,0.000000004,0.000000001,0.000000004,0.000000749
14.334026890,TRACKING,,0.000484423,1,-0.000000000,0.000000005,0.050000001,0.000000000,0.000000000,0.050000000,0.000000000,0.000000005,0.000000001,0.000000005,0.000000979
14.344115474,TRACKING,,0.000461864,1,-0.000000000,0.000000006,0.050000002,0.000000000,0.000000000,0.050000000,0.000000000,0.000000006,0.000000002,0.000000006,0.000001188
14.354281233,TRACKING,,0.000286142,1,-0.000000000,0.000000007,0.050000003,0.000000000,0.000000000,0.050000000,0.000000000,0.000000007,0.000000003,0.000000007,0.000001380
14.364437494,TRACKING,,0.002456547,1,-0.000000000,0.000000008,0.050000003,0.000000000,0.000000000,0.050000000,0.000000000,0.000000008,0.000000003,0.000000008,0.000001562
14.374326609,TRACKING,,0.002100353,1,-0.000000000,0.000000009,0.050000004,0.000000000,0.000000000,0.050000000,0.000000000,0.000000009,0.000000004,0.000000010,0.000001732
14.384541048,TRACKING,,0.001748909,1,0.000000000,0.000000005,0.050000000,0.000000000,0.000000000,0.050000000,-0.000000000,0.000000005,0.000000000,0.000000005,0.000001057
14.394626070,TRACKING,,0.001306042,1,0.000000000,0.000000005,0.050000000,0.000000000,0.000000000,0.050000000,-0.000000000,0.000000005,-0.000000000,0.000000005,0.000000998
14.404547243,TRACKING,,0.000898795,1,0.000000000,0.000000006,0.050000001,0.000000000,0.000000000,0.050000000,-0.000000000,0.000000006,0.000000001,0.000000006,0.000001214
14.414812736,TRACKING,,0.000390626,1,-0.000000000,0.000000007,0.050000002,0.000000000,0.000000000,0.050000000,0.000000000,0.000000007,0.000000002,0.000000007,0.000001411
14.424999867,TRACKING,,0.000034432,1,-0.000000000,0.000000007,0.050000002,0.000000000,0.000000000,0.050000000,0.000000000,0.000000007,0.000000002,0.000000007,0.000001411
14.434875922,TRACKING,,0.001944816,1,-0.000000000,0.000000008,0.050000002,0.000000000,0.000000000,0.050000000,0.000000000,0.000000008,0.000000002,0.000000008,0.000001593
14.444979941,TRACKING,,0.001975686,1,-0.000000000,0.000000003,0.050000003,0.000000000,0.000000000,0.050000000,0.000000000,0.000000003,0.000000003,0.000000004,0.000000644
14.454876180,TRACKING,,0.001505510,1,-0.000000000,-0.000000001,0.050000004,0.000000000,0.000000000,0.050000000,0.000000000,-0.000000001,0.000000004,0.000000004,0.000000197
14.465759075,TRACKING,,0.002013680,1,0.000000000,0.000000001,0.049999998,0.000000000,0.000000000,0.050000000,-0.000000000,0.000000001,-0.000000002,0.000000002,0.000000116
14.475817976,TRACKING,,0.001611181,1,0.000000000,0.000000002,0.049999995,0.000000000,0.000000000,0.050000000,-0.000000000,0.000000002,-0.000000005,0.000000005,0.000000409
14.485943367,TRACKING,,0.001612369,1,0.000000000,0.000000004,0.049999997,0.000000000,0.000000000,0.050000000,-0.000000000,0.000000004,-0.000000003,0.000000005,0.000000719
14.496069945,TRACKING,,0.001639677,1,0.000000000,0.000000005,0.049999998,0.000000000,0.000000000,0.050000000,-0.000000000,0.000000005,-0.000000002,0.000000005,0.000000947
14.506165653,TRACKING,,0.001251427,1,0.000000000,0.000000006,0.049999999,0.000000000,0.000000000,0.050000000,-0.000000000,0.000000006,-0.000000001,0.000000006,0.000001157
14.516242363,TRACKING,,0.000819244,1,0.000000000,0.000000007,0.050000000,0.000000000,0.000000000,0.050000000,-0.000000000,0.000000007,0.000000000,0.000000007,0.000001360
14.526300077,TRACKING,,0.000308701,1,-0.000000000,0.000000008,0.050000001,0.000000000,0.000000000,0.050000000,0.000000000,0.000000008,0.000000001,0.000000008,0.000001545
14.536528764,TRACKING,,0.002514726,1,-0.000000000,0.000000006,0.050000002,0.000000000,0.000000000,0.050000000,0.000000000,0.000000006,0.000000002,0.000000006,0.000001149
14.546402444,TRACKING,,0.002116976,1,-0.000000000,0.000000004,0.050000003,0.000000000,0.000000000,0.050000000,0.000000000,0.000000004,0.000000003,0.000000005,0.000000803
14.556367548,TRACKING,,0.001594559,1,-0.000000000,0.000000005,0.050000003,0.000000000,0.000000000,0.050000000,0.000000000,0.000000005,0.000000003,0.000000006,0.000001036
14.566452570,TRACKING,,0.001013963,1,0.000000000,0.000000006,0.050000000,0.000000000,0.000000000,0.050000000,-0.000000000,0.000000006,-0.000000000,0.000000006,0.000001249
14.576734685,TRACKING,,0.000334822,1,0.000000000,0.000000007,0.049999999,0.000000000,0.000000000,0.050000000,-0.000000000,0.000000007,-0.000000001,0.000000007,0.000001448
14.586651109,TRACKING,,0.002540846,1,0.000000000,0.000000008,0.050000000,0.000000000,0.000000000,0.050000000,-0.000000000,0.000000008,0.000000000,0.000000008,0.000001629
14.596827554,TRACKING,,0.001919882,1,-0.000000000,0.000000005,0.050000001,0.000000000,0.000000000,0.050000000,0.000000000,0.000000005,0.000000001,0.000000005,0.000000948
14.606865083,TRACKING,,0.001418837,1,-0.000000000,0.000000004,0.050000002,0.000000000,0.000000000,0.050000000,0.000000000,0.000000004,0.000000002,0.000000005,0.000000887
14.616942981,TRACKING,,0.001074516,1,-0.000000000,0.000000005,0.050000003,0.000000000,0.000000000,0.050000000,0.000000000,0.000000005,0.000000003,0.000000006,0.000001108
14.626957952,TRACKING,,0.001013963,1,-0.000000000,0.000000006,0.050000003,0.000000000,0.000000000,0.050000000,0.000000000,0.000000006,0.000000003,0.000000007,0.000001309
14.637104714,TRACKING,,0.000699327,1,0.000000000,0.000000007,0.049999998,0.000000000,0.000000000,0.050000000,-0.000000000,0.000000007,-0.000000002,0.000000008,0.000001493
14.647132745,TRACKING,,0.000379939,1,0.000000000,0.000000003,0.049999999,0.000000000,0.000000000,0.050000000,-0.000000000,0.000000003,-0.000000001,0.000000003,0.000000547
14.657385178,TRACKING,,0.000356193,1,0.000000000,0.000000004,0.050000000,0.000000000,0.000000000,0.050000000,-0.000000000,0.000000004,0.000000000,0.000000004,0.000000788
14.667298039,TRACKING,,0.000438118,1,-0.000000000,0.000000005,0.050000001,0.000000000,0.000000000,0.050000000,0.000000000,0.000000005,0.000000001,0.000000005,0.000001010
14.677445989,TRACKING,,0.000908293,1,-0.000000000,0.000000005,0.050000001,0.000000000,0.000000000,0.050000000,0.000000000,0.000000005,0.000000001,0.000000005,0.000001010
14.687413467,TRACKING,,0.000726634,1,-0.000000000,0.000000006,0.050000002,0.000000000,0.000000000,0.050000000,0.000000000,0.000000006,0.000000002,0.000000007,0.000001254
14.697402317,TRACKING,,0.000974783,1,-0.000000000,0.000000007,0.050000003,0.000000000,0.000000000,0.050000000,0.000000000,0.000000007,0.000000003,0.000000008,0.000001443
14.707449345,TRACKING,,0.001225305,1,0.000000000,0.000000006,0.050000001,0.000000000,0.000000000,0.050000000,-0.000000000,0.000000006,0.000000001,0.000000006,0.000001120
14.717555738,TRACKING,,0.001373719,1,0.000000000,0.000000000,0.049999999,0.000000000,0.000000000,0.050000000,-0.000000000,0.000000000,-0.000000001,0.000000001,0.000000073
14.727575458,TRACKING,,0.001461580,1,0.000000000,0.000000001,0.050000000,0.000000000,0.000000000,0.050000000,-0.000000000,0.000000001,0.000000000,0.000000001,0.000000163
14.738092661,TRACKING,,0.002038614,1,0.000000000,0.000000001,0.050000000,0.000000000,0.000000000,0.050000000,-0.000000000,0.000000001,0.000000000,0.000000001,0.000000163
14.748050641,TRACKING,,0.001573187,1,-0.000000000,0.000000003,0.050000001,0.000000000,0.000000000,0.050000000,0.000000000,0.000000003,0.000000001,0.000000003,0.000000505
14.757889889,TRACKING,,0.001359472,1,-0.000000000,0.000000004,0.050000002,0.000000000,0.000000000,0.050000000,0.000000000,0.000000004,0.000000002,0.000000005,0.000000802
14.768075833,TRACKING,,0.001379656,1,-0.000000000,0.000000005,0.050000003,0.000000000,0.000000000,0.050000000,0.000000000,0.000000005,0.000000003,0.000000006,0.000001024
14.778276024,TRACKING,,0.001734662,1,0.000000000,0.000000006,0.050000001,0.000000000,0.000000000,0.050000000,-0.000000000,0.000000006,0.000000001,0.000000006,0.000001229
14.788275559,TRACKING,,0.001820148,1,0.000000000,0.000000007,0.049999998,0.000000000,0.000000000,0.050000000,-0.000000000,0.000000007,-0.000000002,0.000000008,0.000001456
14.798151614,TRACKING,,0.002032677,1,0.000000000,0.000000008,0.049999999,0.000000000,0.000000000,0.050000000,-0.000000000,0.000000008,-0.000000001,0.000000008,0.000001664
14.808220014,TRACKING,,0.002095605,1,0.000000000,0.000000008,0.049999999,0.000000000,0.000000000,0.050000000,-0.000000000,0.000000008,-0.000000001,0.000000008,0.000001664
14.818419018,TRACKING,,0.002077794,1,0.000000000,0.000000004,0.050000000,0.000000000,0.000000000,0.050000000,-0.000000000,0.000000004,0.000000000,0.000000004,0.000000798
14.828301009,TRACKING,,0.001980435,1,-0.000000000,-0.000000000,0.050000001,0.000000000,0.000000000,0.050000000,0.000000000,-0.000000000,0.000000001,0.000000001,0.000000048
14.838515448,TRACKING,,0.001534006,1,-0.000000000,-0.000000004,0.050000002,0.000000000,0.000000000,0.050000000,0.000000000,-0.000000004,0.000000002,0.000000005,0.000000833
14.848779754,TRACKING,,0.001116073,1,-0.000000000,-0.000000002,0.050000003,0.000000000,0.000000000,0.050000000,0.000000000,-0.000000002,0.000000003,0.000000004,0.000000469
14.858524018,TRACKING,,0.000985469,1,-0.000000000,-0.000000001,0.050000002,0.000000000,0.000000000,0.050000000,0.000000000,-0.000000001,0.000000002,0.000000002,0.000000135
14.868636348,TRACKING,,0.000828743,1,0.000000000,0.000000001,0.049999997,0.000000000,0.000000000,0.050000000,-0.000000000,0.000000001,-0.000000003,0.000000003,0.000000162
14.878716621,TRACKING,,0.000949849,1,0.000000000,0.000000002,0.049999994,0.000000000,0.000000000,0.050000000,-0.000000000,0.000000002,-0.000000006,0.000000006,0.000000437
14.888737528,TRACKING,,0.001054333,1,0.000000000,0.000000004,0.049999996,0.000000000,0.000000000,0.050000000,-0.000000000,0.000000004,-0.000000004,0.000000006,0.000000741
14.898949592,TRACKING,,0.001003278,1,0.000000000,0.000000005,0.049999997,0.000000000,0.000000000,0.050000000,-0.000000000,0.000000005,-0.000000003,0.000000006,0.000000967
14.909012055,TRACKING,,0.001054332,1,0.000000000,0.000000006,0.049999998,0.000000000,0.000000000,0.050000000,-0.000000000,0.000000006,-0.000000002,0.000000006,0.000001177
14.919233618,TRACKING,,0.003838578,1,0.000000000,0.000000007,0.050000000,0.000000000,0.000000000,0.050000000,-0.000000000,0.000000007,-0.000000000,0.000000007,0.000001411
14.929158352,TRACKING,,0.001960251,1,-0.000000000,0.000000003,0.050000001,0.000000000,0.000000000,0.050000000,0.000000000,0.000000003,0.000000001,0.000000003,0.000000603
14.939346670,TRACKING,,0.001924631,1,-0.000000000,0.000000003,0.050000001,0.000000000,0.000000000,0.050000000,0.000000000,0.000000003,0.000000001,0.000000003,0.000000589
14.949412695,TRACKING,,0.001460393,1,-0.000000000,0.000000004,0.050000002,0.000000000,0.000000000,0.050000000,0.000000000,0.000000004,0.000000002,0.000000005,0.000000833
14.959492968,TRACKING,,0.001135069,1,-0.000000000,0.000000005,0.050000003,0.000000000,0.000000000,0.050000000,0.000000000,0.000000005,0.000000003,0.000000006,0.000001060
14.969574428,TRACKING,,0.000751568,1,-0.000000000,0.000000001,0.050000004,0.000000000,0.000000000,0.050000000,0.000000000,0.000000001,0.000000004,0.000000004,0.000000162
14.979661825,TRACKING,,0.000318199,1,0.000000000,0.000000002,0.049999998,0.000000000,0.000000000,0.050000000,-0.000000000,0.000000002,-0.000000002,0.000000003,0.000000445
14.989743285,TRACKING,,0.000047493,1,0.000000000,0.000000003,0.049999999,0.000000000,0.000000000,0.050000000,-0.000000000,0.000000003,-0.000000001,0.000000004,0.000000700
14.999895983,TRACKING,,0.002323569,1,0.000000000,0.000000003,0.049999999,0.000000000,0.000000000,0.050000000,-0.000000000,0.000000003,-0.000000001,0.000000004,0.000000700
15.009975069,TRACKING,,0.002425677,1,0.000000000,0.000000005,0.050000000,0.000000000,0.000000000,0.050000000,-0.000000000,0.000000005,0.000000000,0.000000005,0.000000937
15.020218003,TRACKING,,0.000067676,1,-0.000000000,0.000000007,0.050000002,0.000000000,0.000000000,0.050000000,0.000000000,0.000000007,0.000000002,0.000000007,0.000001342
15.030202103,TRACKING,,0.002293886,1,-0.000000000,0.000000007,0.050000002,0.000000000,0.000000000,0.050000000,0.000000000,0.000000007,0.000000002,0.000000007,0.000001342
15.040699122,TRACKING,,0.000314637,1,-0.000000000,0.000000002,0.050000003,0.000000000,0.000000000,0.050000000,0.000000000,0.000000002,0.000000003,0.000000003,0.000000435
15.050071757,TRACKING,,0.000308701,1,-0.000000000,-0.000000003,0.050000003,0.000000000,0.000000000,0.050000000,0.000000000,-0.000000003,0.000000003,0.000000004,0.000000534
15.060260075,TRACKING,,0.000381127,1,-0.000000000,-0.000000005,0.050000004,0.000000000,0.000000000,0.050000000,0.000000000,-0.000000005,0.000000004,0.000000006,0.000001001
15.070371218,TRACKING,,0.000499858,1,-0.000000000,-0.000000003,0.050000005,0.000000000,0.000000000,0.050000000,0.000000000,-0.000000003,0.000000005,0.000000005,0.000000563
15.080426557,TRACKING,,0.000106858,1,-0.000000000,-0.000000001,0.050000002,0.000000000,0.000000000,0.050000000,0.000000000,-0.000000001,0.000000002,0.000000002,0.000000230
15.090528202,TRACKING,,0.000023746,1,0.000000000,0.000000000,0.050000000,0.000000000,0.000000000,0.050000000,-0.000000000,0.000000000,0.000000000,0.000000000,0.000000084
15.100626284,TRACKING,,0.000172160,1,0.000000000,0.000000002,0.050000001,0.000000000,0.000000000,0.050000000,-0.000000000,0.000000002,0.000000001,0.000000002,0.000000361
15.110689934,TRACKING,,0.000055804,1,-0.000000000,0.000000003,0.050000002,0.000000000,0.000000000,0.050000000,0.000000000,0.000000003,0.000000002,0.000000004,0.000000675
15.120820074,TRACKING,,0.000023746,1,-0.000000000,0.000000005,0.050000003,0.000000000,0.000000000,0.050000000,0.000000000,0.000000005,0.000000003,0.000000005,0.000000909
15.130884912,TRACKING,,0.000035620,1,-0.000000000,0.000000006,0.050000003,0.000000000,0.000000000,0.050000000,0.000000000,0.000000006,0.000000003,0.000000007,0.000001127
15.141181275,TRACKING,,0.000027309,1,-0.000000000,0.000000003,0.050000004,0.000000000,0.000000000,0.050000000,0.000000000,0.000000003,0.000000004,0.000000005,0.000000519
15.151079889,TRACKING,,0.000132979,1,-0.000000000,0.000000003,0.050000005,0.000000000,0.000000000,0.050000000,0.000000000,0.000000003,0.000000005,0.000000005,0.000000556
15.161177971,TRACKING,,0.000269519,1,-0.000000000,0.000000003,0.050000005,0.000000000,0.000000000,0.050000000,0.000000000,0.000000003,0.000000005,0.000000005,0.000000556
15.171261806,TRACKING,,0.000350256,1,0.000000000,0.000000004,0.049999998,0.000000000,0.000000000,0.050000000,-0.000000000,0.000000004,-0.000000002,0.000000005,0.000000850
15.181311209,TRACKING,,0.000376378,1,0.000000000,0.000000005,0.049999995,0.000000000,0.000000000,0.050000000,-0.000000000,0.000000005,-0.000000005,0.000000007,0.000001066
15.191397418,TRACKING,,0.000306327,1,0.000000000,0.000000005,0.049999997,0.000000000,0.000000000,0.050000000,-0.000000000,0.000000005,-0.000000003,0.000000006,0.000000996
15.201630854,TRACKING,,0.000026121,1,0.000000000,0.000000001,0.049999998,0.000000000,0.000000000,0.050000000,-0.000000000,0.000000001,-0.000000002,0.000000002,0.000000131
15.211899909,TRACKING,,0.002304571,1,0.000000000,-0.000000002,0.049999999,0.000000000,0.000000000,0.050000000,-0.000000000,-0.000000002,-0.000000001,0.000000002,0.000000397
15.221861450,TRACKING,,0.001796402,1,0.000000000,-0.000000000,0.050000000,0.000000000,0.000000000,0.050000000,-0.000000000,-0.000000000,-0.000000000,0.000000000,0.000000071
15.231831303,TRACKING,,0.001608806,1,-0.000000000,0.000000001,0.050000001,0.000000000,0.000000000,0.050000000,0.000000000,0.000000001,0.000000001,0.000000001,0.000000235
15.241988751,TRACKING,,0.001360658,1,-0.000000000,0.000000003,0.050000002,0.000000000,0.000000000,0.050000000,0.000000000,0.000000003,0.000000002,0.000000003,0.000000505
15.252028655,TRACKING,,0.001203934,1,-0.000000000,0.000000004,0.050000002,0.000000000,0.000000000,0.050000000,0.000000000,0.000000004,0.000000002,0.000000004,0.000000752
15.262027003,TRACKING,,0.001199184,1,-0.000000000,0.000000005,0.050000003,0.000000000,0.000000000,0.050000000,0.000000000,0.000000005,0.000000003,0.000000006,0.000000981
15.272186826,TRACKING,,0.001118447,1,0.000000000,0.000000006,0.050000001,0.000000000,0.000000000,0.050000000,-0.000000000,0.000000006,0.000000001,0.000000006,0.000001188
15.282224355,TRACKING,,0.000763441,1,0.000000000,0.000000004,0.049999999,0.000000000,0.000000000,0.050000000,-0.000000000,0.000000004,-0.000000001,0.000000004,0.000000833
15.292374679,TRACKING,,0.000413185,1,0.000000000,-0.000000000,0.050000000,0.000000000,0.000000000,0.050000000,-0.000000000,-0.000000000,-0.000000000,0.000000000,0.000000040
15.302552311,TRACKING,,0.000028496,1,0.000000000,-0.000000001,0.050000001,0.000000000,0.000000000,0.050000000,-0.000000000,-0.000000001,0.000000001,0.000000002,0.000000285
15.312576780,TRACKING,,0.002032676,1,-0.000000000,0.000000000,0.050000002,0.000000000,0.000000000,0.050000000,0.000000000,0.000000000,0.000000002,0.000000002,0.000000039
15.322633307,TRACKING,,0.001535194,1,-0.000000000,0.000000002,0.050000003,0.000000000,0.000000000,0.050000000,0.000000000,0.000000002,0.000000003,0.000000003,0.000000335
15.332744450,TRACKING,,0.000814495,1,-0.000000000,0.000000003,0.050000003,0.000000000,0.000000000,0.050000000,0.000000000,0.000000003,0.000000003,0.000000004,0.000000608
15.342846094,TRACKING,,0.000286142,1,0.000000000,0.000000004,0.049999999,0.000000000,0.000000000,0.050000000,-0.000000000,0.000000004,-0.000000001,0.000000004,0.000000859
15.353270687,TRACKING,,0.002393620,1,0.000000000,0.000000005,0.049999999,0.000000000,0.000000000,0.050000000,-0.000000000,0.000000005,-0.000000001,0.000000006,0.000001088
15.363119434,TRACKING,,0.001699043,1,0.000000000,0.000000006,0.050000000,0.000000000,0.000000000,0.050000000,-0.000000000,0.000000006,0.000000000,0.000000006,0.000001301
15.373294691,TRACKING,,0.000774127,1,0.000000000,0.000000003,0.050000001,0.000000000,0.000000000,0.050000000,-0.000000000,0.000000003,0.000000001,0.000000003,0.000000624
15.383449765,TRACKING,,0.002469608,1,0.000000000,0.000000003,0.050000001,0.000000000,0.000000000,0.050000000,-0.000000000,0.000000003,0.000000001,0.000000003,0.000000624
15.393452862,TRACKING,,0.001511447,1,-0.000000000,-0.000000001,0.050000002,0.000000000,0.000000000,0.050000000,0.000000000,-0.000000001,0.000000002,0.000000002,0.000000291
15.403539071,TRACKING,,0.000319387,1,-0.000000000,0.000000000,0.050000003,0.000000000,0.000000000,0.050000000,0.000000000,0.000000000,0.000000003,0.000000003,0.000000047
15.413599160,TRACKING,,0.001960251,1,-0.000000000,0.000000002,0.050000002,0.000000000,0.000000000,0.050000000,0.000000000,0.000000002,0.000000002,0.000000003,0.000000357
15.423700804,TRACKING,,0.000889296,1,0.000000000,0.000000003,0.049999996,0.000000000,0.000000000,0.050000000,-0.000000000,0.000000003,-0.000000004,0.000000005,0.000000641
15.434003104,TRACKING,,0.002583589,1,0.000000000,0.000000004,0.049999995,0.000000000,0.000000000,0.050000000,-0.000000000,0.000000004,-0.000000005,0.000000007,0.000000900
15.443822168,TRACKING,,0.001513822,1,0.000000000,0.000000006,0.049999996,0.000000000,0.000000000,0.050000000,-0.000000000,0.000000006,-0.000000004,0.000000007,0.000001136
15.453983178,TRACKING,,0.000625713,1,0.000000000,0.000000007,0.049999998,0.000000000,0.000000000,0.050000000,-0.000000000,0.000000007,-0.000000002,0.000000007,0.000001352
15.464164372,TRACKING,,0.002519475,1,0.000000000,0.000000003,0.049999999,0.000000000,0.000000000,0.050000000,-0.000000000,0.000000003,-0.000000001,0.000000003,0.000000661
15.473992935,TRACKING,,0.001835583,1,-0.000000000,0.000000003,0.050000000,0.000000000,0.000000000,0.050000000,0.000000000,0.000000003,-0.000000000,0.000000003,0.000000633
15.484144446,TRACKING,,0.001329788,1,-0.000000000,0.000000004,0.050000001,0.000000000,0.000000000,0.050000000,0.000000000,0.000000004,0.000000001,0.000000004,0.000000881
15.494212845,TRACKING,,0.000620963,1,-0.000000000,0.000000006,0.050000002,0.000000000,0.000000000,0.050000000,0.000000000,0.000000006,0.000000002,0.000000006,0.000001110
15.504449843,TRACKING,,0.000116356,1,-0.000000000,0.000000001,0.050000002,0.000000000,0.000000000,0.050000000,0.000000000,0.000000001,0.000000002,0.000000003,0.000000195
15.514627475,TRACKING,,0.002328317,1,-0.000000000,0.000000001,0.050000002,0.000000000,0.000000000,0.050000000,0.000000000,0.000000001,0.000000002,0.000000003,0.000000195
15.524763552,TRACKING,,0.001351160,1,0.000000000,0.000000002,0.049999997,0.000000000,0.000000000,0.050000000,-0.000000000,0.000000002,-0.000000003,0.000000004,0.000000479
15.534592114,TRACKING,,0.000821620,1,0.000000000,0.000000004,0.049999993,0.000000000,0.000000000,0.050000000,-0.000000000,0.000000004,-0.000000007,0.000000008,0.000000747
15.544648641,TRACKING,,0.000306327,1,0.000000000,0.000000005,0.049999994,0.000000000,0.000000000,0.050000000,-0.000000000,0.000000005,-0.000000006,0.000000008,0.000000986
15.554705167,TRACKING,,0.001963813,1,0.000000000,0.000000006,0.049999996,0.000000000,0.000000000,0.050000000,-0.000000000,0.000000006,-0.000000004,0.000000007,0.000001203
15.564771192,TRACKING,,0.000845366,1,0.000000000,0.000000007,0.049999997,0.000000000,0.000000000,0.050000000,-0.000000000,0.000000007,-0.000000003,0.000000008,0.000001415
15.574947637,TRACKING,,0.002500478,1,0.000000000,0.000000008,0.049999998,0.000000000,0.000000000,0.050000000,-0.000000000,0.000000008,-0.000000002,0.000000008,0.000001606
15.584950734,TRACKING,,0.001427148,1,-0.000000000,0.000000006,0.050000000,0.000000000,0.000000000,0.050000000,0.000000000,0.000000006,-0.000000000,0.000000006,0.000001184
15.595029820,TRACKING,,0.000338384,1,-0.000000000,0.000000005,0.050000001,0.000000000,0.000000000,0.050000000,0.000000000,0.000000005,0.000000001,0.000000006,0.000001106
15.605253757,TRACKING,,0.002132411,1,-0.000000000,0.000000007,0.050000001,0.000000000,0.000000000,0.050000000,0.000000000,0.000000007,0.000000001,0.000000007,0.000001324
15.615344715,TRACKING,,0.001510260,1,-0.000000000,0.000000008,0.050000002,0.000000000,0.000000000,0.050000000,0.000000000,0.000000008,0.000000002,0.000000008,0.000001517
15.625424988,TRACKING,,0.000966472,1,0.000000000,0.000000004,0.049999999,0.000000000,0.000000000,0.050000000,-0.000000000,0.000000004,-0.000000001,0.000000004,0.000000842
15.635526632,TRACKING,,0.000468988,1,-0.000000000,0.000000005,0.050000000,0.000000000,0.000000000,0.050000000,0.000000000,0.000000005,-0.000000000,0.000000005,0.000001071
15.645710201,TRACKING,,0.000054616,1,-0.000000000,0.000000005,0.050000000,0.000000000,0.000000000,0.050000000,0.000000000,0.000000005,-0.000000000,0.000000005,0.000001071
15.655807096,TRACKING,,0.002036239,1,-0.000000000,0.000000006,0.050000001,0.000000000,0.000000000,0.050000000,0.000000000,0.000000006,0.000000001,0.000000006,0.000001282
15.665901616,TRACKING,,0.000851303,1,-0.000000000,0.000000007,0.050000001,0.000000000,0.000000000,0.050000000,0.000000000,0.000000007,0.000000001,0.000000007,0.000001478
15.679495143,TRACKING,,0.002635831,1,-0.000000000,0.000000007,0.050000002,0.000000000,0.000000000,0.050000000,0.000000000,0.000000007,0.000000002,0.000000007,0.000001374
15.686106092,TRACKING,,0.001719226,1,-0.000000000,0.000000002,0.050000003,0.000000000,0.000000000,0.050000000,0.000000000,0.000000002,0.000000003,0.000000004,0.000000400
15.696275413,TRACKING,,0.001316729,1,0.000000000,-0.000000001,0.049999998,0.000000000,0.000000000,0.050000000,-0.000000000,-0.000000001,-0.000000002,0.000000002,0.000000187
15.706158592,TRACKING,,0.000369254,1,0.000000000,0.000000001,0.049999995,0.000000000,0.000000000,0.050000000,-0.000000000,0.000000001,-0.000000005,0.000000005,0.000000127
15.716640176,TRACKING,,0.002336628,1,0.000000000,0.000000002,0.049999996,0.000000000,0.000000000,0.050000000,-0.000000000,0.000000002,-0.000000004,0.000000004,0.000000422
15.726390376,TRACKING,,0.001796402,1,0.000000000,0.000000003,0.049999997,0.000000000,0.000000000,0.050000000,-0.000000000,0.000000003,-0.000000003,0.000000004,0.000000690
15.736480147,TRACKING,,0.001285858,1,0.000000000,0.000000005,0.049999999,0.000000000,0.000000000,0.050000000,-0.000000000,0.000000005,-0.000000001,0.000000005,0.000000932
15.746578230,TRACKING,,0.000607903,1,-0.000000000,0.000000006,0.050000000,0.000000000,0.000000000,0.050000000,0.000000000,0.000000006,-0.000000000,0.000000006,0.000001158
15.756651378,TRACKING,,0.000125855,1,-0.000000000,0.000000007,0.050000001,0.000000000,0.000000000,0.050000000,0.000000000,0.000000007,0.000000001,0.000000007,0.000001361
15.766739962,TRACKING,,0.002046924,1,-0.000000000,0.000000008,0.050000002,0.000000000,0.000000000,0.050000000,0.000000000,0.000000008,0.000000002,0.000000008,0.000001551
15.776833295,TRACKING,,0.001127946,1,-0.000000000,0.000000004,0.050000002,0.000000000,0.000000000,0.050000000,0.000000000,0.000000004,0.000000002,0.000000005,0.000000856
15.786876761,TRACKING,,0.000230338,1,-0.000000000,0.000000005,0.050000003,0.000000000,0.000000000,0.050000000,0.000000000,0.000000005,0.000000003,0.000000006,0.000001092
15.797113759,TRACKING,,0.002216710,1,-0.000000000,0.000000005,0.050000003,0.000000000,0.000000000,0.050000000,0.000000000,0.000000005,0.000000003,0.000000006,0.000001092
15.807121606,TRACKING,,0.001593372,1,0.000000000,0.000000006,0.049999998,0.000000000,0.000000000,0.050000000,-0.000000000,0.000000006,-0.000000002,0.000000007,0.000001305
15.817211377,TRACKING,,0.001063831,1,0.000000000,0.000000007,0.049999993,0.000000000,0.000000000,0.050000000,-0.000000000,0.000000007,-0.000000007,0.000000010,0.000001499
15.827242970,TRACKING,,0.000117544,1,0.000000000,0.000000003,0.049999995,0.000000000,0.000000000,0.050000000,-0.000000000,0.000000003,-0.000000005,0.000000006,0.000000554
15.837370735,TRACKING,,0.001824898,1,0.000000000,-0.000000000,0.049999996,0.000000000,0.000000000,0.050000000,-0.000000000,-0.000000000,-0.000000004,0.000000004,0.000000043
15.847460506,TRACKING,,0.000705263,1,0.000000000,0.000000001,0.049999998,0.000000000,0.000000000,0.050000000,-0.000000000,0.000000001,-0.000000002,0.000000003,0.000000273
15.857718875,TRACKING,,0.002623958,1,-0.000000000,0.000000003,0.049999999,0.000000000,0.000000000,0.050000000,0.000000000,0.000000003,-0.000000001,0.000000003,0.000000562
15.867636486,TRACKING,,0.001568438,1,-0.000000000,0.000000004,0.050000000,0.000000000,0.000000000,0.050000000,0.000000000,0.000000004,-0.000000000,0.000000004,0.000000827
15.877656206,TRACKING,,0.000116357,1,-0.000000000,0.000000005,0.050000001,0.000000000,0.000000000,0.050000000,0.000000000,0.000000005,0.000000001,0.000000005,0.000001076
15.887791095,TRACKING,,0.001923445,1,-0.000000000,0.000000006,0.050000002,0.000000000,0.000000000,0.050000000,0.000000000,0.000000006,0.000000002,0.000000007,0.000001298
15.897851183,TRACKING,,0.001448520,1,-0.000000000,0.000000007,0.050000003,0.000000000,0.000000000,0.050000000,0.000000000,0.000000007,0.000000003,0.000000008,0.000001493
15.907971825,TRACKING,,0.000687453,1,0.000000000,0.000000003,0.049999997,0.000000000,0.000000000,0.050000000,-0.000000000,0.000000003,-0.000000003,0.000000004,0.000000539
15.918093653,TRACKING,,0.000192345,1,0.000000000,0.000000004,0.049999999,0.000000000,0.000000000,0.050000000,-0.000000000,0.000000004,-0.000000001,0.000000004,0.000000794
15.928105062,TRACKING,,0.002162094,1,0.000000000,0.000000004,0.049999999,0.000000000,0.000000000,0.050000000,-0.000000000,0.000000004,-0.000000001,0.000000004,0.000000794
15.938220954,TRACKING,,0.001380843,1,-0.000000000,0.000000005,0.050000000,0.000000000,0.000000000,0.050000000,0.000000000,0.000000005,-0.000000000,0.000000005,0.000001031
15.948460326,TRACKING,,0.002268952,1,-0.000000000,0.000000006,0.050000001,0.000000000,0.000000000,0.050000000,0.000000000,0.000000006,0.000000001,0.000000006,0.000001250
15.958504979,TRACKING,,0.001874765,1,-0.000000000,0.000000007,0.050000002,0.000000000,0.000000000,0.050000000,0.000000000,0.000000007,0.000000002,0.000000007,0.000001467
15.968481956,TRACKING,,0.001365408,1,-0.000000000,0.000000007,0.050000002,0.000000000,0.000000000,0.050000000,0.000000000,0.000000007,0.000000002,0.000000007,0.000001355
15.978571727,TRACKING,,0.000693389,1,-0.000000000,0.000000002,0.050000003,0.000000000,0.000000000,0.050000000,0.000000000,0.000000002,0.000000003,0.000000004,0.000000417
15.988648438,TRACKING,,0.000227964,1,-0.000000000,0.000000001,0.050000001,0.000000000,0.000000000,0.050000000,0.000000000,0.000000001,0.000000001,0.000000001,0.000000130
15.999076593,TRACKING,,0.002391245,1,0.000000000,0.000000002,0.049999999,0.000000000,0.000000000,0.050000000,-0.000000000,0.000000002,-0.000000001,0.000000002,0.000000417
16.008841041,TRACKING,,0.001889012,1,0.000000000,0.000000003,0.050000000,0.000000000,0.000000000,0.050000000,-0.000000000,0.000000003,-0.000000000,0.000000003,0.000000681
16.018937936,TRACKING,,0.001224118,1,-0.000000000,0.000000005,0.050000001,0.000000000,0.000000000,0.050000000,0.000000000,0.000000005,0.000000001,0.000000005,0.000000924
16.028996837,TRACKING,,0.002870918,1,-0.000000000,0.000000006,0.050000002,0.000000000,0.000000000,0.050000000,0.000000000,0.000000006,0.000000002,0.000000006,0.000001157
16.039225523,TRACKING,,0.001163565,1,-0.000000000,0.000000007,0.050000002,0.000000000,0.000000000,0.050000000,0.000000000,0.000000007,0.000000002,0.000000007,0.000001381
16.049222684,TRACKING,,0.000143665,1,-0.000000000,0.000000008,0.050000003,0.000000000,0.000000000,0.050000000,0.000000000,0.000000008,0.000000003,0.000000008,0.000001577
16.059248340,TRACKING,,0.001927006,1,-0.000000000,0.000000008,0.050000003,0.000000000,0.000000000,0.050000000,0.000000000,0.000000008,0.000000003,0.000000008,0.000001577
16.069351172,TRACKING,,0.001004465,1,0.000000000,0.000000003,0.049999998,0.000000000,0.000000000,0.050000000,-0.000000000,0.000000003,-0.000000002,0.000000004,0.000000594
16.079594106,TRACKING,,0.000029682,1,0.000000000,-0.000000002,0.049999995,0.000000000,0.000000000,0.050000000,-0.000000000,-0.000000002,-0.000000005,0.000000006,0.000000308
16.091580013,TRACKING,,0.001218181,1,0.000000000,-0.000000004,0.049999996,0.000000000,0.000000000,0.050000000,-0.000000000,-0.000000004,-0.000000004,0.000000005,0.000000714
16.099898316,TRACKING,,0.002707070,1,0.000000000,-0.000000002,0.049999998,0.000000000,0.000000000,0.050000000,-0.000000000,-0.000000002,-0.000000002,0.000000003,0.000000329
16.109734003,TRACKING,,0.001450894,1,0.000000000,0.000000000,0.049999999,0.000000000,0.000000000,0.050000000,-0.000000000,0.000000000,-0.000000001,0.000000001,0.000000015
16.119808339,TRACKING,,0.000282580,1,-0.000000000,0.000000002,0.050000000,0.000000000,0.000000000,0.050000000,0.000000000,0.000000002,0.000000000,0.000000002,0.000000338
16.129850618,TRACKING,,0.001706166,1,-0.000000000,0.000000002,0.050000000,0.000000000,0.000000000,0.050000000,0.000000000,0.000000002,0.000000000,0.000000002,0.000000338
16.140266899,TRACKING,,0.000582970,1,-0.000000000,0.000000003,0.050000001,0.000000000,0.000000000,0.050000000,0.000000000,0.000000003,0.000000001,0.000000003,0.000000626
16.150507459,TRACKING,,0.002537285,1,-0.000000000,0.000000004,0.050000002,0.000000000,0.000000000,0.050000000,0.000000000,0.000000004,0.000000002,0.000000005,0.000000887
16.160211354,TRACKING,,0.001701417,1,-0.000000000,0.000000006,0.050000003,0.000000000,0.000000000,0.050000000,0.000000000,0.000000006,0.000000003,0.000000006,0.000001120
16.170181207,TRACKING,,0.000680329,1,-0.000000000,0.000000005,0.050000002,0.000000000,0.000000000,0.050000000,0.000000000,0.000000005,0.000000002,0.000000005,0.000001031
16.180273352,TRACKING,,0.002490980,1,0.000000000,0.000000000,0.049999997,0.000000000,0.000000000,0.050000000,-0.000000000,0.000000000,-0.000000003,0.000000003,0.000000095
16.190469982,TRACKING,,0.001594559,1,0.000000000,-0.000000001,0.049999995,0.000000000,0.000000000,0.050000000,-0.000000000,-0.000000001,-0.000000005,0.000000005,0.000000183
16.200370970,TRACKING,,0.000447616,1,0.000000000,0.000000001,0.049999996,0.000000000,0.000000000,0.050000000,-0.000000000,0.000000001,-0.000000004,0.000000004,0.000000150
16.210763506,TRACKING,,0.002301010,1,0.000000000,0.000000002,0.049999998,0.000000000,0.000000000,0.050000000,-0.000000000,0.000000002,-0.000000002,0.000000003,0.000000447
16.220506582,TRACKING,,0.001314354,1,0.000000000,0.000000004,0.049999999,0.000000000,0.000000000,0.050000000,-0.000000000,0.000000004,-0.000000001,0.000000004,0.000000719
16.230519178,TRACKING,,0.000417934,1,-0.000000000,0.000000005,0.050000000,0.000000000,0.000000000,0.050000000,0.000000000,0.000000005,0.000000000,0.000000005,0.000000968
16.240740741,TRACKING,,0.002423302,1,-0.000000000,0.000000005,0.050000000,0.000000000,0.000000000,0.050000000,0.000000000,0.000000005,0.000000000,0.000000005,0.000000968
16.250598986,TRACKING,,0.001790465,1,-0.000000000,0.000000000,0.050000001,0.000000000,0.000000000,0.050000000,0.000000000,0.000000000,0.000000001,0.000000001,0.000000052
16.260610395,TRACKING,,0.001330976,1,-0.000000000,-0.000000004,0.050000002,0.000000000,0.000000000,0.050000000,0.000000000,-0.000000004,0.000000002,0.000000004,0.000000778
16.270612305,TRACKING,,0.000717136,1,-0.000000000,-0.000000002,0.050000001,0.000000000,0.000000000,0.050000000,0.000000000,-0.000000002,0.000000001,0.000000002,0.000000417
16.280706825,TRACKING,,0.000319387,1,0.000000000,-0.000000000,0.049999996,0.000000000,0.000000000,0.050000000,-0.000000000,-0.000000000,-0.000000004,0.000000004,0.000000083
16.290705173,TRACKING,,0.000108045,1,0.000000000,0.000000001,0.049999993,0.000000000,0.000000000,0.050000000,-0.000000000,0.000000001,-0.000000007,0.000000007,0.000000219
16.300962355,TRACKING,,0.000035619,1,0.000000000,0.000000002,0.049999995,0.000000000,0.000000000,0.050000000,-0.000000000,0.000000002,-0.000000005,0.000000006,0.000000491
16.311082996,TRACKING,,0.000189969,1,0.000000000,0.000000004,0.049999996,0.000000000,0.000000000,0.050000000,-0.000000000,0.000000004,-0.000000004,0.000000005,0.000000739
16.320969737,TRACKING,,0.000282580,1,0.000000000,0.000000002,0.049999998,0.000000000,0.000000000,0.050000000,-0.000000000,0.000000002,-0.000000002,0.000000003,0.000000490
16.331060696,TRACKING,,0.000307514,1,-0.000000000,-0.000000003,0.049999999,0.000000000,0.000000000,0.050000000,0.000000000,-0.000000003,-0.000000001,0.000000003,0.000000509
16.341342811,TRACKING,,0.000429806,1,-0.000000000,-0.000000002,0.050000000,0.000000000,0.000000000,0.050000000,0.000000000,-0.000000002,-0.000000000,0.000000002,0.000000445
16.351198682,TRACKING,,0.000232713,1,-0.000000000,-0.000000001,0.050000001,0.000000000,0.000000000,0.050000000,0.000000000,-0.000000001,0.000000001,0.000000001,0.000000126
16.361268269,TRACKING,,0.000384689,1,-0.000000000,0.000000001,0.050000002,0.000000000,0.000000000,0.050000000,0.000000000,0.000000001,0.000000002,0.000000002,0.000000236
16.371685738,TRACKING,,0.000635212,1,-0.000000000,0.000000001,0.050000002,0.000000000,0.000000000,0.050000000,0.000000000,0.000000001,0.000000002,0.000000002,0.000000236
16.381386071,TRACKING,,0.000699327,1,-0.000000000,0.000000003,0.050000001,0.000000000,0.000000000,0.050000000,0.000000000,0.000000003,0.000000001,0.000000003,0.000000558
16.391436661,TRACKING,,0.000869111,1,0.000000000,0.000000002,0.049999996,0.000000000,0.000000000,0.050000000,-0.000000000,0.000000002,-0.000000004,0.000000005,0.000000330
16.401532369,TRACKING,,0.001117260,1,0.000000000,-0.000000003,0.049999994,0.000000000,0.000000000,0.050000000,-0.000000000,-0.000000003,-0.000000006,0.000000006,0.000000647
16.411594832,TRACKING,,0.001281109,1,0.000000000,-0.000000002,0.049999996,0.000000000,0.000000000,0.050000000,-0.000000000,-0.000000002,-0.000000004,0.000000005,0.000000484
16.421641860,TRACKING,,0.001534006,1,0.000000000,-0.000000002,0.049999996,0.000000000,0.000000000,0.050000000,-0.000000000,-0.000000002,-0.000000004,0.000000005,0.000000484
16.431831365,TRACKING,,0.001143381,1,0.000000000,-0.000000000,0.049999998,0.000000000,0.000000000,0.050000000,-0.000000000,-0.000000000,-0.000000002,0.000000002,0.000000094
16.441978127,TRACKING,,0.001415275,1,-0.000000000,0.000000001,0.049999999,0.000000000,0.000000000,0.050000000,0.000000000,0.000000001,-0.000000001,0.000000002,0.000000207
16.452082146,TRACKING,,0.001575562,1,-0.000000000,0.000000003,0.050000000,0.000000000,0.000000000,0.050000000,0.000000000,0.000000003,0.000000000,0.000000003,0.000000530
16.462035376,TRACKING,,0.001238365,1,-0.000000000,0.000000002,0.050000001,0.000000000,0.000000000,0.050000000,0.000000000,0.000000002,0.000000001,0.000000002,0.000000464
16.472336489,TRACKING,,0.001252614,1,0.000000000,-0.000000002,0.049999999,0.000000000,0.000000000,0.050000000,-0.000000000,-0.000000002,-0.000000001,0.000000002,0.000000353
16.482326526,TRACKING,,0.001270423,1,0.000000000,-0.000000002,0.049999997,0.000000000,0.000000000,0.050000000,-0.000000000,-0.000000002,-0.000000003,0.000000003,0.000000485
16.492304689,TRACKING,,0.000788375,1,0.000000000,-0.000000001,0.049999999,0.000000000,0.000000000,0.050000000,-0.000000000,-0.000000001,-0.000000001,0.000000002,0.000000158
16.502306599,TRACKING,,0.000662520,1,-0.000000000,0.000000001,0.050000000,0.000000000,0.000000000,0.050000000,0.000000000,0.000000001,-0.000000000,0.000000001,0.000000152
16.512994775,TRACKING,,0.003312599,1,-0.000000000,0.000000002,0.050000001,0.000000000,0.000000000,0.050000000,0.000000000,0.000000002,0.000000001,0.000000002,0.000000427
16.522686797,TRACKING,,0.001201559,1,0.000000000,0.000000004,0.049999997,0.000000000,0.000000000,0.050000000,-0.000000000,0.000000004,-0.000000003,0.000000005,0.000000728
16.532780130,TRACKING,,0.000905919,1,0.000000000,-0.000000001,0.049999998,0.000000000,0.000000000,0.050000000,-0.000000000,-0.000000001,-0.000000002,0.000000002,0.000000139
16.543040874,TRACKING,,0.000446430,1,-0.000000000,0.000000001,0.049999999,0.000000000,0.000000000,0.050000000,0.000000000,0.000000001,-0.000000001,0.000000001,0.000000168
16.553230380,TRACKING,,0.000257647,1,-0.000000000,0.000000002,0.050000000,0.000000000,0.000000000,0.050000000,0.000000000,0.000000002,0.000000000,0.000000002,0.000000445
16.563009075,TRACKING,,0.000077175,1,0.000000000,-0.000000002,0.049999996,0.000000000,0.000000000,0.050000000,-0.000000000,-0.000000002,-0.000000004,0.000000005,0.000000389
16.573090535,TRACKING,,0.002353251,1,0.000000000,-0.000000002,0.049999996,0.000000000,0.000000000,0.050000000,-0.000000000,-0.000000002,-0.000000004,0.000000005,0.000000389
16.583370276,TRACKING,,0.002400743,1,0.000000000,-0.000000000,0.049999997,0.000000000,0.000000000,0.050000000,-0.000000000,-0.000000000,-0.000000003,0.000000003,0.000000064
16.593369811,TRACKING,,0.002056423,1,0.000000000,0.000000001,0.049999998,0.000000000,0.000000000,0.050000000,-0.000000000,0.000000001,-0.000000002,0.000000002,0.000000223
16.603505888,TRACKING,,0.001795214,1,-0.000000000,0.000000002,0.049999999,0.000000000,0.000000000,0.050000000,0.000000000,0.000000002,-0.000000001,0.000000003,0.000000499
16.613579036,TRACKING,,0.001677671,1,-0.000000000,0.000000004,0.050000000,0.000000000,0.000000000,0.050000000,0.000000000,0.000000004,0.000000000,0.000000004,0.000000750
16.623659309,TRACKING,,0.001826085,1,-0.000000000,0.000000005,0.050000001,0.000000000,0.000000000,0.050000000,0.000000000,0.000000005,0.000000001,0.000000005,0.000000977
16.633751455,TRACKING,,0.001835583,1,-0.000000000,0.000000005,0.050000002,0.000000000,0.000000000,0.050000000,0.000000000,0.000000005,0.000000002,0.000000005,0.000000956
16.643745054,TRACKING,,0.001452081,1,-0.000000000,0.000000000,0.050000003,0.000000000,0.000000000,0.050000000,0.000000000,0.000000000,0.000000003,0.000000003,0.000000082
16.653855009,TRACKING,,0.001397465,1,-0.000000000,-0.000000001,0.050000001,0.000000000,0.000000000,0.050000000,0.000000000,-0.000000001,0.000000001,0.000000001,0.000000185
16.664071823,TRACKING,,0.001638489,1,0.000000000,0.000000001,0.049999999,0.000000000,0.000000000,0.050000000,-0.000000000,0.000000001,-0.000000001,0.000000001,0.000000114
16.674079669,TRACKING,,0.001428336,1,-0.000000000,0.000000002,0.050000000,0.000000000,0.000000000,0.050000000,0.000000000,0.000000002,-0.000000000,0.000000002,0.000000456
16.684156380,TRACKING,,0.001475828,1,-0.000000000,0.000000003,0.050000001,0.000000000,0.000000000,0.050000000,0.000000000,0.000000003,0.000000001,0.000000004,0.000000704
16.694013438,TRACKING,,0.001519758,1,-0.000000000,0.000000005,0.050000002,0.000000000,0.000000000,0.050000000,0.000000000,0.000000005,0.000000002,0.000000005,0.000000932
16.704136454,TRACKING,,0.001272798,1,-0.000000000,0.000000002,0.050000002,0.000000000,0.000000000,0.050000000,0.000000000,0.000000002,0.000000002,0.000000003,0.000000334
16.714223850,TRACKING,,0.000991405,1,-0.000000000,0.000000002,0.050000003,0.000000000,0.000000000,0.050000000,0.000000000,0.000000002,0.000000003,0.000000003,0.000000340
16.724282751,TRACKING,,0.000916604,1,0.000000000,0.000000003,0.049999999,0.000000000,0.000000000,0.050000000,-0.000000000,0.000000003,-0.000000001,0.000000003,0.000000604
16.734311970,TRACKING,,0.000876235,1,0.000000000,0.000000004,0.049999999,0.000000000,0.000000000,0.050000000,-0.000000000,0.000000004,-0.000000001,0.000000004,0.000000841
16.744375620,TRACKING,,0.000837055,1,0.000000000,0.000000001,0.050000000,0.000000000,0.000000000,0.050000000,-0.000000000,0.000000001,-0.000000000,0.000000001,0.000000253
16.754452331,TRACKING,,0.000670830,1,-0.000000000,0.000000001,0.050000001,0.000000000,0.000000000,0.050000000,0.000000000,0.000000001,0.000000001,0.000000002,0.000000255
16.764621652,TRACKING,,0.000346695,1,-0.000000000,0.000000003,0.050000002,0.000000000,0.000000000,0.050000000,0.000000000,0.000000003,0.000000002,0.000000003,0.000000529
16.774570133,TRACKING,,0.000037994,1,-0.000000000,0.000000004,0.050000002,0.000000000,0.000000000,0.050000000,0.000000000,0.000000004,0.000000002,0.000000005,0.000000782
16.784688399,TRACKING,,0.000505794,1,-0.000000000,0.000000005,0.050000003,0.000000000,0.000000000,0.050000000,0.000000000,0.000000005,0.000000003,0.000000006,0.000001052
16.794755611,TRACKING,,0.000929665,1,-0.000000000,0.000000005,0.050000003,0.000000000,0.000000000,0.050000000,0.000000000,0.000000005,0.000000003,0.000000006,0.000001052
16.804802639,TRACKING,,0.001317916,1,0.000000000,0.000000000,0.049999997,0.000000000,0.000000000,0.050000000,-0.000000000,0.000000000,-0.000000003,0.000000003,0.000000030
16.815015891,TRACKING,,0.001738223,1,0.000000000,-0.000000004,0.049999995,0.000000000,0.000000000,0.050000000,-0.000000000,-0.000000004,-0.000000005,0.000000007,0.000000898
16.825449982,TRACKING,,0.002005369,1,0.000000000,-0.000000006,0.049999997,0.000000000,0.000000000,0.050000000,-0.000000000,-0.000000006,-0.000000003,0.000000007,0.000001218
16.835442394,TRACKING,,0.000042744,1,0.000000000,-0.000000004,0.049999998,0.000000000,0.000000000,0.050000000,-0.000000000,-0.000000004,-0.000000002,0.000000004,0.000000763
16.845269769,TRACKING,,0.000582970,1,0.000000000,-0.000000002,0.049999999,0.000000000,0.000000000,0.050000000,-0.000000000,-0.000000002,-0.000000001,0.000000002,0.000000357
16.855492519,TRACKING,,0.000364505,1,0.000000000,-0.000000002,0.049999999,0.000000000,0.000000000,0.050000000,-0.000000000,-0.000000002,-0.000000001,0.000000002,0.000000357
16.865426752,TRACKING,,0.000810934,1,-0.000000000,-0.000000000,0.050000000,0.000000000,0.000000000,0.050000000,0.000000000,-0.000000000,0.000000000,0.000000000,0.000000046
16.875508212,TRACKING,,0.000945100,1,-0.000000000,0.000000002,0.050000001,0.000000000,0.000000000,0.050000000,0.000000000,0.000000002,0.000000001,0.000000002,0.000000302
16.885554053,TRACKING,,0.001363033,1,0.000000000,0.000000003,0.049999999,0.000000000,0.000000000,0.050000000,-0.000000000,0.000000003,-0.000000001,0.000000003,0.000000618
16.895557150,TRACKING,,0.001444957,1,0.000000000,0.000000001,0.049999998,0.000000000,0.000000000,0.050000000,-0.000000000,0.000000001,-0.000000002,0.000000002,0.000000114
16.905581619,TRACKING,,0.001254988,1,0.000000000,-0.000000003,0.049999999,0.000000000,0.000000000,0.050000000,-0.000000000,-0.000000003,-0.000000001,0.000000003,0.000000672
16.915797245,TRACKING,,0.001301293,1,-0.000000000,-0.000000003,0.050000000,0.000000000,0.000000000,0.050000000,0.000000000,-0.000000003,0.000000000,0.000000003,0.000000600
16.925710107,TRACKING,,0.001063831,1,-0.000000000,-0.000000001,0.050000001,0.000000000,0.000000000,0.050000000,0.000000000,-0.000000001,0.000000001,0.000000002,0.000000269
16.935980350,TRACKING,,0.000662519,1,0.000000000,0.000000000,0.049999997,0.000000000,0.000000000,0.050000000,-0.000000000,0.000000000,-0.000000003,0.000000003,0.000000050
16.946104553,TRACKING,,0.000436930,1,0.000000000,0.000000002,0.049999997,0.000000000,0.000000000,0.050000000,-0.000000000,0.000000002,-0.000000003,0.000000003,0.000000343
16.956107650,TRACKING,,0.000534290,1,0.000000000,0.000000003,0.049999999,0.000000000,0.000000000,0.050000000,-0.000000000,0.000000003,-0.000000001,0.000000004,0.000000659
16.966257974,TRACKING,,0.000539039,1,0.000000000,0.000000003,0.049999999,0.000000000,0.000000000,0.050000000,-0.000000000,0.000000003,-0.000000001,0.000000004,0.000000659
16.976179147,TRACKING,,0.000756317,1,-0.000000000,-0.000000002,0.050000000,0.000000000,0.000000000,0.050000000,0.000000000,-0.000000002,-0.000000000,0.000000002,0.000000373
16.986233299,TRACKING,,0.000863175,1,-0.000000000,-0.000000006,0.050000001,0.000000000,0.000000000,0.050000000,0.000000000,-0.000000006,0.000000001,0.000000006,0.000001280
16.996228085,TRACKING,,0.001006840,1,-0.000000000,-0.000000007,0.050000002,0.000000000,0.000000000,0.050000000,0.000000000,-0.000000007,0.000000002,0.000000007,0.000001325
17.006309545,TRACKING,,0.000989030,1,0.000000000,-0.000000004,0.049999997,0.000000000,0.000000000,0.050000000,-0.000000000,-0.000000004,-0.000000003,0.000000005,0.000000849
17.016507361,TRACKING,,0.000598405,1,0.000000000,-0.000000002,0.049999998,0.000000000,0.000000000,0.050000000,-0.000000000,-0.000000002,-0.000000002,0.000000003,0.000000487
17.026523519,TRACKING,,0.000358568,1,0.000000000,-0.000000001,0.049999999,0.000000000,0.000000000,0.050000000,-0.000000000,-0.000000001,-0.000000001,0.000000001,0.000000157
17.036685716,TRACKING,,0.002020804,1,0.000000000,-0.000000001,0.049999999,0.000000000,0.000000000,0.050000000,-0.000000000,-0.000000001,-0.000000001,0.000000001,0.000000157
17.046660318,TRACKING,,0.001998244,1,-0.000000000,0.000000001,0.050000001,0.000000000,0.000000000,0.050000000,0.000000000,0.000000001,0.000000001,0.000000001,0.000000166
17.056921062,TRACKING,,0.002131224,1,-0.000000000,-0.000000003,0.050000001,0.000000000,0.000000000,0.050000000,0.000000000,-0.000000003,0.000000001,0.000000003,0.000000632
17.067190117,TRACKING,,0.002244019,1,0.000000000,-0.000000008,0.049999996,0.000000000,0.000000000,0.050000000,-0.000000000,-0.000000008,-0.000000004,0.000000009,0.000001528
17.077043613,TRACKING,,0.002333067,1,0.000000000,-0.000000009,0.049999993,0.000000000,0.000000000,0.050000000,-0.000000000,-0.000000009,-0.000000007,0.000000011,0.000001798
17.088362252,TRACKING,,0.002169218,1,0.000000000,-0.000000007,0.049999995,0.000000000,0.000000000,0.050000000,-0.000000000,-0.000000007,-0.000000005,0.000000009,0.000001373
17.097155479,TRACKING,,0.002315257,1,0.000000000,-0.000000005,0.049999996,0.000000000,0.000000000,0.050000000,-0.000000000,-0.000000005,-0.000000004,0.000000006,0.000000977
17.107238126,TRACKING,,0.002514725,1,0.000000000,-0.000000003,0.049999998,0.000000000,0.000000000,0.050000000,-0.000000000,-0.000000003,-0.000000002,0.000000004,0.000000545
17.117255471,TRACKING,,0.000023746,1,-0.000000000,-0.000000001,0.049999999,0.000000000,0.000000000,0.050000000,0.000000000,-0.000000001,-0.000000001,0.000000002,0.000000221
17.127274004,TRACKING,,0.000235087,1,-0.000000000,-0.000000004,0.050000000,0.000000000,0.000000000,0.050000000,0.000000000,-0.000000004,-0.000000000,0.000000004,0.000000897
17.137477757,TRACKING,,0.000573471,1,-0.000000000,-0.000000004,0.050000000,0.000000000,0.000000000,0.050000000,0.000000000,-0.000000004,-0.000000000,0.000000004,0.000000897
17.147506975,TRACKING,,0.000723073,1,0.000000000,-0.000000002,0.049999994,0.000000000,0.000000000,0.050000000,-0.000000000,-0.000000002,-0.000000006,0.000000006,0.000000470
17.157546879,TRACKING,,0.000819244,1,0.000000000,-0.000000000,0.049999992,0.000000000,0.000000000,0.050000000,-0.000000000,-0.000000000,-0.000000008,0.000000008,0.000000079
17.167762505,TRACKING,,0.000819245,1,0.000000000,-0.000000002,0.049999994,0.000000000,0.000000000,0.050000000,-0.000000000,-0.000000002,-0.000000006,0.000000006,0.000000327
17.177857026,TRACKING,,0.000607903,1,0.000000000,-0.000000005,0.049999995,0.000000000,0.000000000,0.050000000,-0.000000000,-0.000000005,-0.000000005,0.000000007,0.000001093
17.187963419,TRACKING,,0.000425057,1,0.000000000,-0.000000006,0.049999997,0.000000000,0.000000000,0.050000000,-0.000000000,-0.000000006,-0.000000003,0.000000007,0.000001249
17.198041317,TRACKING,,0.000493921,1,-0.000000000,-0.000000004,0.049999998,0.000000000,0.000000000,0.050000000,0.000000000,-0.000000004,-0.000000002,0.000000005,0.000000863
17.208134650,TRACKING,,0.000580595,1,0.000000000,-0.000000003,0.049999996,0.000000000,0.000000000,0.050000000,-0.000000000,-0.000000003,-0.000000004,0.000000005,0.000000514
17.218341965,TRACKING,,0.000699326,1,0.000000000,-0.000000001,0.049999995,0.000000000,0.000000000,0.050000000,-0.000000000,-0.000000001,-0.000000005,0.000000006,0.000000191
17.228115911,TRACKING,,0.001123197,1,0.000000000,0.000000001,0.049999996,0.000000000,0.000000000,0.050000000,-0.000000000,0.000000001,-0.000000004,0.000000004,0.000000171
17.238162939,TRACKING,,0.001309604,1,-0.000000000,-0.000000003,0.049999998,0.000000000,0.000000000,0.050000000,0.000000000,-0.000000003,-0.000000002,0.000000003,0.000000535
17.248171973,TRACKING,,0.001537568,1,-0.000000000,-0.000000003,0.049999998,0.000000000,0.000000000,0.050000000,0.000000000,-0.000000003,-0.000000002,0.000000003,0.000000535
17.258317548,TRACKING,,0.001672922,1,-0.000000000,-0.000000006,0.049999998,0.000000000,0.000000000,0.050000000,0.000000000,-0.000000006,-0.000000002,0.000000006,0.000001162
17.268567606,TRACKING,,0.001627803,1,0.000000000,-0.000000003,0.049999992,0.000000000,0.000000000,0.050000000,-0.000000000,-0.000000003,-0.000000008,0.000000009,0.000000703
17.278574265,TRACKING,,0.001276360,1,0.000000000,-0.000000002,0.049999990,0.000000000,0.000000000,0.050000000,-0.000000000,-0.000000002,-0.000000010,0.000000010,0.000000356
17.288666411,TRACKING,,0.001320290,1,0.000000000,-0.000000000,0.049999992,0.000000000,0.000000000,0.050000000,-0.000000000,-0.000000000,-0.000000008,0.000000008,0.000000039
17.298744309,TRACKING,,0.001144569,1,0.000000000,-0.000000001,0.049999993,0.000000000,0.000000000,0.050000000,-0.000000000,-0.000000001,-0.000000007,0.000000007,0.000000299
17.308786588,TRACKING,,0.001199184,1,0.000000000,-0.000000005,0.049999995,0.000000000,0.000000000,0.050000000,-0.000000000,-0.000000005,-0.000000005,0.000000007,0.000001059
17.318932163,TRACKING,,0.001066206,1,-0.000000000,-0.000000006,0.049999996,0.000000000,0.000000000,0.050000000,0.000000000,-0.000000006,-0.000000004,0.000000007,0.000001222
17.329020746,TRACKING,,0.000848927,1,-0.000000000,-0.000000004,0.049999997,0.000000000,0.000000000,0.050000000,0.000000000,-0.000000004,-0.000000003,0.000000005,0.000000837
17.338971602,TRACKING,,0.000759879,1,-0.000000000,-0.000000002,0.049999996,0.000000000,0.000000000,0.050000000,0.000000000,-0.000000002,-0.000000004,0.000000005,0.000000480
17.349029316,TRACKING,,0.000655396,1,0.000000000,-0.000000001,0.049999991,0.000000000,0.000000000,0.050000000,-0.000000000,-0.000000001,-0.000000009,0.000000009,0.000000157
17.359144020,TRACKING,,0.000535477,1,0.000000000,0.000000001,0.049999990,0.000000000,0.000000000,0.050000000,-0.000000000,0.000000001,-0.000000010,0.000000010,0.000000141
17.369223106,TRACKING,,0.000384689,1,0.000000000,-0.000000001,0.049999992,0.000000000,0.000000000,0.050000000,-0.000000000,-0.000000001,-0.000000008,0.000000008,0.000000129
17.379309315,TRACKING,,0.000205405,1,0.000000000,-0.000000005,0.049999994,0.000000000,0.000000000,0.050000000,-0.000000000,-0.000000005,-0.000000006,0.000000008,0.000000913
17.389621113,TRACKING,,0.002500477,1,-0.000000000,-0.000000005,0.049999995,0.000000000,0.000000000,0.050000000,0.000000000,-0.000000005,-0.000000005,0.000000007,0.000001079
17.399542286,TRACKING,,0.002388871,1,-0.000000000,-0.000000003,0.049999997,0.000000000,0.000000000,0.050000000,0.000000000,-0.000000003,-0.000000003,0.000000005,0.000000700
17.409635619,TRACKING,,0.001938880,1,-0.000000000,-0.000000002,0.049999998,0.000000000,0.000000000,0.050000000,0.000000000,-0.000000002,-0.000000002,0.000000003,0.000000350
17.419740825,TRACKING,,0.001575562,1,-0.000000000,-0.000000000,0.049999996,0.000000000,0.000000000,0.050000000,0.000000000,-0.000000000,-0.000000004,0.000000004,0.000000029
17.429825847,TRACKING,,0.001327414,1,0.000000000,0.000000001,0.049999992,0.000000000,0.000000000,0.050000000,-0.000000000,0.000000001,-0.000000008,0.000000008,0.000000266
17.439967860,TRACKING,,0.001065018,1,0.000000000,-0.000000001,0.049999992,0.000000000,0.000000000,0.050000000,-0.000000000,-0.000000001,-0.000000008,0.000000008,0.000000289
17.450056444,TRACKING,,0.000704075,1,0.000000000,-0.000000005,0.049999994,0.000000000,0.000000000,0.050000000,-0.000000000,-0.000000005,-0.000000006,0.000000008,0.000001071
17.460185396,TRACKING,,0.000212529,1,-0.000000000,-0.000000005,0.049999995,0.000000000,0.000000000,0.050000000,0.000000000,-0.000000005,-0.000000005,0.000000007,0.000000963
17.470588617,TRACKING,,0.002387683,1,-0.000000000,-0.000000003,0.049999997,0.000000000,0.000000000,0.050000000,0.000000000,-0.000000003,-0.000000003,0.000000004,0.000000586
17.480357814,TRACKING,,0.001144568,1,-0.000000000,-0.000000001,0.049999998,0.000000000,0.000000000,0.050000000,0.000000000,-0.000000001,-0.000000002,0.000000002,0.000000227
17.492764030,TRACKING,,0.000157913,1,-0.000000000,0.000000001,0.049999999,0.000000000,0.000000000,0.050000000,0.000000000,0.000000001,-0.000000001,0.000000001,0.000000172
17.502638897,TRACKING,,0.001968562,1,-0.000000000,0.000000001,0.049999999,0.000000000,0.000000000,0.050000000,0.000000000,0.000000001,-0.000000001,0.000000001,0.000000172
17.512675240,TRACKING,,0.000795498,1,0.000000000,-0.000000004,0.049999994,0.000000000,0.000000000,0.050000000,-0.000000000,-0.000000004,-0.000000006,0.000000007,0.000000731
17.522852872,TRACKING,,0.000148414,1,0.000000000,-0.000000008,0.049999990,0.000000000,0.000000000,0.050000000,-0.000000000,-0.000000008,-0.000000010,0.000000013,0.000001512
17.532980637,TRACKING,,0.002238082,1,0.000000000,-0.000000010,0.049999987,0.000000000,0.000000000,0.050000000,-0.000000000,-0.000000010,-0.000000013,0.000000016,0.000001930
17.543045474,TRACKING,,0.001754846,1,0.000000000,-0.000000007,0.049999989,0.000000000,0.000000000,0.050000000,-0.000000000,-0.000000007,-0.000000011,0.000000013,0.000001474
17.553129309,TRACKING,,0.001275172,1,0.000000000,-0.000000005,0.049999991,0.000000000,0.000000000,0.050000000,-0.000000000,-0.000000005,-0.000000009,0.000000010,0.000001056
17.563225016,TRACKING,,0.000839429,1,0.000000000,-0.000000003,0.049999993,0.000000000,0.000000000,0.050000000,-0.000000000,-0.000000003,-0.000000007,0.000000008,0.000000673
17.573408585,TRACKING,,0.002514725,1,-0.000000000,-0.000000002,0.049999995,0.000000000,0.000000000,0.050000000,0.000000000,-0.000000002,-0.000000005,0.000000005,0.000000317
17.583410495,TRACKING,,0.001600495,1,-0.000000000,0.000000000,0.049999996,0.000000000,0.000000000,0.050000000,0.000000000,0.000000000,-0.000000004,0.000000004,0.000000024
17.593510952,TRACKING,,0.000193532,1,-0.000000000,-0.000000001,0.049999998,0.000000000,0.000000000,0.050000000,0.000000000,-0.000000001,-0.000000002,0.000000003,0.000000277
17.604355853,TRACKING,,0.002842423,1,0.000000000,-0.000000006,0.049999994,0.000000000,0.000000000,0.050000000,-0.000000000,-0.000000006,-0.000000006,0.000000008,0.000001121
17.614710395,TRACKING,,0.000049867,1,0.000000000,-0.000000006,0.049999994,0.000000000,0.000000000,0.050000000,-0.000000000,-0.000000006,-0.000000006,0.000000008,0.000001121
17.624426163,TRACKING,,0.001988746,1,-0.000000000,-0.000000005,0.049999995,0.000000000,0.000000000,0.050000000,0.000000000,-0.000000005,-0.000000005,0.000000007,0.000000928
17.634445882,TRACKING,,0.001180188,1,-0.000000000,-0.000000003,0.049999996,0.000000000,0.000000000,0.050000000,0.000000000,-0.000000003,-0.000000004,0.000000005,0.000000541
17.645519935,TRACKING,,0.002618021,1,-0.000000000,-0.000000001,0.049999998,0.000000000,0.000000000,0.050000000,0.000000000,-0.000000001,-0.000000002,0.000000003,0.000000188
17.654586243,TRACKING,,0.001281109,1,-0.000000000,0.000000001,0.049999999,0.000000000,0.000000000,0.050000000,0.000000000,0.000000001,-0.000000001,0.000000001,0.000000149
17.665237613,TRACKING,,0.000707638,1,-0.000000000,0.000000002,0.050000000,0.000000000,0.000000000,0.050000000,0.000000000,0.000000002,-0.000000000,0.000000002,0.000000453
17.674989000,TRACKING,,0.002525411,1,-0.000000000,0.000000001,0.049999998,0.000000000,0.000000000,0.050000000,0.000000000,0.000000001,-0.000000002,0.000000002,0.000000144
17.685019406,TRACKING,,0.001910384,1,0.000000000,-0.000000004,0.049999993,0.000000000,0.000000000,0.050000000,-0.000000000,-0.000000004,-0.000000007,0.000000008,0.000000716
17.694870527,TRACKING,,0.000903544,1,0.000000000,-0.000000004,0.049999992,0.000000000,0.000000000,0.050000000,-0.000000000,-0.000000004,-0.000000008,0.000000009,0.000000906
17.705008978,TRACKING,,0.000080737,1,0.000000000,-0.000000003,0.049999994,0.000000000,0.000000000,0.050000000,-0.000000000,-0.000000003,-0.000000006,0.000000007,0.000000521
17.714997828,TRACKING,,0.002025553,1,0.000000000,-0.000000001,0.049999995,0.000000000,0.000000000,0.050000000,-0.000000000,-0.000000001,-0.000000005,0.000000005,0.000000170
17.724999738,TRACKING,,0.001649176,1,-0.000000000,0.000000001,0.049999997,0.000000000,0.000000000,0.050000000,0.000000000,0.000000001,-0.000000003,0.000000003,0.000000142
17.735090696,TRACKING,,0.001051958,1,-0.000000000,0.000000002,0.049999998,0.000000000,0.000000000,0.050000000,0.000000000,0.000000002,-0.000000002,0.000000003,0.000000427
17.745123476,TRACKING,,0.000558036,1,-0.000000000,-0.000000002,0.049999999,0.000000000,0.000000000,0.050000000,0.000000000,-0.000000002,-0.000000001,0.000000002,0.000000435
17.755172879,TRACKING,,0.000531916,1,-0.000000000,-0.000000001,0.050000000,0.000000000,0.000000000,0.050000000,0.000000000,-0.000000001,-0.000000000,0.000000001,0.000000112
17.765304206,TRACKING,,0.000459490,1,0.000000000,0.000000001,0.049999995,0.000000000,0.000000000,0.050000000,-0.000000000,0.000000001,-0.000000005,0.000000005,0.000000182
17.775410599,TRACKING,,0.000023746,1,0.000000000,0.000000001,0.049999995,0.000000000,0.000000000,0.050000000,-0.000000000,0.000000001,-0.000000005,0.000000005,0.000000182
17.785646410,TRACKING,,0.000169786,1,-0.000000000,-0.000000007,0.049999998,0.000000000,0.000000000,0.050000000,0.000000000,-0.000000007,-0.000000002,0.000000007,0.000001381
17.798417129,TRACKING,,0.000387064,1,-0.000000000,-0.000000005,0.049999999,0.000000000,0.000000000,0.050000000,0.000000000,-0.000000005,-0.000000001,0.000000005,0.000000983
17.808527085,TRACKING,,0.000387064,1,-0.000000000,-0.000000003,0.050000000,0.000000000,0.000000000,0.050000000,0.000000000,-0.000000003,0.000000000,0.000000003,0.000000542
17.818545617,TRACKING,,0.000765816,1,-0.000000000,-0.000000003,0.050000000,0.000000000,0.000000000,0.050000000,0.000000000,-0.000000003,0.000000000,0.000000003,0.000000542
17.828665071,TRACKING,,0.000842991,1,-0.000000000,-0.000000007,0.050000001,0.000000000,0.000000000,0.050000000,0.000000000,-0.000000007,0.000000001,0.000000007,0.000001439
17.838687166,TRACKING,,0.001164752,1,-0.000000000,-0.000000011,0.050000002,0.000000000,0.000000000,0.050000000,0.000000000,-0.000000011,0.000000002,0.000000011,0.000002253
17.848703323,TRACKING,,0.002295073,1,-0.000000000,-0.000000011,0.049999999,0.000000000,0.000000000,0.050000000,0.000000000,-0.000000011,-0.000000001,0.000000011,0.000002243
17.858841774,TRACKING,,0.000102109,1,0.000000000,-0.000000008,0.049999998,0.000000000,0.000000000,0.050000000,-0.000000000,-0.000000008,-0.000000002,0.000000009,0.000001684
17.868835373,TRACKING,,0.001935317,1,-0.000000000,-0.000000006,0.049999999,0.000000000,0.000000000,0.050000000,0.000000000,-0.000000006,-0.000000001,0.000000006,0.000001249
17.878903773,TRACKING,,0.001491263,1,-0.000000000,-0.000000004,0.050000000,0.000000000,0.000000000,0.050000000,0.000000000,-0.000000004,-0.000000000,0.000000004,0.000000868
17.888988794,TRACKING,,0.001799964,1,-0.000000000,-0.000000002,0.050000001,0.000000000,0.000000000,0.050000000,0.000000000,-0.000000002,0.000000001,0.000000003,0.000000504
17.899150991,TRACKING,,0.001930568,1,-0.000000000,-0.000000002,0.050000001,0.000000000,0.000000000,0.050000000,0.000000000,-0.000000002,0.000000001,0.000000003,0.000000504
17.909160025,TRACKING,,0.002061172,1,-0.000000000,-0.000000006,0.050000002,0.000000000,0.000000000,0.050000000,0.000000000,-0.000000006,0.000000002,0.000000006,0.000001156
17.919297289,TRACKING,,0.002210773,1,0.000000000,-0.000000010,0.049999996,0.000000000,0.000000000,0.050000000,-0.000000000,-0.000000010,-0.000000004,0.000000011,0.000001999
17.932489504,TRACKING,,0.000204218,1,0.000000000,-0.000000014,0.049999994,0.000000000,0.000000000,0.050000000,-0.000000000,-0.000000014,-0.000000006,0.000000015,0.000002771
17.942611333,TRACKING,,0.000427432,1,0.000000000,-0.000000017,0.049999995,0.000000000,0.000000000,0.050000000,-0.000000000,-0.000000017,-0.000000005,0.000000018,0.000003408
17.952628678,TRACKING,,0.000466613,1,0.000000000,-0.000000022,0.049999997,0.000000000,0.000000000,0.050000000,-0.000000000,-0.000000022,-0.000000003,0.000000022,0.000004397
17.962725573,TRACKING,,0.000156725,1,-0.000000000,-0.000000026,0.049999998,0.000000000,0.000000000,0.050000000,0.000000000,-0.000000026,-0.000000002,0.000000026,0.000005276
17.972695426,TRACKING,,0.002135973,1,-0.000000000,-0.000000030,0.049999999,0.000000000,0.000000000,0.050000000,0.000000000,-0.000000030,-0.000000001,0.000000030,0.000005982
17.982705647,TRACKING,,0.002096792,1,-0.000000000,-0.000000029,0.050000000,0.000000000,0.000000000,0.050000000,0.000000000,-0.000000029,0.000000000,0.000000029,0.000005781
17.992804916,TRACKING,,0.002245205,1,-0.000000000,-0.000000026,0.050000001,0.000000000,0.000000000,0.050000000,0.000000000,-0.000000026,0.000000001,0.000000026,0.000005331
18.003981077,TRACKING,,0.000926103,1,0.000000000,-0.000000028,0.049999997,0.000000000,0.000000000,0.050000000,-0.000000000,-0.000000028,-0.000000003,0.000000028,0.000005593
18.014009108,TRACKING,,0.000827556,1,0.000000000,-0.000000029,0.049999998,0.000000000,0.000000000,0.050000000,-0.000000000,-0.000000029,-0.000000002,0.000000030,0.000005946
18.024054949,TRACKING,,0.001123197,1,0.000000000,-0.000000029,0.049999998,0.000000000,0.000000000,0.050000000,-0.000000000,-0.000000029,-0.000000002,0.000000030,0.000005946
18.034227832,TRACKING,,0.000502233,1,-0.000000000,-0.000000031,0.049999999,0.000000000,0.000000000,0.050000000,0.000000000,-0.000000031,-0.000000001,0.000000031,0.000006327
18.044227367,TRACKING,,0.001098263,1,-0.000000000,-0.000000033,0.050000000,0.000000000,0.000000000,0.050000000,0.000000000,-0.000000033,0.000000000,0.000000033,0.000006622
18.054896546,TRACKING,,0.000890483,1,-0.000000000,-0.000000034,0.050000001,0.000000000,0.000000000,0.050000000,0.000000000,-0.000000034,0.000000001,0.000000034,0.000006951
18.064319048,TRACKING,,0.001011590,1,-0.000000000,-0.000000036,0.049999999,0.000000000,0.000000000,0.050000000,0.000000000,-0.000000036,-0.000000001,0.000000036,0.000007336
18.074452750,TRACKING,,0.000904731,1,0.000000000,-0.000000039,0.049999998,0.000000000,0.000000000,0.050000000,-0.000000000,-0.000000039,-0.000000002,0.000000039,0.000007933
18.084424977,TRACKING,,0.000821619,1,-0.000000000,-0.000000042,0.049999999,0.000000000,0.000000000,0.050000000,0.000000000,-0.000000042,-0.000000001,0.000000042,0.000008387
18.094473192,TRACKING,,0.001107762,1,-0.000000000,-0.000000044,0.050000000,0.000000000,0.000000000,0.050000000,0.000000000,-0.000000044,0.000000000,0.000000044,0.000008887
18.104519033,TRACKING,,0.001228868,1,-0.000000000,-0.000000046,0.050000001,0.000000000,0.000000000,0.050000000,0.000000000,-0.000000046,0.000000001,0.000000046,0.000009258
18.114530441,TRACKING,,0.001364220,1,-0.000000000,-0.000000046,0.050000001,0.000000000,0.000000000,0.050000000,0.000000000,-0.000000046,0.000000001,0.000000046,0.000009258
18.124667705,TRACKING,,0.001649176,1,0.000000000,-0.000000048,0.049999995,0.000000000,0.000000000,0.050000000,-0.000000000,-0.000000048,-0.000000005,0.000000048,0.000009676
18.134696923,TRACKING,,0.001601682,1,0.000000000,-0.000000050,0.049999993,0.000000000,0.000000000,0.050000000,-0.000000000,-0.000000050,-0.000000007,0.000000050,0.000010052
18.144774821,TRACKING,,0.001454457,1,0.000000000,-0.000000051,0.049999994,0.000000000,0.000000000,0.050000000,-0.000000000,-0.000000051,-0.000000006,0.000000052,0.000010334
18.154825411,TRACKING,,0.001443770,1,0.000000000,-0.000000053,0.049999996,0.000000000,0.000000000,0.050000000,-0.000000000,-0.000000053,-0.000000004,0.000000053,0.000010596
18.164893811,TRACKING,,0.001712103,1,0.000000000,-0.000000054,0.049999997,0.000000000,0.000000000,0.050000000,-0.000000000,-0.000000054,-0.000000003,0.000000054,0.000010834
18.175188986,TRACKING,,0.001529257,1,-0.000000000,-0.000000055,0.049999999,0.000000000,0.000000000,0.050000000,0.000000000,-0.000000055,-0.000000001,0.000000055,0.000011102
18.185114909,TRACKING,,0.001859329,1,-0.000000000,-0.000000056,0.050000000,0.000000000,0.000000000,0.050000000,0.000000000,-0.000000056,-0.000000000,0.000000056,0.000011302
18.195310350,TRACKING,,0.002032677,1,0.000000000,-0.000000057,0.049999996,0.000000000,0.000000000,0.050000000,-0.000000000,-0.000000057,-0.000000004,0.000000057,0.000011526
18.205339569,TRACKING,,0.001978061,1,0.000000000,-0.000000058,0.049999996,0.000000000,0.000000000,0.050000000,-0.000000000,-0.000000058,-0.000000004,0.000000058,0.000011692
18.215385409,TRACKING,,0.002031490,1,-0.000000000,-0.000000059,0.049999998,0.000000000,0.000000000,0.050000000,0.000000000,-0.000000059,-0.000000002,0.000000059,0.000011844
18.225419377,TRACKING,,0.002118163,1,-0.000000000,-0.000000059,0.049999999,0.000000000,0.000000000,0.050000000,0.000000000,-0.000000059,-0.000000001,0.000000059,0.000011985
18.235449782,TRACKING,,0.002235707,1,-0.000000000,-0.000000059,0.049999999,0.000000000,0.000000000,0.050000000,0.000000000,-0.000000059,-0.000000001,0.000000059,0.000011985
18.245607230,TRACKING,,0.000159100,1,0.000000000,-0.000000060,0.049999994,0.000000000,0.000000000,0.050000000,-0.000000000,-0.000000060,-0.000000006,0.000000060,0.000012145
18.255675630,TRACKING,,0.000298015,1,0.000000000,-0.000000061,0.049999991,0.000000000,0.000000000,0.050000000,-0.000000000,-0.000000061,-0.000000009,0.000000062,0.000012287
18.265748778,TRACKING,,0.000280206,1,0.000000000,-0.000000062,0.049999993,0.000000000,0.000000000,0.050000000,-0.000000000,-0.000000062,-0.000000007,0.000000062,0.000012417
18.275794619,TRACKING,,0.000398936,1,0.000000000,-0.000000062,0.049999995,0.000000000,0.000000000,0.050000000,-0.000000000,-0.000000062,-0.000000005,0.000000062,0.000012514
18.285880828,TRACKING,,0.000334822,1,-0.000000000,-0.000000063,0.049999996,0.000000000,0.000000000,0.050000000,0.000000000,-0.000000063,-0.000000004,0.000000063,0.000012624
18.295902922,TRACKING,,0.000092611,1,-0.000000000,-0.000000059,0.049999997,0.000000000,0.000000000,0.050000000,0.000000000,-0.000000059,-0.000000003,0.000000059,0.000011878
18.305949950,TRACKING,,0.002367499,1,-0.000000000,-0.000000058,0.049999999,0.000000000,0.000000000,0.050000000,0.000000000,-0.000000058,-0.000000001,0.000000058,0.000011757
18.316179824,TRACKING,,0.002027928,1,0.000000000,-0.000000059,0.049999995,0.000000000,0.000000000,0.050000000,-0.000000000,-0.000000059,-0.000000005,0.000000059,0.000011911
18.326167486,TRACKING,,0.001676484,1,0.000000000,-0.000000060,0.049999995,0.000000000,0.000000000,0.050000000,-0.000000000,-0.000000060,-0.000000005,0.000000060,0.000012051
18.336415170,TRACKING,,0.001569625,1,-0.000000000,-0.000000060,0.049999997,0.000000000,0.000000000,0.050000000,0.000000000,-0.000000060,-0.000000003,0.000000060,0.000012178
18.346482382,TRACKING,,0.001347599,1,-0.000000000,-0.000000061,0.049999998,0.000000000,0.000000000,0.050000000,0.000000000,-0.000000061,-0.000000002,0.000000061,0.000012298
18.356386933,TRACKING,,0.001100637,1,0.000000000,-0.000000056,0.049999993,0.000000000,0.000000000,0.050000000,-0.000000000,-0.000000056,-0.000000007,0.000000056,0.000011322
18.366517072,TRACKING,,0.001086390,1,0.000000000,-0.000000057,0.049999995,0.000000000,0.000000000,0.050000000,-0.000000000,-0.000000057,-0.000000005,0.000000057,0.000011506
18.376545103,TRACKING,,0.000889296,1,-0.000000000,-0.000000058,0.049999996,0.000000000,0.000000000,0.050000000,0.000000000,-0.000000058,-0.000000004,0.000000058,0.000011675
18.386558886,TRACKING,,0.000980719,1,-0.000000000,-0.000000059,0.049999997,0.000000000,0.000000000,0.050000000,0.000000000,-0.000000059,-0.000000003,0.000000059,0.000011829
18.396673591,TRACKING,,0.000945100,1,-0.000000000,-0.000000059,0.049999999,0.000000000,0.000000000,0.050000000,0.000000000,-0.000000059,-0.000000001,0.000000059,0.000011972
18.406751489,TRACKING,,0.001100638,1,0.000000000,-0.000000055,0.049999994,0.000000000,0.000000000,0.050000000,-0.000000000,-0.000000055,-0.000000006,0.000000055,0.000011042
18.417021731,TRACKING,,0.001107761,1,0.000000000,-0.000000056,0.049999996,0.000000000,0.000000000,0.050000000,-0.000000000,-0.000000056,-0.000000004,0.000000056,0.000011245
18.426894224,TRACKING,,0.001295357,1,0.000000000,-0.000000056,0.049999996,0.000000000,0.000000000,0.050000000,-0.000000000,-0.000000056,-0.000000004,0.000000056,0.000011245
18.437007742,TRACKING,,0.001315541,1,-0.000000000,-0.000000057,0.049999997,0.000000000,0.000000000,0.050000000,0.000000000,-0.000000057,-0.000000003,0.000000057,0.000011473
18.447167564,TRACKING,,0.001402215,1,-0.000000000,-0.000000058,0.049999998,0.000000000,0.000000000,0.050000000,0.000000000,-0.000000058,-0.000000002,0.000000058,0.000011645
18.457135042,TRACKING,,0.001491263,1,-0.000000000,-0.000000059,0.050000000,0.000000000,0.000000000,0.050000000,0.000000000,-0.000000059,-0.000000000,0.000000059,0.000011836
18.467304363,TRACKING,,0.001449707,1,-0.000000000,-0.000000057,0.049999998,0.000000000,0.000000000,0.050000000,0.000000000,-0.000000057,-0.000000002,0.000000057,0.000011432
18.477444001,TRACKING,,0.001392716,1,0.000000000,-0.000000055,0.049999993,0.000000000,0.000000000,0.050000000,-0.000000000,-0.000000055,-0.000000007,0.000000055,0.000011081
18.487531398,TRACKING,,0.001409339,1,0.000000000,-0.000000056,0.049999992,0.000000000,0.000000000,0.050000000,-0.000000000,-0.000000056,-0.000000008,0.000000056,0.000011282
18.497616419,TRACKING,,0.001283484,1,0.000000000,-0.000000057,0.049999994,0.000000000,0.000000000,0.050000000,-0.000000000,-0.000000057,-0.000000006,0.000000057,0.000011468
18.507516221,TRACKING,,0.001179000,1,0.000000000,-0.000000058,0.049999995,0.000000000,0.000000000,0.050000000,-0.000000000,-0.000000058,-0.000000005,0.000000058,0.000011643
18.517697415,TRACKING,,0.001487701,1,-0.000000000,-0.000000055,0.049999997,0.000000000,0.000000000,0.050000000,0.000000000,-0.000000055,-0.000000003,0.000000055,0.000011057
18.527736131,TRACKING,,0.001575562,1,-0.000000000,-0.000000049,0.049999998,0.000000000,0.000000000,0.050000000,0.000000000,-0.000000049,-0.000000002,0.000000050,0.000010000
18.537857960,TRACKING,,0.000018997,1,-0.000000000,-0.000000049,0.049999998,0.000000000,0.000000000,0.050000000,0.000000000,-0.000000049,-0.000000002,0.000000050,0.000010000
18.547795755,TRACKING,,0.000211341,1,-0.000000000,-0.000000051,0.049999999,0.000000000,0.000000000,0.050000000,0.000000000,-0.000000051,-0.000000001,0.000000051,0.000010329
18.558014943,TRACKING,,0.000389438,1,-0.000000000,-0.000000053,0.049999999,0.000000000,0.000000000,0.050000000,0.000000000,-0.000000053,-0.000000001,0.000000053,0.000010645
18.568113025,TRACKING,,0.000495108,1,0.000000000,-0.000000054,0.049999994,0.000000000,0.000000000,0.050000000,-0.000000000,-0.000000054,-0.000000006,0.000000054,0.000010929
18.578131558,TRACKING,,0.000308700,1,0.000000000,-0.000000055,0.049999993,0.000000000,0.000000000,0.050000000,-0.000000000,-0.000000055,-0.000000007,0.000000056,0.000011193
18.588205894,TRACKING,,0.000419121,1,0.000000000,-0.000000056,0.049999994,0.000000000,0.000000000,0.050000000,-0.000000000,-0.000000056,-0.000000006,0.000000057,0.000011386
18.598204242,TRACKING,,0.000606716,1,-0.000000000,-0.000000057,0.049999996,0.000000000,0.000000000,0.050000000,0.000000000,-0.000000057,-0.000000004,0.000000058,0.000011604
18.608352191,TRACKING,,0.000913042,1,-0.000000000,-0.000000057,0.049999996,0.000000000,0.000000000,0.050000000,0.000000000,-0.000000057,-0.000000004,0.000000058,0.000011604
18.618405156,TRACKING,,0.001177813,1,-0.000000000,-0.000000052,0.049999998,0.000000000,0.000000000,0.050000000,0.000000000,-0.000000052,-0.000000002,0.000000052,0.000010519
18.628410628,TRACKING,,0.001142194,1,-0.000000000,-0.000000047,0.049999999,0.000000000,0.000000000,0.050000000,0.000000000,-0.000000047,-0.000000001,0.000000047,0.000009525
18.638486151,TRACKING,,0.001328601,1,-0.000000000,-0.000000046,0.049999997,0.000000000,0.000000000,0.050000000,0.000000000,-0.000000046,-0.000000003,0.000000046,0.000009317
18.648729085,TRACKING,,0.001420024,1,0.000000000,-0.000000048,0.049999992,0.000000000,0.000000000,0.050000000,-0.000000000,-0.000000048,-0.000000008,0.000000049,0.000009729
18.658814107,TRACKING,,0.001488889,1,0.000000000,-0.000000050,0.049999992,0.000000000,0.000000000,0.050000000,-0.000000000,-0.000000050,-0.000000008,0.000000050,0.000010037
18.668737654,TRACKING,,0.001377281,1,0.000000000,-0.000000051,0.049999994,0.000000000,0.000000000,0.050000000,-0.000000000,-0.000000051,-0.000000006,0.000000051,0.000010320
18.678800117,TRACKING,,0.001491263,1,0.000000000,-0.000000052,0.049999995,0.000000000,0.000000000,0.050000000,-0.000000000,-0.000000052,-0.000000005,0.000000053,0.000010579
18.688898200,TRACKING,,0.001688357,1,-0.000000000,-0.000000054,0.049999997,0.000000000,0.000000000,0.050000000,0.000000000,-0.000000054,-0.000000003,0.000000054,0.000010872
18.699156569,TRACKING,,0.001776217,1,-0.000000000,-0.000000054,0.049999997,0.000000000,0.000000000,0.050000000,0.000000000,-0.000000054,-0.000000003,0.000000054,0.000010872
18.709219032,TRACKING,,0.001827272,1,-0.000000000,-0.000000050,0.049999998,0.000000000,0.000000000,0.050000000,0.000000000,-0.000000050,-0.000000002,0.000000050,0.000010086
18.719218567,TRACKING,,0.001551816,1,0.000000000,-0.000000046,0.049999994,0.000000000,0.000000000,0.050000000,-0.000000000,-0.000000046,-0.000000006,0.000000046,0.000009302
18.729205042,TRACKING,,0.001487701,1,0.000000000,-0.000000042,0.049999990,0.000000000,0.000000000,0.050000000,-0.000000000,-0.000000042,-0.000000010,0.000000044,0.000008559
18.739277004,TRACKING,,0.001788091,1,0.000000000,-0.000000044,0.049999991,0.000000000,0.000000000,0.050000000,-0.000000000,-0.000000044,-0.000000009,0.000000045,0.000008961
18.749386959,TRACKING,,0.002258266,1,0.000000000,-0.000000047,0.049999994,0.000000000,0.000000000,0.050000000,-0.000000000,-0.000000047,-0.000000006,0.000000047,0.000009401
18.759441111,TRACKING,,0.000023746,1,-0.000000000,-0.000000048,0.049999995,0.000000000,0.000000000,0.050000000,0.000000000,-0.000000048,-0.000000005,0.000000049,0.000009794
18.769736287,TRACKING,,0.000029683,1,-0.000000000,-0.000000050,0.049999997,0.000000000,0.000000000,0.050000000,0.000000000,-0.000000050,-0.000000003,0.000000050,0.000010165
18.779812997,TRACKING,,0.000112794,1,-0.000000000,-0.000000048,0.049999998,0.000000000,0.000000000,0.050000000,0.000000000,-0.000000048,-0.000000002,0.000000048,0.000009634
18.789922953,TRACKING,,0.000173347,1,-0.000000000,-0.000000048,0.049999999,0.000000000,0.000000000,0.050000000,0.000000000,-0.000000048,-0.000000001,0.000000048,0.000009689
18.800011536,TRACKING,,0.000213716,1,-0.000000000,-0.000000050,0.049999996,0.000000000,0.000000000,0.050000000,0.000000000,-0.000000050,-0.000000004,0.000000050,0.000009998
18.809889966,TRACKING,,0.000014248,1,-0.000000000,-0.000000047,0.049999996,0.000000000,0.000000000,0.050000000,0.000000000,-0.000000047,-0.000000004,0.000000047,0.000009470
18.819991610,TRACKING,,0.002336629,1,-0.000000000,-0.000000043,0.049999997,0.000000000,0.000000000,0.050000000,0.000000000,-0.000000043,-0.000000003,0.000000043,0.000008714
18.830020828,TRACKING,,0.002292698,1,-0.000000000,-0.000000044,0.049999998,0.000000000,0.000000000,0.050000000,0.000000000,-0.000000044,-0.000000002,0.000000044,0.000008832
18.840383681,TRACKING,,0.000029683,1,-0.000000000,-0.000000044,0.049999998,0.000000000,0.000000000,0.050000000,0.000000000,-0.000000044,-0.000000002,0.000000044,0.000008832
18.850325038,TRACKING,,0.000022559,1,0.000000000,-0.000000046,0.049999994,0.000000000,0.000000000,0.050000000,-0.000000000,-0.000000046,-0.000000006,0.000000046,0.000009294
18.860500296,TRACKING,,0.000014248,1,0.000000000,-0.000000048,0.049999991,0.000000000,0.000000000,0.050000000,-0.000000000,-0.000000048,-0.000000009,0.000000049,0.000009711
18.870740855,TRACKING,,0.002486230,1,0.000000000,-0.000000050,0.049999992,0.000000000,0.000000000,0.050000000,-0.000000000,-0.000000050,-0.000000008,0.000000050,0.000010019
18.880671527,TRACKING,,0.002254704,1,0.000000000,-0.000000050,0.049999994,0.000000000,0.000000000,0.050000000,-0.000000000,-0.000000050,-0.000000006,0.000000050,0.000010022
18.890691246,TRACKING,,0.001752471,1,-0.000000000,-0.000000046,0.049999995,0.000000000,0.000000000,0.050000000,0.000000000,-0.000000046,-0.000000005,0.000000046,0.000009221
18.900766770,TRACKING,,0.001458018,1,-0.000000000,-0.000000043,0.049999997,0.000000000,0.000000000,0.050000000,0.000000000,-0.000000043,-0.000000003,0.000000043,0.000008753
18.910814985,TRACKING,,0.001091139,1,-0.000000000,-0.000000045,0.049999998,0.000000000,0.000000000,0.050000000,0.000000000,-0.000000045,-0.000000002,0.000000045,0.000009150
18.920973620,TRACKING,,0.000651834,1,-0.000000000,-0.000000047,0.049999996,0.000000000,0.000000000,0.050000000,0.000000000,-0.000000047,-0.000000004,0.000000047,0.000009512
18.931026584,TRACKING,,0.000635211,1,0.000000000,-0.000000049,0.049999992,0.000000000,0.000000000,0.050000000,-0.000000000,-0.000000049,-0.000000008,0.000000049,0.000009847
18.941032056,TRACKING,,0.000531916,1,0.000000000,-0.000000048,0.049999991,0.000000000,0.000000000,0.050000000,-0.000000000,-0.000000048,-0.000000009,0.000000048,0.000009608
18.951106392,TRACKING,,0.000081924,1,0.000000000,-0.000000044,0.049999992,0.000000000,0.000000000,0.050000000,-0.000000000,-0.000000044,-0.000000008,0.000000044,0.000008847
18.961211599,TRACKING,,0.000021372,1,0.000000000,-0.000000043,0.049999994,0.000000000,0.000000000,0.050000000,-0.000000000,-0.000000043,-0.000000006,0.000000043,0.000008662
18.971287122,TRACKING,,0.000042743,1,-0.000000000,-0.000000045,0.049999996,0.000000000,0.000000000,0.050000000,0.000000000,-0.000000045,-0.000000004,0.000000045,0.000009054
18.981642851,TRACKING,,0.002439925,1,-0.000000000,-0.000000047,0.049999997,0.000000000,0.000000000,0.050000000,0.000000000,-0.000000047,-0.000000003,0.000000047,0.000009417
18.991534341,TRACKING,,0.000032058,1,-0.000000000,-0.000000046,0.049999998,0.000000000,0.000000000,0.050000000,0.000000000,-0.000000046,-0.000000002,0.000000046,0.000009209
19.001453139,TRACKING,,0.000091423,1,0.000000000,-0.000000041,0.049999995,0.000000000,0.000000000,0.050000000,-0.000000000,-0.000000041,-0.000000005,0.000000042,0.000008329
19.011667578,TRACKING,,0.000108045,1,0.000000000,-0.000000042,0.049999991,0.000000000,0.000000000,0.050000000,-0.000000000,-0.000000042,-0.000000009,0.000000043,0.000008480
19.021770409,TRACKING,,0.000042743,1,0.000000000,-0.000000044,0.049999991,0.000000000,0.000000000,0.050000000,-0.000000000,-0.000000044,-0.000000009,0.000000045,0.000008884
19.031786567,TRACKING,,0.002603774,1,0.000000000,-0.000000046,0.049999993,0.000000000,0.000000000,0.050000000,-0.000000000,-0.000000046,-0.000000007,0.000000046,0.000009258
19.041953513,TRACKING,,0.001912759,1,-0.000000000,-0.000000044,0.049999995,0.000000000,0.000000000,0.050000000,0.000000000,-0.000000044,-0.000000005,0.000000044,0.000008801
19.051936426,TRACKING,,0.001194435,1,-0.000000000,-0.000000040,0.049999996,0.000000000,0.000000000,0.050000000,0.000000000,-0.000000040,-0.000000004,0.000000040,0.000008067
19.061941898,TRACKING,,0.001148130,1,-0.000000000,-0.000000042,0.049999997,0.000000000,0.000000000,0.050000000,0.000000000,-0.000000042,-0.000000003,0.000000042,0.000008509
19.072055416,TRACKING,,0.001041272,1,0.000000000,-0.000000044,0.049999993,0.000000000,0.000000000,0.050000000,-0.000000000,-0.000000044,-0.000000007,0.000000045,0.000008909
19.082095320,TRACKING,,0.000701701,1,0.000000000,-0.000000041,0.049999995,0.000000000,0.000000000,0.050000000,-0.000000000,-0.000000041,-0.000000005,0.000000041,0.000008183
19.092264641,TRACKING,,0.000260021,1,-0.000000000,-0.000000043,0.049999996,0.000000000,0.000000000,0.050000000,0.000000000,-0.000000043,-0.000000004,0.000000043,0.000008625
19.102594249,TRACKING,,0.002444674,1,-0.000000000,-0.000000043,0.049999996,0.000000000,0.000000000,0.050000000,0.000000000,-0.000000043,-0.000000004,0.000000043,0.000008625
19.112438246,TRACKING,,0.002137160,1,-0.000000000,-0.000000039,0.049999997,0.000000000,0.000000000,0.050000000,0.000000000,-0.000000039,-0.000000003,0.000000039,0.000007931
19.122530392,TRACKING,,0.001612369,1,-0.000000000,-0.000000036,0.049999999,0.000000000,0.000000000,0.050000000,0.000000000,-0.000000036,-0.000000001,0.000000036,0.000007290
19.132552486,TRACKING,,0.000949849,1,0.000000000,-0.000000033,0.049999994,0.000000000,0.000000000,0.050000000,-0.000000000,-0.000000033,-0.000000006,0.000000034,0.000006694
19.142891593,TRACKING,,0.000174535,1,0.000000000,-0.000000036,0.049999991,0.000000000,0.000000000,0.050000000,-0.000000000,-0.000000036,-0.000000009,0.000000037,0.000007270
19.153176083,TRACKING,,0.001809463,1,0.000000000,-0.000000039,0.049999993,0.000000000,0.000000000,0.050000000,-0.000000000,-0.000000039,-0.000000007,0.000000039,0.000007804
19.162874041,TRACKING,,0.000727822,1,0.000000000,-0.000000041,0.049999995,0.000000000,0.000000000,0.050000000,-0.000000000,-0.000000041,-0.000000005,0.000000042,0.000008321
19.173196525,TRACKING,,0.002433988,1,-0.000000000,-0.000000044,0.049999996,0.000000000,0.000000000,0.050000000,0.000000000,-0.000000044,-0.000000004,0.000000044,0.000008782
19.183017964,TRACKING,,0.001737036,1,-0.000000000,-0.000000043,0.049999997,0.000000000,0.000000000,0.050000000,0.000000000,-0.000000043,-0.000000003,0.000000043,0.000008604
19.193278708,TRACKING,,0.001104200,1,-0.000000000,-0.000000039,0.049999999,0.000000000,0.000000000,0.050000000,0.000000000,-0.000000039,-0.000000001,0.000000039,0.000007894
19.203208192,TRACKING,,0.000421495,1,0.000000000,-0.000000036,0.049999995,0.000000000,0.000000000,0.050000000,-0.000000000,-0.000000036,-0.000000005,0.000000036,0.000007241
19.213384637,TRACKING,,0.002454172,1,0.000000000,-0.000000037,0.049999995,0.000000000,0.000000000,0.050000000,-0.000000000,-0.000000037,-0.000000005,0.000000037,0.000007497
19.223707121,TRACKING,,0.001849830,1,-0.000000000,-0.000000040,0.049999997,0.000000000,0.000000000,0.050000000,0.000000000,-0.000000040,-0.000000003,0.000000040,0.000008011
19.233425263,TRACKING,,0.000859613,1,-0.000000000,-0.000000042,0.049999998,0.000000000,0.000000000,0.050000000,0.000000000,-0.000000042,-0.000000002,0.000000042,0.000008490
19.243500787,TRACKING,,0.000216091,1,0.000000000,-0.000000039,0.049999993,0.000000000,0.000000000,0.050000000,-0.000000000,-0.000000039,-0.000000007,0.000000039,0.000007785
19.253722349,TRACKING,,0.002245205,1,0.000000000,-0.000000039,0.049999993,0.000000000,0.000000000,0.050000000,-0.000000000,-0.000000039,-0.000000007,0.000000039,0.000007785
19.263686265,TRACKING,,0.001344037,1,0.000000000,-0.000000035,0.049999995,0.000000000,0.000000000,0.050000000,-0.000000000,-0.000000035,-0.000000005,0.000000036,0.000007143
19.274148852,TRACKING,,0.000128229,1,-0.000000000,-0.000000032,0.049999996,0.000000000,0.000000000,0.050000000,0.000000000,-0.000000032,-0.000000004,0.000000032,0.000006457
19.284065276,TRACKING,,0.002354438,1,-0.000000000,-0.000000028,0.049999998,0.000000000,0.000000000,0.050000000,0.000000000,-0.000000028,-0.000000002,0.000000028,0.000005586
19.294028005,TRACKING,,0.001628991,1,-0.000000000,-0.000000024,0.049999999,0.000000000,0.000000000,0.050000000,0.000000000,-0.000000024,-0.000000001,0.000000024,0.000004827
19.304042975,TRACKING,,0.000670831,1,-0.000000000,-0.000000020,0.050000000,0.000000000,0.000000000,0.050000000,0.000000000,-0.000000020,-0.000000000,0.000000020,0.000004115
19.314465193,TRACKING,,0.002596650,1,-0.000000000,-0.000000020,0.050000001,0.000000000,0.000000000,0.050000000,0.000000000,-0.000000020,0.000000001,0.000000020,0.000004044
19.324205895,TRACKING,,0.001985184,1,-0.000000000,-0.000000020,0.049999999,0.000000000,0.000000000,0.050000000,0.000000000,-0.000000020,-0.000000001,0.000000020,0.000004113
19.334383527,TRACKING,,0.000455927,1,0.000000000,-0.000000019,0.049999994,0.000000000,0.000000000,0.050000000,-0.000000000,-0.000000019,-0.000000006,0.000000020,0.000003755
19.344435304,TRACKING,,0.000560411,1,0.000000000,-0.000000021,0.049999994,0.000000000,0.000000000,0.050000000,-0.000000000,-0.000000021,-0.000000006,0.000000022,0.000004326
19.354627184,TRACKING,,0.000856052,1,0.000000000,-0.000000025,0.049999995,0.000000000,0.000000000,0.050000000,-0.000000000,-0.000000025,-0.000000005,0.000000026,0.000005137
19.364816689,TRACKING,,0.002470794,1,0.000000000,-0.000000025,0.049999995,0.000000000,0.000000000,0.050000000,-0.000000000,-0.000000025,-0.000000005,0.000000026,0.000005137
19.374601321,TRACKING,,0.001847456,1,-0.000000000,-0.000000022,0.049999997,0.000000000,0.000000000,0.050000000,0.000000000,-0.000000022,-0.000000003,0.000000022,0.000004370
19.384621041,TRACKING,,0.001169501,1,-0.000000000,-0.000000018,0.049999998,0.000000000,0.000000000,0.050000000,0.000000000,-0.000000018,-0.000000002,0.000000018,0.000003705
19.394728622,TRACKING,,0.000736133,1,-0.000000000,-0.000000015,0.049999999,0.000000000,0.000000000,0.050000000,0.000000000,-0.000000015,-0.000000001,0.000000015,0.000003096
19.404652169,TRACKING,,0.000471363,1,-0.000000000,-0.000000013,0.050000000,0.000000000,0.000000000,0.050000000,0.000000000,-0.000000013,0.000000000,0.000000013,0.000002547
19.414792995,TRACKING,,0.000317012,1,-0.000000000,-0.000000010,0.050000000,0.000000000,0.000000000,0.050000000,0.000000000,-0.000000010,-0.000000000,0.000000010,0.000002052
19.425031179,TRACKING,,0.002284387,1,0.000000000,-0.000000008,0.049999995,0.000000000,0.000000000,0.050000000,-0.000000000,-0.000000008,-0.000000005,0.000000009,0.000001602
19.434892987,TRACKING,,0.000438118,1,0.000000000,-0.000000006,0.049999993,0.000000000,0.000000000,0.050000000,-0.000000000,-0.000000006,-0.000000007,0.000000009,0.000001192
19.444942389,TRACKING,,0.000021371,1,0.000000000,-0.000000004,0.049999995,0.000000000,0.000000000,0.050000000,-0.000000000,-0.000000004,-0.000000005,0.000000006,0.000000722
19.454920553,TRACKING,,0.000159100,1,0.000000000,-0.000000002,0.049999997,0.000000000,0.000000000,0.050000000,-0.000000000,-0.000000002,-0.000000003,0.000000004,0.000000369
19.464986578,TRACKING,,0.000172160,1,-0.000000000,0.000000000,0.049999998,0.000000000,0.000000000,0.050000000,0.000000000,0.000000000,-0.000000002,0.000000002,0.000000008
19.475173708,TRACKING,,0.000103296,1,-0.000000000,0.000000002,0.049999999,0.000000000,0.000000000,0.050000000,0.000000000,0.000000002,-0.000000001,0.000000002,0.000000295
19.485227860,TRACKING,,0.000187595,1,-0.000000000,0.000000003,0.050000000,0.000000000,0.000000000,0.050000000,0.000000000,0.000000003,0.000000000,0.000000003,0.000000555
19.495240456,TRACKING,,0.000017809,1,-0.000000000,0.000000004,0.050000001,0.000000000,0.000000000,0.050000000,0.000000000,0.000000004,0.000000001,0.000000004,0.000000795
19.505261363,TRACKING,,0.000214904,1,0.000000000,0.000000005,0.049999998,0.000000000,0.000000000,0.050000000,-0.000000000,0.000000005,-0.000000002,0.000000006,0.000001019
19.515322638,TRACKING,,0.000436930,1,0.000000000,0.000000006,0.049999998,0.000000000,0.000000000,0.050000000,-0.000000000,0.000000006,-0.000000002,0.000000007,0.000001263
19.525356606,TRACKING,,0.000136540,1,-0.000000000,0.000000007,0.049999999,0.000000000,0.000000000,0.050000000,0.000000000,0.000000007,-0.000000001,0.000000007,0.000001455
19.535624474,TRACKING,,0.002409054,1,-0.000000000,0.000000007,0.049999999,0.000000000,0.000000000,0.050000000,0.000000000,0.000000007,-0.000000001,0.000000007,0.000001455
19.545563456,TRACKING,,0.000015435,1,-0.000000000,0.000000008,0.050000000,0.000000000,0.000000000,0.050000000,0.000000000,0.000000008,-0.000000000,0.000000008,0.000001631
19.555673412,TRACKING,,0.000087861,1,-0.000000000,0.000000009,0.050000001,0.000000000,0.000000000,0.050000000,0.000000000,0.000000009,0.000000001,0.000000009,0.000001823
19.565639702,TRACKING,,0.000238649,1,-0.000000000,0.000000010,0.050000000,0.000000000,0.000000000,0.050000000,0.000000000,0.000000010,0.000000000,0.000000010,0.000001964
19.575683168,TRACKING,,0.000377565,1,0.000000000,0.000000011,0.049999995,0.000000000,0.000000000,0.050000000,-0.000000000,0.000000011,-0.000000005,0.000000012,0.000002124
19.585871486,TRACKING,,0.000561599,1,0.000000000,0.000000011,0.049999994,0.000000000,0.000000000,0.050000000,-0.000000000,0.000000011,-0.000000006,0.000000013,0.000002268
19.595804532,TRACKING,,0.000597218,1,0.000000000,0.000000012,0.049999995,0.000000000,0.000000000,0.050000000,-0.000000000,0.000000012,-0.000000005,0.000000013,0.000002398
19.605878868,TRACKING,,0.000751568,1,0.000000000,0.000000012,0.049999997,0.000000000,0.000000000,0.050000000,-0.000000000,0.000000012,-0.000000003,0.000000013,0.000002495
19.616108742,TRACKING,,0.000458302,1,-0.000000000,0.000000013,0.049999998,0.000000000,0.000000000,0.050000000,0.000000000,0.000000013,-0.000000002,0.000000013,0.000002586
19.626060785,TRACKING,,0.000086673,1,-0.000000000,0.000000013,0.049999999,0.000000000,0.000000000,0.050000000,0.000000000,0.000000013,-0.000000001,0.000000013,0.000002672
19.636367834,TRACKING,,0.002428051,1,-0.000000000,0.000000013,0.049999999,0.000000000,0.000000000,0.050000000,0.000000000,0.000000013,-0.000000001,0.000000013,0.000002672
19.646302067,TRACKING,,0.002278450,1,-0.000000000,0.000000014,0.050000000,0.000000000,0.000000000,0.050000000,0.000000000,0.000000014,0.000000000,0.000000014,0.000002749
19.656337222,TRACKING,,0.002176342,1,0.000000000,0.000000014,0.049999995,0.000000000,0.000000000,0.050000000,-0.000000000,0.000000014,-0.000000005,0.000000015,0.000002820
19.666403246,TRACKING,,0.000021371,1,0.000000000,0.000000014,0.049999991,0.000000000,0.000000000,0.050000000,-0.000000000,0.000000014,-0.000000009,0.000000017,0.000002884
19.676737604,TRACKING,,0.002295073,1,0.000000000,0.000000015,0.049999993,0.000000000,0.000000000,0.050000000,-0.000000000,0.000000015,-0.000000007,0.000000016,0.000002956
19.686731202,TRACKING,,0.000102108,1,0.000000000,0.000000015,0.049999995,0.000000000,0.000000000,0.050000000,-0.000000000,0.000000015,-0.000000005,0.000000016,0.000003010
19.696817412,TRACKING,,0.000284955,1,-0.000000000,0.000000015,0.049999996,0.000000000,0.000000000,0.050000000,0.000000000,0.000000015,-0.000000004,0.000000016,0.000003069
19.706897684,TRACKING,,0.000439305,1,-0.000000000,0.000000015,0.049999998,0.000000000,0.000000000,0.050000000,0.000000000,0.000000015,-0.000000002,0.000000016,0.000003124
19.716982706,TRACKING,,0.000585345,1,-0.000000000,0.000000016,0.049999999,0.000000000,0.000000000,0.050000000,0.000000000,0.000000016,-0.000000001,0.000000016,0.000003173
19.727083163,TRACKING,,0.000648272,1,-0.000000000,0.000000016,0.050000000,0.000000000,0.000000000,0.050000000,0.000000000,0.000000016,0.000000000,0.000000016,0.000003210
19.737148000,TRACKING,,0.000725447,1,-0.000000000,0.000000016,0.050000001,0.000000000,0.000000000,0.050000000,0.000000000,0.000000016,0.000000001,0.000000016,0.000003243
19.747202152,TRACKING,,0.000693390,1,-0.000000000,0.000000016,0.050000001,0.000000000,0.000000000,0.050000000,0.000000000,0.000000016,0.000000001,0.000000016,0.000003243
19.757297860,TRACKING,,0.000365691,1,0.000000000,0.000000016,0.049999995,0.000000000,0.000000000,0.050000000,-0.000000000,0.000000016,-0.000000005,0.000000017,0.000003282
19.767353199,TRACKING,,0.000261208,1,0.000000000,0.000000016,0.049999992,0.000000000,0.000000000,0.050000000,-0.000000000,0.000000016,-0.000000008,0.000000018,0.000003311
19.777425160,TRACKING,,0.000185221,1,0.000000000,0.000000017,0.049999994,0.000000000,0.000000000,0.050000000,-0.000000000,0.000000017,-0.000000006,0.000000018,0.000003337
19.787564798,TRACKING,,0.000040369,1,0.000000000,0.000000017,0.049999995,0.000000000,0.000000000,0.050000000,-0.000000000,0.000000017,-0.000000005,0.000000017,0.000003361
19.797699687,TRACKING,,0.000015435,1,-0.000000000,0.000000017,0.049999997,0.000000000,0.000000000,0.050000000,0.000000000,0.000000017,-0.000000003,0.000000017,0.000003383
19.807648168,TRACKING,,0.000182846,1,-0.000000000,0.000000017,0.049999998,0.000000000,0.000000000,0.050000000,0.000000000,0.000000017,-0.000000002,0.000000017,0.000003404
19.817796117,TRACKING,,0.000021371,1,-0.000000000,0.000000017,0.049999999,0.000000000,0.000000000,0.050000000,0.000000000,0.000000017,-0.000000001,0.000000017,0.000003427
19.827921508,TRACKING,,0.000048680,1,0.000000000,0.000000017,0.049999996,0.000000000,0.000000000,0.050000000,-0.000000000,0.000000017,-0.000000004,0.000000017,0.000003448
19.838756910,TRACKING,,0.000305139,1,0.000000000,0.000000017,0.049999996,0.000000000,0.000000000,0.050000000,-0.000000000,0.000000017,-0.000000004,0.000000018,0.000003463
19.848558165,TRACKING,,0.000755130,1,-0.000000000,0.000000017,0.049999997,0.000000000,0.000000000,0.050000000,0.000000000,0.000000017,-0.000000003,0.000000017,0.000003477
19.858631313,TRACKING,,0.001038898,1,-0.000000000,0.000000017,0.049999999,0.000000000,0.000000000,0.050000000,0.000000000,0.000000017,-0.000000001,0.000000017,0.000003492
19.868740081,TRACKING,,0.001777405,1,-0.000000000,0.000000017,0.049999999,0.000000000,0.000000000,0.050000000,0.000000000,0.000000017,-0.000000001,0.000000017,0.000003492
19.878839351,TRACKING,,0.001720414,1,0.000000000,0.000000017,0.049999993,0.000000000,0.000000000,0.050000000,-0.000000000,0.000000017,-0.000000007,0.000000019,0.000003506
19.888888753,TRACKING,,0.001775030,1,0.000000000,0.000000017,0.049999989,0.000000000,0.000000000,0.050000000,-0.000000000,0.000000017,-0.000000011,0.000000020,0.000003517
19.899717032,TRACKING,,0.002267764,1,0.000000000,0.000000017,0.049999991,0.000000000,0.000000000,0.050000000,-0.000000000,0.000000017,-0.000000009,0.000000020,0.000003526
19.909447048,TRACKING,,0.002169217,1,0.000000000,0.000000017,0.049999993,0.000000000,0.000000000,0.050000000,-0.000000000,0.000000017,-0.000000007,0.000000019,0.000003535
19.919609245,TRACKING,,0.002132411,1,0.000000000,0.000000018,0.049999994,0.000000000,0.000000000,0.050000000,-0.000000000,0.000000018,-0.000000006,0.000000018,0.000003544
19.929668146,TRACKING,,0.002375810,1,-0.000000000,0.000000018,0.049999996,0.000000000,0.000000000,0.050000000,0.000000000,0.000000018,-0.000000004,0.000000018,0.000003552
19.939645122,TRACKING,,0.000578221,1,-0.000000000,0.000000018,0.049999998,0.000000000,0.000000000,0.050000000,0.000000000,0.000000018,-0.000000002,0.000000018,0.000003561
19.949892806,TRACKING,,0.000447616,1,-0.000000000,0.000000018,0.049999999,0.000000000,0.000000000,0.050000000,0.000000000,0.000000018,-0.000000001,0.000000018,0.000003568
19.959810417,TRACKING,,0.000124668,1,-0.000000000,0.000000018,0.049999997,0.000000000,0.000000000,0.050000000,0.000000000,0.000000018,-0.000000003,0.000000018,0.000003574
19.969807577,TRACKING,,0.000358568,1,0.000000000,0.000000018,0.049999995,0.000000000,0.000000000,0.050000000,-0.000000000,0.000000018,-0.000000005,0.000000018,0.000003580
19.980064759,TRACKING,,0.002524223,1,-0.000000000,0.000000018,0.049999997,0.000000000,0.000000000,0.050000000,0.000000000,0.000000018,-0.000000003,0.000000018,0.000003585
19.990156905,TRACKING,,0.000104484,1,-0.000000000,0.000000018,0.049999998,0.000000000,0.000000000,0.050000000,0.000000000,0.000000018,-0.000000002,0.000000018,0.000003590
20.000197996,TRACKING,,0.001473454,1,0.000000000,0.000000018,0.049999994,0.000000000,0.000000000,0.050000000,-0.000000000,0.000000018,-0.000000006,0.000000019,0.000003594
20.010248586,TRACKING,,0.001250239,1,0.000000000,0.000000018,0.049999996,0.000000000,0.000000000,0.050000000,-0.000000000,0.000000018,-0.000000004,0.000000018,0.000003598
20.020219626,TRACKING,,0.001383218,1,0.000000000,0.000000018,0.049999996,0.000000000,0.000000000,0.050000000,-0.000000000,0.000000018,-0.000000004,0.000000018,0.000003598
20.032475053,TRACKING,,0.000724260,1,-0.000000000,0.000000018,0.049999997,0.000000000,0.000000000,0.050000000,0.000000000,0.000000018,-0.000000003,0.000000018,0.000003602
20.042982757,TRACKING,,0.000761067,1,-0.000000000,0.000000018,0.049999999,0.000000000,0.000000000,0.050000000,0.000000000,0.000000018,-0.000000001,0.000000018,0.000003607
20.052753142,TRACKING,,0.002825801,1,0.000000000,0.000000018,0.049999997,0.000000000,0.000000000,0.050000000,-0.000000000,0.000000018,-0.000000003,0.000000018,0.000003610
20.062664816,TRACKING,,0.000024934,1,0.000000000,0.000000018,0.049999995,0.000000000,0.000000000,0.050000000,-0.000000000,0.000000018,-0.000000005,0.000000019,0.000003613
20.072747463,TRACKING,,0.000105671,1,-0.000000000,0.000000018,0.049999997,0.000000000,0.000000000,0.050000000,0.000000000,0.000000018,-0.000000003,0.000000018,0.000003615
20.082889476,TRACKING,,0.000029683,1,-0.000000000,0.000000018,0.049999998,0.000000000,0.000000000,0.050000000,0.000000000,0.000000018,-0.000000002,0.000000018,0.000003617
20.093049298,TRACKING,,0.002320007,1,-0.000000000,0.000000018,0.049999999,0.000000000,0.000000000,0.050000000,0.000000000,0.000000018,-0.000000001,0.000000018,0.000003620
20.102874299,TRACKING,,0.002046925,1,0.000000000,0.000000018,0.049999996,0.000000000,0.000000000,0.050000000,-0.000000000,0.000000018,-0.000000004,0.000000018,0.000003621
20.113087550,TRACKING,,0.002019616,1,0.000000000,0.000000018,0.049999996,0.000000000,0.000000000,0.050000000,-0.000000000,0.000000018,-0.000000004,0.000000018,0.000003623
20.123148826,TRACKING,,0.001784529,1,-0.000000000,0.000000018,0.049999997,0.000000000,0.000000000,0.050000000,0.000000000,0.000000018,-0.000000003,0.000000018,0.000003625
20.133322896,TRACKING,,0.001608807,1,-0.000000000,0.000000018,0.049999998,0.000000000,0.000000000,0.050000000,0.000000000,0.000000018,-0.000000002,0.000000018,0.000003626
20.143201326,TRACKING,,0.001564876,1,-0.000000000,0.000000018,0.049999999,0.000000000,0.000000000,0.050000000,0.000000000,0.000000018,-0.000000001,0.000000018,0.000003627
20.153274474,TRACKING,,0.001627804,1,-0.000000000,0.000000018,0.049999999,0.000000000,0.000000000,0.050000000,0.000000000,0.000000018,-0.000000001,0.000000018,0.000003627
20.163443795,TRACKING,,0.004344372,1,0.000000000,0.000000018,0.049999994,0.000000000,0.000000000,0.050000000,-0.000000000,0.000000018,-0.000000006,0.000000019,0.000003629
20.173375654,TRACKING,,0.001878326,1,0.000000000,0.000000018,0.049999990,0.000000000,0.000000000,0.050000000,-0.000000000,0.000000018,-0.000000010,0.000000020,0.000003630
20.183378751,TRACKING,,0.002062359,1,0.000000000,0.000000018,0.049999992,0.000000000,0.000000000,0.050000000,-0.000000000,0.000000018,-0.000000008,0.000000020,0.000003631
20.193425779,TRACKING,,0.001910384,1,0.000000000,0.000000018,0.049999994,0.000000000,0.000000000,0.050000000,-0.000000000,0.000000018,-0.000000006,0.000000019,0.000003632
20.203611722,TRACKING,,0.001821335,1,0.000000000,0.000000018,0.049999995,0.000000000,0.000000000,0.050000000,-0.000000000,0.000000018,-0.000000005,0.000000019,0.000003633
20.213651626,TRACKING,,0.001870015,1,-0.000000000,0.000000018,0.049999997,0.000000000,0.000000000,0.050000000,0.000000000,0.000000018,-0.000000003,0.000000018,0.000003634
20.223708153,TRACKING,,0.001587435,1,-0.000000000,0.000000018,0.049999998,0.000000000,0.000000000,0.050000000,0.000000000,0.000000018,-0.000000002,0.000000018,0.000003634
20.233784863,TRACKING,,0.001063831,1,0.000000000,0.000000018,0.049999995,0.000000000,0.000000000,0.050000000,-0.000000000,0.000000018,-0.000000005,0.000000019,0.000003635
20.244056293,TRACKING,,0.000809747,1,0.000000000,0.000000018,0.049999995,0.000000000,0.000000000,0.050000000,-0.000000000,0.000000018,-0.000000005,0.000000019,0.000003636
20.254137753,TRACKING,,0.000407248,1,-0.000000000,0.000000018,0.049999996,0.000000000,0.000000000,0.050000000,0.000000000,0.000000018,-0.000000004,0.000000018,0.000003636
20.264223962,TRACKING,,0.000015435,1,-0.000000000,0.000000018,0.049999997,0.000000000,0.000000000,0.050000000,0.000000000,0.000000018,-0.000000003,0.000000018,0.000003637
20.274476395,TRACKING,,0.002204837,1,0.000000000,0.000000018,0.049999994,0.000000000,0.000000000,0.050000000,-0.000000000,0.000000018,-0.000000006,0.000000019,0.000003637
20.284531734,TRACKING,,0.001600495,1,0.000000000,0.000000018,0.049999994,0.000000000,0.000000000,0.050000000,-0.000000000,0.000000018,-0.000000006,0.000000019,0.000003638
20.294234441,TRACKING,,0.001848643,1,0.000000000,0.000000018,0.049999996,0.000000000,0.000000000,0.050000000,-0.000000000,0.000000018,-0.000000004,0.000000018,0.000003638
20.304365768,TRACKING,,0.001786904,1,0.000000000,0.000000018,0.049999996,0.000000000,0.000000000,0.050000000,-0.000000000,0.000000018,-0.000000004,0.000000018,0.000003638
20.314448415,TRACKING,,0.001709728,1,-0.000000000,0.000000018,0.049999997,0.000000000,0.000000000,0.050000000,0.000000000,0.000000018,-0.000000003,0.000000018,0.000003638
20.324496631,TRACKING,,0.001691918,1,-0.000000000,0.000000018,0.049999998,0.000000000,0.000000000,0.050000000,0.000000000,0.000000018,-0.000000002,0.000000018,0.000003639
20.334572154,TRACKING,,0.001623055,1,0.000000000,0.000000018,0.049999994,0.000000000,0.000000000,0.050000000,-0.000000000,0.000000018,-0.000000006,0.000000019,0.000003639
20.344671423,TRACKING,,0.001570813,1,0.000000000,0.000000018,0.049999990,0.000000000,0.000000000,0.050000000,-0.000000000,0.000000018,-0.000000010,0.000000021,0.000003639
20.354757633,TRACKING,,0.001486514,1,0.000000000,0.000000018,0.049999992,0.000000000,0.000000000,0.050000000,-0.000000000,0.000000018,-0.000000008,0.000000020,0.000003639
20.365002941,TRACKING,,0.001309604,1,0.000000000,0.000000018,0.049999993,0.000000000,0.000000000,0.050000000,-0.000000000,0.000000018,-0.000000007,0.000000019,0.000003640
20.374825567,TRACKING,,0.001154067,1,0.000000000,0.000000018,0.049999995,0.000000000,0.000000000,0.050000000,-0.000000000,0.000000018,-0.000000005,0.000000019,0.000003640
20.384918900,TRACKING,,0.001125571,1,-0.000000000,0.000000018,0.049999996,0.000000000,0.000000000,0.050000000,0.000000000,0.000000018,-0.000000004,0.000000018,0.000003640
20.394993236,TRACKING,,0.001276359,1,-0.000000000,0.000000018,0.049999997,0.000000000,0.000000000,0.050000000,0.000000000,0.000000018,-0.000000003,0.000000018,0.000003640
20.405085382,TRACKING,,0.001378469,1,-0.000000000,0.000000018,0.049999999,0.000000000,0.000000000,0.050000000,0.000000000,0.000000018,-0.000000001,0.000000018,0.000003641
20.415156156,TRACKING,,0.001424773,1,0.000000000,0.000000018,0.049999996,0.000000000,0.000000000,0.050000000,-0.000000000,0.000000018,-0.000000004,0.000000018,0.000003641
20.425196060,TRACKING,,0.001422399,1,0.000000000,0.000000018,0.049999996,0.000000000,0.000000000,0.050000000,-0.000000000,0.000000018,-0.000000004,0.000000018,0.000003641
20.435283456,TRACKING,,0.001453269,1,-0.000000000,0.000000018,0.049999997,0.000000000,0.000000000,0.050000000,0.000000000,0.000000018,-0.000000003,0.000000018,0.000003641
20.445282992,TRACKING,,0.001477016,1,0.000000000,0.000000018,0.049999994,0.000000000,0.000000000,0.050000000,-0.000000000,0.000000018,-0.000000006,0.000000019,0.000003641
20.455360890,TRACKING,,0.001604057,1,0.000000000,0.000000018,0.049999994,0.000000000,0.000000000,0.050000000,-0.000000000,0.000000018,-0.000000006,0.000000019,0.000003641
20.466073999,TRACKING,,0.001703791,1,-0.000000000,0.000000018,0.049999996,0.000000000,0.000000000,0.050000000,0.000000000,0.000000018,-0.000000004,0.000000018,0.000003641
20.475726840,TRACKING,,0.000960535,1,-0.000000000,0.000000018,0.049999997,0.000000000,0.000000000,0.050000000,0.000000000,0.000000018,-0.000000003,0.000000018,0.000003641
20.485860541,TRACKING,,0.000876235,1,-0.000000000,0.000000018,0.049999998,0.000000000,0.000000000,0.050000000,0.000000000,0.000000018,-0.000000002,0.000000018,0.000003641
20.495714037,TRACKING,,0.000897607,1,0.000000000,0.000000018,0.049999994,0.000000000,0.000000000,0.050000000,-0.000000000,0.000000018,-0.000000006,0.000000019,0.000003642
20.505756316,TRACKING,,0.001106574,1,0.000000000,0.000000018,0.049999994,0.000000000,0.000000000,0.050000000,-0.000000000,0.000000018,-0.000000006,0.000000019,0.000003642
20.516457552,TRACKING,,0.004188834,1,0.000000000,0.000000018,0.049999996,0.000000000,0.000000000,0.050000000,-0.000000000,0.000000018,-0.000000004,0.000000019,0.000003642
20.526717109,TRACKING,,0.001124384,1,-0.000000000,0.000000018,0.049999997,0.000000000,0.000000000,0.050000000,0.000000000,0.000000018,-0.000000003,0.000000018,0.000003642
20.536563481,TRACKING,,0.001310792,1,-0.000000000,0.000000018,0.049999998,0.000000000,0.000000000,0.050000000,0.000000000,0.000000018,-0.000000002,0.000000018,0.000003642
20.546584388,TRACKING,,0.001446145,1,-0.000000000,0.000000018,0.049999999,0.000000000,0.000000000,0.050000000,0.000000000,0.000000018,-0.000000001,0.000000018,0.000003642
20.556726400,TRACKING,,0.001617118,1,-0.000000000,0.000000018,0.050000001,0.000000000,0.000000000,0.050000000,0.000000000,0.000000018,0.000000001,0.000000018,0.000003642
20.566743746,TRACKING,,0.000430994,1,-0.000000000,0.000000018,0.050000001,0.000000000,0.000000000,0.050000000,0.000000000,0.000000018,0.000000001,0.000000018,0.000003642
20.576775338,TRACKING,,0.000695765,1,0.000000000,0.000000018,0.049999997,0.000000000,0.000000000,0.050000000,-0.000000000,0.000000018,-0.000000003,0.000000018,0.000003642
20.586885294,TRACKING,,0.000622151,1,-0.000000000,0.000000018,0.049999998,0.000000000,0.000000000,0.050000000,0.000000000,0.000000018,-0.000000002,0.000000018,0.000003642
20.597052240,TRACKING,,0.000280206,1,-0.000000000,0.000000018,0.049999998,0.000000000,0.000000000,0.050000000,0.000000000,0.000000018,-0.000000002,0.000000018,0.000003642
20.607409156,TRACKING,,0.000203031,1,-0.000000000,0.000000018,0.050000000,0.000000000,0.000000000,0.050000000,0.000000000,0.000000018,-0.000000000,0.000000018,0.000003642
20.617165292,TRACKING,,0.000351444,1,-0.000000000,0.000000018,0.050000000,0.000000000,0.000000000,0.050000000,0.000000000,0.000000018,0.000000000,0.000000018,0.000003642
20.627195698,TRACKING,,0.000533103,1,-0.000000000,0.000000018,0.050000001,0.000000000,0.000000000,0.050000000,0.000000000,0.000000018,0.000000001,0.000000018,0.000003642
20.637311590,TRACKING,,0.000547350,1,-0.000000000,0.000000018,0.049999999,0.000000000,0.000000000,0.050000000,0.000000000,0.000000018,-0.000000001,0.000000018,0.000003642
20.647415609,TRACKING,,0.000605529,1,0.000000000,0.000000018,0.049999998,0.000000000,0.000000000,0.050000000,-0.000000000,0.000000018,-0.000000002,0.000000018,0.000003642
20.657436516,TRACKING,,0.000789562,1,-0.000000000,0.000000018,0.049999999,0.000000000,0.000000000,0.050000000,0.000000000,0.000000018,-0.000000001,0.000000018,0.000003642
20.667409930,TRACKING,,0.000768190,1,-0.000000000,0.000000018,0.050000000,0.000000000,0.000000000,0.050000000,0.000000000,0.000000018,0.000000000,0.000000018,0.000003642
20.677561441,TRACKING,,0.000971221,1,-0.000000000,0.000000018,0.050000001,0.000000000,0.000000000,0.050000000,0.000000000,0.000000018,0.000000001,0.000000018,0.000003642
20.687749759,TRACKING,,0.000840616,1,0.000000000,0.000000018,0.049999996,0.000000000,0.000000000,0.050000000,-0.000000000,0.000000018,-0.000000004,0.000000018,0.000003642
20.697833594,TRACKING,,0.000567535,1,0.000000000,0.000000018,0.049999998,0.000000000,0.000000000,0.050000000,-0.000000000,0.000000018,-0.000000002,0.000000018,0.000003642
20.707897244,TRACKING,,0.000105670,1,-0.000000000,0.000000018,0.049999999,0.000000000,0.000000000,0.050000000,0.000000000,0.000000018,-0.000000001,0.000000018,0.000003642
20.718180547,TRACKING,,0.002456547,1,-0.000000000,0.000000018,0.049999999,0.000000000,0.000000000,0.050000000,0.000000000,0.000000018,-0.000000001,0.000000018,0.000003642
20.728159898,TRACKING,,0.002354438,1,-0.000000000,0.000000018,0.050000000,0.000000000,0.000000000,0.050000000,0.000000000,0.000000018,-0.000000000,0.000000018,0.000003642
20.738171306,TRACKING,,0.002202463,1,-0.000000000,0.000000018,0.050000001,0.000000000,0.000000000,0.050000000,0.000000000,0.000000018,0.000000001,0.000000018,0.000003642
20.748226645,TRACKING,,0.001655112,1,-0.000000000,0.000000018,0.050000002,0.000000000,0.000000000,0.050000000,0.000000000,0.000000018,0.000000002,0.000000018,0.000003642
20.758286733,TRACKING,,0.001292982,1,0.000000000,0.000000018,0.049999997,0.000000000,0.000000000,0.050000000,-0.000000000,0.000000018,-0.000000003,0.000000018,0.000003642
20.768351571,TRACKING,,0.000789562,1,0.000000000,0.000000018,0.049999994,0.000000000,0.000000000,0.050000000,-0.000000000,0.000000018,-0.000000006,0.000000019,0.000003642
20.778418783,TRACKING,,0.000264771,1,0.000000000,0.000000018,0.049999995,0.000000000,0.000000000,0.050000000,-0.000000000,0.000000018,-0.000000005,0.000000019,0.000003642
20.788482433,TRACKING,,0.000021372,1,0.000000000,0.000000018,0.049999996,0.000000000,0.000000000,0.050000000,-0.000000000,0.000000018,-0.000000004,0.000000018,0.000003642
20.798535397,TRACKING,,0.002432800,1,0.000000000,0.000000018,0.049999998,0.000000000,0.000000000,0.050000000,-0.000000000,0.000000018,-0.000000002,0.000000018,0.000003642
20.808527809,TRACKING,,0.002006556,1,-0.000000000,0.000000018,0.049999999,0.000000000,0.000000000,0.050000000,0.000000000,0.000000018,-0.000000001,0.000000018,0.000003642
20.818558214,TRACKING,,0.001637302,1,-0.000000000,0.000000018,0.050000000,0.000000000,0.000000000,0.050000000,0.000000000,0.000000018,-0.000000000,0.000000018,0.000003642
20.828750094,TRACKING,,0.001241928,1,-0.000000000,0.000000018,0.050000001,0.000000000,0.000000000,0.050000000,0.000000000,0.000000018,0.000000001,0.000000018,0.000003642
20.838753192,TRACKING,,0.000866737,1,-0.000000000,0.000000018,0.050000002,0.000000000,0.000000000,0.050000000,0.000000000,0.000000018,0.000000002,0.000000018,0.000003642
20.848800219,TRACKING,,0.001220556,1,-0.000000000,0.000000018,0.050000000,0.000000000,0.000000000,0.050000000,0.000000000,0.000000018,-0.000000000,0.000000018,0.000003642
20.858860308,TRACKING,,0.001460392,1,0.000000000,0.000000018,0.049999994,0.000000000,0.000000000,0.050000000,-0.000000000,0.000000018,-0.000000006,0.000000019,0.000003642
20.868954828,TRACKING,,0.001715665,1,0.000000000,0.000000018,0.049999994,0.000000000,0.000000000,0.050000000,-0.000000000,0.000000018,-0.000000006,0.000000019,0.000003642
20.879250004,TRACKING,,0.001921069,1,0.000000000,0.000000018,0.049999994,0.000000000,0.000000000,0.050000000,-0.000000000,0.000000018,-0.000000006,0.000000019,0.000003642
20.889313654,TRACKING,,0.002064734,1,0.000000000,0.000000018,0.049999996,0.000000000,0.000000000,0.050000000,-0.000000000,0.000000018,-0.000000004,0.000000018,0.000003642
20.899474664,TRACKING,,0.002208399,1,0.000000000,0.000000018,0.049999998,0.000000000,0.000000000,0.050000000,-0.000000000,0.000000018,-0.000000002,0.000000018,0.000003642
20.909480136,TRACKING,,0.002336628,1,-0.000000000,0.000000018,0.049999999,0.000000000,0.000000000,0.050000000,0.000000000,0.000000018,-0.000000001,0.000000018,0.000003642
20.919341943,TRACKING,,0.002317631,1,-0.000000000,0.000000018,0.050000000,0.000000000,0.000000000,0.050000000,0.000000000,0.000000018,-0.000000000,0.000000018,0.000003642
20.929565880,TRACKING,,0.001859330,1,-0.000000000,0.000000018,0.050000001,0.000000000,0.000000000,0.050000000,0.000000000,0.000000018,0.000000001,0.000000018,0.000003642
20.939630718,TRACKING,,0.001689544,1,-0.000000000,0.000000018,0.050000002,0.000000000,0.000000000,0.050000000,0.000000000,0.000000018,0.000000002,0.000000018,0.000003642
20.949579198,TRACKING,,0.001444957,1,-0.000000000,0.000000018,0.050000002,0.000000000,0.000000000,0.050000000,0.000000000,0.000000018,0.000000002,0.000000018,0.000003642
20.959654722,TRACKING,,0.001003278,1,0.000000000,0.000000018,0.049999999,0.000000000,0.000000000,0.050000000,-0.000000000,0.000000018,-0.000000001,0.000000018,0.000003642
20.969734994,TRACKING,,0.000689828,1,0.000000000,0.000000018,0.049999998,0.000000000,0.000000000,0.050000000,-0.000000000,0.000000018,-0.000000002,0.000000018,0.000003642
20.979777273,TRACKING,,0.000423870,1,-0.000000000,0.000000018,0.050000000,0.000000000,0.000000000,0.050000000,0.000000000,0.000000018,-0.000000000,0.000000018,0.000003642
20.989843298,TRACKING,,0.000043930,1,-0.000000000,0.000000018,0.050000001,0.000000000,0.000000000,0.050000000,0.000000000,0.000000018,0.000000001,0.000000018,0.000003642
20.999874890,TRACKING,,0.000496297,1,-0.000000000,0.000000018,0.050000002,0.000000000,0.000000000,0.050000000,0.000000000,0.000000018,0.000000002,0.000000018,0.000003642
21.010270988,TRACKING,,0.000546163,1,-0.000000000,0.000000018,0.050000002,0.000000000,0.000000000,0.050000000,0.000000000,0.000000018,0.000000002,0.000000018,0.000003642
21.020284771,TRACKING,,0.000704076,1,-0.000000000,0.000000018,0.050000002,0.000000000,0.000000000,0.050000000,0.000000000,0.000000018,0.000000002,0.000000018,0.000003642
21.030411349,TRACKING,,0.000943912,1,-0.000000000,0.000000018,0.050000001,0.000000000,0.000000000,0.050000000,0.000000000,0.000000018,0.000000001,0.000000018,0.000003642
21.040794385,TRACKING,,0.000429806,1,0.000000000,0.000000018,0.049999996,0.000000000,0.000000000,0.050000000,-0.000000000,0.000000018,-0.000000004,0.000000019,0.000003642
21.050391422,TRACKING,,0.001963812,1,0.000000000,0.000000018,0.049999994,0.000000000,0.000000000,0.050000000,-0.000000000,0.000000018,-0.000000006,0.000000019,0.000003642
21.060501378,TRACKING,,0.001839145,1,0.000000000,0.000000018,0.049999996,0.000000000,0.000000000,0.050000000,-0.000000000,0.000000018,-0.000000004,0.000000019,0.000003642
21.070435611,TRACKING,,0.001754846,1,0.000000000,0.000000018,0.049999997,0.000000000,0.000000000,0.050000000,-0.000000000,0.000000018,-0.000000003,0.000000018,0.000003642
21.080987246,TRACKING,,0.002097979,1,0.000000000,0.000000018,0.049999998,0.000000000,0.000000000,0.050000000,-0.000000000,0.000000018,-0.000000002,0.000000018,0.000003642
21.090624651,TRACKING,,0.001982810,1,-0.000000000,0.000000018,0.049999999,0.000000000,0.000000000,0.050000000,0.000000000,0.000000018,-0.000000001,0.000000018,0.000003642
21.100954259,TRACKING,,0.001890200,1,-0.000000000,0.000000018,0.050000000,0.000000000,0.000000000,0.050000000,0.000000000,0.000000018,0.000000000,0.000000018,0.000003642
21.110848124,TRACKING,,0.000971220,1,-0.000000000,0.000000018,0.050000001,0.000000000,0.000000000,0.050000000,0.000000000,0.000000018,0.000000001,0.000000018,0.000003642
21.120809665,TRACKING,,0.002118163,1,-0.000000000,0.000000018,0.050000001,0.000000000,0.000000000,0.050000000,0.000000000,0.000000018,0.000000001,0.000000018,0.000003642
21.131160645,TRACKING,,0.002320006,1,-0.000000000,0.000000018,0.050000002,0.000000000,0.000000000,0.050000000,0.000000000,0.000000018,0.000000002,0.000000018,0.000003642
21.141119812,TRACKING,,0.002217897,1,0.000000000,0.000000018,0.049999996,0.000000000,0.000000000,0.050000000,-0.000000000,0.000000018,-0.000000004,0.000000018,0.000003642
21.151068293,TRACKING,,0.002208399,1,0.000000000,0.000000018,0.049999993,0.000000000,0.000000000,0.050000000,-0.000000000,0.000000018,-0.000000007,0.000000019,0.000003642
21.161483387,TRACKING,,0.002327130,1,0.000000000,0.000000018,0.049999995,0.000000000,0.000000000,0.050000000,-0.000000000,0.000000018,-0.000000005,0.000000019,0.000003642
21.171162348,TRACKING,,0.000213716,1,0.000000000,0.000000018,0.049999997,0.000000000,0.000000000,0.050000000,-0.000000000,0.000000018,-0.000000003,0.000000018,0.000003642
21.181556071,TRACKING,,0.002254704,1,0.000000000,0.000000018,0.049999998,0.000000000,0.000000000,0.050000000,-0.000000000,0.000000018,-0.000000002,0.000000018,0.000003642
21.191358513,TRACKING,,0.000023746,1,-0.000000000,0.000000018,0.049999999,0.000000000,0.000000000,0.050000000,0.000000000,0.000000018,-0.000000001,0.000000018,0.000003642
21.201404353,TRACKING,,0.002097979,1,-0.000000000,0.000000018,0.049999999,0.000000000,0.000000000,0.050000000,0.000000000,0.000000018,-0.000000001,0.000000018,0.000003642
21.211534493,TRACKING,,0.002336629,1,-0.000000000,0.000000018,0.050000000,0.000000000,0.000000000,0.050000000,0.000000000,0.000000018,0.000000000,0.000000018,0.000003642
21.221643261,TRACKING,,0.001966187,1,-0.000000000,0.000000018,0.050000000,0.000000000,0.000000000,0.050000000,0.000000000,0.000000018,0.000000000,0.000000018,0.000003642
21.231673666,TRACKING,,0.001962626,1,0.000000000,0.000000018,0.049999995,0.000000000,0.000000000,0.050000000,-0.000000000,0.000000018,-0.000000005,0.000000019,0.000003642
21.242192057,TRACKING,,0.002065922,1,0.000000000,0.000000018,0.049999992,0.000000000,0.000000000,0.050000000,-0.000000000,0.000000018,-0.000000008,0.000000020,0.000003642
21.251759411,TRACKING,,0.001761970,1,0.000000000,0.000000018,0.049999994,0.000000000,0.000000000,0.050000000,-0.000000000,0.000000018,-0.000000006,0.000000019,0.000003642
21.261802877,TRACKING,,0.001797589,1,0.000000000,0.000000018,0.049999995,0.000000000,0.000000000,0.050000000,-0.000000000,0.000000018,-0.000000005,0.000000019,0.000003642
21.271980509,TRACKING,,0.001960250,1,0.000000000,0.000000018,0.049999997,0.000000000,0.000000000,0.050000000,-0.000000000,0.000000018,-0.000000003,0.000000018,0.000003642
21.281927802,TRACKING,,0.001448519,1,-0.000000000,0.000000018,0.049999998,0.000000000,0.000000000,0.050000000,0.000000000,0.000000018,-0.000000002,0.000000018,0.000003642
21.292164800,TRACKING,,0.001893762,1,-0.000000000,0.000000018,0.050000000,0.000000000,0.000000000,0.050000000,0.000000000,0.000000018,-0.000000000,0.000000018,0.000003642
21.302215390,TRACKING,,0.001632553,1,-0.000000000,0.000000018,0.050000000,0.000000000,0.000000000,0.050000000,0.000000000,0.000000018,0.000000000,0.000000018,0.000003642
21.312163871,TRACKING,,0.000943912,1,-0.000000000,0.000000018,0.050000001,0.000000000,0.000000000,0.050000000,0.000000000,0.000000018,0.000000001,0.000000018,0.000003642
21.322890041,TRACKING,,0.001599308,1,0.000000000,0.000000018,0.049999997,0.000000000,0.000000000,0.050000000,-0.000000000,0.000000018,-0.000000003,0.000000018,0.000003642
21.333138911,TRACKING,,0.000143665,1,0.000000000,0.000000018,0.049999998,0.000000000,0.000000000,0.050000000,-0.000000000,0.000000018,-0.000000002,0.000000018,0.000003642
21.343039900,TRACKING,,0.000430994,1,-0.000000000,0.000000018,0.049999999,0.000000000,0.000000000,0.050000000,0.000000000,0.000000018,-0.000000001,0.000000018,0.000003642
21.353278085,TRACKING,,0.002302196,1,-0.000000000,0.000000018,0.049999999,0.000000000,0.000000000,0.050000000,0.000000000,0.000000018,-0.000000001,0.000000018,0.000003642
21.363372605,TRACKING,,0.002393619,1,-0.000000000,0.000000018,0.050000000,0.000000000,0.000000000,0.050000000,0.000000000,0.000000018,0.000000000,0.000000018,0.000003642
21.373351956,TRACKING,,0.000022559,1,-0.000000000,0.000000018,0.050000001,0.000000000,0.000000000,0.050000000,0.000000000,0.000000018,0.000000001,0.000000018,0.000003642
21.383440540,TRACKING,,0.000043931,1,-0.000000000,0.000000018,0.050000000,0.000000000,0.000000000,0.050000000,0.000000000,0.000000018,0.000000000,0.000000018,0.000003642
21.393500628,TRACKING,,0.000028496,1,0.000000000,0.000000018,0.049999996,0.000000000,0.000000000,0.050000000,-0.000000000,0.000000018,-0.000000004,0.000000019,0.000003642
21.403403991,TRACKING,,0.000168599,1,0.000000000,0.000000018,0.049999993,0.000000000,0.000000000,0.050000000,-0.000000000,0.000000018,-0.000000007,0.000000019,0.000003642
21.413562626,TRACKING,,0.000150788,1,0.000000000,0.000000018,0.049999995,0.000000000,0.000000000,0.050000000,-0.000000000,0.000000018,-0.000000005,0.000000019,0.000003642
21.423612029,TRACKING,,0.000151976,1,0.000000000,0.000000018,0.049999996,0.000000000,0.000000000,0.050000000,-0.000000000,0.000000018,-0.000000004,0.000000018,0.000003642
21.433736232,TRACKING,,0.000035619,1,0.000000000,0.000000018,0.049999997,0.000000000,0.000000000,0.050000000,-0.000000000,0.000000018,-0.000000003,0.000000018,0.000003642
21.443958982,TRACKING,,0.002631082,1,-0.000000000,0.000000018,0.049999999,0.000000000,0.000000000,0.050000000,0.000000000,0.000000018,-0.000000001,0.000000018,0.000003642
21.454100994,TRACKING,,0.002080170,1,-0.000000000,0.000000018,0.050000000,0.000000000,0.000000000,0.050000000,0.000000000,0.000000018,-0.000000000,0.000000018,0.000003642
21.463986548,TRACKING,,0.001436647,1,-0.000000000,0.000000018,0.050000001,0.000000000,0.000000000,0.050000000,0.000000000,0.000000018,0.000000001,0.000000018,0.000003642
21.474138059,TRACKING,,0.001826085,1,-0.000000000,0.000000018,0.050000001,0.000000000,0.000000000,0.050000000,0.000000000,0.000000018,0.000000001,0.000000018,0.000003642
21.484287195,TRACKING,,0.001618306,1,-0.000000000,0.000000018,0.050000002,0.000000000,0.000000000,0.050000000,0.000000000,0.000000018,0.000000002,0.000000018,0.000003642
21.494369843,TRACKING,,0.001363034,1,0.000000000,0.000000018,0.049999999,0.000000000,0.000000000,0.050000000,-0.000000000,0.000000018,-0.000000001,0.000000018,0.000003642
21.504448928,TRACKING,,0.001005653,1,-0.000000000,0.000000018,0.050000000,0.000000000,0.000000000,0.050000000,0.000000000,0.000000018,-0.000000000,0.000000018,0.000003642
21.514327357,TRACKING,,0.000820432,1,-0.000000000,0.000000018,0.050000001,0.000000000,0.000000000,0.050000000,0.000000000,0.000000018,0.000000001,0.000000018,0.000003642
21.524572666,TRACKING,,0.000441680,1,-0.000000000,0.000000018,0.050000002,0.000000000,0.000000000,0.050000000,0.000000000,0.000000018,0.000000002,0.000000018,0.000003642
21.534665999,TRACKING,,0.000053429,1,0.000000000,0.000000018,0.049999997,0.000000000,0.000000000,0.050000000,-0.000000000,0.000000018,-0.000000003,0.000000018,0.000003642
21.544748646,TRACKING,,0.002353250,1,0.000000000,0.000000018,0.049999997,0.000000000,0.000000000,0.050000000,-0.000000000,0.000000018,-0.000000003,0.000000018,0.000003642
21.554662695,TRACKING,,0.000060553,1,0.000000000,0.000000018,0.049999999,0.000000000,0.000000000,0.050000000,-0.000000000,0.000000018,-0.000000001,0.000000018,0.000003642
21.564690726,TRACKING,,0.000156725,1,0.000000000,0.000000018,0.049999999,0.000000000,0.000000000,0.050000000,-0.000000000,0.000000018,-0.000000001,0.000000018,0.000003642
21.575065452,TRACKING,,0.002115789,1,-0.000000000,0.000000018,0.050000000,0.000000000,0.000000000,0.050000000,0.000000000,0.000000018,0.000000000,0.000000018,0.000003642
21.585116041,TRACKING,,0.001946004,1,-0.000000000,0.000000018,0.050000001,0.000000000,0.000000000,0.050000000,0.000000000,0.000000018,0.000000001,0.000000018,0.000003642
21.595141698,TRACKING,,0.001887825,1,-0.000000000,0.000000018,0.050000002,0.000000000,0.000000000,0.050000000,0.000000000,0.000000018,0.000000002,0.000000018,0.000003642
21.605032000,TRACKING,,0.001605245,1,-0.000000000,0.000000018,0.050000003,0.000000000,0.000000000,0.050000000,0.000000000,0.000000018,0.000000003,0.000000018,0.000003642
21.615248814,TRACKING,,0.001334538,1,-0.000000000,0.000000018,0.050000003,0.000000000,0.000000000,0.050000000,0.000000000,0.000000018,0.000000003,0.000000018,0.000003642
21.625207980,TRACKING,,0.000895233,1,-0.000000000,0.000000018,0.050000004,0.000000000,0.000000000,0.050000000,0.000000000,0.000000018,0.000000004,0.000000018,0.000003642
21.635263319,TRACKING,,0.000533103,1,-0.000000000,0.000000018,0.050000004,0.000000000,0.000000000,0.050000000,0.000000000,0.000000018,0.000000004,0.000000019,0.000003642
21.645492006,TRACKING,,0.000539039,1,-0.000000000,0.000000018,0.050000005,0.000000000,0.000000000,0.050000000,0.000000000,0.000000018,0.000000005,0.000000019,0.000003642
21.655430988,TRACKING,,0.000265957,1,-0.000000000,0.000000018,0.050000005,0.000000000,0.000000000,0.050000000,0.000000000,0.000000018,0.000000005,0.000000019,0.000003642
21.665549255,TRACKING,,0.000309888,1,-0.000000000,0.000000018,0.050000003,0.000000000,0.000000000,0.050000000,0.000000000,0.000000018,0.000000003,0.000000018,0.000003642
21.675653273,TRACKING,,0.000070052,1,0.000000000,0.000000018,0.050000001,0.000000000,0.000000000,0.050000000,-0.000000000,0.000000018,0.000000001,0.000000018,0.000003642
21.685783413,TRACKING,,0.000021371,1,0.000000000,0.000000018,0.050000002,0.000000000,0.000000000,0.050000000,-0.000000000,0.000000018,0.000000002,0.000000018,0.000003642
21.695822130,TRACKING,,0.000034432,1,-0.000000000,0.000000018,0.050000002,0.000000000,0.000000000,0.050000000,0.000000000,0.000000018,0.000000002,0.000000018,0.000003642
21.705750426,TRACKING,,0.000056991,1,-0.000000000,0.000000018,0.050000003,0.000000000,0.000000000,0.050000000,0.000000000,0.000000018,0.000000003,0.000000018,0.000003642
21.715987424,TRACKING,,0.000029683,1,-0.000000000,0.000000018,0.050000004,0.000000000,0.000000000,0.050000000,0.000000000,0.000000018,0.000000004,0.000000018,0.000003642
21.726053449,TRACKING,,0.000159100,1,-0.000000000,0.000000018,0.050000004,0.000000000,0.000000000,0.050000000,0.000000000,0.000000018,0.000000004,0.000000019,0.000003642
21.736123035,TRACKING,,0.000225589,1,-0.000000000,0.000000018,0.050000005,0.000000000,0.000000000,0.050000000,0.000000000,0.000000018,0.000000005,0.000000019,0.000003642
21.746159377,TRACKING,,0.000277831,1,-0.000000000,0.000000018,0.050000005,0.000000000,0.000000000,0.050000000,0.000000000,0.000000018,0.000000005,0.000000019,0.000003642
21.756111420,TRACKING,,0.000484423,1,0.000000000,0.000000018,0.050000000,0.000000000,0.000000000,0.050000000,-0.000000000,0.000000018,0.000000000,0.000000018,0.000003642
21.766152512,TRACKING,,0.000530728,1,0.000000000,0.000000018,0.050000000,0.000000000,0.000000000,0.050000000,-0.000000000,0.000000018,0.000000000,0.000000018,0.000003642
21.776238721,TRACKING,,0.000630462,1,0.000000000,0.000000018,0.050000001,0.000000000,0.000000000,0.050000000,-0.000000000,0.000000018,0.000000001,0.000000018,0.000003642
21.786251316,TRACKING,,0.000596031,1,0.000000000,0.000000018,0.050000002,0.000000000,0.000000000,0.050000000,-0.000000000,0.000000018,0.000000002,0.000000018,0.000003642
21.796322090,TRACKING,,0.000649459,1,-0.000000000,0.000000018,0.050000003,0.000000000,0.000000000,0.050000000,0.000000000,0.000000018,0.000000003,0.000000018,0.000003642
21.806386928,TRACKING,,0.000673205,1,-0.000000000,0.000000018,0.050000004,0.000000000,0.000000000,0.050000000,0.000000000,0.000000018,0.000000004,0.000000018,0.000003642
21.816467200,TRACKING,,0.000812120,1,-0.000000000,0.000000018,0.050000004,0.000000000,0.000000000,0.050000000,0.000000000,0.000000018,0.000000004,0.000000018,0.000003642
21.826535600,TRACKING,,0.000933227,1,-0.000000000,0.000000018,0.050000005,0.000000000,0.000000000,0.050000000,0.000000000,0.000000018,0.000000005,0.000000019,0.000003642
21.836605186,TRACKING,,0.001171876,1,-0.000000000,0.000000018,0.050000005,0.000000000,0.000000000,0.050000000,0.000000000,0.000000018,0.000000005,0.000000019,0.000003642
21.846835060,TRACKING,,0.001535194,1,-0.000000000,0.000000018,0.050000005,0.000000000,0.000000000,0.050000000,0.000000000,0.000000018,0.000000005,0.000000019,0.000003642
21.856737236,TRACKING,,0.001815399,1,-0.000000000,0.000000018,0.050000006,0.000000000,0.000000000,0.050000000,0.000000000,0.000000018,0.000000006,0.000000019,0.000003642
21.866772391,TRACKING,,0.001943629,1,-0.000000000,0.000000018,0.050000005,0.000000000,0.000000000,0.050000000,0.000000000,0.000000018,0.000000005,0.000000019,0.000003642
21.876879971,TRACKING,,0.001906822,1,0.000000000,0.000000018,0.050000001,0.000000000,0.000000000,0.050000000,-0.000000000,0.000000018,0.000000001,0.000000018,0.000003642
21.886938872,TRACKING,,0.001922257,1,0.000000000,0.000000018,0.050000002,0.000000000,0.000000000,0.050000000,-0.000000000,0.000000018,0.000000002,0.000000018,0.000003642
21.896984713,TRACKING,,0.001390341,1,0.000000000,0.000000018,0.050000003,0.000000000,0.000000000,0.050000000,-0.000000000,0.000000018,0.000000003,0.000000018,0.000003642
21.907061423,TRACKING,,0.001160003,1,0.000000000,0.000000018,0.050000003,0.000000000,0.000000000,0.050000000,-0.000000000,0.000000018,0.000000003,0.000000018,0.000003642
21.917167817,TRACKING,,0.000884547,1,-0.000000000,0.000000018,0.050000004,0.000000000,0.000000000,0.050000000,0.000000000,0.000000018,0.000000004,0.000000018,0.000003642
21.927176851,TRACKING,,0.000474925,1,-0.000000000,0.000000018,0.050000005,0.000000000,0.000000000,0.050000000,0.000000000,0.000000018,0.000000005,0.000000019,0.000003642
21.937513582,TRACKING,,0.000058178,1,-0.000000000,0.000000018,0.050000005,0.000000000,0.000000000,0.050000000,0.000000000,0.000000018,0.000000005,0.000000019,0.000003642
21.947598604,TRACKING,,0.002455360,1,0.000000000,0.000000018,0.050000001,0.000000000,0.000000000,0.050000000,-0.000000000,0.000000018,0.000000001,0.000000018,0.000003642
21.957696686,TRACKING,,0.002225021,1,0.000000000,0.000000018,0.050000001,0.000000000,0.000000000,0.050000000,-0.000000000,0.000000018,0.000000001,0.000000018,0.000003642
21.967670101,TRACKING,,0.001942441,1,0.000000000,0.000000018,0.050000001,0.000000000,0.000000000,0.050000000,-0.000000000,0.000000018,0.000000001,0.000000018,0.000003642
21.977826361,TRACKING,,0.001647988,1,0.000000000,0.000000018,0.050000002,0.000000000,0.000000000,0.050000000,-0.000000000,0.000000018,0.000000002,0.000000018,0.000003642
21.987907821,TRACKING,,0.001200371,1,0.000000000,0.000000018,0.050000003,0.000000000,0.000000000,0.050000000,-0.000000000,0.000000018,0.000000003,0.000000018,0.000003642
21.997763692,TRACKING,,0.000956973,1,-0.000000000,0.000000018,0.050000004,0.000000000,0.000000000,0.050000000,0.000000000,0.000000018,0.000000004,0.000000018,0.000003642
22.007819031,TRACKING,,0.000718324,1,-0.000000000,0.000000018,0.050000004,0.000000000,0.000000000,0.050000000,0.000000000,0.000000018,0.000000004,0.000000019,0.000003642
22.017887430,TRACKING,,0.000468988,1,-0.000000000,0.000000018,0.050000005,0.000000000,0.000000000,0.050000000,0.000000000,0.000000018,0.000000005,0.000000019,0.000003642
22.027964141,TRACKING,,0.000157913,1,0.000000000,0.000000018,0.049999999,0.000000000,0.000000000,0.050000000,-0.000000000,0.000000018,-0.000000001,0.000000018,0.000003642
22.038307996,TRACKING,,0.002133598,1,0.000000000,0.000000018,0.049999999,0.000000000,0.000000000,0.050000000,-0.000000000,0.000000018,-0.000000001,0.000000018,0.000003642
22.048232731,TRACKING,,0.001918695,1,0.000000000,0.000000018,0.050000000,0.000000000,0.000000000,0.050000000,-0.000000000,0.000000018,0.000000000,0.000000018,0.000003642
22.058403239,TRACKING,,0.001479390,1,0.000000000,0.000000018,0.050000001,0.000000000,0.000000000,0.050000000,-0.000000000,0.000000018,0.000000001,0.000000018,0.000003642
22.068331536,TRACKING,,0.001455644,1,0.000000000,0.000000018,0.050000002,0.000000000,0.000000000,0.050000000,-0.000000000,0.000000018,0.000000002,0.000000018,0.000003642
22.078602965,TRACKING,,0.001620679,1,-0.000000000,0.000000018,0.050000003,0.000000000,0.000000000,0.050000000,0.000000000,0.000000018,0.000000003,0.000000018,0.000003642
22.088686800,TRACKING,,0.001664610,1,-0.000000000,0.000000018,0.050000004,0.000000000,0.000000000,0.050000000,0.000000000,0.000000018,0.000000004,0.000000018,0.000003642
22.098767072,TRACKING,,0.001663423,1,-0.000000000,0.000000018,0.050000004,0.000000000,0.000000000,0.050000000,0.000000000,0.000000018,0.000000004,0.000000019,0.000003642
22.108853281,TRACKING,,0.001284671,1,-0.000000000,0.000000018,0.050000005,0.000000000,0.000000000,0.050000000,0.000000000,0.000000018,0.000000005,0.000000019,0.000003642
22.118907433,TRACKING,,0.000845366,1,-0.000000000,0.000000018,0.050000005,0.000000000,0.000000000,0.050000000,0.000000000,0.000000018,0.000000005,0.000000019,0.000003642
22.129088627,TRACKING,,0.000493922,1,-0.000000000,0.000000018,0.050000006,0.000000000,0.000000000,0.050000000,0.000000000,0.000000018,0.000000006,0.000000019,0.000003642
22.139064416,TRACKING,,0.000227964,1,-0.000000000,0.000000018,0.050000006,0.000000000,0.000000000,0.050000000,0.000000000,0.000000018,0.000000006,0.000000019,0.000003642
22.149053266,TRACKING,,0.000127042,1,-0.000000000,0.000000018,0.050000006,0.000000000,0.000000000,0.050000000,0.000000000,0.000000018,0.000000006,0.000000019,0.000003642
22.159103855,TRACKING,,0.000417933,1,-0.000000000,0.000000018,0.050000007,0.000000000,0.000000000,0.050000000,0.000000000,0.000000018,0.000000007,0.000000019,0.000003642
22.169156820,TRACKING,,0.000724259,1,-0.000000000,0.000000018,0.050000007,0.000000000,0.000000000,0.050000000,0.000000000,0.000000018,0.000000007,0.000000019,0.000003642
22.179227594,TRACKING,,0.001171877,1,0.000000000,0.000000018,0.050000000,0.000000000,0.000000000,0.050000000,-0.000000000,0.000000018,0.000000000,0.000000018,0.000003642
22.189284120,TRACKING,,0.001462768,1,0.000000000,0.000000018,0.049999998,0.000000000,0.000000000,0.050000000,-0.000000000,0.000000018,-0.000000002,0.000000018,0.000003642
22.199335897,TRACKING,,0.001699042,1,0.000000000,0.000000018,0.049999999,0.000000000,0.000000000,0.050000000,-0.000000000,0.000000018,-0.000000001,0.000000018,0.000003642
22.209455351,TRACKING,,0.002103916,1,0.000000000,0.000000018,0.050000000,0.000000000,0.000000000,0.050000000,-0.000000000,0.000000018,0.000000000,0.000000018,0.000003642
22.219662666,TRACKING,,0.001468704,1,0.000000000,0.000000018,0.050000001,0.000000000,0.000000000,0.050000000,-0.000000000,0.000000018,0.000000001,0.000000018,0.000003642
22.229773808,TRACKING,,0.001480577,1,0.000000000,0.000000018,0.050000002,0.000000000,0.000000000,0.050000000,-0.000000000,0.000000018,0.000000002,0.000000018,0.000003642
22.239686670,TRACKING,,0.001588622,1,-0.000000000,0.000000018,0.050000002,0.000000000,0.000000000,0.050000000,0.000000000,0.000000018,0.000000002,0.000000018,0.000003642
22.249890423,TRACKING,,0.001772656,1,-0.000000000,0.000000018,0.050000002,0.000000000,0.000000000,0.050000000,0.000000000,0.000000018,0.000000002,0.000000018,0.000003642
22.260065680,TRACKING,,0.001856955,1,-0.000000001,0.000014803,0.050000003,0.000000000,0.000000000,0.050000000,0.000000001,0.000014803,0.000000003,0.000014803,0.000003642
22.270124581,TRACKING,,0.000227963,1,-0.000000001,0.000014560,0.050000004,0.000000000,0.000000000,0.050000000,0.000000001,0.000014560,0.000000004,0.000014560,0.000003625
22.280260657,TRACKING,,0.000205405,1,-0.000000006,0.000057593,0.050000005,0.000000000,0.000000000,0.050000000,0.000000006,0.000057593,0.000000005,0.000057593,0.000003584
22.290236446,TRACKING,,0.000327698,1,-0.000000006,0.000055577,0.050000005,0.000000000,0.000000000,0.050000000,0.000000006,0.000055577,0.000000005,0.000055577,0.000003515
22.300144559,TRACKING,,0.000490359,1,-0.000000005,0.000051026,0.050000001,0.000000000,0.000000000,0.050000000,0.000000005,0.000051026,0.000000001,0.000051026,0.000003616
22.310212958,TRACKING,,0.000498671,1,-0.000000012,0.000117829,0.050000001,0.000000000,0.000000000,0.050000000,0.000000012,0.000117829,0.000000001,0.000117829,0.000004062
22.322521814,TRACKING,,0.002471982,1,-0.000000012,0.000117829,0.050000001,0.000000000,0.000000000,0.050000000,0.000000012,0.000117829,0.000000001,0.000117829,0.000004062
22.332390745,TRACKING,,0.002306946,1,-0.000000010,0.000101352,0.050000003,0.000000000,0.000000000,0.050000000,0.000000010,0.000101352,0.000000003,0.000101352,0.000006719
22.342520885,TRACKING,,0.002469608,1,-0.000000019,0.000190521,0.050000003,0.000000000,0.000000000,0.050000000,0.000000019,0.000190521,0.000000003,0.000190521,0.000008678
22.352734136,TRACKING,,0.002518287,1,-0.000000018,0.000176331,0.050000004,0.000000000,0.000000000,0.050000000,0.000000018,0.000176331,0.000000004,0.000176331,0.000011487
22.362625626,TRACKING,,0.000020184,1,-0.000000018,0.000176331,0.050000004,0.000000000,0.000000000,0.050000000,0.000000018,0.000176331,0.000000004,0.000176331,0.000011487
22.372625161,TRACKING,,0.000131792,1,-0.000000016,0.000155930,0.050000004,0.000000000,0.000000000,0.050000000,0.000000016,0.000155930,0.000000004,0.000155930,0.000015446
22.382843162,TRACKING,,0.000187596,1,-0.000000026,0.000259704,0.050000005,0.000000000,0.000000000,0.050000000,0.000000026,0.000259704,0.000000005,0.000259704,0.000019713
22.392886628,TRACKING,,0.000276644,1,-0.000000024,0.000234503,0.050000005,0.000000000,0.000000000,0.050000000,0.000000024,0.000234503,0.000000005,0.000234503,0.000024213
22.402835109,TRACKING,,0.000451178,1,-0.000000021,0.000205470,0.050000001,0.000000000,0.000000000,0.050000000,0.000000022,0.000205470,0.000000001,0.000205470,0.000029256
22.412990182,TRACKING,,0.000474924,1,-0.000000035,0.000335302,0.050000000,0.000000000,0.000000000,0.050000000,0.000000035,0.000335302,0.000000000,0.000335302,0.000032913
22.423065705,TRACKING,,0.000567534,1,-0.000000032,0.000301152,0.050000001,0.000000000,0.000000000,0.050000000,0.000000032,0.000301152,0.000000001,0.000301152,0.000038462
22.433092549,TRACKING,,0.000686266,1,-0.000000032,0.000301152,0.050000001,0.000000000,0.000000000,0.050000000,0.000000032,0.000301152,0.000000001,0.000301152,0.000038462
22.443207253,TRACKING,,0.000748006,1,-0.000000029,0.000262842,0.050000001,0.000000000,0.000000000,0.050000000,0.000000029,0.000262842,0.000000001,0.000262842,0.000044517
22.453270903,TRACKING,,0.000757505,1,-0.000000044,0.000402765,0.050000001,0.000000000,0.000000000,0.050000000,0.000000044,0.000402765,0.000000001,0.000402765,0.000050176
22.463506714,TRACKING,,0.000764629,1,-0.000000041,0.000368217,0.050000001,0.000000000,0.000000000,0.050000000,0.000000042,0.000368217,0.000000001,0.000368217,0.000055129
22.473571551,TRACKING,,0.000771752,1,-0.000000039,0.000330785,0.050000001,0.000000000,0.000000000,0.050000000,0.000000039,0.000330785,0.000000001,0.000330785,0.000060455
22.483648262,TRACKING,,0.001112511,1,-0.000000056,0.000489523,0.050000001,0.000000000,0.000000000,0.050000000,0.000000056,0.000489523,0.000000001,0.000489523,0.000066280
22.493552812,TRACKING,,0.001175438,1,-0.000000053,0.000451425,0.050000000,0.000000000,0.000000000,0.050000000,0.000000054,0.000451425,0.000000000,0.000451425,0.000070927
22.503659205,TRACKING,,0.001024650,1,-0.000000051,0.000410061,0.050000000,0.000000000,0.000000000,0.050000000,0.000000051,0.000410061,-0.000000000,0.000410061,0.000076072
22.513735916,TRACKING,,0.001087577,1,-0.000000070,0.000597437,0.049999999,0.000000000,0.000000000,0.050000000,0.000000071,0.000597437,-0.000000001,0.000597437,0.000080559
22.523803128,TRACKING,,0.001192060,1,-0.000000067,0.000540416,0.049999998,0.000000000,0.000000000,0.050000000,0.000000068,0.000540416,-0.000000002,0.000540416,0.000087475
22.533933267,TRACKING,,0.001095888,1,-0.000000065,0.000490674,0.049999997,0.000000000,0.000000000,0.050000000,0.000000065,0.000490674,-0.000000003,0.000490674,0.000092951
22.543983857,TRACKING,,0.001216994,1,-0.000000087,0.000694392,0.049999995,0.000000000,0.000000000,0.050000000,0.000000088,0.000694392,-0.000000004,0.000694392,0.000097579
22.554064130,TRACKING,,0.001277547,1,-0.000000084,0.000636891,0.049999994,0.000000000,0.000000000,0.050000000,0.000000085,0.000636891,-0.000000006,0.000636891,0.000104332
22.564112345,TRACKING,,0.001371344,1,-0.000000084,0.000636891,0.049999994,0.000000000,0.000000000,0.050000000,0.000000085,0.000636891,-0.000000006,0.000636891,0.000104332
22.574205678,TRACKING,,0.001482952,1,-0.000000081,0.000561687,0.049999991,0.000000000,0.000000000,0.050000000,0.000000082,0.000561687,-0.000000009,0.000561687,0.000112918
22.584490168,TRACKING,,0.001586248,1,-0.000000105,0.000760618,0.049999988,0.000000000,0.000000000,0.050000000,0.000000107,0.000760618,-0.000000011,0.000760618,0.000121224
22.594514637,TRACKING,,0.001577936,1,-0.000000103,0.000697522,0.049999986,0.000000000,0.000000000,0.050000000,0.000000104,0.000697522,-0.000000014,0.000697522,0.000127875
22.604600846,TRACKING,,0.001243115,1,-0.000000101,0.000627885,0.049999983,0.000000000,0.000000000,0.050000000,0.000000102,0.000627885,-0.000000017,0.000627885,0.000135892
22.614556450,TRACKING,,0.001410526,1,-0.000000128,0.000855972,0.049999980,0.000000000,0.000000000,0.050000000,0.000000130,0.000855972,-0.000000020,0.000855972,0.000143005
22.625163889,TRACKING,,0.002049300,1,-0.000000125,0.000767043,0.049999971,0.000000000,0.000000000,0.050000000,0.000000127,0.000767043,-0.000000028,0.000767043,0.000152326
22.635276219,TRACKING,,0.002261828,1,-0.000000124,0.000675082,0.049999960,0.000000000,0.000000000,0.050000000,0.000000125,0.000675082,-0.000000039,0.000675082,0.000161294
22.645197392,TRACKING,,0.001883076,1,-0.000000153,0.000917346,0.049999952,0.000000000,0.000000000,0.050000000,0.000000156,0.000917346,-0.000000048,0.000917346,0.000167500
22.655277664,TRACKING,,0.001339287,1,-0.000000152,0.000827845,0.049999942,0.000000000,0.000000000,0.050000000,0.000000155,0.000827845,-0.000000057,0.000827845,0.000176056
22.665342502,TRACKING,,0.001345223,1,-0.000000152,0.000827845,0.049999942,0.000000000,0.000000000,0.050000000,0.000000155,0.000827845,-0.000000057,0.000827845,0.000176056
22.676188590,TRACKING,,0.001999433,1,-0.000000150,0.000724172,0.049999932,0.000000000,0.000000000,0.050000000,0.000000152,0.000724172,-0.000000067,0.000724172,0.000185157
22.686175065,TRACKING,,0.001577936,1,-0.000000177,0.000977499,0.049999929,0.000000000,0.000000000,0.050000000,0.000000180,0.000977499,-0.000000070,0.000977499,0.000191193
22.696470241,TRACKING,,0.001940067,1,-0.000000171,0.000892062,0.049999925,0.000000000,0.000000000,0.050000000,0.000000174,0.000892062,-0.000000074,0.000892062,0.000197462
22.706409223,TRACKING,,0.002158532,1,-0.000000168,0.000780421,0.049999919,0.000000000,0.000000000,0.050000000,0.000000171,0.000780421,-0.000000080,0.000780421,0.000206598
22.716559547,TRACKING,,0.002149033,1,-0.000000205,0.001028428,0.049999914,0.000000000,0.000000000,0.050000000,0.000000209,0.001028428,-0.000000085,0.001028428,0.000214897
22.726612511,TRACKING,,0.002100353,1,-0.000000207,0.000936402,0.049999906,0.000000000,0.000000000,0.050000000,0.000000210,0.000936402,-0.000000094,0.000936402,0.000221009
22.736695158,TRACKING,,0.002057611,1,-0.000000209,0.000840418,0.049999894,0.000000000,0.000000000,0.050000000,0.000000212,0.000840418,-0.000000105,0.000840418,0.000227230
22.746774244,TRACKING,,0.002049299,1,-0.000000248,0.001127458,0.049999887,0.000000000,0.000000000,0.050000000,0.000000252,0.001127458,-0.000000112,0.001127458,0.000231833
22.756847392,TRACKING,,0.002017242,1,-0.000000247,0.001032200,0.049999881,0.000000000,0.000000000,0.050000000,0.000000251,0.001032200,-0.000000118,0.001032200,0.000236529
22.767053520,TRACKING,,0.001965000,1,-0.000000247,0.000932645,0.049999875,0.000000000,0.000000000,0.050000000,0.000000250,0.000932645,-0.000000124,0.000932645,0.000241939
22.777068490,TRACKING,,0.002227396,1,-0.000000288,0.001236007,0.049999869,0.000000000,0.000000000,0.050000000,0.000000293,0.001236007,-0.000000130,0.001236007,0.000246370
22.787318548,TRACKING,,0.002477919,1,-0.000000292,0.001115225,0.049999861,0.000000000,0.000000000,0.050000000,0.000000296,0.001115225,-0.000000138,0.001115225,0.000252084
22.797225473,TRACKING,,0.002433988,1,-0.000000291,0.001012066,0.049999853,0.000000000,0.000000000,0.050000000,0.000000295,0.001012066,-0.000000146,0.001012066,0.000256921
22.807311682,TRACKING,,0.002509976,1,-0.000000288,0.000913279,0.049999846,0.000000000,0.000000000,0.050000000,0.000000292,0.000913279,-0.000000153,0.000913279,0.000260258
22.817154492,TRACKING,,0.002524224,1,-0.000000329,0.001239250,0.049999840,0.000000000,0.000000000,0.050000000,0.000000334,0.001239250,-0.000000158,0.001239251,0.000261701
22.827291756,TRACKING,,0.000199468,1,-0.000000332,0.001120834,0.049999832,0.000000000,0.000000000,0.050000000,0.000000337,0.001120834,-0.000000166,0.001120834,0.000264671
22.837370841,TRACKING,,0.000149601,1,-0.000000332,0.001120834,0.049999832,0.000000000,0.000000000,0.050000000,0.000000337,0.001120834,-0.000000166,0.001120834,0.000264671
22.847462987,TRACKING,,0.000137728,1,-0.000000378,0.001433844,0.049999823,0.000000000,0.000000000,0.050000000,0.000000385,0.001433844,-0.000000175,0.001433844,0.000267147
22.857626371,TRACKING,,0.000149601,1,-0.000000380,0.001333730,0.049999815,0.000000000,0.000000000,0.050000000,0.000000386,0.001333730,-0.000000183,0.001333730,0.000269388
22.867552293,TRACKING,,0.000449991,1,-0.000000381,0.001226159,0.049999805,0.000000000,0.000000000,0.050000000,0.000000387,0.001226159,-0.000000193,0.001226160,0.000273453
22.877605257,TRACKING,,0.000378753,1,-0.000000432,0.001549008,0.049999794,0.000000000,0.000000000,0.050000000,0.000000439,0.001549008,-0.000000204,0.001549008,0.000277627
22.887700965,TRACKING,,0.000309888,1,-0.000000437,0.001439033,0.049999784,0.000000000,0.000000000,0.050000000,0.000000444,0.001439033,-0.000000215,0.001439033,0.000280987
22.897986642,TRACKING,,0.002740315,1,-0.000000440,0.001327554,0.049999772,0.000000000,0.000000000,0.050000000,0.000000447,0.001327554,-0.000000226,0.001327554,0.000284682
22.908008736,TRACKING,,0.000020185,1,-0.000000443,0.001214782,0.049999762,0.000000000,0.000000000,0.050000000,0.000000449,0.001214782,-0.000000236,0.001214782,0.000287218
22.917947719,TRACKING,,0.000108045,1,-0.000000492,0.001559366,0.049999752,0.000000000,0.000000000,0.050000000,0.000000499,0.001559366,-0.000000246,0.001559366,0.000287581
22.928216774,TRACKING,,0.000134166,1,-0.000000491,0.001454157,0.049999743,0.000000000,0.000000000,0.050000000,0.000000498,0.001454157,-0.000000255,0.001454157,0.000288905
22.938260240,TRACKING,,0.000169785,1,-0.000000490,0.001348328,0.049999734,0.000000000,0.000000000,0.050000000,0.000000497,0.001348328,-0.000000265,0.001348328,0.000290007
22.948284708,TRACKING,,0.000292079,1,-0.000000534,0.001709385,0.049999724,0.000000000,0.000000000,0.050000000,0.000000543,0.001709385,-0.000000274,0.001709385,0.000289560
22.958233189,TRACKING,,0.001101825,1,-0.000000534,0.001709385,0.049999724,0.000000000,0.000000000,0.050000000,0.000000543,0.001709385,-0.000000274,0.001709385,0.000289560
22.968365704,TRACKING,,0.000975970,1,-0.000000538,0.001576925,0.049999709,0.000000000,0.000000000,0.050000000,0.000000546,0.001576925,-0.000000289,0.001576925,0.000293084
22.978345055,TRACKING,,0.000263583,1,-0.000000543,0.001456352,0.049999695,0.000000000,0.000000000,0.050000000,0.000000550,0.001456352,-0.000000303,0.001456352,0.000297038
22.988380209,TRACKING,,0.000522417,1,-0.000000597,0.001829819,0.049999681,0.000000000,0.000000000,0.050000000,0.000000606,0.001829819,-0.000000317,0.001829819,0.000300733
22.998522222,TRACKING,,0.002352063,1,-0.000000601,0.001712495,0.049999667,0.000000000,0.000000000,0.050000000,0.000000610,0.001712495,-0.000000330,0.001712495,0.000303341
23.008665422,TRACKING,,0.002093230,1,-0.000000608,0.001584868,0.049999652,0.000000000,0.000000000,0.050000000,0.000000616,0.001584868,-0.000000346,0.001584868,0.000307205
23.018626963,TRACKING,,0.002260640,1,-0.000000666,0.001949370,0.049999635,0.000000000,0.000000000,0.050000000,0.000000676,0.001949370,-0.000000362,0.001949370,0.000310316
23.028789160,TRACKING,,0.001910384,1,-0.000000670,0.001830301,0.049999625,0.000000000,0.000000000,0.050000000,0.000000680,0.001830301,-0.000000373,0.001830301,0.000312405
23.038851623,TRACKING,,0.001068580,1,-0.000000673,0.001706617,0.049999616,0.000000000,0.000000000,0.050000000,0.000000682,0.001706617,-0.000000382,0.001706618,0.000314718
23.048903400,TRACKING,,0.000848927,1,-0.000000724,0.002105539,0.049999607,0.000000000,0.000000000,0.050000000,0.000000735,0.002105539,-0.000000390,0.002105539,0.000315922
23.059034727,TRACKING,,0.000521230,1,-0.000000725,0.001981357,0.049999597,0.000000000,0.000000000,0.050000000,0.000000736,0.001981357,-0.000000400,0.001981357,0.000317979
23.069218296,TRACKING,,0.000307514,1,-0.000000727,0.001855263,0.049999586,0.000000000,0.000000000,0.050000000,0.000000737,0.001855263,-0.000000411,0.001855263,0.000319996
23.079205958,TRACKING,,0.000303952,1,-0.000000780,0.002277503,0.049999577,0.000000000,0.000000000,0.050000000,0.000000792,0.002277503,-0.000000420,0.002277503,0.000320152
23.089327786,TRACKING,,0.000191157,1,-0.000000782,0.002155304,0.049999566,0.000000000,0.000000000,0.050000000,0.000000794,0.002155304,-0.000000431,0.002155304,0.000321102
23.099347506,TRACKING,,0.000166224,1,-0.000000785,0.002032376,0.049999555,0.000000000,0.000000000,0.050000000,0.000000796,0.002032376,-0.000000442,0.002032376,0.000322099
23.109306672,TRACKING,,0.000199468,1,-0.000000840,0.002468231,0.049999546,0.000000000,0.000000000,0.050000000,0.000000853,0.002468231,-0.000000451,0.002468231,0.000321798
23.119435625,TRACKING,,0.000119918,1,-0.000000843,0.002345498,0.049999534,0.000000000,0.000000000,0.050000000,0.000000856,0.002345498,-0.000000463,0.002345498,0.000322316
23.129787792,TRACKING,,0.002821051,1,-0.000000843,0.002345498,0.049999534,0.000000000,0.000000000,0.050000000,0.000000856,0.002345498,-0.000000463,0.002345498,0.000322316
23.139663846,TRACKING,,0.000036807,1,-0.000000847,0.002192731,0.049999519,0.000000000,0.000000000,0.050000000,0.000000859,0.002192731,-0.000000478,0.002192731,0.000322715
23.149661007,TRACKING,,0.000908293,1,-0.000000901,0.002635377,0.049999507,0.000000000,0.000000000,0.050000000,0.000000915,0.002635377,-0.000000489,0.002635378,0.000322861
23.159800645,TRACKING,,0.000842991,1,-0.000000901,0.002491314,0.049999492,0.000000000,0.000000000,0.050000000,0.000000915,0.002491314,-0.000000504,0.002491314,0.000323637
23.169825114,TRACKING,,0.000901169,1,-0.000000905,0.002360807,0.049999476,0.000000000,0.000000000,0.050000000,0.000000918,0.002360807,-0.000000520,0.002360807,0.000325790
23.179983749,TRACKING,,0.000932039,1,-0.000000908,0.002234658,0.049999463,0.000000000,0.000000000,0.050000000,0.000000920,0.002234658,-0.000000534,0.002234658,0.000327059
23.190067584,TRACKING,,0.003502569,1,-0.000000963,0.002691506,0.049999458,0.000000000,0.000000000,0.050000000,0.000000978,0.002691506,-0.000000539,0.002691507,0.000326468
23.199974509,TRACKING,,0.000654208,1,-0.000000966,0.002565367,0.049999450,0.000000000,0.000000000,0.050000000,0.000000980,0.002565367,-0.000000546,0.002565367,0.000325988
23.210070216,TRACKING,,0.001038898,1,-0.000000965,0.002445282,0.049999443,0.000000000,0.000000000,0.050000000,0.000000979,0.002445282,-0.000000553,0.002445282,0.000325195
23.220219353,TRACKING,,0.003620112,1,-0.000001019,0.002888431,0.049999435,0.000000000,0.000000000,0.050000000,0.000001035,0.002888431,-0.000000561,0.002888431,0.000323651
23.230236698,TRACKING,,0.001327414,1,-0.000001020,0.002734986,0.049999421,0.000000000,0.000000000,0.050000000,0.000001035,0.002734986,-0.000000575,0.002734986,0.000323886
23.240347840,TRACKING,,0.001494825,1,-0.000001076,0.003178866,0.049999409,0.000000000,0.000000000,0.050000000,0.000001093,0.003178866,-0.000000586,0.003178866,0.000323215
23.250348563,TRACKING,,0.002358001,1,-0.000001076,0.003178866,0.049999409,0.000000000,0.000000000,0.050000000,0.000001093,0.003178866,-0.000000586,0.003178866,0.000323215
23.260697168,TRACKING,,0.002684511,1,-0.000001083,0.003024222,0.049999391,0.000000000,0.000000000,0.050000000,0.000001100,0.003024222,-0.000000605,0.003024222,0.000325620
23.270504359,TRACKING,,0.002276076,1,-0.000001101,0.002841831,0.049999363,0.000000000,0.000000000,0.050000000,0.000001117,0.002841831,-0.000000633,0.002841831,0.000331280
23.280657057,TRACKING,,0.002393619,1,-0.000001174,0.003276677,0.049999338,0.000000000,0.000000000,0.050000000,0.000001193,0.003276677,-0.000000657,0.003276677,0.000335400
23.290527175,TRACKING,,0.002128849,1,-0.000001186,0.003133140,0.049999320,0.000000000,0.000000000,0.050000000,0.000001204,0.003133140,-0.000000675,0.003133140,0.000338346
23.300714306,TRACKING,,0.001840333,1,-0.000001200,0.002987096,0.049999304,0.000000000,0.000000000,0.050000000,0.000001217,0.002987096,-0.000000692,0.002987097,0.000341590
23.310890751,TRACKING,,0.001316728,1,-0.000001267,0.003456259,0.049999289,0.000000000,0.000000000,0.050000000,0.000001287,0.003456259,-0.000000705,0.003456259,0.000343140
23.320794114,TRACKING,,0.001110136,1,-0.000001276,0.003306006,0.049999272,0.000000000,0.000000000,0.050000000,0.000001295,0.003306006,-0.000000723,0.003306006,0.000345566
23.330872012,TRACKING,,0.000667269,1,-0.000001283,0.003159136,0.049999255,0.000000000,0.000000000,0.050000000,0.000001302,0.003159136,-0.000000740,0.003159136,0.000347545
23.341250299,TRACKING,,0.000257646,1,-0.000001286,0.003015515,0.049999241,0.000000000,0.000000000,0.050000000,0.000001303,0.003015515,-0.000000754,0.003015515,0.000347806
23.351049179,TRACKING,,0.000059366,1,-0.000001342,0.003504712,0.049999234,0.000000000,0.000000000,0.050000000,0.000001363,0.003504712,-0.000000761,0.003504712,0.000345437
23.361171007,TRACKING,,0.000021372,1,-0.000001337,0.003370640,0.049999224,0.000000000,0.000000000,0.050000000,0.000001356,0.003370640,-0.000000771,0.003370640,0.000343883
23.374403591,TRACKING,,0.000587719,1,-0.000001332,0.003239045,0.049999213,0.000000000,0.000000000,0.050000000,0.000001350,0.003239045,-0.000000782,0.003239046,0.000342532
23.384355634,TRACKING,,0.001284671,1,-0.000001385,0.003718382,0.049999208,0.000000000,0.000000000,0.050000000,0.000001407,0.003718382,-0.000000787,0.003718382,0.000339278
23.394439468,TRACKING,,0.001695480,1,-0.000001379,0.003555214,0.049999198,0.000000000,0.000000000,0.050000000,0.000001399,0.003555214,-0.000000797,0.003555214,0.000337684
23.404566046,TRACKING,,0.001931755,1,-0.000001379,0.003555214,0.049999198,0.000000000,0.000000000,0.050000000,0.000001399,0.003555214,-0.000000797,0.003555214,0.000337684
23.414705684,TRACKING,,0.001563689,1,-0.000001370,0.003394725,0.049999189,0.000000000,0.000000000,0.050000000,0.000001389,0.003394725,-0.000000805,0.003394725,0.000335360
23.424614984,TRACKING,,0.001655112,1,-0.000001430,0.003898259,0.049999183,0.000000000,0.000000000,0.050000000,0.000001452,0.003898259,-0.000000811,0.003898259,0.000333239
23.434831797,TRACKING,,0.001441395,1,-0.000001428,0.003765328,0.049999173,0.000000000,0.000000000,0.050000000,0.000001449,0.003765328,-0.000000822,0.003765329,0.000332174
23.444853891,TRACKING,,0.001427148,1,-0.000001433,0.003621805,0.049999157,0.000000000,0.000000000,0.050000000,0.000001453,0.003621805,-0.000000838,0.003621806,0.000332597
23.454979282,TRACKING,,0.001129133,1,-0.000001499,0.004092024,0.049999139,0.000000000,0.000000000,0.050000000,0.000001522,0.004092024,-0.000000856,0.004092024,0.000332382
23.464978817,TRACKING,,0.000870299,1,-0.000001504,0.003950610,0.049999123,0.000000000,0.000000000,0.050000000,0.000001526,0.003950610,-0.000000871,0.003950611,0.000332354
23.474999724,TRACKING,,0.000567535,1,-0.000001511,0.003805252,0.049999108,0.000000000,0.000000000,0.050000000,0.000001533,0.003805252,-0.000000886,0.003805252,0.000333045
23.485044377,TRACKING,,0.000341946,1,-0.000001579,0.004312027,0.049999099,0.000000000,0.000000000,0.050000000,0.000001603,0.004312027,-0.000000895,0.004312028,0.000332430
23.495492716,TRACKING,,0.000041556,1,-0.000001581,0.004168135,0.049999088,0.000000000,0.000000000,0.050000000,0.000001605,0.004168135,-0.000000906,0.004168135,0.000331894
23.505632354,TRACKING,,0.002368686,1,-0.000001585,0.004020592,0.049999074,0.000000000,0.000000000,0.050000000,0.000001607,0.004020592,-0.000000921,0.004020592,0.000332115
23.515599832,TRACKING,,0.001886638,1,-0.000001648,0.004532907,0.049999063,0.000000000,0.000000000,0.050000000,0.000001673,0.004532907,-0.000000930,0.004532907,0.000331097
23.525659920,TRACKING,,0.001662235,1,-0.000001647,0.004391535,0.049999053,0.000000000,0.000000000,0.050000000,0.000001672,0.004391535,-0.000000941,0.004391535,0.000329837
23.535698636,TRACKING,,0.001238365,1,-0.000001650,0.004246926,0.049999042,0.000000000,0.000000000,0.050000000,0.000001674,0.004246926,-0.000000952,0.004246927,0.000329109
23.545903577,TRACKING,,0.000852490,1,-0.000001712,0.004759832,0.049999035,0.000000000,0.000000000,0.050000000,0.000001739,0.004759832,-0.000000958,0.004759833,0.000327908
23.556047964,TRACKING,,0.000693390,1,-0.000001715,0.004615097,0.049999023,0.000000000,0.000000000,0.050000000,0.000001740,0.004615097,-0.000000971,0.004615098,0.000328023
23.565981010,TRACKING,,0.000406061,1,-0.000001718,0.004470448,0.049999010,0.000000000,0.000000000,0.050000000,0.000001743,0.004470448,-0.000000984,0.004470449,0.000327944
23.576415101,TRACKING,,0.001930568,1,-0.000001778,0.004971333,0.049998999,0.000000000,0.000000000,0.050000000,0.000001805,0.004971333,-0.000000994,0.004971334,0.000326316
23.586475189,TRACKING,,0.000949849,1,-0.000001777,0.004817106,0.049998984,0.000000000,0.000000000,0.050000000,0.000001804,0.004817106,-0.000001009,0.004817107,0.000326072
23.596600579,TRACKING,,0.000910668,1,-0.000001782,0.004670584,0.049998972,0.000000000,0.000000000,0.050000000,0.000001808,0.004670584,-0.000001021,0.004670585,0.000326760
23.607200894,TRACKING,,0.001551816,1,-0.000001781,0.004530512,0.049998965,0.000000000,0.000000000,0.050000000,0.000001806,0.004530512,-0.000001029,0.004530513,0.000325496
23.617198055,TRACKING,,0.001668172,1,-0.000001781,0.004530512,0.049998965,0.000000000,0.000000000,0.050000000,0.000001806,0.004530512,-0.000001029,0.004530513,0.000325496
23.627201152,TRACKING,,0.001149317,1,-0.000001830,0.005083394,0.049998966,0.000000000,0.000000000,0.050000000,0.000001858,0.005083394,-0.000001027,0.005083394,0.000321030
23.637328917,TRACKING,,0.001303668,1,-0.000001814,0.004947906,0.049998965,0.000000000,0.000000000,0.050000000,0.000001841,0.004947906,-0.000001028,0.004947907,0.000317500
23.647365259,TRACKING,,0.001212245,1,-0.000001863,0.005392079,0.049998953,0.000000000,0.000000000,0.050000000,0.000001892,0.005392079,-0.000001039,0.005392080,0.000315380
23.657838532,TRACKING,,0.001120822,1,-0.000001859,0.005251505,0.049998935,0.000000000,0.000000000,0.050000000,0.000001887,0.005251505,-0.000001058,0.005251505,0.000314903
23.667430819,TRACKING,,0.000891671,1,-0.000001859,0.005101825,0.049998915,0.000000000,0.000000000,0.050000000,0.000001886,0.005101825,-0.000001078,0.005101826,0.000314675
23.677589454,TRACKING,,0.000789562,1,-0.000001930,0.005589935,0.049998895,0.000000000,0.000000000,0.050000000,0.000001959,0.005589935,-0.000001097,0.005589935,0.000314878
23.687744527,TRACKING,,0.001024650,1,-0.000001931,0.005447400,0.049998880,0.000000000,0.000000000,0.050000000,0.000001960,0.005447400,-0.000001112,0.005447400,0.000314746
23.697612271,TRACKING,,0.000818058,1,-0.000001939,0.005261933,0.049998853,0.000000000,0.000000000,0.050000000,0.000001967,0.005261933,-0.000001140,0.005261934,0.000316122
23.707671172,TRACKING,,0.001036523,1,-0.000002003,0.005785656,0.049998842,0.000000000,0.000000000,0.050000000,0.000002034,0.005785656,-0.000001149,0.005785656,0.000316118
23.718013840,TRACKING,,0.001377281,1,-0.000002003,0.005785656,0.049998842,0.000000000,0.000000000,0.050000000,0.000002034,0.005785656,-0.000001149,0.005785656,0.000316118
23.727829342,TRACKING,,0.001746535,1,-0.000002021,0.005598944,0.049998815,0.000000000,0.000000000,0.050000000,0.000002051,0.005598944,-0.000001177,0.005598945,0.000318845
23.738052092,TRACKING,,0.002146659,1,-0.000002041,0.005409886,0.049998786,0.000000000,0.000000000,0.050000000,0.000002070,0.005409886,-0.000001206,0.005409886,0.000322211
23.747974452,TRACKING,,0.000037994,1,-0.000002122,0.005887177,0.049998762,0.000000000,0.000000000,0.050000000,0.000002154,0.005887177,-0.000001230,0.005887177,0.000325158
23.758082033,TRACKING,,0.000188783,1,-0.000002140,0.005692689,0.049998735,0.000000000,0.000000000,0.050000000,0.000002171,0.005692689,-0.000001257,0.005692690,0.000328203
23.768201486,TRACKING,,0.000085487,1,-0.000002158,0.005496061,0.049998707,0.000000000,0.000000000,0.050000000,0.000002189,0.005496061,-0.000001284,0.005496061,0.000330435
23.778356559,TRACKING,,0.002241644,1,-0.000002158,0.005496061,0.049998707,0.000000000,0.000000000,0.050000000,0.000002189,0.005496061,-0.000001284,0.005496061,0.000330435
23.788504509,TRACKING,,0.002267764,1,-0.000002222,0.006004545,0.049998693,0.000000000,0.000000000,0.050000000,0.000002255,0.006004545,-0.000001298,0.006004545,0.000330026
23.798291515,TRACKING,,0.000302764,1,-0.000002212,0.005824006,0.049998684,0.000000000,0.000000000,0.050000000,0.000002244,0.005824006,-0.000001307,0.005824007,0.000328089
23.808361102,TRACKING,,0.000698139,1,-0.000002212,0.005642755,0.049998671,0.000000000,0.000000000,0.050000000,0.000002243,0.005642755,-0.000001320,0.005642755,0.000327774
23.818417628,TRACKING,,0.001087577,1,-0.000002266,0.006129980,0.049998664,0.000000000,0.000000000,0.050000000,0.000002300,0.006129980,-0.000001327,0.006129981,0.000325615
23.829311209,TRACKING,,0.002000619,1,-0.000002258,0.005947285,0.049998650,0.000000000,0.000000000,0.050000000,0.000002291,0.005947285,-0.000001342,0.005947286,0.000324738
23.839494777,TRACKING,,0.002230958,1,-0.000002258,0.005947285,0.049998650,0.000000000,0.000000000,0.050000000,0.000002291,0.005947285,-0.000001342,0.005947286,0.000324738
23.849526370,TRACKING,,0.001792840,1,-0.000002311,0.006429144,0.049998644,0.000000000,0.000000000,0.050000000,0.000002346,0.006429144,-0.000001347,0.006429144,0.000322980
23.859915343,TRACKING,,0.001301293,1,-0.000002296,0.006272136,0.049998640,0.000000000,0.000000000,0.050000000,0.000002330,0.006272136,-0.000001351,0.006272137,0.000321266
23.869581244,TRACKING,,0.001262112,1,-0.000002298,0.006113730,0.049998624,0.000000000,0.000000000,0.050000000,0.000002331,0.006113730,-0.000001368,0.006113730,0.000321683
23.879602151,TRACKING,,0.001404589,1,-0.000002304,0.005955390,0.049998605,0.000000000,0.000000000,0.050000000,0.000002337,0.005955390,-0.000001387,0.005955391,0.000322790
23.889778596,TRACKING,,0.001372532,1,-0.000002361,0.006427231,0.049998595,0.000000000,0.000000000,0.050000000,0.000002395,0.006427231,-0.000001395,0.006427232,0.000321818
23.899773382,TRACKING,,0.001664611,1,-0.000002355,0.006276235,0.049998587,0.000000000,0.000000000,0.050000000,0.000002388,0.006276235,-0.000001404,0.006276235,0.000320664
23.909940328,TRACKING,,0.001847456,1,-0.000002411,0.006750680,0.049998576,0.000000000,0.000000000,0.050000000,0.000002448,0.006750680,-0.000001414,0.006750681,0.000319441
23.921369386,TRACKING,,0.004998580,1,-0.000002411,0.006583226,0.049998559,0.000000000,0.000000000,0.050000000,0.000002446,0.006583226,-0.000001431,0.006583227,0.000319521
23.931334489,TRACKING,,0.002114602,1,-0.000002422,0.006414797,0.049998537,0.000000000,0.000000000,0.050000000,0.000002457,0.006414797,-0.000001454,0.006414798,0.000321177
23.941471753,TRACKING,,0.002499291,1,-0.000002485,0.006876150,0.049998520,0.000000000,0.000000000,0.050000000,0.000002522,0.006876150,-0.000001470,0.006876150,0.000321450
23.951592394,TRACKING,,0.002077795,1,-0.000002497,0.006707316,0.049998496,0.000000000,0.000000000,0.050000000,0.000002533,0.006707316,-0.000001494,0.006707316,0.000323127
23.962817234,TRACKING,,0.002234520,1,-0.000002519,0.006527335,0.049998473,0.000000000,0.000000000,0.050000000,0.000002554,0.006527335,-0.000001517,0.006527336,0.000325348
23.972823893,TRACKING,,0.001921069,1,-0.000002519,0.006361058,0.049998460,0.000000000,0.000000000,0.050000000,0.000002554,0.006361058,-0.000001530,0.006361059,0.000325674
23.984465480,TRACKING,,0.001029399,1,-0.000002571,0.006856557,0.049998456,0.000000000,0.000000000,0.050000000,0.000002608,0.006856556,-0.000001534,0.006856557,0.000324216
23.994514883,TRACKING,,0.001023463,1,-0.000002563,0.006702974,0.049998449,0.000000000,0.000000000,0.050000000,0.000002599,0.006702974,-0.000001541,0.006702975,0.000322811
24.004535790,TRACKING,,0.001219369,1,-0.000002566,0.006503823,0.049998432,0.000000000,0.000000000,0.050000000,0.000002601,0.006503823,-0.000001558,0.006503823,0.000323246
24.016049147,TRACKING,,0.002520662,1,-0.000002621,0.006990180,0.049998426,0.000000000,0.000000000,0.050000000,0.000002659,0.006990180,-0.000001563,0.006990181,0.000321545
24.026115171,TRACKING,,0.002056423,1,-0.000002618,0.006826816,0.049998414,0.000000000,0.000000000,0.050000000,0.000002654,0.006826816,-0.000001576,0.006826817,0.000320894
24.036377102,TRACKING,,0.002076608,1,-0.000002619,0.006662562,0.049998398,0.000000000,0.000000000,0.050000000,0.000002654,0.006662562,-0.000001593,0.006662563,0.000320867
24.046316085,TRACKING,,0.000287330,1,-0.000002675,0.007115906,0.049998391,0.000000000,0.000000000,0.050000000,0.000002713,0.007115906,-0.000001599,0.007115907,0.000319171
24.056217073,TRACKING,,0.000226777,1,-0.000002681,0.006948313,0.049998372,0.000000000,0.000000000,0.050000000,0.000002718,0.006948313,-0.000001618,0.006948314,0.000320018
24.066427950,TRACKING,,0.000574659,1,-0.000002681,0.006948313,0.049998372,0.000000000,0.000000000,0.050000000,0.000002718,0.006948313,-0.000001618,0.006948314,0.000320018
24.076547404,TRACKING,,0.000677955,1,-0.000002690,0.006748821,0.049998355,0.000000000,0.000000000,0.050000000,0.000002726,0.006748821,-0.000001635,0.006748821,0.000321063
24.086615803,TRACKING,,0.000768190,1,-0.000002760,0.007175645,0.049998337,0.000000000,0.000000000,0.050000000,0.000002799,0.007175645,-0.000001652,0.007175646,0.000321477
24.096669955,TRACKING,,0.000990218,1,-0.000002778,0.006966578,0.049998313,0.000000000,0.000000000,0.050000000,0.000002816,0.006966578,-0.000001677,0.006966579,0.000323131
24.106740729,TRACKING,,0.001352347,1,-0.000002798,0.006758797,0.049998288,0.000000000,0.000000000,0.050000000,0.000002835,0.006758797,-0.000001702,0.006758798,0.000325225
24.116775883,TRACKING,,0.001472266,1,-0.000002798,0.006758797,0.049998288,0.000000000,0.000000000,0.050000000,0.000002835,0.006758797,-0.000001702,0.006758798,0.000325225
24.126865654,TRACKING,,0.001163565,1,-0.000002857,0.007177713,0.049998273,0.000000000,0.000000000,0.050000000,0.000002896,0.007177713,-0.000001716,0.007177713,0.000325073
24.137031413,TRACKING,,0.001446145,1,-0.000002845,0.007012737,0.049998269,0.000000000,0.000000000,0.050000000,0.000002883,0.007012737,-0.000001720,0.007012738,0.000323493
24.147136619,TRACKING,,0.001638489,1,-0.000002896,0.007430435,0.049998263,0.000000000,0.000000000,0.050000000,0.000002936,0.007430435,-0.000001727,0.007430436,0.000322117
24.157225203,TRACKING,,0.001981622,1,-0.000002897,0.007229519,0.049998248,0.000000000,0.000000000,0.050000000,0.000002935,0.007229519,-0.000001742,0.007229520,0.000321826
24.167419457,TRACKING,,0.002322380,1,-0.000002911,0.007021320,0.049998222,0.000000000,0.000000000,0.050000000,0.000002949,0.007021320,-0.000001768,0.007021321,0.000322661
24.177464110,TRACKING,,0.000231525,1,-0.000002963,0.007430786,0.049998215,0.000000000,0.000000000,0.050000000,0.000003003,0.007430786,-0.000001774,0.007430787,0.000321012
24.187430401,TRACKING,,0.000432181,1,-0.000002963,0.007430786,0.049998215,0.000000000,0.000000000,0.050000000,0.000003003,0.007430786,-0.000001774,0.007430787,0.000321012
24.197336139,TRACKING,,0.000762254,1,-0.000002983,0.007219254,0.049998187,0.000000000,0.000000000,0.050000000,0.000003022,0.007219254,-0.000001803,0.007219255,0.000322700
24.207354671,TRACKING,,0.001193248,1,-0.000003016,0.007001928,0.049998147,0.000000000,0.000000000,0.050000000,0.000003054,0.007001928,-0.000001843,0.007001929,0.000326093
24.219302584,TRACKING,,0.000524791,1,-0.000003096,0.007386886,0.049998116,0.000000000,0.000000000,0.050000000,0.000003137,0.007386886,-0.000001874,0.007386887,0.000328487
24.229119273,TRACKING,,0.000987843,1,-0.000003118,0.007169398,0.049998083,0.000000000,0.000000000,0.050000000,0.000003158,0.007169398,-0.000001906,0.007169399,0.000330711
24.239192422,TRACKING,,0.001430710,1,-0.000003140,0.006954406,0.049998055,0.000000000,0.000000000,0.050000000,0.000003179,0.006954405,-0.000001934,0.006954406,0.000332729
24.249213329,TRACKING,,0.001753659,1,-0.000003140,0.006954406,0.049998055,0.000000000,0.000000000,0.050000000,0.000003179,0.006954405,-0.000001934,0.006954406,0.000332729
24.259439641,TRACKING,,0.004504659,1,-0.000003187,0.007337547,0.049998047,0.000000000,0.000000000,0.050000000,0.000003228,0.007337547,-0.000001942,0.007337548,0.000331604
24.269509227,TRACKING,,0.001981622,1,-0.000003167,0.007136843,0.049998049,0.000000000,0.000000000,0.050000000,0.000003206,0.007136843,-0.000001940,0.007136844,0.000328702
24.281435769,TRACKING,,0.000312263,1,-0.000003217,0.007487372,0.049998042,0.000000000,0.000000000,0.050000000,0.000003258,0.007487372,-0.000001947,0.007487373,0.000326929
24.291371189,TRACKING,,0.000211341,1,-0.000003215,0.007312584,0.049998029,0.000000000,0.000000000,0.050000000,0.000003255,0.007312584,-0.000001960,0.007312585,0.000326592
24.304183465,TRACKING,,0.000045117,1,-0.000003228,0.007133095,0.049998006,0.000000000,0.000000000,0.050000000,0.000003267,0.007133095,-0.000001983,0.007133096,0.000328004
24.314052396,TRACKING,,0.000042743,1,-0.000003225,0.006960742,0.049998000,0.000000000,0.000000000,0.050000000,0.000003263,0.006960742,-0.000001990,0.006960743,0.000327186
24.324140980,TRACKING,,0.000028495,1,-0.000003283,0.007381531,0.049997988,0.000000000,0.000000000,0.050000000,0.000003323,0.007381531,-0.000002001,0.007381532,0.000326968
24.334085899,TRACKING,,0.000143665,1,-0.000003272,0.007211672,0.049997980,0.000000000,0.000000000,0.050000000,0.000003311,0.007211672,-0.000002009,0.007211673,0.000325828
24.344128177,TRACKING,,0.000369254,1,-0.000003327,0.007521303,0.049997960,0.000000000,0.000000000,0.050000000,0.000003368,0.007521303,-0.000002029,0.007521304,0.000325616
24.354266628,TRACKING,,0.000432182,1,-0.000003341,0.007304362,0.049997933,0.000000000,0.000000000,0.050000000,0.000003380,0.007304362,-0.000002056,0.007304363,0.000326194
24.365593577,TRACKING,,0.002021991,1,-0.000003353,0.007085136,0.049997908,0.000000000,0.000000000,0.050000000,0.000003391,0.007085136,-0.000002081,0.007085137,0.000326730
24.375523061,TRACKING,,0.001433085,1,-0.000003393,0.007444975,0.049997906,0.000000000,0.000000000,0.050000000,0.000003433,0.007444975,-0.000002084,0.007444977,0.000324624
24.385562965,TRACKING,,0.001948378,1,-0.000003393,0.007444975,0.049997906,0.000000000,0.000000000,0.050000000,0.000003433,0.007444975,-0.000002084,0.007444977,0.000324624
24.395632551,TRACKING,,0.001893761,1,-0.000003400,0.007233365,0.049997885,0.000000000,0.000000000,0.050000000,0.000003439,0.007233365,-0.000002105,0.007233366,0.000324528
24.405822057,TRACKING,,0.001867640,1,-0.000003414,0.007051984,0.049997864,0.000000000,0.000000000,0.050000000,0.000003452,0.007051984,-0.000002126,0.007051985,0.000325080
24.415804969,TRACKING,,0.001970937,1,-0.000003486,0.007395136,0.049997837,0.000000000,0.000000000,0.050000000,0.000003527,0.007395136,-0.000002153,0.007395138,0.000326308
24.425887617,TRACKING,,0.002295073,1,-0.000003508,0.007170397,0.049997806,0.000000000,0.000000000,0.050000000,0.000003547,0.007170397,-0.000002183,0.007170399,0.000327396
24.435952454,TRACKING,,0.000281393,1,-0.000003537,0.006943736,0.049997771,0.000000000,0.000000000,0.050000000,0.000003575,0.006943736,-0.000002218,0.006943737,0.000329701
24.446022041,TRACKING,,0.000686266,1,-0.000003591,0.007241103,0.049997752,0.000000000,0.000000000,0.050000000,0.000003631,0.007241102,-0.000002237,0.007241104,0.000329624
24.456270911,TRACKING,,0.000854864,1,-0.000003600,0.007018450,0.049997732,0.000000000,0.000000000,0.050000000,0.000003639,0.007018450,-0.000002257,0.007018451,0.000329632
24.466252637,TRACKING,,0.001066206,1,-0.000003600,0.007018450,0.049997732,0.000000000,0.000000000,0.050000000,0.000003639,0.007018450,-0.000002257,0.007018451,0.000329632
24.476223677,TRACKING,,0.001292982,1,-0.000003600,0.006796147,0.049997715,0.000000000,0.000000000,0.050000000,0.000003637,0.006796147,-0.000002275,0.006796148,0.000329217
24.486269517,TRACKING,,0.001612369,1,-0.000003630,0.007081116,0.049997715,0.000000000,0.000000000,0.050000000,0.000003668,0.007081116,-0.000002274,0.007081117,0.000327155
24.496348602,TRACKING,,0.001671734,1,-0.000003624,0.006861980,0.049997706,0.000000000,0.000000000,0.050000000,0.000003661,0.006861980,-0.000002284,0.006861982,0.000326143
24.506426500,TRACKING,,0.001023462,1,-0.000003613,0.006676860,0.049997700,0.000000000,0.000000000,0.050000000,0.000003649,0.006676860,-0.000002290,0.006676861,0.000324836
24.516488963,TRACKING,,0.000642335,1,-0.000003641,0.006975165,0.049997699,0.000000000,0.000000000,0.050000000,0.000003678,0.006975165,-0.000002291,0.006975166,0.000322726
24.526549051,TRACKING,,0.001065018,1,-0.000003623,0.006757293,0.049997695,0.000000000,0.000000000,0.050000000,0.000003659,0.006757293,-0.000002296,0.006757295,0.000320590
24.536634073,TRACKING,,0.001276360,1,-0.000003623,0.006757293,0.049997695,0.000000000,0.000000000,0.050000000,0.000003659,0.006757293,-0.000002296,0.006757295,0.000320590
24.546764212,TRACKING,,0.001661048,1,-0.000003600,0.006541540,0.049997691,0.000000000,0.000000000,0.050000000,0.000003634,0.006541540,-0.000002299,0.006541542,0.000318389
24.557248170,TRACKING,,0.001753659,1,-0.000003603,0.006804058,0.049997708,0.000000000,0.000000000,0.050000000,0.000003639,0.006804058,-0.000002282,0.006804059,0.000314191
24.567011431,TRACKING,,0.001270423,1,-0.000003570,0.006633336,0.049997718,0.000000000,0.000000000,0.050000000,0.000003604,0.006633335,-0.000002272,0.006633337,0.000311137
24.577114262,TRACKING,,0.001250239,1,-0.000003567,0.006446850,0.049997708,0.000000000,0.000000000,0.050000000,0.000003600,0.006446850,-0.000002283,0.006446852,0.000310894
24.587120921,TRACKING,,0.001196810,1,-0.000003596,0.006724241,0.049997705,0.000000000,0.000000000,0.050000000,0.000003631,0.006724241,-0.000002286,0.006724243,0.000309402
24.597201194,TRACKING,,0.001454457,1,-0.000003583,0.006545707,0.049997699,0.000000000,0.000000000,0.050000000,0.000003616,0.006545707,-0.000002292,0.006545708,0.000307854
24.607320647,TRACKING,,0.001372532,1,-0.000003577,0.006325569,0.049997687,0.000000000,0.000000000,0.050000000,0.000003609,0.006325569,-0.000002304,0.006325571,0.000306846
24.619591509,TRACKING,,0.005579176,1,-0.000003586,0.006582817,0.049997696,0.000000000,0.000000000,0.050000000,0.000003619,0.006582817,-0.000002295,0.006582818,0.000303859
24.629472313,TRACKING,,0.001563689,1,-0.000003552,0.006389406,0.049997708,0.000000000,0.000000000,0.050000000,0.000003583,0.006389406,-0.000002284,0.006389407,0.000300500
24.639723559,TRACKING,,0.004220892,1,-0.000003528,0.006217723,0.049997711,0.000000000,0.000000000,0.050000000,0.000003558,0.006217723,-0.000002281,0.006217724,0.000298335
24.649615048,TRACKING,,0.002292698,1,-0.000003528,0.006434848,0.049997722,0.000000000,0.000000000,0.050000000,0.000003559,0.006434848,-0.000002269,0.006434850,0.000294360
24.659971964,TRACKING,,0.001949565,1,-0.000003500,0.006260461,0.049997729,0.000000000,0.000000000,0.050000000,0.000003530,0.006260461,-0.000002263,0.006260462,0.000291756
24.669957252,TRACKING,,0.001696668,1,-0.000003469,0.006087536,0.049997736,0.000000000,0.000000000,0.050000000,0.000003498,0.006087536,-0.000002256,0.006087537,0.000289089
24.679833307,TRACKING,,0.001132695,1,-0.000003462,0.006316764,0.049997758,0.000000000,0.000000000,0.050000000,0.000003492,0.006316764,-0.000002233,0.006316765,0.000285021
24.690135607,TRACKING,,0.000788375,1,-0.000003448,0.006137136,0.049997758,0.000000000,0.000000000,0.050000000,0.000003477,0.006137136,-0.000002234,0.006137137,0.000283577
24.700109021,TRACKING,,0.003149936,1,-0.000003423,0.005965805,0.049997761,0.000000000,0.000000000,0.050000000,0.000003451,0.005965805,-0.000002231,0.005965806,0.000281031
24.710205916,TRACKING,,0.000024933,1,-0.000003423,0.005965805,0.049997761,0.000000000,0.000000000,0.050000000,0.000003451,0.005965805,-0.000002231,0.005965806,0.000281031
24.720355052,TRACKING,,0.000067677,1,-0.000003339,0.006022128,0.049997825,0.000000000,0.000000000,0.050000000,0.000003365,0.006022128,-0.000002167,0.006022129,0.000269847
24.730419890,TRACKING,,0.000658957,1,-0.000003339,0.006022128,0.049997825,0.000000000,0.000000000,0.050000000,0.000003365,0.006022128,-0.000002167,0.006022129,0.000269847
24.740363621,TRACKING,,0.000472550,1,-0.000003282,0.005836244,0.049997853,0.000000000,0.000000000,0.050000000,0.000003307,0.005836244,-0.000002140,0.005836245,0.000264577
24.750749033,TRACKING,,0.000218465,1,-0.000003268,0.006037191,0.049997874,0.000000000,0.000000000,0.050000000,0.000003294,0.006037191,-0.000002119,0.006037192,0.000260443
24.760612027,TRACKING,,0.000022559,1,-0.000003230,0.005872949,0.049997887,0.000000000,0.000000000,0.050000000,0.000003254,0.005872949,-0.000002105,0.005872951,0.000257216
24.770737417,TRACKING,,0.002311695,1,-0.000003218,0.005702522,0.049997882,0.000000000,0.000000000,0.050000000,0.000003242,0.005702522,-0.000002111,0.005702523,0.000255572
24.780637219,TRACKING,,0.002204837,1,-0.000003229,0.005830932,0.049997885,0.000000000,0.000000000,0.050000000,0.000003253,0.005830932,-0.000002108,0.005830934,0.000253063
24.790573826,TRACKING,,0.002363936,1,-0.000003188,0.005632264,0.049997896,0.000000000,0.000000000,0.050000000,0.000003211,0.005632264,-0.000002097,0.005632265,0.000249791
24.800755020,TRACKING,,0.002306946,1,-0.000003151,0.005473001,0.049997912,0.000000000,0.000000000,0.050000000,0.000003173,0.005473001,-0.000002082,0.005473002,0.000246774
24.811122622,TRACKING,,0.002232145,1,-0.000003128,0.005639684,0.049997942,0.000000000,0.000000000,0.050000000,0.000003150,0.005639684,-0.000002051,0.005639686,0.000242180
24.821134030,TRACKING,,0.002178716,1,-0.000003086,0.005484300,0.049997960,0.000000000,0.000000000,0.050000000,0.000003107,0.005484300,-0.000002034,0.005484302,0.000238838
24.830872357,TRACKING,,0.002093230,1,-0.000003043,0.005326611,0.049997978,0.000000000,0.000000000,0.050000000,0.000003064,0.005326611,-0.000002016,0.005326612,0.000235371
24.841115291,TRACKING,,0.001852206,1,-0.000003017,0.005469943,0.049998007,0.000000000,0.000000000,0.050000000,0.000003037,0.005469943,-0.000001987,0.005469944,0.000230685
24.851175380,TRACKING,,0.001443770,1,-0.000002975,0.005312112,0.049998022,0.000000000,0.000000000,0.050000000,0.000002995,0.005312112,-0.000001972,0.005312113,0.000227361
24.861243779,TRACKING,,0.000946287,1,-0.000002946,0.005149361,0.049998033,0.000000000,0.000000000,0.050000000,0.000002965,0.005149361,-0.000001961,0.005149362,0.000224976
24.871308616,TRACKING,,0.000539039,1,-0.000002898,0.004993618,0.049998058,0.000000000,0.000000000,0.050000000,0.000002916,0.004993618,-0.000001936,0.004993619,0.000220984
24.881349707,TRACKING,,0.000503420,1,-0.000002850,0.005123036,0.049998099,0.000000000,0.000000000,0.050000000,0.000002868,0.005123036,-0.000001895,0.005123037,0.000215222
24.891540400,TRACKING,,0.000467800,1,-0.000002803,0.004976516,0.049998127,0.000000000,0.000000000,0.050000000,0.000002820,0.004976516,-0.000001868,0.004976517,0.000211447
24.901631358,TRACKING,,0.000144852,1,-0.000002746,0.004828257,0.049998156,0.000000000,0.000000000,0.050000000,0.000002762,0.004828257,-0.000001838,0.004828258,0.000206746
24.912058325,TRACKING,,0.002544408,1,-0.000002746,0.004828257,0.049998156,0.000000000,0.000000000,0.050000000,0.000002762,0.004828257,-0.000001838,0.004828258,0.000206746
24.921823960,TRACKING,,0.000022559,1,-0.000002698,0.004942097,0.049998199,0.000000000,0.000000000,0.050000000,0.000002713,0.004942097,-0.000001796,0.004942098,0.000200589
24.931789064,TRACKING,,0.001093513,1,-0.000002606,0.004752437,0.049998261,0.000000000,0.000000000,0.050000000,0.000002621,0.004752437,-0.000001734,0.004752438,0.000192723
24.941837279,TRACKING,,0.001120822,1,-0.000002544,0.004579332,0.049998301,0.000000000,0.000000000,0.050000000,0.000002558,0.004579332,-0.000001695,0.004579333,0.000187286
24.952084962,TRACKING,,0.000770565,1,-0.000002496,0.004664568,0.049998344,0.000000000,0.000000000,0.050000000,0.000002509,0.004664568,-0.000001651,0.004664569,0.000181588
24.963453467,TRACKING,,0.001383218,1,-0.000002430,0.004527143,0.049998384,0.000000000,0.000000000,0.050000000,0.000002443,0.004527143,-0.000001612,0.004527144,0.000176195
24.973419758,TRACKING,,0.000059365,1,-0.000002351,0.004366413,0.049998434,0.000000000,0.000000000,0.050000000,0.000002363,0.004366413,-0.000001563,0.004366414,0.000169530
24.983486970,TRACKING,,0.002084918,1,-0.000002286,0.004438515,0.049998490,0.000000000,0.000000000,0.050000000,0.000002297,0.004438515,-0.000001506,0.004438516,0.000162630
24.993607611,TRACKING,,0.002077795,1,-0.000002206,0.004311762,0.049998542,0.000000000,0.000000000,0.050000000,0.000002216,0.004311762,-0.000001454,0.004311763,0.000156206
25.003737750,TRACKING,,0.000159100,1,-0.000002112,0.004168611,0.049998604,0.000000000,0.000000000,0.050000000,0.000002122,0.004168611,-0.000001392,0.004168611,0.000148665
25.013813273,TRACKING,,0.002665513,1,-0.000002033,0.004232780,0.049998665,0.000000000,0.000000000,0.050000000,0.000002042,0.004232780,-0.000001332,0.004232781,0.000141409
25.023748694,TRACKING,,0.000334822,1,-0.000001951,0.004115471,0.049998716,0.000000000,0.000000000,0.050000000,0.000001959,0.004115471,-0.000001282,0.004115472,0.000135161
25.033884770,TRACKING,,0.001733475,1,-0.000001951,0.004115471,0.049998716,0.000000000,0.000000000,0.050000000,0.000001959,0.004115471,-0.000001282,0.004115472,0.000135161
25.044159761,TRACKING,,0.002075420,1,-0.000001861,0.003987814,0.049998771,0.000000000,0.000000000,0.050000000,0.000001869,0.003987814,-0.000001226,0.003987815,0.000127669
25.054095182,TRACKING,,0.001891387,1,-0.000001782,0.003997015,0.049998835,0.000000000,0.000000000,0.050000000,0.000001790,0.003997015,-0.000001162,0.003997016,0.000119848
25.064173080,TRACKING,,0.000677955,1,-0.000001698,0.003877342,0.049998891,0.000000000,0.000000000,0.050000000,0.000001705,0.003877342,-0.000001107,0.003877343,0.000113046
25.074088316,TRACKING,,0.000878610,1,-0.000001629,0.003755831,0.049998939,0.000000000,0.000000000,0.050000000,0.000001635,0.003755831,-0.000001058,0.003755831,0.000106880
25.084162652,TRACKING,,0.000706450,1,-0.000001560,0.003770496,0.049998994,0.000000000,0.000000000,0.050000000,0.000001566,0.003770496,-0.000001004,0.003770496,0.000100187
25.094403211,TRACKING,,0.000401311,1,-0.000001435,0.003608456,0.049999085,0.000000000,0.000000000,0.050000000,0.000001439,0.003608456,-0.000000914,0.003608457,0.000090006
25.104463299,TRACKING,,0.000441680,1,-0.000001343,0.003507012,0.049999146,0.000000000,0.000000000,0.050000000,0.000001347,0.003507012,-0.000000853,0.003507013,0.000082805
25.114592252,TRACKING,,0.000389438,1,-0.000001249,0.003509531,0.049999222,0.000000000,0.000000000,0.050000000,0.000001252,0.003509531,-0.000000777,0.003509531,0.000074775
25.124638092,TRACKING,,0.000440492,1,-0.000001249,0.003509531,0.049999222,0.000000000,0.000000000,0.050000000,0.000001252,0.003509531,-0.000000777,0.003509531,0.000074775
25.134734987,TRACKING,,0.000400124,1,-0.000001134,0.003390165,0.049999306,0.000000000,0.000000000,0.050000000,0.000001137,0.003390165,-0.000000693,0.003390165,0.000065976
25.144820009,TRACKING,,0.000078362,1,-0.000001044,0.003294865,0.049999370,0.000000000,0.000000000,0.050000000,0.000001047,0.003294865,-0.000000629,0.003294865,0.000059461
25.154939462,TRACKING,,0.002528973,1,-0.000000958,0.003270186,0.049999433,0.000000000,0.000000000,0.050000000,0.000000961,0.003270186,-0.000000566,0.003270186,0.000052899
25.165113532,TRACKING,,0.002246393,1,-0.000000864,0.003177940,0.049999499,0.000000000,0.000000000,0.050000000,0.000000866,0.003177940,-0.000000500,0.003177941,0.000046455
25.175164122,TRACKING,,0.002372248,1,-0.000000768,0.003088561,0.049999571,0.000000000,0.000000000,0.050000000,0.000000770,0.003088561,-0.000000428,0.003088561,0.000040305
25.185822615,TRACKING,,0.002462484,1,-0.000000673,0.003048481,0.049999645,0.000000000,0.000000000,0.050000000,0.000000674,0.003048481,-0.000000354,0.003048481,0.000034597
25.195572815,TRACKING,,0.002289136,1,-0.000000565,0.002965685,0.049999726,0.000000000,0.000000000,0.050000000,0.000000566,0.002965685,-0.000000274,0.002965685,0.000029686
25.205505861,TRACKING,,0.002360374,1,-0.000000434,0.002872453,0.049999821,0.000000000,0.000000000,0.050000000,0.000000434,0.002872453,-0.000000179,0.002872453,0.000026478
25.216416064,TRACKING,,0.000547350,1,-0.000000319,0.002814814,0.049999904,0.000000000,0.000000000,0.050000000,0.000000318,0.002814814,-0.000000096,0.002814814,0.000026617
25.226477339,TRACKING,,0.000357381,1,-0.000000197,0.002743735,0.049999991,0.000000000,0.000000000,0.050000000,0.000000197,0.002743735,-0.000000009,0.002743735,0.000029820
25.238736328,TRACKING,,0.000204218,1,-0.000000051,0.002663970,0.050000097,0.000000000,0.000000000,0.050000000,0.000000049,0.002663970,0.000000097,0.002663970,0.000036678
25.248690745,TRACKING,,0.000128230,1,-0.000014886,0.002602291,0.050000188,0.000000000,0.000000000,0.050000000,0.000014884,0.002602291,0.000000187,0.002602333,0.000044068
25.258806637,TRACKING,,0.000501046,1,-0.000014399,0.002544019,0.050000263,0.000000000,0.000000000,0.050000000,0.000014397,0.002544019,0.000000262,0.002544060,0.000052225
25.269100625,TRACKING,,0.000939163,1,-0.000013195,0.002478931,0.050000329,0.000000000,0.000000000,0.050000000,0.000013192,0.002478931,0.000000328,0.002478967,0.000062552
25.278875759,TRACKING,,0.000546163,1,-0.000055565,0.002428169,0.050000380,0.000000000,0.000000000,0.050000000,0.000055562,0.002428169,0.000000379,0.002428805,0.000071639
25.289037956,TRACKING,,0.001290607,1,-0.000052285,0.002371749,0.050000361,0.000000000,0.000000000,0.050000000,0.000052281,0.002371749,0.000000360,0.002372326,0.000082880
25.299411494,TRACKING,,0.000194719,1,-0.000047795,0.002321729,0.050000297,0.000000000,0.000000000,0.050000000,0.000047791,0.002321729,0.000000296,0.002322221,0.000093464
25.309325543,TRACKING,,0.000521229,1,-0.000047795,0.002321729,0.050000297,0.000000000,0.000000000,0.050000000,0.000047791,0.002321729,0.000000296,0.002322221,0.000093464
25.319300145,TRACKING,,0.000300390,1,-0.000114632,0.002270743,0.050000233,0.000000000,0.000000000,0.050000000,0.000114628,0.002270743,0.000000232,0.002273634,0.000104161
25.329338861,TRACKING,,0.001410526,1,-0.000108113,0.002222898,0.050000117,0.000000000,0.000000000,0.050000000,0.000108108,0.002222898,0.000000116,0.002225525,0.000114465
25.339421508,TRACKING,,0.001075704,1,-0.000099067,0.002176860,0.049999911,0.000000000,0.000000000,0.050000000,0.000099063,0.002176861,-0.000000089,0.002179113,0.000124628
25.349347430,TRACKING,,0.000195906,1,-0.000189371,0.002135532,0.049999709,0.000000000,0.000000000,0.050000000,0.000189367,0.002135533,-0.000000292,0.002143912,0.000133892
25.359405144,TRACKING,,0.000015436,1,-0.000177961,0.002100593,0.049999421,0.000000000,0.000000000,0.050000000,0.000177956,0.002100593,-0.000000580,0.002108118,0.000142389
25.369636205,TRACKING,,0.000068864,1,-0.000161741,0.002060433,0.049999014,0.000000000,0.000000000,0.050000000,0.000161736,0.002060434,-0.000000987,0.002066772,0.000152746
25.379552628,TRACKING,,0.000207779,1,-0.000275031,0.002029375,0.049998708,0.000000000,0.000000000,0.050000000,0.000275026,0.002029376,-0.000001293,0.002047928,0.000160407
25.389644774,TRACKING,,0.000091423,1,-0.000256072,0.001999454,0.049998207,0.000000000,0.000000000,0.050000000,0.000256066,0.001999455,-0.000001794,0.002015786,0.000168895
25.399676367,TRACKING,,0.000233901,1,-0.000235339,0.001970485,0.049997680,0.000000000,0.000000000,0.050000000,0.000235334,0.001970486,-0.000002320,0.001984490,0.000177581
25.411449745,TRACKING,,0.001040084,1,-0.000366599,0.001940955,0.049997191,0.000000000,0.000000000,0.050000000,0.000366594,0.001940956,-0.000002810,0.001975274,0.000186452
25.421369730,TRACKING,,0.000255272,1,-0.000336600,0.001911158,0.049996425,0.000000000,0.000000000,0.050000000,0.000336594,0.001911159,-0.000003576,0.001940577,0.000197274
25.431527178,TRACKING,,0.000630463,1,-0.000336600,0.001911158,0.049996425,0.000000000,0.000000000,0.050000000,0.000336594,0.001911159,-0.000003576,0.001940577,0.000197274
25.441443601,TRACKING,,0.000547351,1,-0.000301387,0.001879405,0.049995581,0.000000000,0.000000000,0.050000000,0.000301381,0.001879406,-0.000004420,0.001903422,0.000209500
25.451652103,TRACKING,,0.000774127,1,-0.000449468,0.001853544,0.049994906,0.000000000,0.000000000,0.050000000,0.000449461,0.001853545,-0.000005094,0.001907268,0.000219702
25.461683696,TRACKING,,0.000886922,1,-0.000409009,0.001822315,0.049993995,0.000000000,0.000000000,0.050000000,0.000409002,0.001822317,-0.000006005,0.001867661,0.000232884
25.471706977,TRACKING,,0.001150505,1,-0.000361954,0.001791678,0.049992921,0.000000000,0.000000000,0.050000000,0.000361948,0.001791679,-0.000007079,0.001827887,0.000248054
25.481835930,TRACKING,,0.001239553,1,-0.000519056,0.001762110,0.049992007,0.000000000,0.000000000,0.050000000,0.000519050,0.001762111,-0.000007993,0.001836985,0.000262021
25.491915015,TRACKING,,0.001336913,1,-0.000519056,0.001762110,0.049992007,0.000000000,0.000000000,0.050000000,0.000519050,0.001762111,-0.000007993,0.001836985,0.000262021
25.502393036,TRACKING,,0.002035052,1,-0.000464008,0.001733694,0.049990880,0.000000000,0.000000000,0.050000000,0.000464002,0.001733695,-0.000009120,0.001794737,0.000278617
25.512526738,TRACKING,,0.002045737,1,-0.000406039,0.001707150,0.049989754,0.000000000,0.000000000,0.050000000,0.000406032,0.001707152,-0.000010246,0.001754803,0.000295887
25.522462158,TRACKING,,0.001188499,1,-0.000575401,0.001680692,0.049988717,0.000000000,0.000000000,0.050000000,0.000575395,0.001680695,-0.000011282,0.001776497,0.000312595
25.532981736,TRACKING,,0.001106574,1,-0.000518849,0.001657332,0.049987738,0.000000000,0.000000000,0.050000000,0.000518842,0.001657334,-0.000012261,0.001736694,0.000328543
25.542591833,TRACKING,,0.001496013,1,-0.000466221,0.001636884,0.049986895,0.000000000,0.000000000,0.050000000,0.000466215,0.001636886,-0.000013103,0.001702035,0.000342591
25.552691102,TRACKING,,0.001361846,1,-0.000654555,0.001612174,0.049986080,0.000000000,0.000000000,0.050000000,0.000654549,0.001612177,-0.000013918,0.001740041,0.000357488
25.562736943,TRACKING,,0.001399840,1,-0.000654555,0.001612174,0.049986080,0.000000000,0.000000000,0.050000000,0.000654549,0.001612177,-0.000013918,0.001740041,0.000357488
25.572970378,TRACKING,,0.001410525,1,-0.000581841,0.001587940,0.049984989,0.000000000,0.000000000,0.050000000,0.000581835,0.001587942,-0.000015009,0.001691247,0.000376129
25.582895113,TRACKING,,0.001638489,1,-0.000794576,0.001569001,0.049984048,0.000000000,0.000000000,0.050000000,0.000794570,0.001569004,-0.000015948,0.001758798,0.000392301
25.593059685,TRACKING,,0.001623055,1,-0.000711159,0.001545758,0.049982698,0.000000000,0.000000000,0.050000000,0.000711153,0.001545761,-0.000017298,0.001701592,0.000415066
25.604698897,TRACKING,,0.002268951,1,-0.000633617,0.001526509,0.049981380,0.000000000,0.000000000,0.050000000,0.000633611,0.001526511,-0.000018617,0.001652890,0.000437030
25.615172169,TRACKING,,0.000041556,1,-0.000841650,0.001504632,0.049980089,0.000000000,0.000000000,0.050000000,0.000841644,0.001504636,-0.000019905,0.001724149,0.000459828
25.624991233,TRACKING,,0.002469608,1,-0.000759065,0.001485469,0.049978940,0.000000000,0.000000000,0.050000000,0.000759059,0.001485472,-0.000021055,0.001668305,0.000480573
25.634896971,TRACKING,,0.001488889,1,-0.000671902,0.001466490,0.049977807,0.000000000,0.000000000,0.050000000,0.000671896,0.001466493,-0.000022188,0.001613239,0.000501663
25.645031859,TRACKING,,0.001851018,1,-0.000896230,0.001445717,0.049976843,0.000000000,0.000000000,0.050000000,0.000896224,0.001445721,-0.000023150,0.001701136,0.000521076
25.655179809,TRACKING,,0.002054049,1,-0.000896230,0.001445717,0.049976843,0.000000000,0.000000000,0.050000000,0.000896224,0.001445721,-0.000023150,0.001701136,0.000521076
25.665089108,TRACKING,,0.001602871,1,-0.000798572,0.001425974,0.049975866,0.000000000,0.000000000,0.050000000,0.000798566,0.001425977,-0.000024128,0.001634534,0.000540880
25.675457897,TRACKING,,0.001954314,1,-0.000704356,0.001409066,0.049974683,0.000000000,0.000000000,0.050000000,0.000704350,0.001409069,-0.000025312,0.001575508,0.000563072
25.685185538,TRACKING,,0.001680045,1,-0.000935724,0.001389363,0.049973503,0.000000000,0.000000000,0.050000000,0.000935718,0.001389367,-0.000026489,0.001675294,0.000586425
25.695454593,TRACKING,,0.001713290,1,-0.000843215,0.001373028,0.049972541,0.000000000,0.000000000,0.050000000,0.000843209,0.001373032,-0.000027451,0.001611512,0.000605762
25.705331835,TRACKING,,0.001179000,1,-0.000746095,0.001356689,0.049971633,0.000000000,0.000000000,0.050000000,0.000746089,0.001356692,-0.000028360,0.001548569,0.000624695
25.715418044,TRACKING,,0.001265674,1,-0.001015461,0.001341156,0.049970916,0.000000000,0.000000000,0.050000000,0.001015455,0.001341161,-0.000029073,0.001682470,0.000640518
25.725492380,TRACKING,,0.001135069,1,-0.000897161,0.001321957,0.049969990,0.000000000,0.000000000,0.050000000,0.000897156,0.001321961,-0.000030000,0.001597926,0.000660973
25.735648641,TRACKING,,0.000889297,1,-0.000800818,0.001307072,0.049969259,0.000000000,0.000000000,0.050000000,0.000800812,0.001307075,-0.000030732,0.001533196,0.000677136
25.745618493,TRACKING,,0.000397749,1,-0.001081356,0.001291233,0.049968753,0.000000000,0.000000000,0.050000000,0.001081350,0.001291237,-0.000031235,0.001684514,0.000690352
25.755831744,TRACKING,,0.000636398,1,-0.000982951,0.001276730,0.049968153,0.000000000,0.000000000,0.050000000,0.000982946,0.001276735,-0.000031836,0.001611598,0.000704657
25.765884709,TRACKING,,0.000794311,1,-0.000862252,0.001259500,0.049967481,0.000000000,0.000000000,0.050000000,0.000862247,0.001259504,-0.000032508,0.001526721,0.000721277
25.775810631,TRACKING,,0.001120821,1,-0.000862252,0.001259500,0.049967481,0.000000000,0.000000000,0.050000000,0.000862247,0.001259504,-0.000032508,0.001526721,0.000721277
25.785881404,TRACKING,,0.001165940,1,-0.001146777,0.001242472,0.049967184,0.000000000,0.000000000,0.050000000,0.001146772,0.001242477,-0.000032802,0.001691127,0.000732105
25.796094656,TRACKING,,0.000655395,1,-0.001055466,0.001228822,0.049967088,0.000000000,0.000000000,0.050000000,0.001055461,0.001228827,-0.000032899,0.001620215,0.000738450
25.806053822,TRACKING,,0.000762254,1,-0.000953028,0.001214388,0.049966761,0.000000000,0.000000000,0.050000000,0.000953023,0.001214392,-0.000033227,0.001544055,0.000748601
25.816180400,TRACKING,,0.001519759,1,-0.001269270,0.001199892,0.049966531,0.000000000,0.000000000,0.050000000,0.001269265,0.001199897,-0.000033453,0.001746971,0.000757274
25.826296292,TRACKING,,0.004173400,1,-0.001160142,0.001184668,0.049966264,0.000000000,0.000000000,0.050000000,0.001160138,0.001184673,-0.000033721,0.001658465,0.000766725
25.836339758,TRACKING,,0.002007743,1,-0.001037900,0.001168598,0.049965937,0.000000000,0.000000000,0.050000000,0.001037895,0.001168602,-0.000034050,0.001563335,0.000777493
25.846492456,TRACKING,,0.002217897,1,-0.001354604,0.001152832,0.049965943,0.000000000,0.000000000,0.050000000,0.001354600,0.001152838,-0.000034039,0.001779083,0.000783109
25.856662964,TRACKING,,0.002395994,1,-0.001354604,0.001152832,0.049965943,0.000000000,0.000000000,0.050000000,0.001354600,0.001152838,-0.000034039,0.001779083,0.000783109
25.866708804,TRACKING,,0.001501948,1,-0.001232816,0.001137773,0.049965760,0.000000000,0.000000000,0.050000000,0.001232812,0.001137779,-0.000034224,0.001677956,0.000791167
25.876553989,TRACKING,,0.000167411,1,-0.001123666,0.001125704,0.049965244,0.000000000,0.000000000,0.050000000,0.001123662,0.001125709,-0.000034741,0.001590926,0.000803345
25.886656821,TRACKING,,0.001820148,1,-0.001440132,0.001110433,0.049964574,0.000000000,0.000000000,0.050000000,0.001440128,0.001110440,-0.000035406,0.001818873,0.000819049
25.896710972,TRACKING,,0.004451230,1,-0.001320111,0.001096966,0.049964115,0.000000000,0.000000000,0.050000000,0.001320107,0.001096971,-0.000035867,0.001716774,0.000830992
25.906755625,TRACKING,,0.000366879,1,-0.001193161,0.001083714,0.049963291,0.000000000,0.000000000,0.050000000,0.001193157,0.001083719,-0.000036692,0.001612271,0.000848573
25.916864393,TRACKING,,0.001107761,1,-0.001549952,0.001071252,0.049962932,0.000000000,0.000000000,0.050000000,0.001549947,0.001071258,-0.000037046,0.001884490,0.000858952
25.927471832,TRACKING,,0.002252329,1,-0.001421839,0.001058014,0.049962518,0.000000000,0.000000000,0.050000000,0.001421835,0.001058020,-0.000037461,0.001772689,0.000870483
25.936986944,TRACKING,,0.000541414,1,-0.001285085,0.001044322,0.049962146,0.000000000,0.000000000,0.050000000,0.001285081,0.001044328,-0.000037835,0.001656347,0.000881665
25.946959171,TRACKING,,0.000388251,1,-0.001653030,0.001032666,0.049962115,0.000000000,0.000000000,0.050000000,0.001653026,0.001032673,-0.000037860,0.001949447,0.000886756
25.957146301,TRACKING,,0.000391813,1,-0.001511963,0.001018835,0.049961944,0.000000000,0.000000000,0.050000000,0.001511959,0.001018842,-0.000038032,0.001823597,0.000894912
25.967321559,TRACKING,,0.000915417,1,-0.001511963,0.001018835,0.049961944,0.000000000,0.000000000,0.050000000,0.001511959,0.001018842,-0.000038032,0.001823597,0.000894912
25.977239170,TRACKING,,0.000026121,1,-0.001372178,0.001005296,0.049961829,0.000000000,0.000000000,0.050000000,0.001372174,0.001005302,-0.000038150,0.001701455,0.000902055
25.987305194,TRACKING,,0.002209586,1,-0.001750757,0.000993384,0.049961941,0.000000000,0.000000000,0.050000000,0.001750753,0.000993391,-0.000038033,0.002013308,0.000905004
25.997492325,TRACKING,,0.000026121,1,-0.001638162,0.000982263,0.049962054,0.000000000,0.000000000,0.050000000,0.001638159,0.000982270,-0.000037921,0.001910460,0.000907486
26.007502546,TRACKING,,0.000105671,1,-0.001490692,0.000968631,0.049961791,0.000000000,0.000000000,0.050000000,0.001490689,0.000968637,-0.000038186,0.001778164,0.000916595
26.017595879,TRACKING,,0.000165036,1,-0.001863236,0.000955205,0.049961814,0.000000000,0.000000000,0.050000000,0.001863232,0.000955213,-0.000038157,0.002094164,0.000921092
26.027629846,TRACKING,,0.000637587,1,-0.001720193,0.000942418,0.049961681,0.000000000,0.000000000,0.050000000,0.001720189,0.000942425,-0.000038291,0.001961806,0.000927668
26.037622257,TRACKING,,0.000552100,1,-0.001599119,0.000931803,0.049961650,0.000000000,0.000000000,0.050000000,0.001599116,0.000931809,-0.000038324,0.001851191,0.000932048
26.047703717,TRACKING,,0.000168598,1,-0.002010866,0.000921141,0.049961939,0.000000000,0.000000000,0.050000000,0.002010863,0.000921149,-0.000038029,0.002212133,0.000931350
26.057817234,TRACKING,,0.000504607,1,-0.002010866,0.000921141,0.049961939,0.000000000,0.000000000,0.050000000,0.002010863,0.000921149,-0.000038029,0.002212133,0.000931350
26.067891570,TRACKING,,0.001100638,1,-0.001839079,0.000906983,0.049961678,0.000000000,0.000000000,0.050000000,0.001839076,0.000906991,-0.000038292,0.002050926,0.000940424
26.078078700,TRACKING,,0.000383502,1,-0.001707845,0.000896601,0.049961372,0.000000000,0.000000000,0.050000000,0.001707842,0.000896608,-0.000038600,0.001929280,0.000949022
26.088049740,TRACKING,,0.000489172,1,-0.002121855,0.000886233,0.049961281,0.000000000,0.000000000,0.050000000,0.002121852,0.000886242,-0.000038685,0.002299821,0.000954313
26.098151384,TRACKING,,0.000115170,1,-0.001993229,0.000875979,0.049961121,0.000000000,0.000000000,0.050000000,0.001993226,0.000875987,-0.000038847,0.002177570,0.000960641
26.109587566,TRACKING,,0.000923728,1,-0.001866263,0.000866148,0.049960969,0.000000000,0.000000000,0.050000000,0.001866260,0.000866156,-0.000039000,0.002057833,0.000966758
26.119584727,TRACKING,,0.001057894,1,-0.002293139,0.000856008,0.049961012,0.000000000,0.000000000,0.050000000,0.002293136,0.000856018,-0.000038950,0.002448011,0.000969837
26.129619881,TRACKING,,0.000284955,1,-0.002169442,0.000846351,0.049961040,0.000000000,0.000000000,0.050000000,0.002169440,0.000846360,-0.000038924,0.002329014,0.000972915
26.139682344,TRACKING,,0.000483236,1,-0.002034238,0.000836134,0.049960992,0.000000000,0.000000000,0.050000000,0.002034236,0.000836142,-0.000038974,0.002199720,0.000977352
26.149726997,TRACKING,,0.000341945,1,-0.002448058,0.000824362,0.049961253,0.000000000,0.000000000,0.050000000,0.002448055,0.000824371,-0.000038706,0.002583420,0.000977496
26.159854762,TRACKING,,0.000026121,1,-0.002319657,0.000814873,0.049961332,0.000000000,0.000000000,0.050000000,0.002319655,0.000814882,-0.000038629,0.002458927,0.000979681
26.169923161,TRACKING,,0.001922257,1,-0.002193955,0.000805768,0.049961423,0.000000000,0.000000000,0.050000000,0.002193952,0.000805777,-0.000038540,0.002337560,0.000981548
26.180107917,TRACKING,,0.002031490,1,-0.002643093,0.000796171,0.049961816,0.000000000,0.000000000,0.050000000,0.002643090,0.000796182,-0.000038139,0.002760667,0.000978739
26.190292673,TRACKING,,0.002057610,1,-0.002643093,0.000796171,0.049961816,0.000000000,0.000000000,0.050000000,0.002643090,0.000796182,-0.000038139,0.002760667,0.000978739
26.200301707,TRACKING,,0.001946003,1,-0.002491668,0.000785484,0.049962102,0.000000000,0.000000000,0.050000000,0.002491665,0.000785494,-0.000037857,0.002612820,0.000977942
26.210441345,TRACKING,,0.001399840,1,-0.002310974,0.000773683,0.049961632,0.000000000,0.000000000,0.050000000,0.002310971,0.000773692,-0.000038329,0.002437346,0.000989179
26.220571484,TRACKING,,0.001237178,1,-0.002770365,0.000765223,0.049961696,0.000000000,0.000000000,0.050000000,0.002770363,0.000765234,-0.000038257,0.002874362,0.000991128
26.230746742,TRACKING,,0.000732571,1,-0.002637528,0.000756451,0.049961597,0.000000000,0.000000000,0.050000000,0.002637525,0.000756461,-0.000038358,0.002744129,0.000995630
26.240713032,TRACKING,,0.000840617,1,-0.002496804,0.000747432,0.049961423,0.000000000,0.000000000,0.050000000,0.002496802,0.000747442,-0.000038534,0.002606564,0.001001494
26.250952404,TRACKING,,0.000791937,1,-0.002934399,0.000736949,0.049961585,0.000000000,0.000000000,0.050000000,0.002934397,0.000736960,-0.000038365,0.003025767,0.001002592
26.260883075,TRACKING,,0.000987843,1,-0.002798885,0.000728423,0.049961589,0.000000000,0.000000000,0.050000000,0.002798883,0.000728434,-0.000038363,0.002892375,0.001005457
26.270860052,TRACKING,,0.001334538,1,-0.002641531,0.000718721,0.049961621,0.000000000,0.000000000,0.050000000,0.002641529,0.000718731,-0.000038334,0.002737831,0.001008302
26.281162351,TRACKING,,0.001408151,1,-0.003133352,0.000710576,0.049961980,0.000000000,0.000000000,0.050000000,0.003133350,0.000710588,-0.000037966,0.003213139,0.001005291
26.291047905,TRACKING,,0.001517384,1,-0.003133352,0.000710576,0.049961980,0.000000000,0.000000000,0.050000000,0.003133350,0.000710588,-0.000037966,0.003213139,0.001005291
26.301131739,TRACKING,,0.001456831,1,-0.002971372,0.000700951,0.049962104,0.000000000,0.000000000,0.050000000,0.002971370,0.000700962,-0.000037845,0.003053165,0.001006572
26.311933897,TRACKING,,0.001710916,1,-0.002835333,0.000693363,0.049962034,0.000000000,0.000000000,0.050000000,0.002835331,0.000693373,-0.000037917,0.002919127,0.001010320
26.321529746,TRACKING,,0.002112227,1,-0.003261999,0.000683253,0.049961870,0.000000000,0.000000000,0.050000000,0.003261997,0.000683265,-0.000038073,0.003333006,0.001016395
26.331209895,TRACKING,,0.002133598,1,-0.003105559,0.000674446,0.049961764,0.000000000,0.000000000,0.050000000,0.003105557,0.000674458,-0.000038182,0.003178181,0.001021205
26.342114161,TRACKING,,0.002163281,1,-0.002964836,0.000666832,0.049961609,0.000000000,0.000000000,0.050000000,0.002964834,0.000666843,-0.000038338,0.003039143,0.001026483
26.351391811,TRACKING,,0.002268952,1,-0.003422608,0.000657697,0.049961728,0.000000000,0.000000000,0.050000000,0.003422606,0.000657710,-0.000038211,0.003485437,0.001027922
26.362385126,TRACKING,,0.003664043,1,-0.003422608,0.000657697,0.049961728,0.000000000,0.000000000,0.050000000,0.003422606,0.000657710,-0.000038211,0.003485437,0.001027922
26.372528326,TRACKING,,0.002027927,1,-0.003232062,0.000647640,0.049961785,0.000000000,0.000000000,0.050000000,0.003232060,0.000647652,-0.000038157,0.003296532,0.001030660
26.382567042,TRACKING,,0.001868828,1,-0.003718141,0.000640522,0.049961458,0.000000000,0.000000000,0.050000000,0.003718139,0.000640536,-0.000038476,0.003773106,0.001038549
26.394036469,TRACKING,,0.000037994,1,-0.003567186,0.000633150,0.049961075,0.000000000,0.000000000,0.050000000,0.003567184,0.000633164,-0.000038860,0.003623149,0.001047494
26.404463436,TRACKING,,0.000528354,1,-0.003243898,0.000618366,0.049959628,0.000000000,0.000000000,0.050000000,0.003243897,0.000618377,-0.000040312,0.003302557,0.001077147
26.414447536,TRACKING,,0.000522417,1,-0.003730618,0.000611164,0.049959422,0.000000000,0.000000000,0.050000000,0.003730616,0.000611177,-0.000040508,0.003780566,0.001083926
26.424488627,TRACKING,,0.000091423,1,-0.003572104,0.000604036,0.049959054,0.000000000,0.000000000,0.050000000,0.003572103,0.000604049,-0.000040879,0.003623046,0.001093516
26.434604519,TRACKING,,0.000305139,1,-0.003572104,0.000604036,0.049959054,0.000000000,0.000000000,0.050000000,0.003572103,0.000604049,-0.000040879,0.003623046,0.001093516
26.444820145,TRACKING,,0.002539659,1,-0.003385400,0.000595566,0.049958867,0.000000000,0.000000000,0.050000000,0.003385399,0.000595578,-0.000041068,0.003437634,0.001100880
26.454861236,TRACKING,,0.002087294,1,-0.003875878,0.000588490,0.049958976,0.000000000,0.000000000,0.050000000,0.003875877,0.000588504,-0.000040950,0.003920514,0.001102799
26.464965255,TRACKING,,0.001751284,1,-0.003724132,0.000581421,0.049959174,0.000000000,0.000000000,0.050000000,0.003724130,0.000581434,-0.000040756,0.003769466,0.001103301
26.474828249,TRACKING,,0.001127945,1,-0.003566804,0.000574399,0.049959158,0.000000000,0.000000000,0.050000000,0.003566803,0.000574412,-0.000040774,0.003612990,0.001107107
26.484828972,TRACKING,,0.000788375,1,-0.004060822,0.000567330,0.049959261,0.000000000,0.000000000,0.050000000,0.004060821,0.000567344,-0.000040661,0.004100463,0.001108911
26.494894996,TRACKING,,0.000365692,1,-0.003907747,0.000560475,0.049959383,0.000000000,0.000000000,0.050000000,0.003907746,0.000560488,-0.000040542,0.003947945,0.001110194
26.504953897,TRACKING,,0.000106858,1,-0.003753551,0.000553767,0.049959454,0.000000000,0.000000000,0.050000000,0.003753550,0.000553780,-0.000040474,0.003794396,0.001112230
26.515060291,TRACKING,,0.002502852,1,-0.004257257,0.000547109,0.049959761,0.000000000,0.000000000,0.050000000,0.004257256,0.000547123,-0.000040157,0.004292457,0.001110359
26.525264043,TRACKING,,0.002336628,1,-0.004109518,0.000540704,0.049960047,0.000000000,0.000000000,0.050000000,0.004109517,0.000540719,-0.000039874,0.004145129,0.001108610
26.535246956,TRACKING,,0.002100353,1,-0.003957874,0.000534363,0.049960239,0.000000000,0.000000000,0.050000000,0.003957873,0.000534377,-0.000039685,0.003993982,0.001108370
26.545328416,TRACKING,,0.001697855,1,-0.004467027,0.000528045,0.049960643,0.000000000,0.000000000,0.050000000,0.004467026,0.000528060,-0.000039272,0.004498301,0.001104584
26.555508422,TRACKING,,0.001288233,1,-0.004312611,0.000521725,0.049960794,0.000000000,0.000000000,0.050000000,0.004312610,0.000521740,-0.000039124,0.004344232,0.001104744
26.565529329,TRACKING,,0.001078078,1,-0.004161883,0.000515653,0.049960969,0.000000000,0.000000000,0.050000000,0.004161882,0.000515667,-0.000038951,0.004193887,0.001104382
26.575651158,TRACKING,,0.000744444,1,-0.004013518,0.000509538,0.049961403,0.000000000,0.000000000,0.050000000,0.004013517,0.000509551,-0.000038521,0.004045917,0.001099875
26.585678001,TRACKING,,0.000293266,1,-0.004532022,0.000503388,0.049962191,0.000000000,0.000000000,0.050000000,0.004532021,0.000503404,-0.000037724,0.004560050,0.001089530
26.595860382,TRACKING,,0.000026121,1,-0.004389088,0.000497476,0.049962794,0.000000000,0.000000000,0.050000000,0.004389087,0.000497491,-0.000037124,0.004417347,0.001081865
26.605798177,TRACKING,,0.002387682,1,-0.004246468,0.000491681,0.049963349,0.000000000,0.000000000,0.050000000,0.004246467,0.000491696,-0.000036573,0.004274995,0.001074735
26.616064857,TRACKING,,0.002120538,1,-0.004771430,0.000485899,0.049964157,0.000000000,0.000000000,0.050000000,0.004771429,0.000485915,-0.000035756,0.004796241,0.001063357
26.626142755,TRACKING,,0.001970936,1,-0.004630386,0.000480328,0.049964739,0.000000000,0.000000000,0.050000000,0.004630385,0.000480343,-0.000035177,0.004655366,0.001055367
26.636421309,TRACKING,,0.000371629,1,-0.004630386,0.000480328,0.049964739,0.000000000,0.000000000,0.050000000,0.004630385,0.000480343,-0.000035177,0.004655366,0.001055367
26.646331795,TRACKING,,0.000327698,1,-0.004993501,0.000468664,0.049965808,0.000000000,0.000000000,0.050000000,0.004993500,0.000468680,-0.000034103,0.005015563,0.001040634
26.656402569,TRACKING,,0.000351444,1,-0.004993501,0.000468664,0.049965808,0.000000000,0.000000000,0.050000000,0.004993500,0.000468680,-0.000034103,0.005015563,0.001040634
26.666625319,TRACKING,,0.000363317,1,-0.004807873,0.000462243,0.049965650,0.000000000,0.000000000,0.050000000,0.004807872,0.000462259,-0.000034264,0.004830164,0.001044551
26.676589235,TRACKING,,0.000464238,1,-0.004651752,0.000457155,0.049965237,0.000000000,0.000000000,0.050000000,0.004651751,0.000457171,-0.000034678,0.004674291,0.001052412
26.686627952,TRACKING,,0.000797874,1,-0.005131707,0.000450972,0.049964713,0.000000000,0.000000000,0.050000000,0.005131706,0.000450989,-0.000035193,0.005151605,0.001062545
26.696682103,TRACKING,,0.000793124,1,-0.004969236,0.000445707,0.049964262,0.000000000,0.000000000,0.050000000,0.004969235,0.000445723,-0.000035647,0.004989313,0.001071423
26.706744566,TRACKING,,0.000915417,1,-0.004807413,0.000440630,0.049963749,0.000000000,0.000000000,0.050000000,0.004807412,0.000440645,-0.000036161,0.004827700,0.001081381
26.716807029,TRACKING,,0.001063831,1,-0.005280341,0.000434371,0.049963494,0.000000000,0.000000000,0.050000000,0.005280340,0.000434388,-0.000036407,0.005298303,0.001087869
26.727078458,TRACKING,,0.000561598,1,-0.005118028,0.000429378,0.049963186,0.000000000,0.000000000,0.050000000,0.005118027,0.000429394,-0.000036718,0.005136140,0.001094903
26.739408685,TRACKING,,0.000015435,1,-0.004941635,0.000424036,0.049962938,0.000000000,0.000000000,0.050000000,0.004941634,0.000424052,-0.000036968,0.004959933,0.001101232
26.749403471,TRACKING,,0.000089049,1,-0.005418303,0.000418061,0.049963036,0.000000000,0.000000000,0.050000000,0.005418303,0.000418079,-0.000036861,0.005434533,0.001102286
26.759445750,TRACKING,,0.000410810,1,-0.005227081,0.000412339,0.049963118,0.000000000,0.000000000,0.050000000,0.005227080,0.000412355,-0.000036782,0.005243449,0.001103591
26.769782481,TRACKING,,0.000510544,1,-0.005071296,0.000407735,0.049963224,0.000000000,0.000000000,0.050000000,0.005071295,0.000407751,-0.000036680,0.005087794,0.001103964
26.779789140,TRACKING,,0.000626900,1,-0.005071296,0.000407735,0.049963224,0.000000000,0.000000000,0.050000000,0.005071295,0.000407751,-0.000036680,0.005087794,0.001103964
26.789870600,TRACKING,,0.000880985,1,-0.005553830,0.000402052,0.049963738,0.000000000,0.000000000,0.050000000,0.005553829,0.000402069,-0.000036157,0.005568482,0.001098114
26.799794147,TRACKING,,0.001263299,1,-0.005375582,0.000396581,0.049964330,0.000000000,0.000000000,0.050000000,0.005375581,0.000396598,-0.000035569,0.005390309,0.001090670
26.809857797,TRACKING,,0.001583873,1,-0.005861407,0.000391200,0.049964726,0.000000000,0.000000000,0.050000000,0.005861406,0.000391219,-0.000035164,0.005874553,0.001086018
26.819951130,TRACKING,,0.001925819,1,-0.005671513,0.000385922,0.049964763,0.000000000,0.000000000,0.050000000,0.005671512,0.000385940,-0.000035131,0.005684737,0.001087052
26.830005282,TRACKING,,0.002314069,1,-0.005671513,0.000385922,0.049964763,0.000000000,0.000000000,0.050000000,0.005671512,0.000385940,-0.000035131,0.005684737,0.001087052
26.840226844,TRACKING,,0.000059366,1,-0.005487137,0.000380905,0.049964995,0.000000000,0.000000000,0.050000000,0.005487136,0.000380922,-0.000034902,0.005500453,0.001084926
26.850127833,TRACKING,,0.000251710,1,-0.005961588,0.000375760,0.049965188,0.000000000,0.000000000,0.050000000,0.005961587,0.000375778,-0.000034700,0.005973519,0.001083452
26.860361268,TRACKING,,0.000381127,1,-0.005770126,0.000370652,0.049965165,0.000000000,0.000000000,0.050000000,0.005770125,0.000370670,-0.000034727,0.005782123,0.001085432
26.870252758,TRACKING,,0.000676768,1,-0.005608577,0.000366532,0.049964930,0.000000000,0.000000000,0.050000000,0.005608577,0.000366549,-0.000034964,0.005620651,0.001090658
26.880311659,TRACKING,,0.001114885,1,-0.006077966,0.000361536,0.049964953,0.000000000,0.000000000,0.050000000,0.006077966,0.000361554,-0.000034932,0.006088810,0.001092189
26.890509475,TRACKING,,0.001377281,1,-0.005881995,0.000356683,0.049964817,0.000000000,0.000000000,0.050000000,0.005881995,0.000356701,-0.000035072,0.005892905,0.001096337
26.900448457,TRACKING,,0.001729913,1,-0.005881995,0.000356683,0.049964817,0.000000000,0.000000000,0.050000000,0.005881995,0.000356701,-0.000035072,0.005892905,0.001096337
26.910520419,TRACKING,,0.001836770,1,-0.005687080,0.000351939,0.049964701,0.000000000,0.000000000,0.050000000,0.005687080,0.000351956,-0.000035191,0.005698069,0.001100085
26.920578132,TRACKING,,0.002092043,1,-0.006150671,0.000347138,0.049964968,0.000000000,0.000000000,0.050000000,0.006150671,0.000347157,-0.000034915,0.006160559,0.001097714
26.930808006,TRACKING,,0.002424489,1,-0.005959281,0.000342491,0.049965090,0.000000000,0.000000000,0.050000000,0.005959281,0.000342509,-0.000034797,0.005969217,0.001097585
26.940752925,TRACKING,,0.000175722,1,-0.005762276,0.000337909,0.049965008,0.000000000,0.000000000,0.050000000,0.005762275,0.000337927,-0.000034882,0.005772281,0.001100831
26.950773832,TRACKING,,0.000432182,1,-0.006223742,0.000333290,0.049965310,0.000000000,0.000000000,0.050000000,0.006223741,0.000333308,-0.000034572,0.006232756,0.001097840
26.962480720,TRACKING,,0.002094417,1,-0.006223742,0.000333290,0.049965310,0.000000000,0.000000000,0.050000000,0.006223741,0.000333308,-0.000034572,0.006232756,0.001097840
26.972604923,TRACKING,,0.002255891,1,-0.006023863,0.000328828,0.049965288,0.000000000,0.000000000,0.050000000,0.006023862,0.000328846,-0.000034598,0.006032931,0.001099977
26.982637703,TRACKING,,0.001897324,1,-0.006461212,0.000324401,0.049964693,0.000000000,0.000000000,0.050000000,0.006461211,0.000324420,-0.000035183,0.006469447,0.001111542
26.992723912,TRACKING,,0.001783342,1,-0.006281567,0.000320738,0.049964095,0.000000000,0.000000000,0.050000000,0.006281567,0.000320756,-0.000035783,0.006289853,0.001123001
27.002756692,TRACKING,,0.002170405,1,-0.006098123,0.000317196,0.049963223,0.000000000,0.000000000,0.050000000,0.006098123,0.000317213,-0.000036657,0.006106478,0.001139072
27.012935511,TRACKING,,0.002145472,1,-0.006521400,0.000312840,0.049962436,0.000000000,0.000000000,0.050000000,0.006521400,0.000312860,-0.000037433,0.006529007,0.001154472
27.023144013,TRACKING,,0.002309321,1,-0.006299833,0.000308578,0.049961795,0.000000000,0.000000000,0.050000000,0.006299832,0.000308596,-0.000038078,0.006307501,0.001167820
27.033347766,TRACKING,,0.002346127,1,-0.006121804,0.000305214,0.049961378,0.000000000,0.000000000,0.050000000,0.006121804,0.000305232,-0.000038497,0.006129529,0.001177079
27.043202449,TRACKING,,0.002382934,1,-0.006587680,0.000301816,0.049961349,0.000000000,0.000000000,0.050000000,0.006587680,0.000301835,-0.000038517,0.006594704,0.001180092
27.053182988,TRACKING,,0.001961439,1,-0.006406734,0.000298397,0.049961232,0.000000000,0.000000000,0.050000000,0.006406734,0.000298416,-0.000038637,0.006413796,0.001184604
27.063329749,TRACKING,,0.001308417,1,-0.006220799,0.000294912,0.049961213,0.000000000,0.000000000,0.050000000,0.006220799,0.000294930,-0.000038659,0.006227906,0.001187637
27.073425457,TRACKING,,0.001022275,1,-0.006046303,0.000291530,0.049961410,0.000000000,0.000000000,0.050000000,0.006046303,0.000291547,-0.000038466,0.006053450,0.001187038
27.083305074,TRACKING,,0.000318199,1,-0.006510537,0.000288089,0.049962046,0.000000000,0.000000000,0.050000000,0.006510537,0.000288107,-0.000037821,0.006517019,0.001179200
27.093518325,TRACKING,,0.002432801,1,-0.006510537,0.000288089,0.049962046,0.000000000,0.000000000,0.050000000,0.006510537,0.000288107,-0.000037821,0.006517019,0.001179200
27.103546356,TRACKING,,0.002207211,1,-0.006331483,0.000284644,0.049962386,0.000000000,0.000000000,0.050000000,0.006331483,0.000284662,-0.000037485,0.006337990,0.001176020
27.113507897,TRACKING,,0.001725163,1,-0.006155214,0.000281417,0.049962469,0.000000000,0.000000000,0.050000000,0.006155214,0.000281434,-0.000037406,0.006161758,0.001176891
27.123665345,TRACKING,,0.000896420,1,-0.006597619,0.000278040,0.049962428,0.000000000,0.000000000,0.050000000,0.006597619,0.000278059,-0.000037438,0.006603582,0.001179804
27.133638759,TRACKING,,0.000670831,1,-0.006407990,0.000274511,0.049962312,0.000000000,0.000000000,0.050000000,0.006407990,0.000274529,-0.000037557,0.006413978,0.001183984
27.143748714,TRACKING,,0.000028496,1,-0.006223426,0.000271211,0.049962046,0.000000000,0.000000000,0.050000000,0.006223426,0.000271228,-0.000037826,0.006229449,0.001190520
27.153818301,TRACKING,,0.002226208,1,-0.006652893,0.000267797,0.049962015,0.000000000,0.000000000,0.050000000,0.006652893,0.000267815,-0.000037847,0.006658389,0.001193228
27.163855830,TRACKING,,0.001497200,1,-0.006475069,0.000264562,0.049962199,0.000000000,0.000000000,0.050000000,0.006475069,0.000264580,-0.000037667,0.006480582,0.001192362
27.173980033,TRACKING,,0.001773843,1,-0.006285633,0.000261302,0.049962033,0.000000000,0.000000000,0.050000000,0.006285633,0.000261319,-0.000037837,0.006291176,0.001197160
27.184093550,TRACKING,,0.002096792,1,-0.006648535,0.000256970,0.049962395,0.000000000,0.000000000,0.050000000,0.006648535,0.000256988,-0.000037468,0.006653605,0.001193949
27.194321049,TRACKING,,0.002146658,1,-0.006471519,0.000253993,0.049962589,0.000000000,0.000000000,0.050000000,0.006471519,0.000254010,-0.000037278,0.006476609,0.001192636
27.204351454,TRACKING,,0.002051674,1,-0.006298902,0.000251155,0.049962783,0.000000000,0.000000000,0.050000000,0.006298902,0.000251172,-0.000037087,0.006304017,0.001191206
27.214381860,TRACKING,,0.001824897,1,-0.006726231,0.000248235,0.049963250,0.000000000,0.000000000,0.050000000,0.006726231,0.000248253,-0.000036612,0.006730910,0.001185255
27.224316093,TRACKING,,0.001349973,1,-0.006549115,0.000245377,0.049963532,0.000000000,0.000000000,0.050000000,0.006549115,0.000245395,-0.000036334,0.006553812,0.001182252
27.234389241,TRACKING,,0.001024650,1,-0.006367221,0.000242492,0.049963671,0.000000000,0.000000000,0.050000000,0.006367221,0.000242509,-0.000036198,0.006371940,0.001181599
27.244642861,TRACKING,,0.000528354,1,-0.006782222,0.000239603,0.049964168,0.000000000,0.000000000,0.050000000,0.006782222,0.000239621,-0.000035694,0.006786548,0.001175026
27.254714822,TRACKING,,0.000030870,1,-0.006782222,0.000239603,0.049964168,0.000000000,0.000000000,0.050000000,0.006782222,0.000239621,-0.000035694,0.006786548,0.001175026
27.265008811,TRACKING,,0.002240456,1,-0.006600317,0.000236799,0.049964316,0.000000000,0.000000000,0.050000000,0.006600317,0.000236816,-0.000035550,0.006604660,0.001173971
27.274845684,TRACKING,,0.001773843,1,-0.006415104,0.000234098,0.049964176,0.000000000,0.000000000,0.050000000,0.006415104,0.000234115,-0.000035693,0.006419474,0.001177588
27.285434126,TRACKING,,0.000904731,1,-0.006802894,0.000231278,0.049963910,0.000000000,0.000000000,0.050000000,0.006802894,0.000231295,-0.000035950,0.006806920,0.001183353
27.295356486,TRACKING,,0.000890483,1,-0.006596101,0.000228211,0.049963608,0.000000000,0.000000000,0.050000000,0.006596102,0.000228228,-0.000036256,0.006600148,0.001189859
27.305371456,TRACKING,,0.000896420,1,-0.006409974,0.000225561,0.049963164,0.000000000,0.000000000,0.050000000,0.006409974,0.000225577,-0.000036702,0.006414047,0.001198668
27.315526529,TRACKING,,0.000942725,1,-0.006794026,0.000222878,0.049962992,0.000000000,0.000000000,0.050000000,0.006794026,0.000222896,-0.000036867,0.006797781,0.001203167
27.325588992,TRACKING,,0.000813308,1,-0.006615784,0.000220269,0.049963033,0.000000000,0.000000000,0.050000000,0.006615785,0.000220286,-0.000036829,0.006619553,0.001204133
27.335842612,TRACKING,,0.000730196,1,-0.006431471,0.000217682,0.049962915,0.000000000,0.000000000,0.050000000,0.006431471,0.000217698,-0.000036950,0.006435261,0.001207718
27.345756661,TRACKING,,0.000763441,1,-0.006252590,0.000215140,0.049963017,0.000000000,0.000000000,0.050000000,0.006252590,0.000215156,-0.000036852,0.006256399,0.001207702
27.355978223,TRACKING,,0.000911855,1,-0.006634640,0.000212548,0.049963500,0.000000000,0.000000000,0.050000000,0.006634641,0.000212565,-0.000036362,0.006638144,0.001201347
27.365951637,TRACKING,,0.000959348,1,-0.006427439,0.000209452,0.049964293,0.000000000,0.000000000,0.050000000,0.006427439,0.000209468,-0.000035574,0.006430950,0.001190011
27.376081777,TRACKING,,0.000991405,1,-0.006761759,0.000206403,0.049965005,0.000000000,0.000000000,0.050000000,0.006761759,0.000206419,-0.000034857,0.006764999,0.001179676
27.386035007,TRACKING,,0.001124384,1,-0.006588226,0.000204050,0.049965287,0.000000000,0.000000000,0.050000000,0.006588226,0.000204067,-0.000034578,0.006591476,0.001175879
27.396219763,TRACKING,,0.001323852,1,-0.006375736,0.000201244,0.049965641,0.000000000,0.000000000,0.050000000,0.006375737,0.000201259,-0.000034229,0.006379004,0.001170978
27.406205050,TRACKING,,0.001492451,1,-0.006375736,0.000201244,0.049965641,0.000000000,0.000000000,0.050000000,0.006375737,0.000201259,-0.000034229,0.006379004,0.001170978
27.417266042,TRACKING,,0.002490979,1,-0.006699104,0.000198392,0.049966372,0.000000000,0.000000000,0.050000000,0.006699104,0.000198408,-0.000033494,0.006702125,0.001159748
27.427562405,TRACKING,,0.001938879,1,-0.006534953,0.000196073,0.049967506,0.000000000,0.000000000,0.050000000,0.006534954,0.000196089,-0.000032365,0.006537975,0.001141572
27.437750722,TRACKING,,0.001961438,1,-0.006327388,0.000193330,0.049968146,0.000000000,0.000000000,0.050000000,0.006327388,0.000193346,-0.000031730,0.006330421,0.001131047
27.447486674,TRACKING,,0.001824898,1,-0.006676413,0.000191070,0.049968829,0.000000000,0.000000000,0.050000000,0.006676413,0.000191086,-0.000031041,0.006679219,0.001119607
27.457646497,TRACKING,,0.001822523,1,-0.006478860,0.000188423,0.049969707,0.000000000,0.000000000,0.050000000,0.006478860,0.000188438,-0.000030169,0.006481670,0.001104577
27.467700648,TRACKING,,0.002000619,1,-0.006317228,0.000186344,0.049970244,0.000000000,0.000000000,0.050000000,0.006317229,0.000186359,-0.000029636,0.006320046,0.001095116
27.477751238,TRACKING,,0.001937692,1,-0.006622496,0.000183725,0.049971200,0.000000000,0.000000000,0.050000000,0.006622497,0.000183740,-0.000028676,0.006625107,0.001078464
27.487680722,TRACKING,,0.001852206,1,-0.006460962,0.000181708,0.049971706,0.000000000,0.000000000,0.050000000,0.006460962,0.000181724,-0.000028175,0.006463578,0.001069157
27.497772867,TRACKING,,0.002164469,1,-0.006460962,0.000181708,0.049971706,0.000000000,0.000000000,0.050000000,0.006460962,0.000181724,-0.000028175,0.006463578,0.001069157
27.507728472,TRACKING,,0.000066489,1,-0.006267438,0.000179340,0.049972296,0.000000000,0.000000000,0.050000000,0.006267438,0.000179355,-0.000027589,0.006270065,0.001058216
27.517935787,TRACKING,,0.002325943,1,-0.006557060,0.000176918,0.049972738,0.000000000,0.000000000,0.050000000,0.006557060,0.000176934,-0.000027142,0.006559503,0.001049659
27.528321198,TRACKING,,0.002461296,1,-0.006390623,0.000174904,0.049972982,0.000000000,0.000000000,0.050000000,0.006390623,0.000174919,-0.000026903,0.006393073,0.001044498
27.538134325,TRACKING,,0.000021372,1,-0.006177864,0.000172517,0.049972768,0.000000000,0.000000000,0.050000000,0.006177864,0.000172532,-0.000027120,0.006180332,0.001046690
27.548277525,TRACKING,,0.002241643,1,-0.006478878,0.000170566,0.049972790,0.000000000,0.000000000,0.050000000,0.006478878,0.000170581,-0.000027092,0.006481180,0.001045425
27.558307930,TRACKING,,0.002340190,1,-0.006307166,0.000168653,0.049972785,0.000000000,0.000000000,0.050000000,0.006307166,0.000168667,-0.000027101,0.006309479,0.001044683
27.568302716,TRACKING,,0.002223834,1,-0.006134983,0.000166805,0.049972663,0.000000000,0.000000000,0.050000000,0.006134983,0.000166819,-0.000027226,0.006137311,0.001046005
27.578637073,TRACKING,,0.000024934,1,-0.006383595,0.000164506,0.049972869,0.000000000,0.000000000,0.050000000,0.006383595,0.000164521,-0.000027016,0.006385772,0.001041911
27.588491757,TRACKING,,0.001847456,1,-0.006203089,0.000162597,0.049972839,0.000000000,0.000000000,0.050000000,0.006203089,0.000162611,-0.000027049,0.006205279,0.001041775
27.598614772,TRACKING,,0.001937692,1,-0.006203089,0.000162597,0.049972839,0.000000000,0.000000000,0.050000000,0.006203089,0.000162611,-0.000027049,0.006205279,0.001041775
27.608706918,TRACKING,,0.001891387,1,-0.005999907,0.000160451,0.049973053,0.000000000,0.000000000,0.050000000,0.005999907,0.000160464,-0.000026839,0.006002112,0.001037713
27.618761069,TRACKING,,0.001991121,1,-0.006271333,0.000158661,0.049973364,0.000000000,0.000000000,0.050000000,0.006271334,0.000158675,-0.000026524,0.006273397,0.001032184
27.628754668,TRACKING,,0.001867640,1,-0.006067684,0.000156468,0.049973632,0.000000000,0.000000000,0.050000000,0.006067684,0.000156482,-0.000026260,0.006069759,0.001027276
27.639098523,TRACKING,,0.001894949,1,-0.005894931,0.000154707,0.049973563,0.000000000,0.000000000,0.050000000,0.005894931,0.000154720,-0.000026332,0.005897020,0.001027976
27.649193043,TRACKING,,0.001155253,1,-0.006131847,0.000152788,0.049973589,0.000000000,0.000000000,0.050000000,0.006131847,0.000152801,-0.000026302,0.006133807,0.001027173
27.659099968,TRACKING,,0.001308417,1,-0.005964777,0.000151071,0.049973688,0.000000000,0.000000000,0.050000000,0.005964777,0.000151084,-0.000026206,0.005966748,0.001025194
27.669097129,TRACKING,,0.001656299,1,-0.005760578,0.000149034,0.049973708,0.000000000,0.000000000,0.050000000,0.005760578,0.000149047,-0.000026189,0.005762565,0.001024485
27.679170277,TRACKING,,0.001848644,1,-0.005963759,0.000146958,0.049974222,0.000000000,0.000000000,0.050000000,0.005963760,0.000146971,-0.000025673,0.005965626,0.001015732
27.689959375,TRACKING,,0.002006556,1,-0.005796983,0.000145342,0.049974329,0.000000000,0.000000000,0.050000000,0.005796983,0.000145355,-0.000025569,0.005798861,0.001013589
27.699537414,TRACKING,,0.002078982,1,-0.005796983,0.000145342,0.049974329,0.000000000,0.000000000,0.050000000,0.005796983,0.000145355,-0.000025569,0.005798861,0.001013589
27.709641433,TRACKING,,0.002162094,1,-0.005599401,0.000143395,0.049974896,0.000000000,0.000000000,0.050000000,0.005599401,0.000143407,-0.000025007,0.005601293,0.001003786
27.719746639,TRACKING,,0.002018429,1,-0.005783271,0.000141420,0.049975430,0.000000000,0.000000000,0.050000000,0.005783271,0.000141432,-0.000024470,0.005785052,0.000994401
27.729645253,TRACKING,,0.002286762,1,-0.005624106,0.000139839,0.049975832,0.000000000,0.000000000,0.050000000,0.005624106,0.000139851,-0.000024072,0.005625896,0.000987236
27.739727900,TRACKING,,0.002344940,1,-0.005420443,0.000137931,0.049975928,0.000000000,0.000000000,0.050000000,0.005420443,0.000137943,-0.000023980,0.005422251,0.000984958
27.749827169,TRACKING,,0.002002994,1,-0.005613588,0.000136289,0.049976278,0.000000000,0.000000000,0.050000000,0.005613588,0.000136301,-0.000023626,0.005615292,0.000978580
27.759996490,TRACKING,,0.001962626,1,-0.005454741,0.000134780,0.049976629,0.000000000,0.000000000,0.050000000,0.005454741,0.000134791,-0.000023279,0.005456455,0.000972128
27.769994838,TRACKING,,0.001708541,1,-0.005255554,0.000132942,0.049976956,0.000000000,0.000000000,0.050000000,0.005255554,0.000132953,-0.000022956,0.005257285,0.000965809
27.780185530,TRACKING,,0.001574375,1,-0.005432692,0.000131339,0.049977582,0.000000000,0.000000000,0.050000000,0.005432692,0.000131350,-0.000022329,0.005434325,0.000954644
27.790448648,TRACKING,,0.001599309,1,-0.005432692,0.000131339,0.049977582,0.000000000,0.000000000,0.050000000,0.005432692,0.000131350,-0.000022329,0.005434325,0.000954644
27.800189350,TRACKING,,0.001304855,1,-0.005239784,0.000129567,0.049978127,0.000000000,0.000000000,0.050000000,0.005239784,0.000129578,-0.000021787,0.005241431,0.000944537
27.810248250,TRACKING,,0.001310792,1,-0.005067826,0.000128136,0.049977866,0.000000000,0.000000000,0.050000000,0.005067826,0.000128146,-0.000022051,0.005069494,0.000947770
27.820281030,TRACKING,,0.001504323,1,-0.005220058,0.000126695,0.049977645,0.000000000,0.000000000,0.050000000,0.005220058,0.000126706,-0.000022269,0.005221643,0.000950473
27.830512091,TRACKING,,0.001491263,1,-0.005015567,0.000124956,0.049977422,0.000000000,0.000000000,0.050000000,0.005015567,0.000124966,-0.000022495,0.005017174,0.000953128
27.840411892,TRACKING,,0.001342849,1,-0.004847847,0.000123559,0.049977342,0.000000000,0.000000000,0.050000000,0.004847847,0.000123569,-0.000022578,0.004849474,0.000953797
27.850475542,TRACKING,,0.001351160,1,-0.004981330,0.000122128,0.049977428,0.000000000,0.000000000,0.050000000,0.004981330,0.000122138,-0.000022490,0.004982878,0.000951848
27.860552253,TRACKING,,0.001460393,1,-0.004819226,0.000120746,0.049977569,0.000000000,0.000000000,0.050000000,0.004819226,0.000120755,-0.000022352,0.004820791,0.000948979
27.870624214,TRACKING,,0.001631366,1,-0.004617752,0.000119064,0.049977722,0.000000000,0.000000000,0.050000000,0.004617752,0.000119073,-0.000022202,0.004619341,0.000945887
27.881635338,TRACKING,,0.002430426,1,-0.004703109,0.000117366,0.049978435,0.000000000,0.000000000,0.050000000,0.004703109,0.000117375,-0.000021489,0.004704623,0.000933609
27.891472212,TRACKING,,0.002452985,1,-0.004547865,0.000116039,0.049978865,0.000000000,0.000000000,0.050000000,0.004547865,0.000116048,-0.000021062,0.004549394,0.000925829
27.901679527,TRACKING,,0.002447049,1,-0.004399219,0.000114718,0.049979715,0.000000000,0.000000000,0.050000000,0.004399219,0.000114726,-0.000020216,0.004400761,0.000911052
27.911838161,TRACKING,,0.002418553,1,-0.004508722,0.000113362,0.049980849,0.000000000,0.000000000,0.050000000,0.004508722,0.000113371,-0.000019081,0.004510188,0.000891319
27.921944555,TRACKING,,0.002325943,1,-0.004365611,0.000112065,0.049981806,0.000000000,0.000000000,0.050000000,0.004365611,0.000112074,-0.000018128,0.004367087,0.000874241
27.932141184,TRACKING,,0.002273701,1,-0.004222343,0.000110769,0.049982761,0.000000000,0.000000000,0.050000000,0.004222343,0.000110777,-0.000017177,0.004223831,0.000857024
27.942132408,TRACKING,,0.002296260,1,-0.004312928,0.000109449,0.049983921,0.000000000,0.000000000,0.050000000,0.004312928,0.000109457,-0.000016017,0.004314347,0.000836239
27.952327849,TRACKING,,0.002154970,1,-0.004172731,0.000108165,0.049984908,0.000000000,0.000000000,0.050000000,0.004172731,0.000108172,-0.000015033,0.004174160,0.000817910
27.962089922,TRACKING,,0.001900885,1,-0.004032712,0.000106880,0.049985906,0.000000000,0.000000000,0.050000000,0.004032712,0.000106888,-0.000014038,0.004034153,0.000799195
27.972070460,TRACKING,,0.001839145,1,-0.003900351,0.000105611,0.049987098,0.000000000,0.000000000,0.050000000,0.003900351,0.000105618,-0.000012850,0.003901802,0.000777071
27.982308645,TRACKING,,0.002026740,1,-0.003900351,0.000105611,0.049987098,0.000000000,0.000000000,0.050000000,0.003900351,0.000105618,-0.000012850,0.003901802,0.000777071
27.992803289,TRACKING,,0.000055803,1,-0.003951795,0.000104029,0.049988934,0.000000000,0.000000000,0.050000000,0.003951795,0.000104036,-0.000011015,0.003953180,0.000743381
28.002612855,TRACKING,,0.000098547,1,-0.003805913,0.000102452,0.049990812,0.000000000,0.000000000,0.050000000,0.003805913,0.000102459,-0.000009141,0.003807303,0.000708488
28.012715686,TRACKING,,0.000163849,1,-0.003832885,0.000100836,0.049992408,0.000000000,0.000000000,0.050000000,0.003832885,0.000100843,-0.000007547,0.003834218,0.000677845
28.022833952,TRACKING,,0.000093798,1,-0.003712359,0.000099572,0.049993634,0.000000000,0.000000000,0.050000000,0.003712359,0.000099578,-0.000006325,0.003713700,0.000653866
28.033273980,TRACKING,,0.002348502,1,-0.003590524,0.000098301,0.049994853,0.000000000,0.000000000,0.050000000,0.003590523,0.000098307,-0.000005108,0.003591873,0.000629681
28.043027742,TRACKING,,0.002038613,1,-0.003470759,0.000097002,0.049996304,0.000000000,0.000000000,0.050000000,0.003470759,0.000097008,-0.000003660,0.003472116,0.000601361
28.053075957,TRACKING,,0.000024934,1,-0.003509205,0.000095670,0.049998060,0.000000000,0.000000000,0.050000000,0.003509205,0.000095676,-0.000001905,0.003510509,0.000567659
28.063156229,TRACKING,,0.002494541,1,-0.003389659,0.000094265,0.050000045,0.000000000,0.000000000,0.050000000,0.003389659,0.000094271,0.000000076,0.003390970,0.000529390
28.073246000,TRACKING,,0.002219085,1,-0.003284149,0.000093034,0.050001662,0.000000000,0.000000000,0.050000000,0.003284149,0.000093040,0.000001690,0.003285467,0.000497440
28.083331021,TRACKING,,0.001747722,1,-0.003309761,0.000091793,0.050003431,0.000000000,0.000000000,0.050000000,0.003309761,0.000091799,0.000003457,0.003311035,0.000462791
28.093407732,TRACKING,,0.001245489,1,-0.003208618,0.000090574,0.050005128,0.000000000,0.000000000,0.050000000,0.003208618,0.000090580,0.000005151,0.003209901,0.000428928
28.103307533,TRACKING,,0.000539039,1,-0.003106295,0.000089333,0.050006756,0.000000000,0.000000000,0.050000000,0.003106295,0.000089339,0.000006777,0.003107587,0.000395709
28.113488727,TRACKING,,0.000296828,1,-0.003113994,0.000088157,0.050008408,0.000000000,0.000000000,0.050000000,0.003113994,0.000088163,0.000008427,0.003115253,0.000362360
28.123592745,TRACKING,,0.000070051,1,-0.003022425,0.000087018,0.050009916,0.000000000,0.000000000,0.050000000,0.003022425,0.000087023,0.000009933,0.003023693,0.000331309
28.133802435,TRACKING,,0.002358000,1,-0.003022425,0.000087018,0.050009916,0.000000000,0.000000000,0.050000000,0.003022425,0.000087023,0.000009933,0.003023693,0.000331309
28.143857774,TRACKING,,0.001968562,1,-0.002932821,0.000085875,0.050011458,0.000000000,0.000000000,0.050000000,0.002932820,0.000085880,0.000011472,0.002934100,0.000299638
28.153962979,TRACKING,,0.001720414,1,-0.002916907,0.000084728,0.050013026,0.000000000,0.000000000,0.050000000,0.002916907,0.000084733,0.000013038,0.002918166,0.000267593
28.163833098,TRACKING,,0.001285858,1,-0.002831746,0.000083589,0.050014520,0.000000000,0.000000000,0.050000000,0.002831745,0.000083593,0.000014531,0.002833016,0.000237116
28.173953739,TRACKING,,0.000895233,1,-0.002744260,0.000082432,0.050015805,0.000000000,0.000000000,0.050000000,0.002744260,0.000082436,0.000015814,0.002745543,0.000210112
28.183986519,TRACKING,,0.000871487,1,-0.002703397,0.000081275,0.050017138,0.000000000,0.000000000,0.050000000,0.002703396,0.000081279,0.000017146,0.002704672,0.000183144
28.195013078,TRACKING,,0.004279069,1,-0.002625243,0.000080167,0.050018498,0.000000000,0.000000000,0.050000000,0.002625243,0.000080172,0.000018504,0.002626532,0.000157274
28.205005489,TRACKING,,0.001917508,1,-0.002533912,0.000078841,0.050020218,0.000000000,0.000000000,0.050000000,0.002533911,0.000078845,0.000020222,0.002535218,0.000127864
28.215100010,TRACKING,,0.004441731,1,-0.002478658,0.000077773,0.050021732,0.000000000,0.000000000,0.050000000,0.002478658,0.000077776,0.000021735,0.002479973,0.000107064
28.225208777,TRACKING,,0.000021372,1,-0.002400469,0.000076519,0.050023590,0.000000000,0.000000000,0.050000000,0.002400469,0.000076522,0.000023591,0.002401804,0.000092784
28.235163195,TRACKING,,0.000166224,1,-0.002326121,0.000075265,0.050025559,0.000000000,0.000000000,0.050000000,0.002326121,0.000075269,0.000025558,0.002327479,0.000096571
28.245203099,TRACKING,,0.000363317,1,-0.002268910,0.000074250,0.050012408,0.000000000,0.000000000,0.050000000,0.002268910,0.000074253,0.000012406,0.002270158,0.000113289
28.255233504,TRACKING,,0.000661333,1,-0.002204304,0.000073047,0.050015079,0.000000000,0.000000000,0.050000000,0.002204304,0.000073050,0.000015075,0.002205566,0.000143875
28.265306652,TRACKING,,0.000586532,1,-0.002154122,0.000072056,0.050017731,0.000000000,0.000000000,0.050000000,0.002154122,0.000072059,0.000017726,0.002155400,0.000173284
28.275333496,TRACKING,,0.000844178,1,-0.002154122,0.000072056,0.050017731,0.000000000,0.000000000,0.050000000,0.002154122,0.000072059,0.000017726,0.002155400,0.000173284
28.285430390,TRACKING,,0.000820432,1,-0.002096336,0.000070865,0.049977362,0.000000000,0.000000000,0.050000000,0.002096336,0.000070868,-0.000022645,0.002097655,0.000212035
28.295750500,TRACKING,,0.000777689,1,-0.002052016,0.000069914,0.049980563,0.000000000,0.000000000,0.050000000,0.002052016,0.000069917,-0.000019445,0.002053299,0.000243906
28.305816524,TRACKING,,0.000807371,1,-0.002008636,0.000068955,0.049985172,0.000000000,0.000000000,0.050000000,0.002008636,0.000068958,-0.000014837,0.002009874,0.000274509
28.315760256,TRACKING,,0.000632837,1,-0.001957415,0.000067782,0.049919458,0.000000000,0.000000000,0.050000000,0.001957415,0.000067785,-0.000080552,0.001960244,0.000310981
28.325977069,TRACKING,,0.000059366,1,-0.001916686,0.000066818,0.049926330,0.000000000,0.000000000,0.050000000,0.001916686,0.000066821,-0.000073681,0.001919265,0.000339997
28.336425408,TRACKING,,0.002410242,1,-0.001878612,0.000065890,0.049934881,0.000000000,0.000000000,0.050000000,0.001878611,0.000065892,-0.000065131,0.001880894,0.000366863
28.346296714,TRACKING,,0.001832021,1,-0.001842140,0.000064972,0.049844358,0.000000000,0.000000000,0.050000000,0.001842139,0.000064974,-0.000155655,0.001849845,0.000393394
28.356325932,TRACKING,,0.001282296,1,-0.001807765,0.000064085,0.049855777,0.000000000,0.000000000,0.050000000,0.001807764,0.000064087,-0.000144236,0.001814641,0.000417368
28.366251853,TRACKING,,0.000658958,1,-0.001775081,0.000063217,0.049870591,0.000000000,0.000000000,0.050000000,0.001775080,0.000063220,-0.000129423,0.001780914,0.000436796
28.376355872,TRACKING,,0.000081924,1,-0.001743274,0.000062350,0.049759359,0.000000000,0.000000000,0.050000000,0.001743272,0.000062352,-0.000240655,0.001760908,0.000455961
28.386379153,TRACKING,,0.002264202,1,-0.001713374,0.000061527,0.049778577,0.000000000,0.000000000,0.050000000,0.001713372,0.000061529,-0.000221436,0.001728718,0.000470820
28.396949785,TRACKING,,0.002000619,1,-0.001685649,0.000060751,0.049799704,0.000000000,0.000000000,0.050000000,0.001685648,0.000060753,-0.000200310,0.001698594,0.000483039
28.406737979,TRACKING,,0.002073045,1,-0.001685649,0.000060751,0.049799704,0.000000000,0.000000000,0.050000000,0.001685648,0.000060753,-0.000200310,0.001698594,0.000483039
28.416834874,TRACKING,,0.001662235,1,-0.001653853,0.000059840,0.049672171,0.000000000,0.000000000,0.050000000,0.001653850,0.000059841,-0.000327843,0.001687093,0.000497389
28.426940080,TRACKING,,0.001633740,1,-0.001628720,0.000059100,0.049692863,0.000000000,0.000000000,0.050000000,0.001628717,0.000059102,-0.000307151,0.001658480,0.000510354
28.437044098,TRACKING,,0.001430710,1,-0.001604670,0.000058391,0.049718485,0.000000000,0.000000000,0.050000000,0.001604667,0.000058393,-0.000281529,0.001630223,0.000515832
28.447137431,TRACKING,,0.001595746,1,-0.001580709,0.000057670,0.049746171,0.000000000,0.000000000,0.050000000,0.001580706,0.000057672,-0.000253844,0.001601997,0.000519307
28.457256885,TRACKING,,0.001237178,1,-0.001552193,0.000056796,0.049600560,0.000000000,0.000000000,0.050000000,0.001552189,0.000056798,-0.000399454,0.001603771,0.000523619
28.467385837,TRACKING,,0.000611465,1,-0.001528957,0.000056072,0.049630160,0.000000000,0.000000000,0.050000000,0.001528954,0.000056074,-0.000369854,0.001574051,0.000525584
28.477411493,TRACKING,,0.000028495,1,-0.001506179,0.000055357,0.049663546,0.000000000,0.000000000,0.050000000,0.001506176,0.000055358,-0.000336467,0.001544293,0.000525060
28.487469206,TRACKING,,0.001818961,1,-0.001483726,0.000054639,0.049493844,0.000000000,0.000000000,0.050000000,0.001483721,0.000054641,-0.000506169,0.001568637,0.000525223
28.497484177,TRACKING,,0.001334538,1,-0.001463124,0.000053978,0.049529677,0.000000000,0.000000000,0.050000000,0.001463120,0.000053979,-0.000470336,0.001537807,0.000522822
28.507727111,TRACKING,,0.000873861,1,-0.001443371,0.000053344,0.049570917,0.000000000,0.000000000,0.050000000,0.001443368,0.000053345,-0.000429096,0.001506744,0.000515176
28.517828755,TRACKING,,0.000428620,1,-0.001424279,0.000052722,0.049383236,0.000000000,0.000000000,0.050000000,0.001424273,0.000052723,-0.000616777,0.001552980,0.000508966
28.528015885,TRACKING,,0.000041555,1,-0.001405889,0.000052127,0.049430275,0.000000000,0.000000000,0.050000000,0.001405884,0.000052128,-0.000569737,0.001517836,0.000497184
28.538292064,TRACKING,,0.002233332,1,-0.001388157,0.000051552,0.049480680,0.000000000,0.000000000,0.050000000,0.001388153,0.000051553,-0.000519332,0.001483015,0.000483041
28.548206112,TRACKING,,0.001790465,1,-0.001370878,0.000050982,0.049278411,0.000000000,0.000000000,0.050000000,0.001370872,0.000050983,-0.000721600,0.001550031,0.000471419
28.558288759,TRACKING,,0.000681516,1,-0.001353601,0.000050417,0.049336830,0.000000000,0.000000000,0.050000000,0.001353596,0.000050418,-0.000663181,0.001508169,0.000453791
28.568816648,TRACKING,,0.002007743,1,-0.001353601,0.000050417,0.049336830,0.000000000,0.000000000,0.050000000,0.001353596,0.000050418,-0.000663181,0.001508169,0.000453791
28.578471863,TRACKING,,0.001161190,1,-0.001336127,0.000049847,0.049402154,0.000000000,0.000000000,0.050000000,0.001336122,0.000049848,-0.000597856,0.001464630,0.000432231
28.588452401,TRACKING,,0.000446429,1,-0.001319499,0.000049301,0.049192238,0.000000000,0.000000000,0.050000000,0.001319494,0.000049301,-0.000807771,0.001547898,0.000410495
28.598493492,TRACKING,,0.002163281,1,-0.001303155,0.000048764,0.049258290,0.000000000,0.000000000,0.050000000,0.001303150,0.000048764,-0.000741719,0.001500241,0.000387790
28.608579701,TRACKING,,0.001509072,1,-0.001287064,0.000048243,0.049333501,0.000000000,0.000000000,0.050000000,0.001287060,0.000048244,-0.000666507,0.001450201,0.000358559
28.618701529,TRACKING,,0.000645897,1,-0.001271561,0.000047734,0.049110192,0.000000000,0.000000000,0.050000000,0.001271556,0.000047735,-0.000889815,0.001552709,0.000332511
28.628791300,TRACKING,,0.000026121,1,-0.001256054,0.000047226,0.049189477,0.000000000,0.000000000,0.050000000,0.001256050,0.000047227,-0.000810529,0.001495610,0.000303729
28.638843077,TRACKING,,0.000718324,1,-0.001241381,0.000046748,0.049271788,0.000000000,0.000000000,0.050000000,0.001241377,0.000046748,-0.000728217,0.001439966,0.000273601
28.649387588,TRACKING,,0.000037994,1,-0.001224962,0.000046200,0.049043738,0.000000000,0.000000000,0.050000000,0.001224958,0.000046201,-0.000956267,0.001554704,0.000244500
28.659080797,TRACKING,,0.001936505,1,-0.001211065,0.000045738,0.049128290,0.000000000,0.000000000,0.050000000,0.001211062,0.000045739,-0.000871715,0.001492866,0.000217553
28.669079145,TRACKING,,0.000953410,1,-0.001196752,0.000045257,0.049218764,0.000000000,0.000000000,0.050000000,0.001196749,0.000045258,-0.000781240,0.001429892,0.000191567
28.679187913,TRACKING,,0.000148414,1,-0.001182947,0.000044781,0.048962376,0.000000000,0.000000000,0.050000000,0.001182944,0.000044781,-0.001037627,0.001574177,0.000172330
28.689402351,TRACKING,,0.001943628,1,-0.001182947,0.000044781,0.048962376,0.000000000,0.000000000,0.050000000,0.001182944,0.000044781,-0.001037627,0.001574177,0.000172330
28.699342521,TRACKING,,0.000971220,1,-0.001169772,0.000044338,0.049055956,0.000000000,0.000000000,0.050000000,0.001169770,0.000044339,-0.000944047,0.001503846,0.000146644
28.709562896,TRACKING,,0.000246961,1,-0.001156883,0.000043923,0.049162157,0.000000000,0.000000000,0.050000000,0.001156882,0.000043924,-0.000837845,0.001429087,0.000113898
28.719546996,TRACKING,,0.002027928,1,-0.001144042,0.000043505,0.048906516,0.000000000,0.000000000,0.050000000,0.001144041,0.000043506,-0.001093485,0.001583171,0.000087855
28.729570278,TRACKING,,0.001313166,1,-0.001131116,0.000043077,0.049011183,0.000000000,0.000000000,0.050000000,0.001131116,0.000043078,-0.000988818,0.001503010,0.000073112
28.739658861,TRACKING,,0.000336009,1,-0.001118444,0.000042669,0.049125977,0.000000000,0.000000000,0.050000000,0.001118444,0.000042669,-0.000874023,0.001420089,0.000074694
28.749872112,TRACKING,,0.002263016,1,-0.001105768,0.000042245,0.048856493,0.000000000,0.000000000,0.050000000,0.001105769,0.000042245,-0.001143505,0.001591262,0.000090863
28.759866898,TRACKING,,0.001468704,1,-0.001093548,0.000041833,0.048966813,0.000000000,0.000000000,0.050000000,0.001093550,0.000041834,-0.001033185,0.001505016,0.000112963
28.769987539,TRACKING,,0.000366879,1,-0.001081443,0.000041425,0.049082633,0.000000000,0.000000000,0.050000000,0.001081445,0.000041426,-0.000917365,0.001418731,0.000139148
28.780073748,TRACKING,,0.002124100,1,-0.001069086,0.000040997,0.048796632,0.000000000,0.000000000,0.050000000,0.001069089,0.000040997,-0.001203366,0.001610193,0.000162171
28.790168268,TRACKING,,0.001500761,1,-0.001057477,0.000040597,0.048911184,0.000000000,0.000000000,0.050000000,0.001057481,0.000040598,-0.001088813,0.001518364,0.000186793
28.800380332,TRACKING,,0.000548538,1,-0.001045933,0.000040197,0.049027825,0.000000000,0.000000000,0.050000000,0.001045937,0.000040197,-0.000972172,0.001428537,0.000210476
28.810391740,TRACKING,,0.002509976,1,-0.001045933,0.000040197,0.049027825,0.000000000,0.000000000,0.050000000,0.001045937,0.000040197,-0.000972172,0.001428537,0.000210476
28.820325973,TRACKING,,0.001725163,1,-0.001034093,0.000039774,0.048722415,0.000000000,0.000000000,0.050000000,0.001034098,0.000039774,-0.001277581,0.001644127,0.000228357
28.830495294,TRACKING,,0.001032960,1,-0.001022183,0.000039334,0.048828214,0.000000000,0.000000000,0.050000000,0.001022188,0.000039335,-0.001171782,0.001555470,0.000238757
28.840551820,TRACKING,,0.000400124,1,-0.001010586,0.000038925,0.048943209,0.000000000,0.000000000,0.050000000,0.001010590,0.000038926,-0.001056786,0.001462739,0.000259434
28.850657026,TRACKING,,0.002362750,1,-0.000998975,0.000038507,0.048619431,0.000000000,0.000000000,0.050000000,0.000998981,0.000038508,-0.001380564,0.001704524,0.000276107
28.860839407,TRACKING,,0.001930568,1,-0.000987297,0.000038081,0.048729444,0.000000000,0.000000000,0.050000000,0.000987303,0.000038082,-0.001270551,0.001609509,0.000289216
28.870790263,TRACKING,,0.001428335,1,-0.000976284,0.000037686,0.048843253,0.000000000,0.000000000,0.050000000,0.000976290,0.000037686,-0.001156742,0.001514138,0.000306061
28.880894281,TRACKING,,0.000768190,1,-0.000965178,0.000037280,0.048503162,0.000000000,0.000000000,0.050000000,0.000965187,0.000037280,-0.001496833,0.001781428,0.000319001
28.891039856,TRACKING,,0.002683323,1,-0.000954200,0.000036881,0.048617413,0.000000000,0.000000000,0.050000000,0.000954208,0.000036882,-0.001382581,0.001680299,0.000333286
28.901091633,TRACKING,,0.001707354,1,-0.000943177,0.000036482,0.048737879,0.000000000,0.000000000,0.050000000,0.000943184,0.000036482,-0.001262115,0.001576028,0.000348729
28.911196839,TRACKING,,0.000577033,1,-0.000931971,0.000036063,0.048385590,0.000000000,0.000000000,0.050000000,0.000931981,0.000036064,-0.001614404,0.001864454,0.000357243
28.921285422,TRACKING,,0.002264202,1,-0.000921028,0.000035662,0.048507538,0.000000000,0.000000000,0.050000000,0.000921037,0.000035662,-0.001492456,0.001754140,0.000369943
28.931277833,TRACKING,,0.001250239,1,-0.000910398,0.000035268,0.048627455,0.000000000,0.000000000,0.050000000,0.000910407,0.000035269,-0.001372539,0.001647406,0.000379996
28.941282118,TRACKING,,0.000239837,1,-0.000899548,0.000034855,0.048257483,0.000000000,0.000000000,0.050000000,0.000899559,0.000034855,-0.001742511,0.001961317,0.000383892
28.951428880,TRACKING,,0.001988746,1,-0.000899548,0.000034855,0.048257483,0.000000000,0.000000000,0.050000000,0.000899559,0.000034855,-0.001742511,0.001961317,0.000383892
28.961562581,TRACKING,,0.000878611,1,-0.000889281,0.000034476,0.048379838,0.000000000,0.000000000,0.050000000,0.000889292,0.000034476,-0.001620156,0.001848495,0.000394645
28.971664225,TRACKING,,0.002711819,1,-0.000879418,0.000034129,0.048512690,0.000000000,0.000000000,0.050000000,0.000879429,0.000034130,-0.001487304,0.001728188,0.000415481
28.981716002,TRACKING,,0.001576750,1,-0.000869334,0.000033770,0.048145132,0.000000000,0.000000000,0.050000000,0.000869348,0.000033771,-0.001854862,0.002048760,0.000434203
28.991805773,TRACKING,,0.000536664,1,-0.000859123,0.000033398,0.048274581,0.000000000,0.000000000,0.050000000,0.000859136,0.000033399,-0.001725412,0.001927765,0.000447912
29.001886045,TRACKING,,0.002121725,1,-0.000849245,0.000033048,0.048410625,0.000000000,0.000000000,0.050000000,0.000849258,0.000033049,-0.001589369,0.001802339,0.000467664
29.012077925,TRACKING,,0.001158816,1,-0.000839241,0.000032680,0.048025750,0.000000000,0.000000000,0.050000000,0.000839258,0.000032680,-0.001974243,0.002145474,0.000478961
29.022067961,TRACKING,,0.000090236,1,-0.000829505,0.000032325,0.048158391,0.000000000,0.000000000,0.050000000,0.000829521,0.000032326,-0.001841602,0.002020062,0.000492659
29.032018817,TRACKING,,0.002182278,1,-0.000820056,0.000031976,0.048287642,0.000000000,0.000000000,0.050000000,0.000820071,0.000031977,-0.001712351,0.001898864,0.000503473
29.042076530,TRACKING,,0.001301293,1,-0.000810510,0.000031609,0.047880492,0.000000000,0.000000000,0.050000000,0.000810529,0.000031610,-0.002119501,0.002269414,0.000505682
29.052634102,TRACKING,,0.002463671,1,-0.000810510,0.000031609,0.047880492,0.000000000,0.000000000,0.050000000,0.000810529,0.000031610,-0.002119501,0.002269414,0.000505682
29.062372428,TRACKING,,0.001596934,1,-0.000800643,0.000031242,0.048019710,0.000000000,0.000000000,0.050000000,0.000800661,0.000031243,-0.001980283,0.002136247,0.000515430
29.072450326,TRACKING,,0.001017525,1,-0.000791900,0.000030919,0.048154973,0.000000000,0.000000000,0.050000000,0.000791917,0.000030920,-0.001845020,0.002008030,0.000528715
29.082725317,TRACKING,,0.002609710,1,-0.000783169,0.000030605,0.047748398,0.000000000,0.000000000,0.050000000,0.000783190,0.000030606,-0.002251594,0.002384114,0.000544462
29.092543194,TRACKING,,0.001750096,1,-0.000773782,0.000030257,0.047888932,0.000000000,0.000000000,0.050000000,0.000773803,0.000030258,-0.002111060,0.002248613,0.000557259
29.102692330,TRACKING,,0.000873861,1,-0.000765302,0.000029948,0.048025338,0.000000000,0.000000000,0.050000000,0.000765321,0.000029949,-0.001974654,0.002117988,0.000572194
29.113126422,TRACKING,,0.002557468,1,-0.000756364,0.000029616,0.047609296,0.000000000,0.000000000,0.050000000,0.000756388,0.000029617,-0.002390696,0.002507674,0.000583963
29.122863561,TRACKING,,0.001518571,1,-0.000747436,0.000029281,0.047749077,0.000000000,0.000000000,0.050000000,0.000747459,0.000029282,-0.002250916,0.002371956,0.000593957
29.133087498,TRACKING,,0.000416746,1,-0.000738771,0.000028960,0.047890243,0.000000000,0.000000000,0.050000000,0.000738793,0.000028961,-0.002109749,0.002235552,0.000604067
29.143089408,TRACKING,,0.002151408,1,-0.000729883,0.000028624,0.047461449,0.000000000,0.000000000,0.050000000,0.000729910,0.000028626,-0.002538543,0.002641550,0.000608855
29.153294348,TRACKING,,0.001034148,1,-0.000721374,0.000028307,0.047601438,0.000000000,0.000000000,0.050000000,0.000721400,0.000028309,-0.002398555,0.002504852,0.000616028
29.163353249,TRACKING,,0.000105671,1,-0.000712960,0.000027995,0.047743530,0.000000000,0.000000000,0.050000000,0.000712984,0.000027996,-0.002256462,0.002366591,0.000624296
29.173390778,TRACKING,,0.002035052,1,-0.000712960,0.000027995,0.047743530,0.000000000,0.000000000,0.050000000,0.000712984,0.000027996,-0.002256462,0.002366591,0.000624296
29.183661020,TRACKING,,0.001325040,1,-0.000704470,0.000027665,0.047297815,0.000000000,0.000000000,0.050000000,0.000704499,0.000027667,-0.002702177,0.002792641,0.000623589
29.193597628,TRACKING,,0.000056991,1,-0.000695841,0.000027319,0.047421607,0.000000000,0.000000000,0.050000000,0.000695868,0.000027320,-0.002578385,0.002670777,0.000615888
29.204119580,TRACKING,,0.001599308,1,-0.000687237,0.000026993,0.047562204,0.000000000,0.000000000,0.050000000,0.000687263,0.000026995,-0.002437788,0.002532957,0.000619809
29.213771233,TRACKING,,0.000505795,1,-0.000678576,0.000026658,0.047110703,0.000000000,0.000000000,0.050000000,0.000678607,0.000026659,-0.002889290,0.002968032,0.000619043
29.224649378,TRACKING,,0.002803242,1,-0.000670131,0.000026331,0.047245513,0.000000000,0.000000000,0.050000000,0.000670160,0.000026333,-0.002754479,0.002834954,0.000618727
29.234658412,TRACKING,,0.001321478,1,-0.000661714,0.000026008,0.047386139,0.000000000,0.000000000,0.050000000,0.000661742,0.000026009,-0.002613854,0.002696444,0.000619310
29.244631826,TRACKING,,0.000187595,1,-0.000653079,0.000025667,0.046925960,0.000000000,0.000000000,0.050000000,0.000653111,0.000025669,-0.003074033,0.003142752,0.000614677
29.254824893,TRACKING,,0.002290323,1,-0.000645571,0.000025376,0.047054704,0.000000000,0.000000000,0.050000000,0.000645603,0.000025378,-0.002945290,0.003015324,0.000613974
29.264850549,TRACKING,,0.001769094,1,-0.000638225,0.000025090,0.047182939,0.000000000,0.000000000,0.050000000,0.000638255,0.000025092,-0.002817054,0.002888562,0.000612503
29.274964066,TRACKING,,0.001169501,1,-0.000630708,0.000024788,0.046699283,0.000000000,0.000000000,0.050000000,0.000630743,0.000024790,-0.003300710,0.003360526,0.000605122
29.285070459,TRACKING,,0.000616215,1,-0.000623682,0.000024522,0.046832213,0.000000000,0.000000000,0.050000000,0.000623716,0.000024524,-0.003167780,0.003228693,0.000607961
29.295130547,TRACKING,,0.000034432,1,-0.000623682,0.000024522,0.046832213,0.000000000,0.000000000,0.050000000,0.000623716,0.000024524,-0.003167780,0.003228693,0.000607961
29.305544454,TRACKING,,0.002187027,1,-0.000616703,0.000024254,0.046962664,0.000000000,0.000000000,0.050000000,0.000616735,0.000024256,-0.003037330,0.003099407,0.000608694
29.315486999,TRACKING,,0.001618305,1,-0.000609764,0.000023985,0.047091166,0.000000000,0.000000000,0.050000000,0.000609795,0.000023986,-0.002908827,0.002972154,0.000607753
29.325422419,TRACKING,,0.001130320,1,-0.000602600,0.000023705,0.046603601,0.000000000,0.000000000,0.050000000,0.000602636,0.000023707,-0.003396393,0.003449524,0.000605641
29.335518126,TRACKING,,0.000579408,1,-0.000595244,0.000023419,0.046731516,0.000000000,0.000000000,0.050000000,0.000595278,0.000023421,-0.003268478,0.003322327,0.000603654
29.345585338,TRACKING,,0.000193532,1,-0.000588310,0.000023159,0.046864261,0.000000000,0.000000000,0.050000000,0.000588343,0.000023160,-0.003135732,0.003190533,0.000607365
29.355616931,TRACKING,,0.001929381,1,-0.000581365,0.000022893,0.046371328,0.000000000,0.000000000,0.050000000,0.000581404,0.000022895,-0.003628666,0.003675020,0.000608331
29.365709076,TRACKING,,0.000901170,1,-0.000574170,0.000022614,0.046504090,0.000000000,0.000000000,0.050000000,0.000574206,0.000022615,-0.003495904,0.003542819,0.000606886
29.375840403,TRACKING,,0.002606149,1,-0.000567382,0.000022365,0.046647569,0.000000000,0.000000000,0.050000000,0.000567418,0.000022367,-0.003352425,0.003400179,0.000614472
29.385874370,TRACKING,,0.001627804,1,-0.000560431,0.000022099,0.046156354,0.000000000,0.000000000,0.050000000,0.000560472,0.000022101,-0.003843640,0.003884351,0.000615584
29.395979576,TRACKING,,0.000558036,1,-0.000553704,0.000021841,0.046294499,0.000000000,0.000000000,0.050000000,0.000553744,0.000021842,-0.003705495,0.003746706,0.000616054
29.406099030,TRACKING,,0.002356812,1,-0.000547312,0.000021604,0.046437777,0.000000000,0.000000000,0.050000000,0.000547350,0.000021606,-0.003562218,0.003604088,0.000621947
29.416157930,TRACKING,,0.001456831,1,-0.000540784,0.000021348,0.045935389,0.000000000,0.000000000,0.050000000,0.000540828,0.000021350,-0.004064605,0.004100484,0.000619785
29.426196647,TRACKING,,0.000087861,1,-0.000534625,0.000021114,0.046073943,0.000000000,0.000000000,0.050000000,0.000534667,0.000021115,-0.003926052,0.003962347,0.000621537
29.436128505,TRACKING,,0.002064734,1,-0.000534625,0.000021114,0.046073943,0.000000000,0.000000000,0.050000000,0.000534667,0.000021115,-0.003926052,0.003962347,0.000621537
29.446403497,TRACKING,,0.001258550,1,-0.000528527,0.000020886,0.046218082,0.000000000,0.000000000,0.050000000,0.000528569,0.000020888,-0.003781912,0.003818727,0.000626315
29.456533636,TRACKING,,0.001957877,1,-0.000522579,0.000020660,0.045714072,0.000000000,0.000000000,0.050000000,0.000522626,0.000020662,-0.004285922,0.004317719,0.000632015
29.466420377,TRACKING,,0.001296544,1,-0.000515954,0.000020412,0.045873950,0.000000000,0.000000000,0.050000000,0.000516000,0.000020415,-0.004126045,0.004158235,0.000640154
29.476518459,TRACKING,,0.000664895,1,-0.000510632,0.000020227,0.046021419,0.000000000,0.000000000,0.050000000,0.000510677,0.000020230,-0.003978575,0.004011267,0.000655537
29.486596356,TRACKING,,0.002794930,1,-0.000505078,0.000020025,0.045521151,0.000000000,0.000000000,0.050000000,0.000505130,0.000020028,-0.004478843,0.004507282,0.000665669
29.496592330,TRACKING,,0.002043363,1,-0.000499616,0.000019827,0.045668685,0.000000000,0.000000000,0.050000000,0.000499667,0.000019830,-0.004331309,0.004360080,0.000676301
29.506682100,TRACKING,,0.000681517,1,-0.000494250,0.000019635,0.045822160,0.000000000,0.000000000,0.050000000,0.000494300,0.000019638,-0.004177834,0.004207019,0.000688702
29.516902475,TRACKING,,0.000016622,1,-0.000488698,0.000019434,0.045317992,0.000000000,0.000000000,0.050000000,0.000488754,0.000019437,-0.004682002,0.004707484,0.000696989
29.527303322,TRACKING,,0.002045738,1,-0.000483547,0.000019255,0.045469866,0.000000000,0.000000000,0.050000000,0.000483603,0.000019258,-0.004530128,0.004555908,0.000708686
29.537097452,TRACKING,,0.001080453,1,-0.000478321,0.000019064,0.045623405,0.000000000,0.000000000,0.050000000,0.000478376,0.000019067,-0.004376589,0.004402697,0.000718074
29.547012688,TRACKING,,0.000205405,1,-0.000472837,0.000018851,0.045116727,0.000000000,0.000000000,0.050000000,0.000472898,0.000018855,-0.004883267,0.004906148,0.000721300
29.557072776,TRACKING,,0.001067393,1,-0.000472837,0.000018851,0.045116727,0.000000000,0.000000000,0.050000000,0.000472898,0.000018855,-0.004883267,0.004906148,0.000721300
29.567167296,TRACKING,,0.002500478,1,-0.000467665,0.000018675,0.045290219,0.000000000,0.000000000,0.050000000,0.000467725,0.000018679,-0.004709775,0.004732980,0.000738779
29.577360363,TRACKING,,0.001911572,1,-0.000463006,0.000018521,0.045458032,0.000000000,0.000000000,0.050000000,0.000463066,0.000018524,-0.004541962,0.004565544,0.000757563
29.587381270,TRACKING,,0.000577034,1,-0.000458327,0.000018360,0.044960002,0.000000000,0.000000000,0.050000000,0.000458395,0.000018365,-0.005039991,0.005060828,0.000773317
29.597390304,TRACKING,,0.002126475,1,-0.000453668,0.000018206,0.045127801,0.000000000,0.000000000,0.050000000,0.000453735,0.000018211,-0.004872193,0.004893309,0.000792201
29.607668857,TRACKING,,0.001410525,1,-0.000448957,0.000018050,0.045298927,0.000000000,0.000000000,0.050000000,0.000449023,0.000018054,-0.004701067,0.004722497,0.000809365
29.617536601,TRACKING,,0.000593655,1,-0.000444129,0.000017876,0.044793949,0.000000000,0.000000000,0.050000000,0.000444203,0.000017881,-0.005206045,0.005224992,0.000817271
29.627589565,TRACKING,,0.002511164,1,-0.000439617,0.000017722,0.044954421,0.000000000,0.000000000,0.050000000,0.000439689,0.000017727,-0.005045572,0.005064725,0.000829663
29.637751762,TRACKING,,0.002051674,1,-0.000435036,0.000017559,0.045114096,0.000000000,0.000000000,0.050000000,0.000435108,0.000017564,-0.004885898,0.004905265,0.000838815
29.647834409,TRACKING,,0.001695480,1,-0.000430238,0.000017370,0.044598984,0.000000000,0.000000000,0.050000000,0.000430317,0.000017375,-0.005401010,0.005418153,0.000839809
29.657978796,TRACKING,,0.001224118,1,-0.000425732,0.000017197,0.044752703,0.000000000,0.000000000,0.050000000,0.000425809,0.000017202,-0.005247290,0.005264567,0.000844720
29.668193234,TRACKING,,0.000613840,1,-0.000421347,0.000017034,0.044911006,0.000000000,0.000000000,0.050000000,0.000421422,0.000017039,-0.005088988,0.005106435,0.000852915
29.678081162,TRACKING,,0.002188214,1,-0.000421347,0.000017034,0.044911006,0.000000000,0.000000000,0.050000000,0.000421422,0.000017039,-0.005088988,0.005106435,0.000852915
29.689722749,TRACKING,,0.002492166,1,-0.000416351,0.000016834,0.044404791,0.000000000,0.000000000,0.050000000,0.000416434,0.000016840,-0.005595203,0.005610703,0.000852930
29.699731782,TRACKING,,0.000024934,1,-0.000410727,0.000016614,0.044588548,0.000000000,0.000000000,0.050000000,0.000410807,0.000016619,-0.005411446,0.005427042,0.000855244
29.709676701,TRACKING,,0.001993496,1,-0.000406110,0.000016438,0.044750390,0.000000000,0.000000000,0.050000000,0.000406188,0.000016443,-0.005249603,0.005265320,0.000860017
29.719749850,TRACKING,,0.001323853,1,-0.000401425,0.000016253,0.044239699,0.000000000,0.000000000,0.050000000,0.000401511,0.000016259,-0.005760295,0.005774294,0.000860295
29.729836059,TRACKING,,0.000174535,1,-0.000396864,0.000016081,0.044396299,0.000000000,0.000000000,0.050000000,0.000396948,0.000016087,-0.005603695,0.005617760,0.000862119
29.739925829,TRACKING,,0.002128850,1,-0.000392382,0.000015915,0.044560377,0.000000000,0.000000000,0.050000000,0.000392464,0.000015921,-0.005439617,0.005453780,0.000866218
29.750145017,TRACKING,,0.001600496,1,-0.000387752,0.000015731,0.044048966,0.000000000,0.000000000,0.050000000,0.000387842,0.000015737,-0.005951028,0.005963674,0.000863236
29.760037694,TRACKING,,0.000947474,1,-0.000383377,0.000015558,0.044199653,0.000000000,0.000000000,0.050000000,0.000383464,0.000015563,-0.005800342,0.005813024,0.000860436
29.770150024,TRACKING,,0.000884547,1,-0.000379431,0.000015412,0.044354366,0.000000000,0.000000000,0.050000000,0.000379516,0.000015418,-0.005645628,0.005658391,0.000864557
29.780219611,TRACKING,,0.000321761,1,-0.000375235,0.000015247,0.043839279,0.000000000,0.000000000,0.050000000,0.000375328,0.000015253,-0.006160715,0.006172156,0.000863148
29.790160967,TRACKING,,0.000021371,1,-0.000371360,0.000015104,0.043996319,0.000000000,0.000000000,0.050000000,0.000371450,0.000015110,-0.006003675,0.006015174,0.000867232
29.800241240,TRACKING,,0.002005368,1,-0.000367510,0.000014963,0.044156896,0.000000000,0.000000000,0.050000000,0.000367598,0.000014969,-0.005843098,0.005854669,0.000871954
29.810313201,TRACKING,,0.001702604,1,-0.000363575,0.000014807,0.043639472,0.000000000,0.000000000,0.050000000,0.000363671,0.000014813,-0.006360523,0.006370928,0.000869678
29.820451651,TRACKING,,0.001201559,1,-0.000359852,0.000014666,0.043794818,0.000000000,0.000000000,0.050000000,0.000359947,0.000014672,-0.006205176,0.006215625,0.000871998
29.830400132,TRACKING,,0.000978345,1,-0.000356343,0.000014541,0.043954707,0.000000000,0.000000000,0.050000000,0.000356436,0.000014546,-0.006045288,0.006055804,0.000878834
29.840494652,TRACKING,,0.000680329,1,-0.000352624,0.000014396,0.043441616,0.000000000,0.000000000,0.050000000,0.000352724,0.000014402,-0.006558379,0.006567873,0.000878906
29.850553553,TRACKING,,0.000539039,1,-0.000349381,0.000014284,0.043602185,0.000000000,0.000000000,0.050000000,0.000349480,0.000014291,-0.006397809,0.006407363,0.000888142
29.860585146,TRACKING,,0.000482048,1,-0.000346149,0.000014170,0.043758265,0.000000000,0.000000000,0.050000000,0.000346246,0.000014177,-0.006241730,0.006251342,0.000895423
29.870658294,TRACKING,,0.000251710,1,-0.000342605,0.000014034,0.043910372,0.000000000,0.000000000,0.050000000,0.000342700,0.000014040,-0.006089623,0.006099274,0.000896736
29.880822866,TRACKING,,0.000292078,1,-0.000338669,0.000013869,0.043396599,0.000000000,0.000000000,0.050000000,0.000338771,0.000013876,-0.006603396,0.006612095,0.000890400
29.890886516,TRACKING,,0.000235087,1,-0.000335318,0.000013743,0.043548226,0.000000000,0.000000000,0.050000000,0.000335419,0.000013749,-0.006451768,0.006460496,0.000893133
29.900944229,TRACKING,,0.000352631,1,-0.000331970,0.000013614,0.043698441,0.000000000,0.000000000,0.050000000,0.000332069,0.000013621,-0.006301554,0.006310312,0.000894949
29.910991257,TRACKING,,0.000482048,1,-0.000331970,0.000013614,0.043698441,0.000000000,0.000000000,0.050000000,0.000332069,0.000013621,-0.006301554,0.006310312,0.000894949
29.921072716,TRACKING,,0.000421495,1,-0.000327497,0.000013433,0.043223846,0.000000000,0.000000000,0.050000000,0.000327602,0.000013440,-0.006776149,0.006784077,0.000891309
29.931120931,TRACKING,,0.000396562,1,-0.000323771,0.000013279,0.043371147,0.000000000,0.000000000,0.050000000,0.000323873,0.000013286,-0.006628848,0.006636769,0.000886340
29.941177457,TRACKING,,0.000351445,1,-0.000320500,0.000013156,0.043523429,0.000000000,0.000000000,0.050000000,0.000320600,0.000013162,-0.006476566,0.006484509,0.000889025
29.951233983,TRACKING,,0.000281393,1,-0.000317176,0.000013028,0.043022329,0.000000000,0.000000000,0.050000000,0.000317284,0.000013035,-0.006977666,0.006984888,0.000890483
29.961300008,TRACKING,,0.000340759,1,-0.000313844,0.000012899,0.043173134,0.000000000,0.000000000,0.050000000,0.000313950,0.000012906,-0.006826861,0.006834088,0.000891056
29.971367220,TRACKING,,0.000230339,1,-0.000310284,0.000012777,0.043367763,0.000000000,0.000000000,0.050000000,0.000310388,0.000012784,-0.006632232,0.006639503,0.000901206
29.981484299,TRACKING,,0.000024933,1,-0.000307163,0.000012661,0.042877154,0.000000000,0.000000000,0.050000000,0.000307275,0.000012669,-0.007122841,0.007129477,0.000905114
29.992066804,TRACKING,,0.002424489,1,-0.000304196,0.000012553,0.043033864,0.000000000,0.000000000,0.050000000,0.000304306,0.000012560,-0.006966131,0.006972786,0.000909914
30.001629408,TRACKING,,0.002552719,1,-0.000301434,0.000012460,0.043193063,0.000000000,0.000000000,0.050000000,0.000301543,0.000012467,-0.006806932,0.006813620,0.000917166
30.011868780,TRACKING,,0.002132411,1,-0.000298431,0.000012351,0.042707434,0.000000000,0.000000000,0.050000000,0.000298548,0.000012358,-0.007292561,0.007298680,0.000919473
30.021968050,TRACKING,,0.001619493,1,-0.000295468,0.000012245,0.042870335,0.000000000,0.000000000,0.050000000,0.000295583,0.000012253,-0.007129660,0.007135795,0.000923028
30.031949775,TRACKING,,0.001180187,1,-0.000292694,0.000012153,0.043039014,0.000000000,0.000000000,0.050000000,0.000292807,0.000012160,-0.006960981,0.006967148,0.000930043
30.042077540,TRACKING,,0.001059081,1,-0.000289976,0.000012059,0.043197980,0.000000000,0.000000000,0.050000000,0.000290086,0.000012066,-0.006802015,0.006808209,0.000935413
30.053499474,TRACKING,,0.004534342,1,-0.000286746,0.000011931,0.042719839,0.000000000,0.000000000,0.050000000,0.000286864,0.000011938,-0.007280157,0.007285816,0.000932982
30.063531067,TRACKING,,0.001671735,1,-0.000283784,0.000011816,0.042874328,0.000000000,0.000000000,0.050000000,0.000283900,0.000011824,-0.007125668,0.007131331,0.000931979
30.073681390,TRACKING,,0.001511448,1,-0.000281094,0.000011721,0.043036031,0.000000000,0.000000000,0.050000000,0.000281208,0.000011728,-0.006963964,0.006969650,0.000936362
30.083667865,TRACKING,,0.001167127,1,-0.000278300,0.000011617,0.042565567,0.000000000,0.000000000,0.050000000,0.000278421,0.000011624,-0.007434429,0.007439649,0.000938640
30.093750512,TRACKING,,0.000612653,1,-0.000275948,0.000011546,0.042735918,0.000000000,0.000000000,0.050000000,0.000276068,0.000011553,-0.007264077,0.007269331,0.000950452
30.103821286,TRACKING,,0.000165036,1,-0.000273605,0.000011476,0.042910433,0.000000000,0.000000000,0.050000000,0.000273724,0.000011483,-0.007089563,0.007094854,0.000962776
30.114186513,TRACKING,,0.002410242,1,-0.000270993,0.000011384,0.042454998,0.000000000,0.000000000,0.050000000,0.000271121,0.000011392,-0.007544997,0.007549876,0.000968787
30.124295281,TRACKING,,0.002078982,1,-0.000268704,0.000011313,0.042627301,0.000000000,0.000000000,0.050000000,0.000268829,0.000011321,-0.007372694,0.007377602,0.000979713
30.134127405,TRACKING,,0.001725164,1,-0.000266480,0.000011245,0.042799890,0.000000000,0.000000000,0.050000000,0.000266605,0.000011252,-0.007200105,0.007205048,0.000990906
30.144282478,TRACKING,,0.001207495,1,-0.000263960,0.000011154,0.042352645,0.000000000,0.000000000,0.050000000,0.000264092,0.000011162,-0.007647350,0.007651917,0.000995942
30.154337817,TRACKING,,0.000588906,1,-0.000261996,0.000011104,0.042535288,0.000000000,0.000000000,0.050000000,0.000262128,0.000011112,-0.007464707,0.007469316,0.001012802
30.164686421,TRACKING,,0.002552719,1,-0.000261996,0.000011104,0.042535288,0.000000000,0.000000000,0.050000000,0.000262128,0.000011112,-0.007464707,0.007469316,0.001012802
30.174513796,TRACKING,,0.001740598,1,-0.000259841,0.000011040,0.042717506,0.000000000,0.000000000,0.050000000,0.000259971,0.000011048,-0.007282489,0.007287136,0.001025872
30.184617815,TRACKING,,0.000819245,1,-0.000257509,0.000010957,0.042292456,0.000000000,0.000000000,0.050000000,0.000257648,0.000010966,-0.007707539,0.007711852,0.001035517
30.194778824,TRACKING,,0.002585964,1,-0.000255485,0.000010901,0.042483010,0.000000000,0.000000000,0.050000000,0.000255623,0.000010910,-0.007516986,0.007521339,0.001053651
30.204815166,TRACKING,,0.001478202,1,-0.000253782,0.000010867,0.042680042,0.000000000,0.000000000,0.050000000,0.000253919,0.000010876,-0.007319953,0.007324364,0.001077458
30.214929871,TRACKING,,0.000815683,1,-0.000251697,0.000010805,0.042276106,0.000000000,0.000000000,0.050000000,0.000251844,0.000010815,-0.007723890,0.007728002,0.001093629
30.225023203,TRACKING,,0.000311075,1,-0.000249771,0.000010751,0.042464478,0.000000000,0.000000000,0.050000000,0.000249917,0.000010761,-0.007535517,0.007539668,0.001110667
30.235124847,TRACKING,,0.002500477,1,-0.000247952,0.000010702,0.042651757,0.000000000,0.000000000,0.050000000,0.000248096,0.000010712,-0.007348238,0.007352432,0.001127940
30.245437833,TRACKING,,0.001785716,1,-0.000245726,0.000010623,0.042246725,0.000000000,0.000000000,0.050000000,0.000245880,0.000010634,-0.007753270,0.007757175,0.001137015
30.255482486,TRACKING,,0.000604342,1,-0.000243323,0.000010532,0.042435297,0.000000000,0.000000000,0.050000000,0.000243474,0.000010543,-0.007564698,0.007568622,0.001143540
30.265515266,TRACKING,,0.002425676,1,-0.000241161,0.000010459,0.042631145,0.000000000,0.000000000,0.050000000,0.000241309,0.000010470,-0.007368850,0.007372808,0.001154791
30.275703583,TRACKING,,0.001434272,1,-0.000238468,0.000010346,0.042240485,0.000000000,0.000000000,0.050000000,0.000238624,0.000010357,-0.007759510,0.007763185,0.001154602
30.285510774,TRACKING,,0.001943628,1,-0.000238468,0.000010346,0.042240485,0.000000000,0.000000000,0.050000000,0.000238624,0.000010357,-0.007759510,0.007763185,0.001154602
30.295630228,TRACKING,,0.002513538,1,-0.000235792,0.000010247,0.042468073,0.000000000,0.000000000,0.050000000,0.000235945,0.000010258,-0.007531923,0.007535624,0.001162556
30.305610766,TRACKING,,0.001808275,1,-0.000233961,0.000010200,0.042673999,0.000000000,0.000000000,0.050000000,0.000234111,0.000010211,-0.007325996,0.007329743,0.001177772
30.315615050,TRACKING,,0.001195623,1,-0.000232068,0.000010143,0.042298467,0.000000000,0.000000000,0.050000000,0.000232227,0.000010155,-0.007701528,0.007705036,0.001188644
30.325652579,TRACKING,,0.000718324,1,-0.000230343,0.000010098,0.042491005,0.000000000,0.000000000,0.050000000,0.000230500,0.000010109,-0.007508990,0.007512534,0.001202784
30.335713855,TRACKING,,0.000125855,1,-0.000228711,0.000010057,0.042684303,0.000000000,0.000000000,0.050000000,0.000228866,0.000010068,-0.007315692,0.007319278,0.001217779
30.345784628,TRACKING,,0.002132411,1,-0.000226701,0.000009988,0.042318894,0.000000000,0.000000000,0.050000000,0.000226865,0.000010000,-0.007681101,0.007684457,0.001225429
30.355853028,TRACKING,,0.001060269,1,-0.000224607,0.000009915,0.042514096,0.000000000,0.000000000,0.050000000,0.000224767,0.000009927,-0.007485899,0.007489279,0.001232252
30.366004539,TRACKING,,0.000028495,1,-0.000222777,0.000009860,0.042717204,0.000000000,0.000000000,0.050000000,0.000222934,0.000009871,-0.007282791,0.007286209,0.001244181
30.376101433,TRACKING,,0.001794027,1,-0.000220432,0.000009767,0.042371321,0.000000000,0.000000000,0.050000000,0.000220597,0.000009779,-0.007628674,0.007631869,0.001245851
30.386154397,TRACKING,,0.000715949,1,-0.000218300,0.000009687,0.042569247,0.000000000,0.000000000,0.050000000,0.000218462,0.000009699,-0.007430748,0.007433965,0.001250073
30.396222797,TRACKING,,0.002409054,1,-0.000218300,0.000009687,0.042569247,0.000000000,0.000000000,0.050000000,0.000218462,0.000009699,-0.007430748,0.007433965,0.001250073
30.406339876,TRACKING,,0.001319103,1,-0.000216301,0.000009616,0.042768917,0.000000000,0.000000000,0.050000000,0.000216459,0.000009627,-0.007231079,0.007234324,0.001256425
30.416390465,TRACKING,,0.000216090,1,-0.000214312,0.000009545,0.042442247,0.000000000,0.000000000,0.050000000,0.000214478,0.000009558,-0.007557749,0.007560797,0.001263383
30.426549100,TRACKING,,0.001890200,1,-0.000212333,0.000009476,0.042643581,0.000000000,0.000000000,0.050000000,0.000212496,0.000009488,-0.007356414,0.007359489,0.001270590
30.436773037,TRACKING,,0.000680330,1,-0.000210663,0.000009427,0.042850648,0.000000000,0.000000000,0.050000000,0.000210822,0.000009439,-0.007149348,0.007152462,0.001283078
30.446650279,TRACKING,,0.002466045,1,-0.000208724,0.000009359,0.042538820,0.000000000,0.000000000,0.050000000,0.000208892,0.000009371,-0.007461176,0.007464105,0.001290307
30.456862343,TRACKING,,0.001668172,1,-0.000206727,0.000009282,0.042733564,0.000000000,0.000000000,0.050000000,0.000206890,0.000009295,-0.007266431,0.007269382,0.001294080
30.466806074,TRACKING,,0.000118731,1,-0.000204865,0.000009220,0.042949343,0.000000000,0.000000000,0.050000000,0.000205025,0.000009232,-0.007050652,0.007053638,0.001303183
30.477103625,TRACKING,,0.002352064,1,-0.000202586,0.000009120,0.042638596,0.000000000,0.000000000,0.050000000,0.000202753,0.000009133,-0.007361399,0.007364197,0.001300209
30.487037858,TRACKING,,0.001769094,1,-0.000200588,0.000009038,0.042827671,0.000000000,0.000000000,0.050000000,0.000200750,0.000009050,-0.007172325,0.007175139,0.001300635
30.497128816,TRACKING,,0.001277547,1,-0.000198567,0.000008953,0.043015269,0.000000000,0.000000000,0.050000000,0.000198725,0.000008965,-0.006984726,0.006987558,0.001299789
30.507219774,TRACKING,,0.000368066,1,-0.000196212,0.000008846,0.042719795,0.000000000,0.000000000,0.050000000,0.000196376,0.000008859,-0.007280201,0.007282854,0.001294043
30.517231182,TRACKING,,0.000588907,1,-0.000196212,0.000008846,0.042719795,0.000000000,0.000000000,0.050000000,0.000196376,0.000008859,-0.007280201,0.007282854,0.001294043
30.527342325,TRACKING,,0.002443486,1,-0.000194366,0.000008784,0.042951405,0.000000000,0.000000000,0.050000000,0.000194525,0.000008796,-0.007048591,0.007051280,0.001302732
30.537354920,TRACKING,,0.001991121,1,-0.000192888,0.000008737,0.043152427,0.000000000,0.000000000,0.050000000,0.000193044,0.000008749,-0.006847569,0.006850295,0.001311516
30.547410259,TRACKING,,0.001186124,1,-0.000191276,0.000008679,0.042879469,0.000000000,0.000000000,0.050000000,0.000191439,0.000008691,-0.007120526,0.007123104,0.001317437
30.557570081,TRACKING,,0.000559223,1,-0.000189803,0.000008634,0.043078962,0.000000000,0.000000000,0.050000000,0.000189962,0.000008647,-0.006921033,0.006923645,0.001326332
30.567655103,TRACKING,,0.002460109,1,-0.000188364,0.000008594,0.043278764,0.000000000,0.000000000,0.050000000,0.000188520,0.000008606,-0.006721232,0.006723881,0.001335261
30.577722315,TRACKING,,0.001647988,1,-0.000186343,0.000008513,0.043024039,0.000000000,0.000000000,0.050000000,0.000186505,0.000008525,-0.006975957,0.006978454,0.001334035
30.587820397,TRACKING,,0.000945100,1,-0.000184188,0.000008419,0.043215374,0.000000000,0.000000000,0.050000000,0.000184345,0.000008431,-0.006784622,0.006787131,0.001328783
30.597931539,TRACKING,,0.000264770,1,-0.000182305,0.000008343,0.043408908,0.000000000,0.000000000,0.050000000,0.000182457,0.000008354,-0.006591088,0.006593619,0.001327983
30.608020122,TRACKING,,0.002264202,1,-0.000179917,0.000008231,0.043596160,0.000000000,0.000000000,0.050000000,0.000180064,0.000008242,-0.006403836,0.006406372,0.001317648
30.618125328,TRACKING,,0.001252613,1,-0.000176763,0.000008065,0.043341132,0.000000000,0.000000000,0.050000000,0.000176913,0.000008076,-0.006658864,0.006661219,0.001293244
30.628204413,TRACKING,,0.000170973,1,-0.000174091,0.000007932,0.043527761,0.000000000,0.000000000,0.050000000,0.000174235,0.000007942,-0.006472235,0.006474585,0.001276898
30.638259752,TRACKING,,0.001887825,1,-0.000174091,0.000007932,0.043527761,0.000000000,0.000000000,0.050000000,0.000174235,0.000007942,-0.006472235,0.006474585,0.001276898
30.648385142,TRACKING,,0.000802623,1,-0.000171200,0.000007782,0.043710568,0.000000000,0.000000000,0.050000000,0.000171337,0.000007792,-0.006289429,0.006291767,0.001255711
30.658464227,TRACKING,,0.000032057,1,-0.000168397,0.000007637,0.043475076,0.000000000,0.000000000,0.050000000,0.000168538,0.000007647,-0.006524921,0.006527101,0.001236007
30.669975209,TRACKING,,0.002386495,1,-0.000165444,0.000007486,0.043693304,0.000000000,0.000000000,0.050000000,0.000165578,0.000007496,-0.006306693,0.006308871,0.001219100
30.678595089,TRACKING,,0.001469891,1,-0.000163205,0.000007375,0.043479438,0.000000000,0.000000000,0.050000000,0.000163342,0.000007386,-0.006520558,0.006522608,0.001208572
30.688595811,TRACKING,,0.000962909,1,-0.000161179,0.000007278,0.043662036,0.000000000,0.000000000,0.050000000,0.000161312,0.000007288,-0.006337961,0.006340018,0.001200187
30.698822123,TRACKING,,0.000522416,1,-0.000159658,0.000007214,0.043846063,0.000000000,0.000000000,0.050000000,0.000159786,0.000007224,-0.006153934,0.006156012,0.001199962
30.708967697,TRACKING,,0.002504039,1,-0.000157725,0.000007125,0.044023551,0.000000000,0.000000000,0.050000000,0.000157849,0.000007135,-0.005976446,0.005978534,0.001191850
30.719030160,TRACKING,,0.001605245,1,-0.000154983,0.000006983,0.043820646,0.000000000,0.000000000,0.050000000,0.000155109,0.000006992,-0.006179350,0.006181301,0.001169983
30.729113994,TRACKING,,0.000558036,1,-0.000152413,0.000006850,0.043997741,0.000000000,0.000000000,0.050000000,0.000152533,0.000006860,-0.006002256,0.006004198,0.001150044
30.739163397,TRACKING,,0.002286761,1,-0.000152413,0.000006850,0.043997741,0.000000000,0.000000000,0.050000000,0.000152533,0.000006860,-0.006002256,0.006004198,0.001150044
30.749273352,TRACKING,,0.001212245,1,-0.000150016,0.000006729,0.044175434,0.000000000,0.000000000,0.050000000,0.000150131,0.000006738,-0.005824563,0.005826502,0.001132877
30.759369059,TRACKING,,0.000043930,1,-0.000147669,0.000006608,0.043994039,0.000000000,0.000000000,0.050000000,0.000147786,0.000006617,-0.006005959,0.006007780,0.001116788
30.769469516,TRACKING,,0.001543505,1,-0.000145383,0.000006495,0.044174115,0.000000000,0.000000000,0.050000000,0.000145494,0.000006504,-0.005825882,0.005827702,0.001101885
30.779573534,TRACKING,,0.000472550,1,-0.000143525,0.000006412,0.044019749,0.000000000,0.000000000,0.050000000,0.000143638,0.000006421,-0.005980248,0.005981976,0.001094225
30.789602752,TRACKING,,0.002182278,1,-0.000142115,0.000006360,0.044208761,0.000000000,0.000000000,0.050000000,0.000142225,0.000006368,-0.005791236,0.005792986,0.001094042
30.799700834,TRACKING,,0.001088764,1,-0.000140773,0.000006311,0.044397880,0.000000000,0.000000000,0.050000000,0.000140879,0.000006319,-0.005602117,0.005603892,0.001094342
30.809798916,TRACKING,,0.000033245,1,-0.000139065,0.000006235,0.044262282,0.000000000,0.000000000,0.050000000,0.000139174,0.000006244,-0.005737715,0.005739406,0.001087901
30.819879188,TRACKING,,0.001816586,1,-0.000137468,0.000006166,0.044446512,0.000000000,0.000000000,0.050000000,0.000137573,0.000006174,-0.005553486,0.005555193,0.001082757
30.829971334,TRACKING,,0.000748006,1,-0.000135630,0.000006078,0.044626104,0.000000000,0.000000000,0.050000000,0.000135730,0.000006086,-0.005373893,0.005375611,0.001072526
30.840131156,TRACKING,,0.000034432,1,-0.000135630,0.000006078,0.044626104,0.000000000,0.000000000,0.050000000,0.000135730,0.000006086,-0.005373893,0.005375611,0.001072526
30.850285042,TRACKING,,0.002131224,1,-0.000133374,0.000005961,0.044500547,0.000000000,0.000000000,0.050000000,0.000133475,0.000005969,-0.005499451,0.005501074,0.001054550
30.860525601,TRACKING,,0.001656300,1,-0.000130709,0.000005812,0.044658447,0.000000000,0.000000000,0.050000000,0.000130805,0.000005820,-0.005341550,0.005343155,0.001027987
30.870318544,TRACKING,,0.000677955,1,-0.000128604,0.000005703,0.044821264,0.000000000,0.000000000,0.050000000,0.000128695,0.000005711,-0.005178734,0.005180336,0.001011005
30.880392880,TRACKING,,0.000035619,1,-0.000126441,0.000005592,0.044991935,0.000000000,0.000000000,0.050000000,0.000126528,0.000005599,-0.005008063,0.005009664,0.000994071
30.890696366,TRACKING,,0.002115789,1,-0.000123901,0.000005453,0.044873527,0.000000000,0.000000000,0.050000000,0.000123988,0.000005460,-0.005126471,0.005127973,0.000969207
30.900602104,TRACKING,,0.001460393,1,-0.000121017,0.000005289,0.045025285,0.000000000,0.000000000,0.050000000,0.000121098,0.000005295,-0.004974713,0.004976190,0.000937757
30.910688313,TRACKING,,0.000863175,1,-0.000118356,0.000005139,0.045175736,0.000000000,0.000000000,0.050000000,0.000118433,0.000005145,-0.004824262,0.004825718,0.000909143
30.920705658,TRACKING,,0.000363317,1,-0.000115618,0.000004986,0.045071365,0.000000000,0.000000000,0.050000000,0.000115694,0.000004992,-0.004928634,0.004929994,0.000878702
30.931062573,TRACKING,,0.002515913,1,-0.000112936,0.000004838,0.045216617,0.000000000,0.000000000,0.050000000,0.000113007,0.000004844,-0.004783381,0.004784718,0.000848386
30.940938628,TRACKING,,0.001873578,1,-0.000110392,0.000004696,0.045360633,0.000000000,0.000000000,0.050000000,0.000110458,0.000004702,-0.004639365,0.004640682,0.000819715
30.951052145,TRACKING,,0.000769378,1,-0.000107453,0.000004525,0.045277085,0.000000000,0.000000000,0.050000000,0.000107518,0.000004530,-0.004722914,0.004724140,0.000784077
30.961536103,TRACKING,,0.002518287,1,-0.000104744,0.000004369,0.045425342,0.000000000,0.000000000,0.050000000,0.000104803,0.000004374,-0.004574656,0.004575859,0.000752201
30.971229312,TRACKING,,0.001466329,1,-0.000101933,0.000004206,0.045568727,0.000000000,0.000000000,0.050000000,0.000101988,0.000004210,-0.004431272,0.004432447,0.000717627
30.981256156,TRACKING,,0.000402499,1,-0.000098797,0.000004019,0.045500726,0.000000000,0.000000000,0.050000000,0.000098850,0.000004023,-0.004499273,0.004500360,0.000676442
30.991304370,TRACKING,,0.002190590,1,-0.000098797,0.000004019,0.045500726,0.000000000,0.000000000,0.050000000,0.000098850,0.000004023,-0.004499273,0.004500360,0.000676442
31.001471316,TRACKING,,0.001141006,1,-0.000096100,0.000003868,0.045638309,0.000000000,0.000000000,0.050000000,0.000096148,0.000003872,-0.004361690,0.004362752,0.000642350
31.011561087,TRACKING,,0.000023746,1,-0.000093893,0.000003752,0.045782067,0.000000000,0.000000000,0.050000000,0.000093939,0.000003756,-0.004217932,0.004218980,0.000616829
31.021643734,TRACKING,,0.001710915,1,-0.000091651,0.000003632,0.045745601,0.000000000,0.000000000,0.050000000,0.000091695,0.000003635,-0.004254398,0.004255388,0.000590826
31.031724006,TRACKING,,0.000610278,1,-0.000089219,0.000003493,0.045884289,0.000000000,0.000000000,0.050000000,0.000089259,0.000003496,-0.004115710,0.004116679,0.000561368
31.041849397,TRACKING,,0.002247580,1,-0.000086962,0.000003370,0.046022971,0.000000000,0.000000000,0.050000000,0.000086999,0.000003373,-0.003977028,0.003977981,0.000534658
31.051886926,TRACKING,,0.000667269,1,-0.000084165,0.000003212,0.046007931,0.000000000,0.000000000,0.050000000,0.000084199,0.000003215,-0.003992068,0.003992958,0.000498386
31.062072869,TRACKING,,0.002314069,1,-0.000081472,0.000003059,0.046135551,0.000000000,0.000000000,0.050000000,0.000081503,0.000003061,-0.003864448,0.003865309,0.000462708
31.072668434,TRACKING,,0.002057611,1,-0.000078603,0.000002891,0.046255844,0.000000000,0.000000000,0.050000000,0.000078631,0.000002894,-0.003744155,0.003744982,0.000423028
31.082698839,TRACKING,,0.001639677,1,-0.000075729,0.000002722,0.046238594,0.000000000,0.000000000,0.050000000,0.000075754,0.000002724,-0.003761406,0.003762169,0.000382371
31.092660381,TRACKING,,0.000861988,1,-0.000072612,0.000002536,0.046351741,0.000000000,0.000000000,0.050000000,0.000072633,0.000002538,-0.003648259,0.003648983,0.000337129
31.102860571,TRACKING,,0.000471363,1,-0.000069760,0.000002368,0.046457814,0.000000000,0.000000000,0.050000000,0.000069778,0.000002369,-0.003542186,0.003542874,0.000295813
31.113026330,TRACKING,,0.002538471,1,-0.000069760,0.000002368,0.046457814,0.000000000,0.000000000,0.050000000,0.000069778,0.000002369,-0.003542186,0.003542874,0.000295813
31.122981935,TRACKING,,0.001666985,1,-0.000066717,0.000002185,0.046460200,0.000000000,0.000000000,0.050000000,0.000066733,0.000002186,-0.003539800,0.003540429,0.000250590
31.132970784,TRACKING,,0.001104199,1,-0.000063427,0.000001985,0.046560113,0.000000000,0.000000000,0.050000000,0.000063439,0.000001986,-0.003439886,0.003440472,0.000200845
31.143169787,TRACKING,,0.000552100,1,-0.000060682,0.000001824,0.046661160,0.000000000,0.000000000,0.050000000,0.000060691,0.000001824,-0.003338840,0.003339392,0.000160663
31.153233437,TRACKING,,0.000034432,1,-0.000057902,0.000001659,0.046687069,0.000000000,0.000000000,0.050000000,0.000057909,0.000001660,-0.003312931,0.003313437,0.000119674
31.163523864,TRACKING,,0.002135973,1,-0.000055023,0.000001487,0.046781752,0.000000000,0.000000000,0.050000000,0.000055027,0.000001488,-0.003218248,0.003218719,0.000077013
31.173414166,TRACKING,,0.001628991,1,-0.000052160,0.000001316,0.046873738,0.000000000,0.000000000,0.050000000,0.000052162,0.000001316,-0.003126262,0.003126698,0.000036053
31.183514623,TRACKING,,0.001043646,1,-0.000049147,0.000001134,0.046917932,0.000000000,0.000000000,0.050000000,0.000049146,0.000001134,-0.003082068,0.003082460,0.000024177
31.193584209,TRACKING,,0.000525979,1,-0.000046135,0.000000951,0.047001767,0.000000000,0.000000000,0.050000000,0.000046132,0.000000951,-0.002998233,0.002998588,0.000065952
31.203651421,TRACKING,,0.000035620,1,-0.000043086,0.000000766,0.047082018,0.000000000,0.000000000,0.050000000,0.000043080,0.000000765,-0.002917982,0.002918301,0.000113414
31.213725757,TRACKING,,0.001904447,1,-0.000039910,0.000000571,0.047144750,0.000000000,0.000000000,0.050000000,0.000039901,0.000000571,-0.002855250,0.002855529,0.000164211
31.223811966,TRACKING,,0.001116073,1,-0.000036688,0.000000373,0.047217125,0.000000000,0.000000000,0.050000000,0.000036678,0.000000372,-0.002782875,0.002783117,0.000216766
31.233924296,TRACKING,,0.000504607,1,-0.000033376,0.000000168,0.047287874,0.000000000,0.000000000,0.050000000,0.000033363,0.000000168,-0.002712126,0.002712331,0.000271468
31.244182665,TRACKING,,0.002565780,1,-0.000030116,-0.000000031,0.047352739,0.000000000,0.000000000,0.050000000,0.000030101,-0.000000035,-0.002647261,0.002647432,0.003698033
31.254071780,TRACKING,,0.002048112,1,-0.000026846,-0.000000231,0.047413090,0.000000000,0.000000000,0.050000000,0.000026829,-0.000000234,-0.002586910,0.002587049,0.003593996
31.264138992,TRACKING,,0.001333351,1,-0.000023573,-0.000000423,0.047470038,0.000000000,0.000000000,0.050000000,0.000023554,-0.000000426,-0.002529962,0.002530071,0.003408393
31.274302376,TRACKING,,0.000180472,1,-0.000020280,-0.000000612,0.047525945,0.000000000,0.000000000,0.050000000,0.000020258,-0.000000615,-0.002474056,0.002474139,0.003179105
31.284324470,TRACKING,,0.001809463,1,-0.000020280,-0.000000612,0.047525945,0.000000000,0.000000000,0.050000000,0.000020258,-0.000000615,-0.002474056,0.002474139,0.003179105
31.294345377,TRACKING,,0.000453553,1,-0.000016745,-0.000000819,0.047583354,0.000000000,0.000000000,0.050000000,0.000016721,-0.000000825,-0.002416646,0.002416704,0.014160411
31.304420900,TRACKING,,0.002342565,1,-0.000013680,-0.000000995,0.047633121,0.000000000,0.000000000,0.050000000,0.000013655,-0.000001000,-0.002366880,0.002366919,0.013822648
31.314542728,TRACKING,,0.001131508,1,-0.000010672,-0.000001138,0.047682382,0.000000000,0.000000000,0.050000000,0.000010644,-0.000001146,-0.002317618,0.002317643,0.030789141
31.324612314,TRACKING,,0.000062927,1,-0.000007743,-0.000001244,0.047730663,0.000000000,0.000000000,0.050000000,0.000007714,-0.000001250,-0.002269338,0.002269351,0.029553981
31.334708022,TRACKING,,0.001761970,1,-0.000004893,-0.000001315,0.047776467,0.000000000,0.000000000,0.050000000,0.000004862,-0.000001319,-0.002223533,0.002223539,0.027803207
31.344795418,TRACKING,,0.000566347,1,-0.000002121,-0.000001378,0.047819850,0.000000000,0.000000000,0.050000000,0.000002089,-0.000001382,-0.002180150,0.002180151,0.050814014
31.354837696,TRACKING,,0.002361562,1,0.000000514,-0.000001390,0.047861089,0.000000000,0.000000000,0.050000000,-0.000000547,-0.000001392,-0.002138911,0.002138911,0.048129370
31.364838419,TRACKING,,0.001157629,1,0.000003040,-0.000001383,0.047899715,0.000000000,0.000000000,0.050000000,-0.000003074,-0.000001383,-0.002100285,0.002100288,0.045019016
31.374880697,TRACKING,,0.000198281,1,0.000005419,-0.000001378,0.047936630,0.000000000,0.000000000,0.050000000,-0.000005455,-0.000001373,-0.002063370,0.002063377,0.073443816
31.384899229,TRACKING,,0.002213148,1,0.000005419,-0.000001378,0.047936630,0.000000000,0.000000000,0.050000000,-0.000005455,-0.000001373,-0.002063370,0.002063377,0.073443816
31.395045991,TRACKING,,0.001103012,1,0.000007622,-0.000001302,0.047970828,0.000000000,0.000000000,0.050000000,-0.000007658,-0.000001295,-0.002029172,0.002029187,0.069202123
31.405267553,TRACKING,,0.000022558,1,0.000009736,-0.000001142,0.048005498,0.000000000,0.000000000,0.050000000,-0.000009774,-0.000001134,-0.001994502,0.001994526,0.063551810
31.415389381,TRACKING,,0.001898510,1,0.000011725,-0.000000984,0.048039612,0.000000000,0.000000000,0.050000000,-0.000011763,-0.000000967,-0.001960388,0.001960424,0.095892311
31.425456593,TRACKING,,0.000786000,1,0.000013601,-0.000000822,0.048072596,0.000000000,0.000000000,0.050000000,-0.000013639,-0.000000803,-0.001927404,0.001927452,0.089751270
31.435539240,TRACKING,,0.000267146,1,0.000015314,-0.000000612,0.048104064,0.000000000,0.000000000,0.050000000,-0.000015353,-0.000000593,-0.001895936,0.001895998,0.082704294
31.445567271,TRACKING,,0.002339003,1,0.000016898,-0.000000447,0.048133570,0.000000000,0.000000000,0.050000000,-0.000016937,-0.000000414,-0.001866429,0.001866506,0.120480204
31.455677226,TRACKING,,0.001911572,1,0.000018400,-0.000000269,0.048161795,0.000000000,0.000000000,0.050000000,-0.000018439,-0.000000235,-0.001838205,0.001838297,0.113216362
31.465787181,TRACKING,,0.001154066,1,0.000019826,-0.000000080,0.048188858,0.000000000,0.000000000,0.050000000,-0.000019865,-0.000000046,-0.001811141,0.001811250,0.105428069
31.475855580,TRACKING,,0.000182846,1,0.000021185,0.000000094,0.048216456,0.000000000,0.000000000,0.050000000,-0.000021224,0.000000127,-0.001783544,0.001783670,0.097268858
31.486090203,TRACKING,,0.002247580,1,0.000022445,0.000000190,0.048242612,0.000000000,0.000000000,0.050000000,-0.000022484,0.000000243,-0.001757387,0.001757531,0.140573240
31.496042245,TRACKING,,0.001655112,1,0.000023617,0.000000320,0.048267482,0.000000000,0.000000000,0.050000000,-0.000023656,0.000000372,-0.001732518,0.001732679,0.132545156
31.506137953,TRACKING,,0.000997341,1,0.000024705,0.000000444,0.048291171,0.000000000,0.000000000,0.050000000,-0.000024743,0.000000495,-0.001708828,0.001709008,0.124390346
31.516231285,TRACKING,,0.000504607,1,0.000025677,0.000000518,0.048314530,0.000000000,0.000000000,0.050000000,-0.000025715,0.000000593,-0.001685469,0.001685665,0.173364196
31.526388733,TRACKING,,0.000108046,1,0.000026575,0.000000660,0.048337095,0.000000000,0.000000000,0.050000000,-0.000026612,0.000000733,-0.001662904,0.001663117,0.164565595
31.536427449,TRACKING,,0.001921069,1,0.000026575,0.000000660,0.048337095,0.000000000,0.000000000,0.050000000,-0.000026612,0.000000733,-0.001662904,0.001663117,0.164565595
31.546552839,TRACKING,,0.000991405,1,0.000027440,0.000000789,0.048359825,0.000000000,0.000000000,0.050000000,-0.000027477,0.000000861,-0.001640174,0.001640405,0.155426809
31.556667544,TRACKING,,0.000033245,1,0.000028199,0.000000892,0.048382791,0.000000000,0.000000000,0.050000000,-0.000028235,0.000000992,-0.001617209,0.001617455,0.208975447
31.566738318,TRACKING,,0.001744161,1,0.000028875,0.000001031,0.048405896,0.000000000,0.000000000,0.050000000,-0.000028911,0.000001128,-0.001594103,0.001594366,0.199341685
31.576834025,TRACKING,,0.000629275,1,0.000029506,0.000001202,0.048428996,0.000000000,0.000000000,0.050000000,-0.000029541,0.000001296,-0.001571003,0.001571281,0.188871842
31.586991472,TRACKING,,0.002339003,1,0.000030055,0.000001308,0.048451539,0.000000000,0.000000000,0.050000000,-0.000030088,0.000001435,-0.001548460,0.001548753,0.247237139
31.597036125,TRACKING,,0.001380843,1,0.000030576,0.000001434,0.048473197,0.000000000,0.000000000,0.050000000,-0.000030609,0.000001558,-0.001526802,0.001527109,0.236794449
31.607204259,TRACKING,,0.000184033,1,0.000031074,0.000001562,0.048494103,0.000000000,0.000000000,0.050000000,-0.000031107,0.000001682,-0.001505896,0.001506219,0.226005393
31.617212105,TRACKING,,0.002019616,1,0.000031506,0.000001619,0.048514679,0.000000000,0.000000000,0.050000000,-0.000031536,0.000001775,-0.001485320,0.001485656,0.289690507
31.627304250,TRACKING,,0.000989031,1,0.000031917,0.000001728,0.048534478,0.000000000,0.000000000,0.050000000,-0.000031946,0.000001880,-0.001465521,0.001465870,0.278651575
31.637556683,TRACKING,,0.000053429,1,0.000031917,0.000001728,0.048534478,0.000000000,0.000000000,0.050000000,-0.000031946,0.000001880,-0.001465521,0.001465870,0.278651575
31.647558593,TRACKING,,0.001795214,1,0.000032270,0.000001841,0.048553964,0.000000000,0.000000000,0.050000000,-0.000032299,0.000001989,-0.001446035,0.001446398,0.267290563
31.657793215,TRACKING,,0.000384689,1,0.000032602,0.000001884,0.048572914,0.000000000,0.000000000,0.050000000,-0.000032628,0.000002072,-0.001427085,0.001427460,0.335754710
31.667810560,TRACKING,,0.002030302,1,0.000032822,0.000001992,0.048592828,0.000000000,0.000000000,0.050000000,-0.000032847,0.000002175,-0.001407171,0.001407556,0.323945760
31.677723421,TRACKING,,0.001086390,1,0.000033009,0.000002122,0.048611981,0.000000000,0.000000000,0.050000000,-0.000033034,0.000002299,-0.001388019,0.001388414,0.311892481
31.687796570,TRACKING,,0.000195906,1,0.000033150,0.000002174,0.048630546,0.000000000,0.000000000,0.050000000,-0.000033171,0.000002394,-0.001369453,0.001369857,0.385186399
31.698024069,TRACKING,,0.005027075,1,0.000033277,0.000002264,0.048648557,0.000000000,0.000000000,0.050000000,-0.000033298,0.000002478,-0.001351442,0.001351855,0.373475060
31.707934556,TRACKING,,0.001201559,1,0.000033428,0.000002340,0.048665946,0.000000000,0.000000000,0.050000000,-0.000033449,0.000002548,-0.001334053,0.001334475,0.361619377
31.717994644,TRACKING,,0.000617401,1,0.000033522,0.000002331,0.048683140,0.000000000,0.000000000,0.050000000,-0.000033539,0.000002586,-0.001316859,0.001317289,0.440099925
31.728099849,TRACKING,,0.002458922,1,0.000033597,0.000002391,0.048699414,0.000000000,0.000000000,0.050000000,-0.000033613,0.000002640,-0.001300585,0.001301022,0.428440005
31.738074451,TRACKING,,0.001988747,1,0.000033665,0.000002441,0.048715576,0.000000000,0.000000000,0.050000000,-0.000033681,0.000002683,-0.001284423,0.001284867,0.416512052
31.748220025,TRACKING,,0.001218181,1,0.000033722,0.000002393,0.048730975,0.000000000,0.000000000,0.050000000,-0.000033735,0.000002685,-0.001269024,0.001269475,0.500301506
31.758395283,TRACKING,,0.000899982,1,0.000033734,0.000002454,0.048746500,0.000000000,0.000000000,0.050000000,-0.000033745,0.000002739,-0.001253499,0.001253956,0.488162225
31.768540857,TRACKING,,0.000180471,1,0.000033732,0.000002497,0.048761709,0.000000000,0.000000000,0.050000000,-0.000033743,0.000002775,-0.001238290,0.001238753,0.476142513
31.778543954,TRACKING,,0.002296260,1,0.000033732,0.000002497,0.048761709,0.000000000,0.000000000,0.050000000,-0.000033743,0.000002775,-0.001238290,0.001238753,0.476142513
31.788651534,TRACKING,,0.001797589,1,0.000033718,0.000002441,0.048776832,0.000000000,0.000000000,0.050000000,-0.000033726,0.000002770,-0.001223167,0.001223635,0.564211452
31.798639196,TRACKING,,0.000856051,1,0.000033686,0.000002410,0.048791392,0.000000000,0.000000000,0.050000000,-0.000033695,0.000002733,-0.001208607,0.001209079,0.553149489
31.808904689,TRACKING,,0.000091423,1,0.000033560,0.000002456,0.048807194,0.000000000,0.000000000,0.050000000,-0.000033568,0.000002770,-0.001192805,0.001193281,0.540620162
31.819160684,TRACKING,,0.002676199,1,0.000033421,0.000002422,0.048822565,0.000000000,0.000000000,0.050000000,-0.000033424,0.000002788,-0.001177434,0.001177911,0.632942495
31.829156657,TRACKING,,0.001932942,1,0.000033271,0.000002440,0.048837372,0.000000000,0.000000000,0.050000000,-0.000033274,0.000002798,-0.001162627,0.001163107,0.621189824
31.839341413,TRACKING,,0.000769378,1,0.000033134,0.000002485,0.048852304,0.000000000,0.000000000,0.050000000,-0.000033137,0.000002835,-0.001147695,0.001148177,0.608491280
31.849384878,TRACKING,,0.002483855,1,0.000032974,0.000002462,0.048867449,0.000000000,0.000000000,0.050000000,-0.000032972,0.000002865,-0.001132550,0.001133034,0.704410223
31.859361854,TRACKING,,0.001589809,1,0.000032831,0.000002498,0.048881865,0.000000000,0.000000000,0.050000000,-0.000032829,0.000002892,-0.001118134,0.001118620,0.691608626
31.869531175,TRACKING,,0.000844178,1,0.000032706,0.000002544,0.048895788,0.000000000,0.000000000,0.050000000,-0.000032703,0.000002929,-0.001104211,0.001104699,0.678584795
31.879690997,TRACKING,,0.002588338,1,0.000032554,0.000002512,0.048909913,0.000000000,0.000000000,0.050000000,-0.000032547,0.000002952,-0.001090086,0.001090576,0.778541182
31.889469692,TRACKING,,0.001912758,1,0.000032421,0.000002559,0.048923409,0.000000000,0.000000000,0.050000000,-0.000032413,0.000002989,-0.001076590,0.001077082,0.765186525
31.899633076,TRACKING,,0.000695765,1,0.000032282,0.000002610,0.048937000,0.000000000,0.000000000,0.050000000,-0.000032274,0.000003031,-0.001062999,0.001063493,0.751281349
31.910316503,TRACKING,,0.000028495,1,0.000032282,0.000002610,0.048937000,0.000000000,0.000000000,0.050000000,-0.000032274,0.000003031,-0.001062999,0.001063493,0.751281349
31.919972905,TRACKING,,0.002444674,1,0.000032138,0.000002561,0.048949853,0.000000000,0.000000000,0.050000000,-0.000032124,0.000003038,-0.001050146,0.001050642,0.855539021
31.933477383,TRACKING,,0.004713626,1,0.000031993,0.000002545,0.048962015,0.000000000,0.000000000,0.050000000,-0.000031980,0.000003013,-0.001037984,0.001038481,0.843381147
31.939739262,TRACKING,,0.002016054,1,0.000031806,0.000002580,0.048974209,0.000000000,0.000000000,0.050000000,-0.000031793,0.000003039,-0.001025790,0.001026287,0.830760547
31.949728112,TRACKING,,0.002008930,1,0.000031649,0.000002513,0.048986138,0.000000000,0.000000000,0.050000000,-0.000031630,0.000003030,-0.001013861,0.001014358,0.939542041
31.959750206,TRACKING,,0.002120538,1,0.000031452,0.000002508,0.048997947,0.000000000,0.000000000,0.050000000,-0.000031434,0.000003015,-0.001002052,0.001002549,0.927501466
31.969855411,TRACKING,,0.002310507,1,0.000031183,0.000002564,0.049012538,0.000000000,0.000000000,0.050000000,-0.000031165,0.000003058,-0.000987461,0.000987957,0.911690229
31.980036605,TRACKING,,0.000154350,1,0.000030931,0.000002529,0.049026498,0.000000000,0.000000000,0.050000000,-0.000030907,0.000003078,-0.000973502,0.000973997,1.021401731
31.989976775,TRACKING,,0.000467801,1,0.000030687,0.000002563,0.049040231,0.000000000,0.000000000,0.050000000,-0.000030662,0.000003099,-0.000959769,0.000960263,1.005848539
32.000000056,TRACKING,,0.000752755,1,0.000030459,0.000002600,0.049053545,0.000000000,0.000000000,0.050000000,-0.000030434,0.000003124,-0.000946454,0.000946949,0.990133211
32.010348661,TRACKING,,0.000664895,1,0.000030281,0.000002529,0.049064205,0.000000000,0.000000000,0.050000000,-0.000030252,0.000003111,-0.000935794,0.000936288,1.106214745
32.020139229,TRACKING,,0.000764628,1,0.000030281,0.000002529,0.049064205,0.000000000,0.000000000,0.050000000,-0.000030252,0.000003111,-0.000935794,0.000936288,1.106214745
32.030295489,TRACKING,,0.000922541,1,0.000030052,0.000002592,0.049077286,0.000000000,0.000000000,0.050000000,-0.000030021,0.000003161,-0.000922713,0.000923207,1.089656270
32.040576417,TRACKING,,0.001306042,1,0.000029822,0.000002689,0.049089968,0.000000000,0.000000000,0.050000000,-0.000029790,0.000003245,-0.000910032,0.000910525,1.072787608
32.050536771,TRACKING,,0.001180187,1,0.000029574,0.000002702,0.049102652,0.000000000,0.000000000,0.050000000,-0.000029535,0.000003313,-0.000897347,0.000897839,1.188019964
32.060576675,TRACKING,,0.001065018,1,0.000029353,0.000002786,0.049113288,0.000000000,0.000000000,0.050000000,-0.000029313,0.000003385,-0.000886712,0.000887203,1.173421926
32.070664071,TRACKING,,0.000533103,1,0.000029139,0.000002863,0.049123999,0.000000000,0.000000000,0.050000000,-0.000029097,0.000003450,-0.000876000,0.000876490,1.158285001
32.080815582,TRACKING,,0.000761066,1,0.000028907,0.000002834,0.049136173,0.000000000,0.000000000,0.050000000,-0.000028859,0.000003475,-0.000863826,0.000864315,1.276505838
32.090769999,TRACKING,,0.000636398,1,0.000028721,0.000002895,0.049145824,0.000000000,0.000000000,0.050000000,-0.000028672,0.000003525,-0.000854175,0.000854663,1.262157589
32.103324628,TRACKING,,0.002597837,1,0.000028535,0.000002950,0.049155295,0.000000000,0.000000000,0.050000000,-0.000028485,0.000003569,-0.000844704,0.000845192,1.247819066
32.113290918,TRACKING,,0.001917508,1,0.000028344,0.000002896,0.049165512,0.000000000,0.000000000,0.050000000,-0.000028288,0.000003571,-0.000834487,0.000834974,1.370964899
32.123634774,TRACKING,,0.002008930,1,0.000028155,0.000002928,0.049174721,0.000000000,0.000000000,0.050000000,-0.000028099,0.000003593,-0.000825279,0.000825765,1.356692570
32.133431279,TRACKING,,0.001542317,1,0.000027956,0.000002969,0.049184171,0.000000000,0.000000000,0.050000000,-0.000027899,0.000003621,-0.000815828,0.000816313,1.341712427
32.143301397,TRACKING,,0.001078078,1,0.000027759,0.000002917,0.049193566,0.000000000,0.000000000,0.050000000,-0.000027696,0.000003626,-0.000806434,0.000806917,1.468305098
32.153399479,TRACKING,,0.000872674,1,0.000027539,0.000002975,0.049202827,0.000000000,0.000000000,0.050000000,-0.000027475,0.000003671,-0.000797172,0.000797654,1.453144800
32.163451256,TRACKING,,0.000644710,1,0.000027321,0.000003029,0.049212204,0.000000000,0.000000000,0.050000000,-0.000027256,0.000003711,-0.000787796,0.000788276,1.437546674
32.173529153,TRACKING,,0.000162662,1,0.000027104,0.000003049,0.049221312,0.000000000,0.000000000,0.050000000,-0.000027040,0.000003720,-0.000778687,0.000779165,1.422497713
32.183827891,TRACKING,,0.002536097,1,0.000027104,0.000003049,0.049221312,0.000000000,0.000000000,0.050000000,-0.000027040,0.000003720,-0.000778687,0.000779165,1.422497713
32.194082698,TRACKING,,0.002334254,1,0.000026893,0.000002964,0.049230290,0.000000000,0.000000000,0.050000000,-0.000026822,0.000003690,-0.000769709,0.000770185,1.552196491
32.203949254,TRACKING,,0.002228583,1,0.000026671,0.000002915,0.049239148,0.000000000,0.000000000,0.050000000,-0.000026602,0.000003628,-0.000760851,0.000761325,1.538076824
32.214027152,TRACKING,,0.002062360,1,0.000026425,0.000002904,0.049248063,0.000000000,0.000000000,0.050000000,-0.000026358,0.000003604,-0.000751936,0.000752407,1.523672464
32.223941201,TRACKING,,0.001509073,1,0.000026177,0.000002833,0.049257082,0.000000000,0.000000000,0.050000000,-0.000026102,0.000003587,-0.000742917,0.000743384,1.655937025
32.234029784,TRACKING,,0.001276359,1,0.000025891,0.000002844,0.049266462,0.000000000,0.000000000,0.050000000,-0.000025817,0.000003583,-0.000733537,0.000734000,1.640727406
32.244140926,TRACKING,,0.000730196,1,0.000025619,0.000002875,0.049275541,0.000000000,0.000000000,0.050000000,-0.000025545,0.000003599,-0.000724459,0.000724918,1.625446419
32.254316184,TRACKING,,0.001558939,1,0.000025358,0.000002835,0.049284681,0.000000000,0.000000000,0.050000000,-0.000025277,0.000003611,-0.000715319,0.000715774,1.759149833
32.264362024,TRACKING,,0.001452081,1,0.000025082,0.000002845,0.049294541,0.000000000,0.000000000,0.050000000,-0.000025001,0.000003605,-0.000705458,0.000705910,1.741996710
32.274431610,TRACKING,,0.001439021,1,0.000024843,0.000002894,0.049303112,0.000000000,0.000000000,0.050000000,-0.000024762,0.000003639,-0.000696888,0.000697337,1.726292278
32.284407399,TRACKING,,0.001474641,1,0.000024631,0.000002861,0.049311250,0.000000000,0.000000000,0.050000000,-0.000024542,0.000003659,-0.000688749,0.000689196,1.862704025
32.294488859,TRACKING,,0.000903544,1,0.000024416,0.000002896,0.049319365,0.000000000,0.000000000,0.050000000,-0.000024326,0.000003680,-0.000680634,0.000681079,1.847200522
32.304583379,TRACKING,,0.000820432,1,0.000024199,0.000002944,0.049327616,0.000000000,0.000000000,0.050000000,-0.000024108,0.000003714,-0.000672384,0.000672826,1.830896667
32.314544920,TRACKING,,0.001118447,1,0.000023997,0.000002922,0.049335443,0.000000000,0.000000000,0.050000000,-0.000023898,0.000003743,-0.000664556,0.000664996,1.969040208
32.324621630,TRACKING,,0.001284671,1,0.000023753,0.000002967,0.049344815,0.000000000,0.000000000,0.050000000,-0.000023654,0.000003772,-0.000655184,0.000655622,1.949777138
32.335041474,TRACKING,,0.001367783,1,0.000023521,0.000003014,0.049353980,0.000000000,0.000000000,0.050000000,-0.000023421,0.000003803,-0.000646019,0.000646455,1.930237012
32.344789299,TRACKING,,0.001429523,1,0.000023521,0.000003014,0.049353980,0.000000000,0.000000000,0.050000000,-0.000023421,0.000003803,-0.000646019,0.000646455,1.930237012
32.354892130,TRACKING,,0.001040084,1,0.000023300,0.000002972,0.049363034,0.000000000,0.000000000,0.050000000,-0.000023193,0.000003809,-0.000636965,0.000637399,2.066564726
32.364965278,TRACKING,,0.000984281,1,0.000023115,0.000002967,0.049370493,0.000000000,0.000000000,0.050000000,-0.000023009,0.000003790,-0.000629506,0.000629938,2.050395394
32.375059798,TRACKING,,0.001114885,1,0.000022922,0.000002979,0.049377750,0.000000000,0.000000000,0.050000000,-0.000022816,0.000003790,-0.000622249,0.000622679,2.034458170
32.385130572,TRACKING,,0.000926103,1,0.000022682,0.000002939,0.049386582,0.000000000,0.000000000,0.050000000,-0.000022569,0.000003795,-0.000613418,0.000613844,2.172426299
32.395210844,TRACKING,,0.000540227,1,0.000022483,0.000002956,0.049393786,0.000000000,0.000000000,0.050000000,-0.000022370,0.000003799,-0.000606213,0.000606638,2.156143011
32.405445467,TRACKING,,0.000598405,1,0.000022291,0.000002989,0.049400921,0.000000000,0.000000000,0.050000000,-0.000022178,0.000003818,-0.000599078,0.000599501,2.139428650
32.415522177,TRACKING,,0.000656583,1,0.000022114,0.000002958,0.049407748,0.000000000,0.000000000,0.050000000,-0.000021993,0.000003835,-0.000592252,0.000592672,2.282399554
32.425614323,TRACKING,,0.000698139,1,0.000021930,0.000002989,0.049414484,0.000000000,0.000000000,0.050000000,-0.000021809,0.000003852,-0.000585515,0.000585934,2.266002970
32.435681535,TRACKING,,0.000330073,1,0.000021751,0.000003035,0.049421096,0.000000000,0.000000000,0.050000000,-0.000021628,0.000003885,-0.000578903,0.000579320,2.249422066
32.445806925,TRACKING,,0.002490979,1,0.000021572,0.000003021,0.049428002,0.000000000,0.000000000,0.050000000,-0.000021440,0.000003918,-0.000571997,0.000572412,2.392589655
32.455820708,TRACKING,,0.002146658,1,0.000021392,0.000003062,0.049434635,0.000000000,0.000000000,0.050000000,-0.000021260,0.000003945,-0.000565365,0.000565778,2.375290950
32.465788185,TRACKING,,0.002240456,1,0.000021221,0.000003108,0.049441045,0.000000000,0.000000000,0.050000000,-0.000021088,0.000003977,-0.000558954,0.000559366,2.357984590
32.476177158,TRACKING,,0.001742973,1,0.000021050,0.000003150,0.049447431,0.000000000,0.000000000,0.050000000,-0.000020917,0.000004006,-0.000552568,0.000552979,2.340401967
32.486068648,TRACKING,,0.001541130,1,0.000020887,0.000003109,0.049453791,0.000000000,0.000000000,0.050000000,-0.000020745,0.000004010,-0.000546208,0.000546617,2.484859440
32.496177416,TRACKING,,0.001138631,1,0.000020718,0.000003121,0.049459930,0.000000000,0.000000000,0.050000000,-0.000020576,0.000004009,-0.000540069,0.000540476,2.467715283
32.506142519,TRACKING,,0.000895232,1,0.000020537,0.000003177,0.049466159,0.000000000,0.000000000,0.050000000,-0.000020395,0.000004051,-0.000533841,0.000534245,2.449851281
32.516860377,TRACKING,,0.000948662,1,0.000020363,0.000003166,0.049472410,0.000000000,0.000000000,0.050000000,-0.000020210,0.000004083,-0.000527589,0.000527992,2.594889229
32.526399236,TRACKING,,0.001904448,1,0.000020163,0.000003216,0.049479234,0.000000000,0.000000000,0.050000000,-0.000020010,0.000004117,-0.000520765,0.000521166,2.574693735
32.536280040,TRACKING,,0.001615930,1,0.000020000,0.000003246,0.049485066,0.000000000,0.000000000,0.050000000,-0.000019847,0.000004134,-0.000514934,0.000515333,2.556921431
32.546546720,TRACKING,,0.001726350,1,0.000020000,0.000003246,0.049485066,0.000000000,0.000000000,0.050000000,-0.000019847,0.000004134,-0.000514934,0.000515333,2.556921431
32.556484515,TRACKING,,0.001982809,1,0.000019801,0.000003222,0.049492146,0.000000000,0.000000000,0.050000000,-0.000019639,0.000004149,-0.000507854,0.000508250,2.699272662
32.566652648,TRACKING,,0.002058798,1,0.000019595,0.000003238,0.049499015,0.000000000,0.000000000,0.050000000,-0.000019434,0.000004149,-0.000500985,0.000501379,2.677935453
32.576573821,TRACKING,,0.002067109,1,0.000019415,0.000003259,0.049504704,0.000000000,0.000000000,0.050000000,-0.000019254,0.000004155,-0.000495296,0.000495688,2.660235448
32.586703960,TRACKING,,0.002052861,1,0.000019241,0.000003229,0.049510349,0.000000000,0.000000000,0.050000000,-0.000019071,0.000004166,-0.000489650,0.000490039,2.807385239
32.596899401,TRACKING,,0.002035051,1,0.000019060,0.000003250,0.049515934,0.000000000,0.000000000,0.050000000,-0.000018889,0.000004173,-0.000484065,0.000484452,2.789620005
32.607056849,TRACKING,,0.001778592,1,0.000018878,0.000003278,0.049521536,0.000000000,0.000000000,0.050000000,-0.000018708,0.000004186,-0.000478463,0.000478847,2.771437343
32.617076568,TRACKING,,0.001639677,1,0.000018708,0.000003249,0.049527130,0.000000000,0.000000000,0.050000000,-0.000018529,0.000004197,-0.000472870,0.000473251,2.918643673
32.627096288,TRACKING,,0.001301293,1,0.000018531,0.000003272,0.049532609,0.000000000,0.000000000,0.050000000,-0.000018352,0.000004204,-0.000467391,0.000467770,2.900280581
32.637252548,TRACKING,,0.000891671,1,0.000018338,0.000003329,0.049538273,0.000000000,0.000000000,0.050000000,-0.000018158,0.000004246,-0.000461727,0.000462103,2.880876608
32.647349443,TRACKING,,0.000439305,1,0.000018162,0.000003324,0.049543824,0.000000000,0.000000000,0.050000000,-0.000017970,0.000004278,-0.000456176,0.000456550,3.027705810
32.657547259,TRACKING,,0.000027308,1,0.000017978,0.000003365,0.049549329,0.000000000,0.000000000,0.050000000,-0.000017787,0.000004303,-0.000450670,0.000451042,3.008202364
32.667724890,TRACKING,,0.002131224,1,0.000017798,0.000003405,0.049554789,0.000000000,0.000000000,0.050000000,-0.000017606,0.000004327,-0.000445211,0.000445580,2.988486547
32.677648438,TRACKING,,0.001524507,1,0.000017622,0.000003433,0.049560167,0.000000000,0.000000000,0.050000000,-0.000017430,0.000004340,-0.000439833,0.000440199,2.968707044
32.687751269,TRACKING,,0.000820432,1,0.000017464,0.000003384,0.049565431,0.000000000,0.000000000,0.050000000,-0.000017263,0.000004327,-0.000434568,0.000434933,3.115504017
32.697868348,TRACKING,,0.000182846,1,0.000017291,0.000003401,0.049570691,0.000000000,0.000000000,0.050000000,-0.000017091,0.000004329,-0.000429308,0.000429670,3.095624448
32.708013922,TRACKING,,0.002191776,1,0.000017122,0.000003414,0.049575880,0.000000000,0.000000000,0.050000000,-0.000016923,0.000004327,-0.000424120,0.000424479,3.075618380
32.718128626,TRACKING,,0.001352347,1,0.000016969,0.000003353,0.049581016,0.000000000,0.000000000,0.050000000,-0.000016762,0.000004301,-0.000418984,0.000419341,3.222180655
32.728252829,TRACKING,,0.000910668,1,0.000016808,0.000003364,0.049585943,0.000000000,0.000000000,0.050000000,-0.000016602,0.000004297,-0.000414056,0.000414411,3.202372985
32.738259488,TRACKING,,0.000080737,1,0.000016645,0.000003377,0.049590924,0.000000000,0.000000000,0.050000000,-0.000016441,0.000004295,-0.000409076,0.000409429,3.181957997
32.748268522,TRACKING,,0.002177529,1,0.000016645,0.000003377,0.049590924,0.000000000,0.000000000,0.050000000,-0.000016441,0.000004295,-0.000409076,0.000409429,3.181957997
32.758511456,TRACKING,,0.001644426,1,0.000016503,0.000003329,0.049595692,0.000000000,0.000000000,0.050000000,-0.000016291,0.000004281,-0.000404308,0.000404658,3.328681267
32.768508616,TRACKING,,0.000861988,1,0.000016352,0.000003327,0.049600388,0.000000000,0.000000000,0.050000000,-0.000016141,0.000004265,-0.000399611,0.000399960,3.308825619
32.778548520,TRACKING,,0.000296828,1,0.000016167,0.000003359,0.049605373,0.000000000,0.000000000,0.050000000,-0.000015956,0.000004280,-0.000394626,0.000394972,3.288222213
32.788709529,TRACKING,,0.002339003,1,0.000015992,0.000003339,0.049610299,0.000000000,0.000000000,0.050000000,-0.000015771,0.000004291,-0.000389701,0.000390043,3.434342648
32.798771992,TRACKING,,0.001794027,1,0.000015810,0.000003358,0.049615198,0.000000000,0.000000000,0.050000000,-0.000015589,0.000004293,-0.000384802,0.000385141,3.413778253
32.808871261,TRACKING,,0.000739695,1,0.000015638,0.000003370,0.049619950,0.000000000,0.000000000,0.050000000,-0.000015419,0.000004289,-0.000380050,0.000380386,3.393346373
32.819139128,TRACKING,,0.002463671,1,0.000015467,0.000003356,0.049624890,0.000000000,0.000000000,0.050000000,-0.000015238,0.000004303,-0.000375110,0.000375444,3.537812582
32.829079298,TRACKING,,0.001253800,1,0.000015297,0.000003367,0.049629711,0.000000000,0.000000000,0.050000000,-0.000015069,0.000004298,-0.000370289,0.000370620,3.516115531
32.839261679,TRACKING,,0.000524792,1,0.000015134,0.000003391,0.049634309,0.000000000,0.000000000,0.050000000,-0.000014906,0.000004307,-0.000365691,0.000366020,3.494854405
32.849327704,TRACKING,,0.000029683,1,0.000014988,0.000003361,0.049638776,0.000000000,0.000000000,0.050000000,-0.000014751,0.000004305,-0.000361223,0.000361550,3.639362307
32.859422224,TRACKING,,0.002241644,1,0.000014841,0.000003368,0.049643053,0.000000000,0.000000000,0.050000000,-0.000014606,0.000004297,-0.000356947,0.000357272,3.618838105
32.869484686,TRACKING,,0.001849830,1,0.000014702,0.000003370,0.049647211,0.000000000,0.000000000,0.050000000,-0.000014468,0.000004285,-0.000352788,0.000353111,3.598402248
32.879562584,TRACKING,,0.001259737,1,0.000014572,0.000003320,0.049651326,0.000000000,0.000000000,0.050000000,-0.000014331,0.000004264,-0.000348674,0.000348995,3.742791488
32.889611986,TRACKING,,0.000649459,1,0.000014427,0.000003334,0.049655458,0.000000000,0.000000000,0.050000000,-0.000014187,0.000004263,-0.000344542,0.000344860,3.721742572
32.899771808,TRACKING,,0.002378184,1,0.000014427,0.000003334,0.049655458,0.000000000,0.000000000,0.050000000,-0.000014187,0.000004263,-0.000344542,0.000344860,3.721742572
32.909793902,TRACKING,,0.001499574,1,0.000014282,0.000003335,0.049659650,0.000000000,0.000000000,0.050000000,-0.000014043,0.000004249,-0.000340350,0.000340666,3.700103494
32.920058208,TRACKING,,0.000756317,1,0.000014149,0.000003283,0.049663752,0.000000000,0.000000000,0.050000000,-0.000013904,0.000004223,-0.000336248,0.000336561,3.842862298
32.929940199,TRACKING,,0.000144852,1,0.000013983,0.000003297,0.049667958,0.000000000,0.000000000,0.050000000,-0.000013738,0.000004221,-0.000332041,0.000332352,3.821397412
32.940052529,TRACKING,,0.001748909,1,0.000013817,0.000003299,0.049672102,0.000000000,0.000000000,0.050000000,-0.000013574,0.000004207,-0.000327897,0.000328205,3.800221239
32.950130426,TRACKING,,0.000960535,1,0.000013655,0.000003249,0.049676338,0.000000000,0.000000000,0.050000000,-0.000013406,0.000004179,-0.000323662,0.000323966,3.941463062
32.960223759,TRACKING,,0.000093797,1,0.000013490,0.000003258,0.049680443,0.000000000,0.000000000,0.050000000,-0.000013242,0.000004172,-0.000319556,0.000319858,3.919773035
32.970396641,TRACKING,,0.001818961,1,0.000013329,0.000003253,0.049684524,0.000000000,0.000000000,0.050000000,-0.000013083,0.000004151,-0.000315476,0.000315774,3.897804930
32.980406862,TRACKING,,0.000650646,1,0.000013183,0.000003193,0.049688537,0.000000000,0.000000000,0.050000000,-0.000012931,0.000004113,-0.000311463,0.000311759,4.037786008
32.990513255,TRACKING,,0.002347314,1,0.000013035,0.000003187,0.049692466,0.000000000,0.000000000,0.050000000,-0.000012786,0.000004091,-0.000307533,0.000307826,4.015602339
33.000572156,TRACKING,,0.001368970,1,0.000012896,0.000003164,0.049696269,0.000000000,0.000000000,0.050000000,-0.000012650,0.000004054,-0.000303731,0.000304022,3.993593897
33.010661927,TRACKING,,0.000229151,1,0.000012765,0.000003123,0.049700054,0.000000000,0.000000000,0.050000000,-0.000012513,0.000004034,-0.000299946,0.000300234,4.131864034
33.020770695,TRACKING,,0.001817774,1,0.000012765,0.000003123,0.049700054,0.000000000,0.000000000,0.050000000,-0.000012513,0.000004034,-0.000299946,0.000300234,4.131864034
33.030817722,TRACKING,,0.000714761,1,0.000012628,0.000003100,0.049703733,0.000000000,0.000000000,0.050000000,-0.000012379,0.000003996,-0.000296267,0.000296553,4.109756660
33.041256562,TRACKING,,0.002399556,1,0.000012483,0.000003098,0.049707454,0.000000000,0.000000000,0.050000000,-0.000012235,0.000003979,-0.000292545,0.000292828,4.087294281
33.051029321,TRACKING,,0.001329789,1,0.000012337,0.000003045,0.049711180,0.000000000,0.000000000,0.050000000,-0.000012084,0.000003945,-0.000288820,0.000289100,4.224333340
33.061314998,TRACKING,,0.002543221,1,0.000012172,0.000003045,0.049715082,0.000000000,0.000000000,0.050000000,-0.000011922,0.000003928,-0.000284918,0.000285194,4.200853729
33.071259917,TRACKING,,0.001596933,1,0.000012019,0.000003020,0.049718751,0.000000000,0.000000000,0.050000000,-0.000011772,0.000003887,-0.000281249,0.000281522,4.178363771
33.081145470,TRACKING,,0.001055520,1,0.000011890,0.000002951,0.049722107,0.000000000,0.000000000,0.050000000,-0.000011640,0.000003836,-0.000277893,0.000278163,4.314928400
33.091188936,TRACKING,,0.000521230,1,0.000011755,0.000002939,0.049725427,0.000000000,0.000000000,0.050000000,-0.000011507,0.000003810,-0.000274573,0.000274840,4.293796946
33.101254960,TRACKING,,0.000039181,1,0.000011621,0.000002919,0.049728701,0.000000000,0.000000000,0.050000000,-0.000011376,0.000003776,-0.000271299,0.000271563,4.272674718
33.111507393,TRACKING,,0.002274889,1,0.000011499,0.000002860,0.049731904,0.000000000,0.000000000,0.050000000,-0.000011251,0.000003735,-0.000268096,0.000268358,4.407539348
33.121544922,TRACKING,,0.001690731,1,0.000011373,0.000002829,0.049735047,0.000000000,0.000000000,0.050000000,-0.000011128,0.000003690,-0.000264953,0.000265212,4.386585551
33.131759360,TRACKING,,0.001015151,1,0.000011250,0.000002791,0.049738171,0.000000000,0.000000000,0.050000000,-0.000011010,0.000003639,-0.000261829,0.000262085,4.365358760
33.141638977,TRACKING,,0.000290892,1,0.000011130,0.000002746,0.049741334,0.000000000,0.000000000,0.050000000,-0.000010885,0.000003610,-0.000258666,0.000258920,4.497329305
33.151665820,TRACKING,,0.002208399,1,0.000011130,0.000002746,0.049741334,0.000000000,0.000000000,0.050000000,-0.000010885,0.000003610,-0.000258666,0.000258920,4.497329305
33.161837515,TRACKING,,0.001733474,1,0.000011004,0.000002721,0.049744400,0.000000000,0.000000000,0.050000000,-0.000010763,0.000003571,-0.000255600,0.000255851,4.475912215
33.171940346,TRACKING,,0.000853677,1,0.000010883,0.000002688,0.049747380,0.000000000,0.000000000,0.050000000,-0.000010646,0.000003525,-0.000252620,0.000252869,4.454874994
33.182077610,TRACKING,,0.002563405,1,0.000010742,0.000002681,0.049750598,0.000000000,0.000000000,0.050000000,-0.000010507,0.000003503,-0.000249402,0.000249647,4.432752959
33.192123450,TRACKING,,0.001429522,1,0.000010601,0.000002632,0.049753836,0.000000000,0.000000000,0.050000000,-0.000010363,0.000003467,-0.000246164,0.000246406,4.562141978
33.202215595,TRACKING,,0.000208967,1,0.000010458,0.000002597,0.049757038,0.000000000,0.000000000,0.050000000,-0.000010224,0.000003416,-0.000242961,0.000243200,4.539770001
33.212317239,TRACKING,,0.001966187,1,0.000010323,0.000002554,0.049760210,0.000000000,0.000000000,0.050000000,-0.000010085,0.000003385,-0.000239790,0.000240025,4.666592576
33.222397511,TRACKING,,0.000770565,1,0.000010188,0.000002522,0.049763255,0.000000000,0.000000000,0.050000000,-0.000009955,0.000003338,-0.000236745,0.000236978,4.644496019
33.232515778,TRACKING,,0.002458922,1,0.000010056,0.000002507,0.049766297,0.000000000,0.000000000,0.050000000,-0.000009825,0.000003308,-0.000233703,0.000233933,4.621874529
33.242568742,TRACKING,,0.001357097,1,0.000009938,0.000002450,0.049769217,0.000000000,0.000000000,0.050000000,-0.000009706,0.000003264,-0.000230783,0.000231010,4.746469395
33.252611020,TRACKING,,0.000192344,1,0.000009819,0.000002437,0.049772104,0.000000000,0.000000000,0.050000000,-0.000009589,0.000003237,-0.000227895,0.000228120,4.723954556
33.262654486,TRACKING,,0.001854580,1,0.000009819,0.000002437,0.049772104,0.000000000,0.000000000,0.050000000,-0.000009589,0.000003237,-0.000227895,0.000228120,4.723954556
33.272823806,TRACKING,,0.000719510,1,0.000009698,0.000002407,0.049774929,0.000000000,0.000000000,0.050000000,-0.000009472,0.000003194,-0.000225071,0.000225292,4.701565688
33.282944447,TRACKING,,0.002470795,1,0.000009582,0.000002374,0.049777776,0.000000000,0.000000000,0.050000000,-0.000009353,0.000003171,-0.000222224,0.000222443,4.823225525
33.293011659,TRACKING,,0.001401028,1,0.000009454,0.000002349,0.049780600,0.000000000,0.000000000,0.050000000,-0.000009228,0.000003132,-0.000219400,0.000219617,4.801049334
33.303085995,TRACKING,,0.000260021,1,0.000009322,0.000002312,0.049783406,0.000000000,0.000000000,0.050000000,-0.000009101,0.000003080,-0.000216594,0.000216807,4.778817682
33.313173391,TRACKING,,0.001961438,1,0.000009195,0.000002272,0.049786201,0.000000000,0.000000000,0.050000000,-0.000008971,0.000003048,-0.000213799,0.000214008,4.897864374
33.323252476,TRACKING,,0.000635211,1,0.000009068,0.000002240,0.049788922,0.000000000,0.000000000,0.050000000,-0.000008848,0.000003002,-0.000211078,0.000211284,4.875640773
33.333497784,TRACKING,,0.002388870,1,0.000008943,0.000002224,0.049791671,0.000000000,0.000000000,0.050000000,-0.000008727,0.000002972,-0.000208329,0.000208532,4.852658658
33.343446265,TRACKING,,0.001113698,1,0.000008833,0.000002140,0.049794237,0.000000000,0.000000000,0.050000000,-0.000008618,0.000002897,-0.000205763,0.000205964,4.969188027
33.353444613,TRACKING,,0.002580027,1,0.000008833,0.000002140,0.049794237,0.000000000,0.000000000,0.050000000,-0.000008618,0.000002897,-0.000205763,0.000205964,4.969188027
33.363427526,TRACKING,,0.001896136,1,0.000008717,0.000002128,0.049796902,0.000000000,0.000000000,0.050000000,-0.000008504,0.000002871,-0.000203098,0.000203296,4.945854573
33.373605157,TRACKING,,0.001290607,1,0.000008607,0.000002102,0.049799293,0.000000000,0.000000000,0.050000000,-0.000008398,0.000002833,-0.000200707,0.000200903,4.924570049
33.383686617,TRACKING,,0.000664895,1,0.000008497,0.000002083,0.049801747,0.000000000,0.000000000,0.050000000,-0.000008285,0.000002821,-0.000198253,0.000198446,5.038491479
33.393896306,TRACKING,,0.002439924,1,0.000008377,0.000002074,0.049804221,0.000000000,0.000000000,0.050000000,-0.000008167,0.000002798,-0.000195779,0.000195969,5.016908678
33.403766424,TRACKING,,0.001271610,1,0.000008254,0.000002052,0.049806756,0.000000000,0.000000000,0.050000000,-0.000008047,0.000002763,-0.000193244,0.000193431,4.994586969
33.413796829,TRACKING,,0.000193532,1,0.000008140,0.000002030,0.049809260,0.000000000,0.000000000,0.050000000,-0.000007931,0.000002745,-0.000190740,0.000190925,5.104089145
33.424016017,TRACKING,,0.001918695,1,0.000008025,0.000002009,0.049811697,0.000000000,0.000000000,0.050000000,-0.000007819,0.000002712,-0.000188303,0.000188485,5.081792192
33.434118848,TRACKING,,0.000972408,1,0.000007915,0.000001975,0.049814045,0.000000000,0.000000000,0.050000000,-0.000007713,0.000002665,-0.000185954,0.000186133,5.059848497
33.444241864,TRACKING,,0.002570529,1,0.000007812,0.000001944,0.049816392,0.000000000,0.000000000,0.050000000,-0.000007608,0.000002639,-0.000183608,0.000183785,5.166080591
33.454258021,TRACKING,,0.002095604,1,0.000007710,0.000001916,0.049818613,0.000000000,0.000000000,0.050000000,-0.000007510,0.000002599,-0.000181387,0.000181561,5.144306896
33.464352541,TRACKING,,0.001626617,1,0.000007613,0.000001884,0.049820711,0.000000000,0.000000000,0.050000000,-0.000007418,0.000002556,-0.000179289,0.000179460,5.123331102
33.474442312,TRACKING,,0.001040085,1,0.000007522,0.000001848,0.049822783,0.000000000,0.000000000,0.050000000,-0.000007330,0.000002509,-0.000177217,0.000177386,5.102320309
33.484492901,TRACKING,,0.000535477,1,0.000007429,0.000001821,0.049824874,0.000000000,0.000000000,0.050000000,-0.000007236,0.000002487,-0.000175126,0.000175293,5.205860488
33.494558926,TRACKING,,0.002358000,1,0.000007429,0.000001821,0.049824874,0.000000000,0.000000000,0.050000000,-0.000007236,0.000002487,-0.000175126,0.000175293,5.205860488
33.504671255,TRACKING,,0.001395091,1,0.000007332,0.000001802,0.049826961,0.000000000,0.000000000,0.050000000,-0.000007142,0.000002457,-0.000173039,0.000173203,5.184242168
33.514769337,TRACKING,,0.000264770,1,0.000007228,0.000001805,0.049829137,0.000000000,0.000000000,0.050000000,-0.000007039,0.000002448,-0.000170863,0.000171026,5.161665821
33.524856733,TRACKING,,0.001890200,1,0.000007118,0.000001777,0.049831343,0.000000000,0.000000000,0.050000000,-0.000006928,0.000002421,-0.000168656,0.000168816,5.260350597
33.534979749,TRACKING,,0.001101825,1,0.000007007,0.000001749,0.049833506,0.000000000,0.000000000,0.050000000,-0.000006820,0.000002381,-0.000166494,0.000166651,5.238268834
33.545074269,TRACKING,,0.000108046,1,0.000006903,0.000001743,0.049835629,0.000000000,0.000000000,0.050000000,-0.000006719,0.000002363,-0.000164371,0.000164525,5.216213860
33.555140293,TRACKING,,0.002105103,1,0.000006804,0.000001710,0.049837714,0.000000000,0.000000000,0.050000000,-0.000006619,0.000002332,-0.000162286,0.000162438,5.311452605
33.565355919,TRACKING,,0.001196810,1,0.000006705,0.000001680,0.049839696,0.000000000,0.000000000,0.050000000,-0.000006524,0.000002291,-0.000160304,0.000160453,5.290079871
33.575315086,TRACKING,,0.000073613,1,0.000006604,0.000001671,0.049841745,0.000000000,0.000000000,0.050000000,-0.000006426,0.000002270,-0.000158255,0.000158401,5.267458336
33.585390609,TRACKING,,0.001973311,1,0.000006512,0.000001634,0.049843741,0.000000000,0.000000000,0.050000000,-0.000006334,0.000002235,-0.000156258,0.000156403,5.358269399
33.595481567,TRACKING,,0.001133882,1,0.000006422,0.000001601,0.049845605,0.000000000,0.000000000,0.050000000,-0.000006248,0.000002191,-0.000154394,0.000154536,5.336884241
33.605574899,TRACKING,,0.000118731,1,0.000006330,0.000001589,0.049847525,0.000000000,0.000000000,0.050000000,-0.000006158,0.000002168,-0.000152475,0.000152615,5.314408680
33.615623114,TRACKING,,0.001722788,1,0.000006330,0.000001589,0.049847525,0.000000000,0.000000000,0.050000000,-0.000006158,0.000002168,-0.000152475,0.000152615,5.314408680
33.625752066,TRACKING,,0.000561598,1,0.000006241,0.000001551,0.049849394,0.000000000,0.000000000,0.050000000,-0.000006070,0.000002131,-0.000150606,0.000150744,5.401058117
33.635863208,TRACKING,,0.002249955,1,0.000006150,0.000001547,0.049851296,0.000000000,0.000000000,0.050000000,-0.000005981,0.000002117,-0.000148704,0.000148839,5.378396144
33.645945855,TRACKING,,0.001271610,1,0.000006053,0.000001528,0.049853189,0.000000000,0.000000000,0.050000000,-0.000005886,0.000002086,-0.000146811,0.000146944,5.356128924
33.656048686,TRACKING,,0.000167411,1,0.000005961,0.000001517,0.049855096,0.000000000,0.000000000,0.050000000,-0.000005793,0.000002075,-0.000144903,0.000145034,5.437950247
33.666153892,TRACKING,,0.001883076,1,0.000005865,0.000001500,0.049856958,0.000000000,0.000000000,0.050000000,-0.000005700,0.000002046,-0.000143042,0.000143170,5.415632883
33.676243663,TRACKING,,0.000663707,1,0.000005769,0.000001471,0.049858784,0.000000000,0.000000000,0.050000000,-0.000005608,0.000002006,-0.000141216,0.000141341,5.393296365
33.686358367,TRACKING,,0.002406680,1,0.000005683,0.000001450,0.049860573,0.000000000,0.000000000,0.050000000,-0.000005521,0.000001985,-0.000139427,0.000139550,5.470681987
33.696419642,TRACKING,,0.001308417,1,0.000005595,0.000001425,0.049862308,0.000000000,0.000000000,0.050000000,-0.000005436,0.000001950,-0.000137692,0.000137813,5.448467444
33.706515350,TRACKING,,0.000256459,1,0.000005513,0.000001419,0.049864022,0.000000000,0.000000000,0.050000000,-0.000005356,0.000001933,-0.000135978,0.000136097,5.426017072
33.716549317,TRACKING,,0.001950752,1,0.000005513,0.000001419,0.049864022,0.000000000,0.000000000,0.050000000,-0.000005356,0.000001933,-0.000135978,0.000136097,5.426017072
33.726688955,TRACKING,,0.000882172,1,0.000005431,0.000001389,0.049865698,0.000000000,0.000000000,0.050000000,-0.000005275,0.000001903,-0.000134302,0.000134419,5.498791551
33.736889145,TRACKING,,0.002604961,1,0.000005351,0.000001389,0.049867388,0.000000000,0.000000000,0.050000000,-0.000005196,0.000001894,-0.000132612,0.000132727,5.476237249
33.746942109,TRACKING,,0.001510260,1,0.000005264,0.000001375,0.049869079,0.000000000,0.000000000,0.050000000,-0.000005112,0.000001869,-0.000130921,0.000131034,5.453971504
33.756967765,TRACKING,,0.000612652,1,0.000005178,0.000001339,0.049870739,0.000000000,0.000000000,0.050000000,-0.000005027,0.000001831,-0.000129261,0.000129372,5.521995741
33.766999358,TRACKING,,0.000026121,1,0.000005092,0.000001334,0.049872379,0.000000000,0.000000000,0.050000000,-0.000004943,0.000001815,-0.000127621,0.000127729,5.499941772
33.776984645,TRACKING,,0.002029115,1,0.000005010,0.000001318,0.049873943,0.000000000,0.000000000,0.050000000,-0.000004864,0.000001790,-0.000126057,0.000126163,5.478624154
33.787168213,TRACKING,,0.001403401,1,0.000004933,0.000001288,0.049875462,0.000000000,0.000000000,0.050000000,-0.000004787,0.000001758,-0.000124538,0.000124642,5.542455316
33.797420646,TRACKING,,0.000816870,1,0.000004857,0.000001260,0.049876953,0.000000000,0.000000000,0.050000000,-0.000004715,0.000001721,-0.000123047,0.000123150,5.521299079
33.807358441,TRACKING,,0.000185220,1,0.000004783,0.000001253,0.049878446,0.000000000,0.000000000,0.050000000,-0.000004643,0.000001705,-0.000121554,0.000121655,5.499764590
33.817476707,TRACKING,,0.002287949,1,0.000004712,0.000001230,0.049879907,0.000000000,0.000000000,0.050000000,-0.000004573,0.000001680,-0.000120093,0.000120192,5.558098238
33.827516611,TRACKING,,0.001715665,1,0.000004641,0.000001212,0.049881316,0.000000000,0.000000000,0.050000000,-0.000004504,0.000001654,-0.000118684,0.000118781,5.537039074
33.837601632,TRACKING,,0.000606716,1,0.000004567,0.000001188,0.049882771,0.000000000,0.000000000,0.050000000,-0.000004433,0.000001621,-0.000117229,0.000117324,5.514915472
33.847800635,TRACKING,,0.002106290,1,0.000004567,0.000001188,0.049882771,0.000000000,0.000000000,0.050000000,-0.000004433,0.000001621,-0.000117229,0.000117324,5.514915472
33.857673128,TRACKING,,0.000973595,1,0.000004493,0.000001176,0.049884242,0.000000000,0.000000000,0.050000000,-0.000004360,0.000001606,-0.000115758,0.000115851,5.566478420
33.867813953,TRACKING,,0.002601399,1,0.000004421,0.000001182,0.049885704,0.000000000,0.000000000,0.050000000,-0.000004288,0.000001604,-0.000114296,0.000114387,5.543800817
33.877945280,TRACKING,,0.001586248,1,0.000004343,0.000001172,0.049887176,0.000000000,0.000000000,0.050000000,-0.000004212,0.000001584,-0.000112824,0.000112914,5.521268141
33.888029114,TRACKING,,0.000308701,1,0.000004268,0.000001144,0.049888619,0.000000000,0.000000000,0.050000000,-0.000004138,0.000001552,-0.000111381,0.000111468,5.567631914
33.898131945,TRACKING,,0.002058798,1,0.000004192,0.000001145,0.049890054,0.000000000,0.000000000,0.050000000,-0.000004064,0.000001544,-0.000109946,0.000110032,5.545228904
33.908288205,TRACKING,,0.000972408,1,0.000004117,0.000001130,0.049891449,0.000000000,0.000000000,0.050000000,-0.000003990,0.000001521,-0.000108551,0.000108635,5.522975780
33.918458713,TRACKING,,0.000047493,1,0.000004046,0.000001129,0.049892830,0.000000000,0.000000000,0.050000000,-0.000003919,0.000001516,-0.000107170,0.000107252,5.563315833
33.928549671,TRACKING,,0.001823710,1,0.000003975,0.000001113,0.049894175,0.000000000,0.000000000,0.050000000,-0.000003851,0.000001492,-0.000105825,0.000105905,5.540985906
33.938618070,TRACKING,,0.000638773,1,0.000003907,0.000001083,0.049895481,0.000000000,0.000000000,0.050000000,-0.000003787,0.000001454,-0.000104519,0.000104598,5.518834041
33.948653225,TRACKING,,0.001981623,1,0.000003907,0.000001083,0.049895481,0.000000000,0.000000000,0.050000000,-0.000003787,0.000001454,-0.000104519,0.000104598,5.518834041
33.958832044,TRACKING,,0.001059082,1,0.000003839,0.000001074,0.049896812,0.000000000,0.000000000,0.050000000,-0.000003718,0.000001440,-0.000103188,0.000103265,5.552781573
33.968869573,TRACKING,,0.000452366,1,0.000003775,0.000001088,0.049898090,0.000000000,0.000000000,0.050000000,-0.000003654,0.000001446,-0.000101910,0.000101986,5.530428919
33.979348782,TRACKING,,0.002354438,1,0.000003706,0.000001085,0.049899344,0.000000000,0.000000000,0.050000000,-0.000003586,0.000001436,-0.000100656,0.000100730,5.508840080
33.989066924,TRACKING,,0.001701417,1,0.000003638,0.000001070,0.049900605,0.000000000,0.000000000,0.050000000,-0.000003519,0.000001416,-0.000099395,0.000099467,5.538040570
33.999277801,TRACKING,,0.001108948,1,0.000003571,0.000001046,0.049901807,0.000000000,0.000000000,0.050000000,-0.000003456,0.000001384,-0.000098193,0.000098264,5.516977782
34.009257151,TRACKING,,0.000016622,1,0.000003504,0.000001048,0.049903047,0.000000000,0.000000000,0.050000000,-0.000003389,0.000001379,-0.000096953,0.000097022,5.494938306
34.019348109,TRACKING,,0.001642052,1,0.000003437,0.000001033,0.049904283,0.000000000,0.000000000,0.050000000,-0.000003324,0.000001359,-0.000095717,0.000095784,5.517303430
34.029424820,TRACKING,,0.000584157,1,0.000003372,0.000001011,0.049905492,0.000000000,0.000000000,0.050000000,-0.000003261,0.000001329,-0.000094508,0.000094573,5.495027993
34.040216291,TRACKING,,0.002854296,1,0.000003311,0.000001010,0.049906683,0.000000000,0.000000000,0.050000000,-0.000003201,0.000001321,-0.000093317,0.000093381,5.472558179
34.050116092,TRACKING,,0.001731100,1,0.000003249,0.000000993,0.049907855,0.000000000,0.000000000,0.050000000,-0.000003140,0.000001299,-0.000092145,0.000092208,5.489921543
34.060254543,TRACKING,,0.000231526,1,0.000003184,0.000000965,0.049909007,0.000000000,0.000000000,0.050000000,-0.000003079,0.000001263,-0.000090993,0.000091054,5.467222342
34.070347876,TRACKING,,0.001919882,1,0.000003184,0.000000965,0.049909007,0.000000000,0.000000000,0.050000000,-0.000003079,0.000001263,-0.000090993,0.000091054,5.467222342
34.080497012,TRACKING,,0.000027308,1,0.000003120,0.000000948,0.049910196,0.000000000,0.000000000,0.050000000,-0.000003018,0.000001239,-0.000089804,0.000089863,5.443447101
34.090478737,TRACKING,,0.001784529,1,0.000003064,0.000000951,0.049911314,0.000000000,0.000000000,0.050000000,-0.000002961,0.000001237,-0.000088686,0.000088744,5.450787549
34.100604127,TRACKING,,0.000575846,1,0.000003005,0.000000941,0.049912434,0.000000000,0.000000000,0.050000000,-0.000002904,0.000001221,-0.000087566,0.000087623,5.428528501
34.111039406,TRACKING,,0.002302196,1,0.000002946,0.000000948,0.049913564,0.000000000,0.000000000,0.050000000,-0.000002845,0.000001222,-0.000086436,0.000086492,5.405887507
34.120799104,TRACKING,,0.001091139,1,0.000002885,0.000000934,0.049914658,0.000000000,0.000000000,0.050000000,-0.000002785,0.000001202,-0.000085342,0.000085396,5.408496610
34.131178578,TRACKING,,0.001160003,1,0.000002818,0.000000934,0.049915912,0.000000000,0.000000000,0.050000000,-0.000002719,0.000001194,-0.000084088,0.000084141,5.382348009
34.141159117,TRACKING,,0.000039181,1,0.000002818,0.000000934,0.049915912,0.000000000,0.000000000,0.050000000,-0.000002719,0.000001194,-0.000084088,0.000084141,5.382348009
34.151120658,TRACKING,,0.001753659,1,0.000002763,0.000000899,0.049916945,0.000000000,0.000000000,0.050000000,-0.000002668,0.000001154,-0.000083055,0.000083106,5.378237321
34.161180746,TRACKING,,0.000701701,1,0.000002715,0.000000887,0.049917959,0.000000000,0.000000000,0.050000000,-0.000002621,0.000001136,-0.000082041,0.000082090,5.355969903
34.171214713,TRACKING,,0.000364504,1,0.000002661,0.000000897,0.049919001,0.000000000,0.000000000,0.050000000,-0.000002568,0.000001140,-0.000080999,0.000081048,5.333507777
34.181297360,TRACKING,,0.002417366,1,0.000002611,0.000000903,0.049919979,0.000000000,0.000000000,0.050000000,-0.000002517,0.000001141,-0.000080021,0.000080069,5.312418157
34.191433435,TRACKING,,0.001993495,1,0.000002559,0.000000897,0.049920949,0.000000000,0.000000000,0.050000000,-0.000002466,0.000001130,-0.000079051,0.000079097,5.302186633
34.201503022,TRACKING,,0.001511447,1,0.000002508,0.000000885,0.049921901,0.000000000,0.000000000,0.050000000,-0.000002417,0.000001112,-0.000078099,0.000078144,5.281056052
34.211586856,TRACKING,,0.000825181,1,0.000002457,0.000000864,0.049922840,0.000000000,0.000000000,0.050000000,-0.000002369,0.000001085,-0.000077160,0.000077204,5.259880624
34.221744304,TRACKING,,0.002642955,1,0.000002408,0.000000868,0.049923776,0.000000000,0.000000000,0.050000000,-0.000002320,0.000001084,-0.000076224,0.000076267,5.242073889
34.231734340,TRACKING,,0.001690732,1,0.000002354,0.000000862,0.049924728,0.000000000,0.000000000,0.050000000,-0.000002267,0.000001072,-0.000075272,0.000075314,5.219881691
34.241838359,TRACKING,,0.000687453,1,0.000002300,0.000000843,0.049925655,0.000000000,0.000000000,0.050000000,-0.000002215,0.000001048,-0.000074345,0.000074385,5.197815655
34.251970873,TRACKING,,0.002325942,1,0.000004828,0.000000844,0.049926580,0.000000000,0.000000000,0.050000000,-0.000004737,0.000001276,-0.000073420,0.000073583,5.175344766
34.262014338,TRACKING,,0.001200371,1,0.000004594,0.000000777,0.049927558,0.000000000,0.000000000,0.050000000,-0.000004510,0.000001187,-0.000072441,0.000072591,5.153083154
34.272158725,TRACKING,,0.000115169,1,0.000004185,0.000000685,0.049928593,0.000000000,0.000000000,0.050000000,-0.000004112,0.000001056,-0.000071406,0.000071532,5.130510617
34.282180819,TRACKING,,0.001833208,1,0.000004185,0.000000685,0.049928593,0.000000000,0.000000000,0.050000000,-0.000004112,0.000001056,-0.000071406,0.000071532,5.130510617
34.292306209,TRACKING,,0.000996155,1,0.000011367,0.000000574,0.049929600,0.000000000,0.000000000,0.050000000,-0.000011286,0.000001585,-0.000070397,0.000071314,5.108356028
34.302534895,TRACKING,,0.000438118,1,0.000010585,0.000000438,0.049930681,0.000000000,0.000000000,0.050000000,-0.000010519,0.000001376,-0.000069317,0.000070124,5.086257344
34.312503560,TRACKING,,0.002419740,1,0.000008850,0.000000165,0.049931957,0.000000000,0.000000000,0.050000000,-0.000008815,0.000000947,-0.000068041,0.000068616,5.064921374
34.322554150,TRACKING,,0.001904447,1,0.000019326,-0.000000169,0.049933303,0.000000000,0.000000000,0.050000000,-0.000019296,0.000001533,-0.000066688,0.000069440,5.043556348
34.332616612,TRACKING,,0.001373719,1,0.000016842,-0.000000599,0.049934749,0.000000000,0.000000000,0.050000000,-0.000016858,0.000000880,-0.000065244,0.000067392,5.022283567
34.342624459,TRACKING,,0.000696952,1,0.000013023,-0.000001301,0.049936623,0.000000000,0.000000000,0.050000000,-0.000013113,-0.000000158,-0.000063372,0.000064714,5.000900958
34.352622806,TRACKING,,0.000271895,1,0.000026303,-0.000002064,0.049938504,0.000000000,0.000000000,0.050000000,-0.000026429,0.000000231,-0.000061477,0.000066917,4.979742027
34.362868115,TRACKING,,0.002399556,1,0.000021186,-0.000003024,0.049940625,0.000000000,0.000000000,0.050000000,-0.000021411,-0.000001177,-0.000059360,0.000063114,4.958800971
34.373665523,TRACKING,,0.002475544,1,0.000014849,-0.000004242,0.049943061,0.000000000,0.000000000,0.050000000,-0.000015198,-0.000002945,-0.000056929,0.000058996,4.937821029
34.383682868,TRACKING,,0.001544692,1,0.000032574,-0.000005506,0.049945528,0.000000000,0.000000000,0.050000000,-0.000032988,-0.000002688,-0.000054435,0.000063707,4.916738568
34.393599291,TRACKING,,0.000714761,1,0.000024660,-0.000007025,0.049948228,0.000000000,0.000000000,0.050000000,-0.000025226,-0.000004890,-0.000051745,0.000057774,4.895194956
34.403640382,TRACKING,,0.000303951,1,0.000015158,-0.000008803,0.049951267,0.000000000,0.000000000,0.050000000,-0.000015902,-0.000007478,-0.000048717,0.000051789,4.874077838
34.413686222,TRACKING,,0.002097979,1,0.000029956,-0.000010577,0.049954145,0.000000000,0.000000000,0.050000000,-0.000030811,-0.000007999,-0.000045811,0.000055785,4.853189642
34.423899473,TRACKING,,0.001522133,1,0.000018884,-0.000012621,0.049957317,0.000000000,0.000000000,0.050000000,-0.000019940,-0.000010979,-0.000042656,0.000048350,4.832521941
34.434034362,TRACKING,,0.000814495,1,0.000007021,-0.000014812,0.049960567,0.000000000,0.000000000,0.050000000,-0.000008292,-0.000014165,-0.000039423,0.000042704,4.812002739
34.444185873,TRACKING,,0.002339003,1,0.000007021,-0.000014812,0.049960567,0.000000000,0.000000000,0.050000000,-0.000008292,-0.000014165,-0.000039423,0.000042704,4.812002739
34.454202030,TRACKING,,0.001799964,1,0.000025920,-0.000017026,0.049963719,0.000000000,0.000000000,0.050000000,-0.000027321,-0.000014795,-0.000036232,0.000047729,4.791026412
34.464292988,TRACKING,,0.000758692,1,0.000014480,-0.000019052,0.049966430,0.000000000,0.000000000,0.050000000,-0.000016076,-0.000017775,-0.000033544,0.000041226,4.770228045
34.474374448,TRACKING,,0.000119919,1,-0.000003588,-0.000021651,0.049970208,0.000000000,0.000000000,0.050000000,0.000001731,-0.000021868,-0.000029799,0.000037003,4.748568345
34.484524771,TRACKING,,0.002184652,1,0.000013467,-0.000024185,0.049973760,0.000000000,0.000000000,0.050000000,-0.000015477,-0.000022987,-0.000026209,0.000038142,4.728813495
34.494556364,TRACKING,,0.001573187,1,-0.000005895,-0.000026731,0.049977204,0.000000000,0.000000000,0.050000000,0.000003629,-0.000027118,-0.000022811,0.000035622,4.708274335
34.504606953,TRACKING,,0.001050771,1,-0.000028957,-0.000029618,0.049981113,0.000000000,0.000000000,0.050000000,0.000026399,-0.000031880,-0.000018954,0.000045524,4.687984281
34.514668228,TRACKING,,0.000084300,1,-0.000012830,-0.000032496,0.049984927,0.000000000,0.000000000,0.050000000,0.000010100,-0.000033427,-0.000015113,0.000038050,4.668990031
34.524800742,TRACKING,,0.002081356,1,-0.000040311,-0.000035627,0.049988995,0.000000000,0.000000000,0.050000000,0.000037262,-0.000038771,-0.000011123,0.000054913,4.647878044
34.534865580,TRACKING,,0.001235991,1,-0.000070390,-0.000038868,0.049993153,0.000000000,0.000000000,0.050000000,0.000067008,-0.000044415,-0.000007043,0.000080699,4.627534660
34.545072894,TRACKING,,0.000060553,1,-0.000057423,-0.000042076,0.049997135,0.000000000,0.000000000,0.050000000,0.000053850,-0.000046548,-0.000003071,0.000071246,4.608209376
34.555049870,TRACKING,,0.001931755,1,-0.000093060,-0.000045528,0.050001399,0.000000000,0.000000000,0.050000000,0.000089128,-0.000052819,0.000001079,0.000103609,4.587172898
34.565291617,TRACKING,,0.000799060,1,-0.000130088,-0.000048983,0.050005489,0.000000000,0.000000000,0.050000000,0.000125797,-0.000059178,0.000005057,0.000139113,4.566460519
34.575813569,TRACKING,,0.002840048,1,-0.000130088,-0.000048983,0.050005489,0.000000000,0.000000000,0.050000000,0.000125797,-0.000059178,0.000005057,0.000139113,4.566460519
34.585657566,TRACKING,,0.002031490,1,-0.000118382,-0.000052212,0.050009157,0.000000000,0.000000000,0.050000000,0.000113912,-0.000061427,0.000008664,0.000129709,4.547900299
34.595748524,TRACKING,,0.001496012,1,-0.000152411,-0.000055103,0.050011988,0.000000000,0.000000000,0.050000000,0.000147639,-0.000066951,0.000011371,0.000162509,4.527193457
34.605834733,TRACKING,,0.000975970,1,-0.000193472,-0.000058296,0.050015565,0.000000000,0.000000000,0.050000000,0.000188358,-0.000073310,0.000014805,0.000202663,4.507503238
34.615936377,TRACKING,,0.001027024,1,-0.000237196,-0.000061539,0.050019216,0.000000000,0.000000000,0.050000000,0.000231731,-0.000079896,0.000018314,0.000245801,4.487369071
34.626051081,TRACKING,,0.000027308,1,-0.000225410,-0.000064364,0.050022364,0.000000000,0.000000000,0.050000000,0.000219819,-0.000081722,0.000021296,0.000235483,4.471361761
34.636150350,TRACKING,,0.001704979,1,-0.000269300,-0.000067286,0.050025086,0.000000000,0.000000000,0.050000000,0.000263390,-0.000087956,0.000023843,0.000278710,4.450276153
34.646221124,TRACKING,,0.000343133,1,-0.000318692,-0.000070488,0.050028231,0.000000000,0.000000000,0.050000000,0.000312431,-0.000094863,0.000026801,0.000327613,4.429289350
34.656432000,TRACKING,,0.002506414,1,-0.000311767,-0.000073540,0.050031394,0.000000000,0.000000000,0.050000000,0.000305369,-0.000097266,0.000029685,0.000321858,4.412211727
34.666368608,TRACKING,,0.001973312,1,-0.000360378,-0.000076496,0.050034104,0.000000000,0.000000000,0.050000000,0.000353655,-0.000103825,0.000032175,0.000369982,4.392253362
34.676418010,TRACKING,,0.001186124,1,-0.000413040,-0.000079654,0.050037066,0.000000000,0.000000000,0.050000000,0.000405971,-0.000110860,0.000034910,0.000422281,4.372273721
34.686505406,TRACKING,,0.000523604,1,-0.000405992,-0.000082677,0.050040187,0.000000000,0.000000000,0.050000000,0.000398808,-0.000113205,0.000037638,0.000416269,4.356942725
34.696674727,TRACKING,,0.000030870,1,-0.000461931,-0.000085855,0.050043135,0.000000000,0.000000000,0.050000000,0.000454399,-0.000120458,0.000040298,0.000471818,4.337051291
34.706819114,TRACKING,,0.002138347,1,-0.000520073,-0.000089102,0.050046045,0.000000000,0.000000000,0.050000000,0.000512184,-0.000127907,0.000042925,0.000529655,4.317105070
34.716853081,TRACKING,,0.001416462,1,-0.000512735,-0.000092062,0.050048907,0.000000000,0.000000000,0.050000000,0.000504756,-0.000130143,0.000045255,0.000523225,4.303257192
34.726972534,TRACKING,,0.000846553,1,-0.000570990,-0.000095141,0.050051371,0.000000000,0.000000000,0.050000000,0.000562673,-0.000137381,0.000047385,0.000581137,4.283688347
34.737058743,TRACKING,,0.000273081,1,-0.000631598,-0.000098318,0.050053966,0.000000000,0.000000000,0.050000000,0.000622935,-0.000144850,0.000049652,0.000641479,4.263834029
34.747193632,TRACKING,,0.002425677,1,-0.000631598,-0.000098318,0.050053966,0.000000000,0.000000000,0.050000000,0.000622935,-0.000144850,0.000049652,0.000641479,4.263834029
34.757252532,TRACKING,,0.001937692,1,-0.000621896,-0.000101140,0.050056630,0.000000000,0.000000000,0.050000000,0.000613179,-0.000146751,0.000051642,0.000632606,4.251718188
34.767309058,TRACKING,,0.001022275,1,-0.000676416,-0.000103721,0.050057858,0.000000000,0.000000000,0.050000000,0.000667412,-0.000153121,0.000052529,0.000686764,4.231788905
34.777448696,TRACKING,,0.002501664,1,-0.000740656,-0.000106824,0.050060119,0.000000000,0.000000000,0.050000000,0.000731314,-0.000160679,0.000054398,0.000750731,4.211256850
34.787528968,TRACKING,,0.002112226,1,-0.000747916,-0.000110424,0.050063390,0.000000000,0.000000000,0.050000000,0.000738454,-0.000164497,0.000056708,0.000758676,4.195075525
34.797486947,TRACKING,,0.001192061,1,-0.000812365,-0.000113368,0.050065025,0.000000000,0.000000000,0.050000000,0.000802582,-0.000171834,0.000057895,0.000822810,4.174218015
34.807649144,TRACKING,,0.000674393,1,-0.000877498,-0.000116383,0.050066932,0.000000000,0.000000000,0.050000000,0.000867392,-0.000179259,0.000059370,0.000887709,4.154093216
34.817741289,TRACKING,,0.000032058,1,-0.000866054,-0.000119107,0.050069472,0.000000000,0.000000000,0.050000000,0.000855944,-0.000180878,0.000060877,0.000876962,4.144751689
34.827829873,TRACKING,,0.002069484,1,-0.000931273,-0.000122016,0.050071083,0.000000000,0.000000000,0.050000000,0.000920851,-0.000188149,0.000061990,0.000941918,4.124949709
34.837930329,TRACKING,,0.001699042,1,-0.000995958,-0.000124879,0.050072516,0.000000000,0.000000000,0.050000000,0.000985231,-0.000195299,0.000062954,0.001006373,4.105403916
34.848041472,TRACKING,,0.001130321,1,-0.000981211,-0.000127469,0.050074835,0.000000000,0.000000000,0.050000000,0.000970513,-0.000196530,0.000064075,0.000992282,4.098178585
34.858096810,TRACKING,,0.000103296,1,-0.001050705,-0.000130489,0.050076456,0.000000000,0.000000000,0.050000000,0.001039689,-0.000204105,0.000065117,0.001061533,4.077770194
34.868164022,TRACKING,,0.001840333,1,-0.001050705,-0.000130489,0.050076456,0.000000000,0.000000000,0.050000000,0.001039689,-0.000204105,0.000065117,0.001061533,4.077770194
34.878453261,TRACKING,,0.000631650,1,-0.001119615,-0.000133431,0.050077701,0.000000000,0.000000000,0.050000000,0.001108291,-0.000211514,0.000065817,0.001130212,4.057276547
34.888431424,TRACKING,,0.002391245,1,-0.001110486,-0.000136390,0.050080683,0.000000000,0.000000000,0.050000000,0.001099178,-0.000213459,0.000067337,0.001121736,4.050600120
34.898582935,TRACKING,,0.001355910,1,-0.001181459,-0.000139313,0.050081808,0.000000000,0.000000000,0.050000000,0.001169846,-0.000220922,0.000067821,0.001192454,4.029820599
34.908556350,TRACKING,,0.000286142,1,-0.001258028,-0.000142479,0.050083348,0.000000000,0.000000000,0.050000000,0.001246088,-0.000228973,0.000068686,0.001268811,4.009322798
34.918630685,TRACKING,,0.002014867,1,-0.001251989,-0.000145548,0.050086724,0.000000000,0.000000000,0.050000000,0.001240073,-0.000231210,0.000070310,0.001263401,4.004900943
34.928710957,TRACKING,,0.001366595,1,-0.001324722,-0.000148444,0.050087889,0.000000000,0.000000000,0.050000000,0.001312508,-0.000238674,0.000070757,0.001335908,3.985176955
34.938809039,TRACKING,,0.000788375,1,-0.001400377,-0.000151458,0.050089125,0.000000000,0.000000000,0.050000000,0.001387855,-0.000246409,0.000071272,0.001411360,3.965374650
34.948901185,TRACKING,,0.000204218,1,-0.001387355,-0.000154223,0.050092337,0.000000000,0.000000000,0.050000000,0.001374906,-0.000247858,0.000072549,0.001398951,3.964379388
34.959062194,TRACKING,,0.002390058,1,-0.001462525,-0.000157137,0.050093432,0.000000000,0.000000000,0.050000000,0.001449782,-0.000255397,0.000072845,0.001473907,3.944563228
34.969104472,TRACKING,,0.001906821,1,-0.001536542,-0.000159976,0.050094275,0.000000000,0.000000000,0.050000000,0.001523513,-0.000262741,0.000072936,0.001547722,3.924920782
34.979191868,TRACKING,,0.001196810,1,-0.001518506,-0.000162496,0.050097120,0.000000000,0.000000000,0.050000000,0.001505587,-0.000263590,0.000073654,0.001530260,3.926594729
34.989218712,TRACKING,,0.000089048,1,-0.001595997,-0.000165408,0.050098022,0.000000000,0.000000000,0.050000000,0.001582788,-0.000271159,0.000073679,0.001607537,3.906133872
34.999436712,TRACKING,,0.001928193,1,-0.001595997,-0.000165408,0.050098022,0.000000000,0.000000000,0.050000000,0.001582788,-0.000271159,0.000073679,0.001607537,3.906133872
35.009646401,TRACKING,,0.001466329,1,-0.001672864,-0.000168238,0.050098500,0.000000000,0.000000000,0.050000000,0.001659372,-0.000278550,0.000073326,0.001684186,3.885440967
35.019583009,TRACKING,,0.000841804,1,-0.001654009,-0.000170809,0.050101660,0.000000000,0.000000000,0.050000000,0.001640643,-0.000279380,0.000074112,0.001665910,3.889787311
35.029658532,TRACKING,,0.000248148,1,-0.001729362,-0.000173519,0.050102127,0.000000000,0.000000000,0.050000000,0.001715728,-0.000286500,0.000073667,0.001741043,3.869537936
35.040115181,TRACKING,,0.002367499,1,-0.001808841,-0.000176407,0.050102984,0.000000000,0.000000000,0.050000000,0.001794926,-0.000294039,0.000073576,0.001820338,3.849841633
35.049838073,TRACKING,,0.001980435,1,-0.001794147,-0.000179153,0.050106817,0.000000000,0.000000000,0.050000000,0.001780363,-0.000295293,0.000074689,0.001806231,3.856808473
35.059933780,TRACKING,,0.000813309,1,-0.001868415,-0.000181666,0.050106907,0.000000000,0.000000000,0.050000000,0.001854378,-0.000302060,0.000073814,0.001880268,3.837290109
35.070086478,TRACKING,,0.000027308,1,-0.001952518,-0.000184615,0.050107538,0.000000000,0.000000000,0.050000000,0.001938196,-0.000309811,0.000073381,0.001964172,3.816323740
35.080170313,TRACKING,,0.002087293,1,-0.001936182,-0.000187252,0.050111279,0.000000000,0.000000000,0.050000000,0.001922017,-0.000310809,0.000074144,0.001948396,3.825539404
35.090412059,TRACKING,,0.001512634,1,-0.002012530,-0.000189789,0.050111297,0.000000000,0.000000000,0.050000000,0.001998113,-0.000317622,0.000073111,0.002024521,3.805785385
35.100355791,TRACKING,,0.000965285,1,-0.002090893,-0.000192412,0.050111406,0.000000000,0.000000000,0.050000000,0.002076219,-0.000324611,0.000072172,0.002102681,3.786136584
35.110444374,TRACKING,,0.000371629,1,-0.002166393,-0.000194865,0.050111178,0.000000000,0.000000000,0.050000000,0.002151479,-0.000331192,0.000070984,0.002177979,3.766218132
35.120678997,TRACKING,,0.000033245,1,-0.002139491,-0.000196937,0.050114366,0.000000000,0.000000000,0.050000000,0.002124789,-0.000330937,0.000070963,0.002151577,3.778817789
35.130768767,TRACKING,,0.002278450,1,-0.002211765,-0.000199127,0.050113699,0.000000000,0.000000000,0.050000000,0.002196842,-0.000337003,0.000069287,0.002223620,3.759063759
35.140841916,TRACKING,,0.001469891,1,-0.002284750,-0.000201337,0.050112890,0.000000000,0.000000000,0.050000000,0.002269604,-0.000343080,0.000067502,0.002296380,3.738926810
35.150951871,TRACKING,,0.000327698,1,-0.002255915,-0.000203318,0.050115998,0.000000000,0.000000000,0.050000000,0.002240996,-0.000342588,0.000067204,0.002268027,3.754083625
35.161007209,TRACKING,,0.002031490,1,-0.002255915,-0.000203318,0.050115998,0.000000000,0.000000000,0.050000000,0.002240996,-0.000342588,0.000067204,0.002268027,3.754083625
35.171153971,TRACKING,,0.000964097,1,-0.002332624,-0.000205644,0.050115441,0.000000000,0.000000000,0.050000000,0.002317477,-0.000348939,0.000065515,0.002344515,3.733268661
35.181558379,TRACKING,,0.000048680,1,-0.002417194,-0.000208374,0.050115745,0.000000000,0.000000000,0.050000000,0.002401799,-0.000356135,0.000064577,0.002428918,3.712403002
35.191478364,TRACKING,,0.001765532,1,-0.002401415,-0.000211059,0.050120761,0.000000000,0.000000000,0.050000000,0.002386223,-0.000357145,0.000065637,0.002413695,3.730701042
35.204929413,TRACKING,,0.004110471,1,-0.002486029,-0.000213643,0.050120665,0.000000000,0.000000000,0.050000000,0.002470594,-0.000364134,0.000064176,0.002498108,3.709932280
35.214704546,TRACKING,,0.000928477,1,-0.002565999,-0.000216079,0.050120622,0.000000000,0.000000000,0.050000000,0.002550333,-0.000370736,0.000062858,0.002577905,3.691519767
35.224632843,TRACKING,,0.000146039,1,-0.002551803,-0.000218841,0.050126216,0.000000000,0.000000000,0.050000000,0.002536356,-0.000371893,0.000064141,0.002564278,3.712975021
35.234970762,TRACKING,,0.002329505,1,-0.002637452,-0.000221425,0.050126243,0.000000000,0.000000000,0.050000000,0.002621767,-0.000378849,0.000062702,0.002649740,3.692486301
35.244989294,TRACKING,,0.004432232,1,-0.002724186,-0.000224069,0.050126481,0.000000000,0.000000000,0.050000000,0.002708261,-0.000385919,0.000061478,0.002736310,3.672846274
35.254933025,TRACKING,,0.002055236,1,-0.002716903,-0.000226892,0.050131859,0.000000000,0.000000000,0.050000000,0.002701198,-0.000387431,0.000062090,0.002729548,3.695337516
35.265088098,TRACKING,,0.001596934,1,-0.002797448,-0.000229128,0.050131291,0.000000000,0.000000000,0.050000000,0.002781523,-0.000393666,0.000060097,0.002809885,3.675795092
35.275176681,TRACKING,,0.000954598,1,-0.002879808,-0.000231435,0.050130745,0.000000000,0.000000000,0.050000000,0.002863659,-0.000400036,0.000058133,0.002892050,3.656185897
35.285397056,TRACKING,,0.000506982,1,-0.002852005,-0.000233562,0.050136042,0.000000000,0.000000000,0.050000000,0.002836147,-0.000399766,0.000058746,0.002864785,3.685711540
35.295393029,TRACKING,,0.002614460,1,-0.002934005,-0.000235820,0.050135542,0.000000000,0.000000000,0.050000000,0.002917929,-0.000406007,0.000056728,0.002946586,3.665821145
35.305530292,TRACKING,,0.002097979,1,-0.003014798,-0.000238020,0.050134833,0.000000000,0.000000000,0.050000000,0.002998508,-0.000412082,0.000054578,0.003027184,3.646045885
35.315424157,TRACKING,,0.001481765,1,-0.002982547,-0.000239932,0.050140052,0.000000000,0.000000000,0.050000000,0.002966571,-0.000411351,0.000054945,0.002995458,3.679291710
35.325586354,TRACKING,,0.001049583,1,-0.003061254,-0.000241977,0.050139160,0.000000000,0.000000000,0.050000000,0.003045070,-0.000417115,0.000052544,0.003073954,3.659716645
35.335613197,TRACKING,,0.000372816,1,-0.003141590,-0.000244125,0.050138494,0.000000000,0.000000000,0.050000000,0.003125200,-0.000423029,0.000050381,0.003154103,3.639892168
35.345657850,TRACKING,,0.001976874,1,-0.003141590,-0.000244125,0.050138494,0.000000000,0.000000000,0.050000000,0.003125200,-0.000423029,0.000050381,0.003154103,3.639892168
35.355799862,TRACKING,,0.000970033,1,-0.003112574,-0.000246110,0.050143994,0.000000000,0.000000000,0.050000000,0.003096505,-0.000422500,0.000050711,0.003125607,3.675273875
35.366052294,TRACKING,,0.000048680,1,-0.003191338,-0.000248023,0.050142686,0.000000000,0.000000000,0.050000000,0.003175070,-0.000427966,0.000047873,0.003204140,3.653904659
35.376131379,TRACKING,,0.001693106,1,-0.003274594,-0.000250118,0.050141671,0.000000000,0.000000000,0.050000000,0.003258117,-0.000433843,0.000045242,0.003287186,3.632847724
35.386219963,TRACKING,,0.000535478,1,-0.003245800,-0.000252093,0.050147516,0.000000000,0.000000000,0.050000000,0.003229657,-0.000433313,0.000045626,0.003258915,3.671646472
35.396369099,TRACKING,,0.002282012,1,-0.003327331,-0.000254050,0.050146334,0.000000000,0.000000000,0.050000000,0.003310985,-0.000438900,0.000042762,0.003340222,3.650456642
35.406391193,TRACKING,,0.001141006,1,-0.003410488,-0.000256062,0.050145144,0.000000000,0.000000000,0.050000000,0.003393936,-0.000444599,0.000039895,0.003423166,3.629366241
35.416422785,TRACKING,,0.000381126,1,-0.003376926,-0.000257862,0.050151258,0.000000000,0.000000000,0.050000000,0.003360736,-0.000443643,0.000040414,0.003390133,3.671794107
35.426650284,TRACKING,,0.002518287,1,-0.003456146,-0.000259742,0.050150164,0.000000000,0.000000000,0.050000000,0.003439761,-0.000448986,0.000037615,0.003469144,3.651521392
35.436615387,TRACKING,,0.002029115,1,-0.003533703,-0.000261570,0.050148978,0.000000000,0.000000000,0.050000000,0.003517128,-0.000454171,0.000034812,0.003546501,3.631655376
35.446714656,TRACKING,,0.001504324,1,-0.003494237,-0.000263174,0.050155290,0.000000000,0.000000000,0.050000000,0.003478048,-0.000452764,0.000035422,0.003507573,3.678790479
35.456809176,TRACKING,,0.001010402,1,-0.003572033,-0.000264949,0.050154083,0.000000000,0.000000000,0.050000000,0.003555652,-0.000457871,0.000032473,0.003585158,3.658888423
35.466997494,TRACKING,,0.000030870,1,-0.003572033,-0.000264949,0.050154083,0.000000000,0.000000000,0.050000000,0.003555652,-0.000457871,0.000032473,0.003585158,3.658888423
35.476953098,TRACKING,,0.001728725,1,-0.003654848,-0.000266909,0.050153116,0.000000000,0.000000000,0.050000000,0.003638271,-0.000463363,0.000029689,0.003667779,3.638091452
35.486985878,TRACKING,,0.000638773,1,-0.003623960,-0.000268817,0.050160192,0.000000000,0.000000000,0.050000000,0.003607768,-0.000462692,0.000030595,0.003637445,3.687344034
35.497123141,TRACKING,,0.002314069,1,-0.003711645,-0.000270907,0.050159462,0.000000000,0.000000000,0.050000000,0.003695250,-0.000468495,0.000027777,0.003724934,3.665890682
35.507151172,TRACKING,,0.001162378,1,-0.003805120,-0.000273168,0.050159022,0.000000000,0.000000000,0.050000000,0.003788512,-0.000474758,0.000025094,0.003818226,3.644792443
35.517258752,TRACKING,,0.000068864,1,-0.003782507,-0.000275331,0.050167067,0.000000000,0.000000000,0.050000000,0.003766296,-0.000474759,0.000026383,0.003796192,3.696742370
35.527247601,TRACKING,,0.001707353,1,-0.003874312,-0.000277438,0.050166353,0.000000000,0.000000000,0.050000000,0.003857889,-0.000480714,0.000023366,0.003887794,3.675385563
35.537329061,TRACKING,,0.000718323,1,-0.003967402,-0.000279549,0.050165527,0.000000000,0.000000000,0.050000000,0.003950762,-0.000486712,0.000020245,0.003980681,3.654233934
35.547444952,TRACKING,,0.002488605,1,-0.003940832,-0.000281455,0.050173458,0.000000000,0.000000000,0.050000000,0.003924611,-0.000486255,0.000021228,0.003954676,3.709533814
35.557459922,TRACKING,,0.001268048,1,-0.004033156,-0.000283452,0.050172494,0.000000000,0.000000000,0.050000000,0.004016718,-0.000492043,0.000017876,0.004046783,3.688184157
35.567543756,TRACKING,,0.000179284,1,-0.004127102,-0.000285507,0.050171625,0.000000000,0.000000000,0.050000000,0.004110449,-0.000497930,0.000014634,0.004140525,3.666686125
35.577584847,TRACKING,,0.001845082,1,-0.004127102,-0.000285507,0.050171625,0.000000000,0.000000000,0.050000000,0.004110449,-0.000497930,0.000014634,0.004140525,3.666686125
35.587691240,TRACKING,,0.000829930,1,-0.004099469,-0.000287267,0.050179625,0.000000000,0.000000000,0.050000000,0.004083248,-0.000497275,0.000015414,0.004113445,3.725015783
35.597959108,TRACKING,,0.002563404,1,-0.004186733,-0.000288978,0.050178175,0.000000000,0.000000000,0.050000000,0.004170305,-0.000502402,0.000011711,0.004200475,3.703303060
35.607847036,TRACKING,,0.001319103,1,-0.004278166,-0.000290822,0.050176910,0.000000000,0.000000000,0.050000000,0.004261525,-0.000507860,0.000008079,0.004291687,3.681928736
35.618735867,TRACKING,,0.002198900,1,-0.004251555,-0.000292572,0.050185340,0.000000000,0.000000000,0.050000000,0.004235365,-0.000507222,0.000008987,0.004265638,3.742538711
35.628603610,TRACKING,,0.001213432,1,-0.004350840,-0.000294441,0.050183561,0.000000000,0.000000000,0.050000000,0.004334408,-0.000512916,0.000004543,0.004364653,3.718472710
35.638644701,TRACKING,,0.000711199,1,-0.004441465,-0.000296240,0.050182394,0.000000000,0.000000000,0.050000000,0.004424826,-0.000518223,0.000000964,0.004455069,3.697426419
35.648716662,TRACKING,,0.000099734,1,-0.004409686,-0.000297796,0.050191082,0.000000000,0.000000000,0.050000000,0.004393521,-0.000517200,0.000001964,0.004423859,3.762036994
35.658938224,TRACKING,,0.002210773,1,-0.004497919,-0.000299462,0.050189801,0.000000000,0.000000000,0.050000000,0.004481544,-0.000522245,-0.000001800,0.004511871,3.741606578
35.668965068,TRACKING,,0.001436647,1,-0.004587598,-0.000301122,0.050188333,0.000000000,0.000000000,0.050000000,0.004571007,-0.000527309,-0.000005730,0.004601325,3.720855140
35.679002597,TRACKING,,0.000174535,1,-0.004558033,-0.000302594,0.050196999,0.000000000,0.000000000,0.050000000,0.004541919,-0.000526292,-0.000005061,0.004572312,3.787355007
35.689126799,TRACKING,,0.002194151,1,-0.004558033,-0.000302594,0.050196999,0.000000000,0.000000000,0.050000000,0.004541919,-0.000526292,-0.000005061,0.004572312,3.787355007
35.699454032,TRACKING,,0.001170689,1,-0.004651438,-0.000304326,0.050195798,0.000000000,0.000000000,0.050000000,0.004635105,-0.000531556,-0.000008987,0.004665493,3.766201309
35.709421510,TRACKING,,0.000032057,1,-0.004757027,-0.000306457,0.050195337,0.000000000,0.000000000,0.050000000,0.004740468,-0.000537760,-0.000012583,0.004770889,3.744414488
35.719519592,TRACKING,,0.001709728,1,-0.004748126,-0.000308591,0.050205872,0.000000000,0.000000000,0.050000000,0.004732050,-0.000538413,-0.000011240,0.004762595,3.812883550
35.729586803,TRACKING,,0.000503420,1,-0.004855686,-0.000310631,0.050205124,0.000000000,0.000000000,0.050000000,0.004839366,-0.000544567,-0.000015382,0.004869934,3.791299572
35.739665888,TRACKING,,0.002398369,1,-0.004970928,-0.000312905,0.050204826,0.000000000,0.000000000,0.050000000,0.004954362,-0.000551283,-0.000019318,0.004984976,3.769515689
35.749724789,TRACKING,,0.001532818,1,-0.004961912,-0.000314857,0.050215489,0.000000000,0.000000000,0.050000000,0.004945844,-0.000551749,-0.000018276,0.004976559,3.840517529
35.759820496,TRACKING,,0.000518855,1,-0.005068817,-0.000316693,0.050214352,0.000000000,0.000000000,0.050000000,0.005052496,-0.000557593,-0.000022862,0.005083222,3.819262184
35.769825968,TRACKING,,0.002339003,1,-0.005178436,-0.000318616,0.050213367,0.000000000,0.000000000,0.050000000,0.005161864,-0.000563613,-0.000027330,0.005192614,3.797847520
35.779997663,TRACKING,,0.001192061,1,-0.005164883,-0.000320218,0.050223702,0.000000000,0.000000000,0.050000000,0.005148822,-0.000563489,-0.000026768,0.005179633,3.870660655
35.790029255,TRACKING,,0.000096172,1,-0.005274588,-0.000322014,0.050222508,0.000000000,0.000000000,0.050000000,0.005258266,-0.000569317,-0.000031564,0.005289091,3.848849480
35.800028790,TRACKING,,0.001817774,1,-0.005274588,-0.000322014,0.050222508,0.000000000,0.000000000,0.050000000,0.005258266,-0.000569317,-0.000031564,0.005289091,3.848849480
35.810164866,TRACKING,,0.000691015,1,-0.005381050,-0.000323659,0.050220846,0.000000000,0.000000000,0.050000000,0.005364464,-0.000574811,-0.000036615,0.005395296,3.827275246
35.820356746,TRACKING,,0.002523037,1,-0.005371012,-0.000325314,0.050231765,0.000000000,0.000000000,0.050000000,0.005354953,-0.000574884,-0.000035951,0.005385843,3.901397153
35.830553374,TRACKING,,0.001010402,1,-0.005477876,-0.000326971,0.050230299,0.000000000,0.000000000,0.050000000,0.005461554,-0.000580368,-0.000040999,0.005492456,3.880113532
35.840372438,TRACKING,,0.000379939,1,-0.005601840,-0.000329053,0.050229414,0.000000000,0.000000000,0.050000000,0.005585237,-0.000586953,-0.000046085,0.005616183,3.857196304
35.850501390,TRACKING,,0.000280206,1,-0.005616565,-0.000331062,0.050240764,0.000000000,0.000000000,0.050000000,0.005600455,-0.000588325,-0.000046377,0.005631463,3.929769348
35.860521109,TRACKING,,0.002058798,1,-0.005731903,-0.000332821,0.050239474,0.000000000,0.000000000,0.050000000,0.005715512,-0.000594206,-0.000051703,0.005746549,3.908358093
35.870561013,TRACKING,,0.000788375,1,-0.005846811,-0.000334477,0.050237754,0.000000000,0.000000000,0.050000000,0.005830130,-0.000599918,-0.000057338,0.005861194,3.886767858
35.880637723,TRACKING,,0.000099734,1,-0.005837057,-0.000335877,0.050249199,0.000000000,0.000000000,0.050000000,0.005820929,-0.000599738,-0.000057002,0.005852021,3.964348994
35.890803482,TRACKING,,0.002276076,1,-0.005837057,-0.000335877,0.050249199,0.000000000,0.000000000,0.050000000,0.005820929,-0.000599738,-0.000057002,0.005852021,3.964348994
35.900884941,TRACKING,,0.001754846,1,-0.005946031,-0.000337397,0.050247615,0.000000000,0.000000000,0.050000000,0.005929624,-0.000605054,-0.000062426,0.005960741,3.943721339
35.911024579,TRACKING,,0.000553287,1,-0.006060552,-0.000339057,0.050246243,0.000000000,0.000000000,0.050000000,0.006043862,-0.000610746,-0.000067847,0.006075021,3.923205865
35.921109601,TRACKING,,0.002171592,1,-0.006072963,-0.000341012,0.050259215,0.000000000,0.000000000,0.050000000,0.006056828,-0.000612083,-0.000067415,0.006088051,4.001162925
35.931187498,TRACKING,,0.001184937,1,-0.006199076,-0.000342845,0.050258001,0.000000000,0.000000000,0.050000000,0.006182633,-0.000618322,-0.000073318,0.006213908,3.979240336
35.941267770,TRACKING,,0.000132979,1,-0.006331564,-0.000344865,0.050257161,0.000000000,0.000000000,0.050000000,0.006314816,-0.000624994,-0.000079075,0.006346162,3.957210175
35.951355166,TRACKING,,0.001845082,1,-0.006343240,-0.000346610,0.050270172,0.000000000,0.000000000,0.050000000,0.006327054,-0.000626068,-0.000079038,0.006358445,4.036365463
35.961448499,TRACKING,,0.000801435,1,-0.006468370,-0.000348248,0.050268540,0.000000000,0.000000000,0.050000000,0.006451860,-0.000631988,-0.000085386,0.006483302,4.014722625
35.975406530,TRACKING,,0.002651266,1,-0.006596272,-0.000349963,0.050267024,0.000000000,0.000000000,0.050000000,0.006579441,-0.000638065,-0.000091652,0.006610944,3.992895406
35.981759832,TRACKING,,0.001440208,1,-0.006601693,-0.000351283,0.050279493,0.000000000,0.000000000,0.050000000,0.006585421,-0.000638431,-0.000092255,0.006616938,4.073139272
35.991799736,TRACKING,,0.002463671,1,-0.006601693,-0.000351283,0.050279493,0.000000000,0.000000000,0.050000000,0.006585421,-0.000638431,-0.000092255,0.006616938,4.073139272
36.001731594,TRACKING,,0.001744160,1,-0.006733733,-0.000352896,0.050277562,0.000000000,0.000000000,0.050000000,0.006717112,-0.000644441,-0.000099154,0.006748684,4.049745265
36.011845111,TRACKING,,0.000793124,1,-0.006857724,-0.000354421,0.050275761,0.000000000,0.000000000,0.050000000,0.006840777,-0.000650122,-0.000105606,0.006872411,4.028638237
36.021963377,TRACKING,,0.000070051,1,-0.006874847,-0.000356112,0.050289808,0.000000000,0.000000000,0.050000000,0.006858492,-0.000651339,-0.000105697,0.006890161,4.109492862
36.032165942,TRACKING,,0.001769093,1,-0.007000551,-0.000357653,0.050288183,0.000000000,0.000000000,0.050000000,0.006983866,-0.000657039,-0.000112222,0.007015603,4.088322603
36.042072867,TRACKING,,0.000755130,1,-0.007133897,-0.000359293,0.050286475,0.000000000,0.000000000,0.050000000,0.007116864,-0.000663104,-0.000119104,0.007148682,4.066608699
36.052130580,TRACKING,,0.001985184,1,-0.007157843,-0.000360837,0.050300174,0.000000000,0.000000000,0.050000000,0.007141378,-0.000664330,-0.000120033,0.007173216,4.145360362
36.062196605,TRACKING,,0.000977157,1,-0.007282891,-0.000362158,0.050297882,0.000000000,0.000000000,0.050000000,0.007266071,-0.000669659,-0.000127166,0.007297972,4.123668507
36.072400357,TRACKING,,0.001232429,1,-0.007425303,-0.000363705,0.050295388,0.000000000,0.000000000,0.050000000,0.007408088,-0.000675750,-0.000135081,0.007440071,4.099168817
36.082447385,TRACKING,,0.000255272,1,-0.007431297,-0.000364714,0.050308719,0.000000000,0.000000000,0.050000000,0.007414672,-0.000675758,-0.000135974,0.007446644,4.180279834
36.092364995,TRACKING,,0.002207211,1,-0.007431297,-0.000364714,0.050308719,0.000000000,0.000000000,0.050000000,0.007414672,-0.000675758,-0.000135974,0.007446644,4.180279834
36.102610304,TRACKING,,0.000761066,1,-0.007551419,-0.000365892,0.050306274,0.000000000,0.000000000,0.050000000,0.007534442,-0.000680678,-0.000143038,0.007566479,4.158919770
36.112614588,TRACKING,,0.000445242,1,-0.007686861,-0.000367404,0.050304237,0.000000000,0.000000000,0.050000000,0.007669520,-0.000686470,-0.000150326,0.007701648,4.136137558
36.122694860,TRACKING,,0.002282012,1,-0.007702490,-0.000368805,0.050319217,0.000000000,0.000000000,0.050000000,0.007685779,-0.000687318,-0.000150541,0.007717918,4.217981399
36.133001909,TRACKING,,0.001557753,1,-0.007830398,-0.000370130,0.050317066,0.000000000,0.000000000,0.050000000,0.007813324,-0.000692621,-0.000157811,0.007845550,4.196562028
36.142747359,TRACKING,,0.000834680,1,-0.007960288,-0.000371505,0.050314988,0.000000000,0.000000000,0.050000000,0.007942851,-0.000698061,-0.000165083,0.007975176,4.175586909
36.152780139,TRACKING,,0.000223215,1,-0.007979698,-0.000372804,0.050329938,0.000000000,0.000000000,0.050000000,0.007962883,-0.000698884,-0.000165742,0.007995212,4.256240966
36.162882970,TRACKING,,0.002181091,1,-0.008105066,-0.000374020,0.050327670,0.000000000,0.000000000,0.050000000,0.008087887,-0.000703912,-0.000173047,0.008120305,4.235099229
36.173109282,TRACKING,,0.001563689,1,-0.008230453,-0.000375202,0.050325188,0.000000000,0.000000000,0.050000000,0.008212904,-0.000708884,-0.000180478,0.008245416,4.214008451
36.183184805,TRACKING,,0.000894045,1,-0.008242471,-0.000376156,0.050339686,0.000000000,0.000000000,0.050000000,0.008225542,-0.000709049,-0.000181443,0.008258039,4.294609637
36.193278137,TRACKING,,0.000219653,1,-0.008362811,-0.000377205,0.050337105,0.000000000,0.000000000,0.050000000,0.008345515,-0.000713630,-0.000188775,0.008378098,4.273400655
36.203614869,TRACKING,,0.002330692,1,-0.008482600,-0.000378213,0.050334295,0.000000000,0.000000000,0.050000000,0.008464934,-0.000718119,-0.000196213,0.008497606,4.252201987
36.213460053,TRACKING,,0.001643239,1,-0.008490015,-0.000378976,0.050348687,0.000000000,0.000000000,0.050000000,0.008472977,-0.000717875,-0.000197146,0.008505619,4.331937290
36.223536763,TRACKING,,0.000990218,1,-0.008603747,-0.000379787,0.050345536,0.000000000,0.000000000,0.050000000,0.008586331,-0.000721890,-0.000204681,0.008619054,4.310874683
36.233570731,TRACKING,,0.000180472,1,-0.008718768,-0.000380677,0.050342516,0.000000000,0.000000000,0.050000000,0.008700984,-0.000725991,-0.000212037,0.008733793,4.289488733
36.247334042,TRACKING,,0.004853729,1,-0.008718768,-0.000380677,0.050342516,0.000000000,0.000000000,0.050000000,0.008700984,-0.000725991,-0.000212037,0.008733793,4.289488733
36.253857130,TRACKING,,0.001028211,1,-0.008726605,-0.000381392,0.050356976,0.000000000,0.000000000,0.050000000,0.008709454,-0.000725657,-0.000212958,0.008742226,4.367723115
36.263779490,TRACKING,,0.000434556,1,-0.008834797,-0.000381998,0.050353295,0.000000000,0.000000000,0.050000000,0.008817262,-0.000729115,-0.000220600,0.008850106,4.345939036
36.273851451,TRACKING,,0.002457734,1,-0.008944810,-0.000382788,0.050350172,0.000000000,0.000000000,0.050000000,0.008926916,-0.000732844,-0.000227791,0.008959842,4.324672534
36.284032644,TRACKING,,0.001783342,1,-0.008950417,-0.000383494,0.050364903,0.000000000,0.000000000,0.050000000,0.008933171,-0.000732429,-0.000228435,0.008966057,4.402398618
36.294131914,TRACKING,,0.001158816,1,-0.009053402,-0.000384079,0.050361397,0.000000000,0.000000000,0.050000000,0.009035791,-0.000735632,-0.000235663,0.009068749,4.381174744
36.304220497,TRACKING,,0.000496297,1,-0.009162513,-0.000384895,0.050358399,0.000000000,0.000000000,0.050000000,0.009144551,-0.000739282,-0.000242665,0.009177595,4.359696418
36.314335201,TRACKING,,0.002476731,1,-0.009167889,-0.000385583,0.050373255,0.000000000,0.000000000,0.050000000,0.009150585,-0.000738821,-0.000243161,0.009183583,4.436095332
36.324395289,TRACKING,,0.001841520,1,-0.009273481,-0.000386284,0.050370065,0.000000000,0.000000000,0.050000000,0.009255817,-0.000742194,-0.000250249,0.009288898,4.414829598
36.334492184,TRACKING,,0.001205121,1,-0.009381658,-0.000387056,0.050366952,0.000000000,0.000000000,0.050000000,0.009363633,-0.000745733,-0.000257368,0.009396807,4.393694701
36.344494093,TRACKING,,0.000246960,1,-0.009391428,-0.000387803,0.050381961,0.000000000,0.000000000,0.050000000,0.009374059,-0.000745466,-0.000257905,0.009407189,4.468208139
36.354491254,TRACKING,,0.002057611,1,-0.009504380,-0.000388649,0.050378957,0.000000000,0.000000000,0.050000000,0.009486638,-0.000749173,-0.000265193,0.009519868,4.446197718
36.364592897,TRACKING,,0.001082828,1,-0.009614873,-0.000389425,0.050375730,0.000000000,0.000000000,0.050000000,0.009596758,-0.000752715,-0.000272497,0.009630088,4.424492801
36.374670795,TRACKING,,0.000445242,1,-0.009717025,-0.000390061,0.050372345,0.000000000,0.000000000,0.050000000,0.009698562,-0.000755784,-0.000279379,0.009731977,4.403116508
36.384812807,TRACKING,,0.002388871,1,-0.009717025,-0.000390061,0.050372345,0.000000000,0.000000000,0.050000000,0.009698562,-0.000755784,-0.000279379,0.009731977,4.403116508
36.394833714,TRACKING,,0.001697855,1,-0.009716948,-0.000390462,0.050386843,0.000000000,0.000000000,0.050000000,0.009699132,-0.000754772,-0.000279905,0.009732481,4.476254690
36.404866494,TRACKING,,0.001028211,1,-0.009804557,-0.000390666,0.050382641,0.000000000,0.000000000,0.050000000,0.009786390,-0.000756793,-0.000286734,0.009819795,4.454965311
36.415012068,TRACKING,,0.000379939,1,-0.009901367,-0.000391198,0.050379178,0.000000000,0.000000000,0.050000000,0.009882866,-0.000759469,-0.000293338,0.009916344,4.433438437
36.425182576,TRACKING,,0.002337815,1,-0.009903179,-0.000391678,0.050393884,0.000000000,0.000000000,0.050000000,0.009885334,-0.000758592,-0.000293629,0.009918745,4.504870741
36.435119183,TRACKING,,0.001695480,1,-0.009996428,-0.000392119,0.050390272,0.000000000,0.000000000,0.050000000,0.009978243,-0.000761019,-0.000300243,0.010011725,4.483519840
36.445537839,TRACKING,,0.001002090,1,-0.010095110,-0.000392721,0.050386960,0.000000000,0.000000000,0.050000000,0.010076587,-0.000763820,-0.000306883,0.010110154,4.462361152
36.455733281,TRACKING,,0.002206024,1,-0.010110582,-0.000393398,0.050401694,0.000000000,0.000000000,0.050000000,0.010092690,-0.000763521,-0.000307602,0.010126203,4.530045597
36.465438362,TRACKING,,0.000599592,1,-0.010217534,-0.000394048,0.050398150,0.000000000,0.000000000,0.050000000,0.010199272,-0.000766515,-0.000314797,0.010232878,4.506989979
36.475661112,TRACKING,,0.000032057,1,-0.010320852,-0.000394818,0.050395247,0.000000000,0.000000000,0.050000000,0.010302261,-0.000769605,-0.000321291,0.010335961,4.485625912
36.485740197,TRACKING,,0.002099166,1,-0.010331762,-0.000395450,0.050410087,0.000000000,0.000000000,0.050000000,0.010313809,-0.000769227,-0.000321696,0.010347456,4.553088372
36.495826406,TRACKING,,0.001460393,1,-0.010435106,-0.000396181,0.050407136,0.000000000,0.000000000,0.050000000,0.010416811,-0.000772265,-0.000328326,0.010450557,4.531868443
36.505938735,TRACKING,,0.000916604,1,-0.010537926,-0.000396911,0.050404163,0.000000000,0.000000000,0.050000000,0.010519293,-0.000775293,-0.000334923,0.010553141,4.510996721
36.515984575,TRACKING,,0.000356193,1,-0.010552474,-0.000397577,0.050418961,0.000000000,0.000000000,0.050000000,0.010534472,-0.000775077,-0.000335358,0.010568269,4.576092229
36.526199014,TRACKING,,0.002451798,1,-0.010552474,-0.000397577,0.050418961,0.000000000,0.000000000,0.050000000,0.010534472,-0.000775077,-0.000335358,0.010568269,4.576092229
36.536502500,TRACKING,,0.001814211,1,-0.010658830,-0.000398410,0.050416313,0.000000000,0.000000000,0.050000000,0.010640491,-0.000778304,-0.000341906,0.010674395,4.555054958
36.546234890,TRACKING,,0.000899982,1,-0.010773891,-0.000399403,0.050413836,0.000000000,0.000000000,0.050000000,0.010755203,-0.000781979,-0.000348757,0.010789231,4.533702641
36.556305664,TRACKING,,0.000284954,1,-0.010814930,-0.000400599,0.050429498,0.000000000,0.000000000,0.050000000,0.010796845,-0.000783202,-0.000349837,0.010830866,4.595697920
36.566600839,TRACKING,,0.002325942,1,-0.010934452,-0.000401693,0.050427376,0.000000000,0.000000000,0.050000000,0.010916020,-0.000787089,-0.000356717,0.010950171,4.574399171
36.576520825,TRACKING,,0.001158816,1,-0.011060157,-0.000402867,0.050425246,0.000000000,0.000000000,0.050000000,0.011041363,-0.000791246,-0.000363908,0.011075658,4.552864323
36.586595160,TRACKING,,0.000112794,1,-0.011104695,-0.000403928,0.050440284,0.000000000,0.000000000,0.050000000,0.011086468,-0.000792389,-0.000365519,0.011120758,4.611723371
36.596686118,TRACKING,,0.001716852,1,-0.011226092,-0.000404879,0.050437571,0.000000000,0.000000000,0.050000000,0.011207484,-0.000796087,-0.000372922,0.011241909,4.589623279
36.606788949,TRACKING,,0.000641148,1,-0.011348388,-0.000405783,0.050434547,0.000000000,0.000000000,0.050000000,0.011329385,-0.000799745,-0.000380583,0.011363952,4.567410512
36.616888218,TRACKING,,0.002341377,1,-0.011385762,-0.000406507,0.050448513,0.000000000,0.000000000,0.050000000,0.011367289,-0.000800280,-0.000382461,0.011401841,4.623667013
36.626979176,TRACKING,,0.001347599,1,-0.011501299,-0.000407245,0.050445224,0.000000000,0.000000000,0.050000000,0.011482432,-0.000803515,-0.000389967,0.011517116,4.601648779
36.637219736,TRACKING,,0.000200655,1,-0.011617588,-0.000408022,0.050441944,0.000000000,0.000000000,0.050000000,0.011598334,-0.000806779,-0.000397373,0.011633149,4.579353046
36.647093416,TRACKING,,0.001962625,1,-0.011617588,-0.000408022,0.050441944,0.000000000,0.000000000,0.050000000,0.011598334,-0.000806779,-0.000397373,0.011633149,4.579353046
36.660741558,TRACKING,,0.004266009,1,-0.011651973,-0.000408566,0.050455147,0.000000000,0.000000000,0.050000000,0.011633217,-0.000807020,-0.000399429,0.011668015,4.632848442
36.670673416,TRACKING,,0.000890484,1,-0.011773351,-0.000408956,0.050450009,0.000000000,0.000000000,0.050000000,0.011754114,-0.000809715,-0.000408316,0.011789044,4.606527247
36.680764374,TRACKING,,0.000439305,1,-0.011887539,-0.000409709,0.050446723,0.000000000,0.000000000,0.050000000,0.011867928,-0.000812802,-0.000415483,0.011902983,4.584101494
36.690875517,TRACKING,,0.002589525,1,-0.011921620,-0.000410312,0.050459932,0.000000000,0.000000000,0.050000000,0.011902507,-0.000813122,-0.000417214,0.011937542,4.635340529
36.700974786,TRACKING,,0.002097979,1,-0.012022353,-0.000410814,0.050456375,0.000000000,0.000000000,0.050000000,0.012002880,-0.000815552,-0.000423978,0.012038024,4.614338350
36.711136982,TRACKING,,0.001620680,1,-0.012126949,-0.000411414,0.050452956,0.000000000,0.000000000,0.050000000,0.012107115,-0.000818216,-0.000430827,0.012142377,4.593447609
36.721047469,TRACKING,,0.001072142,1,-0.012162178,-0.000411933,0.050465431,0.000000000,0.000000000,0.050000000,0.012142802,-0.000818476,-0.000432841,0.012178049,4.641516124
36.731063626,TRACKING,,0.000555662,1,-0.012264412,-0.000412508,0.050462025,0.000000000,0.000000000,0.050000000,0.012244684,-0.000820985,-0.000439462,0.012280042,4.620344033
36.741124902,TRACKING,,0.000087861,1,-0.012368269,-0.000413117,0.050458616,0.000000000,0.000000000,0.050000000,0.012348187,-0.000823581,-0.000446152,0.012383661,4.599303737
36.751245542,TRACKING,,0.002236894,1,-0.012404436,-0.000413606,0.050470521,0.000000000,0.000000000,0.050000000,0.012384787,-0.000823820,-0.000448188,0.012420245,4.643940873
36.761287821,TRACKING,,0.001522133,1,-0.012503696,-0.000414091,0.050466866,0.000000000,0.000000000,0.050000000,0.012483689,-0.000826119,-0.000454830,0.012519259,4.623074686
36.771522443,TRACKING,,0.000664894,1,-0.012608343,-0.000414636,0.050463097,0.000000000,0.000000000,0.050000000,0.012587966,-0.000828603,-0.000461765,0.012623656,4.601549016
36.781603903,TRACKING,,0.000032058,1,-0.012648951,-0.000415111,0.050474222,0.000000000,0.000000000,0.050000000,0.012628964,-0.000828900,-0.000464063,0.012664642,4.641836045
36.791724543,TRACKING,,0.002126474,1,-0.012750501,-0.000415646,0.050470561,0.000000000,0.000000000,0.050000000,0.012730157,-0.000831263,-0.000470711,0.012765950,4.620574566
36.801803628,TRACKING,,0.001608807,1,-0.012849060,-0.000416124,0.050466746,0.000000000,0.000000000,0.050000000,0.012828362,-0.000833476,-0.000477275,0.012864266,4.599574269
36.811856592,TRACKING,,0.000687453,1,-0.012888117,-0.000416442,0.050476731,0.000000000,0.000000000,0.050000000,0.012867759,-0.000833542,-0.000479851,0.012903653,4.636164070
36.822071031,TRACKING,,0.002714194,1,-0.012888117,-0.000416442,0.050476731,0.000000000,0.000000000,0.050000000,0.012867759,-0.000833542,-0.000479851,0.012903653,4.636164070
36.832068191,TRACKING,,0.001658674,1,-0.012986955,-0.000416945,0.050472958,0.000000000,0.000000000,0.050000000,0.012966249,-0.000835736,-0.000486287,0.013002252,4.614738793
36.842165086,TRACKING,,0.000561598,1,-0.013093684,-0.000417584,0.050469263,0.000000000,0.000000000,0.050000000,0.013072617,-0.000838293,-0.000493046,0.013108743,4.592875394
36.852285726,TRACKING,,0.002277263,1,-0.013154031,-0.000418368,0.050479522,0.000000000,0.000000000,0.050000000,0.013133271,-0.000839468,-0.000495961,0.013169415,4.624973343
36.862303071,TRACKING,,0.001175438,1,-0.013263925,-0.000419049,0.050475932,0.000000000,0.000000000,0.050000000,0.013242807,-0.000842096,-0.000502752,0.013279074,4.602783835
36.872372657,TRACKING,,0.003244921,1,-0.013377344,-0.000419850,0.050472547,0.000000000,0.000000000,0.050000000,0.013355876,-0.000844943,-0.000509470,0.013392270,4.580441313
36.882457679,TRACKING,,0.000979532,1,-0.013445042,-0.000420459,0.050480986,0.000000000,0.000000000,0.050000000,0.013423786,-0.000845988,-0.000513396,0.013460211,4.606408342
36.892495208,TRACKING,,0.002582402,1,-0.013544137,-0.000420973,0.050477068,0.000000000,0.000000000,0.050000000,0.013522538,-0.000848115,-0.000519740,0.013559073,4.584927785
36.902628909,TRACKING,,0.001653925,1,-0.013643451,-0.000421386,0.050472521,0.000000000,0.000000000,0.050000000,0.013621486,-0.000850057,-0.000526410,0.013658133,4.562388164
36.912719867,TRACKING,,0.001106574,1,-0.013683426,-0.000421570,0.050479852,0.000000000,0.000000000,0.050000000,0.013661681,-0.000850008,-0.000529236,0.013698325,4.587695774
36.922810825,TRACKING,,0.000654208,1,-0.013771272,-0.000421923,0.050475600,0.000000000,0.000000000,0.050000000,0.013749205,-0.000851607,-0.000535061,0.013785940,4.566576589
36.933013390,TRACKING,,0.002646517,1,-0.013771272,-0.000421923,0.050475600,0.000000000,0.000000000,0.050000000,0.013749205,-0.000851607,-0.000535061,0.013785940,4.566576589
36.943002239,TRACKING,,0.001680045,1,-0.013857078,-0.000422210,0.050471063,0.000000000,0.000000000,0.050000000,0.013834686,-0.000853036,-0.000540891,0.013871509,4.545169767
36.953102696,TRACKING,,0.000536665,1,-0.013901934,-0.000422439,0.050477265,0.000000000,0.000000000,0.050000000,0.013879712,-0.000853098,-0.000543905,0.013916537,4.565133287
36.963206714,TRACKING,,0.002225021,1,-0.013990418,-0.000422780,0.050472736,0.000000000,0.000000000,0.050000000,0.013967878,-0.000854555,-0.000549659,0.014004785,4.542761671
36.973307171,TRACKING,,0.001182562,1,-0.014082261,-0.000423207,0.050468333,0.000000000,0.000000000,0.050000000,0.014059403,-0.000856219,-0.000555515,0.014096401,4.520633993
36.983329265,TRACKING,,0.000154350,1,-0.014132522,-0.000423551,0.050473809,0.000000000,0.000000000,0.050000000,0.014109806,-0.000856495,-0.000558439,0.014146804,4.535775150
36.993383416,TRACKING,,0.001803526,1,-0.014214932,-0.000423818,0.050469054,0.000000000,0.000000000,0.050000000,0.014191911,-0.000857669,-0.000563897,0.014228982,4.513599543
37.003388887,TRACKING,,0.000808559,1,-0.014294319,-0.000424037,0.050464075,0.000000000,0.000000000,0.050000000,0.014270993,-0.000858704,-0.000569312,0.014308135,4.491509193
37.013508341,TRACKING,,0.002556281,1,-0.014333719,-0.000424123,0.050467785,0.000000000,0.000000000,0.050000000,0.014310492,-0.000858364,-0.000572030,0.014347620,4.502165422
37.023529248,TRACKING,,0.001507885,1,-0.014400199,-0.000424187,0.050462492,0.000000000,0.000000000,0.050000000,0.014376689,-0.000858849,-0.000576832,0.014413867,4.480318821
37.033654638,TRACKING,,0.000340758,1,-0.014463032,-0.000424191,0.050456895,0.000000000,0.000000000,0.050000000,0.014439241,-0.000859137,-0.000581553,0.014476463,4.458182319
37.044059046,TRACKING,,0.001957876,1,-0.014463032,-0.000424191,0.050456895,0.000000000,0.000000000,0.050000000,0.014439241,-0.000859137,-0.000581553,0.014476463,4.458182319
37.053840115,TRACKING,,0.001049583,1,-0.014491143,-0.000424098,0.050458919,0.000000000,0.000000000,0.050000000,0.014467418,-0.000858261,-0.000583865,0.014504609,4.464140858
37.064043868,TRACKING,,0.002536097,1,-0.014541609,-0.000423980,0.050453296,0.000000000,0.000000000,0.050000000,0.014517650,-0.000857993,-0.000587654,0.014554849,4.441838137
37.074155010,TRACKING,,0.001672922,1,-0.014596524,-0.000423949,0.050447724,0.000000000,0.000000000,0.050000000,0.014572328,-0.000857912,-0.000591569,0.014609541,4.419139835
37.084136736,TRACKING,,0.000594843,1,-0.014622690,-0.000423836,0.050448685,0.000000000,0.000000000,0.050000000,0.014598537,-0.000856955,-0.000593607,0.014635710,4.420802316
37.094450908,TRACKING,,0.001814211,1,-0.014667726,-0.000423711,0.050443196,0.000000000,0.000000000,0.050000000,0.014643372,-0.000856494,-0.000596855,0.014680536,4.398719279
37.104237914,TRACKING,,0.001227680,1,-0.014710548,-0.000423546,0.050437411,0.000000000,0.000000000,0.050000000,0.014685990,-0.000855885,-0.000600076,0.014723143,4.376115492
37.114279005,TRACKING,,0.000537852,1,-0.014726626,-0.000423297,0.050436920,0.000000000,0.000000000,0.050000000,0.014702101,-0.000854454,-0.000601452,0.014739186,4.372757574
37.124380649,TRACKING,,0.002609710,1,-0.014757044,-0.000423041,0.050431339,0.000000000,0.000000000,0.050000000,0.014732356,-0.000853457,-0.000603869,0.014769407,4.351371778
37.134850359,TRACKING,,0.002030302,1,-0.014782672,-0.000422727,0.050425677,0.000000000,0.000000000,0.050000000,0.014757833,-0.000852265,-0.000606056,0.014794840,4.330157250
37.144507949,TRACKING,,0.001036522,1,-0.014790385,-0.000422296,0.050423420,0.000000000,0.000000000,0.050000000,0.014765544,-0.000850377,-0.000607175,0.014802470,4.321686339
37.154533605,TRACKING,,0.000454740,1,-0.014807253,-0.000421911,0.050417734,0.000000000,0.000000000,0.050000000,0.014782295,-0.000848817,-0.000608709,0.014819152,4.300250234
37.164844215,TRACKING,,0.002356813,1,-0.014807253,-0.000421911,0.050417734,0.000000000,0.000000000,0.050000000,0.014782295,-0.000848817,-0.000608709,0.014819152,4.300250234
37.175038469,TRACKING,,0.001664611,1,-0.014820155,-0.000421468,0.050411975,0.000000000,0.000000000,0.050000000,0.014795089,-0.000847071,-0.000610048,0.014831869,4.278859058
37.184850409,TRACKING,,0.000725447,1,-0.014821824,-0.000420969,0.050408386,0.000000000,0.000000000,0.050000000,0.014796745,-0.000844926,-0.000610676,0.014833424,4.265400900
37.194972237,TRACKING,,0.000173347,1,-0.014830717,-0.000420519,0.050402731,0.000000000,0.000000000,0.050000000,0.014805562,-0.000842978,-0.000611488,0.014842143,4.243406038
37.205081005,TRACKING,,0.002335441,1,-0.014837902,-0.000420084,0.050397277,0.000000000,0.000000000,0.050000000,0.014812682,-0.000841044,-0.000612160,0.014849163,4.222140223
37.215150591,TRACKING,,0.001459206,1,-0.014838728,-0.000419585,0.050392581,0.000000000,0.000000000,0.050000000,0.014813480,-0.000838870,-0.000612472,0.014849849,4.203836303
37.225242736,TRACKING,,0.000453553,1,-0.014837156,-0.000418948,0.050386730,0.000000000,0.000000000,0.050000000,0.014811862,-0.000836381,-0.000612772,0.014848107,4.181803252
37.235344380,TRACKING,,0.000029682,1,-0.014830504,-0.000418258,0.050380996,0.000000000,0.000000000,0.050000000,0.014805188,-0.000833677,-0.000612641,0.014841292,4.159823758
37.245427027,TRACKING,,0.002139535,1,-0.014819888,-0.000417504,0.050375385,0.000000000,0.000000000,0.050000000,0.014794561,-0.000830842,-0.000612335,0.014830519,4.138645887
37.255502550,TRACKING,,0.001262112,1,-0.014800972,-0.000423351,0.050374145,0.000000000,0.000000000,0.050000000,0.014775793,-0.000834033,-0.000606889,0.014811752,4.116048039
37.265579260,TRACKING,,0.000440492,1,-0.014780290,-0.000422123,0.050368047,0.000000000,0.000000000,0.050000000,0.014755128,-0.000830298,-0.000606153,0.014790896,4.093673733
37.275659532,TRACKING,,0.002568154,1,-0.014757373,-0.000420719,0.050362143,0.000000000,0.000000000,0.050000000,0.014732233,-0.000826433,-0.000605436,0.014767810,4.072678797
37.285680439,TRACKING,,0.001974498,1,-0.014719193,-0.000439043,0.050369254,0.000000000,0.000000000,0.050000000,0.014694507,-0.000840906,-0.000590012,0.014730369,4.047381125
37.295746463,TRACKING,,0.001132695,1,-0.014690446,-0.000436714,0.050362778,0.000000000,0.000000000,0.050000000,0.014665779,-0.000835969,-0.000589585,0.014701412,4.026602462
37.305776868,TRACKING,,0.000643523,1,-0.014658688,-0.000433756,0.050356067,0.000000000,0.000000000,0.050000000,0.014634050,-0.000830325,-0.000589229,0.014669426,4.005858888
37.316030488,TRACKING,,0.002571716,1,-0.014658688,-0.000433756,0.050356067,0.000000000,0.000000000,0.050000000,0.014634050,-0.000830325,-0.000589229,0.014669426,4.005858888
37.326018150,TRACKING,,0.002024366,1,-0.014604391,-0.000463547,0.050371059,0.000000000,0.000000000,0.050000000,0.014580492,-0.000855220,-0.000564500,0.014616456,3.977719102
37.336117419,TRACKING,,0.001539943,1,-0.014568755,-0.000460418,0.050364452,0.000000000,0.000000000,0.050000000,0.014544897,-0.000849332,-0.000563947,0.014580584,3.957348401
37.346204815,TRACKING,,0.000847741,1,-0.014532506,-0.000455853,0.050357025,0.000000000,0.000000000,0.050000000,0.014508675,-0.000842027,-0.000564214,0.014544037,3.937090489
37.356343266,TRACKING,,0.002602586,1,-0.014465100,-0.000496156,0.050379342,0.000000000,0.000000000,0.050000000,0.014442266,-0.000876511,-0.000530905,0.014478577,3.905858591
37.366372483,TRACKING,,0.001575562,1,-0.014423056,-0.000490035,0.050370899,0.000000000,0.000000000,0.050000000,0.014400252,-0.000867421,-0.000531591,0.014436144,3.884363508
37.376529931,TRACKING,,0.000369254,1,-0.014380244,-0.000482152,0.050361272,0.000000000,0.000000000,0.050000000,0.014357435,-0.000856630,-0.000533530,0.014392860,3.863317274
37.386923653,TRACKING,,0.002114601,1,-0.014299789,-0.000531894,0.050389900,0.000000000,0.000000000,0.050000000,0.014278185,-0.000899728,-0.000492756,0.014314988,3.829252304
37.396619236,TRACKING,,0.000720698,1,-0.014254268,-0.000521996,0.050379046,0.000000000,0.000000000,0.050000000,0.014232629,-0.000886942,-0.000495896,0.014268858,3.808542751
37.406992774,TRACKING,,0.002584777,1,-0.014209081,-0.000510515,0.050367328,0.000000000,0.000000000,0.050000000,0.014187382,-0.000872699,-0.000500134,0.014222993,3.788692074
37.416817775,TRACKING,,0.001453268,1,-0.014119747,-0.000569643,0.050402439,0.000000000,0.000000000,0.050000000,0.014099437,-0.000924645,-0.000452345,0.014136962,3.753223039
37.426899234,TRACKING,,0.000136541,1,-0.014073574,-0.000555122,0.050388781,0.000000000,0.000000000,0.050000000,0.014053145,-0.000907490,-0.000458669,0.014089883,3.734051975
37.437023437,TRACKING,,0.001906822,1,-0.014073574,-0.000555122,0.050388781,0.000000000,0.000000000,0.050000000,0.014053145,-0.000907490,-0.000458669,0.014089883,3.734051975
37.447254497,TRACKING,,0.000818058,1,-0.014028233,-0.000540285,0.050375041,0.000000000,0.000000000,0.050000000,0.014007677,-0.000890124,-0.000465323,0.014043642,3.715638141
37.457314585,TRACKING,,0.002608523,1,-0.013930779,-0.000607369,0.050415849,0.000000000,0.000000000,0.050000000,0.013911780,-0.000949543,-0.000411311,0.013950213,3.678552322
37.467241694,TRACKING,,0.001493637,1,-0.013884099,-0.000590780,0.050401201,0.000000000,0.000000000,0.050000000,0.013864956,-0.000930456,-0.000418863,0.013902453,3.660146441
37.477358773,TRACKING,,0.000352631,1,-0.013838046,-0.000571675,0.050384883,0.000000000,0.000000000,0.050000000,0.013818713,-0.000908980,-0.000428250,0.013855196,3.642311155
37.487424798,TRACKING,,0.002141909,1,-0.013732328,-0.000646771,0.050431336,0.000000000,0.000000000,0.050000000,0.013714715,-0.000975909,-0.000367965,0.013754316,3.603079772
37.497554937,TRACKING,,0.001127945,1,-0.013686782,-0.000626094,0.050414175,0.000000000,0.000000000,0.050000000,0.013668945,-0.000953019,-0.000378477,0.013707354,3.586074689
37.507981904,TRACKING,,0.002935033,1,-0.013640315,-0.000602612,0.050394988,0.000000000,0.000000000,0.050000000,0.013622206,-0.000927361,-0.000390943,0.013659332,3.569013272
37.517926822,TRACKING,,0.000368066,1,-0.013532767,-0.000689508,0.050449938,0.000000000,0.000000000,0.050000000,0.013516575,-0.001005901,-0.000322486,0.013557789,3.529980285
37.528077146,TRACKING,,0.002519475,1,-0.013490283,-0.000664632,0.050430199,0.000000000,0.000000000,0.050000000,0.013473778,-0.000979186,-0.000336230,0.013513495,3.514891986
37.538051747,TRACKING,,0.001983997,1,-0.013449155,-0.000638445,0.050409628,0.000000000,0.000000000,0.050000000,0.013432312,-0.000951287,-0.000351040,0.013470530,3.500499202
37.548236503,TRACKING,,0.001307230,1,-0.013335221,-0.000730033,0.050467758,0.000000000,0.000000000,0.050000000,0.013320376,-0.001034223,-0.000278969,0.013363377,3.459808590
37.558139866,TRACKING,,0.000729009,1,-0.013294747,-0.000699621,0.050444448,0.000000000,0.000000000,0.050000000,0.013279483,-0.001002291,-0.000296722,0.013320560,3.446071710
37.568363803,TRACKING,,0.000116357,1,-0.013255035,-0.000669043,0.050421083,0.000000000,0.000000000,0.050000000,0.013239352,-0.000970258,-0.000314677,0.013278587,3.432748925
37.578362150,TRACKING,,0.001769093,1,-0.013255035,-0.000669043,0.050421083,0.000000000,0.000000000,0.050000000,0.013239352,-0.000970258,-0.000314677,0.013278587,3.432748925
37.588387806,TRACKING,,0.001180187,1,-0.013132983,-0.000767966,0.050484354,0.000000000,0.000000000,0.050000000,0.013119440,-0.001060090,-0.000236843,0.013164331,3.389698808
37.598421773,TRACKING,,0.000719510,1,-0.013091671,-0.000737384,0.050461165,0.000000000,0.000000000,0.050000000,0.013077715,-0.001028026,-0.000254548,0.013120528,3.376092276
37.608464051,TRACKING,,0.000058178,1,-0.013051748,-0.000703241,0.050435629,0.000000000,0.000000000,0.050000000,0.013037321,-0.000992564,-0.000274799,0.013077937,3.363159339
37.618544323,TRACKING,,0.002000619,1,-0.012923821,-0.000808918,0.050503919,0.000000000,0.000000000,0.050000000,0.012911665,-0.001088856,-0.000191622,0.012958913,3.318452741
37.628755200,TRACKING,,0.001516196,1,-0.012883491,-0.000773751,0.050477760,0.000000000,0.000000000,0.050000000,0.012870840,-0.001052419,-0.000212561,0.012915545,3.305619289
37.638847345,TRACKING,,0.000958161,1,-0.012844650,-0.000735213,0.050449323,0.000000000,0.000000000,0.050000000,0.012831449,-0.001012760,-0.000236000,0.012873518,3.293535091
37.648883687,TRACKING,,0.000136541,1,-0.012711224,-0.000848319,0.050522966,0.000000000,0.000000000,0.050000000,0.012700424,-0.001116195,-0.000147252,0.012750229,3.247393855
37.659126620,TRACKING,,0.002200088,1,-0.012671403,-0.000806506,0.050492396,0.000000000,0.000000000,0.050000000,0.012659995,-0.001073312,-0.000172827,0.012706587,3.235324406
37.669117844,TRACKING,,0.001694293,1,-0.012634153,-0.000763688,0.050461224,0.000000000,0.000000000,0.050000000,0.012622124,-0.001029569,-0.000199354,0.012665613,3.224259179
37.679186243,TRACKING,,0.000802622,1,-0.012496012,-0.000884282,0.050540260,0.000000000,0.000000000,0.050000000,0.012486512,-0.001140240,-0.000105072,0.012538906,3.176778483
37.689179842,TRACKING,,0.000155538,1,-0.012458008,-0.000836952,0.050506105,0.000000000,0.000000000,0.050000000,0.012447806,-0.001092061,-0.000134603,0.012496343,3.165809846
37.699445334,TRACKING,,0.002121725,1,-0.012421913,-0.000789754,0.050472125,0.000000000,0.000000000,0.050000000,0.012411020,-0.001044101,-0.000164220,0.012455944,3.155561138
37.709328513,TRACKING,,0.001111323,1,-0.012384973,-0.000743442,0.050438709,0.000000000,0.000000000,0.050000000,0.012373416,-0.000996977,-0.000193203,0.012415020,3.145081142
37.719350607,TRACKING,,0.000618589,1,-0.012239467,-0.000873817,0.050524859,0.000000000,0.000000000,0.050000000,0.012230592,-0.001117068,-0.000091462,0.012281839,3.095420974
37.729408320,TRACKING,,0.000159100,1,-0.012204123,-0.000826957,0.050491328,0.000000000,0.000000000,0.050000000,0.012194567,-0.001069490,-0.000120864,0.012241972,3.085655802
37.739407855,TRACKING,,0.002153782,1,-0.012204123,-0.000826957,0.050491328,0.000000000,0.000000000,0.050000000,0.012194567,-0.001069490,-0.000120864,0.012241972,3.085655802
37.749680472,TRACKING,,0.001012777,1,-0.012168524,-0.000779365,0.050457323,0.000000000,0.000000000,0.050000000,0.012158289,-0.001021181,-0.000150740,0.012202030,3.075913567
37.759918656,TRACKING,,0.001161190,1,-0.012015712,-0.000911776,0.050545403,0.000000000,0.000000000,0.050000000,0.012008221,-0.001143057,-0.000046676,0.012062592,3.024284239
37.769895632,TRACKING,,0.000026121,1,-0.011971351,-0.000852917,0.050503673,0.000000000,0.000000000,0.050000000,0.011963021,-0.001083317,-0.000083397,0.012012260,3.012289892
37.780011524,TRACKING,,0.001735849,1,-0.011811810,-0.000988776,0.050594539,0.000000000,0.000000000,0.050000000,0.011806320,-0.001208413,0.000023803,0.011868025,2.958819458
37.790096545,TRACKING,,0.000607903,1,-0.011774617,-0.000928040,0.050551854,0.000000000,0.000000000,0.050000000,0.011768230,-0.001147144,-0.000014804,0.011824018,2.949378062
37.800246869,TRACKING,,0.002334254,1,-0.011738360,-0.000863437,0.050506607,0.000000000,0.000000000,0.050000000,0.011731035,-0.001082105,-0.000056115,0.011780971,2.940515866
37.810290334,TRACKING,,0.001262112,1,-0.011574944,-0.001005074,0.050601847,0.000000000,0.000000000,0.050000000,0.011570548,-0.001212877,0.000055415,0.011634076,2.886045673
37.820369419,TRACKING,,0.000174535,1,-0.011539946,-0.000937455,0.050554619,0.000000000,0.000000000,0.050000000,0.011534547,-0.001144933,0.000011881,0.011591237,2.877809469
37.830404573,TRACKING,,0.001840333,1,-0.011539946,-0.000937455,0.050554619,0.000000000,0.000000000,0.050000000,0.011534547,-0.001144933,0.000011881,0.011591237,2.877809469
37.840595265,TRACKING,,0.000675580,1,-0.011505341,-0.000870721,0.050507975,0.000000000,0.000000000,0.050000000,0.011498969,-0.001077873,-0.000031129,0.011549418,2.869713674
37.850661290,TRACKING,,0.002380559,1,-0.011335902,-0.001015668,0.050606089,0.000000000,0.000000000,0.050000000,0.011332526,-0.001211810,0.000083444,0.011397438,2.813655562
37.860691695,TRACKING,,0.001272798,1,-0.011299893,-0.000947995,0.050558997,0.000000000,0.000000000,0.050000000,0.011295526,-0.001143785,0.000040032,0.011353359,2.805243148
37.870789777,TRACKING,,0.000090236,1,-0.011263837,-0.000874071,0.050507730,0.000000000,0.000000000,0.050000000,0.011258407,-0.001069591,-0.000007593,0.011309103,2.797198688
37.880884297,TRACKING,,0.001830834,1,-0.011087837,-0.001025545,0.050610909,0.000000000,0.000000000,0.050000000,0.011085516,-0.001209878,0.000112239,0.011151909,2.739285207
37.891004937,TRACKING,,0.000701701,1,-0.011052281,-0.000953004,0.050560532,0.000000000,0.000000000,0.050000000,0.011048895,-0.001137087,0.000065360,0.011107445,2.731392801
37.901116080,TRACKING,,0.002386495,1,-0.011017269,-0.000877543,0.050508212,0.000000000,0.000000000,0.050000000,0.011012795,-0.001061430,0.000016450,0.011063841,2.723896269
37.911170231,TRACKING,,0.001401028,1,-0.010836606,-0.001038302,0.050618236,0.000000000,0.000000000,0.050000000,0.010835385,-0.001210891,0.000143121,0.010903775,2.664561863
37.921132959,TRACKING,,0.000813308,1,-0.010804321,-0.000966456,0.050568383,0.000000000,0.000000000,0.050000000,0.010802040,-0.001138909,0.000096325,0.010862341,2.657773711
37.931457818,TRACKING,,0.000328885,1,-0.010772478,-0.000893297,0.050517736,0.000000000,0.000000000,0.050000000,0.010769139,-0.001065634,0.000048667,0.010821844,2.651246233
37.941726872,TRACKING,,0.002238082,1,-0.010772478,-0.000893297,0.050517736,0.000000000,0.000000000,0.050000000,0.010769139,-0.001065634,0.000048667,0.010821844,2.651246233
37.951363090,TRACKING,,0.001138631,1,-0.010587681,-0.001063734,0.050635065,0.000000000,0.000000000,0.050000000,0.010587759,-0.001224684,0.000182574,0.010659917,2.590670037
37.961444549,TRACKING,,0.000483235,1,-0.010552743,-0.000989765,0.050583914,0.000000000,0.000000000,0.050000000,0.010551737,-0.001150522,0.000134631,0.010615130,2.583223172
37.971696982,TRACKING,,0.002566967,1,-0.010520450,-0.000913866,0.050531504,0.000000000,0.000000000,0.050000000,0.010518348,-0.001074537,0.000085164,0.010573435,2.576664477
37.981540979,TRACKING,,0.001897323,1,-0.010488677,-0.000839836,0.050480344,0.000000000,0.000000000,0.050000000,0.010485524,-0.001000411,0.000036896,0.010533204,2.570188492
37.991616502,TRACKING,,0.001346411,1,-0.010298408,-0.001019044,0.050604403,0.000000000,0.000000000,0.050000000,0.010298777,-0.001168179,0.000177540,0.010366338,2.507812419
38.001753765,TRACKING,,0.000449991,1,-0.010265908,-0.000947985,0.050555321,0.000000000,0.000000000,0.050000000,0.010265247,-0.001096981,0.000131343,0.010324530,2.500986090
38.011964641,TRACKING,,0.002336628,1,-0.010233558,-0.000872744,0.050503368,0.000000000,0.000000000,0.050000000,0.010231825,-0.001021645,0.000082233,0.010283033,2.494451907
38.022035415,TRACKING,,0.001651550,1,-0.010037476,-0.001058426,0.050632564,0.000000000,0.000000000,0.050000000,0.010039386,-0.001195851,0.000228043,0.010112929,2.430560496
38.032127560,TRACKING,,0.000913042,1,-0.010006170,-0.000984605,0.050581563,0.000000000,0.000000000,0.050000000,0.010006997,-0.001121966,0.000179707,0.010071300,2.424294116
38.042425110,TRACKING,,0.000232713,1,-0.009975183,-0.000906129,0.050527457,0.000000000,0.000000000,0.050000000,0.009974882,-0.001043479,0.000128205,0.010030133,2.418410355
38.052461452,TRACKING,,0.002277263,1,-0.009774435,-0.001097214,0.050661157,0.000000000,0.000000000,0.050000000,0.009777883,-0.001223137,0.000278425,0.009858021,2.353435147
38.062394498,TRACKING,,0.001522133,1,-0.009744081,-0.001016985,0.050605842,0.000000000,0.000000000,0.050000000,0.009746343,-0.001142952,0.000225569,0.009815724,2.347846367
38.073797434,TRACKING,,0.004061792,1,-0.009744081,-0.001016985,0.050605842,0.000000000,0.000000000,0.050000000,0.009746343,-0.001142952,0.000225569,0.009815724,2.347846367
38.083706734,TRACKING,,0.001057894,1,-0.009706261,-0.000913787,0.050534720,0.000000000,0.000000000,0.050000000,0.009707028,-0.001039835,0.000157476,0.009763833,2.341128942
38.093695583,TRACKING,,0.000506982,1,-0.009499895,-0.001104557,0.050669058,0.000000000,0.000000000,0.050000000,0.009504419,-0.001219293,0.000308262,0.009587267,2.275120688
38.103838783,TRACKING,,0.002512350,1,-0.009469051,-0.001022269,0.050612455,0.000000000,0.000000000,0.050000000,0.009472360,-0.001137069,0.000254050,0.009543745,2.269582184
38.114212321,TRACKING,,0.001929381,1,-0.009438763,-0.000933930,0.050551689,0.000000000,0.000000000,0.050000000,0.009440787,-0.001048869,0.000195600,0.009500886,2.264527301
38.124095499,TRACKING,,0.001040085,1,-0.009227975,-0.001131470,0.050691489,0.000000000,0.000000000,0.050000000,0.009233877,-0.001235201,0.000351699,0.009322763,2.197515609
38.134419170,TRACKING,,0.002800867,1,-0.009197124,-0.001041101,0.050629277,0.000000000,0.000000000,0.050000000,0.009201673,-0.001145010,0.000291775,0.009277228,2.192329273
38.144396146,TRACKING,,0.001619492,1,-0.009167014,-0.000948118,0.050565106,0.000000000,0.000000000,0.050000000,0.009170188,-0.001052262,0.000229825,0.009233224,2.187488984
38.154399243,TRACKING,,0.000563972,1,-0.008952255,-0.001152034,0.050709874,0.000000000,0.000000000,0.050000000,0.008959403,-0.001245160,0.000390713,0.009053948,2.119576940
38.164527008,TRACKING,,0.002492166,1,-0.008924364,-0.001063092,0.050648417,0.000000000,0.000000000,0.050000000,0.008930155,-0.001156496,0.000331243,0.009010820,2.115154742
38.174457679,TRACKING,,0.002146659,1,-0.008898644,-0.000978712,0.050589998,0.000000000,0.000000000,0.050000000,0.008903167,-0.001072398,0.000274648,0.008971725,2.111197367
38.184683990,TRACKING,,0.001353535,1,-0.008681138,-0.001195064,0.050744109,0.000000000,0.000000000,0.050000000,0.008689845,-0.001277877,0.000444593,0.008794546,2.042659189
38.194826002,TRACKING,,0.000033244,1,-0.008681138,-0.001195064,0.050744109,0.000000000,0.000000000,0.050000000,0.008689845,-0.001277877,0.000444593,0.008794546,2.042659189
38.204933583,TRACKING,,0.002061172,1,-0.008654547,-0.001102158,0.050679797,0.000000000,0.000000000,0.050000000,0.008661815,-0.001185343,0.000382085,0.008750889,2.038759778
38.215039976,TRACKING,,0.001004465,1,-0.008630068,-0.001006445,0.050613506,0.000000000,0.000000000,0.050000000,0.008635877,-0.001090074,0.000317424,0.008710189,2.035644293
38.225130934,TRACKING,,0.000023746,1,-0.008407128,-0.001212214,0.050761377,0.000000000,0.000000000,0.050000000,0.008416985,-0.001285298,0.000480960,0.008528127,1.966796593
38.235194583,TRACKING,,0.001555378,1,-0.008380969,-0.001114557,0.050693849,0.000000000,0.000000000,0.050000000,0.008389305,-0.001188083,0.000415119,0.008483177,1.963208243
38.245352031,TRACKING,,0.000262396,1,-0.008355365,-0.001011175,0.050622285,0.000000000,0.000000000,0.050000000,0.008362117,-0.001085212,0.000345182,0.008439303,1.960060910
38.255307635,TRACKING,,0.001890200,1,-0.008127410,-0.001222068,0.050774564,0.000000000,0.000000000,0.050000000,0.008138294,-0.001285784,0.000512953,0.008255192,1.890360124
38.265349913,TRACKING,,0.001142193,1,-0.008103432,-0.001126275,0.050708117,0.000000000,0.000000000,0.050000000,0.008112805,-0.001190480,0.000447979,0.008211914,1.887262991
38.275354198,TRACKING,,0.000174535,1,-0.008079519,-0.001025780,0.050638384,0.000000000,0.000000000,0.050000000,0.008087336,-0.001090517,0.000379693,0.008169357,1.884452539
38.285519956,TRACKING,,0.001924631,1,-0.007848764,-0.001249329,0.050800230,0.000000000,0.000000000,0.050000000,0.007860919,-0.001303961,0.000556699,0.007987758,1.814386922
38.295514742,TRACKING,,0.000696952,1,-0.007825889,-0.001150766,0.050731686,0.000000000,0.000000000,0.050000000,0.007836470,-0.001205951,0.000489480,0.007943814,1.811681585
38.305745803,TRACKING,,0.000118731,1,-0.007803522,-0.001052509,0.050663317,0.000000000,0.000000000,0.050000000,0.007812560,-0.001108250,0.000422396,0.007902071,1.809172215
38.315867631,TRACKING,,0.002151408,1,-0.007803522,-0.001052509,0.050663317,0.000000000,0.000000000,0.050000000,0.007812560,-0.001108250,0.000422396,0.007902071,1.809172215
38.325981148,TRACKING,,0.001296544,1,-0.007569742,-0.001287851,0.050834244,0.000000000,0.000000000,0.050000000,0.007583326,-0.001333730,0.000608156,0.007723699,1.738890264
38.339793139,TRACKING,,0.002735565,1,-0.007547077,-0.001200105,0.050773075,0.000000000,0.000000000,0.050000000,0.007559233,-0.001246460,0.000548272,0.007680903,1.735716253
38.349692940,TRACKING,,0.001602871,1,-0.007523183,-0.001094973,0.050699710,0.000000000,0.000000000,0.050000000,0.007533657,-0.001141952,0.000476231,0.007634582,1.732862228
38.359738780,TRACKING,,0.000903544,1,-0.007284754,-0.001330798,0.050871988,0.000000000,0.000000000,0.050000000,0.007299806,-0.001368276,0.000663080,0.007456475,1.662444979
38.369751375,TRACKING,,0.000147226,1,-0.007263074,-0.001237771,0.050807107,0.000000000,0.000000000,0.050000000,0.007276594,-0.001275813,0.000599357,0.007411865,1.659608897
38.380108291,TRACKING,,0.002200088,1,-0.007242918,-0.001142678,0.050740690,0.000000000,0.000000000,0.050000000,0.007254897,-0.001181323,0.000533992,0.007369817,1.657329432
38.390022339,TRACKING,,0.001631366,1,-0.007001713,-0.001388871,0.050921190,0.000000000,0.000000000,0.050000000,0.007018469,-0.001418325,0.000728686,0.007197329,1.587197153
38.400089551,TRACKING,,0.000902356,1,-0.006982147,-0.001298447,0.050857870,0.000000000,0.000000000,0.050000000,0.006997384,-0.001328488,0.000666349,0.007153481,1.584716339
38.410100959,TRACKING,,0.000191158,1,-0.006963195,-0.001201744,0.050790114,0.000000000,0.000000000,0.050000000,0.006976836,-0.001232432,0.000599517,0.007110173,1.582699803
38.420310648,TRACKING,,0.002284386,1,-0.006718984,-0.001455975,0.050977166,0.000000000,0.000000000,0.050000000,0.006737573,-0.001477823,0.000800383,0.006944023,1.513156029
38.430400419,TRACKING,,0.002285574,1,-0.006701230,-0.001364428,0.050912888,0.000000000,0.000000000,0.050000000,0.006718254,-0.001386904,0.000736925,0.006899384,1.511095815
38.440517498,TRACKING,,0.001678858,1,-0.006684929,-0.001274402,0.050849615,0.000000000,0.000000000,0.050000000,0.006700440,-0.001297506,0.000674389,0.006858150,1.509455118
38.450625078,TRACKING,,0.001048396,1,-0.006437497,-0.001533556,0.051041117,0.000000000,0.000000000,0.050000000,0.006458090,-0.001548211,0.000879323,0.006699037,1.440859975
38.460552187,TRACKING,,0.000306326,1,-0.006420622,-0.001436485,0.050972840,0.000000000,0.000000000,0.050000000,0.006439529,-0.001451832,0.000811753,0.006650887,1.439074226
38.470734568,TRACKING,,0.002390057,1,-0.006404311,-0.001339172,0.050904310,0.000000000,0.000000000,0.050000000,0.006421554,-0.001355217,0.000743900,0.006605026,1.437490732
38.480778033,TRACKING,,0.001828459,1,-0.006153402,-0.001604515,0.051101266,0.000000000,0.000000000,0.050000000,0.006175880,-0.001612511,0.000953905,0.006453806,1.370058902
38.490871366,TRACKING,,0.001333350,1,-0.006138401,-0.001510226,0.051034712,0.000000000,0.000000000,0.050000000,0.006159210,-0.001518915,0.000887926,0.006405574,1.368454013
38.500984883,TRACKING,,0.000220840,1,-0.006123075,-0.001410208,0.050964061,0.000000000,0.000000000,0.050000000,0.006142142,-0.001419634,0.000817853,0.006356898,1.366970813
38.511182699,TRACKING,,0.001916320,1,-0.006123075,-0.001410208,0.050964061,0.000000000,0.000000000,0.050000000,0.006142142,-0.001419634,0.000817853,0.006356898,1.366970813
38.521361518,TRACKING,,0.000809747,1,-0.005868437,-0.001677026,0.051163154,0.000000000,0.000000000,0.050000000,0.005892811,-0.001678864,0.001029606,0.006213203,1.301109721
38.531486908,TRACKING,,0.002498102,1,-0.005852602,-0.001582370,0.051096212,0.000000000,0.000000000,0.050000000,0.005875265,-0.001584910,0.000963247,0.006161049,1.298985088
38.541320219,TRACKING,,0.001309604,1,-0.005838056,-0.001484288,0.051026739,0.000000000,0.000000000,0.050000000,0.005858976,-0.001487565,0.000894286,0.006110662,1.297323912
38.551344687,TRACKING,,0.000320574,1,-0.005580049,-0.001754726,0.051229488,0.000000000,0.000000000,0.050000000,0.005606385,-0.001750891,0.001109268,0.005977261,1.233557574
38.561391715,TRACKING,,0.002348501,1,-0.005566551,-0.001660596,0.051162679,0.000000000,0.000000000,0.050000000,0.005591156,-0.001657478,0.001042894,0.005924178,1.231697474
38.571493359,TRACKING,,0.001761970,1,-0.005554411,-0.001567708,0.051096644,0.000000000,0.000000000,0.050000000,0.005577335,-0.001565302,0.000977232,0.005874676,1.230234085
38.581605688,TRACKING,,0.001209870,1,-0.005294789,-0.001850005,0.051308886,0.000000000,0.000000000,0.050000000,0.005323405,-0.001840909,0.001201209,0.005759383,1.169491615
38.591684773,TRACKING,,0.000454740,1,-0.005283249,-0.001754896,0.051241163,0.000000000,0.000000000,0.050000000,0.005310086,-0.001746531,0.001133793,0.005703759,1.167827693
38.601817287,TRACKING,,0.002602586,1,-0.005272416,-0.001660649,0.051173961,0.000000000,0.000000000,0.050000000,0.005297515,-0.001653009,0.001066868,0.005651045,1.166388502
38.611859565,TRACKING,,0.002023178,1,-0.005010271,-0.001947810,0.051390854,0.000000000,0.000000000,0.050000000,0.005041222,-0.001933976,0.001295018,0.005552590,1.109296884
38.622060943,TRACKING,,0.001537568,1,-0.005000459,-0.001854945,0.051324484,0.000000000,0.000000000,0.050000000,0.005029639,-0.001841825,0.001228855,0.005495423,1.107623528
38.632216016,TRACKING,,0.000815683,1,-0.004991102,-0.001760993,0.051257258,0.000000000,0.000000000,0.050000000,0.005018514,-0.001748596,0.001161817,0.005439935,1.106131116
38.642392460,TRACKING,,0.000035619,1,-0.004991102,-0.001760993,0.051257258,0.000000000,0.000000000,0.050000000,0.005018514,-0.001748596,0.001161817,0.005439935,1.106131116
38.652316007,TRACKING,,0.001685982,1,-0.004725456,-0.002049466,0.051476273,0.000000000,0.000000000,0.050000000,0.004758822,-0.002031403,0.001391633,0.005358136,1.053321588
38.662397466,TRACKING,,0.000986656,1,-0.004714976,-0.001958207,0.051410915,0.000000000,0.000000000,0.050000000,0.004746555,-0.001940846,0.001326491,0.005296815,1.050926338
38.672484862,TRACKING,,0.000232713,1,-0.004705884,-0.001861157,0.051341374,0.000000000,0.000000000,0.050000000,0.004735602,-0.001844536,0.001257095,0.005235316,1.049013048
38.682675554,TRACKING,,0.001963812,1,-0.004437952,-0.002152149,0.051563474,0.000000000,0.000000000,0.050000000,0.004473745,-0.002130415,0.001489479,0.005174129,1.001589486
38.692628784,TRACKING,,0.000810933,1,-0.004429013,-0.002055443,0.051494038,0.000000000,0.000000000,0.050000000,0.004462886,-0.002034441,0.001420161,0.005106188,0.999026730
38.702762485,TRACKING,,0.002429238,1,-0.004420974,-0.001951902,0.051419609,0.000000000,0.000000000,0.050000000,0.004452829,-0.001931674,0.001345797,0.005036886,0.996809544
38.712807138,TRACKING,,0.001391528,1,-0.004150185,-0.002242895,0.051642904,0.000000000,0.000000000,0.050000000,0.004188181,-0.002218127,0.001578860,0.004995372,0.955594334
38.722924217,TRACKING,,0.000156725,1,-0.004143039,-0.002142600,0.051570594,0.000000000,0.000000000,0.050000000,0.004179016,-0.002118571,0.001506570,0.004921613,0.952818631
38.733051982,TRACKING,,0.001891387,1,-0.004136669,-0.002039254,0.051496002,0.000000000,0.000000000,0.050000000,0.004170601,-0.002015981,0.001431964,0.004848568,0.950303825
38.743118006,TRACKING,,0.000762253,1,-0.003863830,-0.002334655,0.051723646,0.000000000,0.000000000,0.050000000,0.003904054,-0.002307398,0.001668839,0.004832261,0.916451487
38.753206589,TRACKING,,0.002486230,1,-0.003863830,-0.002334655,0.051723646,0.000000000,0.000000000,0.050000000,0.003904054,-0.002307398,0.001668839,0.004832261,0.916451487
38.763147946,TRACKING,,0.002089668,1,-0.003858797,-0.002231750,0.051649179,0.000000000,0.000000000,0.050000000,0.003896925,-0.002205224,0.001594296,0.004752980,0.913409031
38.773320828,TRACKING,,0.001519758,1,-0.003855212,-0.002127862,0.051573877,0.000000000,0.000000000,0.050000000,0.003891262,-0.002102061,0.001518869,0.004676274,0.910796806
38.783401101,TRACKING,,0.000369254,1,-0.003851523,-0.002022016,0.051497143,0.000000000,0.000000000,0.050000000,0.003885485,-0.001996953,0.001442013,0.004600458,0.908221985
38.793505119,TRACKING,,0.002327130,1,-0.003576868,-0.002311534,0.051721861,0.000000000,0.000000000,0.050000000,0.003616991,-0.002283089,0.001675369,0.004593689,0.881686047
38.803579454,TRACKING,,0.001240740,1,-0.003572206,-0.002207841,0.051646631,0.000000000,0.000000000,0.050000000,0.003610209,-0.002180109,0.001600040,0.004510722,0.877910528
38.813643104,TRACKING,,0.000033245,1,-0.003568249,-0.002096152,0.051565501,0.000000000,0.000000000,0.050000000,0.003604010,-0.002069176,0.001518773,0.004424596,0.874231149
38.823736437,TRACKING,,0.001710915,1,-0.003291076,-0.002391318,0.051795599,0.000000000,0.000000000,0.050000000,0.003333162,-0.002361532,0.001756975,0.004446770,0.856788041
38.833816709,TRACKING,,0.000585344,1,-0.003287829,-0.002283730,0.051717231,0.000000000,0.000000000,0.050000000,0.003327687,-0.002254649,0.001678448,0.004355930,0.852261544
38.843986029,TRACKING,,0.002501665,1,-0.003285359,-0.002173511,0.051636838,0.000000000,0.000000000,0.050000000,0.003322973,-0.002145141,0.001597871,0.004265791,0.847925131
38.854100734,TRACKING,,0.001232429,1,-0.003006533,-0.002474845,0.051872616,0.000000000,0.000000000,0.050000000,0.003050656,-0.002444240,0.001841189,0.004320971,0.840674983
38.864392347,TRACKING,,0.002593088,1,-0.003006533,-0.002474845,0.051872616,0.000000000,0.000000000,0.050000000,0.003050656,-0.002444240,0.001841189,0.004320971,0.840674983
38.874172229,TRACKING,,0.001792840,1,-0.003005093,-0.002362368,0.051790314,0.000000000,0.000000000,0.050000000,0.003046856,-0.002332457,0.001758665,0.004220971,0.835233957
38.884416351,TRACKING,,0.001175438,1,-0.002725386,-0.002658506,0.052023617,0.000000000,0.000000000,0.050000000,0.002773727,-0.002627019,0.001998905,0.004311660,0.839746741
38.894294780,TRACKING,,0.000288517,1,-0.002725771,-0.002540777,0.051937382,0.000000000,0.000000000,0.050000000,0.002771598,-0.002509954,0.001912381,0.004199860,0.833453329
38.904752617,TRACKING,,0.002246393,1,-0.002727067,-0.002415243,0.051845341,0.000000000,0.000000000,0.050000000,0.002770266,-0.002385110,0.001820015,0.004083574,0.827121461
38.914559807,TRACKING,,0.001441396,1,-0.002728573,-0.002294264,0.051756519,0.000000000,0.000000000,0.050000000,0.002769271,-0.002264797,0.001730881,0.003974181,0.821066645
38.924602086,TRACKING,,0.000745632,1,-0.002447252,-0.002590838,0.051991475,0.000000000,0.000000000,0.050000000,0.002494478,-0.002560369,0.001972194,0.004082580,0.834729645
38.934696605,TRACKING,,0.000100922,1,-0.002448746,-0.002479371,0.051909439,0.000000000,0.000000000,0.050000000,0.002493589,-0.002449490,0.001889871,0.003973613,0.827823967
38.945144944,TRACKING,,0.002225021,1,-0.002450957,-0.002366208,0.051826007,0.000000000,0.000000000,0.050000000,0.002493416,-0.002336916,0.001806139,0.003865286,0.820957148
38.955031684,TRACKING,,0.001488889,1,-0.002167405,-0.002673474,0.052070110,0.000000000,0.000000000,0.050000000,0.002216668,-0.002643764,0.002056054,0.004016275,0.845688141
38.965106020,TRACKING,,0.000617402,1,-0.002170207,-0.002565693,0.051990400,0.000000000,0.000000000,0.050000000,0.002217126,-0.002536506,0.001976047,0.003905671,0.838035804
38.975030754,TRACKING,,0.002688072,1,-0.002173789,-0.002453134,0.051907043,0.000000000,0.000000000,0.050000000,0.002218299,-0.002424483,0.001892372,0.003792102,0.830212295
38.985002981,TRACKING,,0.002093230,1,-0.001888632,-0.002766270,0.052156781,0.000000000,0.000000000,0.050000000,0.001940139,-0.002737817,0.002147348,0.003983828,0.865593743
38.995200797,TRACKING,,0.001341662,1,-0.001892978,-0.002659026,0.052077112,0.000000000,0.000000000,0.050000000,0.001942119,-0.002631037,0.002067366,0.003868874,0.857167905
39.005296504,TRACKING,,0.000284955,1,-0.001897965,-0.002546292,0.051993266,0.000000000,0.000000000,0.050000000,0.001944654,-0.002518783,0.001983187,0.003749531,0.848394382
39.015356592,TRACKING,,0.001948377,1,-0.001897965,-0.002546292,0.051993266,0.000000000,0.000000000,0.050000000,0.001944654,-0.002518783,0.001983187,0.003749531,0.848394382
39.025496230,TRACKING,,0.000651834,1,-0.001611522,-0.002858547,0.052243678,0.000000000,0.000000000,0.050000000,0.001665260,-0.002831888,0.002238237,0.003975221,0.893256007
39.035629931,TRACKING,,0.002317631,1,-0.001616384,-0.002749374,0.052162335,0.000000000,0.000000000,0.050000000,0.001667664,-0.002723143,0.002156579,0.003853239,0.883656505
39.045649650,TRACKING,,0.001317916,1,-0.001622207,-0.002638001,0.052079216,0.000000000,0.000000000,0.050000000,0.001671024,-0.002612192,0.002073132,0.003730113,0.874024340
39.055801161,TRACKING,,0.000032058,1,-0.001334028,-0.002953059,0.052333106,0.000000000,0.000000000,0.050000000,0.001390022,-0.002928741,0.002331069,0.003992940,0.927822222
39.065892119,TRACKING,,0.001372532,1,-0.001340464,-0.002843640,0.052251234,0.000000000,0.000000000,0.050000000,0.001393965,-0.002819682,0.002248875,0.003866677,0.917516638
39.076012760,TRACKING,,0.001301293,1,-0.001348925,-0.002714269,0.052154245,0.000000000,0.000000000,0.050000000,0.001399529,-0.002690723,0.002151500,0.003718551,0.905435969
39.086049101,TRACKING,,0.000506982,1,-0.001059652,-0.003033504,0.052412572,0.000000000,0.000000000,0.050000000,0.001117582,-0.003012076,0.002413279,0.004018148,0.967185187
39.096226733,TRACKING,,0.000034432,1,-0.001059652,-0.003033504,0.052412572,0.000000000,0.000000000,0.050000000,0.001117582,-0.003012076,0.002413279,0.004018148,0.967185187
39.106335501,TRACKING,,0.002099166,1,-0.001067619,-0.002927690,0.052332979,0.000000000,0.000000000,0.050000000,0.001123120,-0.002906534,0.002333373,0.003892810,0.956684934
39.116411023,TRACKING,,0.001497199,1,-0.001076781,-0.002816538,0.052249241,0.000000000,0.000000000,0.050000000,0.001129777,-0.002795653,0.002249302,0.003761839,0.945833880
39.126522166,TRACKING,,0.000942725,1,-0.000787339,-0.003130517,0.052504984,0.000000000,0.000000000,0.050000000,0.000847653,-0.003112400,0.002507874,0.004085949,1.014208971
39.136584628,TRACKING,,0.000432182,1,-0.000796644,-0.003016558,0.052419065,0.000000000,0.000000000,0.050000000,0.000854317,-0.002998664,0.002421631,0.003947928,1.002482121
39.146585350,TRACKING,,0.002282012,1,-0.000806606,-0.002898427,0.052329924,0.000000000,0.000000000,0.050000000,0.000861590,-0.002880756,0.002332155,0.003805264,0.990533528
39.156697680,TRACKING,,0.001230054,1,-0.000515827,-0.003208567,0.052584254,0.000000000,0.000000000,0.050000000,0.000578109,-0.003194330,0.002588705,0.004152029,1.064369152
39.166788638,TRACKING,,0.000028496,1,-0.000526823,-0.003087065,0.052492320,0.000000000,0.000000000,0.050000000,0.000586264,-0.003072985,0.002496443,0.004002395,1.051405102
39.177774828,TRACKING,,0.000041556,1,-0.000538502,-0.002964426,0.052399372,0.000000000,0.000000000,0.050000000,0.000595119,-0.002950494,0.002403166,0.003851596,1.038339160
39.187875285,TRACKING,,0.001532819,1,-0.000214205,-0.003322492,0.052693699,0.000000000,0.000000000,0.050000000,0.000279321,-0.003313110,0.002699284,0.004282622,1.127310313
39.197770336,TRACKING,,0.000077175,1,-0.000227039,-0.003194833,0.052596688,0.000000000,0.000000000,0.050000000,0.000289130,-0.003185520,0.002601954,0.004123263,1.113157204
39.207956279,TRACKING,,0.002303384,1,-0.000239292,-0.003077640,0.052507480,0.000000000,0.000000000,0.050000000,0.000298643,-0.003068381,0.002512456,0.003977007,1.100115705
39.217902385,TRACKING,,0.001643238,1,0.000021683,-0.003353411,0.052736173,0.000000000,0.000000000,0.050000000,0.000044266,-0.003348410,0.002742020,0.004328103,1.174100082
39.228127509,TRACKING,,0.001084015,1,0.000009128,-0.003241016,0.052650357,0.000000000,0.000000000,0.050000000,0.000054137,-0.003235997,0.002655946,0.004186724,1.161177079
39.238214905,TRACKING,,0.000453552,1,-0.000004167,-0.003124904,0.052561590,0.000000000,0.000000000,0.050000000,0.000064698,-0.003119861,0.002566917,0.004040642,1.147805431
39.248510081,TRACKING,,0.002519475,1,-0.000004167,-0.003124904,0.052561590,0.000000000,0.000000000,0.050000000,0.000064698,-0.003119861,0.002566917,0.004040642,1.147805431
39.258396821,TRACKING,,0.002076607,1,0.000290275,-0.003448221,0.052830038,0.000000000,0.000000000,0.050000000,-0.000221955,-0.003448561,0.002835802,0.004470303,1.235647145
39.268477093,TRACKING,,0.000990217,1,0.000277674,-0.003343268,0.052749613,0.000000000,0.000000000,0.050000000,-0.000211915,-0.003343515,0.002755161,0.004337616,1.222885413
39.278741399,TRACKING,,0.000053429,1,0.000263542,-0.003224078,0.052658263,0.000000000,0.000000000,0.050000000,-0.000200631,-0.003224225,0.002663572,0.004186943,1.208781131
39.288844230,TRACKING,,0.001807088,1,0.000558406,-0.003540985,0.052923366,0.000000000,0.000000000,0.050000000,-0.000487780,-0.003547182,0.002928486,0.004625631,1.299127165
39.298956559,TRACKING,,0.000797873,1,0.000543943,-0.003424847,0.052834126,0.000000000,0.000000000,0.050000000,-0.000476170,-0.003430864,0.002839042,0.004478585,1.284910493
39.309268357,TRACKING,,0.002420928,1,0.000528837,-0.003303363,0.052740675,0.000000000,0.000000000,0.050000000,-0.000463990,-0.003309194,0.002745383,0.004324717,1.270305333
39.319155097,TRACKING,,0.001437834,1,0.000824547,-0.003621244,0.053007941,0.000000000,0.000000000,0.050000000,-0.000751893,-0.003633785,0.003011853,0.004779226,1.363474589
39.329234182,TRACKING,,0.000581782,1,0.000809290,-0.003505767,0.052918811,0.000000000,0.000000000,0.050000000,-0.000739491,-0.003518041,0.002922558,0.004633013,1.349172474
39.339335826,TRACKING,,0.000052242,1,0.000793619,-0.003388695,0.052828322,0.000000000,0.000000000,0.050000000,-0.000726668,-0.003400697,0.002831908,0.004484695,1.334753442
39.349412536,TRACKING,,0.002081357,1,0.001090658,-0.003712409,0.053101442,0.000000000,0.000000000,0.050000000,-0.001015681,-0.003731800,0.003103630,0.004958877,1.430910745
39.359485685,TRACKING,,0.001541130,1,0.001074782,-0.003597318,0.053012258,0.000000000,0.000000000,0.050000000,-0.001002671,-0.003616360,0.003014323,0.004813476,1.416550616
39.369555271,TRACKING,,0.000768190,1,0.001058370,-0.003480865,0.052921883,0.000000000,0.000000000,0.050000000,-0.000989119,-0.003499548,0.002923829,0.004666259,1.401976831
39.379571428,TRACKING,,0.002458922,1,0.001058370,-0.003480865,0.052921883,0.000000000,0.000000000,0.050000000,-0.000989119,-0.003499548,0.002923829,0.004666259,1.401976831
39.389555528,TRACKING,,0.001880701,1,0.001355263,-0.003799012,0.053192145,0.000000000,0.000000000,0.050000000,-0.001278047,-0.003825737,0.003192076,0.005143833,1.499452632
39.399747407,TRACKING,,0.001258550,1,0.001338910,-0.003689783,0.053107125,0.000000000,0.000000000,0.050000000,-0.001264468,-0.003716071,0.003106982,0.005006136,1.485151246
39.409839553,TRACKING,,0.000775314,1,0.001321837,-0.003571411,0.053015014,0.000000000,0.000000000,0.050000000,-0.001250338,-0.003597253,0.003014791,0.004857215,1.470137919
39.419935260,TRACKING,,0.000248148,1,0.001620272,-0.003893488,0.053289922,0.000000000,0.000000000,0.050000000,-0.001540628,-0.003928071,0.003287072,0.005348656,1.569981769
39.430301674,TRACKING,,0.002324755,1,0.001603040,-0.003779811,0.053201212,0.000000000,0.000000000,0.050000000,-0.001526299,-0.003813866,0.003198328,0.005206195,1.555166415
39.440124299,TRACKING,,0.001805901,1,0.001585425,-0.003662146,0.053109319,0.000000000,0.000000000,0.050000000,-0.001511636,-0.003695672,0.003106401,0.005058928,1.540101272
39.450313804,TRACKING,,0.000770565,1,0.001883883,-0.003982436,0.053384211,0.000000000,0.000000000,0.050000000,-0.001801914,-0.004025363,0.003378056,0.005555331,1.641211613
39.460357270,TRACKING,,0.000053429,1,0.001864860,-0.003860641,0.053288785,0.000000000,0.000000000,0.050000000,-0.001786018,-0.003902916,0.003282644,0.005403551,1.625319385
39.470468412,TRACKING,,0.002196526,1,0.001846146,-0.003741725,0.053195487,0.000000000,0.000000000,0.050000000,-0.001770312,-0.003783365,0.003189364,0.005255464,1.609872082
39.480434702,TRACKING,,0.001683607,1,0.002145560,-0.004065111,0.053474274,0.000000000,0.000000000,0.050000000,-0.002061395,-0.004116839,0.003464306,0.005761869,1.712687098
39.490513787,TRACKING,,0.001023462,1,0.002126437,-0.003949281,0.053383097,0.000000000,0.000000000,0.050000000,-0.002045275,-0.004000284,0.003373199,0.005618175,1.697313837
39.500596434,TRACKING,,0.000388251,1,0.002106730,-0.003830221,0.053289248,0.000000000,0.000000000,0.050000000,-0.002028608,-0.003880486,0.003279426,0.005470654,1.681599631
39.510679080,TRACKING,,0.002133599,1,0.002405059,-0.004147640,0.053564712,0.000000000,0.000000000,0.050000000,-0.002318687,-0.004208608,0.003550453,0.005974479,1.784626599
39.520762914,TRACKING,,0.001022275,1,0.002383982,-0.004022792,0.053466037,0.000000000,0.000000000,0.050000000,-0.002300862,-0.004082891,0.003451908,0.005820622,1.768045849
39.531080649,TRACKING,,0.000037994,1,0.002383982,-0.004022792,0.053466037,0.000000000,0.000000000,0.050000000,-0.002300862,-0.004082891,0.003451908,0.005820622,1.768045849
39.541108679,TRACKING,,0.001750097,1,0.002362077,-0.003895297,0.053365088,0.000000000,0.000000000,0.050000000,-0.002282235,-0.003954501,0.003351102,0.005663618,1.751034723
39.551191326,TRACKING,,0.000540227,1,0.002659839,-0.004207392,0.053637717,0.000000000,0.000000000,0.050000000,-0.002571818,-0.004277916,0.003618711,0.006165215,1.854416249
39.561627791,TRACKING,,0.002283199,1,0.002636711,-0.004076232,0.053533597,0.000000000,0.000000000,0.050000000,-0.002552138,-0.004145722,0.003514797,0.006004516,1.836622310
39.571368492,TRACKING,,0.001205121,1,0.002613998,-0.003941515,0.053426701,0.000000000,0.000000000,0.050000000,-0.002532896,-0.004010002,0.003408098,0.005840446,1.818884332
39.581472511,TRACKING,,0.000402499,1,0.002911235,-0.004244937,0.053694000,0.000000000,0.000000000,0.050000000,-0.002822137,-0.004325339,0.003669796,0.006335646,1.922204687
39.592113194,TRACKING,,0.002703508,1,0.002888919,-0.004118752,0.053593529,0.000000000,0.000000000,0.050000000,-0.002803142,-0.004198088,0.003569576,0.006182509,1.905228243
39.602084233,TRACKING,,0.001311979,1,0.002864774,-0.003982862,0.053485188,0.000000000,0.000000000,0.050000000,-0.002782521,-0.004061057,0.003461509,0.006018027,1.887010084
39.612056460,TRACKING,,0.000763441,1,0.003162501,-0.004291790,0.053758174,0.000000000,0.000000000,0.050000000,-0.003072071,-0.004382552,0.003728319,0.006522633,1.991626002
39.622103487,TRACKING,,0.000238650,1,0.003139400,-0.004165612,0.053657255,0.000000000,0.000000000,0.050000000,-0.003052306,-0.004255203,0.003627719,0.006370531,1.974513808
39.632225315,TRACKING,,0.002407867,1,0.003115907,-0.004039865,0.053556509,0.000000000,0.000000000,0.050000000,-0.003032098,-0.004128276,0.003527302,0.006219175,1.957339502
39.642256908,TRACKING,,0.001846269,1,0.003092374,-0.003919495,0.053459875,0.000000000,0.000000000,0.050000000,-0.003011688,-0.004006732,0.003431004,0.006074204,1.940486190
39.652366863,TRACKING,,0.001273985,1,0.003390918,-0.004241333,0.053744400,0.000000000,0.000000000,0.050000000,-0.003301789,-0.004341728,0.003708821,0.006596042,2.046847655
39.662390144,TRACKING,,0.000674392,1,0.003366895,-0.004119943,0.053646710,0.000000000,0.000000000,0.050000000,-0.003280982,-0.004219056,0.003611528,0.006450458,2.029760421
39.672469229,TRACKING,,0.000115169,1,0.003342478,-0.004000863,0.053550671,0.000000000,0.000000000,0.050000000,-0.003259691,-0.004098685,0.003515896,0.006307640,2.012692646
39.682618365,TRACKING,,0.002208399,1,0.003342478,-0.004000863,0.053550671,0.000000000,0.000000000,0.050000000,-0.003259691,-0.004098685,0.003515896,0.006307640,2.012692646
39.692734256,TRACKING,,0.001613556,1,0.003640714,-0.004321694,0.053835744,0.000000000,0.000000000,0.050000000,-0.003549449,-0.004433293,0.003793693,0.006829698,2.119354905
39.702827589,TRACKING,,0.000983093,1,0.003616211,-0.004211157,0.053746261,0.000000000,0.000000000,0.050000000,-0.003527943,-0.004321375,0.003704677,0.006696663,2.102717653
39.712944668,TRACKING,,0.000184033,1,0.003591212,-0.004090318,0.053648567,0.000000000,0.000000000,0.050000000,-0.003506147,-0.004199136,0.003607455,0.006552827,2.085326364
39.723000006,TRACKING,,0.001829646,1,0.003888062,-0.004402787,0.053928445,0.000000000,0.000000000,0.050000000,-0.003794670,-0.004525937,0.003879513,0.007066417,2.191428787
39.732988855,TRACKING,,0.000682704,1,0.003861388,-0.004279781,0.053828652,0.000000000,0.000000000,0.050000000,-0.003771334,-0.004401351,0.003780286,0.006919929,2.173271808
39.743155801,TRACKING,,0.002337816,1,0.003834443,-0.004150704,0.053723881,0.000000000,0.000000000,0.050000000,-0.003747823,-0.004270692,0.003676086,0.006767466,2.154719531
39.753188581,TRACKING,,0.001265674,1,0.004130201,-0.004458416,0.054001230,0.000000000,0.000000000,0.050000000,-0.004035332,-0.004593286,0.003945084,0.007276392,2.260587784
39.763197614,TRACKING,,0.000180472,1,0.004102725,-0.004329670,0.053896369,0.000000000,0.000000000,0.050000000,-0.004011340,-0.004462842,0.003840869,0.007124611,2.241944116
39.773315880,TRACKING,,0.001981623,1,0.004074890,-0.004201605,0.053791865,0.000000000,0.000000000,0.050000000,-0.003986928,-0.004333074,0.003737021,0.006973984,2.223269931
39.783353409,TRACKING,,0.000749194,1,0.004369979,-0.004509305,0.054070496,0.000000000,0.000000000,0.050000000,-0.004273731,-0.004656229,0.004006773,0.007483280,2.329358593
39.793433681,TRACKING,,0.002320006,1,0.004369979,-0.004509305,0.054070496,0.000000000,0.000000000,0.050000000,-0.004273731,-0.004656229,0.004006773,0.007483280,2.329358593
39.803568570,TRACKING,,0.001327414,1,0.004341532,-0.004378715,0.053963631,0.000000000,0.000000000,0.050000000,-0.004248826,-0.004523813,0.003900642,0.007330240,2.310393955
39.813547920,TRACKING,,0.000706451,1,0.004313339,-0.004241563,0.053851462,0.000000000,0.000000000,0.050000000,-0.004224277,-0.004384859,0.003789197,0.007171437,2.291203587
39.823768295,TRACKING,,0.000058179,1,0.004609188,-0.004539001,0.054123391,0.000000000,0.000000000,0.050000000,-0.004512029,-0.004698402,0.004051680,0.007671343,2.397449718
39.833886561,TRACKING,,0.002095604,1,0.004581537,-0.004407181,0.054015355,0.000000000,0.000000000,0.050000000,-0.004487948,-0.004564725,0.003944415,0.007519096,2.378804808
39.843957335,TRACKING,,0.001651550,1,0.004554411,-0.004273210,0.053905553,0.000000000,0.000000000,0.050000000,-0.004464389,-0.004428942,0.003835366,0.007365890,2.360294598
39.854056604,TRACKING,,0.001200372,1,0.004849392,-0.004569870,0.054178155,0.000000000,0.000000000,0.050000000,-0.004751269,-0.004742268,0.004098003,0.007864941,2.466538282
39.864140438,TRACKING,,0.000587719,1,0.004821155,-0.004438204,0.054069763,0.000000000,0.000000000,0.050000000,-0.004726611,-0.004608635,0.003990462,0.007713894,2.447806354
39.874238520,TRACKING,,0.000052242,1,0.004792774,-0.004305566,0.053960441,0.000000000,0.000000000,0.050000000,-0.004701787,-0.004474036,0.003881994,0.007562650,2.429020213
39.884314043,TRACKING,,0.002077795,1,0.005086404,-0.004602223,0.054234223,0.000000000,0.000000000,0.050000000,-0.004987295,-0.004787884,0.004145317,0.008061055,2.535142165
39.894376505,TRACKING,,0.001487701,1,0.005057051,-0.004471106,0.054125732,0.000000000,0.000000000,0.050000000,-0.004961527,-0.004654657,0.004037776,0.007911145,2.516135461
39.904462714,TRACKING,,0.001016338,1,0.005027943,-0.004339917,0.054017064,0.000000000,0.000000000,0.050000000,-0.004935955,-0.004521389,0.003930048,0.007762209,2.497269038
39.914437315,TRACKING,,0.000410809,1,0.005320273,-0.004634466,0.054290328,0.000000000,0.000000000,0.050000000,-0.005220196,-0.004833640,0.004192371,0.008257753,2.603071235
39.924600699,TRACKING,,0.002534909,1,0.005290493,-0.004502601,0.054180742,0.000000000,0.000000000,0.050000000,-0.005194030,-0.004699560,0.004083814,0.008108104,2.583958980
39.934666723,TRACKING,,0.002118163,1,0.005260063,-0.004371023,0.054071168,0.000000000,0.000000000,0.050000000,-0.005167166,-0.004565740,0.003975288,0.007959177,2.564667791
39.944757681,TRACKING,,0.001601683,1,0.005551243,-0.004667944,0.054347526,0.000000000,0.000000000,0.050000000,-0.005450173,-0.004880888,0.004240227,0.008456180,2.670559745
39.954801147,TRACKING,,0.000567535,1,0.005520085,-0.004536191,0.054237460,0.000000000,0.000000000,0.050000000,-0.005422647,-0.004746752,0.004131304,0.008306890,2.651044319
39.964883794,TRACKING,,0.002261827,1,0.005520085,-0.004536191,0.054237460,0.000000000,0.000000000,0.050000000,-0.005422647,-0.004746752,0.004131304,0.008306890,2.651044319
39.975037679,TRACKING,,0.001206308,1,0.005487159,-0.004398536,0.054122260,0.000000000,0.000000000,0.050000000,-0.005393471,-0.004606598,0.004017310,0.008151629,2.630544158
39.985065709,TRACKING,,0.000102108,1,0.005774628,-0.004680585,0.054387420,0.000000000,0.000000000,0.050000000,-0.005673150,-0.004907163,0.004270689,0.008631550,2.734436626
39.995217220,TRACKING,,0.000641148,1,0.005741043,-0.004541461,0.054270765,0.000000000,0.000000000,0.050000000,-0.005643415,-0.004765390,0.004155335,0.008474897,2.713607049
40.005299867,TRACKING,,0.002437550,1,0.005704454,-0.004380790,0.054136171,0.000000000,0.000000000,0.050000000,-0.005611185,-0.004601837,0.004022154,0.008296989,2.690401779
40.015522616,TRACKING,,0.002008930,1,0.005992486,-0.004663147,0.054403063,0.000000000,0.000000000,0.050000000,-0.005891421,-0.004903291,0.004276763,0.008777346,2.794797241
40.025545897,TRACKING,,0.001538755,1,0.005961027,-0.004533093,0.054293623,0.000000000,0.000000000,0.050000000,-0.005863555,-0.004770686,0.004168603,0.008632379,2.775408472
40.035552556,TRACKING,,0.000220840,1,0.005928110,-0.004396488,0.054178523,0.000000000,0.000000000,0.050000000,-0.005834362,-0.004631429,0.004054841,0.008481253,2.755134929
40.045626892,TRACKING,,0.001956689,1,0.006213044,-0.004675012,0.054443143,0.000000000,0.000000000,0.050000000,-0.006111607,-0.004929382,0.004306813,0.008955400,2.858469602
40.055773653,TRACKING,,0.000797873,1,0.006178939,-0.004536513,0.054326005,0.000000000,0.000000000,0.050000000,-0.006081330,-0.004788045,0.004191134,0.008801907,2.837691891
40.065824243,TRACKING,,0.002049299,1,0.006178939,-0.004536513,0.054326005,0.000000000,0.000000000,0.050000000,-0.006081330,-0.004788045,0.004191134,0.008801907,2.837691891
40.076038681,TRACKING,,0.001264487,1,0.006142647,-0.004390218,0.054202055,0.000000000,0.000000000,0.050000000,-0.006049033,-0.004638751,0.004068733,0.008640799,2.815677333
40.085849433,TRACKING,,0.000490359,1,0.006427348,-0.004669926,0.054468777,0.000000000,0.000000000,0.050000000,-0.006326003,-0.004938416,0.004322351,0.009115316,2.919280740
40.096099491,TRACKING,,0.002337816,1,0.006392810,-0.004531483,0.054351260,0.000000000,0.000000000,0.050000000,-0.006295299,-0.004797021,0.004206380,0.008963026,2.898385366
40.106131083,TRACKING,,0.001326227,1,0.006358907,-0.004387781,0.054229409,0.000000000,0.000000000,0.050000000,-0.006265306,-0.004650421,0.004086043,0.008807736,2.877439431
40.116227978,TRACKING,,0.000596031,1,0.006641896,-0.004657943,0.054489517,0.000000000,0.000000000,0.050000000,-0.006540820,-0.004940926,0.004332654,0.009271838,2.980091440
40.126388987,TRACKING,,0.000033245,1,0.006607545,-0.004520042,0.054372021,0.000000000,0.000000000,0.050000000,-0.006510284,-0.004800011,0.004216764,0.009121677,2.959373798
40.136469259,TRACKING,,0.001867640,1,0.006573401,-0.004381205,0.054253634,0.000000000,0.000000000,0.050000000,-0.006479927,-0.004658193,0.004099969,0.008972066,2.938712511
40.146557843,TRACKING,,0.000710012,1,0.006853485,-0.004648171,0.054511879,0.000000000,0.000000000,0.050000000,-0.006752638,-0.004945801,0.004344391,0.009430419,3.040361213
40.156665423,TRACKING,,0.002498103,1,0.006817664,-0.004507727,0.054391601,0.000000000,0.000000000,0.050000000,-0.006720702,-0.004802146,0.004225857,0.009278270,3.019054042
40.166714825,TRACKING,,0.001459206,1,0.006781490,-0.004369896,0.054273267,0.000000000,0.000000000,0.050000000,-0.006688302,-0.004661103,0.004109275,0.009129371,2.997816377
40.176805783,TRACKING,,0.000338384,1,0.007058867,-0.004639627,0.054534586,0.000000000,0.000000000,0.050000000,-0.006958258,-0.004951783,0.004356456,0.009587295,3.098894248
40.186856372,TRACKING,,0.002042175,1,0.007058867,-0.004639627,0.054534586,0.000000000,0.000000000,0.050000000,-0.006958258,-0.004951783,0.004356456,0.009587295,3.098894248
40.197159859,TRACKING,,0.000904731,1,0.007022443,-0.004501922,0.054415969,0.000000000,0.000000000,0.050000000,-0.006925648,-0.004810750,0.004239679,0.009438368,3.077616957
40.207142771,TRACKING,,0.002610897,1,0.006986482,-0.004355932,0.054290387,0.000000000,0.000000000,0.050000000,-0.006893652,-0.004661469,0.004115916,0.009283992,3.056035135
40.217301406,TRACKING,,0.001618305,1,0.007263938,-0.004610374,0.054540234,0.000000000,0.000000000,0.050000000,-0.007164065,-0.004937339,0.004351196,0.009728004,3.156498580
40.227272445,TRACKING,,0.001075704,1,0.007228089,-0.004468965,0.054418283,0.000000000,0.000000000,0.050000000,-0.007132115,-0.004792560,0.004231127,0.009578003,3.135254946
40.237361029,TRACKING,,0.000415559,1,0.007193517,-0.004327163,0.054295987,0.000000000,0.000000000,0.050000000,-0.007101391,-0.004647513,0.004110646,0.009430087,3.114466592
40.247541035,TRACKING,,0.000032057,1,0.007470449,-0.004588323,0.054552512,0.000000000,0.000000000,0.050000000,-0.007371122,-0.004930588,0.004352189,0.009878547,3.215348156
40.257578564,TRACKING,,0.002122913,1,0.007435431,-0.004452445,0.054434784,0.000000000,0.000000000,0.050000000,-0.007339850,-0.004791348,0.004236365,0.009735359,3.194793591
40.267654087,TRACKING,,0.001465142,1,0.007400037,-0.004314594,0.054315207,0.000000000,0.000000000,0.050000000,-0.007308210,-0.004650119,0.004118707,0.009591521,3.174020872
40.277742670,TRACKING,,0.000848927,1,0.007363954,-0.004182045,0.054199859,0.000000000,0.000000000,0.050000000,-0.007275713,-0.004514165,0.004005302,0.009452837,3.153330538
40.287837190,TRACKING,,0.000313450,1,0.007636999,-0.004449962,0.054462536,0.000000000,0.000000000,0.050000000,-0.007541506,-0.004804083,0.004252836,0.009901522,3.253445471
40.298277217,TRACKING,,0.002488604,1,0.007600380,-0.004322229,0.054350882,0.000000000,0.000000000,0.050000000,-0.007508404,-0.004672814,0.004143221,0.009766146,3.232843990
40.308027417,TRACKING,,0.001902073,1,0.007563515,-0.004196189,0.054240483,0.000000000,0.000000000,0.050000000,-0.007474975,-0.004543243,0.004034867,0.009633092,3.212275986
40.318131435,TRACKING,,0.001287046,1,0.007834220,-0.004465441,0.054505144,0.000000000,0.000000000,0.050000000,-0.007738400,-0.004834792,0.004284091,0.010080252,3.311834149
40.328233079,TRACKING,,0.000769378,1,0.007796857,-0.004337397,0.054392652,0.000000000,0.000000000,0.050000000,-0.007704566,-0.004703071,0.004173749,0.009944817,3.290984237
40.338314538,TRACKING,,0.000199469,1,0.007759432,-0.004211553,0.054281919,0.000000000,0.000000000,0.050000000,-0.007670576,-0.004573571,0.004065157,0.009812278,3.270255646
40.348508792,TRACKING,,0.002299822,1,0.007759432,-0.004211553,0.054281919,0.000000000,0.000000000,0.050000000,-0.007670576,-0.004573571,0.004065157,0.009812278,3.270255646
40.358479832,TRACKING,,0.001855768,1,0.008027571,-0.004477422,0.054544531,0.000000000,0.000000000,0.050000000,-0.007931526,-0.004861983,0.004312073,0.010253875,3.368882668
40.368568415,TRACKING,,0.001360658,1,0.007989005,-0.004361374,0.054441714,0.000000000,0.000000000,0.050000000,-0.007896208,-0.004742109,0.004211522,0.010127912,3.348319449
40.378579823,TRACKING,,0.000396561,1,0.007950836,-0.004235754,0.054330783,0.000000000,0.000000000,0.050000000,-0.007861484,-0.004612686,0.004102839,0.009995654,3.327328881
40.388692153,TRACKING,,0.002169217,1,0.008215677,-0.004491674,0.054585830,0.000000000,0.000000000,0.050000000,-0.008119406,-0.004891282,0.004341996,0.010426041,3.424333958
40.398893530,TRACKING,,0.001062643,1,0.008175486,-0.004364504,0.054473118,0.000000000,0.000000000,0.050000000,-0.008082757,-0.004760024,0.004231722,0.010290591,3.402550966
40.409204141,TRACKING,,0.002635831,1,0.008135465,-0.004230116,0.054354106,0.000000000,0.000000000,0.050000000,-0.008046409,-0.004621562,0.004115140,0.010150759,3.380412538
40.419031516,TRACKING,,0.001526882,1,0.008396497,-0.004477458,0.054602374,0.000000000,0.000000000,0.050000000,-0.008300768,-0.004891649,0.004347375,0.010570272,3.475767121
40.429297008,TRACKING,,0.002689260,1,0.008354152,-0.004341093,0.054481042,0.000000000,0.000000000,0.050000000,-0.008262196,-0.004750894,0.004228687,0.010426729,3.452732017
40.439530443,TRACKING,,0.001572000,1,0.008313722,-0.004209759,0.054364025,0.000000000,0.000000000,0.050000000,-0.008225349,-0.004615390,0.004114189,0.010290032,3.430698257
40.449252148,TRACKING,,0.000899981,1,0.008573403,-0.004462329,0.054617509,0.000000000,0.000000000,0.050000000,-0.008478240,-0.004891027,0.004351358,0.010711536,3.526088239
40.459293238,TRACKING,,0.000241024,1,0.008534607,-0.004335807,0.054504421,0.000000000,0.000000000,0.050000000,-0.008442925,-0.004760411,0.004240762,0.010579629,3.504937522
40.469342640,TRACKING,,0.002254704,1,0.008534607,-0.004335807,0.054504421,0.000000000,0.000000000,0.050000000,-0.008442925,-0.004760411,0.004240762,0.010579629,3.504937522
40.479469218,TRACKING,,0.001697855,1,0.008495659,-0.004210720,0.054392452,0.000000000,0.000000000,0.050000000,-0.008407385,-0.004631240,0.004131283,0.010449881,3.483835159
40.489488937,TRACKING,,0.000996154,1,0.008754177,-0.004458980,0.054643081,0.000000000,0.000000000,0.050000000,-0.008659221,-0.004902883,0.004365314,0.010866293,3.578755540
40.499712874,TRACKING,,0.000531915,1,0.008715159,-0.004330584,0.054528135,0.000000000,0.000000000,0.050000000,-0.008623735,-0.004770287,0.004252940,0.010733683,3.557432730
40.509878632,TRACKING,,0.000033245,1,0.008677623,-0.004197971,0.054409661,0.000000000,0.000000000,0.050000000,-0.008589787,-0.004633620,0.004136947,0.010600434,3.536392441
40.520005209,TRACKING,,0.001824897,1,0.008934592,-0.004433155,0.054650060,0.000000000,0.000000000,0.050000000,-0.008840425,-0.004892417,0.004360504,0.011004674,3.630136099
40.530084294,TRACKING,,0.000870299,1,0.008895268,-0.004299705,0.054530376,0.000000000,0.000000000,0.050000000,-0.008804757,-0.004754647,0.004243483,0.010869110,3.608455893
40.540238179,TRACKING,,0.002447048,1,0.008855546,-0.004157928,0.054403234,0.000000000,0.000000000,0.050000000,-0.008768853,-0.004608503,0.004119034,0.010728352,3.586158768
40.550301829,TRACKING,,0.001713290,1,0.009107534,-0.004384554,0.054636481,0.000000000,0.000000000,0.050000000,-0.009014772,-0.004858646,0.004335423,0.011120631,3.677865988
40.560364292,TRACKING,,0.001025836,1,0.009068500,-0.004253874,0.054518611,0.000000000,0.000000000,0.050000000,-0.008979300,-0.004723621,0.004220257,0.010988675,3.656518686
40.570456437,TRACKING,,0.000352631,1,0.009029497,-0.004120842,0.054398519,0.000000000,0.000000000,0.050000000,-0.008943872,-0.004586260,0.004102864,0.010856340,3.635057424
40.580584201,TRACKING,,0.002439925,1,0.009279123,-0.004350593,0.054634982,0.000000000,0.000000000,0.050000000,-0.009187374,-0.004839718,0.004322282,0.011247792,3.726337299
40.590593235,TRACKING,,0.001782154,1,0.009240066,-0.004219928,0.054516580,0.000000000,0.000000000,0.050000000,-0.009151862,-0.004704641,0.004206647,0.011116929,3.705032458
40.600713875,TRACKING,,0.001075704,1,0.009201020,-0.004089153,0.054397941,0.000000000,0.000000000,0.050000000,-0.009116323,-0.004569474,0.004090768,0.010987348,3.683744246
40.610925939,TRACKING,,0.000081924,1,0.009445442,-0.004309786,0.054626593,0.000000000,0.000000000,0.050000000,-0.009354891,-0.004813655,0.004302412,0.011366442,3.772853991
40.620975341,TRACKING,,0.001908009,1,0.009445442,-0.004309786,0.054626593,0.000000000,0.000000000,0.050000000,-0.009354891,-0.004813655,0.004302412,0.011366442,3.772853991
40.631087671,TRACKING,,0.001145756,1,0.009405617,-0.004174982,0.054503977,0.000000000,0.000000000,0.050000000,-0.009318701,-0.004674278,0.004182684,0.011233072,3.751080967
40.641189314,TRACKING,,0.000055804,1,0.009366684,-0.004032470,0.054374601,0.000000000,0.000000000,0.050000000,-0.009283544,-0.004527271,0.004056147,0.011096518,3.729166324
40.651407314,TRACKING,,0.001631366,1,0.009610539,-0.004234325,0.054587734,0.000000000,0.000000000,0.050000000,-0.009522037,-0.004752914,0.004252044,0.011460334,3.817161189
40.661257248,TRACKING,,0.000435743,1,0.009569573,-0.004083981,0.054451137,0.000000000,0.000000000,0.050000000,-0.009485089,-0.004597745,0.004118505,0.011316724,3.794113537
40.671494245,TRACKING,,0.002557468,1,0.009532092,-0.003940212,0.054320502,0.000000000,0.000000000,0.050000000,-0.009451390,-0.004449556,0.003990673,0.011182701,3.772672126
40.681382173,TRACKING,,0.002025553,1,0.009774218,-0.004147005,0.054538487,0.000000000,0.000000000,0.050000000,-0.009688072,-0.004680356,0.004191228,0.011546898,3.860556383
40.691467194,TRACKING,,0.001453269,1,0.009736224,-0.004012735,0.054415716,0.000000000,0.000000000,0.050000000,-0.009653650,-0.004541574,0.004071340,0.011419048,3.839550840
40.701479790,TRACKING,,0.000882172,1,0.009698078,-0.003877199,0.054291649,0.000000000,0.000000000,0.050000000,-0.009619067,-0.004401526,0.003950160,0.011291751,3.818439173
40.711722723,TRACKING,,0.002637019,1,0.009934612,-0.004081096,0.054507051,0.000000000,0.000000000,0.050000000,-0.009850280,-0.004629210,0.004148225,0.011647548,3.904402271
40.721690201,TRACKING,,0.001607619,1,0.009894021,-0.003941821,0.054378967,0.000000000,0.000000000,0.050000000,-0.009813378,-0.004485069,0.004023274,0.011515423,3.882253046
40.731698047,TRACKING,,0.000517667,1,0.009853377,-0.003803438,0.054251513,0.000000000,0.000000000,0.050000000,-0.009776359,-0.004341843,0.003898943,0.011385541,3.860156417
40.741755760,TRACKING,,0.002113414,1,0.009853377,-0.003803438,0.054251513,0.000000000,0.000000000,0.050000000,-0.009776359,-0.004341843,0.003898943,0.011385541,3.860156417
40.751847905,TRACKING,,0.001120822,1,0.010084728,-0.004003051,0.054463133,0.000000000,0.000000000,0.050000000,-0.010002547,-0.004565025,0.004093327,0.011732251,3.944270044
40.761957860,TRACKING,,0.000045118,1,0.010041822,-0.003870809,0.054340526,0.000000000,0.000000000,0.050000000,-0.009963152,-0.004427640,0.003974056,0.011604375,3.921751685
40.772082063,TRACKING,,0.001765532,1,0.009999964,-0.003736125,0.054215837,0.000000000,0.000000000,0.050000000,-0.009924822,-0.004287936,0.003852624,0.011477421,3.899460201
40.782107719,TRACKING,,0.000685079,1,0.010227567,-0.003933729,0.054426038,0.000000000,0.000000000,0.050000000,-0.010147363,-0.004509020,0.004045606,0.011818086,3.982337539
40.792353027,TRACKING,,0.002295073,1,0.010184601,-0.003803201,0.054304576,0.000000000,0.000000000,0.050000000,-0.010107849,-0.004373289,0.003927538,0.011692725,3.959917595
40.802239767,TRACKING,,0.001292982,1,0.010142074,-0.003673128,0.054183408,0.000000000,0.000000000,0.050000000,-0.010068719,-0.004238085,0.003809721,0.011569548,3.937688533
40.812451831,TRACKING,,0.000033244,1,0.010364378,-0.003870596,0.054393350,0.000000000,0.000000000,0.050000000,-0.010286012,-0.004458765,0.004002590,0.011903922,4.018858775
40.823365595,TRACKING,,0.002793743,1,0.010321261,-0.003742898,0.054273836,0.000000000,0.000000000,0.050000000,-0.010246252,-0.004325802,0.003886534,0.011781485,3.996573522
40.833413810,TRACKING,,0.001399840,1,0.010277250,-0.003614278,0.054153230,0.000000000,0.000000000,0.050000000,-0.010205586,-0.004191841,0.003769440,0.011659082,3.973936390
40.843369415,TRACKING,,0.000451178,1,0.010495222,-0.003810950,0.054362442,0.000000000,0.000000000,0.050000000,-0.010418607,-0.004411536,0.003961679,0.011987657,4.053710023
40.853590977,TRACKING,,0.002390058,1,0.010495222,-0.003810950,0.054362442,0.000000000,0.000000000,0.050000000,-0.010418607,-0.004411536,0.003961679,0.011987657,4.053710023
40.863581013,TRACKING,,0.001764344,1,0.010453265,-0.003688119,0.054246915,0.000000000,0.000000000,0.050000000,-0.010379857,-0.004283532,0.003849568,0.011870520,4.032116533
40.873663660,TRACKING,,0.001025837,1,0.010412664,-0.003561582,0.054128100,0.000000000,0.000000000,0.050000000,-0.010342508,-0.004151973,0.003734071,0.011753708,4.010774976
40.883758180,TRACKING,,0.000296828,1,0.010630310,-0.003742455,0.054323808,0.000000000,0.000000000,0.050000000,-0.010555605,-0.004356039,0.003912656,0.012070823,4.089657396
40.894183959,TRACKING,,0.002373435,1,0.010589341,-0.003611784,0.054201152,0.000000000,0.000000000,0.050000000,-0.010518016,-0.004220202,0.003793420,0.011951101,4.067945087
40.903950781,TRACKING,,0.001848644,1,0.010549860,-0.003480168,0.054077692,0.000000000,0.000000000,0.050000000,-0.010481892,-0.004083599,0.003673262,0.011833794,4.046695301
40.914040552,TRACKING,,0.001323852,1,0.010509948,-0.003353291,0.053958323,0.000000000,0.000000000,0.050000000,-0.010445190,-0.003951736,0.003557200,0.011720575,4.025593258
40.924141008,TRACKING,,0.000609090,1,0.010723692,-0.003540236,0.054159467,0.000000000,0.000000000,0.050000000,-0.010654337,-0.004161661,0.003741348,0.012034617,4.103654588
40.934231966,TRACKING,,0.000072426,1,0.010681088,-0.003418236,0.054043844,0.000000000,0.000000000,0.050000000,-0.010614858,-0.004034323,0.003629280,0.011921521,4.081918124
40.944628063,TRACKING,,0.002163281,1,0.010639500,-0.003297274,0.053929172,0.000000000,0.000000000,0.050000000,-0.010576332,-0.003908164,0.003518073,0.011811409,4.060596608
40.954400821,TRACKING,,0.001695481,1,0.010848094,-0.003483503,0.054129539,0.000000000,0.000000000,0.050000000,-0.010780386,-0.004117068,0.003701631,0.012118954,4.137013160
40.964492967,TRACKING,,0.001186124,1,0.010806065,-0.003368346,0.054019756,0.000000000,0.000000000,0.050000000,-0.010741296,-0.003996620,0.003595390,0.012011463,4.115891054
40.974574426,TRACKING,,0.000245774,1,0.010762632,-0.003246482,0.053903546,0.000000000,0.000000000,0.050000000,-0.010700932,-0.003869296,0.003482839,0.011900066,4.093889597
40.984651136,TRACKING,,0.002308132,1,0.010965427,-0.003426684,0.054098193,0.000000000,0.000000000,0.050000000,-0.010899371,-0.004071741,0.003660952,0.012197456,4.168108194
40.994695789,TRACKING,,0.001701417,1,0.010923422,-0.003309927,0.053986507,0.000000000,0.000000000,0.050000000,-0.010860320,-0.003949637,0.003552861,0.012090037,4.146901120
41.004776061,TRACKING,,0.000803810,1,0.010880693,-0.003190561,0.053872238,0.000000000,0.000000000,0.050000000,-0.010820577,-0.003824851,0.003442240,0.011981794,4.125298767
41.014818339,TRACKING,,0.000074801,1,0.011078726,-0.003364486,0.054061013,0.000000000,0.000000000,0.050000000,-0.011014439,-0.004020678,0.003614700,0.012269872,4.197635414
41.024904548,TRACKING,,0.001917508,1,0.011078726,-0.003364486,0.054061013,0.000000000,0.000000000,0.050000000,-0.011014439,-0.004020678,0.003614700,0.012269872,4.197635414
41.035153418,TRACKING,,0.001221743,1,0.011035734,-0.003242262,0.053943776,0.000000000,0.000000000,0.050000000,-0.010974509,-0.003892917,0.003501202,0.012159484,4.175773973
41.045024723,TRACKING,,0.002297447,1,0.010993769,-0.003112866,0.053819989,0.000000000,0.000000000,0.050000000,-0.010935735,-0.003758080,0.003381088,0.012047623,4.153831738
41.055262908,TRACKING,,0.001006840,1,0.011185843,-0.003256155,0.053980494,0.000000000,0.000000000,0.050000000,-0.011124405,-0.003922640,0.003525688,0.012311376,4.222477677
41.065376425,TRACKING,,0.002620396,1,0.011141919,-0.003119436,0.053849592,0.000000000,0.000000000,0.050000000,-0.011083861,-0.003780148,0.003398692,0.012193958,4.199452666
41.075594425,TRACKING,,0.001117260,1,0.011097102,-0.002979236,0.053715227,0.000000000,0.000000000,0.050000000,-0.011042469,-0.003634081,0.003268298,0.012075779,4.175940071
41.085802927,TRACKING,,0.002447049,1,0.011284235,-0.003124548,0.053877247,0.000000000,0.000000000,0.050000000,-0.011226203,-0.003800302,0.003414659,0.012334091,4.243187416
41.095521069,TRACKING,,0.001915133,1,0.011242619,-0.003001211,0.053758362,0.000000000,0.000000000,0.050000000,-0.011187605,-0.003671494,0.003299492,0.012228206,4.221784610
41.105672579,TRACKING,,0.001434272,1,0.011201744,-0.002880946,0.053642261,0.000000000,0.000000000,0.050000000,-0.011149643,-0.003545885,0.003187028,0.012126210,4.200826419
41.115674489,TRACKING,,0.000828743,1,0.011387729,-0.003036028,0.053813378,0.000000000,0.000000000,0.050000000,-0.011332023,-0.003721997,0.003342404,0.012387077,4.268421721
41.125765447,TRACKING,,0.000350256,1,0.011346209,-0.002914384,0.053695589,0.000000000,0.000000000,0.050000000,-0.011293454,-0.003594861,0.003228363,0.012283626,4.247167538
41.135830284,TRACKING,,0.002259453,1,0.011346209,-0.002914384,0.053695589,0.000000000,0.000000000,0.050000000,-0.011293454,-0.003594861,0.003228363,0.012283626,4.247167538
41.145955674,TRACKING,,0.001162377,1,0.011303867,-0.002793435,0.053578250,0.000000000,0.000000000,0.050000000,-0.011254020,-0.003468354,0.003114822,0.012181320,4.225684790
41.156059692,TRACKING,,0.000053429,1,0.011481966,-0.002932458,0.053733855,0.000000000,0.000000000,0.050000000,-0.011428934,-0.003627588,0.003255245,0.012424836,4.289805209
41.166048541,TRACKING,,0.001750097,1,0.011437715,-0.002806140,0.053611205,0.000000000,0.000000000,0.050000000,-0.011387730,-0.003495393,0.003136616,0.012318139,4.267357951
41.176207176,TRACKING,,0.000695764,1,0.011394797,-0.002676723,0.053485765,0.000000000,0.000000000,0.050000000,-0.011347894,-0.003360259,0.003015088,0.012212977,4.245182506
41.186320693,TRACKING,,0.002365124,1,0.011568470,-0.002808722,0.053634730,0.000000000,0.000000000,0.050000000,-0.011518590,-0.003512070,0.003149147,0.012447075,4.307512702
41.196384342,TRACKING,,0.001309604,1,0.011524477,-0.002683979,0.053513124,0.000000000,0.000000000,0.050000000,-0.011477574,-0.003381453,0.003031574,0.012343393,4.285263492
41.206474113,TRACKING,,0.000276643,1,0.011479849,-0.002555692,0.053387920,0.000000000,0.000000000,0.050000000,-0.011435965,-0.003247223,0.002910455,0.012239138,4.262590530
41.216567446,TRACKING,,0.001957876,1,0.011647752,-0.002686411,0.053535029,0.000000000,0.000000000,0.050000000,-0.011600957,-0.003397219,0.003043036,0.012465287,4.323035952
41.226621597,TRACKING,,0.000895233,1,0.011603726,-0.002564369,0.053415380,0.000000000,0.000000000,0.050000000,-0.011559804,-0.003269284,0.002927450,0.012364759,4.300951854
41.236817038,TRACKING,,0.002601399,1,0.011603726,-0.002564369,0.053415380,0.000000000,0.000000000,0.050000000,-0.011559804,-0.003269284,0.002927450,0.012364759,4.300951854
41.246922244,TRACKING,,0.001881888,1,0.011559035,-0.002441491,0.053294695,0.000000000,0.000000000,0.050000000,-0.011517974,-0.003140456,0.002810871,0.012264876,4.278595126
41.256896845,TRACKING,,0.001440208,1,0.011723441,-0.002571222,0.053440573,0.000000000,0.000000000,0.050000000,-0.011679521,-0.003289185,0.002942425,0.012485504,4.337941151
41.266972368,TRACKING,,0.000612652,1,0.011680972,-0.002459224,0.053330249,0.000000000,0.000000000,0.050000000,-0.011639671,-0.003171506,0.002836028,0.012392879,4.316985681
41.277101320,TRACKING,,0.002518287,1,0.011637928,-0.002334830,0.053208126,0.000000000,0.000000000,0.050000000,-0.011599493,-0.003041305,0.002717919,0.012295725,4.295085918
41.287275389,TRACKING,,0.001813024,1,0.011796272,-0.002450959,0.053340820,0.000000000,0.000000000,0.050000000,-0.011755323,-0.003175762,0.002836760,0.012502812,4.351697308
41.297390093,TRACKING,,0.001151692,1,0.011753687,-0.002337379,0.053228658,0.000000000,0.000000000,0.050000000,-0.011715364,-0.003056446,0.002728573,0.012411154,4.330610209
41.307221030,TRACKING,,0.000365692,1,0.011710592,-0.002218607,0.053111410,0.000000000,0.000000000,0.050000000,-0.011674980,-0.002931868,0.002615351,0.012318322,4.309047427
41.317396287,TRACKING,,0.002409055,1,0.011863438,-0.002335071,0.053243800,0.000000000,0.000000000,0.050000000,-0.011825335,-0.003066132,0.002734271,0.012518624,4.363953081
41.327293713,TRACKING,,0.001906822,1,0.011820109,-0.002222345,0.053131901,0.000000000,0.000000000,0.050000000,-0.011784579,-0.002947560,0.002626436,0.012428298,4.342670148
41.337395357,TRACKING,,0.001290607,1,0.011777140,-0.002109448,0.053019753,0.000000000,0.000000000,0.050000000,-0.011744158,-0.002828882,0.002518311,0.012339761,4.321503424
41.347440010,TRACKING,,0.000804997,1,0.011923897,-0.002224350,0.053149949,0.000000000,0.000000000,0.050000000,-0.011888488,-0.002960957,0.002635492,0.012531929,4.374367913
41.357526218,TRACKING,,0.000317012,1,0.011880392,-0.002113380,0.053039268,0.000000000,0.000000000,0.050000000,-0.011847486,-0.002844105,0.002528913,0.012443763,4.353131761
41.367750155,TRACKING,,0.002553907,1,0.011837185,-0.002003569,0.052929647,0.000000000,0.000000000,0.050000000,-0.011806729,-0.002728480,0.002423349,0.012357835,4.332067428
41.377804306,TRACKING,,0.001504323,1,0.011976597,-0.002112258,0.053053132,0.000000000,0.000000000,0.050000000,-0.011943880,-0.002853527,0.002534408,0.012538824,4.382230449
41.387903575,TRACKING,,0.000403685,1,0.011930530,-0.002001009,0.052941509,0.000000000,0.000000000,0.050000000,-0.011900295,-0.002736069,0.002427126,0.012449660,4.360118380
41.397954165,TRACKING,,0.002118163,1,0.011930530,-0.002001009,0.052941509,0.000000000,0.000000000,0.050000000,-0.011900295,-0.002736069,0.002427126,0.012449660,4.360118380
41.408251715,TRACKING,,0.001049583,1,0.011884075,-0.001889869,0.052829828,0.000000000,0.000000000,0.050000000,-0.011856293,-0.002618702,0.002319805,0.012361665,4.337878756
41.418216818,TRACKING,,0.000024933,1,0.012016089,-0.001989164,0.052943512,0.000000000,0.000000000,0.050000000,-0.011986280,-0.002733481,0.002421695,0.012530261,4.385094626
41.428275718,TRACKING,,0.001728725,1,0.011969308,-0.001878538,0.052832214,0.000000000,0.000000000,0.050000000,-0.011941942,-0.002616548,0.002314818,0.012442455,4.362766821
41.438452162,TRACKING,,0.000596031,1,0.011923596,-0.001764727,0.052717979,0.000000000,0.000000000,0.050000000,-0.011898712,-0.002496560,0.002204911,0.012356124,4.340608281
41.448690347,TRACKING,,0.002342565,1,0.012050115,-0.001857092,0.052824560,0.000000000,0.000000000,0.050000000,-0.012023386,-0.002603771,0.002300167,0.012515279,4.385691671
41.458550966,TRACKING,,0.001473454,1,0.012003133,-0.001748525,0.052714889,0.000000000,0.000000000,0.050000000,-0.011978768,-0.002488874,0.002194944,0.012429930,4.363420425
41.468512507,TRACKING,,0.000850115,1,0.011957972,-0.001644991,0.052610166,0.000000000,0.000000000,0.050000000,-0.011935838,-0.002379287,0.002094477,0.012349577,4.342071090
41.478636710,TRACKING,,0.000320574,1,0.012079663,-0.001742549,0.052721056,0.000000000,0.000000000,0.050000000,-0.012055594,-0.002491205,0.002194412,0.012504355,4.385943219
41.489012622,TRACKING,,0.002492166,1,0.012034222,-0.001642934,0.052619802,0.000000000,0.000000000,0.050000000,-0.012012294,-0.002385493,0.002097454,0.012425180,4.364725976
41.498712955,TRACKING,,0.002045737,1,0.011988715,-0.001545198,0.052520258,0.000000000,0.000000000,0.050000000,-0.011968867,-0.002281689,0.002002188,0.012347819,4.343599716
41.508786103,TRACKING,,0.000926102,1,0.011940676,-0.001448819,0.052421629,0.000000000,0.000000000,0.050000000,-0.011922860,-0.002178977,0.001908026,0.012269601,4.321696675
41.519013602,TRACKING,,0.002645330,1,0.011940676,-0.001448819,0.052421629,0.000000000,0.000000000,0.050000000,-0.011922860,-0.002178977,0.001908026,0.012269601,4.321696675
41.528950209,TRACKING,,0.001572000,1,0.012051732,-0.001545883,0.052530596,0.000000000,0.000000000,0.050000000,-0.012032037,-0.002289117,0.002006973,0.012411201,4.362070588
41.539016233,TRACKING,,0.000454740,1,0.012001007,-0.001461175,0.052442677,0.000000000,0.000000000,0.050000000,-0.011983107,-0.002197795,0.001923723,0.012333932,4.339914247
41.549064448,TRACKING,,0.002130037,1,0.011950528,-0.001368510,0.052347192,0.000000000,0.000000000,0.050000000,-0.011934569,-0.002098516,0.001832906,0.012255499,4.317344781
41.559156593,TRACKING,,0.001036523,1,0.012055486,-0.001459663,0.052449921,0.000000000,0.000000000,0.050000000,-0.012037798,-0.002201996,0.001926166,0.012388199,4.355356847
41.569305729,TRACKING,,0.000026121,1,0.012004600,-0.001370433,0.052357555,0.000000000,0.000000000,0.050000000,-0.011988778,-0.002106095,0.001838515,0.012310426,4.332828273
41.579381252,TRACKING,,0.001693106,1,0.012102980,-0.001454248,0.052452510,0.000000000,0.000000000,0.050000000,-0.012085583,-0.002201484,0.001924559,0.012434298,4.368307235
41.589440153,TRACKING,,0.000499858,1,0.012053081,-0.001364227,0.052359358,0.000000000,0.000000000,0.050000000,-0.012037556,-0.002104882,0.001836069,0.012357364,4.346067151
41.599475307,TRACKING,,0.002290323,1,0.012002952,-0.001272633,0.052264562,0.000000000,0.000000000,0.050000000,-0.011989309,-0.002006701,0.001745944,0.012280827,4.323658202
41.609531833,TRACKING,,0.001174251,1,0.012094484,-0.001351720,0.052353990,0.000000000,0.000000000,0.050000000,-0.012079373,-0.002096534,0.001827086,0.012395360,4.356661351
41.619599044,TRACKING,,0.000077175,1,0.012043905,-0.001263248,0.052261936,0.000000000,0.000000000,0.050000000,-0.012030601,-0.002001424,0.001739749,0.012319407,4.334288592
41.629652008,TRACKING,,0.001752471,1,0.012043905,-0.001263248,0.052261936,0.000000000,0.000000000,0.050000000,-0.012030601,-0.002001424,0.001739749,0.012319407,4.334288592
41.639757214,TRACKING,,0.000593656,1,0.011993171,-0.001177409,0.052172391,0.000000000,0.000000000,0.050000000,-0.011981604,-0.001908977,0.001654903,0.012245070,4.312024116
41.649937220,TRACKING,,0.002285574,1,0.012076730,-0.001249459,0.052253973,0.000000000,0.000000000,0.050000000,-0.012063851,-0.001990794,0.001728927,0.012348642,4.342057829
41.660118414,TRACKING,,0.001165939,1,0.012026046,-0.001165841,0.052166581,0.000000000,0.000000000,0.050000000,-0.012014856,-0.001900571,0.001646236,0.012275139,4.319931439
41.670088266,TRACKING,,0.000023747,1,0.011975215,-0.001079342,0.052076381,0.000000000,0.000000000,0.050000000,-0.011965754,-0.001807462,0.001560744,0.012201726,4.297588452
41.680142417,TRACKING,,0.001919882,1,0.012052596,-0.001145476,0.052151547,0.000000000,0.000000000,0.050000000,-0.012041958,-0.001882599,0.001628928,0.012296599,4.325307373
41.690337858,TRACKING,,0.001186124,1,0.012003168,-0.001066834,0.052069011,0.000000000,0.000000000,0.050000000,-0.011994094,-0.001797555,0.001550959,0.012226814,4.303909263
41.700272091,TRACKING,,0.000474925,1,0.011952564,-0.000987211,0.051985292,0.000000000,0.000000000,0.050000000,-0.011945056,-0.001711415,0.001471893,0.012156470,4.282061134
41.710322680,TRACKING,,0.002135973,1,0.012022128,-0.001051374,0.052057494,0.000000000,0.000000000,0.050000000,-0.012013491,-0.001783651,0.001537811,0.012242150,4.307132770
41.720419575,TRACKING,,0.001025837,1,0.011970156,-0.000974783,0.051976452,0.000000000,0.000000000,0.050000000,-0.011963017,-0.001700395,0.001461535,0.012171327,4.285002720
41.730497472,TRACKING,,0.000275457,1,0.011918379,-0.000900647,0.051897773,0.000000000,0.000000000,0.050000000,-0.011912674,-0.001619665,0.001387572,0.012102085,4.263089879
41.740593179,TRACKING,,0.002160906,1,0.011918379,-0.000900647,0.051897773,0.000000000,0.000000000,0.050000000,-0.011912674,-0.001619665,0.001387572,0.012102085,4.263089879
41.750707883,TRACKING,,0.001484139,1,0.011866499,-0.000831334,0.051823778,0.000000000,0.000000000,0.050000000,-0.011862121,-0.001543808,0.001318259,0.012034578,4.241417928
41.760801216,TRACKING,,0.000689828,1,0.011929509,-0.000899722,0.051899159,0.000000000,0.000000000,0.050000000,-0.011923939,-0.001619499,0.001387944,0.012113195,4.264666055
41.770882675,TRACKING,,0.000030870,1,0.011876397,-0.000833713,0.051828236,0.000000000,0.000000000,0.050000000,-0.011872091,-0.001546812,0.001321797,0.012045179,4.242743326
41.780992630,TRACKING,,0.001988747,1,0.011824703,-0.000766387,0.051756256,0.000000000,0.000000000,0.050000000,-0.011821675,-0.001472996,0.001254461,0.011978956,4.221215672
41.791089525,TRACKING,,0.001348785,1,0.011880632,-0.000825880,0.051822195,0.000000000,0.000000000,0.050000000,-0.011876594,-0.001538902,0.001315372,0.012047900,4.241637230
41.801184044,TRACKING,,0.000480861,1,0.011828701,-0.000763202,0.051754660,0.000000000,0.000000000,0.050000000,-0.011825847,-0.001469732,0.001252485,0.011982466,4.220284041
41.811304685,TRACKING,,0.002452985,1,0.011775384,-0.000697386,0.051683845,0.000000000,0.000000000,0.050000000,-0.011773758,-0.001397274,0.001186429,0.011915593,4.198273093
41.821346963,TRACKING,,0.001779780,1,0.011823346,-0.000752434,0.051744345,0.000000000,0.000000000,0.050000000,-0.011820795,-0.001457778,0.001242619,0.011974991,4.215831720
41.831445045,TRACKING,,0.001113698,1,0.011770806,-0.000692418,0.051679213,0.000000000,0.000000000,0.050000000,-0.011769367,-0.001391252,0.001182156,0.011910124,4.194416517
41.841532441,TRACKING,,0.000364505,1,0.011717300,-0.000631340,0.051612883,0.000000000,0.000000000,0.050000000,-0.011716979,-0.001323576,0.001120560,0.011844624,4.172611645
41.851685139,TRACKING,,0.002490979,1,0.011757005,-0.000681616,0.051667644,0.000000000,0.000000000,0.050000000,-0.011755850,-0.001378330,0.001171746,0.011894234,4.187243807
41.861673988,TRACKING,,0.001501948,1,0.011702454,-0.000622680,0.051603253,0.000000000,0.000000000,0.050000000,-0.011702371,-0.001312700,0.001112165,0.011828169,4.165202149
41.871808876,TRACKING,,0.000729009,1,0.011649906,-0.000567203,0.051542518,0.000000000,0.000000000,0.050000000,-0.011650821,-0.001250816,0.001056035,0.011765262,4.144050639
41.881777541,TRACKING,,0.000060553,1,0.011680375,-0.000611951,0.051590615,0.000000000,0.000000000,0.050000000,-0.011680556,-0.001298947,0.001101379,0.011804054,4.155329412
41.891715336,TRACKING,,0.002082544,1,0.011680375,-0.000611951,0.051590615,0.000000000,0.000000000,0.050000000,-0.011680556,-0.001298947,0.001101379,0.011804054,4.155329412
41.901845475,TRACKING,,0.001048396,1,0.011627129,-0.000557584,0.051530838,0.000000000,0.000000000,0.050000000,-0.011628281,-0.001238113,0.001046255,0.011740719,4.133997914
41.912061100,TRACKING,,0.000033245,1,0.011571675,-0.000498552,0.051466232,0.000000000,0.000000000,0.050000000,-0.011573870,-0.001172365,0.000986485,0.011674847,4.111646258
41.922140185,TRACKING,,0.001868828,1,0.011594413,-0.000530171,0.051500641,0.000000000,0.000000000,0.050000000,-0.011596116,-0.001206417,0.001018861,0.011703137,4.119693171
41.932367684,TRACKING,,0.001309604,1,0.011540348,-0.000474380,0.051439495,0.000000000,0.000000000,0.050000000,-0.011543033,-0.001144105,0.000962410,0.011639451,4.097991372
41.942249675,TRACKING,,0.000201843,1,0.011487269,-0.000419726,0.051379599,0.000000000,0.000000000,0.050000000,-0.011490906,-0.001083084,0.000907101,0.011577427,4.076697684
41.952270581,TRACKING,,0.001904447,1,0.011500944,-0.000446312,0.051407919,0.000000000,0.000000000,0.050000000,-0.011504174,-0.001111058,0.000934172,0.011595394,4.081486836
41.962388847,TRACKING,,0.000793124,1,0.011444672,-0.000393991,0.051349862,0.000000000,0.000000000,0.050000000,-0.011448800,-0.001052047,0.000880936,0.011530736,4.059235720
41.972571228,TRACKING,,0.000148414,1,0.011388768,-0.000343831,0.051293927,0.000000000,0.000000000,0.050000000,-0.011393744,-0.000995288,0.000829757,0.011467193,4.037240154
41.982643189,TRACKING,,0.002249954,1,0.011396227,-0.000370107,0.051321060,0.000000000,0.000000000,0.050000000,-0.011400794,-0.001022279,0.000856155,0.011478509,4.040065101
41.992686655,TRACKING,,0.001792840,1,0.011342162,-0.000325744,0.051271019,0.000000000,0.000000000,0.050000000,-0.011347469,-0.000971585,0.000810679,0.011417804,4.019018283
42.002785924,TRACKING,,0.001306042,1,0.011287572,-0.000282562,0.051222092,0.000000000,0.000000000,0.050000000,-0.011293590,-0.000922053,0.000766331,0.011357052,3.997856345
42.012878069,TRACKING,,0.000610278,1,0.011286084,-0.000304636,0.051243919,0.000000000,0.000000000,0.050000000,-0.011291757,-0.000943846,0.000788171,0.011358514,3.997501902
42.023087758,TRACKING,,0.000045118,1,0.011286084,-0.000304636,0.051243919,0.000000000,0.000000000,0.050000000,-0.011291757,-0.000943846,0.000788171,0.011358514,3.997501902
42.033157344,TRACKING,,0.002018429,1,0.011230995,-0.000263877,0.051197291,0.000000000,0.000000000,0.050000000,-0.011237329,-0.000896726,0.000746131,0.011297716,3.976292063
42.043386030,TRACKING,,0.001321478,1,0.011174642,-0.000221775,0.051149238,0.000000000,0.000000000,0.050000000,-0.011181652,-0.000848147,0.000702749,0.011235771,3.954568592
42.053345196,TRACKING,,0.000276643,1,0.011165544,-0.000233949,0.051160527,0.000000000,0.000000000,0.050000000,-0.011172374,-0.000859180,0.000714705,0.011228132,3.951180226
42.063394598,TRACKING,,0.001980435,1,0.011107217,-0.000192033,0.051112495,0.000000000,0.000000000,0.050000000,-0.011114713,-0.000810606,0.000671473,0.011164444,3.928763763
42.073569855,TRACKING,,0.000632837,1,0.011049494,-0.000150957,0.051065413,0.000000000,0.000000000,0.050000000,-0.011057635,-0.000762977,0.000629116,0.011101766,3.906596376
42.083644191,TRACKING,,0.002444674,1,0.011027330,-0.000155500,0.051067541,0.000000000,0.000000000,0.050000000,-0.011035399,-0.000764957,0.000632960,0.011079974,3.898436374
42.093583173,TRACKING,,0.001627803,1,0.010969753,-0.000119752,0.051025677,0.000000000,0.000000000,0.050000000,-0.010978368,-0.000722750,0.000595751,0.011018250,3.876602262
42.103573209,TRACKING,,0.001111323,1,0.010913290,-0.000086424,0.050986336,0.000000000,0.000000000,0.050000000,-0.010922403,-0.000683128,0.000560945,0.010958112,3.855281108
42.113766276,TRACKING,,0.000584157,1,0.010886565,-0.000090474,0.050987338,0.000000000,0.000000000,0.050000000,-0.010895600,-0.000684186,0.000564000,0.010931620,3.845656551
42.124100633,TRACKING,,0.000043931,1,0.010829558,-0.000060695,0.050951397,0.000000000,0.000000000,0.050000000,-0.010839024,-0.000648122,0.000532586,0.010871438,3.824324970
42.134249769,TRACKING,,0.002027928,1,0.010771592,-0.000031822,0.050916266,0.000000000,0.000000000,0.050000000,-0.010781470,-0.000612897,0.000502028,0.010810539,3.802700683
42.144197062,TRACKING,,0.000964097,1,0.010733861,-0.000029430,0.050909686,0.000000000,0.000000000,0.050000000,-0.010743749,-0.000606379,0.000498342,0.010772380,3.789060642
42.154396065,TRACKING,,0.000048679,1,0.010733861,-0.000029430,0.050909686,0.000000000,0.000000000,0.050000000,-0.010743749,-0.000606379,0.000498342,0.010772380,3.789060642
42.164491772,TRACKING,,0.001766720,1,0.010673765,-0.000003161,0.050876890,0.000000000,0.000000000,0.050000000,-0.010684010,-0.000573600,0.000470230,0.010709725,3.766813552
42.174588667,TRACKING,,0.000520042,1,0.010613955,0.000022031,0.050845228,0.000000000,0.000000000,0.050000000,-0.010624536,-0.000541968,0.000443201,0.010647579,3.744714334
42.184655878,TRACKING,,0.002240456,1,0.010565202,0.000032256,0.050829661,0.000000000,0.000000000,0.050000000,-0.010575897,-0.000526517,0.000431348,0.010597777,3.726978515
42.194720715,TRACKING,,0.000854864,1,0.010504580,0.000055696,0.050799735,0.000000000,0.000000000,0.050000000,-0.010515577,-0.000496623,0.000406060,0.010535126,3.704661235
42.204809298,TRACKING,,0.000230338,1,0.010443137,0.000077737,0.050771068,0.000000000,0.000000000,0.050000000,-0.010454407,-0.000468085,0.000382062,0.010471853,3.682122345
42.214950123,TRACKING,,0.002274888,1,0.010389589,0.000091897,0.050751141,0.000000000,0.000000000,0.050000000,-0.010401018,-0.000448295,0.000366161,0.010417112,3.662628121
42.225025646,TRACKING,,0.001450894,1,0.010332455,0.000109382,0.050727549,0.000000000,0.000000000,0.050000000,-0.010344087,-0.000424843,0.000346851,0.010358616,3.641793229
42.234999060,TRACKING,,0.000833492,1,0.010273561,0.000126010,0.050704667,0.000000000,0.000000000,0.050000000,-0.010285377,-0.000402101,0.000328354,0.010298470,3.620368984
42.245031840,TRACKING,,0.000205405,1,0.010216494,0.000140550,0.050684037,0.000000000,0.000000000,0.050000000,-0.010228462,-0.000381676,0.000311944,0.010240333,3.599677792
42.255167916,TRACKING,,0.002375810,1,0.010160473,0.000153629,0.050665014,0.000000000,0.000000000,0.050000000,-0.010172569,-0.000362855,0.000297034,0.010183372,3.579409428
42.265262435,TRACKING,,0.001797589,1,0.010105197,0.000165418,0.050647410,0.000000000,0.000000000,0.050000000,-0.010117402,-0.000345432,0.000283466,0.010127265,3.559446961
42.275463813,TRACKING,,0.001005653,1,0.010050376,0.000176092,0.050631010,0.000000000,0.000000000,0.050000000,-0.010062674,-0.000329202,0.000271042,0.010071705,3.539683051
42.285612949,TRACKING,,0.000023746,1,0.010050376,0.000176092,0.050631010,0.000000000,0.000000000,0.050000000,-0.010062674,-0.000329202,0.000271042,0.010071705,3.539683051
42.295451010,TRACKING,,0.001830834,1,0.009992504,0.000186207,0.050614825,0.000000000,0.000000000,0.050000000,-0.010004879,-0.000313258,0.000259026,0.010013133,3.518866727
42.305606083,TRACKING,,0.001272798,1,0.009936619,0.000195135,0.050600082,0.000000000,0.000000000,0.050000000,-0.009949055,-0.000298734,0.000248285,0.009956635,3.498788296
42.315661421,TRACKING,,0.000163849,1,0.009880618,0.000203537,0.050585817,0.000000000,0.000000000,0.050000000,-0.009893103,-0.000284757,0.000238004,0.009900061,3.478696278
42.325738131,TRACKING,,0.001860516,1,0.009822409,0.000211580,0.050571690,0.000000000,0.000000000,0.050000000,-0.009834934,-0.000270954,0.000227993,0.009841307,3.457836460
42.335850461,TRACKING,,0.000693390,1,0.009764237,0.000218929,0.050558302,0.000000000,0.000000000,0.050000000,-0.009776790,-0.000257884,0.000218692,0.009782635,3.437008210
42.346356977,TRACKING,,0.002411429,1,0.009706250,0.000225472,0.050545746,0.000000000,0.000000000,0.050000000,-0.009718818,-0.000245672,0.000210183,0.009724195,3.416272892
42.355929080,TRACKING,,0.001403402,1,0.009649715,0.000231270,0.050534167,0.000000000,0.000000000,0.050000000,-0.009662291,-0.000234381,0.000202526,0.009667255,3.396065614
42.365985606,TRACKING,,0.000331260,1,0.009593536,0.000236392,0.050523308,0.000000000,0.000000000,0.050000000,-0.009606109,-0.000223832,0.000195539,0.009610706,3.376005239
42.376087250,TRACKING,,0.002070671,1,0.009538339,0.000240961,0.050513157,0.000000000,0.000000000,0.050000000,-0.009550903,-0.000213960,0.000189171,0.009555172,3.356300751
42.386108156,TRACKING,,0.000981906,1,0.009483926,0.000245045,0.050503644,0.000000000,0.000000000,0.050000000,-0.009496476,-0.000204678,0.000183366,0.009500451,3.336880236
42.396273915,TRACKING,,0.002631082,1,0.009483926,0.000245045,0.050503644,0.000000000,0.000000000,0.050000000,-0.009496476,-0.000204678,0.000183366,0.009500451,3.336880236
42.406263951,TRACKING,,0.001482952,1,0.009429792,0.000248656,0.050494625,0.000000000,0.000000000,0.050000000,-0.009442319,-0.000195927,0.000178013,0.009446029,3.317573916
42.416381030,TRACKING,,0.000356194,1,0.009376554,0.000251875,0.050486141,0.000000000,0.000000000,0.050000000,-0.009389054,-0.000187681,0.000173114,0.009392525,3.298590392
42.426561036,TRACKING,,0.002071858,1,0.009321555,0.000254950,0.050477540,0.000000000,0.000000000,0.050000000,-0.009334021,-0.000179445,0.000168193,0.009337261,3.279004131
42.436619936,TRACKING,,0.000981906,1,0.009267106,0.000257721,0.050469313,0.000000000,0.000000000,0.050000000,-0.009279533,-0.000171593,0.000163586,0.009282561,3.259618902
42.446788070,TRACKING,,0.000030870,1,0.009212442,0.000260186,0.050461362,0.000000000,0.000000000,0.050000000,-0.009224824,-0.000164060,0.000159247,0.009227657,3.240170404
42.457044064,TRACKING,,0.001829647,1,0.009159060,0.000262359,0.050453884,0.000000000,0.000000000,0.050000000,-0.009171395,-0.000156965,0.000155276,0.009174052,3.221177741
42.467035287,TRACKING,,0.001338100,1,0.009107404,0.000264248,0.050446914,0.000000000,0.000000000,0.050000000,-0.009119691,-0.000150339,0.000151682,0.009122191,3.202796049
42.477052632,TRACKING,,0.001712103,1,0.009050120,0.000266109,0.050439474,0.000000000,0.000000000,0.050000000,-0.009062352,-0.000143256,0.000147962,0.009064691,3.182410910
42.487048605,TRACKING,,0.001231242,1,0.009001416,0.000267495,0.050433380,0.000000000,0.000000000,0.050000000,-0.009013598,-0.000137456,0.000145013,0.009015812,3.165080433
42.497100381,TRACKING,,0.000679142,1,0.008951993,0.000268715,0.050427357,0.000000000,0.000000000,0.050000000,-0.008964119,-0.000131782,0.000142162,0.008966215,3.147504540
42.507165218,TRACKING,,0.000106858,1,0.008903460,0.000269778,0.050421599,0.000000000,0.000000000,0.050000000,-0.008915531,-0.000126369,0.000139503,0.008917518,3.130245595
42.517224119,TRACKING,,0.002076607,1,0.008903460,0.000269778,0.050421599,0.000000000,0.000000000,0.050000000,-0.008915531,-0.000126369,0.000139503,0.008917518,3.130245595
42.527364944,TRACKING,,0.001644426,1,0.008855153,0.000270719,0.050416011,0.000000000,0.000000000,0.050000000,-0.008867167,-0.000121122,0.000136982,0.008869052,3.113067556
42.537410784,TRACKING,,0.001148130,1,0.008807690,0.000271536,0.050410642,0.000000000,0.000000000,0.050000000,-0.008819647,-0.000116097,0.000134610,0.008821438,3.096192980
42.547494618,TRACKING,,0.000632837,1,0.008758281,0.000272308,0.050405016,0.000000000,0.000000000,0.050000000,-0.008770172,-0.000110971,0.000132085,0.008771868,3.078650764
42.557634255,TRACKING,,0.000039181,1,0.008708628,0.000272994,0.050399447,0.000000000,0.000000000,0.050000000,-0.008720451,-0.000105934,0.000129613,0.008722057,3.061027456
42.567625479,TRACKING,,0.002044550,1,0.008659270,0.000273584,0.050394015,0.000000000,0.000000000,0.050000000,-0.008671024,-0.000101045,0.000127244,0.008672546,3.043509803
42.577703376,TRACKING,,0.001471079,1,0.008609954,0.000274089,0.050388709,0.000000000,0.000000000,0.050000000,-0.008621637,-0.000096267,0.000124979,0.008623081,3.026005061
42.587727845,TRACKING,,0.000751568,1,0.008560868,0.000274511,0.050383561,0.000000000,0.000000000,0.050000000,-0.008572482,-0.000091616,0.000122842,0.008573852,3.008577265
42.598064576,TRACKING,,0.002413803,1,0.008511046,0.000274841,0.050378422,0.000000000,0.000000000,0.050000000,-0.008522588,-0.000087020,0.000120741,0.008523887,2.990895638
42.607868205,TRACKING,,0.001300106,1,0.008461233,0.000275101,0.050373420,0.000000000,0.000000000,0.050000000,-0.008472702,-0.000082517,0.000118760,0.008473936,2.973209984
42.617965099,TRACKING,,0.000319386,1,0.008411777,0.000275278,0.050368545,0.000000000,0.000000000,0.050000000,-0.008423172,-0.000078154,0.000116865,0.008424345,2.955654475
42.628101175,TRACKING,,0.002099167,1,0.008362955,0.000275392,0.050363839,0.000000000,0.000000000,0.050000000,-0.008374277,-0.000073930,0.000115085,0.008375394,2.938318329
42.638135142,TRACKING,,0.000955786,1,0.008315297,0.000275448,0.050359358,0.000000000,0.000000000,0.050000000,-0.008326549,-0.000069884,0.000113444,0.008327615,2.921388172
42.648429130,TRACKING,,0.000053429,1,0.008315297,0.000275448,0.050359358,0.000000000,0.000000000,0.050000000,-0.008326549,-0.000069884,0.000113444,0.008327615,2.921388172
42.658496341,TRACKING,,0.001827272,1,0.008267620,0.000275442,0.050354922,0.000000000,0.000000000,0.050000000,-0.008278800,-0.000065923,0.000111833,0.008279818,2.904458181
42.668770145,TRACKING,,0.000598404,1,0.008220772,0.000275389,0.050350650,0.000000000,0.000000000,0.050000000,-0.008231880,-0.000062099,0.000110320,0.008232854,2.887818309
42.678782740,TRACKING,,0.002283200,1,0.008171695,0.000275277,0.050346104,0.000000000,0.000000000,0.050000000,-0.008182724,-0.000058176,0.000108646,0.008183652,2.870413781
42.688697976,TRACKING,,0.001383217,1,0.008123353,0.000275131,0.050341676,0.000000000,0.000000000,0.050000000,-0.008134304,-0.000054372,0.000107031,0.008135190,2.853270044
42.698676139,TRACKING,,0.000720698,1,0.008075822,0.000274939,0.050337360,0.000000000,0.000000000,0.050000000,-0.008086693,-0.000050703,0.000105463,0.008087540,2.836418844
42.708910762,TRACKING,,0.002456547,1,0.008029264,0.000274717,0.050333206,0.000000000,0.000000000,0.050000000,-0.008040059,-0.000047165,0.000103986,0.008040869,2.819909282
42.719229684,TRACKING,,0.001433085,1,0.008029264,0.000274717,0.050333206,0.000000000,0.000000000,0.050000000,-0.008040059,-0.000047165,0.000103986,0.008040869,2.819909282
42.729025001,TRACKING,,0.000575846,1,0.008029264,0.000274717,0.050333206,0.000000000,0.000000000,0.050000000,-0.008040059,-0.000047165,0.000103986,0.008040869,2.819909282
42.738977043,TRACKING,,0.000180471,1,0.008029264,0.000274717,0.050333206,0.000000000,0.000000000,0.050000000,-0.008040059,-0.000047165,0.000103986,0.008040869,2.819909282
42.749073938,TRACKING,,0.002343753,1,0.008029264,0.000274717,0.050333206,0.000000000,0.000000000,0.050000000,-0.008040059,-0.000047165,0.000103986,0.008040869,2.819909282
42.759218325,TRACKING,,0.001835583,1,0.008029264,0.000274717,0.050333206,0.000000000,0.000000000,0.050000000,-0.008040059,-0.000047165,0.000103986,0.008040869,2.819909282
42.769319968,TRACKING,,0.001382030,1,0.008029264,0.000274717,0.050333206,0.000000000,0.000000000,0.050000000,-0.008040059,-0.000047165,0.000103986,0.008040869,2.819909282
42.779402615,TRACKING,,0.000854864,1,0.008029264,0.000274717,0.050333206,0.000000000,0.000000000,0.050000000,-0.008040059,-0.000047165,0.000103986,0.008040869,2.819909282
42.789491198,TRACKING,,0.000468987,1,0.008029264,0.000274717,0.050333206,0.000000000,0.000000000,0.050000000,-0.008040059,-0.000047165,0.000103986,0.008040869,2.819909282
42.799499044,TRACKING,,0.000078362,1,0.008029264,0.000274717,0.050333206,0.000000000,0.000000000,0.050000000,-0.008040059,-0.000047165,0.000103986,0.008040869,2.819909282
42.809360851,HOLD,task_pose_stale,0.002302196,0,0.008029264,0.000274717,0.050333206,0.000000000,0.000000000,0.050000000,-0.008040059,-0.000047165,0.000103986,0.008040869,2.819909282
42.819439936,HOLD,task_pose_stale,0.001890200,0,0.008029264,0.000274717,0.050333206,0.000000000,0.000000000,0.050000000,-0.008040059,-0.000047165,0.000103986,0.008040869,2.819909282
42.829526144,HOLD,task_pose_stale,0.001402214,0,0.008029264,0.000274717,0.050333206,0.000000000,0.000000000,0.050000000,-0.008040059,-0.000047165,0.000103986,0.008040869,2.819909282
42.839619477,HOLD,task_pose_stale,0.001028211,0,0.008029264,0.000274717,0.050333206,0.000000000,0.000000000,0.050000000,-0.008040059,-0.000047165,0.000103986,0.008040869,2.819909282
42.849709247,HOLD,task_pose_stale,0.000669643,0,0.008029264,0.000274717,0.050333206,0.000000000,0.000000000,0.050000000,-0.008040059,-0.000047165,0.000103986,0.008040869,2.819909282
42.859800205,HOLD,task_pose_stale,0.002399556,0,0.008029264,0.000274717,0.050333206,0.000000000,0.000000000,0.050000000,-0.008040059,-0.000047165,0.000103986,0.008040869,2.819909282
42.869887601,HOLD,task_pose_stale,0.001772655,0,0.008029264,0.000274717,0.050333206,0.000000000,0.000000000,0.050000000,-0.008040059,-0.000047165,0.000103986,0.008040869,2.819909282
42.880018927,HOLD,task_pose_stale,0.001031774,0,0.008029264,0.000274717,0.050333206,0.000000000,0.000000000,0.050000000,-0.008040059,-0.000047165,0.000103986,0.008040869,2.819909282
42.890122946,HOLD,task_pose_stale,0.000585344,0,0.008029264,0.000274717,0.050333206,0.000000000,0.000000000,0.050000000,-0.008040059,-0.000047165,0.000103986,0.008040869,2.819909282
42.900065490,HOLD,task_pose_stale,0.000147226,0,0.008029264,0.000274717,0.050333206,0.000000000,0.000000000,0.050000000,-0.008040059,-0.000047165,0.000103986,0.008040869,2.819909282
42.910177819,HOLD,task_pose_stale,0.002292698,0,0.008029264,0.000274717,0.050333206,0.000000000,0.000000000,0.050000000,-0.008040059,-0.000047165,0.000103986,0.008040869,2.819909282
42.920179729,HOLD,task_pose_stale,0.001758408,0,0.008029264,0.000274717,0.050333206,0.000000000,0.000000000,0.050000000,-0.008040059,-0.000047165,0.000103986,0.008040869,2.819909282
42.930301557,HOLD,task_pose_stale,0.000981906,0,0.008029264,0.000274717,0.050333206,0.000000000,0.000000000,0.050000000,-0.008040059,-0.000047165,0.000103986,0.008040869,2.819909282
42.940425759,HOLD,task_pose_stale,0.000264771,0,0.008029264,0.000274717,0.050333206,0.000000000,0.000000000,0.050000000,-0.008040059,-0.000047165,0.000103986,0.008040869,2.819909282
42.950515530,HOLD,task_pose_stale,0.002444673,0,0.008029264,0.000274717,0.050333206,0.000000000,0.000000000,0.050000000,-0.008040059,-0.000047165,0.000103986,0.008040869,2.819909282
42.960690787,HOLD,task_pose_stale,0.002036239,0,0.008029264,0.000274717,0.050333206,0.000000000,0.000000000,0.050000000,-0.008040059,-0.000047165,0.000103986,0.008040869,2.819909282
42.970703382,HOLD,task_pose_stale,0.001612369,0,0.008029264,0.000274717,0.050333206,0.000000000,0.000000000,0.050000000,-0.008040059,-0.000047165,0.000103986,0.008040869,2.819909282
42.980780092,HOLD,task_pose_stale,0.001202746,0,0.008029264,0.000274717,0.050333206,0.000000000,0.000000000,0.050000000,-0.008040059,-0.000047165,0.000103986,0.008040869,2.819909282
42.990868675,HOLD,task_pose_stale,0.000813309,0,0.008029264,0.000274717,0.050333206,0.000000000,0.000000000,0.050000000,-0.008040059,-0.000047165,0.000103986,0.008040869,2.819909282
43.000985754,HOLD,task_pose_stale,0.000423870,0,0.008029264,0.000274717,0.050333206,0.000000000,0.000000000,0.050000000,-0.008040059,-0.000047165,0.000103986,0.008040869,2.819909282
43.011140827,HOLD,task_pose_stale,0.000032057,0,0.008029264,0.000274717,0.050333206,0.000000000,0.000000000,0.050000000,-0.008040059,-0.000047165,0.000103986,0.008040869,2.819909282
43.021241283,HOLD,task_pose_stale,0.002292698,0,0.008029264,0.000274717,0.050333206,0.000000000,0.000000000,0.050000000,-0.008040059,-0.000047165,0.000103986,0.008040869,2.819909282
43.031261002,HOLD,task_pose_stale,0.001931755,0,0.008029264,0.000274717,0.050333206,0.000000000,0.000000000,0.050000000,-0.008040059,-0.000047165,0.000103986,0.008040869,2.819909282
43.041375706,HOLD,task_pose_stale,0.001411713,0,0.008029264,0.000274717,0.050333206,0.000000000,0.000000000,0.050000000,-0.008040059,-0.000047165,0.000103986,0.008040869,2.819909282
43.051426295,HOLD,task_pose_stale,0.000503420,0,0.008029264,0.000274717,0.050333206,0.000000000,0.000000000,0.050000000,-0.008040059,-0.000047165,0.000103986,0.008040869,2.819909282
43.061518441,HOLD,task_pose_stale,0.001600496,0,0.008029264,0.000274717,0.050333206,0.000000000,0.000000000,0.050000000,-0.008040059,-0.000047165,0.000103986,0.008040869,2.819909282
43.071596338,HOLD,task_pose_stale,0.000544976,0,0.008029264,0.000274717,0.050333206,0.000000000,0.000000000,0.050000000,-0.008040059,-0.000047165,0.000103986,0.008040869,2.819909282
43.081712229,HOLD,task_pose_stale,0.002165656,0,0.008029264,0.000274717,0.050333206,0.000000000,0.000000000,0.050000000,-0.008040059,-0.000047165,0.000103986,0.008040869,2.819909282
43.091793689,HOLD,task_pose_stale,0.001557752,0,0.008029264,0.000274717,0.050333206,0.000000000,0.000000000,0.050000000,-0.008040059,-0.000047165,0.000103986,0.008040869,2.819909282
43.101814595,HOLD,task_pose_stale,0.000920167,0,0.008029264,0.000274717,0.050333206,0.000000000,0.000000000,0.050000000,-0.008040059,-0.000047165,0.000103986,0.008040869,2.819909282
43.111862810,HOLD,task_pose_stale,0.000447616,0,0.008029264,0.000274717,0.050333206,0.000000000,0.000000000,0.050000000,-0.008040059,-0.000047165,0.000103986,0.008040869,2.819909282
43.122001260,HOLD,task_pose_stale,0.000029682,0,0.008029264,0.000274717,0.050333206,0.000000000,0.000000000,0.050000000,-0.008040059,-0.000047165,0.000103986,0.008040869,2.819909282
43.132248943,HOLD,task_pose_stale,0.001970937,0,0.008029264,0.000274717,0.050333206,0.000000000,0.000000000,0.050000000,-0.008040059,-0.000047165,0.000103986,0.008040869,2.819909282
43.142116686,HOLD,task_pose_stale,0.000930852,0,0.008029264,0.000274717,0.050333206,0.000000000,0.000000000,0.050000000,-0.008040059,-0.000047165,0.000103986,0.008040869,2.819909282
43.152215955,HOLD,task_pose_stale,0.000064115,0,0.008029264,0.000274717,0.050333206,0.000000000,0.000000000,0.050000000,-0.008040059,-0.000047165,0.000103986,0.008040869,2.819909282
43.162292666,HOLD,task_pose_stale,0.002198901,0,0.008029264,0.000274717,0.050333206,0.000000000,0.000000000,0.050000000,-0.008040059,-0.000047165,0.000103986,0.008040869,2.819909282
43.172385998,HOLD,task_pose_stale,0.001515009,0,0.008029264,0.000274717,0.050333206,0.000000000,0.000000000,0.050000000,-0.008040059,-0.000047165,0.000103986,0.008040869,2.819909282
43.182475769,HOLD,task_pose_stale,0.000916604,0,0.008029264,0.000274717,0.050333206,0.000000000,0.000000000,0.050000000,-0.008040059,-0.000047165,0.000103986,0.008040869,2.819909282
43.192565539,HOLD,task_pose_stale,0.000552099,0,0.008029264,0.000274717,0.050333206,0.000000000,0.000000000,0.050000000,-0.008040059,-0.000047165,0.000103986,0.008040869,2.819909282
43.202658872,HOLD,task_pose_stale,0.000080737,0,0.008029264,0.000274717,0.050333206,0.000000000,0.000000000,0.050000000,-0.008040059,-0.000047165,0.000103986,0.008040869,2.819909282
43.212741518,HOLD,task_pose_stale,0.002316444,0,0.008029264,0.000274717,0.050333206,0.000000000,0.000000000,0.050000000,-0.008040059,-0.000047165,0.000103986,0.008040869,2.819909282
43.222832476,HOLD,task_pose_stale,0.001890199,0,0.008029264,0.000274717,0.050333206,0.000000000,0.000000000,0.050000000,-0.008040059,-0.000047165,0.000103986,0.008040869,2.819909282
43.232937682,HOLD,task_pose_stale,0.000987843,0,0.008029264,0.000274717,0.050333206,0.000000000,0.000000000,0.050000000,-0.008040059,-0.000047165,0.000103986,0.008040869,2.819909282
43.243033389,HOLD,task_pose_stale,0.000124667,0,0.008029264,0.000274717,0.050333206,0.000000000,0.000000000,0.050000000,-0.008040059,-0.000047165,0.000103986,0.008040869,2.819909282
43.253193211,HOLD,task_pose_stale,0.001066206,0,0.008029264,0.000274717,0.050333206,0.000000000,0.000000000,0.050000000,-0.008040059,-0.000047165,0.000103986,0.008040869,2.819909282
43.263258048,HOLD,task_pose_stale,0.000074800,0,0.008029264,0.000274717,0.050333206,0.000000000,0.000000000,0.050000000,-0.008040059,-0.000047165,0.000103986,0.008040869,2.819909282
43.273334758,HOLD,task_pose_stale,0.001872390,0,0.008029264,0.000274717,0.050333206,0.000000000,0.000000000,0.050000000,-0.008040059,-0.000047165,0.000103986,0.008040869,2.819909282
43.283347353,HOLD,task_pose_stale,0.000674393,0,0.008029264,0.000274717,0.050333206,0.000000000,0.000000000,0.050000000,-0.008040059,-0.000047165,0.000103986,0.008040869,2.819909282
43.293526172,HOLD,task_pose_stale,0.002311695,0,0.008029264,0.000274717,0.050333206,0.000000000,0.000000000,0.050000000,-0.008040059,-0.000047165,0.000103986,0.008040869,2.819909282
43.303539954,HOLD,task_pose_stale,0.001542317,0,0.008029264,0.000274717,0.050333206,0.000000000,0.000000000,0.050000000,-0.008040059,-0.000047165,0.000103986,0.008040869,2.819909282
43.313624976,HOLD,task_pose_stale,0.001006840,0,0.008029264,0.000274717,0.050333206,0.000000000,0.000000000,0.050000000,-0.008040059,-0.000047165,0.000103986,0.008040869,2.819909282
43.323715934,HOLD,task_pose_stale,0.000520042,0,0.008029264,0.000274717,0.050333206,0.000000000,0.000000000,0.050000000,-0.008040059,-0.000047165,0.000103986,0.008040869,2.819909282
43.333821139,HOLD,task_pose_stale,0.000020185,0,0.008029264,0.000274717,0.050333206,0.000000000,0.000000000,0.050000000,-0.008040059,-0.000047165,0.000103986,0.008040869,2.819909282
43.343921596,HOLD,task_pose_stale,0.002192964,0,0.008029264,0.000274717,0.050333206,0.000000000,0.000000000,0.050000000,-0.008040059,-0.000047165,0.000103986,0.008040869,2.819909282
43.354025614,HOLD,task_pose_stale,0.001674109,0,0.008029264,0.000274717,0.050333206,0.000000000,0.000000000,0.050000000,-0.008040059,-0.000047165,0.000103986,0.008040869,2.819909282
43.364160502,HOLD,task_pose_stale,0.001187311,0,0.008029264,0.000274717,0.050333206,0.000000000,0.000000000,0.050000000,-0.008040059,-0.000047165,0.000103986,0.008040869,2.819909282
43.374265708,HOLD,task_pose_stale,0.000683892,0,0.008029264,0.000274717,0.050333206,0.000000000,0.000000000,0.050000000,-0.008040059,-0.000047165,0.000103986,0.008040869,2.819909282
43.384213001,HOLD,task_pose_stale,0.000124667,0,0.008029264,0.000274717,0.050333206,0.000000000,0.000000000,0.050000000,-0.008040059,-0.000047165,0.000103986,0.008040869,2.819909282
43.394287336,HOLD,task_pose_stale,0.002179903,0,0.008029264,0.000274717,0.050333206,0.000000000,0.000000000,0.050000000,-0.008040059,-0.000047165,0.000103986,0.008040869,2.819909282
43.404365234,HOLD,task_pose_stale,0.001672922,0,0.008029264,0.000274717,0.050333206,0.000000000,0.000000000,0.050000000,-0.008040059,-0.000047165,0.000103986,0.008040869,2.819909282
43.414450255,HOLD,task_pose_stale,0.001133882,0,0.008029264,0.000274717,0.050333206,0.000000000,0.000000000,0.050000000,-0.008040059,-0.000047165,0.000103986,0.008040869,2.819909282
43.424530527,HOLD,task_pose_stale,0.000601967,0,0.008029264,0.000274717,0.050333206,0.000000000,0.000000000,0.050000000,-0.008040059,-0.000047165,0.000103986,0.008040869,2.819909282
43.434620298,HOLD,task_pose_stale,0.000042743,0,0.008029264,0.000274717,0.050333206,0.000000000,0.000000000,0.050000000,-0.008040059,-0.000047165,0.000103986,0.008040869,2.819909282
43.444704132,HOLD,task_pose_stale,0.002191776,0,0.008029264,0.000274717,0.050333206,0.000000000,0.000000000,0.050000000,-0.008040059,-0.000047165,0.000103986,0.008040869,2.819909282
43.454799839,HOLD,task_pose_stale,0.001510260,0,0.008029264,0.000274717,0.050333206,0.000000000,0.000000000,0.050000000,-0.008040059,-0.000047165,0.000103986,0.008040869,2.819909282
43.464888422,HOLD,task_pose_stale,0.001035336,0,0.008029264,0.000274717,0.050333206,0.000000000,0.000000000,0.050000000,-0.008040059,-0.000047165,0.000103986,0.008040869,2.819909282
43.475006688,HOLD,task_pose_stale,0.000495109,0,0.008029264,0.000274717,0.050333206,0.000000000,0.000000000,0.050000000,-0.008040059,-0.000047165,0.000103986,0.008040869,2.819909282
43.485101208,HOLD,task_pose_stale,0.000026120,0,0.008029264,0.000274717,0.050333206,0.000000000,0.000000000,0.050000000,-0.008040059,-0.000047165,0.000103986,0.008040869,2.819909282
43.495363138,HOLD,task_pose_stale,0.001785716,0,0.008029264,0.000274717,0.050333206,0.000000000,0.000000000,0.050000000,-0.008040059,-0.000047165,0.000103986,0.008040869,2.819909282
43.505207135,HOLD,task_pose_stale,0.000937976,0,0.008029264,0.000274717,0.050333206,0.000000000,0.000000000,0.050000000,-0.008040059,-0.000047165,0.000103986,0.008040869,2.819909282
43.515267223,HOLD,task_pose_stale,0.000184033,0,0.008029264,0.000274717,0.050333206,0.000000000,0.000000000,0.050000000,-0.008040059,-0.000047165,0.000103986,0.008040869,2.819909282
43.525342746,HOLD,task_pose_stale,0.002480293,0,0.008029264,0.000274717,0.050333206,0.000000000,0.000000000,0.050000000,-0.008040059,-0.000047165,0.000103986,0.008040869,2.819909282
43.535383836,HOLD,task_pose_stale,0.002143097,0,0.008029264,0.000274717,0.050333206,0.000000000,0.000000000,0.050000000,-0.008040059,-0.000047165,0.000103986,0.008040869,2.819909282
43.545456985,HOLD,task_pose_stale,0.001758407,0,0.008029264,0.000274717,0.050333206,0.000000000,0.000000000,0.050000000,-0.008040059,-0.000047165,0.000103986,0.008040869,2.819909282
43.555563378,HOLD,task_pose_stale,0.001087577,0,0.008029264,0.000274717,0.050333206,0.000000000,0.000000000,0.050000000,-0.008040059,-0.000047165,0.000103986,0.008040869,2.819909282
43.565646024,HOLD,task_pose_stale,0.000524792,0,0.008029264,0.000274717,0.050333206,0.000000000,0.000000000,0.050000000,-0.008040059,-0.000047165,0.000103986,0.008040869,2.819909282
43.575798722,HOLD,task_pose_stale,0.000030870,0,0.008029264,0.000274717,0.050333206,0.000000000,0.000000000,0.050000000,-0.008040059,-0.000047165,0.000103986,0.008040869,2.819909282
43.585962106,HOLD,task_pose_stale,0.002159719,0,0.008029264,0.000274717,0.050333206,0.000000000,0.000000000,0.050000000,-0.008040059,-0.000047165,0.000103986,0.008040869,2.819909282
43.596056626,HOLD,task_pose_stale,0.001621867,0,0.008029264,0.000274717,0.050333206,0.000000000,0.000000000,0.050000000,-0.008040059,-0.000047165,0.000103986,0.008040869,2.819909282
43.606153520,HOLD,task_pose_stale,0.001010402,0,0.008029264,0.000274717,0.050333206,0.000000000,0.000000000,0.050000000,-0.008040059,-0.000047165,0.000103986,0.008040869,2.819909282
43.616220732,HOLD,task_pose_stale,0.000501045,0,0.008029264,0.000274717,0.050333206,0.000000000,0.000000000,0.050000000,-0.008040059,-0.000047165,0.000103986,0.008040869,2.819909282
43.626304566,HOLD,task_pose_stale,0.000023746,0,0.008029264,0.000274717,0.050333206,0.000000000,0.000000000,0.050000000,-0.008040059,-0.000047165,0.000103986,0.008040869,2.819909282
43.636386025,HOLD,task_pose_stale,0.002215523,0,0.008029264,0.000274717,0.050333206,0.000000000,0.000000000,0.050000000,-0.008040059,-0.000047165,0.000103986,0.008040869,2.819909282
43.646475795,HOLD,task_pose_stale,0.001721601,0,0.008029264,0.000274717,0.050333206,0.000000000,0.000000000,0.050000000,-0.008040059,-0.000047165,0.000103986,0.008040869,2.819909282
43.656573877,HOLD,task_pose_stale,0.001224118,0,0.008029264,0.000274717,0.050333206,0.000000000,0.000000000,0.050000000,-0.008040059,-0.000047165,0.000103986,0.008040869,2.819909282
43.666645838,HOLD,task_pose_stale,0.000782438,0,0.008029264,0.000274717,0.050333206,0.000000000,0.000000000,0.050000000,-0.008040059,-0.000047165,0.000103986,0.008040869,2.819909282
43.676732047,HOLD,task_pose_stale,0.000295640,0,0.008029264,0.000274717,0.050333206,0.000000000,0.000000000,0.050000000,-0.008040059,-0.000047165,0.000103986,0.008040869,2.819909282
43.686781449,HOLD,task_pose_stale,0.002175154,0,0.008029264,0.000274717,0.050333206,0.000000000,0.000000000,0.050000000,-0.008040059,-0.000047165,0.000103986,0.008040869,2.819909282
43.696968579,HOLD,task_pose_stale,0.001576750,0,0.008029264,0.000274717,0.050333206,0.000000000,0.000000000,0.050000000,-0.008040059,-0.000047165,0.000103986,0.008040869,2.819909282
43.706956240,HOLD,task_pose_stale,0.000961722,0,0.008029264,0.000274717,0.050333206,0.000000000,0.000000000,0.050000000,-0.008040059,-0.000047165,0.000103986,0.008040869,2.819909282
43.717009204,HOLD,task_pose_stale,0.000471363,0,0.008029264,0.000274717,0.050333206,0.000000000,0.000000000,0.050000000,-0.008040059,-0.000047165,0.000103986,0.008040869,2.819909282
43.727136969,HOLD,task_pose_stale,0.002479106,0,0.008029264,0.000274717,0.050333206,0.000000000,0.000000000,0.050000000,-0.008040059,-0.000047165,0.000103986,0.008040869,2.819909282
43.737178059,HOLD,task_pose_stale,0.001500762,0,0.008029264,0.000274717,0.050333206,0.000000000,0.000000000,0.050000000,-0.008040059,-0.000047165,0.000103986,0.008040869,2.819909282
43.747284452,HOLD,task_pose_stale,0.000682704,0,0.008029264,0.000274717,0.050333206,0.000000000,0.000000000,0.050000000,-0.008040059,-0.000047165,0.000103986,0.008040869,2.819909282
43.757302984,HOLD,task_pose_stale,0.002596650,0,0.008029264,0.000274717,0.050333206,0.000000000,0.000000000,0.050000000,-0.008040059,-0.000047165,0.000103986,0.008040869,2.819909282
43.767449746,HOLD,task_pose_stale,0.001630178,0,0.008029264,0.000274717,0.050333206,0.000000000,0.000000000,0.050000000,-0.008040059,-0.000047165,0.000103986,0.008040869,2.819909282
43.777549015,HOLD,task_pose_stale,0.000636399,0,0.008029264,0.000274717,0.050333206,0.000000000,0.000000000,0.050000000,-0.008040059,-0.000047165,0.000103986,0.008040869,2.819909282
43.787650658,HOLD,task_pose_stale,0.002450611,0,0.008029264,0.000274717,0.050333206,0.000000000,0.000000000,0.050000000,-0.008040059,-0.000047165,0.000103986,0.008040869,2.819909282
43.797729743,HOLD,task_pose_stale,0.001524508,0,0.008029264,0.000274717,0.050333206,0.000000000,0.000000000,0.050000000,-0.008040059,-0.000047165,0.000103986,0.008040869,2.819909282
43.807826637,HOLD,task_pose_stale,0.000573471,0,0.008029264,0.000274717,0.050333206,0.000000000,0.000000000,0.050000000,-0.008040059,-0.000047165,0.000103986,0.008040869,2.819909282
43.817952027,HOLD,task_pose_stale,0.002400744,0,0.008029264,0.000274717,0.050333206,0.000000000,0.000000000,0.050000000,-0.008040059,-0.000047165,0.000103986,0.008040869,2.819909282
43.828025175,HOLD,task_pose_stale,0.001477015,0,0.008029264,0.000274717,0.050333206,0.000000000,0.000000000,0.050000000,-0.008040059,-0.000047165,0.000103986,0.008040869,2.819909282
43.838113758,HOLD,task_pose_stale,0.000520042,0,0.008029264,0.000274717,0.050333206,0.000000000,0.000000000,0.050000000,-0.008040059,-0.000047165,0.000103986,0.008040869,2.819909282
43.848214215,HOLD,task_pose_stale,0.002376997,0,0.008029264,0.000274717,0.050333206,0.000000000,0.000000000,0.050000000,-0.008040059,-0.000047165,0.000103986,0.008040869,2.819909282
43.858284988,HOLD,task_pose_stale,0.001487701,0,0.008029264,0.000274717,0.050333206,0.000000000,0.000000000,0.050000000,-0.008040059,-0.000047165,0.000103986,0.008040869,2.819909282
43.868375946,HOLD,task_pose_stale,0.000533102,0,0.008029264,0.000274717,0.050333206,0.000000000,0.000000000,0.050000000,-0.008040059,-0.000047165,0.000103986,0.008040869,2.819909282
43.878489463,HOLD,task_pose_stale,0.002388870,0,0.008029264,0.000274717,0.050333206,0.000000000,0.000000000,0.050000000,-0.008040059,-0.000047165,0.000103986,0.008040869,2.819909282
43.888551925,HOLD,task_pose_stale,0.001459206,0,0.008029264,0.000274717,0.050333206,0.000000000,0.000000000,0.050000000,-0.008040059,-0.000047165,0.000103986,0.008040869,2.819909282
43.898654756,HOLD,task_pose_stale,0.000556849,0,0.008029264,0.000274717,0.050333206,0.000000000,0.000000000,0.050000000,-0.008040059,-0.000047165,0.000103986,0.008040869,2.819909282
43.908721968,HOLD,task_pose_stale,0.002163281,0,0.008029264,0.000274717,0.050333206,0.000000000,0.000000000,0.050000000,-0.008040059,-0.000047165,0.000103986,0.008040869,2.819909282
43.918810551,HOLD,task_pose_stale,0.001247864,0,0.008029264,0.000274717,0.050333206,0.000000000,0.000000000,0.050000000,-0.008040059,-0.000047165,0.000103986,0.008040869,2.819909282
43.928817210,HOLD,task_pose_stale,0.000524792,0,0.008029264,0.000274717,0.050333206,0.000000000,0.000000000,0.050000000,-0.008040059,-0.000047165,0.000103986,0.008040869,2.819909282
43.938865424,HOLD,task_pose_stale,0.000180471,0,0.008029264,0.000274717,0.050333206,0.000000000,0.000000000,0.050000000,-0.008040059,-0.000047165,0.000103986,0.008040869,2.819909282
43.949128542,HOLD,task_pose_stale,0.002374622,0,0.008029264,0.000274717,0.050333206,0.000000000,0.000000000,0.050000000,-0.008040059,-0.000047165,0.000103986,0.008040869,2.819909282
43.959049715,HOLD,task_pose_stale,0.001884263,0,0.008029264,0.000274717,0.050333206,0.000000000,0.000000000,0.050000000,-0.008040059,-0.000047165,0.000103986,0.008040869,2.819909282
43.969207162,HOLD,task_pose_stale,0.000778877,0,0.008029264,0.000274717,0.050333206,0.000000000,0.000000000,0.050000000,-0.008040059,-0.000047165,0.000103986,0.008040869,2.819909282
43.979290996,HOLD,task_pose_stale,0.002599024,0,0.008029264,0.000274717,0.050333206,0.000000000,0.000000000,0.050000000,-0.008040059,-0.000047165,0.000103986,0.008040869,2.819909282
43.989371268,HOLD,task_pose_stale,0.001703792,0,0.008029264,0.000274717,0.050333206,0.000000000,0.000000000,0.050000000,-0.008040059,-0.000047165,0.000103986,0.008040869,2.819909282
43.999469349,HOLD,task_pose_stale,0.000649459,0,0.008029264,0.000274717,0.050333206,0.000000000,0.000000000,0.050000000,-0.008040059,-0.000047165,0.000103986,0.008040869,2.819909282
44.009560307,HOLD,task_pose_stale,0.002576465,0,0.008029264,0.000274717,0.050333206,0.000000000,0.000000000,0.050000000,-0.008040059,-0.000047165,0.000103986,0.008040869,2.819909282
44.019646516,HOLD,task_pose_stale,0.001625429,0,0.008029264,0.000274717,0.050333206,0.000000000,0.000000000,0.050000000,-0.008040059,-0.000047165,0.000103986,0.008040869,2.819909282
44.029841957,HOLD,task_pose_stale,0.000541414,0,0.008029264,0.000274717,0.050333206,0.000000000,0.000000000,0.050000000,-0.008040059,-0.000047165,0.000103986,0.008040869,2.819909282
44.039833181,HOLD,task_pose_stale,0.002316444,0,0.008029264,0.000274717,0.050333206,0.000000000,0.000000000,0.050000000,-0.008040059,-0.000047165,0.000103986,0.008040869,2.819909282
44.049959758,HOLD,task_pose_stale,0.001384405,0,0.008029264,0.000274717,0.050333206,0.000000000,0.000000000,0.050000000,-0.008040059,-0.000047165,0.000103986,0.008040869,2.819909282
44.060053090,HOLD,task_pose_stale,0.000458302,0,0.008029264,0.000274717,0.050333206,0.000000000,0.000000000,0.050000000,-0.008040059,-0.000047165,0.000103986,0.008040869,2.819909282
44.070071622,HOLD,task_pose_stale,0.002264203,0,0.008029264,0.000274717,0.050333206,0.000000000,0.000000000,0.050000000,-0.008040059,-0.000047165,0.000103986,0.008040869,2.819909282
44.080282498,HOLD,task_pose_stale,0.000657770,0,0.008029264,0.000274717,0.050333206,0.000000000,0.000000000,0.050000000,-0.008040059,-0.000047165,0.000103986,0.008040869,2.819909282
44.090253538,HOLD,task_pose_stale,0.000846553,0,0.008029264,0.000274717,0.050333206,0.000000000,0.000000000,0.050000000,-0.008040059,-0.000047165,0.000103986,0.008040869,2.819909282
44.100273257,HOLD,task_pose_stale,0.000510544,0,0.008029264,0.000274717,0.050333206,0.000000000,0.000000000,0.050000000,-0.008040059,-0.000047165,0.000103986,0.008040869,2.819909282
44.110412895,HOLD,task_pose_stale,0.000040368,0,0.008029264,0.000274717,0.050333206,0.000000000,0.000000000,0.050000000,-0.008040059,-0.000047165,0.000103986,0.008040869,2.819909282
44.120480106,HOLD,task_pose_stale,0.002126474,0,0.008029264,0.000274717,0.050333206,0.000000000,0.000000000,0.050000000,-0.008040059,-0.000047165,0.000103986,0.008040869,2.819909282
44.130569877,HOLD,task_pose_stale,0.001479389,0,0.008029264,0.000274717,0.050333206,0.000000000,0.000000000,0.050000000,-0.008040059,-0.000047165,0.000103986,0.008040869,2.819909282
44.140588408,HOLD,task_pose_stale,0.001149317,0,0.008029264,0.000274717,0.050333206,0.000000000,0.000000000,0.050000000,-0.008040059,-0.000047165,0.000103986,0.008040869,2.819909282
44.150723297,HOLD,task_pose_stale,0.000619776,0,0.008029264,0.000274717,0.050333206,0.000000000,0.000000000,0.050000000,-0.008040059,-0.000047165,0.000103986,0.008040869,2.819909282
44.160823753,HOLD,task_pose_stale,0.000102109,0,0.008029264,0.000274717,0.050333206,0.000000000,0.000000000,0.050000000,-0.008040059,-0.000047165,0.000103986,0.008040869,2.819909282
44.170933708,HOLD,task_pose_stale,0.001902072,0,0.008029264,0.000274717,0.050333206,0.000000000,0.000000000,0.050000000,-0.008040059,-0.000047165,0.000103986,0.008040869,2.819909282
44.181061472,HOLD,task_pose_stale,0.000970034,0,0.008029264,0.000274717,0.050333206,0.000000000,0.000000000,0.050000000,-0.008040059,-0.000047165,0.000103986,0.008040869,2.819909282
44.191127497,HOLD,task_pose_stale,0.000066490,0,0.008029264,0.000274717,0.050333206,0.000000000,0.000000000,0.050000000,-0.008040059,-0.000047165,0.000103986,0.008040869,2.819909282
44.201216080,HOLD,task_pose_stale,0.001894948,0,0.008029264,0.000274717,0.050333206,0.000000000,0.000000000,0.050000000,-0.008040059,-0.000047165,0.000103986,0.008040869,2.819909282
44.211291603,HOLD,task_pose_stale,0.000977157,0,0.008029264,0.000274717,0.050333206,0.000000000,0.000000000,0.050000000,-0.008040059,-0.000047165,0.000103986,0.008040869,2.819909282
44.221386122,HOLD,task_pose_stale,0.000045118,0,0.008029264,0.000274717,0.050333206,0.000000000,0.000000000,0.050000000,-0.008040059,-0.000047165,0.000103986,0.008040869,2.819909282
44.231473518,HOLD,task_pose_stale,0.001889012,0,0.008029264,0.000274717,0.050333206,0.000000000,0.000000000,0.050000000,-0.008040059,-0.000047165,0.000103986,0.008040869,2.819909282
44.241564476,HOLD,task_pose_stale,0.001005652,0,0.008029264,0.000274717,0.050333206,0.000000000,0.000000000,0.050000000,-0.008040059,-0.000047165,0.000103986,0.008040869,2.819909282
44.251592506,HOLD,task_pose_stale,0.000086674,0,0.008029264,0.000274717,0.050333206,0.000000000,0.000000000,0.050000000,-0.008040059,-0.000047165,0.000103986,0.008040869,2.819909282
44.261732144,HOLD,task_pose_stale,0.001922256,0,0.008029264,0.000274717,0.050333206,0.000000000,0.000000000,0.050000000,-0.008040059,-0.000047165,0.000103986,0.008040869,2.819909282
44.271829038,HOLD,task_pose_stale,0.001000903,0,0.008029264,0.000274717,0.050333206,0.000000000,0.000000000,0.050000000,-0.008040059,-0.000047165,0.000103986,0.008040869,2.819909282
44.281896250,HOLD,task_pose_stale,0.000109233,0,0.008029264,0.000274717,0.050333206,0.000000000,0.000000000,0.050000000,-0.008040059,-0.000047165,0.000103986,0.008040869,2.819909282
44.292006205,HOLD,task_pose_stale,0.001805901,0,0.008029264,0.000274717,0.050333206,0.000000000,0.000000000,0.050000000,-0.008040059,-0.000047165,0.000103986,0.008040869,2.819909282
44.302057981,HOLD,task_pose_stale,0.000385876,0,0.008029264,0.000274717,0.050333206,0.000000000,0.000000000,0.050000000,-0.008040059,-0.000047165,0.000103986,0.008040869,2.819909282
44.312178622,HOLD,task_pose_stale,0.002499290,0,0.008029264,0.000274717,0.050333206,0.000000000,0.000000000,0.050000000,-0.008040059,-0.000047165,0.000103986,0.008040869,2.819909282
44.322256519,HOLD,task_pose_stale,0.002122913,0,0.008029264,0.000274717,0.050333206,0.000000000,0.000000000,0.050000000,-0.008040059,-0.000047165,0.000103986,0.008040869,2.819909282
44.332430589,HOLD,task_pose_stale,0.001619492,0,0.008029264,0.000274717,0.050333206,0.000000000,0.000000000,0.050000000,-0.008040059,-0.000047165,0.000103986,0.008040869,2.819909282
44.343639994,HOLD,task_pose_stale,0.001703791,0,0.008029264,0.000274717,0.050333206,0.000000000,0.000000000,0.050000000,-0.008040059,-0.000047165,0.000103986,0.008040869,2.819909282
44.353640716,HOLD,task_pose_stale,0.001232429,0,0.008029264,0.000274717,0.050333206,0.000000000,0.000000000,0.050000000,-0.008040059,-0.000047165,0.000103986,0.008040869,2.819909282
44.363772042,HOLD,task_pose_stale,0.000823994,0,0.008029264,0.000274717,0.050333206,0.000000000,0.000000000,0.050000000,-0.008040059,-0.000047165,0.000103986,0.008040869,2.819909282
44.373765641,HOLD,task_pose_stale,0.000480861,0,0.008029264,0.000274717,0.050333206,0.000000000,0.000000000,0.050000000,-0.008040059,-0.000047165,0.000103986,0.008040869,2.819909282
44.383824541,HOLD,task_pose_stale,0.000074801,0,0.008029264,0.000274717,0.050333206,0.000000000,0.000000000,0.050000000,-0.008040059,-0.000047165,0.000103986,0.008040869,2.819909282
44.393895315,HOLD,task_pose_stale,0.002282012,0,0.008029264,0.000274717,0.050333206,0.000000000,0.000000000,0.050000000,-0.008040059,-0.000047165,0.000103986,0.008040869,2.819909282
44.403983898,HOLD,task_pose_stale,0.001883075,0,0.008029264,0.000274717,0.050333206,0.000000000,0.000000000,0.050000000,-0.008040059,-0.000047165,0.000103986,0.008040869,2.819909282
44.414053484,HOLD,task_pose_stale,0.001215807,0,0.008029264,0.000274717,0.050333206,0.000000000,0.000000000,0.050000000,-0.008040059,-0.000047165,0.000103986,0.008040869,2.819909282
44.424120696,HOLD,task_pose_stale,0.000313450,0,0.008029264,0.000274717,0.050333206,0.000000000,0.000000000,0.050000000,-0.008040059,-0.000047165,0.000103986,0.008040869,2.819909282
44.434167723,HOLD,task_pose_stale,0.002140722,0,0.008029264,0.000274717,0.050333206,0.000000000,0.000000000,0.050000000,-0.008040059,-0.000047165,0.000103986,0.008040869,2.819909282
44.444227811,HOLD,task_pose_stale,0.001227680,0,0.008029264,0.000274717,0.050333206,0.000000000,0.000000000,0.050000000,-0.008040059,-0.000047165,0.000103986,0.008040869,2.819909282
44.454303333,HOLD,task_pose_stale,0.000327698,0,0.008029264,0.000274717,0.050333206,0.000000000,0.000000000,0.050000000,-0.008040059,-0.000047165,0.000103986,0.008040869,2.819909282
44.464382418,HOLD,task_pose_stale,0.002069483,0,0.008029264,0.000274717,0.050333206,0.000000000,0.000000000,0.050000000,-0.008040059,-0.000047165,0.000103986,0.008040869,2.819909282
44.474436569,HOLD,task_pose_stale,0.001188498,0,0.008029264,0.000274717,0.050333206,0.000000000,0.000000000,0.050000000,-0.008040059,-0.000047165,0.000103986,0.008040869,2.819909282
44.484579769,HOLD,task_pose_stale,0.000083111,0,0.008029264,0.000274717,0.050333206,0.000000000,0.000000000,0.050000000,-0.008040059,-0.000047165,0.000103986,0.008040869,2.819909282
44.494711095,HOLD,task_pose_stale,0.001974498,0,0.008029264,0.000274717,0.050333206,0.000000000,0.000000000,0.050000000,-0.008040059,-0.000047165,0.000103986,0.008040869,2.819909282
44.504780681,HOLD,task_pose_stale,0.001472266,0,0.008029264,0.000274717,0.050333206,0.000000000,0.000000000,0.050000000,-0.008040059,-0.000047165,0.000103986,0.008040869,2.819909282
44.514877576,HOLD,task_pose_stale,0.000946287,0,0.008029264,0.000274717,0.050333206,0.000000000,0.000000000,0.050000000,-0.008040059,-0.000047165,0.000103986,0.008040869,2.819909282
44.524976845,HOLD,task_pose_stale,0.000609090,0,0.008029264,0.000274717,0.050333206,0.000000000,0.000000000,0.050000000,-0.008040059,-0.000047165,0.000103986,0.008040869,2.819909282
44.535241150,HOLD,task_pose_stale,0.000167411,0,0.008029264,0.000274717,0.050333206,0.000000000,0.000000000,0.050000000,-0.008040059,-0.000047165,0.000103986,0.008040869,2.819909282
44.546058742,HOLD,task_pose_stale,0.000071238,0,0.008029264,0.000274717,0.050333206,0.000000000,0.000000000,0.050000000,-0.008040059,-0.000047165,0.000103986,0.008040869,2.819909282
44.556039280,HOLD,task_pose_stale,0.002083731,0,0.008029264,0.000274717,0.050333206,0.000000000,0.000000000,0.050000000,-0.008040059,-0.000047165,0.000103986,0.008040869,2.819909282
44.566110053,HOLD,task_pose_stale,0.001620680,0,0.008029264,0.000274717,0.050333206,0.000000000,0.000000000,0.050000000,-0.008040059,-0.000047165,0.000103986,0.008040869,2.819909282
44.576216446,HOLD,task_pose_stale,0.001062644,0,0.008029264,0.000274717,0.050333206,0.000000000,0.000000000,0.050000000,-0.008040059,-0.000047165,0.000103986,0.008040869,2.819909282
44.586288407,HOLD,task_pose_stale,0.000712387,0,0.008029264,0.000274717,0.050333206,0.000000000,0.000000000,0.050000000,-0.008040059,-0.000047165,0.000103986,0.008040869,2.819909282
44.596378178,HOLD,task_pose_stale,0.000305139,0,0.008029264,0.000274717,0.050333206,0.000000000,0.000000000,0.050000000,-0.008040059,-0.000047165,0.000103986,0.008040869,2.819909282
44.606473885,HOLD,task_pose_stale,0.002194151,0,0.008029264,0.000274717,0.050333206,0.000000000,0.000000000,0.050000000,-0.008040059,-0.000047165,0.000103986,0.008040869,2.819909282
44.616566030,HOLD,task_pose_stale,0.001226493,0,0.008029264,0.000274717,0.050333206,0.000000000,0.000000000,0.050000000,-0.008040059,-0.000047165,0.000103986,0.008040869,2.819909282
44.626660550,HOLD,task_pose_stale,0.000332447,0,0.008029264,0.000274717,0.050333206,0.000000000,0.000000000,0.050000000,-0.008040059,-0.000047165,0.000103986,0.008040869,2.819909282
44.636750320,HOLD,task_pose_stale,0.002211960,0,0.008029264,0.000274717,0.050333206,0.000000000,0.000000000,0.050000000,-0.008040059,-0.000047165,0.000103986,0.008040869,2.819909282
44.646838903,HOLD,task_pose_stale,0.001291795,0,0.008029264,0.000274717,0.050333206,0.000000000,0.000000000,0.050000000,-0.008040059,-0.000047165,0.000103986,0.008040869,2.819909282
44.656954795,HOLD,task_pose_stale,0.000370441,0,0.008029264,0.000274717,0.050333206,0.000000000,0.000000000,0.050000000,-0.008040059,-0.000047165,0.000103986,0.008040869,2.819909282
44.667041003,HOLD,task_pose_stale,0.002225021,0,0.008029264,0.000274717,0.050333206,0.000000000,0.000000000,0.050000000,-0.008040059,-0.000047165,0.000103986,0.008040869,2.819909282
44.677142647,HOLD,task_pose_stale,0.001334538,0,0.008029264,0.000274717,0.050333206,0.000000000,0.000000000,0.050000000,-0.008040059,-0.000047165,0.000103986,0.008040869,2.819909282
44.687238354,HOLD,task_pose_stale,0.000453552,0,0.008029264,0.000274717,0.050333206,0.000000000,0.000000000,0.050000000,-0.008040059,-0.000047165,0.000103986,0.008040869,2.819909282
44.697286568,HOLD,task_pose_stale,0.002301009,0,0.008029264,0.000274717,0.050333206,0.000000000,0.000000000,0.050000000,-0.008040059,-0.000047165,0.000103986,0.008040869,2.819909282
44.707385837,HOLD,task_pose_stale,0.001382031,0,0.008029264,0.000274717,0.050333206,0.000000000,0.000000000,0.050000000,-0.008040059,-0.000047165,0.000103986,0.008040869,2.819909282
44.717485106,HOLD,task_pose_stale,0.000511731,0,0.008029264,0.000274717,0.050333206,0.000000000,0.000000000,0.050000000,-0.008040059,-0.000047165,0.000103986,0.008040869,2.819909282
44.727572502,HOLD,task_pose_stale,0.002342565,0,0.008029264,0.000274717,0.050333206,0.000000000,0.000000000,0.050000000,-0.008040059,-0.000047165,0.000103986,0.008040869,2.819909282
44.737708578,HOLD,task_pose_stale,0.001437833,0,0.008029264,0.000274717,0.050333206,0.000000000,0.000000000,0.050000000,-0.008040059,-0.000047165,0.000103986,0.008040869,2.819909282
44.747757980,HOLD,task_pose_stale,0.000559224,0,0.008029264,0.000274717,0.050333206,0.000000000,0.000000000,0.050000000,-0.008040059,-0.000047165,0.000103986,0.008040869,2.819909282
44.757829940,HOLD,task_pose_stale,0.002354438,0,0.008029264,0.000274717,0.050333206,0.000000000,0.000000000,0.050000000,-0.008040059,-0.000047165,0.000103986,0.008040869,2.819909282
44.768043191,HOLD,task_pose_stale,0.000027308,0,0.008029264,0.000274717,0.050333206,0.000000000,0.000000000,0.050000000,-0.008040059,-0.000047165,0.000103986,0.008040869,2.819909282
44.778086657,HOLD,task_pose_stale,0.002280825,0,0.008029264,0.000274717,0.050333206,0.000000000,0.000000000,0.050000000,-0.008040059,-0.000047165,0.000103986,0.008040869,2.819909282
44.788165741,HOLD,task_pose_stale,0.001524507,0,0.008029264,0.000274717,0.050333206,0.000000000,0.000000000,0.050000000,-0.008040059,-0.000047165,0.000103986,0.008040869,2.819909282
44.798249575,HOLD,task_pose_stale,0.000499858,0,0.008029264,0.000274717,0.050333206,0.000000000,0.000000000,0.050000000,-0.008040059,-0.000047165,0.000103986,0.008040869,2.819909282
44.808303726,HOLD,task_pose_stale,0.002324755,0,0.008029264,0.000274717,0.050333206,0.000000000,0.000000000,0.050000000,-0.008040059,-0.000047165,0.000103986,0.008040869,2.819909282
44.818400621,HOLD,task_pose_stale,0.001404589,0,0.008029264,0.000274717,0.050333206,0.000000000,0.000000000,0.050000000,-0.008040059,-0.000047165,0.000103986,0.008040869,2.819909282
44.828493953,HOLD,task_pose_stale,0.000482048,0,0.008029264,0.000274717,0.050333206,0.000000000,0.000000000,0.050000000,-0.008040059,-0.000047165,0.000103986,0.008040869,2.819909282
44.838581349,HOLD,task_pose_stale,0.002291511,0,0.008029264,0.000274717,0.050333206,0.000000000,0.000000000,0.050000000,-0.008040059,-0.000047165,0.000103986,0.008040869,2.819909282
44.848679431,HOLD,task_pose_stale,0.001358284,0,0.008029264,0.000274717,0.050333206,0.000000000,0.000000000,0.050000000,-0.008040059,-0.000047165,0.000103986,0.008040869,2.819909282
44.858881996,HOLD,task_pose_stale,0.001173064,0,0.008029264,0.000274717,0.050333206,0.000000000,0.000000000,0.050000000,-0.008040059,-0.000047165,0.000103986,0.008040869,2.819909282
44.868873219,HOLD,task_pose_stale,0.000505795,0,0.008029264,0.000274717,0.050333206,0.000000000,0.000000000,0.050000000,-0.008040059,-0.000047165,0.000103986,0.008040869,2.819909282
44.879031854,HOLD,task_pose_stale,0.000029683,0,0.008029264,0.000274717,0.050333206,0.000000000,0.000000000,0.050000000,-0.008040059,-0.000047165,0.000103986,0.008040869,2.819909282
44.889072945,HOLD,task_pose_stale,0.001371344,0,0.008029264,0.000274717,0.050333206,0.000000000,0.000000000,0.050000000,-0.008040059,-0.000047165,0.000103986,0.008040869,2.819909282
44.899124721,HOLD,task_pose_stale,0.000942725,0,0.008029264,0.000274717,0.050333206,0.000000000,0.000000000,0.050000000,-0.008040059,-0.000047165,0.000103986,0.008040869,2.819909282
44.909201431,HOLD,task_pose_stale,0.000467801,0,0.008029264,0.000274717,0.050333206,0.000000000,0.000000000,0.050000000,-0.008040059,-0.000047165,0.000103986,0.008040869,2.819909282
44.919231836,HOLD,task_pose_stale,0.002595462,0,0.008029264,0.000274717,0.050333206,0.000000000,0.000000000,0.050000000,-0.008040059,-0.000047165,0.000103986,0.008040869,2.819909282
44.929342978,HOLD,task_pose_stale,0.002062359,0,0.008029264,0.000274717,0.050333206,0.000000000,0.000000000,0.050000000,-0.008040059,-0.000047165,0.000103986,0.008040869,2.819909282
44.939428000,HOLD,task_pose_stale,0.001696667,0,0.008029264,0.000274717,0.050333206,0.000000000,0.000000000,0.050000000,-0.008040059,-0.000047165,0.000103986,0.008040869,2.819909282
44.949532018,HOLD,task_pose_stale,0.001165940,0,0.008029264,0.000274717,0.050333206,0.000000000,0.000000000,0.050000000,-0.008040059,-0.000047165,0.000103986,0.008040869,2.819909282
44.959498308,HOLD,task_pose_stale,0.000757504,0,0.008029264,0.000274717,0.050333206,0.000000000,0.000000000,0.050000000,-0.008040059,-0.000047165,0.000103986,0.008040869,2.819909282
44.969563145,HOLD,task_pose_stale,0.000306326,0,0.008029264,0.000274717,0.050333206,0.000000000,0.000000000,0.050000000,-0.008040059,-0.000047165,0.000103986,0.008040869,2.819909282
44.979641042,HOLD,task_pose_stale,0.002547969,0,0.008029264,0.000274717,0.050333206,0.000000000,0.000000000,0.050000000,-0.008040059,-0.000047165,0.000103986,0.008040869,2.819909282
44.989739124,HOLD,task_pose_stale,0.001959063,0,0.008029264,0.000274717,0.050333206,0.000000000,0.000000000,0.050000000,-0.008040059,-0.000047165,0.000103986,0.008040869,2.819909282
44.999884698,HOLD,task_pose_stale,0.001548254,0,0.008029264,0.000274717,0.050333206,0.000000000,0.000000000,0.050000000,-0.008040059,-0.000047165,0.000103986,0.008040869,2.819909282
45.009999402,HOLD,task_pose_stale,0.001151692,0,0.008029264,0.000274717,0.050333206,0.000000000,0.000000000,0.050000000,-0.008040059,-0.000047165,0.000103986,0.008040869,2.819909282
45.020080861,HOLD,task_pose_stale,0.000732571,0,0.008029264,0.000274717,0.050333206,0.000000000,0.000000000,0.050000000,-0.008040059,-0.000047165,0.000103986,0.008040869,2.819909282
45.030246620,HOLD,task_pose_stale,0.000033245,0,0.008029264,0.000274717,0.050333206,0.000000000,0.000000000,0.050000000,-0.008040059,-0.000047165,0.000103986,0.008040869,2.819909282
45.040311457,HOLD,task_pose_stale,0.001758408,0,0.008029264,0.000274717,0.050333206,0.000000000,0.000000000,0.050000000,-0.008040059,-0.000047165,0.000103986,0.008040869,2.819909282
45.050401227,HOLD,task_pose_stale,0.000806185,0,0.008029264,0.000274717,0.050333206,0.000000000,0.000000000,0.050000000,-0.008040059,-0.000047165,0.000103986,0.008040869,2.819909282
45.060498122,HOLD,task_pose_stale,0.002642955,0,0.008029264,0.000274717,0.050333206,0.000000000,0.000000000,0.050000000,-0.008040059,-0.000047165,0.000103986,0.008040869,2.819909282
45.070568895,HOLD,task_pose_stale,0.001733475,0,0.008029264,0.000274717,0.050333206,0.000000000,0.000000000,0.050000000,-0.008040059,-0.000047165,0.000103986,0.008040869,2.819909282
45.080664602,HOLD,task_pose_stale,0.000563973,0,0.008029264,0.000274717,0.050333206,0.000000000,0.000000000,0.050000000,-0.008040059,-0.000047165,0.000103986,0.008040869,2.819909282
45.090750811,HOLD,task_pose_stale,0.002398369,0,0.008029264,0.000274717,0.050333206,0.000000000,0.000000000,0.050000000,-0.008040059,-0.000047165,0.000103986,0.008040869,2.819909282
45.100777654,HOLD,task_pose_stale,0.001497199,0,0.008029264,0.000274717,0.050333206,0.000000000,0.000000000,0.050000000,-0.008040059,-0.000047165,0.000103986,0.008040869,2.819909282
45.110892358,HOLD,task_pose_stale,0.001073329,0,0.008029264,0.000274717,0.050333206,0.000000000,0.000000000,0.050000000,-0.008040059,-0.000047165,0.000103986,0.008040869,2.819909282
45.121029621,HOLD,task_pose_stale,0.000546163,0,0.008029264,0.000274717,0.050333206,0.000000000,0.000000000,0.050000000,-0.008040059,-0.000047165,0.000103986,0.008040869,2.819909282
45.131008971,HOLD,task_pose_stale,0.000220840,0,0.008029264,0.000274717,0.050333206,0.000000000,0.000000000,0.050000000,-0.008040059,-0.000047165,0.000103986,0.008040869,2.819909282
45.141158107,HOLD,task_pose_stale,0.002249954,0,0.008029264,0.000274717,0.050333206,0.000000000,0.000000000,0.050000000,-0.008040059,-0.000047165,0.000103986,0.008040869,2.819909282
45.151310805,HOLD,task_pose_stale,0.001569625,0,0.008029264,0.000274717,0.050333206,0.000000000,0.000000000,0.050000000,-0.008040059,-0.000047165,0.000103986,0.008040869,2.819909282
45.161264035,HOLD,task_pose_stale,0.002150220,0,0.008029264,0.000274717,0.050333206,0.000000000,0.000000000,0.050000000,-0.008040059,-0.000047165,0.000103986,0.008040869,2.819909282
45.171326497,HOLD,task_pose_stale,0.001626616,0,0.008029264,0.000274717,0.050333206,0.000000000,0.000000000,0.050000000,-0.008040059,-0.000047165,0.000103986,0.008040869,2.819909282
45.181449512,HOLD,task_pose_stale,0.001189686,0,0.008029264,0.000274717,0.050333206,0.000000000,0.000000000,0.050000000,-0.008040059,-0.000047165,0.000103986,0.008040869,2.819909282
45.191539283,HOLD,task_pose_stale,0.000706450,0,0.008029264,0.000274717,0.050333206,0.000000000,0.000000000,0.050000000,-0.008040059,-0.000047165,0.000103986,0.008040869,2.819909282
45.201626679,HOLD,task_pose_stale,0.000203031,0,0.008029264,0.000274717,0.050333206,0.000000000,0.000000000,0.050000000,-0.008040059,-0.000047165,0.000103986,0.008040869,2.819909282
45.211705764,HOLD,task_pose_stale,0.002443486,0,0.008029264,0.000274717,0.050333206,0.000000000,0.000000000,0.050000000,-0.008040059,-0.000047165,0.000103986,0.008040869,2.819909282
45.221784848,HOLD,task_pose_stale,0.001957876,0,0.008029264,0.000274717,0.050333206,0.000000000,0.000000000,0.050000000,-0.008040059,-0.000047165,0.000103986,0.008040869,2.819909282
45.231874619,HOLD,task_pose_stale,0.001396278,0,0.008029264,0.000274717,0.050333206,0.000000000,0.000000000,0.050000000,-0.008040059,-0.000047165,0.000103986,0.008040869,2.819909282
45.242105679,HOLD,task_pose_stale,0.000707638,0,0.008029264,0.000274717,0.050333206,0.000000000,0.000000000,0.050000000,-0.008040059,-0.000047165,0.000103986,0.008040869,2.819909282
45.252095716,HOLD,task_pose_stale,0.000241024,0,0.008029264,0.000274717,0.050333206,0.000000000,0.000000000,0.050000000,-0.008040059,-0.000047165,0.000103986,0.008040869,2.819909282
45.262164114,HOLD,task_pose_stale,0.002339003,0,0.008029264,0.000274717,0.050333206,0.000000000,0.000000000,0.050000000,-0.008040059,-0.000047165,0.000103986,0.008040869,2.819909282
45.272234888,HOLD,task_pose_stale,0.001871202,0,0.008029264,0.000274717,0.050333206,0.000000000,0.000000000,0.050000000,-0.008040059,-0.000047165,0.000103986,0.008040869,2.819909282
45.282311598,HOLD,task_pose_stale,0.001384405,0,0.008029264,0.000274717,0.050333206,0.000000000,0.000000000,0.050000000,-0.008040059,-0.000047165,0.000103986,0.008040869,2.819909282
45.292406118,HOLD,task_pose_stale,0.000783625,0,0.008029264,0.000274717,0.050333206,0.000000000,0.000000000,0.050000000,-0.008040059,-0.000047165,0.000103986,0.008040869,2.819909282
45.302497076,HOLD,task_pose_stale,0.000276643,0,0.008029264,0.000274717,0.050333206,0.000000000,0.000000000,0.050000000,-0.008040059,-0.000047165,0.000103986,0.008040869,2.819909282
45.312591595,HOLD,task_pose_stale,0.002274888,0,0.008029264,0.000274717,0.050333206,0.000000000,0.000000000,0.050000000,-0.008040059,-0.000047165,0.000103986,0.008040869,2.819909282
45.322654058,HOLD,task_pose_stale,0.001804713,0,0.008029264,0.000274717,0.050333206,0.000000000,0.000000000,0.050000000,-0.008040059,-0.000047165,0.000103986,0.008040869,2.819909282
45.332750952,HOLD,task_pose_stale,0.001211057,0,0.008029264,0.000274717,0.050333206,0.000000000,0.000000000,0.050000000,-0.008040059,-0.000047165,0.000103986,0.008040869,2.819909282
45.342938082,HOLD,task_pose_stale,0.000593656,0,0.008029264,0.000274717,0.050333206,0.000000000,0.000000000,0.050000000,-0.008040059,-0.000047165,0.000103986,0.008040869,2.819909282
45.355212505,HOLD,task_pose_stale,0.001969749,0,0.008029264,0.000274717,0.050333206,0.000000000,0.000000000,0.050000000,-0.008040059,-0.000047165,0.000103986,0.008040869,2.819909282
45.365092121,HOLD,task_pose_stale,0.003909815,0,0.008029264,0.000274717,0.050333206,0.000000000,0.000000000,0.050000000,-0.008040059,-0.000047165,0.000103986,0.008040869,2.819909282
45.375184267,HOLD,task_pose_stale,0.000794311,0,0.008029264,0.000274717,0.050333206,0.000000000,0.000000000,0.050000000,-0.008040059,-0.000047165,0.000103986,0.008040869,2.819909282
45.385323904,HOLD,task_pose_stale,0.000028496,0,0.008029264,0.000274717,0.050333206,0.000000000,0.000000000,0.050000000,-0.008040059,-0.000047165,0.000103986,0.008040869,2.819909282
45.395357871,HOLD,task_pose_stale,0.002092042,0,0.008029264,0.000274717,0.050333206,0.000000000,0.000000000,0.050000000,-0.008040059,-0.000047165,0.000103986,0.008040869,2.819909282
45.405444079,HOLD,task_pose_stale,0.000473737,0,0.008029264,0.000274717,0.050333206,0.000000000,0.000000000,0.050000000,-0.008040059,-0.000047165,0.000103986,0.008040869,2.819909282
45.415483983,HOLD,task_pose_stale,0.002094416,0,0.008029264,0.000274717,0.050333206,0.000000000,0.000000000,0.050000000,-0.008040059,-0.000047165,0.000103986,0.008040869,2.819909282
45.425592750,HOLD,task_pose_stale,0.001417649,0,0.008029264,0.000274717,0.050333206,0.000000000,0.000000000,0.050000000,-0.008040059,-0.000047165,0.000103986,0.008040869,2.819909282
45.435585161,HOLD,task_pose_stale,0.000831118,0,0.008029264,0.000274717,0.050333206,0.000000000,0.000000000,0.050000000,-0.008040059,-0.000047165,0.000103986,0.008040869,2.819909282
45.445654747,HOLD,task_pose_stale,0.000410810,0,0.008029264,0.000274717,0.050333206,0.000000000,0.000000000,0.050000000,-0.008040059,-0.000047165,0.000103986,0.008040869,2.819909282
45.455815757,HOLD,task_pose_stale,0.002492167,0,0.008029264,0.000274717,0.050333206,0.000000000,0.000000000,0.050000000,-0.008040059,-0.000047165,0.000103986,0.008040869,2.819909282
45.465817666,HOLD,task_pose_stale,0.002121725,0,0.008029264,0.000274717,0.050333206,0.000000000,0.000000000,0.050000000,-0.008040059,-0.000047165,0.000103986,0.008040869,2.819909282
45.475878941,HOLD,task_pose_stale,0.001383218,0,0.008029264,0.000274717,0.050333206,0.000000000,0.000000000,0.050000000,-0.008040059,-0.000047165,0.000103986,0.008040869,2.819909282
45.485958026,HOLD,task_pose_stale,0.000814495,0,0.008029264,0.000274717,0.050333206,0.000000000,0.000000000,0.050000000,-0.008040059,-0.000047165,0.000103986,0.008040869,2.819909282
45.496092914,HOLD,task_pose_stale,0.000028495,0,0.008029264,0.000274717,0.050333206,0.000000000,0.000000000,0.050000000,-0.008040059,-0.000047165,0.000103986,0.008040869,2.819909282
45.506101947,HOLD,task_pose_stale,0.002173967,0,0.008029264,0.000274717,0.050333206,0.000000000,0.000000000,0.050000000,-0.008040059,-0.000047165,0.000103986,0.008040869,2.819909282
45.516129978,HOLD,task_pose_stale,0.001564876,0,0.008029264,0.000274717,0.050333206,0.000000000,0.000000000,0.050000000,-0.008040059,-0.000047165,0.000103986,0.008040869,2.819909282
45.526193627,HOLD,task_pose_stale,0.001013964,0,0.008029264,0.000274717,0.050333206,0.000000000,0.000000000,0.050000000,-0.008040059,-0.000047165,0.000103986,0.008040869,2.819909282
45.536300020,HOLD,task_pose_stale,0.000440492,0,0.008029264,0.000274717,0.050333206,0.000000000,0.000000000,0.050000000,-0.008040059,-0.000047165,0.000103986,0.008040869,2.819909282
45.546394540,HOLD,task_pose_stale,0.002201275,0,0.008029264,0.000274717,0.050333206,0.000000000,0.000000000,0.050000000,-0.008040059,-0.000047165,0.000103986,0.008040869,2.819909282
45.557297618,HOLD,task_pose_stale,0.005009266,0,0.008029264,0.000274717,0.050333206,0.000000000,0.000000000,0.050000000,-0.008040059,-0.000047165,0.000103986,0.008040869,2.819909282
45.567356519,HOLD,task_pose_stale,0.001155253,0,0.008029264,0.000274717,0.050333206,0.000000000,0.000000000,0.050000000,-0.008040059,-0.000047165,0.000103986,0.008040869,2.819909282
45.577346555,HOLD,task_pose_stale,0.000791936,0,0.008029264,0.000274717,0.050333206,0.000000000,0.000000000,0.050000000,-0.008040059,-0.000047165,0.000103986,0.008040869,2.819909282
45.587405455,HOLD,task_pose_stale,0.000406060,0,0.008029264,0.000274717,0.050333206,0.000000000,0.000000000,0.050000000,-0.008040059,-0.000047165,0.000103986,0.008040869,2.819909282
45.597484540,HOLD,task_pose_stale,0.002488605,0,0.008029264,0.000274717,0.050333206,0.000000000,0.000000000,0.050000000,-0.008040059,-0.000047165,0.000103986,0.008040869,2.819909282
45.607612305,HOLD,task_pose_stale,0.001655112,0,0.008029264,0.000274717,0.050333206,0.000000000,0.000000000,0.050000000,-0.008040059,-0.000047165,0.000103986,0.008040869,2.819909282
45.617659332,HOLD,task_pose_stale,0.000968846,0,0.008029264,0.000274717,0.050333206,0.000000000,0.000000000,0.050000000,-0.008040059,-0.000047165,0.000103986,0.008040869,2.819909282
45.630293510,HOLD,task_pose_stale,0.000775314,0,0.008029264,0.000274717,0.050333206,0.000000000,0.000000000,0.050000000,-0.008040059,-0.000047165,0.000103986,0.008040869,2.819909282
45.640317978,HOLD,task_pose_stale,0.000167411,0,0.008029264,0.000274717,0.050333206,0.000000000,0.000000000,0.050000000,-0.008040059,-0.000047165,0.000103986,0.008040869,2.819909282
45.650406562,HOLD,task_pose_stale,0.002226209,0,0.008029264,0.000274717,0.050333206,0.000000000,0.000000000,0.050000000,-0.008040059,-0.000047165,0.000103986,0.008040869,2.819909282
45.660461900,HOLD,task_pose_stale,0.001662236,0,0.008029264,0.000274717,0.050333206,0.000000000,0.000000000,0.050000000,-0.008040059,-0.000047165,0.000103986,0.008040869,2.819909282
45.670536235,HOLD,task_pose_stale,0.000761067,0,0.008029264,0.000274717,0.050333206,0.000000000,0.000000000,0.050000000,-0.008040059,-0.000047165,0.000103986,0.008040869,2.819909282
45.680647378,HOLD,task_pose_stale,0.000676767,0,0.008029264,0.000274717,0.050333206,0.000000000,0.000000000,0.050000000,-0.008040059,-0.000047165,0.000103986,0.008040869,2.819909282
45.691056535,HOLD,task_pose_stale,0.000301577,0,0.008029264,0.000274717,0.050333206,0.000000000,0.000000000,0.050000000,-0.008040059,-0.000047165,0.000103986,0.008040869,2.819909282
45.700943275,HOLD,task_pose_stale,0.002493354,0,0.008029264,0.000274717,0.050333206,0.000000000,0.000000000,0.050000000,-0.008040059,-0.000047165,0.000103986,0.008040869,2.819909282
45.711034233,HOLD,task_pose_stale,0.002096791,0,0.008029264,0.000274717,0.050333206,0.000000000,0.000000000,0.050000000,-0.008040059,-0.000047165,0.000103986,0.008040869,2.819909282
45.721120441,HOLD,task_pose_stale,0.001696667,0,0.008029264,0.000274717,0.050333206,0.000000000,0.000000000,0.050000000,-0.008040059,-0.000047165,0.000103986,0.008040869,2.819909282
45.731210212,HOLD,task_pose_stale,0.001197997,0,0.008029264,0.000274717,0.050333206,0.000000000,0.000000000,0.050000000,-0.008040059,-0.000047165,0.000103986,0.008040869,2.819909282
45.741277423,HOLD,task_pose_stale,0.000808559,0,0.008029264,0.000274717,0.050333206,0.000000000,0.000000000,0.050000000,-0.008040059,-0.000047165,0.000103986,0.008040869,2.819909282
45.751348197,HOLD,task_pose_stale,0.000282581,0,0.008029264,0.000274717,0.050333206,0.000000000,0.000000000,0.050000000,-0.008040059,-0.000047165,0.000103986,0.008040869,2.819909282
45.761378602,HOLD,task_pose_stale,0.002445861,0,0.008029264,0.000274717,0.050333206,0.000000000,0.000000000,0.050000000,-0.008040059,-0.000047165,0.000103986,0.008040869,2.819909282
45.771435127,HOLD,task_pose_stale,0.001946003,0,0.008029264,0.000274717,0.050333206,0.000000000,0.000000000,0.050000000,-0.008040059,-0.000047165,0.000103986,0.008040869,2.819909282
45.781585451,HOLD,task_pose_stale,0.001256175,0,0.008029264,0.000274717,0.050333206,0.000000000,0.000000000,0.050000000,-0.008040059,-0.000047165,0.000103986,0.008040869,2.819909282
45.791636040,HOLD,task_pose_stale,0.000527166,0,0.008029264,0.000274717,0.050333206,0.000000000,0.000000000,0.050000000,-0.008040059,-0.000047165,0.000103986,0.008040869,2.819909282
45.801711563,HOLD,task_pose_stale,0.000046305,0,0.008029264,0.000274717,0.050333206,0.000000000,0.000000000,0.050000000,-0.008040059,-0.000047165,0.000103986,0.008040869,2.819909282
45.811825079,HOLD,task_pose_stale,0.002068296,0,0.008029264,0.000274717,0.050333206,0.000000000,0.000000000,0.050000000,-0.008040059,-0.000047165,0.000103986,0.008040869,2.819909282
45.821797306,HOLD,task_pose_stale,0.001342849,0,0.008029264,0.000274717,0.050333206,0.000000000,0.000000000,0.050000000,-0.008040059,-0.000047165,0.000103986,0.008040869,2.819909282
45.831851457,HOLD,task_pose_stale,0.001002090,0,0.008029264,0.000274717,0.050333206,0.000000000,0.000000000,0.050000000,-0.008040059,-0.000047165,0.000103986,0.008040869,2.819909282
45.841941228,HOLD,task_pose_stale,0.000432181,0,0.008029264,0.000274717,0.050333206,0.000000000,0.000000000,0.050000000,-0.008040059,-0.000047165,0.000103986,0.008040869,2.819909282
45.852123608,HOLD,task_pose_stale,0.000028495,0,0.008029264,0.000274717,0.050333206,0.000000000,0.000000000,0.050000000,-0.008040059,-0.000047165,0.000103986,0.008040869,2.819909282
45.862258497,HOLD,task_pose_stale,0.002005369,0,0.008029264,0.000274717,0.050333206,0.000000000,0.000000000,0.050000000,-0.008040059,-0.000047165,0.000103986,0.008040869,2.819909282
45.872261593,HOLD,task_pose_stale,0.000832305,0,0.008029264,0.000274717,0.050333206,0.000000000,0.000000000,0.050000000,-0.008040059,-0.000047165,0.000103986,0.008040869,2.819909282
45.882324056,HOLD,task_pose_stale,0.000255271,0,0.008029264,0.000274717,0.050333206,0.000000000,0.000000000,0.050000000,-0.008040059,-0.000047165,0.000103986,0.008040869,2.819909282
45.892472004,HOLD,task_pose_stale,0.002486230,0,0.008029264,0.000274717,0.050333206,0.000000000,0.000000000,0.050000000,-0.008040059,-0.000047165,0.000103986,0.008040869,2.819909282
45.902476289,HOLD,task_pose_stale,0.001864078,0,0.008029264,0.000274717,0.050333206,0.000000000,0.000000000,0.050000000,-0.008040059,-0.000047165,0.000103986,0.008040869,2.819909282
45.912665793,HOLD,task_pose_stale,0.000869112,0,0.008029264,0.000274717,0.050333206,0.000000000,0.000000000,0.050000000,-0.008040059,-0.000047165,0.000103986,0.008040869,2.819909282
45.922662953,HOLD,task_pose_stale,0.000149601,0,0.008029264,0.000274717,0.050333206,0.000000000,0.000000000,0.050000000,-0.008040059,-0.000047165,0.000103986,0.008040869,2.819909282
45.932706419,HOLD,task_pose_stale,0.002336628,0,0.008029264,0.000274717,0.050333206,0.000000000,0.000000000,0.050000000,-0.008040059,-0.000047165,0.000103986,0.008040869,2.819909282
45.942796189,HOLD,task_pose_stale,0.001669359,0,0.008029264,0.000274717,0.050333206,0.000000000,0.000000000,0.050000000,-0.008040059,-0.000047165,0.000103986,0.008040869,2.819909282
45.952870525,HOLD,task_pose_stale,0.000967658,0,0.008029264,0.000274717,0.050333206,0.000000000,0.000000000,0.050000000,-0.008040059,-0.000047165,0.000103986,0.008040869,2.819909282
45.963007787,HOLD,task_pose_stale,0.001201559,0,0.008029264,0.000274717,0.050333206,0.000000000,0.000000000,0.050000000,-0.008040059,-0.000047165,0.000103986,0.008040869,2.819909282
45.973149800,HOLD,task_pose_stale,0.000388251,0,0.008029264,0.000274717,0.050333206,0.000000000,0.000000000,0.050000000,-0.008040059,-0.000047165,0.000103986,0.008040869,2.819909282
45.983129150,HOLD,task_pose_stale,0.002597837,0,0.008029264,0.000274717,0.050333206,0.000000000,0.000000000,0.050000000,-0.008040059,-0.000047165,0.000103986,0.008040869,2.819909282
45.993208235,HOLD,task_pose_stale,0.003855199,0,0.008029264,0.000274717,0.050333206,0.000000000,0.000000000,0.050000000,-0.008040059,-0.000047165,0.000103986,0.008040869,2.819909282
46.003218455,HOLD,task_pose_stale,0.001197997,0,0.008029264,0.000274717,0.050333206,0.000000000,0.000000000,0.050000000,-0.008040059,-0.000047165,0.000103986,0.008040869,2.819909282
46.013379465,HOLD,task_pose_stale,0.000533102,0,0.008029264,0.000274717,0.050333206,0.000000000,0.000000000,0.050000000,-0.008040059,-0.000047165,0.000103986,0.008040869,2.819909282
46.023446676,HOLD,task_pose_stale,0.000029683,0,0.008029264,0.000274717,0.050333206,0.000000000,0.000000000,0.050000000,-0.008040059,-0.000047165,0.000103986,0.008040869,2.819909282
46.033670613,HOLD,task_pose_stale,0.002169217,0,0.008029264,0.000274717,0.050333206,0.000000000,0.000000000,0.050000000,-0.008040059,-0.000047165,0.000103986,0.008040869,2.819909282
46.043613157,HOLD,task_pose_stale,0.001036522,0,0.008029264,0.000274717,0.050333206,0.000000000,0.000000000,0.050000000,-0.008040059,-0.000047165,0.000103986,0.008040869,2.819909282
46.053636438,HOLD,task_pose_stale,0.000351444,0,0.008029264,0.000274717,0.050333206,0.000000000,0.000000000,0.050000000,-0.008040059,-0.000047165,0.000103986,0.008040869,2.819909282
46.063695338,HOLD,task_pose_stale,0.002508789,0,0.008029264,0.000274717,0.050333206,0.000000000,0.000000000,0.050000000,-0.008040059,-0.000047165,0.000103986,0.008040869,2.819909282
46.073769673,HOLD,task_pose_stale,0.001754846,0,0.008029264,0.000274717,0.050333206,0.000000000,0.000000000,0.050000000,-0.008040059,-0.000047165,0.000103986,0.008040869,2.819909282
46.083928308,HOLD,task_pose_stale,0.000748007,0,0.008029264,0.000274717,0.050333206,0.000000000,0.000000000,0.050000000,-0.008040059,-0.000047165,0.000103986,0.008040869,2.819909282
46.094037075,HOLD,task_pose_stale,0.000035619,0,0.008029264,0.000274717,0.050333206,0.000000000,0.000000000,0.050000000,-0.008040059,-0.000047165,0.000103986,0.008040869,2.819909282
46.104227767,HOLD,task_pose_stale,0.002283200,0,0.008029264,0.000274717,0.050333206,0.000000000,0.000000000,0.050000000,-0.008040059,-0.000047165,0.000103986,0.008040869,2.819909282
46.114220178,HOLD,task_pose_stale,0.001625429,0,0.008029264,0.000274717,0.050333206,0.000000000,0.000000000,0.050000000,-0.008040059,-0.000047165,0.000103986,0.008040869,2.819909282
46.124209027,HOLD,task_pose_stale,0.000428620,0,0.008029264,0.000274717,0.050333206,0.000000000,0.000000000,0.050000000,-0.008040059,-0.000047165,0.000103986,0.008040869,2.819909282
46.134275052,HOLD,task_pose_stale,0.002583590,0,0.008029264,0.000274717,0.050333206,0.000000000,0.000000000,0.050000000,-0.008040059,-0.000047165,0.000103986,0.008040869,2.819909282
46.144388568,HOLD,task_pose_stale,0.001965000,0,0.008029264,0.000274717,0.050333206,0.000000000,0.000000000,0.050000000,-0.008040059,-0.000047165,0.000103986,0.008040869,2.819909282
46.154477151,HOLD,task_pose_stale,0.001492450,0,0.008029264,0.000274717,0.050333206,0.000000000,0.000000000,0.050000000,-0.008040059,-0.000047165,0.000103986,0.008040869,2.819909282
46.164522991,HOLD,task_pose_stale,0.000737320,0,0.008029264,0.000274717,0.050333206,0.000000000,0.000000000,0.050000000,-0.008040059,-0.000047165,0.000103986,0.008040869,2.819909282
46.174533212,HOLD,task_pose_stale,0.000144852,0,0.008029264,0.000274717,0.050333206,0.000000000,0.000000000,0.050000000,-0.008040059,-0.000047165,0.000103986,0.008040869,2.819909282
46.184583801,HOLD,task_pose_stale,0.002369873,0,0.008029264,0.000274717,0.050333206,0.000000000,0.000000000,0.050000000,-0.008040059,-0.000047165,0.000103986,0.008040869,2.819909282
46.194711566,HOLD,task_pose_stale,0.002173967,0,0.008029264,0.000274717,0.050333206,0.000000000,0.000000000,0.050000000,-0.008040059,-0.000047165,0.000103986,0.008040869,2.819909282
46.204727723,HOLD,task_pose_stale,0.001899698,0,0.008029264,0.000274717,0.050333206,0.000000000,0.000000000,0.050000000,-0.008040059,-0.000047165,0.000103986,0.008040869,2.819909282
46.214761690,HOLD,task_pose_stale,0.001805900,0,0.008029264,0.000274717,0.050333206,0.000000000,0.000000000,0.050000000,-0.008040059,-0.000047165,0.000103986,0.008040869,2.819909282
46.224813466,HOLD,task_pose_stale,0.001922256,0,0.008029264,0.000274717,0.050333206,0.000000000,0.000000000,0.050000000,-0.008040059,-0.000047165,0.000103986,0.008040869,2.819909282
46.234921046,HOLD,task_pose_stale,0.001786903,0,0.008029264,0.000274717,0.050333206,0.000000000,0.000000000,0.050000000,-0.008040059,-0.000047165,0.000103986,0.008040869,2.819909282
46.244939578,HOLD,task_pose_stale,0.001868827,0,0.008029264,0.000274717,0.050333206,0.000000000,0.000000000,0.050000000,-0.008040059,-0.000047165,0.000103986,0.008040869,2.819909282
46.254987793,HOLD,task_pose_stale,0.002092042,0,0.008029264,0.000274717,0.050333206,0.000000000,0.000000000,0.050000000,-0.008040059,-0.000047165,0.000103986,0.008040869,2.819909282
46.265051442,HOLD,task_pose_stale,0.002175154,0,0.008029264,0.000274717,0.050333206,0.000000000,0.000000000,0.050000000,-0.008040059,-0.000047165,0.000103986,0.008040869,2.819909282
46.275071161,HOLD,task_pose_stale,0.002295072,0,0.008029264,0.000274717,0.050333206,0.000000000,0.000000000,0.050000000,-0.008040059,-0.000047165,0.000103986,0.008040869,2.819909282
46.285566992,HOLD,task_pose_stale,0.000288517,0,0.008029264,0.000274717,0.050333206,0.000000000,0.000000000,0.050000000,-0.008040059,-0.000047165,0.000103986,0.008040869,2.819909282
46.295276823,HOLD,task_pose_stale,0.000501045,0,0.008029264,0.000274717,0.050333206,0.000000000,0.000000000,0.050000000,-0.008040059,-0.000047165,0.000103986,0.008040869,2.819909282
46.305314352,HOLD,task_pose_stale,0.000746819,0,0.008029264,0.000274717,0.050333206,0.000000000,0.000000000,0.050000000,-0.008040059,-0.000047165,0.000103986,0.008040869,2.819909282
46.315376814,HOLD,task_pose_stale,0.000800248,0,0.008029264,0.000274717,0.050333206,0.000000000,0.000000000,0.050000000,-0.008040059,-0.000047165,0.000103986,0.008040869,2.819909282
46.325447588,HOLD,task_pose_stale,0.000897608,0,0.008029264,0.000274717,0.050333206,0.000000000,0.000000000,0.050000000,-0.008040059,-0.000047165,0.000103986,0.008040869,2.819909282
46.335518361,HOLD,task_pose_stale,0.001131507,0,0.008029264,0.000274717,0.050333206,0.000000000,0.000000000,0.050000000,-0.008040059,-0.000047165,0.000103986,0.008040869,2.819909282
46.345574887,HOLD,task_pose_stale,0.000841804,0,0.008029264,0.000274717,0.050333206,0.000000000,0.000000000,0.050000000,-0.008040059,-0.000047165,0.000103986,0.008040869,2.819909282
46.355650410,HOLD,task_pose_stale,0.000706451,0,0.008029264,0.000274717,0.050333206,0.000000000,0.000000000,0.050000000,-0.008040059,-0.000047165,0.000103986,0.008040869,2.819909282
46.365877908,HOLD,task_pose_stale,0.000024934,0,0.008029264,0.000274717,0.050333206,0.000000000,0.000000000,0.050000000,-0.008040059,-0.000047165,0.000103986,0.008040869,2.819909282
46.375975990,HOLD,task_pose_stale,0.000191157,0,0.008029264,0.000274717,0.050333206,0.000000000,0.000000000,0.050000000,-0.008040059,-0.000047165,0.000103986,0.008040869,2.819909282
46.385998084,HOLD,task_pose_stale,0.002386495,0,0.008029264,0.000274717,0.050333206,0.000000000,0.000000000,0.050000000,-0.008040059,-0.000047165,0.000103986,0.008040869,2.819909282
46.396166217,HOLD,task_pose_stale,0.002537284,0,0.008029264,0.000274717,0.050333206,0.000000000,0.000000000,0.050000000,-0.008040059,-0.000047165,0.000103986,0.008040869,2.819909282
46.406133694,HOLD,task_pose_stale,0.002304571,0,0.008029264,0.000274717,0.050333206,0.000000000,0.000000000,0.050000000,-0.008040059,-0.000047165,0.000103986,0.008040869,2.819909282
46.416297078,HOLD,task_pose_stale,0.002239269,0,0.008029264,0.000274717,0.050333206,0.000000000,0.000000000,0.050000000,-0.008040059,-0.000047165,0.000103986,0.008040869,2.819909282
46.426373788,HOLD,task_pose_stale,0.002036239,0,0.008029264,0.000274717,0.050333206,0.000000000,0.000000000,0.050000000,-0.008040059,-0.000047165,0.000103986,0.008040869,2.819909282
46.436378072,HOLD,task_pose_stale,0.001828460,0,0.008029264,0.000274717,0.050333206,0.000000000,0.000000000,0.050000000,-0.008040059,-0.000047165,0.000103986,0.008040869,2.819909282
46.446541456,HOLD,task_pose_stale,0.001560127,0,0.008029264,0.000274717,0.050333206,0.000000000,0.000000000,0.050000000,-0.008040059,-0.000047165,0.000103986,0.008040869,2.819909282
46.456613416,HOLD,task_pose_stale,0.001379656,0,0.008029264,0.000274717,0.050333206,0.000000000,0.000000000,0.050000000,-0.008040059,-0.000047165,0.000103986,0.008040869,2.819909282
46.466685377,HOLD,task_pose_stale,0.001056707,0,0.008029264,0.000274717,0.050333206,0.000000000,0.000000000,0.050000000,-0.008040059,-0.000047165,0.000103986,0.008040869,2.819909282
46.476789395,HOLD,task_pose_stale,0.000702888,0,0.008029264,0.000274717,0.050333206,0.000000000,0.000000000,0.050000000,-0.008040059,-0.000047165,0.000103986,0.008040869,2.819909282
46.486845921,HOLD,task_pose_stale,0.000605529,0,0.008029264,0.000274717,0.050333206,0.000000000,0.000000000,0.050000000,-0.008040059,-0.000047165,0.000103986,0.008040869,2.819909282
46.496976060,HOLD,task_pose_stale,0.000603154,0,0.008029264,0.000274717,0.050333206,0.000000000,0.000000000,0.050000000,-0.008040059,-0.000047165,0.000103986,0.008040869,2.819909282
46.506963722,HOLD,task_pose_stale,0.000410810,0,0.008029264,0.000274717,0.050333206,0.000000000,0.000000000,0.050000000,-0.008040059,-0.000047165,0.000103986,0.008040869,2.819909282
46.517112858,HOLD,task_pose_stale,0.000522417,0,0.008029264,0.000274717,0.050333206,0.000000000,0.000000000,0.050000000,-0.008040059,-0.000047165,0.000103986,0.008040869,2.819909282
46.527174133,HOLD,task_pose_stale,0.000687454,0,0.008029264,0.000274717,0.050333206,0.000000000,0.000000000,0.050000000,-0.008040059,-0.000047165,0.000103986,0.008040869,2.819909282
46.537241344,HOLD,task_pose_stale,0.000970033,0,0.008029264,0.000274717,0.050333206,0.000000000,0.000000000,0.050000000,-0.008040059,-0.000047165,0.000103986,0.008040869,2.819909282
46.547306181,HOLD,task_pose_stale,0.001132695,0,0.008029264,0.000274717,0.050333206,0.000000000,0.000000000,0.050000000,-0.008040059,-0.000047165,0.000103986,0.008040869,2.819909282
46.557375767,HOLD,task_pose_stale,0.001309604,0,0.008029264,0.000274717,0.050333206,0.000000000,0.000000000,0.050000000,-0.008040059,-0.000047165,0.000103986,0.008040869,2.819909282
46.567445353,HOLD,task_pose_stale,0.001341661,0,0.008029264,0.000274717,0.050333206,0.000000000,0.000000000,0.050000000,-0.008040059,-0.000047165,0.000103986,0.008040869,2.819909282
46.577789208,HOLD,task_pose_stale,0.002046924,0,0.008029264,0.000274717,0.050333206,0.000000000,0.000000000,0.050000000,-0.008040059,-0.000047165,0.000103986,0.008040869,2.819909282
46.587819613,HOLD,task_pose_stale,0.002075420,0,0.008029264,0.000274717,0.050333206,0.000000000,0.000000000,0.050000000,-0.008040059,-0.000047165,0.000103986,0.008040869,2.819909282
46.597841707,HOLD,task_pose_stale,0.000026121,0,0.008029264,0.000274717,0.050333206,0.000000000,0.000000000,0.050000000,-0.008040059,-0.000047165,0.000103986,0.008040869,2.819909282
46.607957598,HOLD,task_pose_stale,0.000315825,0,0.008029264,0.000274717,0.050333206,0.000000000,0.000000000,0.050000000,-0.008040059,-0.000047165,0.000103986,0.008040869,2.819909282
46.618029559,HOLD,task_pose_stale,0.000489172,0,0.008029264,0.000274717,0.050333206,0.000000000,0.000000000,0.050000000,-0.008040059,-0.000047165,0.000103986,0.008040869,2.819909282
46.628093209,HOLD,task_pose_stale,0.000721886,0,0.008029264,0.000274717,0.050333206,0.000000000,0.000000000,0.050000000,-0.008040059,-0.000047165,0.000103986,0.008040869,2.819909282
46.638087994,HOLD,task_pose_stale,0.000732571,0,0.008029264,0.000274717,0.050333206,0.000000000,0.000000000,0.050000000,-0.008040059,-0.000047165,0.000103986,0.008040869,2.819909282
46.648145707,HOLD,task_pose_stale,0.000902357,0,0.008029264,0.000274717,0.050333206,0.000000000,0.000000000,0.050000000,-0.008040059,-0.000047165,0.000103986,0.008040869,2.819909282
46.658214106,HOLD,task_pose_stale,0.000651834,0,0.008029264,0.000274717,0.050333206,0.000000000,0.000000000,0.050000000,-0.008040059,-0.000047165,0.000103986,0.008040869,2.819909282
46.668278943,HOLD,task_pose_stale,0.000279018,0,0.008029264,0.000274717,0.050333206,0.000000000,0.000000000,0.050000000,-0.008040059,-0.000047165,0.000103986,0.008040869,2.819909282
46.678365152,HOLD,task_pose_stale,0.002348502,0,0.008029264,0.000274717,0.050333206,0.000000000,0.000000000,0.050000000,-0.008040059,-0.000047165,0.000103986,0.008040869,2.819909282
46.688491729,HOLD,task_pose_stale,0.000989031,0,0.008029264,0.000274717,0.050333206,0.000000000,0.000000000,0.050000000,-0.008040059,-0.000047165,0.000103986,0.008040869,2.819909282
46.698568439,HOLD,task_pose_stale,0.000681517,0,0.008029264,0.000274717,0.050333206,0.000000000,0.000000000,0.050000000,-0.008040059,-0.000047165,0.000103986,0.008040869,2.819909282
46.708692641,HOLD,task_pose_stale,0.000358568,0,0.008029264,0.000274717,0.050333206,0.000000000,0.000000000,0.050000000,-0.008040059,-0.000047165,0.000103986,0.008040869,2.819909282
46.718794285,HOLD,task_pose_stale,0.000026121,0,0.008029264,0.000274717,0.050333206,0.000000000,0.000000000,0.050000000,-0.008040059,-0.000047165,0.000103986,0.008040869,2.819909282
46.728870995,HOLD,task_pose_stale,0.002270139,0,0.008029264,0.000274717,0.050333206,0.000000000,0.000000000,0.050000000,-0.008040059,-0.000047165,0.000103986,0.008040869,2.819909282
46.739027255,HOLD,task_pose_stale,0.001930568,0,0.008029264,0.000274717,0.050333206,0.000000000,0.000000000,0.050000000,-0.008040059,-0.000047165,0.000103986,0.008040869,2.819909282
46.749060034,HOLD,task_pose_stale,0.001330976,0,0.008029264,0.000274717,0.050333206,0.000000000,0.000000000,0.050000000,-0.008040059,-0.000047165,0.000103986,0.008040869,2.819909282
46.759142681,HOLD,task_pose_stale,0.000154350,0,0.008029264,0.000274717,0.050333206,0.000000000,0.000000000,0.050000000,-0.008040059,-0.000047165,0.000103986,0.008040869,2.819909282
46.769208705,HOLD,task_pose_stale,0.002394806,0,0.008029264,0.000274717,0.050333206,0.000000000,0.000000000,0.050000000,-0.008040059,-0.000047165,0.000103986,0.008040869,2.819909282
46.779273542,HOLD,task_pose_stale,0.001488888,0,0.008029264,0.000274717,0.050333206,0.000000000,0.000000000,0.050000000,-0.008040059,-0.000047165,0.000103986,0.008040869,2.819909282
46.789322944,HOLD,task_pose_stale,0.000756317,0,0.008029264,0.000274717,0.050333206,0.000000000,0.000000000,0.050000000,-0.008040059,-0.000047165,0.000103986,0.008040869,2.819909282
46.799464956,HOLD,task_pose_stale,0.000368066,0,0.008029264,0.000274717,0.050333206,0.000000000,0.000000000,0.050000000,-0.008040059,-0.000047165,0.000103986,0.008040869,2.819909282
46.809509608,HOLD,task_pose_stale,0.002291510,0,0.008029264,0.000274717,0.050333206,0.000000000,0.000000000,0.050000000,-0.008040059,-0.000047165,0.000103986,0.008040869,2.819909282
46.819556636,HOLD,task_pose_stale,0.001807087,0,0.008029264,0.000274717,0.050333206,0.000000000,0.000000000,0.050000000,-0.008040059,-0.000047165,0.000103986,0.008040869,2.819909282
46.829594164,HOLD,task_pose_stale,0.001288233,0,0.008029264,0.000274717,0.050333206,0.000000000,0.000000000,0.050000000,-0.008040059,-0.000047165,0.000103986,0.008040869,2.819909282
46.839674436,HOLD,task_pose_stale,0.000828743,0,0.008029264,0.000274717,0.050333206,0.000000000,0.000000000,0.050000000,-0.008040059,-0.000047165,0.000103986,0.008040869,2.819909282
46.849871065,HOLD,task_pose_stale,0.000036807,0,0.008029264,0.000274717,0.050333206,0.000000000,0.000000000,0.050000000,-0.008040059,-0.000047165,0.000103986,0.008040869,2.819909282
46.859990518,HOLD,task_pose_stale,0.001918695,0,0.008029264,0.000274717,0.050333206,0.000000000,0.000000000,0.050000000,-0.008040059,-0.000047165,0.000103986,0.008040869,2.819909282
46.870075539,HOLD,task_pose_stale,0.000882172,0,0.008029264,0.000274717,0.050333206,0.000000000,0.000000000,0.050000000,-0.008040059,-0.000047165,0.000103986,0.008040869,2.819909282
46.880202116,HOLD,task_pose_stale,0.000027308,0,0.008029264,0.000274717,0.050333206,0.000000000,0.000000000,0.050000000,-0.008040059,-0.000047165,0.000103986,0.008040869,2.819909282
46.890217086,HOLD,task_pose_stale,0.001970937,0,0.008029264,0.000274717,0.050333206,0.000000000,0.000000000,0.050000000,-0.008040059,-0.000047165,0.000103986,0.008040869,2.819909282
46.900188126,HOLD,task_pose_stale,0.001466329,0,0.008029264,0.000274717,0.050333206,0.000000000,0.000000000,0.050000000,-0.008040059,-0.000047165,0.000103986,0.008040869,2.819909282
46.910258899,HOLD,task_pose_stale,0.001062643,0,0.008029264,0.000274717,0.050333206,0.000000000,0.000000000,0.050000000,-0.008040059,-0.000047165,0.000103986,0.008040869,2.819909282
46.920309488,HOLD,task_pose_stale,0.000616215,0,0.008029264,0.000274717,0.050333206,0.000000000,0.000000000,0.050000000,-0.008040059,-0.000047165,0.000103986,0.008040869,2.819909282
46.930377887,HOLD,task_pose_stale,0.000142477,0,0.008029264,0.000274717,0.050333206,0.000000000,0.000000000,0.050000000,-0.008040059,-0.000047165,0.000103986,0.008040869,2.819909282
46.940451035,HOLD,task_pose_stale,0.002340191,0,0.008029264,0.000274717,0.050333206,0.000000000,0.000000000,0.050000000,-0.008040059,-0.000047165,0.000103986,0.008040869,2.819909282
46.950601358,HOLD,task_pose_stale,0.001866454,0,0.008029264,0.000274717,0.050333206,0.000000000,0.000000000,0.050000000,-0.008040059,-0.000047165,0.000103986,0.008040869,2.819909282
46.960717250,HOLD,task_pose_stale,0.001491263,0,0.008029264,0.000274717,0.050333206,0.000000000,0.000000000,0.050000000,-0.008040059,-0.000047165,0.000103986,0.008040869,2.819909282
46.970807020,HOLD,task_pose_stale,0.001049583,0,0.008029264,0.000274717,0.050333206,0.000000000,0.000000000,0.050000000,-0.008040059,-0.000047165,0.000103986,0.008040869,2.819909282
46.980899165,HOLD,task_pose_stale,0.000738507,0,0.008029264,0.000274717,0.050333206,0.000000000,0.000000000,0.050000000,-0.008040059,-0.000047165,0.000103986,0.008040869,2.819909282
46.991007933,HOLD,task_pose_stale,0.000377565,0,0.008029264,0.000274717,0.050333206,0.000000000,0.000000000,0.050000000,-0.008040059,-0.000047165,0.000103986,0.008040869,2.819909282
47.001102452,HOLD,task_pose_stale,0.002507602,0,0.008029264,0.000274717,0.050333206,0.000000000,0.000000000,0.050000000,-0.008040059,-0.000047165,0.000103986,0.008040869,2.819909282
47.011185099,HOLD,task_pose_stale,0.002213148,0,0.008029264,0.000274717,0.050333206,0.000000000,0.000000000,0.050000000,-0.008040059,-0.000047165,0.000103986,0.008040869,2.819909282
47.021252310,HOLD,task_pose_stale,0.001588622,0,0.008029264,0.000274717,0.050333206,0.000000000,0.000000000,0.050000000,-0.008040059,-0.000047165,0.000103986,0.008040869,2.819909282
47.031339706,HOLD,task_pose_stale,0.001086390,0,0.008029264,0.000274717,0.050333206,0.000000000,0.000000000,0.050000000,-0.008040059,-0.000047165,0.000103986,0.008040869,2.819909282
47.041434226,HOLD,task_pose_stale,0.000737320,0,0.008029264,0.000274717,0.050333206,0.000000000,0.000000000,0.050000000,-0.008040059,-0.000047165,0.000103986,0.008040869,2.819909282
47.051526371,HOLD,task_pose_stale,0.000388251,0,0.008029264,0.000274717,0.050333206,0.000000000,0.000000000,0.050000000,-0.008040059,-0.000047165,0.000103986,0.008040869,2.819909282
47.061620891,HOLD,task_pose_stale,0.000056991,0,0.008029264,0.000274717,0.050333206,0.000000000,0.000000000,0.050000000,-0.008040059,-0.000047165,0.000103986,0.008040869,2.819909282
47.071707099,HOLD,task_pose_stale,0.001943628,0,0.008029264,0.000274717,0.050333206,0.000000000,0.000000000,0.050000000,-0.008040059,-0.000047165,0.000103986,0.008040869,2.819909282
47.081887105,HOLD,task_pose_stale,0.000639961,0,0.008029264,0.000274717,0.050333206,0.000000000,0.000000000,0.050000000,-0.008040059,-0.000047165,0.000103986,0.008040869,2.819909282
47.091868830,HOLD,task_pose_stale,0.002439924,0,0.008029264,0.000274717,0.050333206,0.000000000,0.000000000,0.050000000,-0.008040059,-0.000047165,0.000103986,0.008040869,2.819909282
47.101902797,HOLD,task_pose_stale,0.002096792,0,0.008029264,0.000274717,0.050333206,0.000000000,0.000000000,0.050000000,-0.008040059,-0.000047165,0.000103986,0.008040869,2.819909282
47.111942701,HOLD,task_pose_stale,0.001602870,0,0.008029264,0.000274717,0.050333206,0.000000000,0.000000000,0.050000000,-0.008040059,-0.000047165,0.000103986,0.008040869,2.819909282
47.122113208,HOLD,task_pose_stale,0.001161190,0,0.008029264,0.000274717,0.050333206,0.000000000,0.000000000,0.050000000,-0.008040059,-0.000047165,0.000103986,0.008040869,2.819909282
47.132178045,HOLD,task_pose_stale,0.000274269,0,0.008029264,0.000274717,0.050333206,0.000000000,0.000000000,0.050000000,-0.008040059,-0.000047165,0.000103986,0.008040869,2.819909282
47.142362800,HOLD,task_pose_stale,0.002160907,0,0.008029264,0.000274717,0.050333206,0.000000000,0.000000000,0.050000000,-0.008040059,-0.000047165,0.000103986,0.008040869,2.819909282
47.152330278,HOLD,task_pose_stale,0.001249051,0,0.008029264,0.000274717,0.050333206,0.000000000,0.000000000,0.050000000,-0.008040059,-0.000047165,0.000103986,0.008040869,2.819909282
47.162415299,HOLD,task_pose_stale,0.000351444,0,0.008029264,0.000274717,0.050333206,0.000000000,0.000000000,0.050000000,-0.008040059,-0.000047165,0.000103986,0.008040869,2.819909282
47.172507444,HOLD,task_pose_stale,0.002191776,0,0.008029264,0.000274717,0.050333206,0.000000000,0.000000000,0.050000000,-0.008040059,-0.000047165,0.000103986,0.008040869,2.819909282
47.182591278,HOLD,task_pose_stale,0.001415275,0,0.008029264,0.000274717,0.050333206,0.000000000,0.000000000,0.050000000,-0.008040059,-0.000047165,0.000103986,0.008040869,2.819909282
47.192690547,HOLD,task_pose_stale,0.000529541,0,0.008029264,0.000274717,0.050333206,0.000000000,0.000000000,0.050000000,-0.008040059,-0.000047165,0.000103986,0.008040869,2.819909282
47.206317317,HOLD,task_pose_stale,0.000123480,0,0.008029264,0.000274717,0.050333206,0.000000000,0.000000000,0.050000000,-0.008040059,-0.000047165,0.000103986,0.008040869,2.819909282
47.216359595,HOLD,task_pose_stale,0.002004181,0,0.008029264,0.000274717,0.050333206,0.000000000,0.000000000,0.050000000,-0.008040059,-0.000047165,0.000103986,0.008040869,2.819909282
47.226384064,HOLD,task_pose_stale,0.001368969,0,0.008029264,0.000274717,0.050333206,0.000000000,0.000000000,0.050000000,-0.008040059,-0.000047165,0.000103986,0.008040869,2.819909282
47.236471460,HOLD,task_pose_stale,0.002229770,0,0.008029264,0.000274717,0.050333206,0.000000000,0.000000000,0.050000000,-0.008040059,-0.000047165,0.000103986,0.008040869,2.819909282
47.246603973,HOLD,task_pose_stale,0.001339287,0,0.008029264,0.000274717,0.050333206,0.000000000,0.000000000,0.050000000,-0.008040059,-0.000047165,0.000103986,0.008040869,2.819909282
47.256721052,HOLD,task_pose_stale,0.000357381,0,0.008029264,0.000274717,0.050333206,0.000000000,0.000000000,0.050000000,-0.008040059,-0.000047165,0.000103986,0.008040869,2.819909282
47.266807260,HOLD,task_pose_stale,0.002083731,0,0.008029264,0.000274717,0.050333206,0.000000000,0.000000000,0.050000000,-0.008040059,-0.000047165,0.000103986,0.008040869,2.819909282
47.276901780,HOLD,task_pose_stale,0.001084015,0,0.008029264,0.000274717,0.050333206,0.000000000,0.000000000,0.050000000,-0.008040059,-0.000047165,0.000103986,0.008040869,2.819909282
47.286972553,HOLD,task_pose_stale,0.005517436,0,0.008029264,0.000274717,0.050333206,0.000000000,0.000000000,0.050000000,-0.008040059,-0.000047165,0.000103986,0.008040869,2.819909282
47.297055200,HOLD,task_pose_stale,0.002025553,0,0.008029264,0.000274717,0.050333206,0.000000000,0.000000000,0.050000000,-0.008040059,-0.000047165,0.000103986,0.008040869,2.819909282
47.307171091,HOLD,task_pose_stale,0.000959348,0,0.008029264,0.000274717,0.050333206,0.000000000,0.000000000,0.050000000,-0.008040059,-0.000047165,0.000103986,0.008040869,2.819909282
47.317164690,HOLD,task_pose_stale,0.001423586,0,0.008029264,0.000274717,0.050333206,0.000000000,0.000000000,0.050000000,-0.008040059,-0.000047165,0.000103986,0.008040869,2.819909282
47.327237838,HOLD,task_pose_stale,0.000676767,0,0.008029264,0.000274717,0.050333206,0.000000000,0.000000000,0.050000000,-0.008040059,-0.000047165,0.000103986,0.008040869,2.819909282
47.337239747,HOLD,task_pose_stale,0.000116357,0,0.008029264,0.000274717,0.050333206,0.000000000,0.000000000,0.050000000,-0.008040059,-0.000047165,0.000103986,0.008040869,2.819909282
47.347289149,HOLD,task_pose_stale,0.002339003,0,0.008029264,0.000274717,0.050333206,0.000000000,0.000000000,0.050000000,-0.008040059,-0.000047165,0.000103986,0.008040869,2.819909282
47.357331427,HOLD,task_pose_stale,0.001957876,0,0.008029264,0.000274717,0.050333206,0.000000000,0.000000000,0.050000000,-0.008040059,-0.000047165,0.000103986,0.008040869,2.819909282
47.367444944,HOLD,task_pose_stale,0.001484139,0,0.008029264,0.000274717,0.050333206,0.000000000,0.000000000,0.050000000,-0.008040059,-0.000047165,0.000103986,0.008040869,2.819909282
47.377577457,HOLD,task_pose_stale,0.001126758,0,0.008029264,0.000274717,0.050333206,0.000000000,0.000000000,0.050000000,-0.008040059,-0.000047165,0.000103986,0.008040869,2.819909282
47.387666040,HOLD,task_pose_stale,0.000771752,0,0.008029264,0.000274717,0.050333206,0.000000000,0.000000000,0.050000000,-0.008040059,-0.000047165,0.000103986,0.008040869,2.819909282
47.397714255,HOLD,task_pose_stale,0.000311076,0,0.008029264,0.000274717,0.050333206,0.000000000,0.000000000,0.050000000,-0.008040059,-0.000047165,0.000103986,0.008040869,2.819909282
47.407789778,HOLD,task_pose_stale,0.002134785,0,0.008029264,0.000274717,0.050333206,0.000000000,0.000000000,0.050000000,-0.008040059,-0.000047165,0.000103986,0.008040869,2.819909282
47.417879548,HOLD,task_pose_stale,0.001530444,0,0.008029264,0.000274717,0.050333206,0.000000000,0.000000000,0.050000000,-0.008040059,-0.000047165,0.000103986,0.008040869,2.819909282
47.427947947,HOLD,task_pose_stale,0.000194719,0,0.008029264,0.000274717,0.050333206,0.000000000,0.000000000,0.050000000,-0.008040059,-0.000047165,0.000103986,0.008040869,2.819909282
47.438245497,HOLD,task_pose_stale,0.002433988,0,0.008029264,0.000274717,0.050333206,0.000000000,0.000000000,0.050000000,-0.008040059,-0.000047165,0.000103986,0.008040869,2.819909282
47.448134612,HOLD,task_pose_stale,0.001823710,0,0.008029264,0.000274717,0.050333206,0.000000000,0.000000000,0.050000000,-0.008040059,-0.000047165,0.000103986,0.008040869,2.819909282
47.458238630,HOLD,task_pose_stale,0.001370157,0,0.008029264,0.000274717,0.050333206,0.000000000,0.000000000,0.050000000,-0.008040059,-0.000047165,0.000103986,0.008040869,2.819909282
47.468312965,HOLD,task_pose_stale,0.000865550,0,0.008029264,0.000274717,0.050333206,0.000000000,0.000000000,0.050000000,-0.008040059,-0.000047165,0.000103986,0.008040869,2.819909282
47.478402736,HOLD,task_pose_stale,0.000419121,0,0.008029264,0.000274717,0.050333206,0.000000000,0.000000000,0.050000000,-0.008040059,-0.000047165,0.000103986,0.008040869,2.819909282
47.488494881,HOLD,task_pose_stale,0.000033244,0,0.008029264,0.000274717,0.050333206,0.000000000,0.000000000,0.050000000,-0.008040059,-0.000047165,0.000103986,0.008040869,2.819909282
47.498577527,HOLD,task_pose_stale,0.002228583,0,0.008029264,0.000274717,0.050333206,0.000000000,0.000000000,0.050000000,-0.008040059,-0.000047165,0.000103986,0.008040869,2.819909282
47.508670859,HOLD,task_pose_stale,0.001890199,0,0.008029264,0.000274717,0.050333206,0.000000000,0.000000000,0.050000000,-0.008040059,-0.000047165,0.000103986,0.008040869,2.819909282
47.518761817,HOLD,task_pose_stale,0.001478202,0,0.008029264,0.000274717,0.050333206,0.000000000,0.000000000,0.050000000,-0.008040059,-0.000047165,0.000103986,0.008040869,2.819909282
47.528851588,HOLD,task_pose_stale,0.000954598,0,0.008029264,0.000274717,0.050333206,0.000000000,0.000000000,0.050000000,-0.008040059,-0.000047165,0.000103986,0.008040869,2.819909282
47.538960355,HOLD,task_pose_stale,0.000467801,0,0.008029264,0.000274717,0.050333206,0.000000000,0.000000000,0.050000000,-0.008040059,-0.000047165,0.000103986,0.008040869,2.819909282
47.549107116,HOLD,task_pose_stale,0.000032058,0,0.008029264,0.000274717,0.050333206,0.000000000,0.000000000,0.050000000,-0.008040059,-0.000047165,0.000103986,0.008040869,2.819909282
47.559196887,HOLD,task_pose_stale,0.002324756,0,0.008029264,0.000274717,0.050333206,0.000000000,0.000000000,0.050000000,-0.008040059,-0.000047165,0.000103986,0.008040869,2.819909282
47.569266473,HOLD,task_pose_stale,0.001908009,0,0.008029264,0.000274717,0.050333206,0.000000000,0.000000000,0.050000000,-0.008040059,-0.000047165,0.000103986,0.008040869,2.819909282
47.579345558,HOLD,task_pose_stale,0.001498387,0,0.008029264,0.000274717,0.050333206,0.000000000,0.000000000,0.050000000,-0.008040059,-0.000047165,0.000103986,0.008040869,2.819909282
47.589480446,HOLD,task_pose_stale,0.001099450,0,0.008029264,0.000274717,0.050333206,0.000000000,0.000000000,0.050000000,-0.008040059,-0.000047165,0.000103986,0.008040869,2.819909282
47.599532222,HOLD,task_pose_stale,0.000588907,0,0.008029264,0.000274717,0.050333206,0.000000000,0.000000000,0.050000000,-0.008040059,-0.000047165,0.000103986,0.008040869,2.819909282
47.609676609,HOLD,task_pose_stale,0.002653641,0,0.008029264,0.000274717,0.050333206,0.000000000,0.000000000,0.050000000,-0.008040059,-0.000047165,0.000103986,0.008040869,2.819909282
47.619674956,HOLD,task_pose_stale,0.002132411,0,0.008029264,0.000274717,0.050333206,0.000000000,0.000000000,0.050000000,-0.008040059,-0.000047165,0.000103986,0.008040869,2.819909282
47.629816969,HOLD,task_pose_stale,0.001834395,0,0.008029264,0.000274717,0.050333206,0.000000000,0.000000000,0.050000000,-0.008040059,-0.000047165,0.000103986,0.008040869,2.819909282
47.639769011,HOLD,task_pose_stale,0.001048396,0,0.008029264,0.000274717,0.050333206,0.000000000,0.000000000,0.050000000,-0.008040059,-0.000047165,0.000103986,0.008040869,2.819909282
47.649807727,HOLD,task_pose_stale,0.000619776,0,0.008029264,0.000274717,0.050333206,0.000000000,0.000000000,0.050000000,-0.008040059,-0.000047165,0.000103986,0.008040869,2.819909282
47.659959238,HOLD,task_pose_stale,0.000041556,0,0.008029264,0.000274717,0.050333206,0.000000000,0.000000000,0.050000000,-0.008040059,-0.000047165,0.000103986,0.008040869,2.819909282
47.671263627,HOLD,task_pose_stale,0.000541414,0,0.008029264,0.000274717,0.050333206,0.000000000,0.000000000,0.050000000,-0.008040059,-0.000047165,0.000103986,0.008040869,2.819909282
47.681278597,HOLD,task_pose_stale,0.001924632,0,0.008029264,0.000274717,0.050333206,0.000000000,0.000000000,0.050000000,-0.008040059,-0.000047165,0.000103986,0.008040869,2.819909282
47.691361244,HOLD,task_pose_stale,0.001323852,0,0.008029264,0.000274717,0.050333206,0.000000000,0.000000000,0.050000000,-0.008040059,-0.000047165,0.000103986,0.008040869,2.819909282
47.701530564,HOLD,task_pose_stale,0.000916604,0,0.008029264,0.000274717,0.050333206,0.000000000,0.000000000,0.050000000,-0.008040059,-0.000047165,0.000103986,0.008040869,2.819909282
47.711544346,HOLD,task_pose_stale,0.000428620,0,0.008029264,0.000274717,0.050333206,0.000000000,0.000000000,0.050000000,-0.008040059,-0.000047165,0.000103986,0.008040869,2.819909282
47.721647177,HOLD,task_pose_stale,0.000029683,0,0.008029264,0.000274717,0.050333206,0.000000000,0.000000000,0.050000000,-0.008040059,-0.000047165,0.000103986,0.008040869,2.819909282
47.731748821,HOLD,task_pose_stale,0.002116976,0,0.008029264,0.000274717,0.050333206,0.000000000,0.000000000,0.050000000,-0.008040059,-0.000047165,0.000103986,0.008040869,2.819909282
47.741795848,HOLD,task_pose_stale,0.001403401,0,0.008029264,0.000274717,0.050333206,0.000000000,0.000000000,0.050000000,-0.008040059,-0.000047165,0.000103986,0.008040869,2.819909282
47.751904615,HOLD,task_pose_stale,0.000650646,0,0.008029264,0.000274717,0.050333206,0.000000000,0.000000000,0.050000000,-0.008040059,-0.000047165,0.000103986,0.008040869,2.819909282
47.761937395,HOLD,task_pose_stale,0.002391244,0,0.008029264,0.000274717,0.050333206,0.000000000,0.000000000,0.050000000,-0.008040059,-0.000047165,0.000103986,0.008040869,2.819909282
47.772025978,HOLD,task_pose_stale,0.001847456,0,0.008029264,0.000274717,0.050333206,0.000000000,0.000000000,0.050000000,-0.008040059,-0.000047165,0.000103986,0.008040869,2.819909282
47.782086066,HOLD,task_pose_stale,0.001137444,0,0.008029264,0.000274717,0.050333206,0.000000000,0.000000000,0.050000000,-0.008040059,-0.000047165,0.000103986,0.008040869,2.819909282
47.792168712,HOLD,task_pose_stale,0.000548538,0,0.008029264,0.000274717,0.050333206,0.000000000,0.000000000,0.050000000,-0.008040059,-0.000047165,0.000103986,0.008040869,2.819909282
47.802221676,HOLD,task_pose_stale,0.001284670,0,0.008029264,0.000274717,0.050333206,0.000000000,0.000000000,0.050000000,-0.008040059,-0.000047165,0.000103986,0.008040869,2.819909282
47.812423054,HOLD,task_pose_stale,0.000858426,0,0.008029264,0.000274717,0.050333206,0.000000000,0.000000000,0.050000000,-0.008040059,-0.000047165,0.000103986,0.008040869,2.819909282
47.822499764,HOLD,task_pose_stale,0.002339003,0,0.008029264,0.000274717,0.050333206,0.000000000,0.000000000,0.050000000,-0.008040059,-0.000047165,0.000103986,0.008040869,2.819909282
47.832585972,HOLD,task_pose_stale,0.001325039,0,0.008029264,0.000274717,0.050333206,0.000000000,0.000000000,0.050000000,-0.008040059,-0.000047165,0.000103986,0.008040869,2.819909282
47.842502395,HOLD,task_pose_stale,0.000835867,0,0.008029264,0.000274717,0.050333206,0.000000000,0.000000000,0.050000000,-0.008040059,-0.000047165,0.000103986,0.008040869,2.819909282
47.852606413,HOLD,task_pose_stale,0.000134167,0,0.008029264,0.000274717,0.050333206,0.000000000,0.000000000,0.050000000,-0.008040059,-0.000047165,0.000103986,0.008040869,2.819909282
47.862684311,HOLD,task_pose_stale,0.002124100,0,0.008029264,0.000274717,0.050333206,0.000000000,0.000000000,0.050000000,-0.008040059,-0.000047165,0.000103986,0.008040869,2.819909282
47.872847694,HOLD,task_pose_stale,0.001728725,0,0.008029264,0.000274717,0.050333206,0.000000000,0.000000000,0.050000000,-0.008040059,-0.000047165,0.000103986,0.008040869,2.819909282
47.882779552,HOLD,task_pose_stale,0.001005652,0,0.008029264,0.000274717,0.050333206,0.000000000,0.000000000,0.050000000,-0.008040059,-0.000047165,0.000103986,0.008040869,2.819909282
47.892833704,HOLD,task_pose_stale,0.000330073,0,0.008029264,0.000274717,0.050333206,0.000000000,0.000000000,0.050000000,-0.008040059,-0.000047165,0.000103986,0.008040869,2.819909282
47.903089698,HOLD,task_pose_stale,0.002616834,0,0.008029264,0.000274717,0.050333206,0.000000000,0.000000000,0.050000000,-0.008040059,-0.000047165,0.000103986,0.008040869,2.819909282
47.913059550,HOLD,task_pose_stale,0.001924632,0,0.008029264,0.000274717,0.050333206,0.000000000,0.000000000,0.050000000,-0.008040059,-0.000047165,0.000103986,0.008040869,2.819909282
47.923137447,HOLD,task_pose_stale,0.001363034,0,0.008029264,0.000274717,0.050333206,0.000000000,0.000000000,0.050000000,-0.008040059,-0.000047165,0.000103986,0.008040869,2.819909282
47.933220093,HOLD,task_pose_stale,0.000393000,0,0.008029264,0.000274717,0.050333206,0.000000000,0.000000000,0.050000000,-0.008040059,-0.000047165,0.000103986,0.008040869,2.819909282
47.943295616,HOLD,task_pose_stale,0.002493353,0,0.008029264,0.000274717,0.050333206,0.000000000,0.000000000,0.050000000,-0.008040059,-0.000047165,0.000103986,0.008040869,2.819909282
47.953362828,HOLD,task_pose_stale,0.001953127,0,0.008029264,0.000274717,0.050333206,0.000000000,0.000000000,0.050000000,-0.008040059,-0.000047165,0.000103986,0.008040869,2.819909282
47.963513151,HOLD,task_pose_stale,0.001192060,0,0.008029264,0.000274717,0.050333206,0.000000000,0.000000000,0.050000000,-0.008040059,-0.000047165,0.000103986,0.008040869,2.819909282
47.973558991,HOLD,task_pose_stale,0.000495109,0,0.008029264,0.000274717,0.050333206,0.000000000,0.000000000,0.050000000,-0.008040059,-0.000047165,0.000103986,0.008040869,2.819909282
47.983611955,HOLD,task_pose_stale,0.002499290,0,0.008029264,0.000274717,0.050333206,0.000000000,0.000000000,0.050000000,-0.008040059,-0.000047165,0.000103986,0.008040869,2.819909282
47.993755154,HOLD,task_pose_stale,0.001891386,0,0.008029264,0.000274717,0.050333206,0.000000000,0.000000000,0.050000000,-0.008040059,-0.000047165,0.000103986,0.008040869,2.819909282
48.003847299,HOLD,task_pose_stale,0.000946287,0,0.008029264,0.000274717,0.050333206,0.000000000,0.000000000,0.050000000,-0.008040059,-0.000047165,0.000103986,0.008040869,2.819909282
48.014756314,HOLD,task_pose_stale,0.003468136,0,0.008029264,0.000274717,0.050333206,0.000000000,0.000000000,0.050000000,-0.008040059,-0.000047165,0.000103986,0.008040869,2.819909282
48.024766535,HOLD,task_pose_stale,0.000929664,0,0.008029264,0.000274717,0.050333206,0.000000000,0.000000000,0.050000000,-0.008040059,-0.000047165,0.000103986,0.008040869,2.819909282
48.034839683,HOLD,task_pose_stale,0.001887824,0,0.008029264,0.000274717,0.050333206,0.000000000,0.000000000,0.050000000,-0.008040059,-0.000047165,0.000103986,0.008040869,2.819909282
48.044982882,HOLD,task_pose_stale,0.000972408,0,0.008029264,0.000274717,0.050333206,0.000000000,0.000000000,0.050000000,-0.008040059,-0.000047165,0.000103986,0.008040869,2.819909282
48.055089275,HOLD,task_pose_stale,0.002601398,0,0.008029264,0.000274717,0.050333206,0.000000000,0.000000000,0.050000000,-0.008040059,-0.000047165,0.000103986,0.008040869,2.819909282
48.065156487,HOLD,task_pose_stale,0.001657486,0,0.008029264,0.000274717,0.050333206,0.000000000,0.000000000,0.050000000,-0.008040059,-0.000047165,0.000103986,0.008040869,2.819909282
48.075321058,HOLD,task_pose_stale,0.000729009,0,0.008029264,0.000274717,0.050333206,0.000000000,0.000000000,0.050000000,-0.008040059,-0.000047165,0.000103986,0.008040869,2.819909282
48.087781888,HOLD,task_pose_stale,0.004522468,0,0.008029264,0.000274717,0.050333206,0.000000000,0.000000000,0.050000000,-0.008040059,-0.000047165,0.000103986,0.008040869,2.819909282
48.097764801,HOLD,task_pose_stale,0.000774127,0,0.008029264,0.000274717,0.050333206,0.000000000,0.000000000,0.050000000,-0.008040059,-0.000047165,0.000103986,0.008040869,2.819909282
48.107886629,HOLD,task_pose_stale,0.002397182,0,0.008029264,0.000274717,0.050333206,0.000000000,0.000000000,0.050000000,-0.008040059,-0.000047165,0.000103986,0.008040869,2.819909282
48.117990647,HOLD,task_pose_stale,0.001549441,0,0.008029264,0.000274717,0.050333206,0.000000000,0.000000000,0.050000000,-0.008040059,-0.000047165,0.000103986,0.008040869,2.819909282
48.128009179,HOLD,task_pose_stale,0.000213716,0,0.008029264,0.000274717,0.050333206,0.000000000,0.000000000,0.050000000,-0.008040059,-0.000047165,0.000103986,0.008040869,2.819909282
48.138055018,HOLD,task_pose_stale,0.002238081,0,0.008029264,0.000274717,0.050333206,0.000000000,0.000000000,0.050000000,-0.008040059,-0.000047165,0.000103986,0.008040869,2.819909282
48.148091360,HOLD,task_pose_stale,0.001551816,0,0.008029264,0.000274717,0.050333206,0.000000000,0.000000000,0.050000000,-0.008040059,-0.000047165,0.000103986,0.008040869,2.819909282
48.158315296,HOLD,task_pose_stale,0.000815683,0,0.008029264,0.000274717,0.050333206,0.000000000,0.000000000,0.050000000,-0.008040059,-0.000047165,0.000103986,0.008040869,2.819909282
48.168257840,HOLD,task_pose_stale,0.002606148,0,0.008029264,0.000274717,0.050333206,0.000000000,0.000000000,0.050000000,-0.008040059,-0.000047165,0.000103986,0.008040869,2.819909282
48.178359484,HOLD,task_pose_stale,0.001659861,0,0.008029264,0.000274717,0.050333206,0.000000000,0.000000000,0.050000000,-0.008040059,-0.000047165,0.000103986,0.008040869,2.819909282
48.188401762,HOLD,task_pose_stale,0.000756318,0,0.008029264,0.000274717,0.050333206,0.000000000,0.000000000,0.050000000,-0.008040059,-0.000047165,0.000103986,0.008040869,2.819909282
48.198472535,HOLD,task_pose_stale,0.002646517,0,0.008029264,0.000274717,0.050333206,0.000000000,0.000000000,0.050000000,-0.008040059,-0.000047165,0.000103986,0.008040869,2.819909282
48.208828263,HOLD,task_pose_stale,0.001681232,0,0.008029264,0.000274717,0.050333206,0.000000000,0.000000000,0.050000000,-0.008040059,-0.000047165,0.000103986,0.008040869,2.819909282
48.218660387,HOLD,task_pose_stale,0.001074516,0,0.008029264,0.000274717,0.050333206,0.000000000,0.000000000,0.050000000,-0.008040059,-0.000047165,0.000103986,0.008040869,2.819909282
48.228739472,HOLD,task_pose_stale,0.000432182,0,0.008029264,0.000274717,0.050333206,0.000000000,0.000000000,0.050000000,-0.008040059,-0.000047165,0.000103986,0.008040869,2.819909282
48.238780563,HOLD,task_pose_stale,0.000097359,0,0.008029264,0.000274717,0.050333206,0.000000000,0.000000000,0.050000000,-0.008040059,-0.000047165,0.000103986,0.008040869,2.819909282
48.248853711,HOLD,task_pose_stale,0.002276075,0,0.008029264,0.000274717,0.050333206,0.000000000,0.000000000,0.050000000,-0.008040059,-0.000047165,0.000103986,0.008040869,2.819909282
48.259188067,HOLD,task_pose_stale,0.001846269,0,0.008029264,0.000274717,0.050333206,0.000000000,0.000000000,0.050000000,-0.008040059,-0.000047165,0.000103986,0.008040869,2.819909282
48.269235094,HOLD,task_pose_stale,0.001421211,0,0.008029264,0.000274717,0.050333206,0.000000000,0.000000000,0.050000000,-0.008040059,-0.000047165,0.000103986,0.008040869,2.819909282
48.279238191,HOLD,task_pose_stale,0.000515293,0,0.008029264,0.000274717,0.050333206,0.000000000,0.000000000,0.050000000,-0.008040059,-0.000047165,0.000103986,0.008040869,2.819909282
48.289318463,HOLD,task_pose_stale,0.002381746,0,0.008029264,0.000274717,0.050333206,0.000000000,0.000000000,0.050000000,-0.008040059,-0.000047165,0.000103986,0.008040869,2.819909282
48.299392798,HOLD,task_pose_stale,0.001486513,0,0.008029264,0.000274717,0.050333206,0.000000000,0.000000000,0.050000000,-0.008040059,-0.000047165,0.000103986,0.008040869,2.819909282
48.309473070,HOLD,task_pose_stale,0.000626900,0,0.008029264,0.000274717,0.050333206,0.000000000,0.000000000,0.050000000,-0.008040059,-0.000047165,0.000103986,0.008040869,2.819909282
48.319569965,HOLD,task_pose_stale,0.002539658,0,0.008029264,0.000274717,0.050333206,0.000000000,0.000000000,0.050000000,-0.008040059,-0.000047165,0.000103986,0.008040869,2.819909282
48.329654986,HOLD,task_pose_stale,0.001522133,0,0.008029264,0.000274717,0.050333206,0.000000000,0.000000000,0.050000000,-0.008040059,-0.000047165,0.000103986,0.008040869,2.819909282
48.339745944,HOLD,task_pose_stale,0.000638773,0,0.008029264,0.000274717,0.050333206,0.000000000,0.000000000,0.050000000,-0.008040059,-0.000047165,0.000103986,0.008040869,2.819909282
48.349835714,HOLD,task_pose_stale,0.002444674,0,0.008029264,0.000274717,0.050333206,0.000000000,0.000000000,0.050000000,-0.008040059,-0.000047165,0.000103986,0.008040869,2.819909282
48.359927859,HOLD,task_pose_stale,0.001503136,0,0.008029264,0.000274717,0.050333206,0.000000000,0.000000000,0.050000000,-0.008040059,-0.000047165,0.000103986,0.008040869,2.819909282
48.369929768,HOLD,task_pose_stale,0.000699327,0,0.008029264,0.000274717,0.050333206,0.000000000,0.000000000,0.050000000,-0.008040059,-0.000047165,0.000103986,0.008040869,2.819909282
48.380001729,HOLD,task_pose_stale,0.002568154,0,0.008029264,0.000274717,0.050333206,0.000000000,0.000000000,0.050000000,-0.008040059,-0.000047165,0.000103986,0.008040869,2.819909282
48.390153240,HOLD,task_pose_stale,0.001604058,0,0.008029264,0.000274717,0.050333206,0.000000000,0.000000000,0.050000000,-0.008040059,-0.000047165,0.000103986,0.008040869,2.819909282
48.400243010,HOLD,task_pose_stale,0.000758692,0,0.008029264,0.000274717,0.050333206,0.000000000,0.000000000,0.050000000,-0.008040059,-0.000047165,0.000103986,0.008040869,2.819909282
48.410293599,HOLD,task_pose_stale,0.002505227,0,0.008029264,0.000274717,0.050333206,0.000000000,0.000000000,0.050000000,-0.008040059,-0.000047165,0.000103986,0.008040869,2.819909282
48.420363185,HOLD,task_pose_stale,0.001682420,0,0.008029264,0.000274717,0.050333206,0.000000000,0.000000000,0.050000000,-0.008040059,-0.000047165,0.000103986,0.008040869,2.819909282
48.430456518,HOLD,task_pose_stale,0.000558036,0,0.008029264,0.000274717,0.050333206,0.000000000,0.000000000,0.050000000,-0.008040059,-0.000047165,0.000103986,0.008040869,2.819909282
48.440471487,HOLD,task_pose_stale,0.002387683,0,0.008029264,0.000274717,0.050333206,0.000000000,0.000000000,0.050000000,-0.008040059,-0.000047165,0.000103986,0.008040869,2.819909282
48.450554134,HOLD,task_pose_stale,0.001073329,0,0.008029264,0.000274717,0.050333206,0.000000000,0.000000000,0.050000000,-0.008040059,-0.000047165,0.000103986,0.008040869,2.819909282
48.460653403,HOLD,task_pose_stale,0.000027308,0,0.008029264,0.000274717,0.050333206,0.000000000,0.000000000,0.050000000,-0.008040059,-0.000047165,0.000103986,0.008040869,2.819909282
48.470771669,HOLD,task_pose_stale,0.002075420,0,0.008029264,0.000274717,0.050333206,0.000000000,0.000000000,0.050000000,-0.008040059,-0.000047165,0.000103986,0.008040869,2.819909282
48.480863814,HOLD,task_pose_stale,0.001754845,0,0.008029264,0.000274717,0.050333206,0.000000000,0.000000000,0.050000000,-0.008040059,-0.000047165,0.000103986,0.008040869,2.819909282
48.490970207,HOLD,task_pose_stale,0.001450895,0,0.008029264,0.000274717,0.050333206,0.000000000,0.000000000,0.050000000,-0.008040059,-0.000047165,0.000103986,0.008040869,2.819909282
48.501051666,HOLD,task_pose_stale,0.000967659,0,0.008029264,0.000274717,0.050333206,0.000000000,0.000000000,0.050000000,-0.008040059,-0.000047165,0.000103986,0.008040869,2.819909282
48.511251856,HOLD,task_pose_stale,0.000448803,0,0.008029264,0.000274717,0.050333206,0.000000000,0.000000000,0.050000000,-0.008040059,-0.000047165,0.000103986,0.008040869,2.819909282
48.521283448,HOLD,task_pose_stale,0.000043930,0,0.008029264,0.000274717,0.050333206,0.000000000,0.000000000,0.050000000,-0.008040059,-0.000047165,0.000103986,0.008040869,2.819909282
48.531347098,HOLD,task_pose_stale,0.002177528,0,0.008029264,0.000274717,0.050333206,0.000000000,0.000000000,0.050000000,-0.008040059,-0.000047165,0.000103986,0.008040869,2.819909282
48.541426182,HOLD,task_pose_stale,0.001789278,0,0.008029264,0.000274717,0.050333206,0.000000000,0.000000000,0.050000000,-0.008040059,-0.000047165,0.000103986,0.008040869,2.819909282
48.551453025,HOLD,task_pose_stale,0.001213432,0,0.008029264,0.000274717,0.050333206,0.000000000,0.000000000,0.050000000,-0.008040059,-0.000047165,0.000103986,0.008040869,2.819909282
48.561536859,HOLD,task_pose_stale,0.000648272,0,0.008029264,0.000274717,0.050333206,0.000000000,0.000000000,0.050000000,-0.008040059,-0.000047165,0.000103986,0.008040869,2.819909282
48.571612382,HOLD,task_pose_stale,0.000252897,0,0.008029264,0.000274717,0.050333206,0.000000000,0.000000000,0.050000000,-0.008040059,-0.000047165,0.000103986,0.008040869,2.819909282
48.581714025,HOLD,task_pose_stale,0.002359187,0,0.008029264,0.000274717,0.050333206,0.000000000,0.000000000,0.050000000,-0.008040059,-0.000047165,0.000103986,0.008040869,2.819909282
48.591766989,HOLD,task_pose_stale,0.001897324,0,0.008029264,0.000274717,0.050333206,0.000000000,0.000000000,0.050000000,-0.008040059,-0.000047165,0.000103986,0.008040869,2.819909282
48.601844886,HOLD,task_pose_stale,0.001408151,0,0.008029264,0.000274717,0.050333206,0.000000000,0.000000000,0.050000000,-0.008040059,-0.000047165,0.000103986,0.008040869,2.819909282
48.611896663,HOLD,task_pose_stale,0.000954598,0,0.008029264,0.000274717,0.050333206,0.000000000,0.000000000,0.050000000,-0.008040059,-0.000047165,0.000103986,0.008040869,2.819909282
48.621979309,HOLD,task_pose_stale,0.000466614,0,0.008029264,0.000274717,0.050333206,0.000000000,0.000000000,0.050000000,-0.008040059,-0.000047165,0.000103986,0.008040869,2.819909282
48.632135569,HOLD,task_pose_stale,0.000027308,0,0.008029264,0.000274717,0.050333206,0.000000000,0.000000000,0.050000000,-0.008040059,-0.000047165,0.000103986,0.008040869,2.819909282
48.642171911,HOLD,task_pose_stale,0.001277546,0,0.008029264,0.000274717,0.050333206,0.000000000,0.000000000,0.050000000,-0.008040059,-0.000047165,0.000103986,0.008040869,2.819909282
48.652184506,HOLD,task_pose_stale,0.000859613,0,0.008029264,0.000274717,0.050333206,0.000000000,0.000000000,0.050000000,-0.008040059,-0.000047165,0.000103986,0.008040869,2.819909282
48.662242219,HOLD,task_pose_stale,0.000620963,0,0.008029264,0.000274717,0.050333206,0.000000000,0.000000000,0.050000000,-0.008040059,-0.000047165,0.000103986,0.008040869,2.819909282
48.672305868,HOLD,task_pose_stale,0.000279018,0,0.008029264,0.000274717,0.050333206,0.000000000,0.000000000,0.050000000,-0.008040059,-0.000047165,0.000103986,0.008040869,2.819909282
48.682387328,HOLD,task_pose_stale,0.002248768,0,0.008029264,0.000274717,0.050333206,0.000000000,0.000000000,0.050000000,-0.008040059,-0.000047165,0.000103986,0.008040869,2.819909282
48.692449790,HOLD,task_pose_stale,0.001326226,0,0.008029264,0.000274717,0.050333206,0.000000000,0.000000000,0.050000000,-0.008040059,-0.000047165,0.000103986,0.008040869,2.819909282
48.702526500,HOLD,task_pose_stale,0.000465426,0,0.008029264,0.000274717,0.050333206,0.000000000,0.000000000,0.050000000,-0.008040059,-0.000047165,0.000103986,0.008040869,2.819909282
48.712590149,HOLD,task_pose_stale,0.002286762,0,0.008029264,0.000274717,0.050333206,0.000000000,0.000000000,0.050000000,-0.008040059,-0.000047165,0.000103986,0.008040869,2.819909282
48.722652612,HOLD,task_pose_stale,0.001374906,0,0.008029264,0.000274717,0.050333206,0.000000000,0.000000000,0.050000000,-0.008040059,-0.000047165,0.000103986,0.008040869,2.819909282
48.732721010,HOLD,task_pose_stale,0.000460677,0,0.008029264,0.000274717,0.050333206,0.000000000,0.000000000,0.050000000,-0.008040059,-0.000047165,0.000103986,0.008040869,2.819909282
48.742893893,HOLD,task_pose_stale,0.002276075,0,0.008029264,0.000274717,0.050333206,0.000000000,0.000000000,0.050000000,-0.008040059,-0.000047165,0.000103986,0.008040869,2.819909282
48.752926672,HOLD,task_pose_stale,0.001401027,0,0.008029264,0.000274717,0.050333206,0.000000000,0.000000000,0.050000000,-0.008040059,-0.000047165,0.000103986,0.008040869,2.819909282
48.763103116,HOLD,task_pose_stale,0.000478486,0,0.008029264,0.000274717,0.050333206,0.000000000,0.000000000,0.050000000,-0.008040059,-0.000047165,0.000103986,0.008040869,2.819909282
48.773194074,HOLD,task_pose_stale,0.002335441,0,0.008029264,0.000274717,0.050333206,0.000000000,0.000000000,0.050000000,-0.008040059,-0.000047165,0.000103986,0.008040869,2.819909282
48.783269597,HOLD,task_pose_stale,0.001425961,0,0.008029264,0.000274717,0.050333206,0.000000000,0.000000000,0.050000000,-0.008040059,-0.000047165,0.000103986,0.008040869,2.819909282
48.793339183,HOLD,task_pose_stale,0.000451178,0,0.008029264,0.000274717,0.050333206,0.000000000,0.000000000,0.050000000,-0.008040059,-0.000047165,0.000103986,0.008040869,2.819909282
48.803428953,HOLD,task_pose_stale,0.002346126,0,0.008029264,0.000274717,0.050333206,0.000000000,0.000000000,0.050000000,-0.008040059,-0.000047165,0.000103986,0.008040869,2.819909282
48.813510412,HOLD,task_pose_stale,0.001449707,0,0.008029264,0.000274717,0.050333206,0.000000000,0.000000000,0.050000000,-0.008040059,-0.000047165,0.000103986,0.008040869,2.819909282
48.823589497,HOLD,task_pose_stale,0.000505794,0,0.008029264,0.000274717,0.050333206,0.000000000,0.000000000,0.050000000,-0.008040059,-0.000047165,0.000103986,0.008040869,2.819909282
48.833675705,HOLD,task_pose_stale,0.002412616,0,0.008029264,0.000274717,0.050333206,0.000000000,0.000000000,0.050000000,-0.008040059,-0.000047165,0.000103986,0.008040869,2.819909282
48.843767850,HOLD,task_pose_stale,0.002431614,0,0.008029264,0.000274717,0.050333206,0.000000000,0.000000000,0.050000000,-0.008040059,-0.000047165,0.000103986,0.008040869,2.819909282
48.853786382,HOLD,task_pose_stale,0.001589809,0,0.008029264,0.000274717,0.050333206,0.000000000,0.000000000,0.050000000,-0.008040059,-0.000047165,0.000103986,0.008040869,2.819909282
48.863825098,HOLD,task_pose_stale,0.000654208,0,0.008029264,0.000274717,0.050333206,0.000000000,0.000000000,0.050000000,-0.008040059,-0.000047165,0.000103986,0.008040869,2.819909282
48.873893497,HOLD,task_pose_stale,0.000048680,0,0.008029264,0.000274717,0.050333206,0.000000000,0.000000000,0.050000000,-0.008040059,-0.000047165,0.000103986,0.008040869,2.819909282
48.884067566,HOLD,task_pose_stale,0.001963813,0,0.008029264,0.000274717,0.050333206,0.000000000,0.000000000,0.050000000,-0.008040059,-0.000047165,0.000103986,0.008040869,2.819909282
48.894154962,HOLD,task_pose_stale,0.000916604,0,0.008029264,0.000274717,0.050333206,0.000000000,0.000000000,0.050000000,-0.008040059,-0.000047165,0.000103986,0.008040869,2.819909282
48.904238796,HOLD,task_pose_stale,0.000045118,0,0.008029264,0.000274717,0.050333206,0.000000000,0.000000000,0.050000000,-0.008040059,-0.000047165,0.000103986,0.008040869,2.819909282
48.914277512,HOLD,task_pose_stale,0.001832021,0,0.008029264,0.000274717,0.050333206,0.000000000,0.000000000,0.050000000,-0.008040059,-0.000047165,0.000103986,0.008040869,2.819909282
48.924356597,HOLD,task_pose_stale,0.000847740,0,0.008029264,0.000274717,0.050333206,0.000000000,0.000000000,0.050000000,-0.008040059,-0.000047165,0.000103986,0.008040869,2.819909282
48.934459427,HOLD,task_pose_stale,0.002615647,0,0.008029264,0.000274717,0.050333206,0.000000000,0.000000000,0.050000000,-0.008040059,-0.000047165,0.000103986,0.008040869,2.819909282
48.944527826,HOLD,task_pose_stale,0.001742973,0,0.008029264,0.000274717,0.050333206,0.000000000,0.000000000,0.050000000,-0.008040059,-0.000047165,0.000103986,0.008040869,2.819909282
48.954623533,HOLD,task_pose_stale,0.000867924,0,0.008029264,0.000274717,0.050333206,0.000000000,0.000000000,0.050000000,-0.008040059,-0.000047165,0.000103986,0.008040869,2.819909282
48.964752485,HOLD,task_pose_stale,0.000036807,0,0.008029264,0.000274717,0.050333206,0.000000000,0.000000000,0.050000000,-0.008040059,-0.000047165,0.000103986,0.008040869,2.819909282
48.974838693,HOLD,task_pose_stale,0.001885450,0,0.008029264,0.000274717,0.050333206,0.000000000,0.000000000,0.050000000,-0.008040059,-0.000047165,0.000103986,0.008040869,2.819909282
48.984945086,HOLD,task_pose_stale,0.000928478,0,0.008029264,0.000274717,0.050333206,0.000000000,0.000000000,0.050000000,-0.008040059,-0.000047165,0.000103986,0.008040869,2.819909282
48.995033669,HOLD,task_pose_stale,0.000059365,0,0.008029264,0.000274717,0.050333206,0.000000000,0.000000000,0.050000000,-0.008040059,-0.000047165,0.000103986,0.008040869,2.819909282
49.005112754,HOLD,task_pose_stale,0.001735849,0,0.008029264,0.000274717,0.050333206,0.000000000,0.000000000,0.050000000,-0.008040059,-0.000047165,0.000103986,0.008040869,2.819909282
49.015208461,HOLD,task_pose_stale,0.000941538,0,0.008029264,0.000274717,0.050333206,0.000000000,0.000000000,0.050000000,-0.008040059,-0.000047165,0.000103986,0.008040869,2.819909282
49.025280422,HOLD,task_pose_stale,0.000064115,0,0.008029264,0.000274717,0.050333206,0.000000000,0.000000000,0.050000000,-0.008040059,-0.000047165,0.000103986,0.008040869,2.819909282
49.035373754,HOLD,task_pose_stale,0.001917508,0,0.008029264,0.000274717,0.050333206,0.000000000,0.000000000,0.050000000,-0.008040059,-0.000047165,0.000103986,0.008040869,2.819909282
49.045433841,HOLD,task_pose_stale,0.000962909,0,0.008029264,0.000274717,0.050333206,0.000000000,0.000000000,0.050000000,-0.008040059,-0.000047165,0.000103986,0.008040869,2.819909282
49.055514113,HOLD,task_pose_stale,0.000360943,0,0.008029264,0.000274717,0.050333206,0.000000000,0.000000000,0.050000000,-0.008040059,-0.000047165,0.000103986,0.008040869,2.819909282
49.065521959,HOLD,task_pose_stale,0.002531348,0,0.008029264,0.000274717,0.050333206,0.000000000,0.000000000,0.050000000,-0.008040059,-0.000047165,0.000103986,0.008040869,2.819909282
49.075620041,HOLD,task_pose_stale,0.001948378,0,0.008029264,0.000274717,0.050333206,0.000000000,0.000000000,0.050000000,-0.008040059,-0.000047165,0.000103986,0.008040869,2.819909282
49.085756116,HOLD,task_pose_stale,0.001080454,0,0.008029264,0.000274717,0.050333206,0.000000000,0.000000000,0.050000000,-0.008040059,-0.000047165,0.000103986,0.008040869,2.819909282
49.095848261,HOLD,task_pose_stale,0.005653976,0,0.008029264,0.000274717,0.050333206,0.000000000,0.000000000,0.050000000,-0.008040059,-0.000047165,0.000103986,0.008040869,2.819909282
49.105900038,HOLD,task_pose_stale,0.001399840,0,0.008029264,0.000274717,0.050333206,0.000000000,0.000000000,0.050000000,-0.008040059,-0.000047165,0.000103986,0.008040869,2.819909282
49.115935192,HOLD,task_pose_stale,0.000552100,0,0.008029264,0.000274717,0.050333206,0.000000000,0.000000000,0.050000000,-0.008040059,-0.000047165,0.000103986,0.008040869,2.819909282
49.125995280,HOLD,task_pose_stale,0.002489792,0,0.008029264,0.000274717,0.050333206,0.000000000,0.000000000,0.050000000,-0.008040059,-0.000047165,0.000103986,0.008040869,2.819909282
49.136118295,HOLD,task_pose_stale,0.002095604,0,0.008029264,0.000274717,0.050333206,0.000000000,0.000000000,0.050000000,-0.008040059,-0.000047165,0.000103986,0.008040869,2.819909282
49.146215189,HOLD,task_pose_stale,0.001582686,0,0.008029264,0.000274717,0.050333206,0.000000000,0.000000000,0.050000000,-0.008040059,-0.000047165,0.000103986,0.008040869,2.819909282
49.156269340,HOLD,task_pose_stale,0.001237179,0,0.008029264,0.000274717,0.050333206,0.000000000,0.000000000,0.050000000,-0.008040059,-0.000047165,0.000103986,0.008040869,2.819909282
49.166351987,HOLD,task_pose_stale,0.000774127,0,0.008029264,0.000274717,0.050333206,0.000000000,0.000000000,0.050000000,-0.008040059,-0.000047165,0.000103986,0.008040869,2.819909282
49.176434633,HOLD,task_pose_stale,0.000410810,0,0.008029264,0.000274717,0.050333206,0.000000000,0.000000000,0.050000000,-0.008040059,-0.000047165,0.000103986,0.008040869,2.819909282
49.186524404,HOLD,task_pose_stale,0.002203649,0,0.008029264,0.000274717,0.050333206,0.000000000,0.000000000,0.050000000,-0.008040059,-0.000047165,0.000103986,0.008040869,2.819909282
49.196621298,HOLD,task_pose_stale,0.001371345,0,0.008029264,0.000274717,0.050333206,0.000000000,0.000000000,0.050000000,-0.008040059,-0.000047165,0.000103986,0.008040869,2.819909282
49.206703944,HOLD,task_pose_stale,0.000441679,0,0.008029264,0.000274717,0.050333206,0.000000000,0.000000000,0.050000000,-0.008040059,-0.000047165,0.000103986,0.008040869,2.819909282
49.216796089,HOLD,task_pose_stale,0.002308133,0,0.008029264,0.000274717,0.050333206,0.000000000,0.000000000,0.050000000,-0.008040059,-0.000047165,0.000103986,0.008040869,2.819909282
49.226888234,HOLD,task_pose_stale,0.001352348,0,0.008029264,0.000274717,0.050333206,0.000000000,0.000000000,0.050000000,-0.008040059,-0.000047165,0.000103986,0.008040869,2.819909282
49.236994627,HOLD,task_pose_stale,0.000486798,0,0.008029264,0.000274717,0.050333206,0.000000000,0.000000000,0.050000000,-0.008040059,-0.000047165,0.000103986,0.008040869,2.819909282
49.247038092,HOLD,task_pose_stale,0.002324756,0,0.008029264,0.000274717,0.050333206,0.000000000,0.000000000,0.050000000,-0.008040059,-0.000047165,0.000103986,0.008040869,2.819909282
49.257086307,HOLD,task_pose_stale,0.001687170,0,0.008029264,0.000274717,0.050333206,0.000000000,0.000000000,0.050000000,-0.008040059,-0.000047165,0.000103986,0.008040869,2.819909282
49.267280561,HOLD,task_pose_stale,0.001458018,0,0.008029264,0.000274717,0.050333206,0.000000000,0.000000000,0.050000000,-0.008040059,-0.000047165,0.000103986,0.008040869,2.819909282
49.277211231,HOLD,task_pose_stale,0.000943912,0,0.008029264,0.000274717,0.050333206,0.000000000,0.000000000,0.050000000,-0.008040059,-0.000047165,0.000103986,0.008040869,2.819909282
49.287359180,HOLD,task_pose_stale,0.000467801,0,0.008029264,0.000274717,0.050333206,0.000000000,0.000000000,0.050000000,-0.008040059,-0.000047165,0.000103986,0.008040869,2.819909282
49.297448950,HOLD,task_pose_stale,0.002482667,0,0.008029264,0.000274717,0.050333206,0.000000000,0.000000000,0.050000000,-0.008040059,-0.000047165,0.000103986,0.008040869,2.819909282
49.307530410,HOLD,task_pose_stale,0.001545879,0,0.008029264,0.000274717,0.050333206,0.000000000,0.000000000,0.050000000,-0.008040059,-0.000047165,0.000103986,0.008040869,2.819909282
49.317624929,HOLD,task_pose_stale,0.000580595,0,0.008029264,0.000274717,0.050333206,0.000000000,0.000000000,0.050000000,-0.008040059,-0.000047165,0.000103986,0.008040869,2.819909282
49.327726573,HOLD,task_pose_stale,0.002401930,0,0.008029264,0.000274717,0.050333206,0.000000000,0.000000000,0.050000000,-0.008040059,-0.000047165,0.000103986,0.008040869,2.819909282
49.337810407,HOLD,task_pose_stale,0.001425961,0,0.008029264,0.000274717,0.050333206,0.000000000,0.000000000,0.050000000,-0.008040059,-0.000047165,0.000103986,0.008040869,2.819909282
49.347923923,HOLD,task_pose_stale,0.000299202,0,0.008029264,0.000274717,0.050333206,0.000000000,0.000000000,0.050000000,-0.008040059,-0.000047165,0.000103986,0.008040869,2.819909282
49.357927020,HOLD,task_pose_stale,0.002198900,0,0.008029264,0.000274717,0.050333206,0.000000000,0.000000000,0.050000000,-0.008040059,-0.000047165,0.000103986,0.008040869,2.819909282
49.368057159,HOLD,task_pose_stale,0.001604058,0,0.008029264,0.000274717,0.050333206,0.000000000,0.000000000,0.050000000,-0.008040059,-0.000047165,0.000103986,0.008040869,2.819909282
49.378168301,HOLD,task_pose_stale,0.000844178,0,0.008029264,0.000274717,0.050333206,0.000000000,0.000000000,0.050000000,-0.008040059,-0.000047165,0.000103986,0.008040869,2.819909282
49.388288941,HOLD,task_pose_stale,0.000037994,0,0.008029264,0.000274717,0.050333206,0.000000000,0.000000000,0.050000000,-0.008040059,-0.000047165,0.000103986,0.008040869,2.819909282
49.398377524,HOLD,task_pose_stale,0.001904447,0,0.008029264,0.000274717,0.050333206,0.000000000,0.000000000,0.050000000,-0.008040059,-0.000047165,0.000103986,0.008040869,2.819909282
49.408469670,HOLD,task_pose_stale,0.000929665,0,0.008029264,0.000274717,0.050333206,0.000000000,0.000000000,0.050000000,-0.008040059,-0.000047165,0.000103986,0.008040869,2.819909282
49.418559440,HOLD,task_pose_stale,0.000024933,0,0.008029264,0.000274717,0.050333206,0.000000000,0.000000000,0.050000000,-0.008040059,-0.000047165,0.000103986,0.008040869,2.819909282
49.428634963,HOLD,task_pose_stale,0.001858142,0,0.008029264,0.000274717,0.050333206,0.000000000,0.000000000,0.050000000,-0.008040059,-0.000047165,0.000103986,0.008040869,2.819909282
49.438733044,HOLD,task_pose_stale,0.000800248,0,0.008029264,0.000274717,0.050333206,0.000000000,0.000000000,0.050000000,-0.008040059,-0.000047165,0.000103986,0.008040869,2.819909282
49.448834688,HOLD,task_pose_stale,0.002629894,0,0.008029264,0.000274717,0.050333206,0.000000000,0.000000000,0.050000000,-0.008040059,-0.000047165,0.000103986,0.008040869,2.819909282
49.458926833,HOLD,task_pose_stale,0.001511447,0,0.008029264,0.000274717,0.050333206,0.000000000,0.000000000,0.050000000,-0.008040059,-0.000047165,0.000103986,0.008040869,2.819909282
49.468996419,HOLD,task_pose_stale,0.000871487,0,0.008029264,0.000274717,0.050333206,0.000000000,0.000000000,0.050000000,-0.008040059,-0.000047165,0.000103986,0.008040869,2.819909282
49.478999515,HOLD,task_pose_stale,0.000440492,0,0.008029264,0.000274717,0.050333206,0.000000000,0.000000000,0.050000000,-0.008040059,-0.000047165,0.000103986,0.008040869,2.819909282
49.489103533,HOLD,task_pose_stale,0.000048679,0,0.008029264,0.000274717,0.050333206,0.000000000,0.000000000,0.050000000,-0.008040059,-0.000047165,0.000103986,0.008040869,2.819909282
49.499203990,HOLD,task_pose_stale,0.002342565,0,0.008029264,0.000274717,0.050333206,0.000000000,0.000000000,0.050000000,-0.008040059,-0.000047165,0.000103986,0.008040869,2.819909282
49.509277138,HOLD,task_pose_stale,0.001904447,0,0.008029264,0.000274717,0.050333206,0.000000000,0.000000000,0.050000000,-0.008040059,-0.000047165,0.000103986,0.008040869,2.819909282
49.519368095,HOLD,task_pose_stale,0.001450895,0,0.008029264,0.000274717,0.050333206,0.000000000,0.000000000,0.050000000,-0.008040059,-0.000047165,0.000103986,0.008040869,2.819909282
49.529448367,HOLD,task_pose_stale,0.001054332,0,0.008029264,0.000274717,0.050333206,0.000000000,0.000000000,0.050000000,-0.008040059,-0.000047165,0.000103986,0.008040869,2.819909282
49.539546449,HOLD,task_pose_stale,0.000156725,0,0.008029264,0.000274717,0.050333206,0.000000000,0.000000000,0.050000000,-0.008040059,-0.000047165,0.000103986,0.008040869,2.819909282
49.549627908,HOLD,task_pose_stale,0.001983997,0,0.008029264,0.000274717,0.050333206,0.000000000,0.000000000,0.050000000,-0.008040059,-0.000047165,0.000103986,0.008040869,2.819909282
49.559714116,HOLD,task_pose_stale,0.001068580,0,0.008029264,0.000274717,0.050333206,0.000000000,0.000000000,0.050000000,-0.008040059,-0.000047165,0.000103986,0.008040869,2.819909282
49.569807449,HOLD,task_pose_stale,0.000290891,0,0.008029264,0.000274717,0.050333206,0.000000000,0.000000000,0.050000000,-0.008040059,-0.000047165,0.000103986,0.008040869,2.819909282
49.579886533,HOLD,task_pose_stale,0.002082544,0,0.008029264,0.000274717,0.050333206,0.000000000,0.000000000,0.050000000,-0.008040059,-0.000047165,0.000103986,0.008040869,2.819909282
49.589901503,HOLD,task_pose_stale,0.001467517,0,0.008029264,0.000274717,0.050333206,0.000000000,0.000000000,0.050000000,-0.008040059,-0.000047165,0.000103986,0.008040869,2.819909282
49.600031642,HOLD,task_pose_stale,0.000870299,0,0.008029264,0.000274717,0.050333206,0.000000000,0.000000000,0.050000000,-0.008040059,-0.000047165,0.000103986,0.008040869,2.819909282
49.610108352,HOLD,task_pose_stale,0.000435744,0,0.008029264,0.000274717,0.050333206,0.000000000,0.000000000,0.050000000,-0.008040059,-0.000047165,0.000103986,0.008040869,2.819909282
49.620187437,HOLD,task_pose_stale,0.002555094,0,0.008029264,0.000274717,0.050333206,0.000000000,0.000000000,0.050000000,-0.008040059,-0.000047165,0.000103986,0.008040869,2.819909282
49.630276020,HOLD,task_pose_stale,0.002216710,0,0.008029264,0.000274717,0.050333206,0.000000000,0.000000000,0.050000000,-0.008040059,-0.000047165,0.000103986,0.008040869,2.819909282
49.642339101,HOLD,task_pose_stale,0.003455076,0,0.008029264,0.000274717,0.050333206,0.000000000,0.000000000,0.050000000,-0.008040059,-0.000047165,0.000103986,0.008040869,2.819909282
49.652358820,HOLD,task_pose_stale,0.000060553,0,0.008029264,0.000274717,0.050333206,0.000000000,0.000000000,0.050000000,-0.008040059,-0.000047165,0.000103986,0.008040869,2.819909282
49.662449778,HOLD,task_pose_stale,0.002175154,0,0.008029264,0.000274717,0.050333206,0.000000000,0.000000000,0.050000000,-0.008040059,-0.000047165,0.000103986,0.008040869,2.819909282
49.672540736,HOLD,task_pose_stale,0.001599308,0,0.008029264,0.000274717,0.050333206,0.000000000,0.000000000,0.050000000,-0.008040059,-0.000047165,0.000103986,0.008040869,2.819909282
49.682611509,HOLD,task_pose_stale,0.000643522,0,0.008029264,0.000274717,0.050333206,0.000000000,0.000000000,0.050000000,-0.008040059,-0.000047165,0.000103986,0.008040869,2.819909282
49.692778455,HOLD,task_pose_stale,0.000030870,0,0.008029264,0.000274717,0.050333206,0.000000000,0.000000000,0.050000000,-0.008040059,-0.000047165,0.000103986,0.008040869,2.819909282
49.702768491,HOLD,task_pose_stale,0.002088480,0,0.008029264,0.000274717,0.050333206,0.000000000,0.000000000,0.050000000,-0.008040059,-0.000047165,0.000103986,0.008040869,2.819909282
49.712848763,HOLD,task_pose_stale,0.001164752,0,0.008029264,0.000274717,0.050333206,0.000000000,0.000000000,0.050000000,-0.008040059,-0.000047165,0.000103986,0.008040869,2.819909282
49.722939720,HOLD,task_pose_stale,0.000620964,0,0.008029264,0.000274717,0.050333206,0.000000000,0.000000000,0.050000000,-0.008040059,-0.000047165,0.000103986,0.008040869,2.819909282
49.732989122,HOLD,task_pose_stale,0.000020184,0,0.008029264,0.000274717,0.050333206,0.000000000,0.000000000,0.050000000,-0.008040059,-0.000047165,0.000103986,0.008040869,2.819909282
49.743051584,HOLD,task_pose_stale,0.002282012,0,0.008029264,0.000274717,0.050333206,0.000000000,0.000000000,0.050000000,-0.008040059,-0.000047165,0.000103986,0.008040869,2.819909282
49.753211406,HOLD,task_pose_stale,0.001676484,0,0.008029264,0.000274717,0.050333206,0.000000000,0.000000000,0.050000000,-0.008040059,-0.000047165,0.000103986,0.008040869,2.819909282
49.763226376,HOLD,task_pose_stale,0.001180188,0,0.008029264,0.000274717,0.050333206,0.000000000,0.000000000,0.050000000,-0.008040059,-0.000047165,0.000103986,0.008040869,2.819909282
49.773202164,HOLD,task_pose_stale,0.000341946,0,0.008029264,0.000274717,0.050333206,0.000000000,0.000000000,0.050000000,-0.008040059,-0.000047165,0.000103986,0.008040869,2.819909282
49.783297871,HOLD,task_pose_stale,0.002487417,0,0.008029264,0.000274717,0.050333206,0.000000000,0.000000000,0.050000000,-0.008040059,-0.000047165,0.000103986,0.008040869,2.819909282
49.793336587,HOLD,task_pose_stale,0.001994683,0,0.008029264,0.000274717,0.050333206,0.000000000,0.000000000,0.050000000,-0.008040059,-0.000047165,0.000103986,0.008040869,2.819909282
49.803396675,HOLD,task_pose_stale,0.001676484,0,0.008029264,0.000274717,0.050333206,0.000000000,0.000000000,0.050000000,-0.008040059,-0.000047165,0.000103986,0.008040869,2.819909282
49.813528001,HOLD,task_pose_stale,0.001174251,0,0.008029264,0.000274717,0.050333206,0.000000000,0.000000000,0.050000000,-0.008040059,-0.000047165,0.000103986,0.008040869,2.819909282
49.823633207,HOLD,task_pose_stale,0.000813308,0,0.008029264,0.000274717,0.050333206,0.000000000,0.000000000,0.050000000,-0.008040059,-0.000047165,0.000103986,0.008040869,2.819909282
49.833733663,HOLD,task_pose_stale,0.000185221,0,0.008029264,0.000274717,0.050333206,0.000000000,0.000000000,0.050000000,-0.008040059,-0.000047165,0.000103986,0.008040869,2.819909282
49.843816309,HOLD,task_pose_stale,0.002027927,0,0.008029264,0.000274717,0.050333206,0.000000000,0.000000000,0.050000000,-0.008040059,-0.000047165,0.000103986,0.008040869,2.819909282
49.853925077,HOLD,task_pose_stale,0.001123196,0,0.008029264,0.000274717,0.050333206,0.000000000,0.000000000,0.050000000,-0.008040059,-0.000047165,0.000103986,0.008040869,2.819909282
49.864019596,HOLD,task_pose_stale,0.000185221,0,0.008029264,0.000274717,0.050333206,0.000000000,0.000000000,0.050000000,-0.008040059,-0.000047165,0.000103986,0.008040869,2.819909282
49.874203164,HOLD,task_pose_stale,0.002279638,0,0.008029264,0.000274717,0.050333206,0.000000000,0.000000000,0.050000000,-0.008040059,-0.000047165,0.000103986,0.008040869,2.819909282
49.884192013,HOLD,task_pose_stale,0.000634024,0,0.008029264,0.000274717,0.050333206,0.000000000,0.000000000,0.050000000,-0.008040059,-0.000047165,0.000103986,0.008040869,2.819909282
49.894258037,HOLD,task_pose_stale,0.002075420,0,0.008029264,0.000274717,0.050333206,0.000000000,0.000000000,0.050000000,-0.008040059,-0.000047165,0.000103986,0.008040869,2.819909282
49.904326436,HOLD,task_pose_stale,0.001239553,0,0.008029264,0.000274717,0.050333206,0.000000000,0.000000000,0.050000000,-0.008040059,-0.000047165,0.000103986,0.008040869,2.819909282
49.914418581,HOLD,task_pose_stale,0.000345508,0,0.008029264,0.000274717,0.050333206,0.000000000,0.000000000,0.050000000,-0.008040059,-0.000047165,0.000103986,0.008040869,2.819909282
49.924497666,HOLD,task_pose_stale,0.002211961,0,0.008029264,0.000274717,0.050333206,0.000000000,0.000000000,0.050000000,-0.008040059,-0.000047165,0.000103986,0.008040869,2.819909282
49.934595747,HOLD,task_pose_stale,0.001238365,0,0.008029264,0.000274717,0.050333206,0.000000000,0.000000000,0.050000000,-0.008040059,-0.000047165,0.000103986,0.008040869,2.819909282
49.944677207,HOLD,task_pose_stale,0.000286142,0,0.008029264,0.000274717,0.050333206,0.000000000,0.000000000,0.050000000,-0.008040059,-0.000047165,0.000103986,0.008040869,2.819909282
49.954761040,HOLD,task_pose_stale,0.002151407,0,0.008029264,0.000274717,0.050333206,0.000000000,0.000000000,0.050000000,-0.008040059,-0.000047165,0.000103986,0.008040869,2.819909282
49.964856747,HOLD,task_pose_stale,0.001201558,0,0.008029264,0.000274717,0.050333206,0.000000000,0.000000000,0.050000000,-0.008040059,-0.000047165,0.000103986,0.008040869,2.819909282
49.974961953,HOLD,task_pose_stale,0.000317012,0,0.008029264,0.000274717,0.050333206,0.000000000,0.000000000,0.050000000,-0.008040059,-0.000047165,0.000103986,0.008040869,2.819909282
49.985050536,HOLD,task_pose_stale,0.002158532,0,0.008029264,0.000274717,0.050333206,0.000000000,0.000000000,0.050000000,-0.008040059,-0.000047165,0.000103986,0.008040869,2.819909282
49.995131995,HOLD,task_pose_stale,0.001251426,0,0.008029264,0.000274717,0.050333206,0.000000000,0.000000000,0.050000000,-0.008040059,-0.000047165,0.000103986,0.008040869,2.819909282
50.005233639,HOLD,task_pose_stale,0.000344320,0,0.008029264,0.000274717,0.050333206,0.000000000,0.000000000,0.050000000,-0.008040059,-0.000047165,0.000103986,0.008040869,2.819909282
50.015296101,HOLD,task_pose_stale,0.002185840,0,0.008029264,0.000274717,0.050333206,0.000000000,0.000000000,0.050000000,-0.008040059,-0.000047165,0.000103986,0.008040869,2.819909282
50.025388246,HOLD,task_pose_stale,0.001241927,0,0.008029264,0.000274717,0.050333206,0.000000000,0.000000000,0.050000000,-0.008040059,-0.000047165,0.000103986,0.008040869,2.819909282
50.035469705,HOLD,task_pose_stale,0.000370441,0,0.008029264,0.000274717,0.050333206,0.000000000,0.000000000,0.050000000,-0.008040059,-0.000047165,0.000103986,0.008040869,2.819909282
50.045549977,HOLD,task_pose_stale,0.002197712,0,0.008029264,0.000274717,0.050333206,0.000000000,0.000000000,0.050000000,-0.008040059,-0.000047165,0.000103986,0.008040869,2.819909282
50.055640935,HOLD,task_pose_stale,0.001221743,0,0.008029264,0.000274717,0.050333206,0.000000000,0.000000000,0.050000000,-0.008040059,-0.000047165,0.000103986,0.008040869,2.819909282
50.065698647,HOLD,task_pose_stale,0.000211342,0,0.008029264,0.000274717,0.050333206,0.000000000,0.000000000,0.050000000,-0.008040059,-0.000047165,0.000103986,0.008040869,2.819909282
50.075759922,HOLD,task_pose_stale,0.001966187,0,0.008029264,0.000274717,0.050333206,0.000000000,0.000000000,0.050000000,-0.008040059,-0.000047165,0.000103986,0.008040869,2.819909282
50.085844944,HOLD,task_pose_stale,0.001113698,0,0.008029264,0.000274717,0.050333206,0.000000000,0.000000000,0.050000000,-0.008040059,-0.000047165,0.000103986,0.008040869,2.819909282
50.095926403,HOLD,task_pose_stale,0.000858426,0,0.008029264,0.000274717,0.050333206,0.000000000,0.000000000,0.050000000,-0.008040059,-0.000047165,0.000103986,0.008040869,2.819909282
50.105997176,HOLD,task_pose_stale,0.000014247,0,0.008029264,0.000274717,0.050333206,0.000000000,0.000000000,0.050000000,-0.008040059,-0.000047165,0.000103986,0.008040869,2.819909282
50.116138001,HOLD,task_pose_stale,0.002283199,0,0.008029264,0.000274717,0.050333206,0.000000000,0.000000000,0.050000000,-0.008040059,-0.000047165,0.000103986,0.008040869,2.819909282
50.126174342,HOLD,task_pose_stale,0.001355910,0,0.008029264,0.000274717,0.050333206,0.000000000,0.000000000,0.050000000,-0.008040059,-0.000047165,0.000103986,0.008040869,2.819909282
50.136248678,HOLD,task_pose_stale,0.000981907,0,0.008029264,0.000274717,0.050333206,0.000000000,0.000000000,0.050000000,-0.008040059,-0.000047165,0.000103986,0.008040869,2.819909282
50.146275521,HOLD,task_pose_stale,0.000451178,0,0.008029264,0.000274717,0.050333206,0.000000000,0.000000000,0.050000000,-0.008040059,-0.000047165,0.000103986,0.008040869,2.819909282
50.156383101,HOLD,task_pose_stale,0.000030870,0,0.008029264,0.000274717,0.050333206,0.000000000,0.000000000,0.050000000,-0.008040059,-0.000047165,0.000103986,0.008040869,2.819909282
50.166496617,HOLD,task_pose_stale,0.002278450,0,0.008029264,0.000274717,0.050333206,0.000000000,0.000000000,0.050000000,-0.008040059,-0.000047165,0.000103986,0.008040869,2.819909282
50.176584013,HOLD,task_pose_stale,0.001834395,0,0.008029264,0.000274717,0.050333206,0.000000000,0.000000000,0.050000000,-0.008040059,-0.000047165,0.000103986,0.008040869,2.819909282
50.186671409,HOLD,task_pose_stale,0.001444958,0,0.008029264,0.000274717,0.050333206,0.000000000,0.000000000,0.050000000,-0.008040059,-0.000047165,0.000103986,0.008040869,2.819909282
50.196752868,HOLD,task_pose_stale,0.001009215,0,0.008029264,0.000274717,0.050333206,0.000000000,0.000000000,0.050000000,-0.008040059,-0.000047165,0.000103986,0.008040869,2.819909282
50.206846200,HOLD,task_pose_stale,0.000559223,0,0.008029264,0.000274717,0.050333206,0.000000000,0.000000000,0.050000000,-0.008040059,-0.000047165,0.000103986,0.008040869,2.819909282
50.216973965,HOLD,task_pose_stale,0.000150789,0,0.008029264,0.000274717,0.050333206,0.000000000,0.000000000,0.050000000,-0.008040059,-0.000047165,0.000103986,0.008040869,2.819909282
50.226961626,HOLD,task_pose_stale,0.002285574,0,0.008029264,0.000274717,0.050333206,0.000000000,0.000000000,0.050000000,-0.008040059,-0.000047165,0.000103986,0.008040869,2.819909282
50.237195061,HOLD,task_pose_stale,0.001761970,0,0.008029264,0.000274717,0.050333206,0.000000000,0.000000000,0.050000000,-0.008040059,-0.000047165,0.000103986,0.008040869,2.819909282
50.247193409,HOLD,task_pose_stale,0.000891671,0,0.008029264,0.000274717,0.050333206,0.000000000,0.000000000,0.050000000,-0.008040059,-0.000047165,0.000103986,0.008040869,2.819909282
50.257267744,HOLD,task_pose_stale,0.000033245,0,0.008029264,0.000274717,0.050333206,0.000000000,0.000000000,0.050000000,-0.008040059,-0.000047165,0.000103986,0.008040869,2.819909282
50.267350390,HOLD,task_pose_stale,0.001862891,0,0.008029264,0.000274717,0.050333206,0.000000000,0.000000000,0.050000000,-0.008040059,-0.000047165,0.000103986,0.008040869,2.819909282
50.277494777,HOLD,task_pose_stale,0.000958160,0,0.008029264,0.000274717,0.050333206,0.000000000,0.000000000,0.050000000,-0.008040059,-0.000047165,0.000103986,0.008040869,2.819909282
50.287604732,HOLD,task_pose_stale,0.000028496,0,0.008029264,0.000274717,0.050333206,0.000000000,0.000000000,0.050000000,-0.008040059,-0.000047165,0.000103986,0.008040869,2.819909282
50.297556774,HOLD,task_pose_stale,0.001989933,0,0.008029264,0.000274717,0.050333206,0.000000000,0.000000000,0.050000000,-0.008040059,-0.000047165,0.000103986,0.008040869,2.819909282
50.307601427,HOLD,task_pose_stale,0.001252613,0,0.008029264,0.000274717,0.050333206,0.000000000,0.000000000,0.050000000,-0.008040059,-0.000047165,0.000103986,0.008040869,2.819909282
50.317665076,HOLD,task_pose_stale,0.000352631,0,0.008029264,0.000274717,0.050333206,0.000000000,0.000000000,0.050000000,-0.008040059,-0.000047165,0.000103986,0.008040869,2.819909282
50.327729913,HOLD,task_pose_stale,0.002075420,0,0.008029264,0.000274717,0.050333206,0.000000000,0.000000000,0.050000000,-0.008040059,-0.000047165,0.000103986,0.008040869,2.819909282
50.337797124,HOLD,task_pose_stale,0.001174251,0,0.008029264,0.000274717,0.050333206,0.000000000,0.000000000,0.050000000,-0.008040059,-0.000047165,0.000103986,0.008040869,2.819909282
50.347869085,HOLD,task_pose_stale,0.000302764,0,0.008029264,0.000274717,0.050333206,0.000000000,0.000000000,0.050000000,-0.008040059,-0.000047165,0.000103986,0.008040869,2.819909282
50.357964792,HOLD,task_pose_stale,0.002141909,0,0.008029264,0.000274717,0.050333206,0.000000000,0.000000000,0.050000000,-0.008040059,-0.000047165,0.000103986,0.008040869,2.819909282
50.368024880,HOLD,task_pose_stale,0.001237178,0,0.008029264,0.000274717,0.050333206,0.000000000,0.000000000,0.050000000,-0.008040059,-0.000047165,0.000103986,0.008040869,2.819909282
50.378096840,HOLD,task_pose_stale,0.000307514,0,0.008029264,0.000274717,0.050333206,0.000000000,0.000000000,0.050000000,-0.008040059,-0.000047165,0.000103986,0.008040869,2.819909282
50.388154553,HOLD,task_pose_stale,0.002157345,0,0.008029264,0.000274717,0.050333206,0.000000000,0.000000000,0.050000000,-0.008040059,-0.000047165,0.000103986,0.008040869,2.819909282
50.398221765,HOLD,task_pose_stale,0.001266861,0,0.008029264,0.000274717,0.050333206,0.000000000,0.000000000,0.050000000,-0.008040059,-0.000047165,0.000103986,0.008040869,2.819909282
50.408288976,HOLD,task_pose_stale,0.000359755,0,0.008029264,0.000274717,0.050333206,0.000000000,0.000000000,0.050000000,-0.008040059,-0.000047165,0.000103986,0.008040869,2.819909282
50.418365686,HOLD,task_pose_stale,0.002133598,0,0.008029264,0.000274717,0.050333206,0.000000000,0.000000000,0.050000000,-0.008040059,-0.000047165,0.000103986,0.008040869,2.819909282
50.428441209,HOLD,task_pose_stale,0.001272797,0,0.008029264,0.000274717,0.050333206,0.000000000,0.000000000,0.050000000,-0.008040059,-0.000047165,0.000103986,0.008040869,2.819909282
50.438501296,HOLD,task_pose_stale,0.000350257,0,0.008029264,0.000274717,0.050333206,0.000000000,0.000000000,0.050000000,-0.008040059,-0.000047165,0.000103986,0.008040869,2.819909282
50.448579194,HOLD,task_pose_stale,0.002213148,0,0.008029264,0.000274717,0.050333206,0.000000000,0.000000000,0.050000000,-0.008040059,-0.000047165,0.000103986,0.008040869,2.819909282
50.458668964,HOLD,task_pose_stale,0.001309605,0,0.008029264,0.000274717,0.050333206,0.000000000,0.000000000,0.050000000,-0.008040059,-0.000047165,0.000103986,0.008040869,2.819909282
50.468711242,HOLD,task_pose_stale,0.000401311,0,0.008029264,0.000274717,0.050333206,0.000000000,0.000000000,0.050000000,-0.008040059,-0.000047165,0.000103986,0.008040869,2.819909282
50.478804574,HOLD,task_pose_stale,0.002246393,0,0.008029264,0.000274717,0.050333206,0.000000000,0.000000000,0.050000000,-0.008040059,-0.000047165,0.000103986,0.008040869,2.819909282
50.488952523,HOLD,task_pose_stale,0.001288233,0,0.008029264,0.000274717,0.050333206,0.000000000,0.000000000,0.050000000,-0.008040059,-0.000047165,0.000103986,0.008040869,2.819909282
50.499107595,HOLD,task_pose_stale,0.000369254,0,0.008029264,0.000274717,0.050333206,0.000000000,0.000000000,0.050000000,-0.008040059,-0.000047165,0.000103986,0.008040869,2.819909282
50.509104755,HOLD,task_pose_stale,0.002261828,0,0.008029264,0.000274717,0.050333206,0.000000000,0.000000000,0.050000000,-0.008040059,-0.000047165,0.000103986,0.008040869,2.819909282
50.519266952,HOLD,task_pose_stale,0.001244302,0,0.008029264,0.000274717,0.050333206,0.000000000,0.000000000,0.050000000,-0.008040059,-0.000047165,0.000103986,0.008040869,2.819909282
50.529337725,HOLD,task_pose_stale,0.000261209,0,0.008029264,0.000274717,0.050333206,0.000000000,0.000000000,0.050000000,-0.008040059,-0.000047165,0.000103986,0.008040869,2.819909282
50.539412060,HOLD,task_pose_stale,0.002056423,0,0.008029264,0.000274717,0.050333206,0.000000000,0.000000000,0.050000000,-0.008040059,-0.000047165,0.000103986,0.008040869,2.819909282
50.549470961,HOLD,task_pose_stale,0.000669643,0,0.008029264,0.000274717,0.050333206,0.000000000,0.000000000,0.050000000,-0.008040059,-0.000047165,0.000103986,0.008040869,2.819909282
50.559564293,HOLD,task_pose_stale,0.002536096,0,0.008029264,0.000274717,0.050333206,0.000000000,0.000000000,0.050000000,-0.008040059,-0.000047165,0.000103986,0.008040869,2.819909282
50.569642190,HOLD,task_pose_stale,0.001712103,0,0.008029264,0.000274717,0.050333206,0.000000000,0.000000000,0.050000000,-0.008040059,-0.000047165,0.000103986,0.008040869,2.819909282
50.579731961,HOLD,task_pose_stale,0.000755130,0,0.008029264,0.000274717,0.050333206,0.000000000,0.000000000,0.050000000,-0.008040059,-0.000047165,0.000103986,0.008040869,2.819909282
50.589742181,HOLD,task_pose_stale,0.000098546,0,0.008029264,0.000274717,0.050333206,0.000000000,0.000000000,0.050000000,-0.008040059,-0.000047165,0.000103986,0.008040869,2.819909282
50.599869945,HOLD,task_pose_stale,0.002128849,0,0.008029264,0.000274717,0.050333206,0.000000000,0.000000000,0.050000000,-0.008040059,-0.000047165,0.000103986,0.008040869,2.819909282
50.609892039,HOLD,task_pose_stale,0.001731100,0,0.008029264,0.000274717,0.050333206,0.000000000,0.000000000,0.050000000,-0.008040059,-0.000047165,0.000103986,0.008040869,2.819909282
50.619967562,HOLD,task_pose_stale,0.001239553,0,0.008029264,0.000274717,0.050333206,0.000000000,0.000000000,0.050000000,-0.008040059,-0.000047165,0.000103986,0.008040869,2.819909282
50.630056145,HOLD,task_pose_stale,0.000863175,0,0.008029264,0.000274717,0.050333206,0.000000000,0.000000000,0.050000000,-0.008040059,-0.000047165,0.000103986,0.008040869,2.819909282
50.640110296,HOLD,task_pose_stale,0.000476112,0,0.008029264,0.000274717,0.050333206,0.000000000,0.000000000,0.050000000,-0.008040059,-0.000047165,0.000103986,0.008040869,2.819909282
50.650173945,HOLD,task_pose_stale,0.002501664,0,0.008029264,0.000274717,0.050333206,0.000000000,0.000000000,0.050000000,-0.008040059,-0.000047165,0.000103986,0.008040869,2.819909282
50.660315957,HOLD,task_pose_stale,0.001588622,0,0.008029264,0.000274717,0.050333206,0.000000000,0.000000000,0.050000000,-0.008040059,-0.000047165,0.000103986,0.008040869,2.819909282
50.670397416,HOLD,task_pose_stale,0.000637586,0,0.008029264,0.000274717,0.050333206,0.000000000,0.000000000,0.050000000,-0.008040059,-0.000047165,0.000103986,0.008040869,2.819909282
50.680500247,HOLD,task_pose_stale,0.002487417,0,0.008029264,0.000274717,0.050333206,0.000000000,0.000000000,0.050000000,-0.008040059,-0.000047165,0.000103986,0.008040869,2.819909282
50.690563897,HOLD,task_pose_stale,0.001577937,0,0.008029264,0.000274717,0.050333206,0.000000000,0.000000000,0.050000000,-0.008040059,-0.000047165,0.000103986,0.008040869,2.819909282
50.700633483,HOLD,task_pose_stale,0.000732571,0,0.008029264,0.000274717,0.050333206,0.000000000,0.000000000,0.050000000,-0.008040059,-0.000047165,0.000103986,0.008040869,2.819909282
50.710699507,HOLD,task_pose_stale,0.002570528,0,0.008029264,0.000274717,0.050333206,0.000000000,0.000000000,0.050000000,-0.008040059,-0.000047165,0.000103986,0.008040869,2.819909282
50.720741785,HOLD,task_pose_stale,0.002071858,0,0.008029264,0.000274717,0.050333206,0.000000000,0.000000000,0.050000000,-0.008040059,-0.000047165,0.000103986,0.008040869,2.819909282
50.730793561,HOLD,task_pose_stale,0.001778592,0,0.008029264,0.000274717,0.050333206,0.000000000,0.000000000,0.050000000,-0.008040059,-0.000047165,0.000103986,0.008040869,2.819909282
50.740953383,HOLD,task_pose_stale,0.001303668,0,0.008029264,0.000274717,0.050333206,0.000000000,0.000000000,0.050000000,-0.008040059,-0.000047165,0.000103986,0.008040869,2.819909282
50.751047903,HOLD,task_pose_stale,0.000873861,0,0.008029264,0.000274717,0.050333206,0.000000000,0.000000000,0.050000000,-0.008040059,-0.000047165,0.000103986,0.008040869,2.819909282
50.761135298,HOLD,task_pose_stale,0.000529541,0,0.008029264,0.000274717,0.050333206,0.000000000,0.000000000,0.050000000,-0.008040059,-0.000047165,0.000103986,0.008040869,2.819909282
50.771222694,HOLD,task_pose_stale,0.000115170,0,0.008029264,0.000274717,0.050333206,0.000000000,0.000000000,0.050000000,-0.008040059,-0.000047165,0.000103986,0.008040869,2.819909282
50.781279220,HOLD,task_pose_stale,0.002320007,0,0.008029264,0.000274717,0.050333206,0.000000000,0.000000000,0.050000000,-0.008040059,-0.000047165,0.000103986,0.008040869,2.819909282
50.791361866,HOLD,task_pose_stale,0.001639677,0,0.008029264,0.000274717,0.050333206,0.000000000,0.000000000,0.050000000,-0.008040059,-0.000047165,0.000103986,0.008040869,2.819909282
50.801456386,HOLD,task_pose_stale,0.000781251,0,0.008029264,0.000274717,0.050333206,0.000000000,0.000000000,0.050000000,-0.008040059,-0.000047165,0.000103986,0.008040869,2.819909282
50.811554467,HOLD,task_pose_stale,0.002638206,0,0.008029264,0.000274717,0.050333206,0.000000000,0.000000000,0.050000000,-0.008040059,-0.000047165,0.000103986,0.008040869,2.819909282
50.821633552,HOLD,task_pose_stale,0.001747722,0,0.008029264,0.000274717,0.050333206,0.000000000,0.000000000,0.050000000,-0.008040059,-0.000047165,0.000103986,0.008040869,2.819909282
50.831723322,HOLD,task_pose_stale,0.000731383,0,0.008029264,0.000274717,0.050333206,0.000000000,0.000000000,0.050000000,-0.008040059,-0.000047165,0.000103986,0.008040869,2.819909282
50.841828528,HOLD,task_pose_stale,0.002632269,0,0.008029264,0.000274717,0.050333206,0.000000000,0.000000000,0.050000000,-0.008040059,-0.000047165,0.000103986,0.008040869,2.819909282
50.851898114,HOLD,task_pose_stale,0.001700230,0,0.008029264,0.000274717,0.050333206,0.000000000,0.000000000,0.050000000,-0.008040059,-0.000047165,0.000103986,0.008040869,2.819909282
50.862008068,HOLD,task_pose_stale,0.000736133,0,0.008029264,0.000274717,0.050333206,0.000000000,0.000000000,0.050000000,-0.008040059,-0.000047165,0.000103986,0.008040869,2.819909282
50.872104963,HOLD,task_pose_stale,0.002526598,0,0.008029264,0.000274717,0.050333206,0.000000000,0.000000000,0.050000000,-0.008040059,-0.000047165,0.000103986,0.008040869,2.819909282
50.882189984,HOLD,task_pose_stale,0.001435459,0,0.008029264,0.000274717,0.050333206,0.000000000,0.000000000,0.050000000,-0.008040059,-0.000047165,0.000103986,0.008040869,2.819909282
50.892247697,HOLD,task_pose_stale,0.000401311,0,0.008029264,0.000274717,0.050333206,0.000000000,0.000000000,0.050000000,-0.008040059,-0.000047165,0.000103986,0.008040869,2.819909282
50.902236546,HOLD,task_pose_stale,0.002334254,0,0.008029264,0.000274717,0.050333206,0.000000000,0.000000000,0.050000000,-0.008040059,-0.000047165,0.000103986,0.008040869,2.819909282
50.912269325,HOLD,task_pose_stale,0.002021991,0,0.008029264,0.000274717,0.050333206,0.000000000,0.000000000,0.050000000,-0.008040059,-0.000047165,0.000103986,0.008040869,2.819909282
50.922431521,HOLD,task_pose_stale,0.001175438,0,0.008029264,0.000274717,0.050333206,0.000000000,0.000000000,0.050000000,-0.008040059,-0.000047165,0.000103986,0.008040869,2.819909282
50.932518917,HOLD,task_pose_stale,0.000635212,0,0.008029264,0.000274717,0.050333206,0.000000000,0.000000000,0.050000000,-0.008040059,-0.000047165,0.000103986,0.008040869,2.819909282
50.942599189,HOLD,task_pose_stale,0.000047493,0,0.008029264,0.000274717,0.050333206,0.000000000,0.000000000,0.050000000,-0.008040059,-0.000047165,0.000103986,0.008040869,2.819909282
50.952680648,HOLD,task_pose_stale,0.002029114,0,0.008029264,0.000274717,0.050333206,0.000000000,0.000000000,0.050000000,-0.008040059,-0.000047165,0.000103986,0.008040869,2.819909282
50.962775168,HOLD,task_pose_stale,0.001496012,0,0.008029264,0.000274717,0.050333206,0.000000000,0.000000000,0.050000000,-0.008040059,-0.000047165,0.000103986,0.008040869,2.819909282
50.972862563,HOLD,task_pose_stale,0.000990218,0,0.008029264,0.000274717,0.050333206,0.000000000,0.000000000,0.050000000,-0.008040059,-0.000047165,0.000103986,0.008040869,2.819909282
50.982976080,HOLD,task_pose_stale,0.000503420,0,0.008029264,0.000274717,0.050333206,0.000000000,0.000000000,0.050000000,-0.008040059,-0.000047165,0.000103986,0.008040869,2.819909282
50.993059914,HOLD,task_pose_stale,0.002479105,0,0.008029264,0.000274717,0.050333206,0.000000000,0.000000000,0.050000000,-0.008040059,-0.000047165,0.000103986,0.008040869,2.819909282
51.003140186,HOLD,task_pose_stale,0.001957876,0,0.008029264,0.000274717,0.050333206,0.000000000,0.000000000,0.050000000,-0.008040059,-0.000047165,0.000103986,0.008040869,2.819909282
51.013233518,HOLD,task_pose_stale,0.001405776,0,0.008029264,0.000274717,0.050333206,0.000000000,0.000000000,0.050000000,-0.008040059,-0.000047165,0.000103986,0.008040869,2.819909282
51.023309041,HOLD,task_pose_stale,0.000789562,0,0.008029264,0.000274717,0.050333206,0.000000000,0.000000000,0.050000000,-0.008040059,-0.000047165,0.000103986,0.008040869,2.819909282
51.033409497,HOLD,task_pose_stale,0.000233900,0,0.008029264,0.000274717,0.050333206,0.000000000,0.000000000,0.050000000,-0.008040059,-0.000047165,0.000103986,0.008040869,2.819909282
51.043479083,HOLD,task_pose_stale,0.002403118,0,0.008029264,0.000274717,0.050333206,0.000000000,0.000000000,0.050000000,-0.008040059,-0.000047165,0.000103986,0.008040869,2.819909282
51.053565291,HOLD,task_pose_stale,0.001950752,0,0.008029264,0.000274717,0.050333206,0.000000000,0.000000000,0.050000000,-0.008040059,-0.000047165,0.000103986,0.008040869,2.819909282
51.063657436,HOLD,task_pose_stale,0.001467517,0,0.008029264,0.000274717,0.050333206,0.000000000,0.000000000,0.050000000,-0.008040059,-0.000047165,0.000103986,0.008040869,2.819909282
51.073744832,HOLD,task_pose_stale,0.000937976,0,0.008029264,0.000274717,0.050333206,0.000000000,0.000000000,0.050000000,-0.008040059,-0.000047165,0.000103986,0.008040869,2.819909282
51.083933149,HOLD,task_pose_stale,0.000037993,0,0.008029264,0.000274717,0.050333206,0.000000000,0.000000000,0.050000000,-0.008040059,-0.000047165,0.000103986,0.008040869,2.819909282
51.094056164,HOLD,task_pose_stale,0.001773843,0,0.008029264,0.000274717,0.050333206,0.000000000,0.000000000,0.050000000,-0.008040059,-0.000047165,0.000103986,0.008040869,2.819909282
51.104083007,HOLD,task_pose_stale,0.000853677,0,0.008029264,0.000274717,0.050333206,0.000000000,0.000000000,0.050000000,-0.008040059,-0.000047165,0.000103986,0.008040869,2.819909282
51.114188213,HOLD,task_pose_stale,0.000026121,0,0.008029264,0.000274717,0.050333206,0.000000000,0.000000000,0.050000000,-0.008040059,-0.000047165,0.000103986,0.008040869,2.819909282
51.124952376,HOLD,task_pose_stale,0.002813928,0,0.008029264,0.000274717,0.050333206,0.000000000,0.000000000,0.050000000,-0.008040059,-0.000047165,0.000103986,0.008040869,2.819909282
51.134918666,HOLD,task_pose_stale,0.001751284,0,0.008029264,0.000274717,0.050333206,0.000000000,0.000000000,0.050000000,-0.008040059,-0.000047165,0.000103986,0.008040869,2.819909282
51.144958569,HOLD,task_pose_stale,0.001175438,0,0.008029264,0.000274717,0.050333206,0.000000000,0.000000000,0.050000000,-0.008040059,-0.000047165,0.000103986,0.008040869,2.819909282
51.155026968,HOLD,task_pose_stale,0.000634024,0,0.008029264,0.000274717,0.050333206,0.000000000,0.000000000,0.050000000,-0.008040059,-0.000047165,0.000103986,0.008040869,2.819909282
51.165123862,HOLD,task_pose_stale,0.002580027,0,0.008029264,0.000274717,0.050333206,0.000000000,0.000000000,0.050000000,-0.008040059,-0.000047165,0.000103986,0.008040869,2.819909282
51.175181575,HOLD,task_pose_stale,0.001655112,0,0.008029264,0.000274717,0.050333206,0.000000000,0.000000000,0.050000000,-0.008040059,-0.000047165,0.000103986,0.008040869,2.819909282
51.185236913,HOLD,task_pose_stale,0.000715949,0,0.008029264,0.000274717,0.050333206,0.000000000,0.000000000,0.050000000,-0.008040059,-0.000047165,0.000103986,0.008040869,2.819909282
51.195391986,HOLD,task_pose_stale,0.002583590,0,0.008029264,0.000274717,0.050333206,0.000000000,0.000000000,0.050000000,-0.008040059,-0.000047165,0.000103986,0.008040869,2.819909282
51.205472258,HOLD,task_pose_stale,0.001681232,0,0.008029264,0.000274717,0.050333206,0.000000000,0.000000000,0.050000000,-0.008040059,-0.000047165,0.000103986,0.008040869,2.819909282
51.215554904,HOLD,task_pose_stale,0.000686266,0,0.008029264,0.000274717,0.050333206,0.000000000,0.000000000,0.050000000,-0.008040059,-0.000047165,0.000103986,0.008040869,2.819909282
51.225677919,HOLD,task_pose_stale,0.002568154,0,0.008029264,0.000274717,0.050333206,0.000000000,0.000000000,0.050000000,-0.008040059,-0.000047165,0.000103986,0.008040869,2.819909282
51.235735632,HOLD,task_pose_stale,0.001672921,0,0.008029264,0.000274717,0.050333206,0.000000000,0.000000000,0.050000000,-0.008040059,-0.000047165,0.000103986,0.008040869,2.819909282
51.245831339,HOLD,task_pose_stale,0.000706450,0,0.008029264,0.000274717,0.050333206,0.000000000,0.000000000,0.050000000,-0.008040059,-0.000047165,0.000103986,0.008040869,2.819909282
51.255960291,HOLD,task_pose_stale,0.002532535,0,0.008029264,0.000274717,0.050333206,0.000000000,0.000000000,0.050000000,-0.008040059,-0.000047165,0.000103986,0.008040869,2.819909282
51.266018004,HOLD,task_pose_stale,0.001580311,0,0.008029264,0.000274717,0.050333206,0.000000000,0.000000000,0.050000000,-0.008040059,-0.000047165,0.000103986,0.008040869,2.819909282
51.276080466,HOLD,task_pose_stale,0.000615028,0,0.008029264,0.000274717,0.050333206,0.000000000,0.000000000,0.050000000,-0.008040059,-0.000047165,0.000103986,0.008040869,2.819909282
51.286224852,HOLD,task_pose_stale,0.002539659,0,0.008029264,0.000274717,0.050333206,0.000000000,0.000000000,0.050000000,-0.008040059,-0.000047165,0.000103986,0.008040869,2.819909282
51.296201828,HOLD,task_pose_stale,0.001538755,0,0.008029264,0.000274717,0.050333206,0.000000000,0.000000000,0.050000000,-0.008040059,-0.000047165,0.000103986,0.008040869,2.819909282
51.306174055,HOLD,task_pose_stale,0.000610277,0,0.008029264,0.000274717,0.050333206,0.000000000,0.000000000,0.050000000,-0.008040059,-0.000047165,0.000103986,0.008040869,2.819909282
51.316414614,HOLD,task_pose_stale,0.002407867,0,0.008029264,0.000274717,0.050333206,0.000000000,0.000000000,0.050000000,-0.008040059,-0.000047165,0.000103986,0.008040869,2.819909282
51.328234296,HOLD,task_pose_stale,0.003451514,0,0.008029264,0.000274717,0.050333206,0.000000000,0.000000000,0.050000000,-0.008040059,-0.000047165,0.000103986,0.008040869,2.819909282
51.338151907,HOLD,task_pose_stale,0.001285858,0,0.008029264,0.000274717,0.050333206,0.000000000,0.000000000,0.050000000,-0.008040059,-0.000047165,0.000103986,0.008040869,2.819909282
51.348266611,HOLD,task_pose_stale,0.000800248,0,0.008029264,0.000274717,0.050333206,0.000000000,0.000000000,0.050000000,-0.008040059,-0.000047165,0.000103986,0.008040869,2.819909282
51.358352819,HOLD,task_pose_stale,0.000439305,0,0.008029264,0.000274717,0.050333206,0.000000000,0.000000000,0.050000000,-0.008040059,-0.000047165,0.000103986,0.008040869,2.819909282
51.368472272,HOLD,task_pose_stale,0.002544408,0,0.008029264,0.000274717,0.050333206,0.000000000,0.000000000,0.050000000,-0.008040059,-0.000047165,0.000103986,0.008040869,2.819909282
51.378534734,HOLD,task_pose_stale,0.001624242,0,0.008029264,0.000274717,0.050333206,0.000000000,0.000000000,0.050000000,-0.008040059,-0.000047165,0.000103986,0.008040869,2.819909282
51.388572263,HOLD,task_pose_stale,0.000666082,0,0.008029264,0.000274717,0.050333206,0.000000000,0.000000000,0.050000000,-0.008040059,-0.000047165,0.000103986,0.008040869,2.819909282
51.398692903,HOLD,task_pose_stale,0.002424489,0,0.008029264,0.000274717,0.050333206,0.000000000,0.000000000,0.050000000,-0.008040059,-0.000047165,0.000103986,0.008040869,2.819909282
51.408679378,HOLD,task_pose_stale,0.001601682,0,0.008029264,0.000274717,0.050333206,0.000000000,0.000000000,0.050000000,-0.008040059,-0.000047165,0.000103986,0.008040869,2.819909282
51.418776272,HOLD,task_pose_stale,0.000681517,0,0.008029264,0.000274717,0.050333206,0.000000000,0.000000000,0.050000000,-0.008040059,-0.000047165,0.000103986,0.008040869,2.819909282
51.428942030,HOLD,task_pose_stale,0.002521849,0,0.008029264,0.000274717,0.050333206,0.000000000,0.000000000,0.050000000,-0.008040059,-0.000047165,0.000103986,0.008040869,2.819909282
51.439027051,HOLD,task_pose_stale,0.001611181,0,0.008029264,0.000274717,0.050333206,0.000000000,0.000000000,0.050000000,-0.008040059,-0.000047165,0.000103986,0.008040869,2.819909282
51.449108510,HOLD,task_pose_stale,0.000712387,0,0.008029264,0.000274717,0.050333206,0.000000000,0.000000000,0.050000000,-0.008040059,-0.000047165,0.000103986,0.008040869,2.819909282
51.459232713,HOLD,task_pose_stale,0.002550344,0,0.008029264,0.000274717,0.050333206,0.000000000,0.000000000,0.050000000,-0.008040059,-0.000047165,0.000103986,0.008040869,2.819909282
51.469270241,HOLD,task_pose_stale,0.001663423,0,0.008029264,0.000274717,0.050333206,0.000000000,0.000000000,0.050000000,-0.008040059,-0.000047165,0.000103986,0.008040869,2.819909282
51.479377821,HOLD,task_pose_stale,0.000746819,0,0.008029264,0.000274717,0.050333206,0.000000000,0.000000000,0.050000000,-0.008040059,-0.000047165,0.000103986,0.008040869,2.819909282
51.489452157,HOLD,task_pose_stale,0.002547970,0,0.008029264,0.000274717,0.050333206,0.000000000,0.000000000,0.050000000,-0.008040059,-0.000047165,0.000103986,0.008040869,2.819909282
51.499581108,HOLD,task_pose_stale,0.000070051,0,0.008029264,0.000274717,0.050333206,0.000000000,0.000000000,0.050000000,-0.008040059,-0.000047165,0.000103986,0.008040869,2.819909282
51.509636447,HOLD,task_pose_stale,0.002017242,0,0.008029264,0.000274717,0.050333206,0.000000000,0.000000000,0.050000000,-0.008040059,-0.000047165,0.000103986,0.008040869,2.819909282
51.519742839,HOLD,task_pose_stale,0.001594559,0,0.008029264,0.000274717,0.050333206,0.000000000,0.000000000,0.050000000,-0.008040059,-0.000047165,0.000103986,0.008040869,2.819909282
51.529794616,HOLD,task_pose_stale,0.000561598,0,0.008029264,0.000274717,0.050333206,0.000000000,0.000000000,0.050000000,-0.008040059,-0.000047165,0.000103986,0.008040869,2.819909282
51.539832144,HOLD,task_pose_stale,0.000232713,0,0.008029264,0.000274717,0.050333206,0.000000000,0.000000000,0.050000000,-0.008040059,-0.000047165,0.000103986,0.008040869,2.819909282
51.549981280,HOLD,task_pose_stale,0.002526598,0,0.008029264,0.000274717,0.050333206,0.000000000,0.000000000,0.050000000,-0.008040059,-0.000047165,0.000103986,0.008040869,2.819909282
51.560094797,HOLD,task_pose_stale,0.002223834,0,0.008029264,0.000274717,0.050333206,0.000000000,0.000000000,0.050000000,-0.008040059,-0.000047165,0.000103986,0.008040869,2.819909282
51.570181005,HOLD,task_pose_stale,0.001880701,0,0.008029264,0.000274717,0.050333206,0.000000000,0.000000000,0.050000000,-0.008040059,-0.000047165,0.000103986,0.008040869,2.819909282
51.580241093,HOLD,task_pose_stale,0.001170688,0,0.008029264,0.000274717,0.050333206,0.000000000,0.000000000,0.050000000,-0.008040059,-0.000047165,0.000103986,0.008040869,2.819909282
51.590315428,HOLD,task_pose_stale,0.000213716,0,0.008029264,0.000274717,0.050333206,0.000000000,0.000000000,0.050000000,-0.008040059,-0.000047165,0.000103986,0.008040869,2.819909282
51.600398074,HOLD,task_pose_stale,0.002011305,0,0.008029264,0.000274717,0.050333206,0.000000000,0.000000000,0.050000000,-0.008040059,-0.000047165,0.000103986,0.008040869,2.819909282
51.610481908,HOLD,task_pose_stale,0.001104200,0,0.008029264,0.000274717,0.050333206,0.000000000,0.000000000,0.050000000,-0.008040059,-0.000047165,0.000103986,0.008040869,2.819909282
51.620571679,HOLD,task_pose_stale,0.000148414,0,0.008029264,0.000274717,0.050333206,0.000000000,0.000000000,0.050000000,-0.008040059,-0.000047165,0.000103986,0.008040869,2.819909282
51.630667385,HOLD,task_pose_stale,0.002050486,0,0.008029264,0.000274717,0.050333206,0.000000000,0.000000000,0.050000000,-0.008040059,-0.000047165,0.000103986,0.008040869,2.819909282
51.640748845,HOLD,task_pose_stale,0.001145755,0,0.008029264,0.000274717,0.050333206,0.000000000,0.000000000,0.050000000,-0.008040059,-0.000047165,0.000103986,0.008040869,2.819909282
51.650838615,HOLD,task_pose_stale,0.000254085,0,0.008029264,0.000274717,0.050333206,0.000000000,0.000000000,0.050000000,-0.008040059,-0.000047165,0.000103986,0.008040869,2.819909282
51.660943820,HOLD,task_pose_stale,0.002122912,0,0.008029264,0.000274717,0.050333206,0.000000000,0.000000000,0.050000000,-0.008040059,-0.000047165,0.000103986,0.008040869,2.819909282
51.671041902,HOLD,task_pose_stale,0.001220556,0,0.008029264,0.000274717,0.050333206,0.000000000,0.000000000,0.050000000,-0.008040059,-0.000047165,0.000103986,0.008040869,2.819909282
51.681126923,HOLD,task_pose_stale,0.000339571,0,0.008029264,0.000274717,0.050333206,0.000000000,0.000000000,0.050000000,-0.008040059,-0.000047165,0.000103986,0.008040869,2.819909282
51.691247563,HOLD,task_pose_stale,0.002189401,0,0.008029264,0.000274717,0.050333206,0.000000000,0.000000000,0.050000000,-0.008040059,-0.000047165,0.000103986,0.008040869,2.819909282
51.701281530,HOLD,task_pose_stale,0.001276359,0,0.008029264,0.000274717,0.050333206,0.000000000,0.000000000,0.050000000,-0.008040059,-0.000047165,0.000103986,0.008040869,2.819909282
51.711360615,HOLD,task_pose_stale,0.000359755,0,0.008029264,0.000274717,0.050333206,0.000000000,0.000000000,0.050000000,-0.008040059,-0.000047165,0.000103986,0.008040869,2.819909282
51.721414766,HOLD,task_pose_stale,0.002260640,0,0.008029264,0.000274717,0.050333206,0.000000000,0.000000000,0.050000000,-0.008040059,-0.000047165,0.000103986,0.008040869,2.819909282
51.731523533,HOLD,task_pose_stale,0.000032058,0,0.008029264,0.000274717,0.050333206,0.000000000,0.000000000,0.050000000,-0.008040059,-0.000047165,0.000103986,0.008040869,2.819909282
51.741652485,HOLD,task_pose_stale,0.002284387,0,0.008029264,0.000274717,0.050333206,0.000000000,0.000000000,0.050000000,-0.008040059,-0.000047165,0.000103986,0.008040869,2.819909282
51.751737506,HOLD,task_pose_stale,0.000918979,0,0.008029264,0.000274717,0.050333206,0.000000000,0.000000000,0.050000000,-0.008040059,-0.000047165,0.000103986,0.008040869,2.819909282
51.761775034,HOLD,task_pose_stale,0.000023746,0,0.008029264,0.000274717,0.050333206,0.000000000,0.000000000,0.050000000,-0.008040059,-0.000047165,0.000103986,0.008040869,2.819909282
51.771905173,HOLD,task_pose_stale,0.001868828,0,0.008029264,0.000274717,0.050333206,0.000000000,0.000000000,0.050000000,-0.008040059,-0.000047165,0.000103986,0.008040869,2.819909282
51.782010379,HOLD,task_pose_stale,0.000962909,0,0.008029264,0.000274717,0.050333206,0.000000000,0.000000000,0.050000000,-0.008040059,-0.000047165,0.000103986,0.008040869,2.819909282
51.792060968,HOLD,task_pose_stale,0.000037994,0,0.008029264,0.000274717,0.050333206,0.000000000,0.000000000,0.050000000,-0.008040059,-0.000047165,0.000103986,0.008040869,2.819909282
51.802210104,HOLD,task_pose_stale,0.001871202,0,0.008029264,0.000274717,0.050333206,0.000000000,0.000000000,0.050000000,-0.008040059,-0.000047165,0.000103986,0.008040869,2.819909282
51.812252381,HOLD,task_pose_stale,0.000980719,0,0.008029264,0.000274717,0.050333206,0.000000000,0.000000000,0.050000000,-0.008040059,-0.000047165,0.000103986,0.008040869,2.819909282
51.822283973,HOLD,task_pose_stale,0.000030870,0,0.008029264,0.000274717,0.050333206,0.000000000,0.000000000,0.050000000,-0.008040059,-0.000047165,0.000103986,0.008040869,2.819909282
51.832399865,HOLD,task_pose_stale,0.001886637,0,0.008029264,0.000274717,0.050333206,0.000000000,0.000000000,0.050000000,-0.008040059,-0.000047165,0.000103986,0.008040869,2.819909282
51.842492010,HOLD,task_pose_stale,0.000984281,0,0.008029264,0.000274717,0.050333206,0.000000000,0.000000000,0.050000000,-0.008040059,-0.000047165,0.000103986,0.008040869,2.819909282
51.852528351,HOLD,task_pose_stale,0.000051054,0,0.008029264,0.000274717,0.050333206,0.000000000,0.000000000,0.050000000,-0.008040059,-0.000047165,0.000103986,0.008040869,2.819909282
51.862650179,HOLD,task_pose_stale,0.001902073,0,0.008029264,0.000274717,0.050333206,0.000000000,0.000000000,0.050000000,-0.008040059,-0.000047165,0.000103986,0.008040869,2.819909282
51.872739949,HOLD,task_pose_stale,0.001003278,0,0.008029264,0.000274717,0.050333206,0.000000000,0.000000000,0.050000000,-0.008040059,-0.000047165,0.000103986,0.008040869,2.819909282
51.882776290,HOLD,task_pose_stale,0.000087861,0,0.008029264,0.000274717,0.050333206,0.000000000,0.000000000,0.050000000,-0.008040059,-0.000047165,0.000103986,0.008040869,2.819909282
51.892905242,HOLD,task_pose_stale,0.001994683,0,0.008029264,0.000274717,0.050333206,0.000000000,0.000000000,0.050000000,-0.008040059,-0.000047165,0.000103986,0.008040869,2.819909282
51.903015197,HOLD,task_pose_stale,0.001098263,0,0.008029264,0.000274717,0.050333206,0.000000000,0.000000000,0.050000000,-0.008040059,-0.000047165,0.000103986,0.008040869,2.819909282
51.913100218,HOLD,task_pose_stale,0.000205404,0,0.008029264,0.000274717,0.050333206,0.000000000,0.000000000,0.050000000,-0.008040059,-0.000047165,0.000103986,0.008040869,2.819909282
51.923174553,HOLD,task_pose_stale,0.002050487,0,0.008029264,0.000274717,0.050333206,0.000000000,0.000000000,0.050000000,-0.008040059,-0.000047165,0.000103986,0.008040869,2.819909282
51.933315378,HOLD,task_pose_stale,0.001162378,0,0.008029264,0.000274717,0.050333206,0.000000000,0.000000000,0.050000000,-0.008040059,-0.000047165,0.000103986,0.008040869,2.819909282
51.943304227,HOLD,task_pose_stale,0.000376378,0,0.008029264,0.000274717,0.050333206,0.000000000,0.000000000,0.050000000,-0.008040059,-0.000047165,0.000103986,0.008040869,2.819909282
51.953436740,HOLD,task_pose_stale,0.002302196,0,0.008029264,0.000274717,0.050333206,0.000000000,0.000000000,0.050000000,-0.008040059,-0.000047165,0.000103986,0.008040869,2.819909282
51.963530072,HOLD,task_pose_stale,0.001336913,0,0.008029264,0.000274717,0.050333206,0.000000000,0.000000000,0.050000000,-0.008040059,-0.000047165,0.000103986,0.008040869,2.819909282
51.973616281,HOLD,task_pose_stale,0.000502233,0,0.008029264,0.000274717,0.050333206,0.000000000,0.000000000,0.050000000,-0.008040059,-0.000047165,0.000103986,0.008040869,2.819909282
51.983827157,HOLD,task_pose_stale,0.002312882,0,0.008029264,0.000274717,0.050333206,0.000000000,0.000000000,0.050000000,-0.008040059,-0.000047165,0.000103986,0.008040869,2.819909282
51.993782761,HOLD,task_pose_stale,0.001276359,0,0.008029264,0.000274717,0.050333206,0.000000000,0.000000000,0.050000000,-0.008040059,-0.000047165,0.000103986,0.008040869,2.819909282
52.003874906,HOLD,task_pose_stale,0.000409622,0,0.008029264,0.000274717,0.050333206,0.000000000,0.000000000,0.050000000,-0.008040059,-0.000047165,0.000103986,0.008040869,2.819909282
52.014177205,HOLD,task_pose_stale,0.002156157,0,0.008029264,0.000274717,0.050333206,0.000000000,0.000000000,0.050000000,-0.008040059,-0.000047165,0.000103986,0.008040869,2.819909282
52.024066320,HOLD,task_pose_stale,0.001072142,0,0.008029264,0.000274717,0.050333206,0.000000000,0.000000000,0.050000000,-0.008040059,-0.000047165,0.000103986,0.008040869,2.819909282
52.034152528,HOLD,task_pose_stale,0.000113982,0,0.008029264,0.000274717,0.050333206,0.000000000,0.000000000,0.050000000,-0.008040059,-0.000047165,0.000103986,0.008040869,2.819909282
52.044315912,HOLD,task_pose_stale,0.002023178,0,0.008029264,0.000274717,0.050333206,0.000000000,0.000000000,0.050000000,-0.008040059,-0.000047165,0.000103986,0.008040869,2.819909282
52.054308323,HOLD,task_pose_stale,0.001107761,0,0.008029264,0.000274717,0.050333206,0.000000000,0.000000000,0.050000000,-0.008040059,-0.000047165,0.000103986,0.008040869,2.819909282
52.064399280,HOLD,task_pose_stale,0.000213716,0,0.008029264,0.000274717,0.050333206,0.000000000,0.000000000,0.050000000,-0.008040059,-0.000047165,0.000103986,0.008040869,2.819909282
52.074481927,HOLD,task_pose_stale,0.002058797,0,0.008029264,0.000274717,0.050333206,0.000000000,0.000000000,0.050000000,-0.008040059,-0.000047165,0.000103986,0.008040869,2.819909282
52.084670244,HOLD,task_pose_stale,0.000696952,0,0.008029264,0.000274717,0.050333206,0.000000000,0.000000000,0.050000000,-0.008040059,-0.000047165,0.000103986,0.008040869,2.819909282
52.094710147,HOLD,task_pose_stale,0.002397181,0,0.008029264,0.000274717,0.050333206,0.000000000,0.000000000,0.050000000,-0.008040059,-0.000047165,0.000103986,0.008040869,2.819909282
52.104700183,HOLD,task_pose_stale,0.001731100,0,0.008029264,0.000274717,0.050333206,0.000000000,0.000000000,0.050000000,-0.008040059,-0.000047165,0.000103986,0.008040869,2.819909282
52.114817262,HOLD,task_pose_stale,0.001127945,0,0.008029264,0.000274717,0.050333206,0.000000000,0.000000000,0.050000000,-0.008040059,-0.000047165,0.000103986,0.008040869,2.819909282
52.124922467,HOLD,task_pose_stale,0.000585344,0,0.008029264,0.000274717,0.050333206,0.000000000,0.000000000,0.050000000,-0.008040059,-0.000047165,0.000103986,0.008040869,2.819909282
52.134996803,HOLD,task_pose_stale,0.000104484,0,0.008029264,0.000274717,0.050333206,0.000000000,0.000000000,0.050000000,-0.008040059,-0.000047165,0.000103986,0.008040869,2.819909282
52.145087760,HOLD,task_pose_stale,0.001846269,0,0.008029264,0.000274717,0.050333206,0.000000000,0.000000000,0.050000000,-0.008040059,-0.000047165,0.000103986,0.008040869,2.819909282
52.155192966,HOLD,task_pose_stale,0.000325323,0,0.008029264,0.000274717,0.050333206,0.000000000,0.000000000,0.050000000,-0.008040059,-0.000047165,0.000103986,0.008040869,2.819909282
52.165296984,HOLD,task_pose_stale,0.002298634,0,0.008029264,0.000274717,0.050333206,0.000000000,0.000000000,0.050000000,-0.008040059,-0.000047165,0.000103986,0.008040869,2.819909282
52.175296518,HOLD,task_pose_stale,0.001816586,0,0.008029264,0.000274717,0.050333206,0.000000000,0.000000000,0.050000000,-0.008040059,-0.000047165,0.000103986,0.008040869,2.819909282
52.185393413,HOLD,task_pose_stale,0.001252614,0,0.008029264,0.000274717,0.050333206,0.000000000,0.000000000,0.050000000,-0.008040059,-0.000047165,0.000103986,0.008040869,2.819909282
52.195479621,HOLD,task_pose_stale,0.000861988,0,0.008029264,0.000274717,0.050333206,0.000000000,0.000000000,0.050000000,-0.008040059,-0.000047165,0.000103986,0.008040869,2.819909282
52.205571766,HOLD,task_pose_stale,0.000015435,0,0.008029264,0.000274717,0.050333206,0.000000000,0.000000000,0.050000000,-0.008040059,-0.000047165,0.000103986,0.008040869,2.819909282
52.215647289,HOLD,task_pose_stale,0.002016054,0,0.008029264,0.000274717,0.050333206,0.000000000,0.000000000,0.050000000,-0.008040059,-0.000047165,0.000103986,0.008040869,2.819909282
52.225742995,HOLD,task_pose_stale,0.001448519,0,0.008029264,0.000274717,0.050333206,0.000000000,0.000000000,0.050000000,-0.008040059,-0.000047165,0.000103986,0.008040869,2.819909282
52.235825642,HOLD,task_pose_stale,0.000490360,0,0.008029264,0.000274717,0.050333206,0.000000000,0.000000000,0.050000000,-0.008040059,-0.000047165,0.000103986,0.008040869,2.819909282
52.245954593,HOLD,task_pose_stale,0.002405492,0,0.008029264,0.000274717,0.050333206,0.000000000,0.000000000,0.050000000,-0.008040059,-0.000047165,0.000103986,0.008040869,2.819909282
52.256019430,HOLD,task_pose_stale,0.001598121,0,0.008029264,0.000274717,0.050333206,0.000000000,0.000000000,0.050000000,-0.008040059,-0.000047165,0.000103986,0.008040869,2.819909282
52.266116324,HOLD,task_pose_stale,0.000643523,0,0.008029264,0.000274717,0.050333206,0.000000000,0.000000000,0.050000000,-0.008040059,-0.000047165,0.000103986,0.008040869,2.819909282
52.276198971,HOLD,task_pose_stale,0.002451797,0,0.008029264,0.000274717,0.050333206,0.000000000,0.000000000,0.050000000,-0.008040059,-0.000047165,0.000103986,0.008040869,2.819909282
52.286270932,HOLD,task_pose_stale,0.001579124,0,0.008029264,0.000274717,0.050333206,0.000000000,0.000000000,0.050000000,-0.008040059,-0.000047165,0.000103986,0.008040869,2.819909282
52.296357140,HOLD,task_pose_stale,0.000727822,0,0.008029264,0.000274717,0.050333206,0.000000000,0.000000000,0.050000000,-0.008040059,-0.000047165,0.000103986,0.008040869,2.819909282
52.306443348,HOLD,task_pose_stale,0.002572904,0,0.008029264,0.000274717,0.050333206,0.000000000,0.000000000,0.050000000,-0.008040059,-0.000047165,0.000103986,0.008040869,2.819909282
52.316544992,HOLD,task_pose_stale,0.001693106,0,0.008029264,0.000274717,0.050333206,0.000000000,0.000000000,0.050000000,-0.008040059,-0.000047165,0.000103986,0.008040869,2.819909282
52.326612203,HOLD,task_pose_stale,0.000767003,0,0.008029264,0.000274717,0.050333206,0.000000000,0.000000000,0.050000000,-0.008040059,-0.000047165,0.000103986,0.008040869,2.819909282
52.336693662,HOLD,task_pose_stale,0.002527785,0,0.008029264,0.000274717,0.050333206,0.000000000,0.000000000,0.050000000,-0.008040059,-0.000047165,0.000103986,0.008040869,2.819909282
52.346754937,HOLD,task_pose_stale,0.001370157,0,0.008029264,0.000274717,0.050333206,0.000000000,0.000000000,0.050000000,-0.008040059,-0.000047165,0.000103986,0.008040869,2.819909282
52.356811463,HOLD,task_pose_stale,0.001050771,0,0.008029264,0.000274717,0.050333206,0.000000000,0.000000000,0.050000000,-0.008040059,-0.000047165,0.000103986,0.008040869,2.819909282
52.366884611,HOLD,task_pose_stale,0.000548538,0,0.008029264,0.000274717,0.050333206,0.000000000,0.000000000,0.050000000,-0.008040059,-0.000047165,0.000103986,0.008040869,2.819909282
52.377034934,HOLD,task_pose_stale,0.002485042,0,0.008029264,0.000274717,0.050333206,0.000000000,0.000000000,0.050000000,-0.008040059,-0.000047165,0.000103986,0.008040869,2.819909282
52.387115206,HOLD,task_pose_stale,0.002259453,0,0.008029264,0.000274717,0.050333206,0.000000000,0.000000000,0.050000000,-0.008040059,-0.000047165,0.000103986,0.008040869,2.819909282
52.397204976,HOLD,task_pose_stale,0.001320290,0,0.008029264,0.000274717,0.050333206,0.000000000,0.000000000,0.050000000,-0.008040059,-0.000047165,0.000103986,0.008040869,2.819909282
52.407275750,HOLD,task_pose_stale,0.000256459,0,0.008029264,0.000274717,0.050333206,0.000000000,0.000000000,0.050000000,-0.008040059,-0.000047165,0.000103986,0.008040869,2.819909282
52.417481876,HOLD,task_pose_stale,0.002160907,0,0.008029264,0.000274717,0.050333206,0.000000000,0.000000000,0.050000000,-0.008040059,-0.000047165,0.000103986,0.008040869,2.819909282
52.427395925,HOLD,task_pose_stale,0.001466329,0,0.008029264,0.000274717,0.050333206,0.000000000,0.000000000,0.050000000,-0.008040059,-0.000047165,0.000103986,0.008040869,2.819909282
52.437536749,HOLD,task_pose_stale,0.001060269,0,0.008029264,0.000274717,0.050333206,0.000000000,0.000000000,0.050000000,-0.008040059,-0.000047165,0.000103986,0.008040869,2.819909282
52.447539846,HOLD,task_pose_stale,0.000615027,0,0.008029264,0.000274717,0.050333206,0.000000000,0.000000000,0.050000000,-0.008040059,-0.000047165,0.000103986,0.008040869,2.819909282
52.457735287,HOLD,task_pose_stale,0.002528972,0,0.008029264,0.000274717,0.050333206,0.000000000,0.000000000,0.050000000,-0.008040059,-0.000047165,0.000103986,0.008040869,2.819909282
52.468273861,HOLD,task_pose_stale,0.000444054,0,0.008029264,0.000274717,0.050333206,0.000000000,0.000000000,0.050000000,-0.008040059,-0.000047165,0.000103986,0.008040869,2.819909282
52.478371942,HOLD,task_pose_stale,0.002254704,0,0.008029264,0.000274717,0.050333206,0.000000000,0.000000000,0.050000000,-0.008040059,-0.000047165,0.000103986,0.008040869,2.819909282
52.488420157,HOLD,task_pose_stale,0.001336912,0,0.008029264,0.000274717,0.050333206,0.000000000,0.000000000,0.050000000,-0.008040059,-0.000047165,0.000103986,0.008040869,2.819909282
52.498463622,HOLD,task_pose_stale,0.000672018,0,0.008029264,0.000274717,0.050333206,0.000000000,0.000000000,0.050000000,-0.008040059,-0.000047165,0.000103986,0.008040869,2.819909282
52.508864468,HOLD,task_pose_stale,0.000077176,0,0.008029264,0.000274717,0.050333206,0.000000000,0.000000000,0.050000000,-0.008040059,-0.000047165,0.000103986,0.008040869,2.819909282
52.518638413,HOLD,task_pose_stale,0.002201275,0,0.008029264,0.000274717,0.050333206,0.000000000,0.000000000,0.050000000,-0.008040059,-0.000047165,0.000103986,0.008040869,2.819909282
52.528735308,HOLD,task_pose_stale,0.001693106,0,0.008029264,0.000274717,0.050333206,0.000000000,0.000000000,0.050000000,-0.008040059,-0.000047165,0.000103986,0.008040869,2.819909282
52.538860697,HOLD,task_pose_stale,0.001046021,0,0.008029264,0.000274717,0.050333206,0.000000000,0.000000000,0.050000000,-0.008040059,-0.000047165,0.000103986,0.008040869,2.819909282
52.548898226,HOLD,task_pose_stale,0.000205405,0,0.008029264,0.000274717,0.050333206,0.000000000,0.000000000,0.050000000,-0.008040059,-0.000047165,0.000103986,0.008040869,2.819909282
52.559417803,HOLD,task_pose_stale,0.002632269,0,0.008029264,0.000274717,0.050333206,0.000000000,0.000000000,0.050000000,-0.008040059,-0.000047165,0.000103986,0.008040869,2.819909282
52.569885138,HOLD,task_pose_stale,0.001973311,0,0.008029264,0.000274717,0.050333206,0.000000000,0.000000000,0.050000000,-0.008040059,-0.000047165,0.000103986,0.008040869,2.819909282
52.580421337,HOLD,task_pose_stale,0.001405776,0,0.008029264,0.000274717,0.050333206,0.000000000,0.000000000,0.050000000,-0.008040059,-0.000047165,0.000103986,0.008040869,2.819909282
52.590419685,HOLD,task_pose_stale,0.000499858,0,0.008029264,0.000274717,0.050333206,0.000000000,0.000000000,0.050000000,-0.008040059,-0.000047165,0.000103986,0.008040869,2.819909282
52.600494020,HOLD,task_pose_stale,0.000033245,0,0.008029264,0.000274717,0.050333206,0.000000000,0.000000000,0.050000000,-0.008040059,-0.000047165,0.000103986,0.008040869,2.819909282
52.610548171,HOLD,task_pose_stale,0.002230958,0,0.008029264,0.000274717,0.050333206,0.000000000,0.000000000,0.050000000,-0.008040059,-0.000047165,0.000103986,0.008040869,2.819909282
52.620617757,HOLD,task_pose_stale,0.001677671,0,0.008029264,0.000274717,0.050333206,0.000000000,0.000000000,0.050000000,-0.008040059,-0.000047165,0.000103986,0.008040869,2.819909282
52.630719400,HOLD,task_pose_stale,0.001135069,0,0.008029264,0.000274717,0.050333206,0.000000000,0.000000000,0.050000000,-0.008040059,-0.000047165,0.000103986,0.008040869,2.819909282
52.640760491,HOLD,task_pose_stale,0.000345508,0,0.008029264,0.000274717,0.050333206,0.000000000,0.000000000,0.050000000,-0.008040059,-0.000047165,0.000103986,0.008040869,2.819909282
52.650807518,HOLD,task_pose_stale,0.002176342,0,0.008029264,0.000274717,0.050333206,0.000000000,0.000000000,0.050000000,-0.008040059,-0.000047165,0.000103986,0.008040869,2.819909282
52.660898476,HOLD,task_pose_stale,0.001429523,0,0.008029264,0.000274717,0.050333206,0.000000000,0.000000000,0.050000000,-0.008040059,-0.000047165,0.000103986,0.008040869,2.819909282
52.670978748,HOLD,task_pose_stale,0.000806184,0,0.008029264,0.000274717,0.050333206,0.000000000,0.000000000,0.050000000,-0.008040059,-0.000047165,0.000103986,0.008040869,2.819909282
52.681094639,HOLD,task_pose_stale,0.000137728,0,0.008029264,0.000274717,0.050333206,0.000000000,0.000000000,0.050000000,-0.008040059,-0.000047165,0.000103986,0.008040869,2.819909282
52.691132167,HOLD,task_pose_stale,0.002206024,0,0.008029264,0.000274717,0.050333206,0.000000000,0.000000000,0.050000000,-0.008040059,-0.000047165,0.000103986,0.008040869,2.819909282
52.701191068,HOLD,task_pose_stale,0.001621867,0,0.008029264,0.000274717,0.050333206,0.000000000,0.000000000,0.050000000,-0.008040059,-0.000047165,0.000103986,0.008040869,2.819909282
52.711229784,HOLD,task_pose_stale,0.001322665,0,0.008029264,0.000274717,0.050333206,0.000000000,0.000000000,0.050000000,-0.008040059,-0.000047165,0.000103986,0.008040869,2.819909282
52.721364672,HOLD,task_pose_stale,0.001132694,0,0.008029264,0.000274717,0.050333206,0.000000000,0.000000000,0.050000000,-0.008040059,-0.000047165,0.000103986,0.008040869,2.819909282
52.731472252,HOLD,task_pose_stale,0.000923728,0,0.008029264,0.000274717,0.050333206,0.000000000,0.000000000,0.050000000,-0.008040059,-0.000047165,0.000103986,0.008040869,2.819909282
52.741564397,HOLD,task_pose_stale,0.000421495,0,0.008029264,0.000274717,0.050333206,0.000000000,0.000000000,0.050000000,-0.008040059,-0.000047165,0.000103986,0.008040869,2.819909282
52.751654167,HOLD,task_pose_stale,0.002501664,0,0.008029264,0.000274717,0.050333206,0.000000000,0.000000000,0.050000000,-0.008040059,-0.000047165,0.000103986,0.008040869,2.819909282
52.761748686,HOLD,task_pose_stale,0.002012492,0,0.008029264,0.000274717,0.050333206,0.000000000,0.000000000,0.050000000,-0.008040059,-0.000047165,0.000103986,0.008040869,2.819909282
52.771736348,HOLD,task_pose_stale,0.001456831,0,0.008029264,0.000274717,0.050333206,0.000000000,0.000000000,0.050000000,-0.008040059,-0.000047165,0.000103986,0.008040869,2.819909282
52.781837991,HOLD,task_pose_stale,0.001509073,0,0.008029264,0.000274717,0.050333206,0.000000000,0.000000000,0.050000000,-0.008040059,-0.000047165,0.000103986,0.008040869,2.819909282
52.791984753,HOLD,task_pose_stale,0.001338100,0,0.008029264,0.000274717,0.050333206,0.000000000,0.000000000,0.050000000,-0.008040059,-0.000047165,0.000103986,0.008040869,2.819909282
52.802201565,HOLD,task_pose_stale,0.001308417,0,0.008029264,0.000274717,0.050333206,0.000000000,0.000000000,0.050000000,-0.008040059,-0.000047165,0.000103986,0.008040869,2.819909282
52.812190414,HOLD,task_pose_stale,0.001193247,0,0.008029264,0.000274717,0.050333206,0.000000000,0.000000000,0.050000000,-0.008040059,-0.000047165,0.000103986,0.008040869,2.819909282
52.822163828,HOLD,task_pose_stale,0.001107762,0,0.008029264,0.000274717,0.050333206,0.000000000,0.000000000,0.050000000,-0.008040059,-0.000047165,0.000103986,0.008040869,2.819909282
52.832226290,HOLD,task_pose_stale,0.000791936,0,0.008029264,0.000274717,0.050333206,0.000000000,0.000000000,0.050000000,-0.008040059,-0.000047165,0.000103986,0.008040869,2.819909282
52.843293218,HOLD,task_pose_stale,0.003897943,0,0.008029264,0.000274717,0.050333206,0.000000000,0.000000000,0.050000000,-0.008040059,-0.000047165,0.000103986,0.008040869,2.819909282
52.853293940,HOLD,task_pose_stale,0.001737036,0,0.008029264,0.000274717,0.050333206,0.000000000,0.000000000,0.050000000,-0.008040059,-0.000047165,0.000103986,0.008040869,2.819909282
52.863367087,HOLD,task_pose_stale,0.001631366,0,0.008029264,0.000274717,0.050333206,0.000000000,0.000000000,0.050000000,-0.008040059,-0.000047165,0.000103986,0.008040869,2.819909282
52.873412927,HOLD,task_pose_stale,0.004030922,0,0.008029264,0.000274717,0.050333206,0.000000000,0.000000000,0.050000000,-0.008040059,-0.000047165,0.000103986,0.008040869,2.819909282
52.883465891,HOLD,task_pose_stale,0.000017810,0,0.008029264,0.000274717,0.050333206,0.000000000,0.000000000,0.050000000,-0.008040059,-0.000047165,0.000103986,0.008040869,2.819909282
52.893530728,HOLD,task_pose_stale,0.000186408,0,0.008029264,0.000274717,0.050333206,0.000000000,0.000000000,0.050000000,-0.008040059,-0.000047165,0.000103986,0.008040869,2.819909282
52.903607438,HOLD,task_pose_stale,0.000135354,0,0.008029264,0.000274717,0.050333206,0.000000000,0.000000000,0.050000000,-0.008040059,-0.000047165,0.000103986,0.008040869,2.819909282
52.913659214,HOLD,task_pose_stale,0.000436930,0,0.008029264,0.000274717,0.050333206,0.000000000,0.000000000,0.050000000,-0.008040059,-0.000047165,0.000103986,0.008040869,2.819909282
52.923712178,HOLD,task_pose_stale,0.000654208,0,0.008029264,0.000274717,0.050333206,0.000000000,0.000000000,0.050000000,-0.008040059,-0.000047165,0.000103986,0.008040869,2.819909282
52.933781764,HOLD,task_pose_stale,0.000903544,0,0.008029264,0.000274717,0.050333206,0.000000000,0.000000000,0.050000000,-0.008040059,-0.000047165,0.000103986,0.008040869,2.819909282
52.943846600,HOLD,task_pose_stale,0.001012776,0,0.008029264,0.000274717,0.050333206,0.000000000,0.000000000,0.050000000,-0.008040059,-0.000047165,0.000103986,0.008040869,2.819909282
52.953935183,HOLD,task_pose_stale,0.001235990,0,0.008029264,0.000274717,0.050333206,0.000000000,0.000000000,0.050000000,-0.008040059,-0.000047165,0.000103986,0.008040869,2.819909282
52.964046325,HOLD,task_pose_stale,0.002361562,0,0.008029264,0.000274717,0.050333206,0.000000000,0.000000000,0.050000000,-0.008040059,-0.000047165,0.000103986,0.008040869,2.819909282
52.974077917,HOLD,task_pose_stale,0.000040368,0,0.008029264,0.000274717,0.050333206,0.000000000,0.000000000,0.050000000,-0.008040059,-0.000047165,0.000103986,0.008040869,2.819909282
52.984090513,HOLD,task_pose_stale,0.000137729,0,0.008029264,0.000274717,0.050333206,0.000000000,0.000000000,0.050000000,-0.008040059,-0.000047165,0.000103986,0.008040869,2.819909282
52.994205216,HOLD,task_pose_stale,0.000567534,0,0.008029264,0.000274717,0.050333206,0.000000000,0.000000000,0.050000000,-0.008040059,-0.000047165,0.000103986,0.008040869,2.819909282
53.004237996,HOLD,task_pose_stale,0.000723073,0,0.008029264,0.000274717,0.050333206,0.000000000,0.000000000,0.050000000,-0.008040059,-0.000047165,0.000103986,0.008040869,2.819909282
53.014288585,HOLD,task_pose_stale,0.000876235,0,0.008029264,0.000274717,0.050333206,0.000000000,0.000000000,0.050000000,-0.008040059,-0.000047165,0.000103986,0.008040869,2.819909282
53.024346298,HOLD,task_pose_stale,0.001113698,0,0.008029264,0.000274717,0.050333206,0.000000000,0.000000000,0.050000000,-0.008040059,-0.000047165,0.000103986,0.008040869,2.819909282
53.034409947,HOLD,task_pose_stale,0.001338099,0,0.008029264,0.000274717,0.050333206,0.000000000,0.000000000,0.050000000,-0.008040059,-0.000047165,0.000103986,0.008040869,2.819909282
53.044475971,HOLD,task_pose_stale,0.001466329,0,0.008029264,0.000274717,0.050333206,0.000000000,0.000000000,0.050000000,-0.008040059,-0.000047165,0.000103986,0.008040869,2.819909282
53.054543183,HOLD,task_pose_stale,0.001547066,0,0.008029264,0.000274717,0.050333206,0.000000000,0.000000000,0.050000000,-0.008040059,-0.000047165,0.000103986,0.008040869,2.819909282
53.064611581,HOLD,task_pose_stale,0.001734662,0,0.008029264,0.000274717,0.050333206,0.000000000,0.000000000,0.050000000,-0.008040059,-0.000047165,0.000103986,0.008040869,2.819909282
53.074766654,HOLD,task_pose_stale,0.002087293,0,0.008029264,0.000274717,0.050333206,0.000000000,0.000000000,0.050000000,-0.008040059,-0.000047165,0.000103986,0.008040869,2.819909282
53.084821992,HOLD,task_pose_stale,0.002176341,0,0.008029264,0.000274717,0.050333206,0.000000000,0.000000000,0.050000000,-0.008040059,-0.000047165,0.000103986,0.008040869,2.819909282
53.095806995,HOLD,task_pose_stale,0.000331259,0,0.008029264,0.000274717,0.050333206,0.000000000,0.000000000,0.050000000,-0.008040059,-0.000047165,0.000103986,0.008040869,2.819909282
53.106209028,HOLD,task_pose_stale,0.000902357,0,0.008029264,0.000274717,0.050333206,0.000000000,0.000000000,0.050000000,-0.008040059,-0.000047165,0.000103986,0.008040869,2.819909282
53.116223998,HOLD,task_pose_stale,0.001184937,0,0.008029264,0.000274717,0.050333206,0.000000000,0.000000000,0.050000000,-0.008040059,-0.000047165,0.000103986,0.008040869,2.819909282
53.129145505,HOLD,task_pose_stale,0.001044834,0,0.008029264,0.000274717,0.050333206,0.000000000,0.000000000,0.050000000,-0.008040059,-0.000047165,0.000103986,0.008040869,2.819909282
53.139263771,HOLD,task_pose_stale,0.000909480,0,0.008029264,0.000274717,0.050333206,0.000000000,0.000000000,0.050000000,-0.008040059,-0.000047165,0.000103986,0.008040869,2.819909282
53.149238372,HOLD,task_pose_stale,0.001163565,0,0.008029264,0.000274717,0.050333206,0.000000000,0.000000000,0.050000000,-0.008040059,-0.000047165,0.000103986,0.008040869,2.819909282
53.159340016,HOLD,task_pose_stale,0.001127946,0,0.008029264,0.000274717,0.050333206,0.000000000,0.000000000,0.050000000,-0.008040059,-0.000047165,0.000103986,0.008040869,2.819909282
53.169433348,HOLD,task_pose_stale,0.001241927,0,0.008029264,0.000274717,0.050333206,0.000000000,0.000000000,0.050000000,-0.008040059,-0.000047165,0.000103986,0.008040869,2.819909282
53.179494623,HOLD,task_pose_stale,0.001237178,0,0.008029264,0.000274717,0.050333206,0.000000000,0.000000000,0.050000000,-0.008040059,-0.000047165,0.000103986,0.008040869,2.819909282
53.189583206,HOLD,task_pose_stale,0.001492450,0,0.008029264,0.000274717,0.050333206,0.000000000,0.000000000,0.050000000,-0.008040059,-0.000047165,0.000103986,0.008040869,2.819909282
53.199580366,HOLD,task_pose_stale,0.001607620,0,0.008029264,0.000274717,0.050333206,0.000000000,0.000000000,0.050000000,-0.008040059,-0.000047165,0.000103986,0.008040869,2.819909282
53.209705756,HOLD,task_pose_stale,0.001915133,0,0.008029264,0.000274717,0.050333206,0.000000000,0.000000000,0.050000000,-0.008040059,-0.000047165,0.000103986,0.008040869,2.819909282
53.219705290,HOLD,task_pose_stale,0.001672922,0,0.008029264,0.000274717,0.050333206,0.000000000,0.000000000,0.050000000,-0.008040059,-0.000047165,0.000103986,0.008040869,2.819909282
53.229755879,HOLD,task_pose_stale,0.002057610,0,0.008029264,0.000274717,0.050333206,0.000000000,0.000000000,0.050000000,-0.008040059,-0.000047165,0.000103986,0.008040869,2.819909282
53.239943009,HOLD,task_pose_stale,0.002438738,0,0.008029264,0.000274717,0.050333206,0.000000000,0.000000000,0.050000000,-0.008040059,-0.000047165,0.000103986,0.008040869,2.819909282
53.249892677,HOLD,task_pose_stale,0.000465426,0,0.008029264,0.000274717,0.050333206,0.000000000,0.000000000,0.050000000,-0.008040059,-0.000047165,0.000103986,0.008040869,2.819909282
53.260040625,HOLD,task_pose_stale,0.001038898,0,0.008029264,0.000274717,0.050333206,0.000000000,0.000000000,0.050000000,-0.008040059,-0.000047165,0.000103986,0.008040869,2.819909282
53.270200447,HOLD,task_pose_stale,0.001512635,0,0.008029264,0.000274717,0.050333206,0.000000000,0.000000000,0.050000000,-0.008040059,-0.000047165,0.000103986,0.008040869,2.819909282
53.280216604,HOLD,task_pose_stale,0.001798777,0,0.008029264,0.000274717,0.050333206,0.000000000,0.000000000,0.050000000,-0.008040059,-0.000047165,0.000103986,0.008040869,2.819909282
53.290321809,HOLD,task_pose_stale,0.002065922,0,0.008029264,0.000274717,0.050333206,0.000000000,0.000000000,0.050000000,-0.008040059,-0.000047165,0.000103986,0.008040869,2.819909282
53.300323719,HOLD,task_pose_stale,0.001663423,0,0.008029264,0.000274717,0.050333206,0.000000000,0.000000000,0.050000000,-0.008040059,-0.000047165,0.000103986,0.008040869,2.819909282
53.310421800,HOLD,task_pose_stale,0.001810649,0,0.008029264,0.000274717,0.050333206,0.000000000,0.000000000,0.050000000,-0.008040059,-0.000047165,0.000103986,0.008040869,2.819909282
53.320512758,HOLD,task_pose_stale,0.001943629,0,0.008029264,0.000274717,0.050333206,0.000000000,0.000000000,0.050000000,-0.008040059,-0.000047165,0.000103986,0.008040869,2.819909282
53.330596591,HOLD,task_pose_stale,0.001962625,0,0.008029264,0.000274717,0.050333206,0.000000000,0.000000000,0.050000000,-0.008040059,-0.000047165,0.000103986,0.008040869,2.819909282
53.340682800,HOLD,task_pose_stale,0.001954314,0,0.008029264,0.000274717,0.050333206,0.000000000,0.000000000,0.050000000,-0.008040059,-0.000047165,0.000103986,0.008040869,2.819909282
53.350779694,HOLD,task_pose_stale,0.001702604,0,0.008029264,0.000274717,0.050333206,0.000000000,0.000000000,0.050000000,-0.008040059,-0.000047165,0.000103986,0.008040869,2.819909282
53.360867090,HOLD,task_pose_stale,0.001368969,0,0.008029264,0.000274717,0.050333206,0.000000000,0.000000000,0.050000000,-0.008040059,-0.000047165,0.000103986,0.008040869,2.819909282
53.370866624,HOLD,task_pose_stale,0.001574375,0,0.008029264,0.000274717,0.050333206,0.000000000,0.000000000,0.050000000,-0.008040059,-0.000047165,0.000103986,0.008040869,2.819909282
53.380981328,HOLD,task_pose_stale,0.001738223,0,0.008029264,0.000274717,0.050333206,0.000000000,0.000000000,0.050000000,-0.008040059,-0.000047165,0.000103986,0.008040869,2.819909282
53.391042603,HOLD,task_pose_stale,0.001780967,0,0.008029264,0.000274717,0.050333206,0.000000000,0.000000000,0.050000000,-0.008040059,-0.000047165,0.000103986,0.008040869,2.819909282
53.401031452,HOLD,task_pose_stale,0.001855767,0,0.008029264,0.000274717,0.050333206,0.000000000,0.000000000,0.050000000,-0.008040059,-0.000047165,0.000103986,0.008040869,2.819909282
53.411052358,HOLD,task_pose_stale,0.001852205,0,0.008029264,0.000274717,0.050333206,0.000000000,0.000000000,0.050000000,-0.008040059,-0.000047165,0.000103986,0.008040869,2.819909282
53.421142128,HOLD,task_pose_stale,0.002093230,0,0.008029264,0.000274717,0.050333206,0.000000000,0.000000000,0.050000000,-0.008040059,-0.000047165,0.000103986,0.008040869,2.819909282
53.431192717,HOLD,task_pose_stale,0.002084919,0,0.008029264,0.000274717,0.050333206,0.000000000,0.000000000,0.050000000,-0.008040059,-0.000047165,0.000103986,0.008040869,2.819909282
53.441246868,HOLD,task_pose_stale,0.001989933,0,0.008029264,0.000274717,0.050333206,0.000000000,0.000000000,0.050000000,-0.008040059,-0.000047165,0.000103986,0.008040869,2.819909282
53.451310518,HOLD,task_pose_stale,0.001670547,0,0.008029264,0.000274717,0.050333206,0.000000000,0.000000000,0.050000000,-0.008040059,-0.000047165,0.000103986,0.008040869,2.819909282
53.461374167,HOLD,task_pose_stale,0.001368970,0,0.008029264,0.000274717,0.050333206,0.000000000,0.000000000,0.050000000,-0.008040059,-0.000047165,0.000103986,0.008040869,2.819909282
53.471448503,HOLD,task_pose_stale,0.001042459,0,0.008029264,0.000274717,0.050333206,0.000000000,0.000000000,0.050000000,-0.008040059,-0.000047165,0.000103986,0.008040869,2.819909282
53.481510965,HOLD,task_pose_stale,0.000746818,0,0.008029264,0.000274717,0.050333206,0.000000000,0.000000000,0.050000000,-0.008040059,-0.000047165,0.000103986,0.008040869,2.819909282
53.491652977,HOLD,task_pose_stale,0.000497483,0,0.008029264,0.000274717,0.050333206,0.000000000,0.000000000,0.050000000,-0.008040059,-0.000047165,0.000103986,0.008040869,2.819909282
53.501650137,HOLD,task_pose_stale,0.000213716,0,0.008029264,0.000274717,0.050333206,0.000000000,0.000000000,0.050000000,-0.008040059,-0.000047165,0.000103986,0.008040869,2.819909282
53.511726847,HOLD,task_pose_stale,0.000023746,0,0.008029264,0.000274717,0.050333206,0.000000000,0.000000000,0.050000000,-0.008040059,-0.000047165,0.000103986,0.008040869,2.819909282
53.521822553,HOLD,task_pose_stale,0.002183466,0,0.008029264,0.000274717,0.050333206,0.000000000,0.000000000,0.050000000,-0.008040059,-0.000047165,0.000103986,0.008040869,2.819909282
53.531879079,HOLD,task_pose_stale,0.001678858,0,0.008029264,0.000274717,0.050333206,0.000000000,0.000000000,0.050000000,-0.008040059,-0.000047165,0.000103986,0.008040869,2.819909282
53.542087580,HOLD,task_pose_stale,0.001391528,0,0.008029264,0.000274717,0.050333206,0.000000000,0.000000000,0.050000000,-0.008040059,-0.000047165,0.000103986,0.008040869,2.819909282
53.552158354,HOLD,task_pose_stale,0.001257363,0,0.008029264,0.000274717,0.050333206,0.000000000,0.000000000,0.050000000,-0.008040059,-0.000047165,0.000103986,0.008040869,2.819909282
53.562173323,HOLD,task_pose_stale,0.000932040,0,0.008029264,0.000274717,0.050333206,0.000000000,0.000000000,0.050000000,-0.008040059,-0.000047165,0.000103986,0.008040869,2.819909282
53.572269030,HOLD,task_pose_stale,0.000655396,0,0.008029264,0.000274717,0.050333206,0.000000000,0.000000000,0.050000000,-0.008040059,-0.000047165,0.000103986,0.008040869,2.819909282
53.582395607,HOLD,task_pose_stale,0.000683891,0,0.008029264,0.000274717,0.050333206,0.000000000,0.000000000,0.050000000,-0.008040059,-0.000047165,0.000103986,0.008040869,2.819909282
53.592423637,HOLD,task_pose_stale,0.000404873,0,0.008029264,0.000274717,0.050333206,0.000000000,0.000000000,0.050000000,-0.008040059,-0.000047165,0.000103986,0.008040869,2.819909282
53.602513408,HOLD,task_pose_stale,0.000356193,0,0.008029264,0.000274717,0.050333206,0.000000000,0.000000000,0.050000000,-0.008040059,-0.000047165,0.000103986,0.008040869,2.819909282
53.612549749,HOLD,task_pose_stale,0.000276644,0,0.008029264,0.000274717,0.050333206,0.000000000,0.000000000,0.050000000,-0.008040059,-0.000047165,0.000103986,0.008040869,2.819909282
53.622748752,HOLD,task_pose_stale,0.000026121,0,0.008029264,0.000274717,0.050333206,0.000000000,0.000000000,0.050000000,-0.008040059,-0.000047165,0.000103986,0.008040869,2.819909282
53.632826649,HOLD,task_pose_stale,0.002119350,0,0.008029264,0.000274717,0.050333206,0.000000000,0.000000000,0.050000000,-0.008040059,-0.000047165,0.000103986,0.008040869,2.819909282
53.642855866,HOLD,task_pose_stale,0.001656299,0,0.008029264,0.000274717,0.050333206,0.000000000,0.000000000,0.050000000,-0.008040059,-0.000047165,0.000103986,0.008040869,2.819909282
53.652875585,HOLD,task_pose_stale,0.001461580,0,0.008029264,0.000274717,0.050333206,0.000000000,0.000000000,0.050000000,-0.008040059,-0.000047165,0.000103986,0.008040869,2.819909282
53.662989102,HOLD,task_pose_stale,0.001505511,0,0.008029264,0.000274717,0.050333206,0.000000000,0.000000000,0.050000000,-0.008040059,-0.000047165,0.000103986,0.008040869,2.819909282
53.673160797,HOLD,task_pose_stale,0.001257363,0,0.008029264,0.000274717,0.050333206,0.000000000,0.000000000,0.050000000,-0.008040059,-0.000047165,0.000103986,0.008040869,2.819909282
53.683174579,HOLD,task_pose_stale,0.000395374,0,0.008029264,0.000274717,0.050333206,0.000000000,0.000000000,0.050000000,-0.008040059,-0.000047165,0.000103986,0.008040869,2.819909282
53.693525558,HOLD,task_pose_stale,0.000136541,0,0.008029264,0.000274717,0.050333206,0.000000000,0.000000000,0.050000000,-0.008040059,-0.000047165,0.000103986,0.008040869,2.819909282
53.703275757,HOLD,task_pose_stale,0.002505226,0,0.008029264,0.000274717,0.050333206,0.000000000,0.000000000,0.050000000,-0.008040059,-0.000047165,0.000103986,0.008040869,2.819909282
53.713377400,HOLD,task_pose_stale,0.000024934,0,0.008029264,0.000274717,0.050333206,0.000000000,0.000000000,0.050000000,-0.008040059,-0.000047165,0.000103986,0.008040869,2.819909282
53.723456485,HOLD,task_pose_stale,0.002449423,0,0.008029264,0.000274717,0.050333206,0.000000000,0.000000000,0.050000000,-0.008040059,-0.000047165,0.000103986,0.008040869,2.819909282
53.733585437,HOLD,task_pose_stale,0.000021372,0,0.008029264,0.000274717,0.050333206,0.000000000,0.000000000,0.050000000,-0.008040059,-0.000047165,0.000103986,0.008040869,2.819909282
53.743710826,HOLD,task_pose_stale,0.000027308,0,0.008029264,0.000274717,0.050333206,0.000000000,0.000000000,0.050000000,-0.008040059,-0.000047165,0.000103986,0.008040869,2.819909282
53.755160068,HOLD,task_pose_stale,0.001206308,0,0.008029264,0.000274717,0.050333206,0.000000000,0.000000000,0.050000000,-0.008040059,-0.000047165,0.000103986,0.008040869,2.819909282
53.765215406,HOLD,task_pose_stale,0.001152879,0,0.008029264,0.000274717,0.050333206,0.000000000,0.000000000,0.050000000,-0.008040059,-0.000047165,0.000103986,0.008040869,2.819909282
53.775236312,HOLD,task_pose_stale,0.001484139,0,0.008029264,0.000274717,0.050333206,0.000000000,0.000000000,0.050000000,-0.008040059,-0.000047165,0.000103986,0.008040869,2.819909282
53.785354578,HOLD,task_pose_stale,0.001628991,0,0.008029264,0.000274717,0.050333206,0.000000000,0.000000000,0.050000000,-0.008040059,-0.000047165,0.000103986,0.008040869,2.819909282
53.795493028,HOLD,task_pose_stale,0.004079601,0,0.008029264,0.000274717,0.050333206,0.000000000,0.000000000,0.050000000,-0.008040059,-0.000047165,0.000103986,0.008040869,2.819909282
53.805540055,HOLD,task_pose_stale,0.002329504,0,0.008029264,0.000274717,0.050333206,0.000000000,0.000000000,0.050000000,-0.008040059,-0.000047165,0.000103986,0.008040869,2.819909282
53.818196792,HOLD,task_pose_stale,0.005161242,0,0.008029264,0.000274717,0.050333206,0.000000000,0.000000000,0.050000000,-0.008040059,-0.000047165,0.000103986,0.008040869,2.819909282
53.828199889,HOLD,task_pose_stale,0.002208399,0,0.008029264,0.000274717,0.050333206,0.000000000,0.000000000,0.050000000,-0.008040059,-0.000047165,0.000103986,0.008040869,2.819909282
53.838331215,HOLD,task_pose_stale,0.002372248,0,0.008029264,0.000274717,0.050333206,0.000000000,0.000000000,0.050000000,-0.008040059,-0.000047165,0.000103986,0.008040869,2.819909282
53.848330750,HOLD,task_pose_stale,0.000212529,0,0.008029264,0.000274717,0.050333206,0.000000000,0.000000000,0.050000000,-0.008040059,-0.000047165,0.000103986,0.008040869,2.819909282
53.858420520,HOLD,task_pose_stale,0.000376377,0,0.008029264,0.000274717,0.050333206,0.000000000,0.000000000,0.050000000,-0.008040059,-0.000047165,0.000103986,0.008040869,2.819909282
53.868472296,HOLD,task_pose_stale,0.000430993,0,0.008029264,0.000274717,0.050333206,0.000000000,0.000000000,0.050000000,-0.008040059,-0.000047165,0.000103986,0.008040869,2.819909282
53.878716417,HOLD,task_pose_stale,0.000525979,0,0.008029264,0.000274717,0.050333206,0.000000000,0.000000000,0.050000000,-0.008040059,-0.000047165,0.000103986,0.008040869,2.819909282
53.888625716,HOLD,task_pose_stale,0.000907106,0,0.008029264,0.000274717,0.050333206,0.000000000,0.000000000,0.050000000,-0.008040059,-0.000047165,0.000103986,0.008040869,2.819909282
53.898666806,HOLD,task_pose_stale,0.000308701,0,0.008029264,0.000274717,0.050333206,0.000000000,0.000000000,0.050000000,-0.008040059,-0.000047165,0.000103986,0.008040869,2.819909282
53.908819504,HOLD,task_pose_stale,0.000232713,0,0.008029264,0.000274717,0.050333206,0.000000000,0.000000000,0.050000000,-0.008040059,-0.000047165,0.000103986,0.008040869,2.819909282
53.918897401,HOLD,task_pose_stale,0.000430994,0,0.008029264,0.000274717,0.050333206,0.000000000,0.000000000,0.050000000,-0.008040059,-0.000047165,0.000103986,0.008040869,2.819909282
53.928978861,HOLD,task_pose_stale,0.000742069,0,0.008029264,0.000274717,0.050333206,0.000000000,0.000000000,0.050000000,-0.008040059,-0.000047165,0.000103986,0.008040869,2.819909282
53.939132746,HOLD,task_pose_stale,0.001126759,0,0.008029264,0.000274717,0.050333206,0.000000000,0.000000000,0.050000000,-0.008040059,-0.000047165,0.000103986,0.008040869,2.819909282
53.949166712,HOLD,task_pose_stale,0.001395091,0,0.008029264,0.000274717,0.050333206,0.000000000,0.000000000,0.050000000,-0.008040059,-0.000047165,0.000103986,0.008040869,2.819909282
53.959212552,HOLD,task_pose_stale,0.001661048,0,0.008029264,0.000274717,0.050333206,0.000000000,0.000000000,0.050000000,-0.008040059,-0.000047165,0.000103986,0.008040869,2.819909282
53.969301135,HOLD,task_pose_stale,0.001676483,0,0.008029264,0.000274717,0.050333206,0.000000000,0.000000000,0.050000000,-0.008040059,-0.000047165,0.000103986,0.008040869,2.819909282
53.979426525,HOLD,task_pose_stale,0.001855767,0,0.008029264,0.000274717,0.050333206,0.000000000,0.000000000,0.050000000,-0.008040059,-0.000047165,0.000103986,0.008040869,2.819909282
53.989460491,HOLD,task_pose_stale,0.002124100,0,0.008029264,0.000274717,0.050333206,0.000000000,0.000000000,0.050000000,-0.008040059,-0.000047165,0.000103986,0.008040869,2.819909282
53.999532452,HOLD,task_pose_stale,0.002164468,0,0.008029264,0.000274717,0.050333206,0.000000000,0.000000000,0.050000000,-0.008040059,-0.000047165,0.000103986,0.008040869,2.819909282
54.009606787,HOLD,task_pose_stale,0.000131791,0,0.008029264,0.000274717,0.050333206,0.000000000,0.000000000,0.050000000,-0.008040059,-0.000047165,0.000103986,0.008040869,2.819909282
54.019688246,HOLD,task_pose_stale,0.000099734,0,0.008029264,0.000274717,0.050333206,0.000000000,0.000000000,0.050000000,-0.008040059,-0.000047165,0.000103986,0.008040869,2.819909282
54.029686594,HOLD,task_pose_stale,0.000142478,0,0.008029264,0.000274717,0.050333206,0.000000000,0.000000000,0.050000000,-0.008040059,-0.000047165,0.000103986,0.008040869,2.819909282
54.039851165,HOLD,task_pose_stale,0.000201843,0,0.008029264,0.000274717,0.050333206,0.000000000,0.000000000,0.050000000,-0.008040059,-0.000047165,0.000103986,0.008040869,2.819909282
54.049937373,HOLD,task_pose_stale,0.000415559,0,0.008029264,0.000274717,0.050333206,0.000000000,0.000000000,0.050000000,-0.008040059,-0.000047165,0.000103986,0.008040869,2.819909282
54.060044953,HOLD,task_pose_stale,0.000577033,0,0.008029264,0.000274717,0.050333206,0.000000000,0.000000000,0.050000000,-0.008040059,-0.000047165,0.000103986,0.008040869,2.819909282
54.070004119,HOLD,task_pose_stale,0.000827556,0,0.008029264,0.000274717,0.050333206,0.000000000,0.000000000,0.050000000,-0.008040059,-0.000047165,0.000103986,0.008040869,2.819909282
54.080065394,HOLD,task_pose_stale,0.000837054,0,0.008029264,0.000274717,0.050333206,0.000000000,0.000000000,0.050000000,-0.008040059,-0.000047165,0.000103986,0.008040869,2.819909282
54.090168225,HOLD,task_pose_stale,0.000657771,0,0.008029264,0.000274717,0.050333206,0.000000000,0.000000000,0.050000000,-0.008040059,-0.000047165,0.000103986,0.008040869,2.819909282
54.100229499,HOLD,task_pose_stale,0.000617402,0,0.008029264,0.000274717,0.050333206,0.000000000,0.000000000,0.050000000,-0.008040059,-0.000047165,0.000103986,0.008040869,2.819909282
54.110244469,HOLD,task_pose_stale,0.000794311,0,0.008029264,0.000274717,0.050333206,0.000000000,0.000000000,0.050000000,-0.008040059,-0.000047165,0.000103986,0.008040869,2.819909282
54.120310493,HOLD,task_pose_stale,0.000952224,0,0.008029264,0.000274717,0.050333206,0.000000000,0.000000000,0.050000000,-0.008040059,-0.000047165,0.000103986,0.008040869,2.819909282
54.130378892,HOLD,task_pose_stale,0.001105387,0,0.008029264,0.000274717,0.050333206,0.000000000,0.000000000,0.050000000,-0.008040059,-0.000047165,0.000103986,0.008040869,2.819909282
54.140482910,HOLD,task_pose_stale,0.001250239,0,0.008029264,0.000274717,0.050333206,0.000000000,0.000000000,0.050000000,-0.008040059,-0.000047165,0.000103986,0.008040869,2.819909282
54.150518064,HOLD,task_pose_stale,0.001306042,0,0.008029264,0.000274717,0.050333206,0.000000000,0.000000000,0.050000000,-0.008040059,-0.000047165,0.000103986,0.008040869,2.819909282
54.160664825,HOLD,task_pose_stale,0.001422399,0,0.008029264,0.000274717,0.050333206,0.000000000,0.000000000,0.050000000,-0.008040059,-0.000047165,0.000103986,0.008040869,2.819909282
54.170736786,HOLD,task_pose_stale,0.001452082,0,0.008029264,0.000274717,0.050333206,0.000000000,0.000000000,0.050000000,-0.008040059,-0.000047165,0.000103986,0.008040869,2.819909282
54.180818245,HOLD,task_pose_stale,0.001519758,0,0.008029264,0.000274717,0.050333206,0.000000000,0.000000000,0.050000000,-0.008040059,-0.000047165,0.000103986,0.008040869,2.819909282
54.190815405,HOLD,task_pose_stale,0.001518571,0,0.008029264,0.000274717,0.050333206,0.000000000,0.000000000,0.050000000,-0.008040059,-0.000047165,0.000103986,0.008040869,2.819909282
54.201017970,HOLD,task_pose_stale,0.001866453,0,0.008029264,0.000274717,0.050333206,0.000000000,0.000000000,0.050000000,-0.008040059,-0.000047165,0.000103986,0.008040869,2.819909282
54.211053124,HOLD,task_pose_stale,0.001836771,0,0.008029264,0.000274717,0.050333206,0.000000000,0.000000000,0.050000000,-0.008040059,-0.000047165,0.000103986,0.008040869,2.819909282
54.221083528,HOLD,task_pose_stale,0.001718040,0,0.008029264,0.000274717,0.050333206,0.000000000,0.000000000,0.050000000,-0.008040059,-0.000047165,0.000103986,0.008040869,2.819909282
54.231160238,HOLD,task_pose_stale,0.002146659,0,0.008029264,0.000274717,0.050333206,0.000000000,0.000000000,0.050000000,-0.008040059,-0.000047165,0.000103986,0.008040869,2.819909282
54.241365178,HOLD,task_pose_stale,0.002154970,0,0.008029264,0.000274717,0.050333206,0.000000000,0.000000000,0.050000000,-0.008040059,-0.000047165,0.000103986,0.008040869,2.819909282
54.251256667,HOLD,task_pose_stale,0.002200088,0,0.008029264,0.000274717,0.050333206,0.000000000,0.000000000,0.050000000,-0.008040059,-0.000047165,0.000103986,0.008040869,2.819909282
54.261425987,HOLD,task_pose_stale,0.002270139,0,0.008029264,0.000274717,0.050333206,0.000000000,0.000000000,0.050000000,-0.008040059,-0.000047165,0.000103986,0.008040869,2.819909282
54.271590558,HOLD,task_pose_stale,0.009665900,0,0.008029264,0.000274717,0.050333206,0.000000000,0.000000000,0.050000000,-0.008040059,-0.000047165,0.000103986,0.008040869,2.819909282
54.281729008,HOLD,task_pose_stale,0.019735486,0,0.008029264,0.000274717,0.050333206,0.000000000,0.000000000,0.050000000,-0.008040059,-0.000047165,0.000103986,0.008040869,2.819909282
54.291708359,HOLD,task_pose_stale,0.029812196,0,0.008029264,0.000274717,0.050333206,0.000000000,0.000000000,0.050000000,-0.008040059,-0.000047165,0.000103986,0.008040869,2.819909282
54.301779132,HOLD,task_pose_stale,0.039879407,0,0.008029264,0.000274717,0.050333206,0.000000000,0.000000000,0.050000000,-0.008040059,-0.000047165,0.000103986,0.008040869,2.819909282
54.311713364,HOLD,task_pose_stale,0.049935933,0,0.008029264,0.000274717,0.050333206,0.000000000,0.000000000,0.050000000,-0.008040059,-0.000047165,0.000103986,0.008040869,2.819909282
54.321766328,HOLD,task_pose_stale,0.060004332,0,0.008029264,0.000274717,0.050333206,0.000000000,0.000000000,0.050000000,-0.008040059,-0.000047165,0.000103986,0.008040869,2.819909282
54.331828790,HOLD,task_pose_stale,0.070070356,0,0.008029264,0.000274717,0.050333206,0.000000000,0.000000000,0.050000000,-0.008040059,-0.000047165,0.000103986,0.008040869,2.819909282
54.341880566,HOLD,task_pose_stale,0.080137567,0,0.008029264,0.000274717,0.050333206,0.000000000,0.000000000,0.050000000,-0.008040059,-0.000047165,0.000103986,0.008040869,2.819909282
54.351958464,HOLD,task_pose_stale,0.090202404,0,0.008029264,0.000274717,0.050333206,0.000000000,0.000000000,0.050000000,-0.008040059,-0.000047165,0.000103986,0.008040869,2.819909282
54.362089790,WAIT_FOR_ROBOT,robot_state_missing_or_stale,0.100274365,0,0.008029264,0.000274717,0.050333206,0.000000000,0.000000000,0.050000000,-0.008040059,-0.000047165,0.000103986,0.008040869,2.819909282
54.372215179,WAIT_FOR_ROBOT,robot_state_missing_or_stale,0.110364135,0,0.008029264,0.000274717,0.050333206,0.000000000,0.000000000,0.050000000,-0.008040059,-0.000047165,0.000103986,0.008040869,2.819909282
54.382302575,WAIT_FOR_ROBOT,robot_state_missing_or_stale,0.120450343,0,0.008029264,0.000274717,0.050333206,0.000000000,0.000000000,0.050000000,-0.008040059,-0.000047165,0.000103986,0.008040869,2.819909282
54.393151037,WAIT_FOR_ROBOT,robot_state_missing_or_stale,0.131342736,0,0.008029264,0.000274717,0.050333206,0.000000000,0.000000000,0.050000000,-0.008040059,-0.000047165,0.000103986,0.008040869,2.819909282
54.403195690,WAIT_FOR_ROBOT,robot_state_missing_or_stale,0.141407573,0,0.008029264,0.000274717,0.050333206,0.000000000,0.000000000,0.050000000,-0.008040059,-0.000047165,0.000103986,0.008040869,2.819909282
54.413258152,WAIT_FOR_ROBOT,robot_state_missing_or_stale,0.151477159,0,0.008029264,0.000274717,0.050333206,0.000000000,0.000000000,0.050000000,-0.008040059,-0.000047165,0.000103986,0.008040869,2.819909282
54.423339611,WAIT_FOR_ROBOT,robot_state_missing_or_stale,0.161550306,0,0.008029264,0.000274717,0.050333206,0.000000000,0.000000000,0.050000000,-0.008040059,-0.000047165,0.000103986,0.008040869,2.819909282
54.433425819,WAIT_FOR_ROBOT,robot_state_missing_or_stale,0.171631766,0,0.008029264,0.000274717,0.050333206,0.000000000,0.000000000,0.050000000,-0.008040059,-0.000047165,0.000103986,0.008040869,2.819909282
54.443506091,WAIT_FOR_ROBOT,robot_state_missing_or_stale,0.181702539,0,0.008029264,0.000274717,0.050333206,0.000000000,0.000000000,0.050000000,-0.008040059,-0.000047165,0.000103986,0.008040869,2.819909282
54.453515124,WAIT_FOR_ROBOT,robot_state_missing_or_stale,0.191767376,0,0.008029264,0.000274717,0.050333206,0.000000000,0.000000000,0.050000000,-0.008040059,-0.000047165,0.000103986,0.008040869,2.819909282
54.463581148,WAIT_FOR_ROBOT,robot_state_missing_or_stale,0.201835774,0,0.008029264,0.000274717,0.050333206,0.000000000,0.000000000,0.050000000,-0.008040059,-0.000047165,0.000103986,0.008040869,2.819909282
54.473705350,WAIT_FOR_ROBOT,robot_state_missing_or_stale,0.211908922,0,0.008029264,0.000274717,0.050333206,0.000000000,0.000000000,0.050000000,-0.008040059,-0.000047165,0.000103986,0.008040869,2.819909282
54.483812930,WAIT_FOR_ROBOT,robot_state_missing_or_stale,0.221980883,0,0.008029264,0.000274717,0.050333206,0.000000000,0.000000000,0.050000000,-0.008040059,-0.000047165,0.000103986,0.008040869,2.819909282
54.493789906,WAIT_FOR_ROBOT,robot_state_missing_or_stale,0.232045720,0,0.008029264,0.000274717,0.050333206,0.000000000,0.000000000,0.050000000,-0.008040059,-0.000047165,0.000103986,0.008040869,2.819909282
54.503840495,WAIT_FOR_ROBOT,robot_state_missing_or_stale,0.242109369,0,0.008029264,0.000274717,0.050333206,0.000000000,0.000000000,0.050000000,-0.008040059,-0.000047165,0.000103986,0.008040869,2.819909282
54.514035936,WAIT_FOR_ROBOT,robot_state_missing_or_stale,0.252183704,0,0.008029264,0.000274717,0.050333206,0.000000000,0.000000000,0.050000000,-0.008040059,-0.000047165,0.000103986,0.008040869,2.819909282
54.524055655,WAIT_FOR_ROBOT,robot_state_missing_or_stale,0.262246166,0,0.008029264,0.000274717,0.050333206,0.000000000,0.000000000,0.050000000,-0.008040059,-0.000047165,0.000103986,0.008040869,2.819909282
54.534146613,WAIT_FOR_ROBOT,robot_state_missing_or_stale,0.272327625,0,0.008029264,0.000274717,0.050333206,0.000000000,0.000000000,0.050000000,-0.008040059,-0.000047165,0.000103986,0.008040869,2.819909282
54.544217386,WAIT_FOR_ROBOT,robot_state_missing_or_stale,0.282400773,0,0.008029264,0.000274717,0.050333206,0.000000000,0.000000000,0.050000000,-0.008040059,-0.000047165,0.000103986,0.008040869,2.819909282
54.554244229,WAIT_FOR_ROBOT,robot_state_missing_or_stale,0.292467985,0,0.008029264,0.000274717,0.050333206,0.000000000,0.000000000,0.050000000,-0.008040059,-0.000047165,0.000103986,0.008040869,2.819909282
54.564350621,WAIT_FOR_ROBOT,robot_state_missing_or_stale,0.302543507,0,0.008029264,0.000274717,0.050333206,0.000000000,0.000000000,0.050000000,-0.008040059,-0.000047165,0.000103986,0.008040869,2.819909282
54.576742588,WAIT_FOR_ROBOT,robot_state_missing_or_stale,0.314580468,0,0.008029264,0.000274717,0.050333206,0.000000000,0.000000000,0.050000000,-0.008040059,-0.000047165,0.000103986,0.008040869,2.819909282
54.587270476,WAIT_FOR_ROBOT,robot_state_missing_or_stale,0.325070362,0,0.008029264,0.000274717,0.050333206,0.000000000,0.000000000,0.050000000,-0.008040059,-0.000047165,0.000103986,0.008040869,2.819909282
54.597620267,WAIT_FOR_ROBOT,robot_state_missing_or_stale,0.335509202,0,0.008029264,0.000274717,0.050333206,0.000000000,0.000000000,0.050000000,-0.008040059,-0.000047165,0.000103986,0.008040869,2.819909282
54.607771778,WAIT_FOR_ROBOT,robot_state_missing_or_stale,0.345619156,0,0.008029264,0.000274717,0.050333206,0.000000000,0.000000000,0.050000000,-0.008040059,-0.000047165,0.000103986,0.008040869,2.819909282
54.617530288,WAIT_FOR_ROBOT,robot_state_missing_or_stale,0.355676869,0,0.008029264,0.000274717,0.050333206,0.000000000,0.000000000,0.050000000,-0.008040059,-0.000047165,0.000103986,0.008040869,2.819909282
54.627561880,WAIT_FOR_ROBOT,robot_state_missing_or_stale,0.365745268,0,0.008029264,0.000274717,0.050333206,0.000000000,0.000000000,0.050000000,-0.008040059,-0.000047165,0.000103986,0.008040869,2.819909282
54.637638590,WAIT_FOR_ROBOT,robot_state_missing_or_stale,0.375814854,0,0.008029264,0.000274717,0.050333206,0.000000000,0.000000000,0.050000000,-0.008040059,-0.000047165,0.000103986,0.008040869,2.819909282
54.647750919,WAIT_FOR_ROBOT,robot_state_missing_or_stale,0.385891564,0,0.008029264,0.000274717,0.050333206,0.000000000,0.000000000,0.050000000,-0.008040059,-0.000047165,0.000103986,0.008040869,2.819909282
54.657733832,WAIT_FOR_ROBOT,robot_state_missing_or_stale,0.395958775,0,0.008029264,0.000274717,0.050333206,0.000000000,0.000000000,0.050000000,-0.008040059,-0.000047165,0.000103986,0.008040869,2.819909282
54.667764236,WAIT_FOR_ROBOT,robot_state_missing_or_stale,0.406025986,0,0.008029264,0.000274717,0.050333206,0.000000000,0.000000000,0.050000000,-0.008040059,-0.000047165,0.000103986,0.008040869,2.819909282
54.677819575,WAIT_FOR_ROBOT,robot_state_missing_or_stale,0.416093198,0,0.008029264,0.000274717,0.050333206,0.000000000,0.000000000,0.050000000,-0.008040059,-0.000047165,0.000103986,0.008040869,2.819909282
54.687961587,WAIT_FOR_ROBOT,robot_state_missing_or_stale,0.426166346,0,0.008029264,0.000274717,0.050333206,0.000000000,0.000000000,0.050000000,-0.008040059,-0.000047165,0.000103986,0.008040869,2.819909282
54.698208082,WAIT_FOR_ROBOT,robot_state_missing_or_stale,0.436251367,0,0.008029264,0.000274717,0.050333206,0.000000000,0.000000000,0.050000000,-0.008040059,-0.000047165,0.000103986,0.008040869,2.819909282
54.708187432,WAIT_FOR_ROBOT,robot_state_missing_or_stale,0.446338762,0,0.008029264,0.000274717,0.050333206,0.000000000,0.000000000,0.050000000,-0.008040059,-0.000047165,0.000103986,0.008040869,2.819909282
54.718197653,WAIT_FOR_ROBOT,robot_state_missing_or_stale,0.456404786,0,0.008029264,0.000274717,0.050333206,0.000000000,0.000000000,0.050000000,-0.008040059,-0.000047165,0.000103986,0.008040869,2.819909282
54.728299296,WAIT_FOR_ROBOT,robot_state_missing_or_stale,0.466480309,0,0.008029264,0.000274717,0.050333206,0.000000000,0.000000000,0.050000000,-0.008040059,-0.000047165,0.000103986,0.008040869,2.819909282
54.738422311,WAIT_FOR_ROBOT,robot_state_missing_or_stale,0.476555831,0,0.008029264,0.000274717,0.050333206,0.000000000,0.000000000,0.050000000,-0.008040059,-0.000047165,0.000103986,0.008040869,2.819909282
54.748405223,WAIT_FOR_ROBOT,robot_state_missing_or_stale,0.486615919,0,0.008029264,0.000274717,0.050333206,0.000000000,0.000000000,0.050000000,-0.008040059,-0.000047165,0.000103986,0.008040869,2.819909282
54.758490244,WAIT_FOR_ROBOT,robot_state_missing_or_stale,0.496686692,0,0.008029264,0.000274717,0.050333206,0.000000000,0.000000000,0.050000000,-0.008040059,-0.000047165,0.000103986,0.008040869,2.819909282
54.769120241,WAIT_FOR_ROBOT,robot_state_missing_or_stale,0.507346372,0,0.008029264,0.000274717,0.050333206,0.000000000,0.000000000,0.050000000,-0.008040059,-0.000047165,0.000103986,0.008040869,2.819909282
54.779195764,WAIT_FOR_ROBOT,robot_state_missing_or_stale,0.517414771,0,0.008029264,0.000274717,0.050333206,0.000000000,0.000000000,0.050000000,-0.008040059,-0.000047165,0.000103986,0.008040869,2.819909282
54.789277223,WAIT_FOR_ROBOT,robot_state_missing_or_stale,0.527479607,0,0.008029264,0.000274717,0.050333206,0.000000000,0.000000000,0.050000000,-0.008040059,-0.000047165,0.000103986,0.008040869,2.819909282
54.799330186,WAIT_FOR_ROBOT,robot_state_missing_or_stale,0.537551568,0,0.008029264,0.000274717,0.050333206,0.000000000,0.000000000,0.050000000,-0.008040059,-0.000047165,0.000103986,0.008040869,2.819909282
54.809487633,WAIT_FOR_ROBOT,robot_state_missing_or_stale,0.547636589,0,0.008029264,0.000274717,0.050333206,0.000000000,0.000000000,0.050000000,-0.008040059,-0.000047165,0.000103986,0.008040869,2.819909282
54.819483606,WAIT_FOR_ROBOT,robot_state_missing_or_stale,0.557702613,0,0.008029264,0.000274717,0.050333206,0.000000000,0.000000000,0.050000000,-0.008040059,-0.000047165,0.000103986,0.008040869,2.819909282
54.829582875,WAIT_FOR_ROBOT,robot_state_missing_or_stale,0.567775761,0,0.008029264,0.000274717,0.050333206,0.000000000,0.000000000,0.050000000,-0.008040059,-0.000047165,0.000103986,0.008040869,2.819909282
54.842119694,WAIT_FOR_ROBOT,robot_state_missing_or_stale,0.580335138,0,0.008029264,0.000274717,0.050333206,0.000000000,0.000000000,0.050000000,-0.008040059,-0.000047165,0.000103986,0.008040869,2.819909282
54.852160784,WAIT_FOR_ROBOT,robot_state_missing_or_stale,0.590401162,0,0.008029264,0.000274717,0.050333206,0.000000000,0.000000000,0.050000000,-0.008040059,-0.000047165,0.000103986,0.008040869,2.819909282
54.862211373,WAIT_FOR_ROBOT,robot_state_missing_or_stale,0.600467186,0,0.008029264,0.000274717,0.050333206,0.000000000,0.000000000,0.050000000,-0.008040059,-0.000047165,0.000103986,0.008040869,2.819909282
54.872329639,WAIT_FOR_ROBOT,robot_state_missing_or_stale,0.610537960,0,0.008029264,0.000274717,0.050333206,0.000000000,0.000000000,0.050000000,-0.008040059,-0.000047165,0.000103986,0.008040869,2.819909282
54.882396850,WAIT_FOR_ROBOT,robot_state_missing_or_stale,0.620606358,0,0.008029264,0.000274717,0.050333206,0.000000000,0.000000000,0.050000000,-0.008040059,-0.000047165,0.000103986,0.008040869,2.819909282
54.892430817,WAIT_FOR_ROBOT,robot_state_missing_or_stale,0.630668821,0,0.008029264,0.000274717,0.050333206,0.000000000,0.000000000,0.050000000,-0.008040059,-0.000047165,0.000103986,0.008040869,2.819909282
54.902528898,WAIT_FOR_ROBOT,robot_state_missing_or_stale,0.640740781,0,0.008029264,0.000274717,0.050333206,0.000000000,0.000000000,0.050000000,-0.008040059,-0.000047165,0.000103986,0.008040869,2.819909282
54.912550992,WAIT_FOR_ROBOT,robot_state_missing_or_stale,0.650810367,0,0.008029264,0.000274717,0.050333206,0.000000000,0.000000000,0.050000000,-0.008040059,-0.000047165,0.000103986,0.008040869,2.819909282
54.922626514,WAIT_FOR_ROBOT,robot_state_missing_or_stale,0.660877578,0,0.008029264,0.000274717,0.050333206,0.000000000,0.000000000,0.050000000,-0.008040059,-0.000047165,0.000103986,0.008040869,2.819909282
54.932722221,WAIT_FOR_ROBOT,robot_state_missing_or_stale,0.670942415,0,0.008029264,0.000274717,0.050333206,0.000000000,0.000000000,0.050000000,-0.008040059,-0.000047165,0.000103986,0.008040869,2.819909282
54.942769248,WAIT_FOR_ROBOT,robot_state_missing_or_stale,0.681025062,0,0.008029264,0.000274717,0.050333206,0.000000000,0.000000000,0.050000000,-0.008040059,-0.000047165,0.000103986,0.008040869,2.819909282
54.952840021,WAIT_FOR_ROBOT,robot_state_missing_or_stale,0.691094648,0,0.008029264,0.000274717,0.050333206,0.000000000,0.000000000,0.050000000,-0.008040059,-0.000047165,0.000103986,0.008040869,2.819909282
54.962898922,WAIT_FOR_ROBOT,robot_state_missing_or_stale,0.701163046,0,0.008029264,0.000274717,0.050333206,0.000000000,0.000000000,0.050000000,-0.008040059,-0.000047165,0.000103986,0.008040869,2.819909282
54.972976819,WAIT_FOR_ROBOT,robot_state_missing_or_stale,0.711230258,0,0.008029264,0.000274717,0.050333206,0.000000000,0.000000000,0.050000000,-0.008040059,-0.000047165,0.000103986,0.008040869,2.819909282
54.983049967,WAIT_FOR_ROBOT,robot_state_missing_or_stale,0.721293907,0,0.008029264,0.000274717,0.050333206,0.000000000,0.000000000,0.050000000,-0.008040059,-0.000047165,0.000103986,0.008040869,2.819909282
54.993073248,WAIT_FOR_ROBOT,robot_state_missing_or_stale,0.731336185,0,0.008029264,0.000274717,0.050333206,0.000000000,0.000000000,0.050000000,-0.008040059,-0.000047165,0.000103986,0.008040869,2.819909282
55.003133335,WAIT_FOR_ROBOT,robot_state_missing_or_stale,0.741408145,0,0.008029264,0.000274717,0.050333206,0.000000000,0.000000000,0.050000000,-0.008040059,-0.000047165,0.000103986,0.008040869,2.819909282
55.013681407,WAIT_FOR_ROBOT,robot_state_missing_or_stale,0.751548970,0,0.008029264,0.000274717,0.050333206,0.000000000,0.000000000,0.050000000,-0.008040059,-0.000047165,0.000103986,0.008040869,2.819909282
55.023372241,WAIT_FOR_ROBOT,robot_state_missing_or_stale,0.761586499,0,0.008029264,0.000274717,0.050333206,0.000000000,0.000000000,0.050000000,-0.008040059,-0.000047165,0.000103986,0.008040869,2.819909282
55.035147993,WAIT_FOR_ROBOT,robot_state_missing_or_stale,0.773346816,0,0.008029264,0.000274717,0.050333206,0.000000000,0.000000000,0.050000000,-0.008040059,-0.000047165,0.000103986,0.008040869,2.819909282
55.045231827,WAIT_FOR_ROBOT,robot_state_missing_or_stale,0.783415214,0,0.008029264,0.000274717,0.050333206,0.000000000,0.000000000,0.050000000,-0.008040059,-0.000047165,0.000103986,0.008040869,2.819909282
55.055313286,WAIT_FOR_ROBOT,robot_state_missing_or_stale,0.793483613,0,0.008029264,0.000274717,0.050333206,0.000000000,0.000000000,0.050000000,-0.008040059,-0.000047165,0.000103986,0.008040869,2.819909282
55.065365062,WAIT_FOR_ROBOT,robot_state_missing_or_stale,0.803569821,0,0.008029264,0.000274717,0.050333206,0.000000000,0.000000000,0.050000000,-0.008040059,-0.000047165,0.000103986,0.008040869,2.819909282
55.075442960,WAIT_FOR_ROBOT,robot_state_missing_or_stale,0.813641782,0,0.008029264,0.000274717,0.050333206,0.000000000,0.000000000,0.050000000,-0.008040059,-0.000047165,0.000103986,0.008040869,2.819909282
55.085580222,WAIT_FOR_ROBOT,robot_state_missing_or_stale,0.823729178,0,0.008029264,0.000274717,0.050333206,0.000000000,0.000000000,0.050000000,-0.008040059,-0.000047165,0.000103986,0.008040869,2.819909282
55.095671180,WAIT_FOR_ROBOT,robot_state_missing_or_stale,0.833817761,0,0.008029264,0.000274717,0.050333206,0.000000000,0.000000000,0.050000000,-0.008040059,-0.000047165,0.000103986,0.008040869,2.819909282
55.106495896,WAIT_FOR_ROBOT,robot_state_missing_or_stale,0.844383643,0,0.008029264,0.000274717,0.050333206,0.000000000,0.000000000,0.050000000,-0.008040059,-0.000047165,0.000103986,0.008040869,2.819909282
55.116711521,WAIT_FOR_ROBOT,robot_state_missing_or_stale,0.854503096,0,0.008029264,0.000274717,0.050333206,0.000000000,0.000000000,0.050000000,-0.008040059,-0.000047165,0.000103986,0.008040869,2.819909282
55.126758548,WAIT_FOR_ROBOT,robot_state_missing_or_stale,0.864614238,0,0.008029264,0.000274717,0.050333206,0.000000000,0.000000000,0.050000000,-0.008040059,-0.000047165,0.000103986,0.008040869,2.819909282
55.136857817,WAIT_FOR_ROBOT,robot_state_missing_or_stale,0.874762186,0,0.008029264,0.000274717,0.050333206,0.000000000,0.000000000,0.050000000,-0.008040059,-0.000047165,0.000103986,0.008040869,2.819909282
55.147351273,WAIT_FOR_ROBOT,robot_state_missing_or_stale,0.885158283,0,0.008029264,0.000274717,0.050333206,0.000000000,0.000000000,0.050000000,-0.008040059,-0.000047165,0.000103986,0.008040869,2.819909282
55.157367430,WAIT_FOR_ROBOT,robot_state_missing_or_stale,0.895274174,0,0.008029264,0.000274717,0.050333206,0.000000000,0.000000000,0.050000000,-0.008040059,-0.000047165,0.000103986,0.008040869,2.819909282
55.167812206,WAIT_FOR_ROBOT,robot_state_missing_or_stale,0.905699953,0,0.008029264,0.000274717,0.050333206,0.000000000,0.000000000,0.050000000,-0.008040059,-0.000047165,0.000103986,0.008040869,2.819909282
55.177620584,WAIT_FOR_ROBOT,robot_state_missing_or_stale,0.915748168,0,0.008029264,0.000274717,0.050333206,0.000000000,0.000000000,0.050000000,-0.008040059,-0.000047165,0.000103986,0.008040869,2.819909282
55.187719853,WAIT_FOR_ROBOT,robot_state_missing_or_stale,0.925827252,0,0.008029264,0.000274717,0.050333206,0.000000000,0.000000000,0.050000000,-0.008040059,-0.000047165,0.000103986,0.008040869,2.819909282
55.197760943,WAIT_FOR_ROBOT,robot_state_missing_or_stale,0.935912273,0,0.008029264,0.000274717,0.050333206,0.000000000,0.000000000,0.050000000,-0.008040059,-0.000047165,0.000103986,0.008040869,2.819909282
55.207848339,WAIT_FOR_ROBOT,robot_state_missing_or_stale,0.945996107,0,0.008029264,0.000274717,0.050333206,0.000000000,0.000000000,0.050000000,-0.008040059,-0.000047165,0.000103986,0.008040869,2.819909282
55.217965417,WAIT_FOR_ROBOT,robot_state_missing_or_stale,0.956074004,0,0.008029264,0.000274717,0.050333206,0.000000000,0.000000000,0.050000000,-0.008040059,-0.000047165,0.000103986,0.008040869,2.819909282
55.227992260,WAIT_FOR_ROBOT,robot_state_missing_or_stale,0.966156650,0,0.008029264,0.000274717,0.050333206,0.000000000,0.000000000,0.050000000,-0.008040059,-0.000047165,0.000103986,0.008040869,2.819909282
55.238222133,WAIT_FOR_ROBOT,robot_state_missing_or_stale,0.976251170,0,0.008029264,0.000274717,0.050333206,0.000000000,0.000000000,0.050000000,-0.008040059,-0.000047165,0.000103986,0.008040869,2.819909282
55.248174175,WAIT_FOR_ROBOT,robot_state_missing_or_stale,0.986327880,0,0.008029264,0.000274717,0.050333206,0.000000000,0.000000000,0.050000000,-0.008040059,-0.000047165,0.000103986,0.008040869,2.819909282
55.258284130,WAIT_FOR_ROBOT,robot_state_missing_or_stale,0.996418837,0,0.008029264,0.000274717,0.050333206,0.000000000,0.000000000,0.050000000,-0.008040059,-0.000047165,0.000103986,0.008040869,2.819909282
55.268391710,WAIT_FOR_ROBOT,robot_state_missing_or_stale,1.006506233,0,0.008029264,0.000274717,0.050333206,0.000000000,0.000000000,0.050000000,-0.008040059,-0.000047165,0.000103986,0.008040869,2.819909282
55.278512350,WAIT_FOR_ROBOT,robot_state_missing_or_stale,1.016603127,0,0.008029264,0.000274717,0.050333206,0.000000000,0.000000000,0.050000000,-0.008040059,-0.000047165,0.000103986,0.008040869,2.819909282
55.288611619,WAIT_FOR_ROBOT,robot_state_missing_or_stale,1.026694085,0,0.008029264,0.000274717,0.050333206,0.000000000,0.000000000,0.050000000,-0.008040059,-0.000047165,0.000103986,0.008040869,2.819909282
55.298691890,WAIT_FOR_ROBOT,robot_state_missing_or_stale,1.036777918,0,0.008029264,0.000274717,0.050333206,0.000000000,0.000000000,0.050000000,-0.008040059,-0.000047165,0.000103986,0.008040869,2.819909282
55.308817280,WAIT_FOR_ROBOT,robot_state_missing_or_stale,1.046854628,0,0.008029264,0.000274717,0.050333206,0.000000000,0.000000000,0.050000000,-0.008040059,-0.000047165,0.000103986,0.008040869,2.819909282
55.318933171,WAIT_FOR_ROBOT,robot_state_missing_or_stale,1.056932525,0,0.008029264,0.000274717,0.050333206,0.000000000,0.000000000,0.050000000,-0.008040059,-0.000047165,0.000103986,0.008040869,2.819909282
55.328932706,WAIT_FOR_ROBOT,robot_state_missing_or_stale,1.066998549,0,0.008029264,0.000274717,0.050333206,0.000000000,0.000000000,0.050000000,-0.008040059,-0.000047165,0.000103986,0.008040869,2.819909282
55.339137645,WAIT_FOR_ROBOT,robot_state_missing_or_stale,1.077123939,0,0.008029264,0.000274717,0.050333206,0.000000000,0.000000000,0.050000000,-0.008040059,-0.000047165,0.000103986,0.008040869,2.819909282
55.349182298,WAIT_FOR_ROBOT,robot_state_missing_or_stale,1.087198274,0,0.008029264,0.000274717,0.050333206,0.000000000,0.000000000,0.050000000,-0.008040059,-0.000047165,0.000103986,0.008040869,2.819909282
55.359148588,WAIT_FOR_ROBOT,robot_state_missing_or_stale,1.097264298,0,0.008029264,0.000274717,0.050333206,0.000000000,0.000000000,0.050000000,-0.008040059,-0.000047165,0.000103986,0.008040869,2.819909282
55.369304847,WAIT_FOR_ROBOT,robot_state_missing_or_stale,1.107343383,0,0.008029264,0.000274717,0.050333206,0.000000000,0.000000000,0.050000000,-0.008040059,-0.000047165,0.000103986,0.008040869,2.819909282
55.379303195,WAIT_FOR_ROBOT,robot_state_missing_or_stale,1.117414156,0,0.008029264,0.000274717,0.050333206,0.000000000,0.000000000,0.050000000,-0.008040059,-0.000047165,0.000103986,0.008040869,2.819909282
55.389341910,WAIT_FOR_ROBOT,robot_state_missing_or_stale,1.127487304,0,0.008029264,0.000274717,0.050333206,0.000000000,0.000000000,0.050000000,-0.008040059,-0.000047165,0.000103986,0.008040869,2.819909282
55.399498170,WAIT_FOR_ROBOT,robot_state_missing_or_stale,1.137578262,0,0.008029264,0.000274717,0.050333206,0.000000000,0.000000000,0.050000000,-0.008040059,-0.000047165,0.000103986,0.008040869,2.819909282
55.409590315,WAIT_FOR_ROBOT,robot_state_missing_or_stale,1.147673968,0,0.008029264,0.000274717,0.050333206,0.000000000,0.000000000,0.050000000,-0.008040059,-0.000047165,0.000103986,0.008040869,2.819909282
55.420120578,WAIT_FOR_ROBOT,robot_state_missing_or_stale,1.157830228,0,0.008029264,0.000274717,0.050333206,0.000000000,0.000000000,0.050000000,-0.008040059,-0.000047165,0.000103986,0.008040869,2.819909282
55.429813786,WAIT_FOR_ROBOT,robot_state_missing_or_stale,1.167887941,0,0.008029264,0.000274717,0.050333206,0.000000000,0.000000000,0.050000000,-0.008040059,-0.000047165,0.000103986,0.008040869,2.819909282
55.439992605,WAIT_FOR_ROBOT,robot_state_missing_or_stale,1.177972962,0,0.008029264,0.000274717,0.050333206,0.000000000,0.000000000,0.050000000,-0.008040059,-0.000047165,0.000103986,0.008040869,2.819909282
55.449989765,WAIT_FOR_ROBOT,robot_state_missing_or_stale,1.188043735,0,0.008029264,0.000274717,0.050333206,0.000000000,0.000000000,0.050000000,-0.008040059,-0.000047165,0.000103986,0.008040869,2.819909282
55.460005922,WAIT_FOR_ROBOT,robot_state_missing_or_stale,1.198105010,0,0.008029264,0.000274717,0.050333206,0.000000000,0.000000000,0.050000000,-0.008040059,-0.000047165,0.000103986,0.008040869,2.819909282
55.470165743,WAIT_FOR_ROBOT,robot_state_missing_or_stale,1.208178158,0,0.008029264,0.000274717,0.050333206,0.000000000,0.000000000,0.050000000,-0.008040059,-0.000047165,0.000103986,0.008040869,2.819909282
55.480162903,WAIT_FOR_ROBOT,robot_state_missing_or_stale,1.218246556,0,0.008029264,0.000274717,0.050333206,0.000000000,0.000000000,0.050000000,-0.008040059,-0.000047165,0.000103986,0.008040869,2.819909282
55.490207556,WAIT_FOR_ROBOT,robot_state_missing_or_stale,1.228333952,0,0.008029264,0.000274717,0.050333206,0.000000000,0.000000000,0.050000000,-0.008040059,-0.000047165,0.000103986,0.008040869,2.819909282
55.500271205,WAIT_FOR_ROBOT,robot_state_missing_or_stale,1.238395227,0,0.008029264,0.000274717,0.050333206,0.000000000,0.000000000,0.050000000,-0.008040059,-0.000047165,0.000103986,0.008040869,2.819909282
55.510403718,WAIT_FOR_ROBOT,robot_state_missing_or_stale,1.248486184,0,0.008029264,0.000274717,0.050333206,0.000000000,0.000000000,0.050000000,-0.008040059,-0.000047165,0.000103986,0.008040869,2.819909282
55.520506549,WAIT_FOR_ROBOT,robot_state_missing_or_stale,1.258580704,0,0.008029264,0.000274717,0.050333206,0.000000000,0.000000000,0.050000000,-0.008040059,-0.000047165,0.000103986,0.008040869,2.819909282
55.530583259,WAIT_FOR_ROBOT,robot_state_missing_or_stale,1.268668100,0,0.008029264,0.000274717,0.050333206,0.000000000,0.000000000,0.050000000,-0.008040059,-0.000047165,0.000103986,0.008040869,2.819909282
55.540676591,WAIT_FOR_ROBOT,robot_state_missing_or_stale,1.278759057,0,0.008029264,0.000274717,0.050333206,0.000000000,0.000000000,0.050000000,-0.008040059,-0.000047165,0.000103986,0.008040869,2.819909282
55.550766361,WAIT_FOR_ROBOT,robot_state_missing_or_stale,1.288845265,0,0.008029264,0.000274717,0.050333206,0.000000000,0.000000000,0.050000000,-0.008040059,-0.000047165,0.000103986,0.008040869,2.819909282
55.560845446,WAIT_FOR_ROBOT,robot_state_missing_or_stale,1.298927912,0,0.008029264,0.000274717,0.050333206,0.000000000,0.000000000,0.050000000,-0.008040059,-0.000047165,0.000103986,0.008040869,2.819909282
55.571114500,WAIT_FOR_ROBOT,robot_state_missing_or_stale,1.309021244,0,0.008029264,0.000274717,0.050333206,0.000000000,0.000000000,0.050000000,-0.008040059,-0.000047165,0.000103986,0.008040869,2.819909282
55.581292131,WAIT_FOR_ROBOT,robot_state_missing_or_stale,1.319342540,0,0.008029264,0.000274717,0.050333206,0.000000000,0.000000000,0.050000000,-0.008040059,-0.000047165,0.000103986,0.008040869,2.819909282
55.591299977,WAIT_FOR_ROBOT,robot_state_missing_or_stale,1.329413313,0,0.008029264,0.000274717,0.050333206,0.000000000,0.000000000,0.050000000,-0.008040059,-0.000047165,0.000103986,0.008040869,2.819909282
55.601331569,WAIT_FOR_ROBOT,robot_state_missing_or_stale,1.339484086,0,0.008029264,0.000274717,0.050333206,0.000000000,0.000000000,0.050000000,-0.008040059,-0.000047165,0.000103986,0.008040869,2.819909282
55.612070799,WAIT_FOR_ROBOT,robot_state_missing_or_stale,1.349963295,0,0.008029264,0.000274717,0.050333206,0.000000000,0.000000000,0.050000000,-0.008040059,-0.000047165,0.000103986,0.008040869,2.819909282
55.622447898,WAIT_FOR_ROBOT,robot_state_missing_or_stale,1.360372452,0,0.008029264,0.000274717,0.050333206,0.000000000,0.000000000,0.050000000,-0.008040059,-0.000047165,0.000103986,0.008040869,2.819909282
55.632545980,WAIT_FOR_ROBOT,robot_state_missing_or_stale,1.370462222,0,0.008029264,0.000274717,0.050333206,0.000000000,0.000000000,0.050000000,-0.008040059,-0.000047165,0.000103986,0.008040869,2.819909282
55.642498022,WAIT_FOR_ROBOT,robot_state_missing_or_stale,1.380530621,0,0.008029264,0.000274717,0.050333206,0.000000000,0.000000000,0.050000000,-0.008040059,-0.000047165,0.000103986,0.008040869,2.819909282
55.652548611,WAIT_FOR_ROBOT,robot_state_missing_or_stale,1.390608518,0,0.008029264,0.000274717,0.050333206,0.000000000,0.000000000,0.050000000,-0.008040059,-0.000047165,0.000103986,0.008040869,2.819909282
55.662543396,WAIT_FOR_ROBOT,robot_state_missing_or_stale,1.400675729,0,0.008029264,0.000274717,0.050333206,0.000000000,0.000000000,0.050000000,-0.008040059,-0.000047165,0.000103986,0.008040869,2.819909282
55.672591610,WAIT_FOR_ROBOT,robot_state_missing_or_stale,1.410748877,0,0.008029264,0.000274717,0.050333206,0.000000000,0.000000000,0.050000000,-0.008040059,-0.000047165,0.000103986,0.008040869,2.819909282
55.683583737,WAIT_FOR_ROBOT,robot_state_missing_or_stale,1.421224523,0,0.008029264,0.000274717,0.050333206,0.000000000,0.000000000,0.050000000,-0.008040059,-0.000047165,0.000103986,0.008040869,2.819909282
55.693633139,WAIT_FOR_ROBOT,robot_state_missing_or_stale,1.431398593,0,0.008029264,0.000274717,0.050333206,0.000000000,0.000000000,0.050000000,-0.008040059,-0.000047165,0.000103986,0.008040869,2.819909282
55.704102849,WAIT_FOR_ROBOT,robot_state_missing_or_stale,1.441829121,0,0.008029264,0.000274717,0.050333206,0.000000000,0.000000000,0.050000000,-0.008040059,-0.000047165,0.000103986,0.008040869,2.819909282
55.714274543,WAIT_FOR_ROBOT,robot_state_missing_or_stale,1.451990130,0,0.008029264,0.000274717,0.050333206,0.000000000,0.000000000,0.050000000,-0.008040059,-0.000047165,0.000103986,0.008040869,2.819909282
55.723997434,WAIT_FOR_ROBOT,robot_state_missing_or_stale,1.462047843,0,0.008029264,0.000274717,0.050333206,0.000000000,0.000000000,0.050000000,-0.008040059,-0.000047165,0.000103986,0.008040869,2.819909282
55.734095516,WAIT_FOR_ROBOT,robot_state_missing_or_stale,1.472147112,0,0.008029264,0.000274717,0.050333206,0.000000000,0.000000000,0.050000000,-0.008040059,-0.000047165,0.000103986,0.008040869,2.819909282
55.744174600,WAIT_FOR_ROBOT,robot_state_missing_or_stale,1.482238069,0,0.008029264,0.000274717,0.050333206,0.000000000,0.000000000,0.050000000,-0.008040059,-0.000047165,0.000103986,0.008040869,2.819909282
55.754258434,WAIT_FOR_ROBOT,robot_state_missing_or_stale,1.492336151,0,0.008029264,0.000274717,0.050333206,0.000000000,0.000000000,0.050000000,-0.008040059,-0.000047165,0.000103986,0.008040869,2.819909282
55.764408757,WAIT_FOR_ROBOT,robot_state_missing_or_stale,1.502414048,0,0.008029264,0.000274717,0.050333206,0.000000000,0.000000000,0.050000000,-0.008040059,-0.000047165,0.000103986,0.008040869,2.819909282
55.774464095,WAIT_FOR_ROBOT,robot_state_missing_or_stale,1.512514504,0,0.008029264,0.000274717,0.050333206,0.000000000,0.000000000,0.050000000,-0.008040059,-0.000047165,0.000103986,0.008040869,2.819909282
55.784526557,WAIT_FOR_ROBOT,robot_state_missing_or_stale,1.522584090,0,0.008029264,0.000274717,0.050333206,0.000000000,0.000000000,0.050000000,-0.008040059,-0.000047165,0.000103986,0.008040869,2.819909282
55.797307962,WAIT_FOR_ROBOT,robot_state_missing_or_stale,1.535347685,0,0.008029264,0.000274717,0.050333206,0.000000000,0.000000000,0.050000000,-0.008040059,-0.000047165,0.000103986,0.008040869,2.819909282
55.807327681,WAIT_FOR_ROBOT,robot_state_missing_or_stale,1.545418458,0,0.008029264,0.000274717,0.050333206,0.000000000,0.000000000,0.050000000,-0.008040059,-0.000047165,0.000103986,0.008040869,2.819909282
55.817459007,WAIT_FOR_ROBOT,robot_state_missing_or_stale,1.555501105,0,0.008029264,0.000274717,0.050333206,0.000000000,0.000000000,0.050000000,-0.008040059,-0.000047165,0.000103986,0.008040869,2.819909282
55.828274225,WAIT_FOR_ROBOT,robot_state_missing_or_stale,1.566337694,0,0.008029264,0.000274717,0.050333206,0.000000000,0.000000000,0.050000000,-0.008040059,-0.000047165,0.000103986,0.008040869,2.819909282
55.838260699,WAIT_FOR_ROBOT,robot_state_missing_or_stale,1.576404905,0,0.008029264,0.000274717,0.050333206,0.000000000,0.000000000,0.050000000,-0.008040059,-0.000047165,0.000103986,0.008040869,2.819909282
55.848485822,WAIT_FOR_ROBOT,robot_state_missing_or_stale,1.586485177,0,0.008029264,0.000274717,0.050333206,0.000000000,0.000000000,0.050000000,-0.008040059,-0.000047165,0.000103986,0.008040869,2.819909282
55.858694324,WAIT_FOR_ROBOT,robot_state_missing_or_stale,1.596558325,0,0.008029264,0.000274717,0.050333206,0.000000000,0.000000000,0.050000000,-0.008040059,-0.000047165,0.000103986,0.008040869,2.819909282
55.868629744,WAIT_FOR_ROBOT,robot_state_missing_or_stale,1.606657593,0,0.008029264,0.000274717,0.050333206,0.000000000,0.000000000,0.050000000,-0.008040059,-0.000047165,0.000103986,0.008040869,2.819909282
55.878630466,WAIT_FOR_ROBOT,robot_state_missing_or_stale,1.616729554,0,0.008029264,0.000274717,0.050333206,0.000000000,0.000000000,0.050000000,-0.008040059,-0.000047165,0.000103986,0.008040869,2.819909282
55.888762979,WAIT_FOR_ROBOT,robot_state_missing_or_stale,1.626807451,0,0.008029264,0.000274717,0.050333206,0.000000000,0.000000000,0.050000000,-0.008040059,-0.000047165,0.000103986,0.008040869,2.819909282
55.898781511,WAIT_FOR_ROBOT,robot_state_missing_or_stale,1.636879412,0,0.008029264,0.000274717,0.050333206,0.000000000,0.000000000,0.050000000,-0.008040059,-0.000047165,0.000103986,0.008040869,2.819909282
55.909061251,WAIT_FOR_ROBOT,robot_state_missing_or_stale,1.646963245,0,0.008029264,0.000274717,0.050333206,0.000000000,0.000000000,0.050000000,-0.008040059,-0.000047165,0.000103986,0.008040869,2.819909282
55.919001420,WAIT_FOR_ROBOT,robot_state_missing_or_stale,1.657031644,0,0.008029264,0.000274717,0.050333206,0.000000000,0.000000000,0.050000000,-0.008040059,-0.000047165,0.000103986,0.008040869,2.819909282
55.929014015,WAIT_FOR_ROBOT,robot_state_missing_or_stale,1.667102417,0,0.008029264,0.000274717,0.050333206,0.000000000,0.000000000,0.050000000,-0.008040059,-0.000047165,0.000103986,0.008040869,2.819909282
55.939025422,WAIT_FOR_ROBOT,robot_state_missing_or_stale,1.677172003,0,0.008029264,0.000274717,0.050333206,0.000000000,0.000000000,0.050000000,-0.008040059,-0.000047165,0.000103986,0.008040869,2.819909282
55.949103320,WAIT_FOR_ROBOT,robot_state_missing_or_stale,1.687254650,0,0.008029264,0.000274717,0.050333206,0.000000000,0.000000000,0.050000000,-0.008040059,-0.000047165,0.000103986,0.008040869,2.819909282
55.959811679,WAIT_FOR_ROBOT,robot_state_missing_or_stale,1.697803909,0,0.008029264,0.000274717,0.050333206,0.000000000,0.000000000,0.050000000,-0.008040059,-0.000047165,0.000103986,0.008040869,2.819909282
55.969856331,WAIT_FOR_ROBOT,robot_state_missing_or_stale,1.707898429,0,0.008029264,0.000274717,0.050333206,0.000000000,0.000000000,0.050000000,-0.008040059,-0.000047165,0.000103986,0.008040869,2.819909282
55.980305857,WAIT_FOR_ROBOT,robot_state_missing_or_stale,1.718282652,0,0.008029264,0.000274717,0.050333206,0.000000000,0.000000000,0.050000000,-0.008040059,-0.000047165,0.000103986,0.008040869,2.819909282
55.990699579,WAIT_FOR_ROBOT,robot_state_missing_or_stale,1.728690622,0,0.008029264,0.000274717,0.050333206,0.000000000,0.000000000,0.050000000,-0.008040059,-0.000047165,0.000103986,0.008040869,2.819909282
56.001096863,WAIT_FOR_ROBOT,robot_state_missing_or_stale,1.739072471,0,0.008029264,0.000274717,0.050333206,0.000000000,0.000000000,0.050000000,-0.008040059,-0.000047165,0.000103986,0.008040869,2.819909282
56.011137953,WAIT_FOR_ROBOT,robot_state_missing_or_stale,1.749158679,0,0.008029264,0.000274717,0.050333206,0.000000000,0.000000000,0.050000000,-0.008040059,-0.000047165,0.000103986,0.008040869,2.819909282
56.021536424,WAIT_FOR_ROBOT,robot_state_missing_or_stale,1.759545277,0,0.008029264,0.000274717,0.050333206,0.000000000,0.000000000,0.050000000,-0.008040059,-0.000047165,0.000103986,0.008040869,2.819909282
56.031956267,WAIT_FOR_ROBOT,robot_state_missing_or_stale,1.769930688,0,0.008029264,0.000274717,0.050333206,0.000000000,0.000000000,0.050000000,-0.008040059,-0.000047165,0.000103986,0.008040869,2.819909282
56.042329805,WAIT_FOR_ROBOT,robot_state_missing_or_stale,1.780337470,0,0.008029264,0.000274717,0.050333206,0.000000000,0.000000000,0.050000000,-0.008040059,-0.000047165,0.000103986,0.008040869,2.819909282
56.052480128,WAIT_FOR_ROBOT,robot_state_missing_or_stale,1.790429615,0,0.008029264,0.000274717,0.050333206,0.000000000,0.000000000,0.050000000,-0.008040059,-0.000047165,0.000103986,0.008040869,2.819909282
56.062251699,WAIT_FOR_ROBOT,robot_state_missing_or_stale,1.800479017,0,0.008029264,0.000274717,0.050333206,0.000000000,0.000000000,0.050000000,-0.008040059,-0.000047165,0.000103986,0.008040869,2.819909282
56.072459013,WAIT_FOR_ROBOT,robot_state_missing_or_stale,1.810569974,0,0.008029264,0.000274717,0.050333206,0.000000000,0.000000000,0.050000000,-0.008040059,-0.000047165,0.000103986,0.008040869,2.819909282
56.082470420,WAIT_FOR_ROBOT,robot_state_missing_or_stale,1.820638373,0,0.008029264,0.000274717,0.050333206,0.000000000,0.000000000,0.050000000,-0.008040059,-0.000047165,0.000103986,0.008040869,2.819909282
56.092573251,WAIT_FOR_ROBOT,robot_state_missing_or_stale,1.830724581,0,0.008029264,0.000274717,0.050333206,0.000000000,0.000000000,0.050000000,-0.008040059,-0.000047165,0.000103986,0.008040869,2.819909282
56.103381345,WAIT_FOR_ROBOT,robot_state_missing_or_stale,1.841371200,0,0.008029264,0.000274717,0.050333206,0.000000000,0.000000000,0.050000000,-0.008040059,-0.000047165,0.000103986,0.008040869,2.819909282
56.113686018,WAIT_FOR_ROBOT,robot_state_missing_or_stale,1.851677061,0,0.008029264,0.000274717,0.050333206,0.000000000,0.000000000,0.050000000,-0.008040059,-0.000047165,0.000103986,0.008040869,2.819909282
56.123787661,WAIT_FOR_ROBOT,robot_state_missing_or_stale,1.861782266,0,0.008029264,0.000274717,0.050333206,0.000000000,0.000000000,0.050000000,-0.008040059,-0.000047165,0.000103986,0.008040869,2.819909282
56.134196818,WAIT_FOR_ROBOT,robot_state_missing_or_stale,1.872161741,0,0.008029264,0.000274717,0.050333206,0.000000000,0.000000000,0.050000000,-0.008040059,-0.000047165,0.000103986,0.008040869,2.819909282
56.144267592,WAIT_FOR_ROBOT,robot_state_missing_or_stale,1.882239638,0,0.008029264,0.000274717,0.050333206,0.000000000,0.000000000,0.050000000,-0.008040059,-0.000047165,0.000103986,0.008040869,2.819909282
56.154619758,WAIT_FOR_ROBOT,robot_state_missing_or_stale,1.892584680,0,0.008029264,0.000274717,0.050333206,0.000000000,0.000000000,0.050000000,-0.008040059,-0.000047165,0.000103986,0.008040869,2.819909282
56.165182078,WAIT_FOR_ROBOT,robot_state_missing_or_stale,1.903027082,0,0.008029264,0.000274717,0.050333206,0.000000000,0.000000000,0.050000000,-0.008040059,-0.000047165,0.000103986,0.008040869,2.819909282
