time_s,controller_state,reason,robot_state_age_s,command_sent,measured_x_T_S_m,measured_y_T_S_m,measured_z_T_S_m,desired_x_T_S_m,desired_y_T_S_m,desired_z_T_S_m,error_x_m,error_y_m,error_z_m,position_error_m,orientation_error_deg
5.931421872,READY,waiting_for_consecutive_valid_measurements,0.000078362,0,0.000000000,-0.000000025,0.050000010,0.000000000,0.000000000,0.050000000,-0.000000000,-0.000000025,0.000000010,0.000000027,0.000005064
5.942246583,READY,waiting_for_consecutive_valid_measurements,0.005517433,0,0.000000000,-0.000000025,0.050000010,0.000000000,0.000000000,0.050000000,-0.000000000,-0.000000025,0.000000010,0.000000027,0.000005091
5.952199809,READY,waiting_for_consecutive_valid_measurements,0.001626616,0,0.000000000,-0.000000021,0.050000010,0.000000000,0.000000000,0.050000000,-0.000000000,-0.000000021,0.000000010,0.000000023,0.000004324
5.963111194,READY,waiting_for_consecutive_valid_measurements,0.001830833,0,0.000000000,-0.000000022,0.050000010,0.000000000,0.000000000,0.050000000,-0.000000000,-0.000000022,0.000000010,0.000000024,0.000004419
5.973204522,READY,waiting_for_consecutive_valid_measurements,0.002900600,0,0.000000000,-0.000000022,0.050000010,0.000000000,0.000000000,0.050000000,-0.000000000,-0.000000022,0.000000010,0.000000024,0.000004419
5.983265793,READY,waiting_for_consecutive_valid_measurements,0.002217896,0,0.000000000,-0.000000022,0.050000010,0.000000000,0.000000000,0.050000000,-0.000000000,-0.000000022,0.000000010,0.000000024,0.000004501
5.993324689,READY,waiting_for_consecutive_valid_measurements,0.000572284,0,0.000000000,-0.000000026,0.050000010,0.000000000,0.000000000,0.050000000,-0.000000000,-0.000000026,0.000000010,0.000000028,0.000005329
6.003264854,READY,waiting_for_consecutive_valid_measurements,0.000480860,0,0.000000000,-0.000000023,0.050000010,0.000000000,0.000000000,0.050000000,-0.000000000,-0.000000023,0.000000010,0.000000025,0.000004610
6.013353433,READY,waiting_for_consecutive_valid_measurements,0.000301577,0,0.000000000,-0.000000023,0.050000010,0.000000000,0.000000000,0.050000000,-0.000000000,-0.000000023,0.000000010,0.000000025,0.000004610
6.023392144,READY,waiting_for_consecutive_valid_measurements,0.000347883,0,0.000000000,-0.000000025,0.050000010,0.000000000,0.000000000,0.050000000,-0.000000000,-0.000000025,0.000000010,0.000000027,0.000005122
6.033489034,READY,waiting_for_consecutive_valid_measurements,0.000365692,0,0.000000000,-0.000000023,0.050000010,0.000000000,0.000000000,0.050000000,-0.000000000,-0.000000023,0.000000010,0.000000025,0.000004776
6.043533683,READY,waiting_for_consecutive_valid_measurements,0.000389438,0,0.000000000,-0.000000024,0.050000010,0.000000000,0.000000000,0.050000000,-0.000000000,-0.000000024,0.000000010,0.000000026,0.000004943
6.053608014,READY,waiting_for_consecutive_valid_measurements,0.000368067,0,0.000000000,-0.000000024,0.050000010,0.000000000,0.000000000,0.050000000,-0.000000000,-0.000000024,0.000000010,0.000000026,0.000004952
6.063693031,READY,waiting_for_consecutive_valid_measurements,0.000340758,0,0.000000000,-0.000000024,0.050000010,0.000000000,0.000000000,0.050000000,-0.000000000,-0.000000024,0.000000010,0.000000026,0.000004954
6.073763800,READY,waiting_for_consecutive_valid_measurements,0.000385876,0,0.000000000,-0.000000024,0.050000010,0.000000000,0.000000000,0.050000000,-0.000000000,-0.000000024,0.000000010,0.000000026,0.000004969
6.083833382,READY,waiting_for_consecutive_valid_measurements,0.000451178,0,0.000000000,-0.000000024,0.050000010,0.000000000,0.000000000,0.050000000,-0.000000000,-0.000000024,0.000000010,0.000000026,0.000004964
6.093893465,READY,waiting_for_consecutive_valid_measurements,0.000472550,0,0.000000000,-0.000000024,0.050000010,0.000000000,0.000000000,0.050000000,-0.000000000,-0.000000024,0.000000010,0.000000026,0.000004978
6.103957111,READY,waiting_for_consecutive_valid_measurements,0.000460676,0,0.000000000,-0.000000024,0.050000010,0.000000000,0.000000000,0.050000000,-0.000000000,-0.000000024,0.000000010,0.000000026,0.000004973
6.113983949,READY,waiting_for_consecutive_valid_measurements,0.000563973,0,0.000000000,-0.000000024,0.050000010,0.000000000,0.000000000,0.050000000,-0.000000000,-0.000000024,0.000000010,0.000000026,0.000004979
6.124045220,READY,waiting_for_consecutive_valid_measurements,0.000734945,0,0.000000000,-0.000000024,0.050000010,0.000000000,0.000000000,0.050000000,-0.000000000,-0.000000024,0.000000010,0.000000025,0.000004805
6.134114802,READY,waiting_for_consecutive_valid_measurements,0.000858426,0,0.000000000,-0.000000026,0.050000010,0.000000000,0.000000000,0.050000000,-0.000000000,-0.000000026,0.000000010,0.000000028,0.000005324
6.144155888,READY,waiting_for_consecutive_valid_measurements,0.001018713,0,0.000000000,-0.000000026,0.050000010,0.000000000,0.000000000,0.050000000,-0.000000000,-0.000000026,0.000000010,0.000000028,0.000005324
6.154327579,TRACKING,,0.000997341,1,0.000000000,-0.000000024,0.050000010,0.000000000,0.000000000,0.050000000,-0.000000000,-0.000000024,0.000000010,0.000000025,0.000004815
6.164384100,TRACKING,,0.001133882,1,0.000000000,-0.000000025,0.050000010,0.000000000,0.000000000,0.050000000,-0.000000000,-0.000000025,0.000000010,0.000000027,0.000005155
6.174890612,TRACKING,,0.001076891,1,0.000000000,-0.000000021,0.050000010,0.000000000,0.000000000,0.050000000,-0.000000000,-0.000000021,0.000000010,0.000000023,0.000004319
6.184514953,TRACKING,,0.000975970,1,0.000000000,-0.000000018,0.050000010,0.000000000,0.000000000,0.050000000,-0.000000000,-0.000000018,0.000000010,0.000000020,0.000003674
6.194642713,TRACKING,,0.000946287,1,0.000000000,-0.000000018,0.050000010,0.000000000,0.000000000,0.050000000,-0.000000000,-0.000000018,0.000000010,0.000000021,0.000003777
6.204632745,TRACKING,,0.001057894,1,0.000000000,-0.000000021,0.050000010,0.000000000,0.000000000,0.050000000,-0.000000000,-0.000000021,0.000000010,0.000000023,0.000004372
6.214709451,TRACKING,,0.000834679,1,0.000000000,-0.000000024,0.050000010,0.000000000,0.000000000,0.050000000,-0.000000000,-0.000000024,0.000000010,0.000000026,0.000004824
6.224813465,TRACKING,,0.000658957,1,0.000000000,-0.000000026,0.050000010,0.000000000,0.000000000,0.050000000,-0.000000000,-0.000000026,0.000000010,0.000000027,0.000005238
6.234888983,TRACKING,,0.000396562,1,0.000000000,-0.000000022,0.050000010,0.000000000,0.000000000,0.050000000,-0.000000000,-0.000000022,0.000000010,0.000000024,0.000004531
6.244943130,TRACKING,,0.000105671,1,0.000000000,-0.000000024,0.050000010,0.000000000,0.000000000,0.050000000,-0.000000000,-0.000000024,0.000000010,0.000000026,0.000004970
6.255292917,TRACKING,,0.002417364,1,0.000000000,-0.000000024,0.050000010,0.000000000,0.000000000,0.050000000,-0.000000000,-0.000000024,0.000000010,0.000000026,0.000004970
6.265183215,TRACKING,,0.002114601,1,0.000000000,-0.000000026,0.050000010,0.000000000,0.000000000,0.050000000,-0.000000000,-0.000000026,0.000000010,0.000000028,0.000005377
6.275233800,TRACKING,,0.001871202,1,0.000000000,-0.000000028,0.050000010,0.000000000,0.000000000,0.050000000,-0.000000000,-0.000000028,0.000000010,0.000000030,0.000005748
6.285181089,TRACKING,,0.001399839,1,0.000000000,-0.000000025,0.050000010,0.000000000,0.000000000,0.050000000,-0.000000000,-0.000000025,0.000000010,0.000000026,0.000004995
6.295272042,TRACKING,,0.001294168,1,0.000000000,-0.000000021,0.050000010,0.000000000,0.000000000,0.050000000,-0.000000000,-0.000000021,0.000000010,0.000000023,0.000004293
6.305308380,TRACKING,,0.001443769,1,0.000000000,-0.000000019,0.050000010,0.000000000,0.000000000,0.050000000,-0.000000000,-0.000000019,0.000000010,0.000000021,0.000003936
6.315392209,TRACKING,,0.001107761,1,0.000000000,-0.000000022,0.050000010,0.000000000,0.000000000,0.050000000,-0.000000000,-0.000000022,0.000000010,0.000000024,0.000004521
6.325593583,TRACKING,,0.000657770,1,0.000000000,-0.000000022,0.050000010,0.000000000,0.000000000,0.050000000,-0.000000000,-0.000000022,0.000000010,0.000000024,0.000004555
6.335704720,TRACKING,,0.000460677,1,0.000000000,-0.000000021,0.050000010,0.000000000,0.000000000,0.050000000,-0.000000000,-0.000000021,0.000000010,0.000000023,0.000004187
6.345612828,TRACKING,,0.000288516,1,0.000000000,-0.000000019,0.050000010,0.000000000,0.000000000,0.050000000,-0.000000000,-0.000000019,0.000000010,0.000000021,0.000003856
6.355678848,TRACKING,,0.000141290,1,0.000000000,-0.000000017,0.050000010,0.000000000,0.000000000,0.050000000,-0.000000000,-0.000000017,0.000000010,0.000000020,0.000003551
6.365770989,TRACKING,,0.000014248,1,0.000000000,-0.000000016,0.050000010,0.000000000,0.000000000,0.050000000,-0.000000000,-0.000000016,0.000000010,0.000000019,0.000003270
6.375914184,TRACKING,,0.000032057,1,0.000000000,-0.000000017,0.050000010,0.000000000,0.000000000,0.050000000,-0.000000000,-0.000000017,0.000000010,0.000000019,0.000003413
6.386036007,TRACKING,,0.000283768,1,0.000000000,-0.000000019,0.050000010,0.000000000,0.000000000,0.050000000,-0.000000000,-0.000000019,0.000000010,0.000000021,0.000003928
6.396548456,TRACKING,,0.002395993,1,0.000000000,-0.000000019,0.050000010,0.000000000,0.000000000,0.050000000,-0.000000000,-0.000000019,0.000000010,0.000000021,0.000003905
6.406039818,TRACKING,,0.000066490,1,0.000000000,-0.000000018,0.050000010,0.000000000,0.000000000,0.050000000,-0.000000000,-0.000000018,0.000000010,0.000000020,0.000003600
6.416036974,TRACKING,,0.000237462,1,0.000000000,-0.000000016,0.050000010,0.000000000,0.000000000,0.050000000,-0.000000000,-0.000000016,0.000000010,0.000000019,0.000003261
6.426151673,TRACKING,,0.000246961,1,0.000000000,-0.000000020,0.050000010,0.000000000,0.000000000,0.050000000,-0.000000000,-0.000000020,0.000000010,0.000000022,0.000004070
6.436211757,TRACKING,,0.000307513,1,0.000000000,-0.000000024,0.050000010,0.000000000,0.000000000,0.050000000,-0.000000000,-0.000000024,0.000000010,0.000000026,0.000004814
6.446349015,TRACKING,,0.000224401,1,0.000000000,-0.000000027,0.050000010,0.000000000,0.000000000,0.050000000,-0.000000000,-0.000000027,0.000000010,0.000000029,0.000005501
6.456473213,TRACKING,,0.000368067,1,0.000000000,-0.000000027,0.050000010,0.000000000,0.000000000,0.050000000,-0.000000000,-0.000000027,0.000000010,0.000000029,0.000005501
6.466443061,TRACKING,,0.000449991,1,0.000000000,-0.000000028,0.050000010,0.000000000,0.000000000,0.050000000,-0.000000000,-0.000000028,0.000000010,0.000000029,0.000005651
6.476741794,TRACKING,,0.000610278,1,0.000000000,-0.000000024,0.050000010,0.000000000,0.000000000,0.050000000,-0.000000000,-0.000000024,0.000000010,0.000000026,0.000004931
6.486812563,TRACKING,,0.000522417,1,0.000000000,-0.000000020,0.050000010,0.000000000,0.000000000,0.050000000,-0.000000000,-0.000000020,0.000000010,0.000000022,0.000004108
6.497024622,TRACKING,,0.000736132,1,0.000000000,-0.000000017,0.050000010,0.000000000,0.000000000,0.050000000,-0.000000000,-0.000000017,0.000000010,0.000000020,0.000003507
6.506971911,TRACKING,,0.000689828,1,0.000000000,-0.000000014,0.050000010,0.000000000,0.000000000,0.050000000,-0.000000000,-0.000000014,0.000000010,0.000000017,0.000002823
6.516857460,TRACKING,,0.000904731,1,0.000000000,-0.000000011,0.050000010,0.000000000,0.000000000,0.050000000,-0.000000000,-0.000000011,0.000000010,0.000000014,0.000002207
6.526900921,TRACKING,,0.001151691,1,0.000000000,-0.000000011,0.050000010,0.000000000,0.000000000,0.050000000,-0.000000000,-0.000000011,0.000000010,0.000000014,0.000002207
6.536988313,TRACKING,,0.001265673,1,0.000000000,-0.000000008,0.050000010,0.000000000,0.000000000,0.050000000,-0.000000000,-0.000000008,0.000000010,0.000000012,0.000001654
6.547010402,TRACKING,,0.001542317,1,0.000000000,-0.000000005,0.050000010,0.000000000,0.000000000,0.050000000,-0.000000000,-0.000000005,0.000000010,0.000000011,0.000001150
6.557097794,TRACKING,,0.001549440,1,0.000000000,-0.000000003,0.050000010,0.000000000,0.000000000,0.050000000,-0.000000000,-0.000000003,0.000000010,0.000000010,0.000000698
6.567151940,TRACKING,,0.001807087,1,0.000000000,-0.000000001,0.050000010,0.000000000,0.000000000,0.050000000,-0.000000000,-0.000000001,0.000000010,0.000000010,0.000000286
6.577152658,TRACKING,,0.001976873,1,0.000000000,-0.000000001,0.050000010,0.000000000,0.000000000,0.050000000,-0.000000000,-0.000000001,0.000000010,0.000000010,0.000000286
6.587226989,TRACKING,,0.002035050,1,0.000000000,0.000000001,0.050000010,0.000000000,0.000000000,0.050000000,-0.000000000,0.000000001,0.000000010,0.000000010,0.000000090
6.597478230,TRACKING,,0.002062359,1,0.000000000,0.000000002,0.050000010,0.000000000,0.000000000,0.050000000,-0.000000000,0.000000002,0.000000010,0.000000010,0.000000365
6.607506256,TRACKING,,0.002097978,1,0.000000000,0.000000004,0.050000010,0.000000000,0.000000000,0.050000000,-0.000000000,0.000000004,0.000000010,0.000000010,0.000000677
6.617520034,TRACKING,,0.000111607,1,0.000000000,0.000000005,0.050000010,0.000000000,0.000000000,0.050000000,-0.000000000,0.000000005,0.000000010,0.000000011,0.000000908
6.627577743,TRACKING,,0.000184033,1,0.000000000,0.000000006,0.050000010,0.000000000,0.000000000,0.050000000,-0.000000000,0.000000006,0.000000010,0.000000011,0.000001162
6.637652074,TRACKING,,0.000102109,1,0.000000000,0.000000007,0.050000010,0.000000000,0.000000000,0.050000000,-0.000000000,0.000000007,0.000000010,0.000000012,0.000001356
6.647927061,TRACKING,,0.002236894,1,0.000000000,0.000000008,0.050000010,0.000000000,0.000000000,0.050000000,-0.000000000,0.000000008,0.000000010,0.000000012,0.000001543
6.657999017,TRACKING,,0.002257078,1,0.000000000,0.000000009,0.050000010,0.000000000,0.000000000,0.050000000,-0.000000000,0.000000009,0.000000010,0.000000013,0.000001705
6.667795517,TRACKING,,0.000021371,1,0.000000000,0.000000010,0.050000010,0.000000000,0.000000000,0.050000000,-0.000000000,0.000000010,0.000000010,0.000000013,0.000001888
6.677860350,TRACKING,,0.000163849,1,0.000000000,0.000000010,0.050000010,0.000000000,0.000000000,0.050000000,-0.000000000,0.000000010,0.000000010,0.000000014,0.000002056
6.688020168,TRACKING,,0.000312263,1,0.000000000,0.000000010,0.050000010,0.000000000,0.000000000,0.050000000,-0.000000000,0.000000010,0.000000010,0.000000014,0.000002056
6.697955583,TRACKING,,0.000210154,1,0.000000000,0.000000011,0.050000010,0.000000000,0.000000000,0.050000000,-0.000000000,0.000000011,0.000000010,0.000000015,0.000002207
6.708256691,TRACKING,,0.000074801,1,0.000000000,0.000000012,0.050000010,0.000000000,0.000000000,0.050000000,-0.000000000,0.000000012,0.000000010,0.000000015,0.000002320
6.718427194,TRACKING,,0.000036807,1,0.000000000,0.000000012,0.050000010,0.000000000,0.000000000,0.050000000,-0.000000000,0.000000012,0.000000010,0.000000015,0.000002423
6.728324616,TRACKING,,0.000243399,1,0.000000000,0.000000013,0.050000010,0.000000000,0.000000000,0.050000000,-0.000000000,0.000000013,0.000000010,0.000000016,0.000002520
6.738397760,TRACKING,,0.000230338,1,0.000000000,0.000000013,0.050000010,0.000000000,0.000000000,0.050000000,-0.000000000,0.000000013,0.000000010,0.000000016,0.000002626
6.748627629,TRACKING,,0.000194719,1,0.000000000,0.000000014,0.050000010,0.000000000,0.000000000,0.050000000,-0.000000000,0.000000014,0.000000010,0.000000017,0.000002705
6.758692461,TRACKING,,0.000333635,1,0.000000000,0.000000014,0.050000010,0.000000000,0.000000000,0.050000000,-0.000000000,0.000000014,0.000000010,0.000000017,0.000002778
6.768782227,TRACKING,,0.000364504,1,0.000000000,0.000000014,0.050000010,0.000000000,0.000000000,0.050000000,-0.000000000,0.000000014,0.000000010,0.000000017,0.000002861
6.778844685,TRACKING,,0.000123480,1,0.000000000,0.000000015,0.050000010,0.000000000,0.000000000,0.050000000,-0.000000000,0.000000015,0.000000010,0.000000017,0.000002922
6.788799098,TRACKING,,0.000100921,1,0.000000000,0.000000015,0.050000010,0.000000000,0.000000000,0.050000000,-0.000000000,0.000000015,0.000000010,0.000000018,0.000002979
6.799011157,TRACKING,,0.000270707,1,0.000000000,0.000000015,0.050000010,0.000000000,0.000000000,0.050000000,-0.000000000,0.000000015,0.000000010,0.000000018,0.000003031
6.809002377,TRACKING,,0.000309888,1,0.000000000,0.000000015,0.050000010,0.000000000,0.000000000,0.050000000,-0.000000000,0.000000015,0.000000010,0.000000018,0.000003090
6.818972224,TRACKING,,0.000501046,1,0.000000000,0.000000015,0.050000010,0.000000000,0.000000000,0.050000000,-0.000000000,0.000000015,0.000000010,0.000000018,0.000003090
6.829038244,TRACKING,,0.000580595,1,0.000000000,0.000000016,0.050000010,0.000000000,0.000000000,0.050000000,-0.000000000,0.000000016,0.000000010,0.000000018,0.000003142
6.839092391,TRACKING,,0.000628088,1,0.000000000,0.000000016,0.050000010,0.000000000,0.000000000,0.050000000,-0.000000000,0.000000016,0.000000010,0.000000019,0.000003190
6.849152475,TRACKING,,0.000769378,1,0.000000000,0.000000016,0.050000010,0.000000000,0.000000000,0.050000000,-0.000000000,0.000000016,0.000000010,0.000000019,0.000003233
6.859227993,TRACKING,,0.000903544,1,0.000000000,0.000000016,0.050000010,0.000000000,0.000000000,0.050000000,-0.000000000,0.000000016,0.000000010,0.000000019,0.000003272
6.869276203,TRACKING,,0.001073329,1,0.000000000,0.000000016,0.050000010,0.000000000,0.000000000,0.050000000,-0.000000000,0.000000016,0.000000010,0.000000019,0.000003272
6.879377843,TRACKING,,0.001119634,1,0.000000000,0.000000016,0.050000010,0.000000000,0.000000000,0.050000000,-0.000000000,0.000000016,0.000000010,0.000000019,0.000003307
6.889456923,TRACKING,,0.001101824,1,0.000000000,0.000000017,0.050000010,0.000000000,0.000000000,0.050000000,-0.000000000,0.000000017,0.000000010,0.000000019,0.000003333
6.899573997,TRACKING,,0.001111323,1,0.000000000,0.000000017,0.050000010,0.000000000,0.000000000,0.050000000,-0.000000000,0.000000017,0.000000010,0.000000019,0.000003357
6.909681573,TRACKING,,0.000960534,1,0.000000000,0.000000017,0.050000010,0.000000000,0.000000000,0.050000000,-0.000000000,0.000000017,0.000000010,0.000000019,0.000003380
6.919786774,TRACKING,,0.000574659,1,0.000000000,0.000000017,0.050000010,0.000000000,0.000000000,0.050000000,-0.000000000,0.000000017,0.000000010,0.000000019,0.000003400
6.929899099,TRACKING,,0.000400124,1,0.000000000,0.000000017,0.050000010,0.000000000,0.000000000,0.050000000,-0.000000000,0.000000017,0.000000010,0.000000020,0.000003420
6.940055355,TRACKING,,0.000068864,1,0.000000000,0.000000017,0.050000010,0.000000000,0.000000000,0.050000000,-0.000000000,0.000000017,0.000000010,0.000000020,0.000003438
6.950382583,TRACKING,,0.002317630,1,0.000000000,0.000000017,0.050000010,0.000000000,0.000000000,0.050000000,-0.000000000,0.000000017,0.000000010,0.000000020,0.000003454
6.960190957,TRACKING,,0.001784528,1,0.000000000,0.000000017,0.050000010,0.000000000,0.000000000,0.050000000,-0.000000000,0.000000017,0.000000010,0.000000020,0.000003469
6.970374520,TRACKING,,0.001227679,1,0.000000000,0.000000017,0.050000010,0.000000000,0.000000000,0.050000000,-0.000000000,0.000000017,0.000000010,0.000000020,0.000003484
6.980516528,TRACKING,,0.001693105,1,0.000000000,0.000000017,0.050000010,0.000000000,0.000000000,0.050000000,-0.000000000,0.000000017,0.000000010,0.000000020,0.000003497
6.990537430,TRACKING,,0.001129132,1,0.000000000,0.000000017,0.050000010,0.000000000,0.000000000,0.050000000,-0.000000000,0.000000017,0.000000010,0.000000020,0.000003510
7.000660441,TRACKING,,0.000743256,1,0.000000000,0.000000018,0.050000010,0.000000000,0.000000000,0.050000000,-0.000000000,0.000000018,0.000000010,0.000000020,0.000003521
7.010822633,TRACKING,,0.000274269,1,0.000000000,0.000000018,0.050000010,0.000000000,0.000000000,0.050000000,-0.000000000,0.000000018,0.000000010,0.000000020,0.000003531
7.021064375,TRACKING,,0.002357999,1,0.000000000,0.000000018,0.050000010,0.000000000,0.000000000,0.050000000,-0.000000000,0.000000018,0.000000010,0.000000020,0.000003540
7.031104274,TRACKING,,0.001088764,1,0.000000000,0.000000018,0.050000010,0.000000000,0.000000000,0.050000000,-0.000000000,0.000000018,0.000000010,0.000000020,0.000003549
7.041068186,TRACKING,,0.000239837,1,0.000000000,0.000000018,0.050000010,0.000000000,0.000000000,0.050000000,-0.000000000,0.000000018,0.000000010,0.000000020,0.000003557
7.051140142,TRACKING,,0.001927005,1,0.000000000,0.000000018,0.050000010,0.000000000,0.000000000,0.050000000,-0.000000000,0.000000018,0.000000010,0.000000020,0.000003557
7.061297585,TRACKING,,0.000458302,1,0.000000000,0.000000018,0.050000010,0.000000000,0.000000000,0.050000000,-0.000000000,0.000000018,0.000000010,0.000000020,0.000003564
7.071891958,TRACKING,,0.002678572,1,0.000000000,0.000000018,0.050000010,0.000000000,0.000000000,0.050000000,-0.000000000,0.000000018,0.000000010,0.000000020,0.000003571
7.081860619,TRACKING,,0.001176625,1,0.000000000,0.000000018,0.050000010,0.000000000,0.000000000,0.050000000,-0.000000000,0.000000018,0.000000010,0.000000020,0.000003577
7.092048931,TRACKING,,0.000020184,1,0.000000000,0.000000018,0.050000010,0.000000000,0.000000000,0.050000000,-0.000000000,0.000000018,0.000000010,0.000000020,0.000003583
7.102143447,TRACKING,,0.001569624,1,0.000000000,0.000000018,0.050000010,0.000000000,0.000000000,0.050000000,-0.000000000,0.000000018,0.000000010,0.000000020,0.000003588
7.112235588,TRACKING,,0.000214903,1,0.000000000,0.000000018,0.050000010,0.000000000,0.000000000,0.050000000,-0.000000000,0.000000018,0.000000010,0.000000020,0.000003593
7.122327728,TRACKING,,0.001963812,1,0.000000000,0.000000018,0.050000010,0.000000000,0.000000000,0.050000000,-0.000000000,0.000000018,0.000000010,0.000000020,0.000003597
7.132402059,TRACKING,,0.000816870,1,0.000000000,0.000000018,0.050000010,0.000000000,0.000000000,0.050000000,-0.000000000,0.000000018,0.000000010,0.000000020,0.000003601
7.142523883,TRACKING,,0.002376996,1,0.000000000,0.000000018,0.050000010,0.000000000,0.000000000,0.050000000,-0.000000000,0.000000018,0.000000010,0.000000020,0.000003601
7.152598214,TRACKING,,0.001292981,1,0.000000000,0.000000018,0.050000010,0.000000000,0.000000000,0.050000000,-0.000000000,0.000000018,0.000000010,0.000000020,0.000003605
7.162706977,TRACKING,,0.000161474,1,0.000000000,0.000000018,0.050000010,0.000000000,0.000000000,0.050000000,-0.000000000,0.000000018,0.000000010,0.000000020,0.000003608
7.172820490,TRACKING,,0.001827271,1,0.000000000,0.000000018,0.050000010,0.000000000,0.000000000,0.050000000,-0.000000000,0.000000018,0.000000010,0.000000020,0.000003611
7.182912630,TRACKING,,0.000771752,1,0.000000000,0.000000018,0.050000010,0.000000000,0.000000000,0.050000000,-0.000000000,0.000000018,0.000000010,0.000000020,0.000003614
7.192958466,TRACKING,,0.002054047,1,0.000000000,0.000000018,0.050000010,0.000000000,0.000000000,0.050000000,-0.000000000,0.000000018,0.000000010,0.000000020,0.000003616
7.203049419,TRACKING,,0.001208682,1,0.000000000,0.000000018,0.050000010,0.000000000,0.000000000,0.050000000,-0.000000000,0.000000018,0.000000010,0.000000020,0.000003619
7.213119001,TRACKING,,0.000674393,1,0.000000000,0.000000018,0.050000010,0.000000000,0.000000000,0.050000000,-0.000000000,0.000000018,0.000000010,0.000000020,0.000003621
7.223126843,TRACKING,,0.000201843,1,0.000000000,0.000000018,0.050000010,0.000000000,0.000000000,0.050000000,-0.000000000,0.000000018,0.000000010,0.000000020,0.000003622
7.233213047,TRACKING,,0.002323567,1,0.000000000,0.000000018,0.050000010,0.000000000,0.000000000,0.050000000,-0.000000000,0.000000018,0.000000010,0.000000020,0.000003624
7.243228013,TRACKING,,0.001919881,1,0.000000000,0.000000018,0.050000010,0.000000000,0.000000000,0.050000000,-0.000000000,0.000000018,0.000000010,0.000000020,0.000003626
7.253265537,TRACKING,,0.001243114,1,0.000000000,0.000000018,0.050000010,0.000000000,0.000000000,0.050000000,-0.000000000,0.000000018,0.000000010,0.000000020,0.000003627
7.263401609,TRACKING,,0.000536665,1,0.000000000,0.000000018,0.050000010,0.000000000,0.000000000,0.050000000,-0.000000000,0.000000018,0.000000010,0.000000020,0.000003628
7.273490187,TRACKING,,0.000078362,1,0.000000000,0.000000018,0.050000010,0.000000000,0.000000000,0.050000000,-0.000000000,0.000000018,0.000000010,0.000000020,0.000003629
7.283887467,TRACKING,,0.002128849,1,0.000000000,0.000000018,0.050000010,0.000000000,0.000000000,0.050000000,-0.000000000,0.000000018,0.000000010,0.000000020,0.000003629
7.293721961,TRACKING,,0.001718038,1,0.000000000,0.000000018,0.050000010,0.000000000,0.000000000,0.050000000,-0.000000000,0.000000018,0.000000010,0.000000020,0.000003630
7.303820039,TRACKING,,0.000693390,1,0.000000000,0.000000018,0.050000010,0.000000000,0.000000000,0.050000000,-0.000000000,0.000000018,0.000000010,0.000000020,0.000003631
7.313937113,TRACKING,,0.002361561,1,0.000000000,0.000000018,0.050000010,0.000000000,0.000000000,0.050000000,-0.000000000,0.000000018,0.000000010,0.000000020,0.000003632
7.324010257,TRACKING,,0.001358284,1,0.000000000,0.000000018,0.050000010,0.000000000,0.000000000,0.050000000,-0.000000000,0.000000018,0.000000010,0.000000020,0.000003633
7.334094086,TRACKING,,0.000277831,1,0.000000000,0.000000018,0.050000010,0.000000000,0.000000000,0.050000000,-0.000000000,0.000000018,0.000000010,0.000000020,0.000003634
7.344344139,TRACKING,,0.001992308,1,0.000000000,0.000000018,0.050000010,0.000000000,0.000000000,0.050000000,-0.000000000,0.000000018,0.000000010,0.000000020,0.000003635
7.354194069,TRACKING,,0.001165939,1,0.000000000,0.000000018,0.050000010,0.000000000,0.000000000,0.050000000,-0.000000000,0.000000018,0.000000010,0.000000020,0.000003635
7.364326578,TRACKING,,0.000351444,1,0.000000000,0.000000018,0.050000010,0.000000000,0.000000000,0.050000000,-0.000000000,0.000000018,0.000000010,0.000000020,0.000003636
7.374713172,TRACKING,,0.002420926,1,0.000000000,0.000000018,0.050000010,0.000000000,0.000000000,0.050000000,-0.000000000,0.000000018,0.000000010,0.000000020,0.000003637
7.384375506,TRACKING,,0.001684793,1,0.000000000,0.000000018,0.050000010,0.000000000,0.000000000,0.050000000,-0.000000000,0.000000018,0.000000010,0.000000020,0.000003637
7.394394034,TRACKING,,0.000848927,1,0.000000000,0.000000018,0.050000010,0.000000000,0.000000000,0.050000000,-0.000000000,0.000000018,0.000000010,0.000000020,0.000003637
7.404585909,TRACKING,,0.000102108,1,0.000000000,0.000000018,0.050000010,0.000000000,0.000000000,0.050000000,-0.000000000,0.000000018,0.000000010,0.000000020,0.000003638
7.414583065,TRACKING,,0.001919882,1,0.000000000,0.000000018,0.050000010,0.000000000,0.000000000,0.050000000,-0.000000000,0.000000018,0.000000010,0.000000020,0.000003638
7.424767816,TRACKING,,0.001073329,1,0.000000000,0.000000018,0.050000010,0.000000000,0.000000000,0.050000000,-0.000000000,0.000000018,0.000000010,0.000000020,0.000003638
7.434806527,TRACKING,,0.000338384,1,0.000000000,0.000000018,0.050000010,0.000000000,0.000000000,0.050000000,-0.000000000,0.000000018,0.000000010,0.000000020,0.000003639
7.444961596,TRACKING,,0.002452984,1,0.000000000,0.000000018,0.050000010,0.000000000,0.000000000,0.050000000,-0.000000000,0.000000018,0.000000010,0.000000020,0.000003639
7.454950440,TRACKING,,0.001809461,1,0.000000000,0.000000018,0.050000010,0.000000000,0.000000000,0.050000000,-0.000000000,0.000000018,0.000000010,0.000000020,0.000003639
7.464993901,TRACKING,,0.001095888,1,0.000000000,0.000000018,0.050000010,0.000000000,0.000000000,0.050000000,-0.000000000,0.000000018,0.000000010,0.000000020,0.000003639
7.475043299,TRACKING,,0.000598404,1,0.000000000,0.000000018,0.050000010,0.000000000,0.000000000,0.050000000,-0.000000000,0.000000018,0.000000010,0.000000020,0.000003640
7.485275542,TRACKING,,0.002501664,1,0.000000000,0.000000018,0.050000010,0.000000000,0.000000000,0.050000000,-0.000000000,0.000000018,0.000000010,0.000000020,0.000003640
7.495199085,TRACKING,,0.001493637,1,0.000000000,0.000000018,0.050000010,0.000000000,0.000000000,0.050000000,-0.000000000,0.000000018,0.000000010,0.000000020,0.000003640
7.505254419,TRACKING,,0.000313450,1,0.000000000,0.000000018,0.050000010,0.000000000,0.000000000,0.050000000,-0.000000000,0.000000018,0.000000010,0.000000020,0.000003640
7.515359620,TRACKING,,0.002065921,1,0.000000000,0.000000018,0.050000010,0.000000000,0.000000000,0.050000000,-0.000000000,0.000000018,0.000000010,0.000000020,0.000003641
7.525390021,TRACKING,,0.000965283,1,0.000000000,0.000000018,0.050000010,0.000000000,0.000000000,0.050000000,-0.000000000,0.000000018,0.000000010,0.000000020,0.000003641
7.535688754,TRACKING,,0.002654827,1,0.000000000,0.000000018,0.050000010,0.000000000,0.000000000,0.050000000,-0.000000000,0.000000018,0.000000010,0.000000020,0.000003641
7.545527997,TRACKING,,0.001661047,1,0.000000000,0.000000018,0.050000010,0.000000000,0.000000000,0.050000000,-0.000000000,0.000000018,0.000000010,0.000000020,0.000003641
7.555643884,TRACKING,,0.000577033,1,0.000000000,0.000000018,0.050000010,0.000000000,0.000000000,0.050000000,-0.000000000,0.000000018,0.000000010,0.000000020,0.000003641
7.565801327,TRACKING,,0.002260640,1,0.000000000,0.000000018,0.050000010,0.000000000,0.000000000,0.050000000,-0.000000000,0.000000018,0.000000010,0.000000020,0.000003641
7.575769988,TRACKING,,0.001200372,1,0.000000000,0.000000018,0.050000010,0.000000000,0.000000000,0.050000000,-0.000000000,0.000000018,0.000000010,0.000000020,0.000003641
7.585881125,TRACKING,,0.000130604,1,0.000000000,0.000000018,0.050000010,0.000000000,0.000000000,0.050000000,-0.000000000,0.000000018,0.000000010,0.000000020,0.000003641
7.595932898,TRACKING,,0.001805899,1,0.000000000,0.000000018,0.050000010,0.000000000,0.000000000,0.050000000,-0.000000000,0.000000018,0.000000010,0.000000020,0.000003641
7.606063032,TRACKING,,0.000814495,1,0.000000000,0.000000018,0.050000010,0.000000000,0.000000000,0.050000000,-0.000000000,0.000000018,0.000000010,0.000000020,0.000003642
7.616155173,TRACKING,,0.000045118,1,0.000000000,0.000000018,0.050000010,0.000000000,0.000000000,0.050000000,-0.000000000,0.000000018,0.000000010,0.000000020,0.000003642
7.626250876,TRACKING,,0.001925818,1,0.000000000,0.000000018,0.050000010,0.000000000,0.000000000,0.050000000,-0.000000000,0.000000018,0.000000010,0.000000020,0.000003642
7.636887992,TRACKING,,0.004083162,1,0.000000000,0.000000018,0.050000010,0.000000000,0.000000000,0.050000000,-0.000000000,0.000000018,0.000000010,0.000000020,0.000003642
7.646793725,TRACKING,,0.002043361,1,0.000000000,0.000000018,0.050000010,0.000000000,0.000000000,0.050000000,-0.000000000,0.000000018,0.000000010,0.000000020,0.000003642
7.657075836,TRACKING,,0.004171022,1,0.000000000,0.000000018,0.050000010,0.000000000,0.000000000,0.050000000,-0.000000000,0.000000018,0.000000010,0.000000020,0.000003642
7.667144230,TRACKING,,0.001016337,1,0.000000000,0.000000018,0.050000010,0.000000000,0.000000000,0.050000000,-0.000000000,0.000000018,0.000000010,0.000000020,0.000003642
7.677180567,TRACKING,,0.000026121,1,0.000000000,0.000000018,0.050000010,0.000000000,0.000000000,0.050000000,-0.000000000,0.000000018,0.000000010,0.000000020,0.000003642
7.687134980,TRACKING,,0.001841519,1,0.000000000,0.000000018,0.050000010,0.000000000,0.000000000,0.050000000,-0.000000000,0.000000018,0.000000010,0.000000020,0.000003642
7.697234245,TRACKING,,0.001133882,1,0.000000000,0.000000018,0.050000010,0.000000000,0.000000000,0.050000000,-0.000000000,0.000000018,0.000000010,0.000000020,0.000003642
7.707578095,TRACKING,,0.000136540,1,0.000000000,0.000000018,0.050000010,0.000000000,0.000000000,0.050000000,-0.000000000,0.000000018,0.000000010,0.000000020,0.000003642
7.717342538,TRACKING,,0.001904446,1,0.000000000,0.000000018,0.050000010,0.000000000,0.000000000,0.050000000,-0.000000000,0.000000018,0.000000010,0.000000020,0.000003642
7.729760621,TRACKING,,0.003098881,1,0.000000000,0.000000018,0.050000010,0.000000000,0.000000000,0.050000000,-0.000000000,0.000000018,0.000000010,0.000000020,0.000003642
7.739401584,TRACKING,,0.001788090,1,0.000000000,0.000000018,0.050000010,0.000000000,0.000000000,0.050000000,-0.000000000,0.000000018,0.000000010,0.000000020,0.000003642
7.749902159,TRACKING,,0.000325323,1,0.000000000,0.000000018,0.050000010,0.000000000,0.000000000,0.050000000,-0.000000000,0.000000018,0.000000010,0.000000020,0.000003642
7.760142714,TRACKING,,0.001727537,1,0.000000000,0.000000018,0.050000010,0.000000000,0.000000000,0.050000000,-0.000000000,0.000000018,0.000000010,0.000000020,0.000003642
7.770145806,TRACKING,,0.001347598,1,0.000000000,0.000000018,0.050000010,0.000000000,0.000000000,0.050000000,-0.000000000,0.000000018,0.000000010,0.000000020,0.000003642
7.780107343,TRACKING,,0.000548538,1,0.000000000,0.000000018,0.050000010,0.000000000,0.000000000,0.050000000,-0.000000000,0.000000018,0.000000010,0.000000020,0.000003642
7.790406076,TRACKING,,0.002356812,1,0.000000000,0.000000018,0.050000010,0.000000000,0.000000000,0.050000000,-0.000000000,0.000000018,0.000000010,0.000000020,0.000003642
7.800174081,TRACKING,,0.001471078,1,0.000000000,0.000000018,0.050000010,0.000000000,0.000000000,0.050000000,-0.000000000,0.000000018,0.000000010,0.000000020,0.000003642
7.810206856,TRACKING,,0.000587718,1,0.000000000,0.000000018,0.050000010,0.000000000,0.000000000,0.050000000,-0.000000000,0.000000018,0.000000010,0.000000020,0.000003642
7.820374984,TRACKING,,0.002442298,1,0.000000000,0.000000018,0.050000010,0.000000000,0.000000000,0.050000000,-0.000000000,0.000000018,0.000000010,0.000000020,0.000003642
7.830278343,TRACKING,,0.001482951,1,0.000000000,0.000000018,0.050000010,0.000000000,0.000000000,0.050000000,-0.000000000,0.000000018,0.000000010,0.000000020,0.000003642
7.840293308,TRACKING,,0.000835867,1,0.000000000,0.000000018,0.050000010,0.000000000,0.000000000,0.050000000,-0.000000000,0.000000018,0.000000010,0.000000020,0.000003642
7.850326084,TRACKING,,0.000657770,1,0.000000000,0.000000018,0.050000010,0.000000000,0.000000000,0.050000000,-0.000000000,0.000000018,0.000000010,0.000000020,0.000003642
7.860370732,TRACKING,,0.000121106,1,0.000000000,0.000000018,0.050000010,0.000000000,0.000000000,0.050000000,-0.000000000,0.000000018,0.000000010,0.000000020,0.000003642
7.870394009,TRACKING,,0.000067676,1,0.000000000,0.000000018,0.050000010,0.000000000,0.000000000,0.050000000,-0.000000000,0.000000018,0.000000010,0.000000020,0.000003642
7.880625065,TRACKING,,0.002381745,1,0.000000000,0.000000018,0.050000010,0.000000000,0.000000000,0.050000000,-0.000000000,0.000000018,0.000000010,0.000000020,0.000003642
7.890572354,TRACKING,,0.002210772,1,0.000000000,0.000000018,0.050000010,0.000000000,0.000000000,0.050000000,-0.000000000,0.000000018,0.000000010,0.000000020,0.000003642
7.900548138,TRACKING,,0.000128229,1,0.000000000,0.000000018,0.050000010,0.000000000,0.000000000,0.050000000,-0.000000000,0.000000018,0.000000010,0.000000020,0.000003642
7.910761385,TRACKING,,0.002756936,1,0.000000000,0.000000018,0.050000010,0.000000000,0.000000000,0.050000000,-0.000000000,0.000000018,0.000000010,0.000000020,0.000003642
7.921029247,TRACKING,,0.002311694,1,0.000000000,0.000000018,0.050000010,0.000000000,0.000000000,0.050000000,-0.000000000,0.000000018,0.000000010,0.000000020,0.000003642
7.930963476,TRACKING,,0.002414990,1,0.000000000,0.000000018,0.050000010,0.000000000,0.000000000,0.050000000,-0.000000000,0.000000018,0.000000010,0.000000020,0.000003642
7.940965381,TRACKING,,0.002032676,1,0.000000000,0.000000018,0.050000010,0.000000000,0.000000000,0.050000000,-0.000000000,0.000000018,0.000000010,0.000000020,0.000003642
7.951289047,TRACKING,,0.001868827,1,0.000000000,0.000000018,0.050000010,0.000000000,0.000000000,0.050000000,-0.000000000,0.000000018,0.000000010,0.000000020,0.000003642
7.963033924,TRACKING,,0.001439021,1,0.000000000,0.000000018,0.050000010,0.000000000,0.000000000,0.050000000,-0.000000000,0.000000018,0.000000010,0.000000020,0.000003642
7.973054827,TRACKING,,0.001630177,1,0.000000000,0.000000018,0.050000010,0.000000000,0.000000000,0.050000000,-0.000000000,0.000000018,0.000000010,0.000000020,0.000003642
7.983259762,TRACKING,,0.001830833,1,0.000000000,0.000000018,0.050000010,0.000000000,0.000000000,0.050000000,-0.000000000,0.000000018,0.000000010,0.000000020,0.000003642
7.993258105,TRACKING,,0.001900885,1,0.000000000,0.000000018,0.050000010,0.000000000,0.000000000,0.050000000,-0.000000000,0.000000018,0.000000010,0.000000020,0.000003642
8.003220829,TRACKING,,0.000471362,1,0.000000000,0.000000018,0.050000010,0.000000000,0.000000000,0.050000000,-0.000000000,0.000000018,0.000000010,0.000000020,0.000003642
8.013310595,TRACKING,,0.000605528,1,0.000000000,0.000000018,0.050000010,0.000000000,0.000000000,0.050000000,-0.000000000,0.000000018,0.000000010,0.000000020,0.000003642
8.023333872,TRACKING,,0.000819244,1,0.000000000,0.000000018,0.050000010,0.000000000,0.000000000,0.050000000,-0.000000000,0.000000018,0.000000010,0.000000020,0.000003642
8.033414139,TRACKING,,0.000541414,1,0.000000000,0.000000018,0.050000010,0.000000000,0.000000000,0.050000000,-0.000000000,0.000000018,0.000000010,0.000000020,0.000003642
8.043507467,TRACKING,,0.000138915,1,0.000000000,0.000000018,0.050000010,0.000000000,0.000000000,0.050000000,-0.000000000,0.000000018,0.000000010,0.000000020,0.000003642
8.053896436,TRACKING,,0.000360943,1,0.000000000,0.000000018,0.050000010,0.000000000,0.000000000,0.050000000,-0.000000000,0.000000018,0.000000010,0.000000020,0.000003642
8.063603888,TRACKING,,0.000295640,1,0.000000000,0.000000018,0.050000010,0.000000000,0.000000000,0.050000000,-0.000000000,0.000000018,0.000000010,0.000000020,0.000003642
8.073633101,TRACKING,,0.000552099,1,0.000000000,0.000000018,0.050000010,0.000000000,0.000000000,0.050000000,-0.000000000,0.000000018,0.000000010,0.000000020,0.000003642
8.083769173,TRACKING,,0.000655396,1,0.000000000,0.000000018,0.050000010,0.000000000,0.000000000,0.050000000,-0.000000000,0.000000018,0.000000010,0.000000020,0.000003642
8.093831631,TRACKING,,0.000338384,1,0.000000000,0.000000018,0.050000010,0.000000000,0.000000000,0.050000000,-0.000000000,0.000000018,0.000000010,0.000000020,0.000003642
8.103872717,TRACKING,,0.000693390,1,0.000000000,0.000000018,0.050000010,0.000000000,0.000000000,0.050000000,-0.000000000,0.000000018,0.000000010,0.000000020,0.000003642
8.114026598,TRACKING,,0.000922540,1,0.000000000,0.000000018,0.050000010,0.000000000,0.000000000,0.050000000,-0.000000000,0.000000018,0.000000010,0.000000020,0.000003642
8.124187603,TRACKING,,0.001041271,1,0.000000000,0.000000018,0.050000010,0.000000000,0.000000000,0.050000000,-0.000000000,0.000000018,0.000000010,0.000000020,0.000003642
8.134220378,TRACKING,,0.001184936,1,0.000000000,0.000000018,0.050000010,0.000000000,0.000000000,0.050000000,-0.000000000,0.000000018,0.000000010,0.000000020,0.000003642
8.144178352,TRACKING,,0.000861987,1,0.000000000,0.000000018,0.050000010,0.000000000,0.000000000,0.050000000,-0.000000000,0.000000018,0.000000010,0.000000020,0.000003642
8.154253871,TRACKING,,0.000669643,1,0.000000000,0.000000018,0.050000010,0.000000000,0.000000000,0.050000000,-0.000000000,0.000000018,0.000000010,0.000000020,0.000003642
8.164327015,TRACKING,,0.000831117,1,0.000000000,0.000000018,0.050000010,0.000000000,0.000000000,0.050000000,-0.000000000,0.000000018,0.000000010,0.000000020,0.000003642
8.174473772,TRACKING,,0.000806184,1,0.000000000,0.000000018,0.050000010,0.000000000,0.000000000,0.050000000,-0.000000000,0.000000018,0.000000010,0.000000020,0.000003642
8.184682269,TRACKING,,0.000653020,1,0.000000000,0.000000018,0.050000010,0.000000000,0.000000000,0.050000000,-0.000000000,0.000000018,0.000000010,0.000000020,0.000003642
8.194646180,TRACKING,,0.000338383,1,0.000000000,0.000000018,0.050000010,0.000000000,0.000000000,0.050000000,-0.000000000,0.000000018,0.000000010,0.000000020,0.000003642
8.204714575,TRACKING,,0.000302764,1,0.000000000,0.000000018,0.050000010,0.000000000,0.000000000,0.050000000,-0.000000000,0.000000018,0.000000010,0.000000020,0.000003642
8.214772283,TRACKING,,0.000198280,1,0.000000000,0.000000018,0.050000010,0.000000000,0.000000000,0.050000000,-0.000000000,0.000000018,0.000000010,0.000000020,0.000003642
8.225035397,TRACKING,,0.000090236,1,0.000000000,0.000000018,0.050000010,0.000000000,0.000000000,0.050000000,-0.000000000,0.000000018,0.000000010,0.000000020,0.000003642
8.234972000,TRACKING,,0.000022559,1,0.000000000,0.000000018,0.050000010,0.000000000,0.000000000,0.050000000,-0.000000000,0.000000018,0.000000010,0.000000020,0.000003642
8.245255298,TRACKING,,0.002267763,1,0.000000000,0.000000018,0.050000010,0.000000000,0.000000000,0.050000000,-0.000000000,0.000000018,0.000000010,0.000000020,0.000003642
8.255288073,TRACKING,,0.001950751,1,0.000000000,0.000000018,0.050000010,0.000000000,0.000000000,0.050000000,-0.000000000,0.000000018,0.000000010,0.000000020,0.000003642
8.265171247,TRACKING,,0.001851017,1,0.000000000,0.000000018,0.050000010,0.000000000,0.000000000,0.050000000,-0.000000000,0.000000018,0.000000010,0.000000020,0.000003642
8.275208771,TRACKING,,0.001845081,1,0.000000000,0.000000018,0.050000010,0.000000000,0.000000000,0.050000000,-0.000000000,0.000000018,0.000000010,0.000000020,0.000003642
8.285444577,TRACKING,,0.002018428,1,0.000000000,0.000000018,0.050000010,0.000000000,0.000000000,0.050000000,-0.000000000,0.000000018,0.000000010,0.000000020,0.000003642
8.295497536,TRACKING,,0.001903259,1,0.000000000,0.000000018,0.050000010,0.000000000,0.000000000,0.050000000,-0.000000000,0.000000018,0.000000010,0.000000020,0.000003642
8.307199670,TRACKING,,0.003655729,1,0.000000000,0.000000018,0.050000010,0.000000000,0.000000000,0.050000000,-0.000000000,0.000000018,0.000000010,0.000000020,0.000003642
8.317119651,TRACKING,,0.002081356,1,0.000000000,0.000000018,0.050000010,0.000000000,0.000000000,0.050000000,-0.000000000,0.000000018,0.000000010,0.000000020,0.000003642
8.327221290,TRACKING,,0.002292697,1,0.000000000,0.000000018,0.050000010,0.000000000,0.000000000,0.050000000,-0.000000000,0.000000018,0.000000010,0.000000020,0.000003642
8.337330053,TRACKING,,0.000705263,1,0.000000000,0.000000018,0.050000010,0.000000000,0.000000000,0.050000000,-0.000000000,0.000000018,0.000000010,0.000000020,0.000003642
8.347632348,TRACKING,,0.000212529,1,0.000000000,0.000000018,0.050000010,0.000000000,0.000000000,0.050000000,-0.000000000,0.000000018,0.000000010,0.000000020,0.000003642
8.357555891,TRACKING,,0.000378752,1,0.000000000,0.000000018,0.050000010,0.000000000,0.000000000,0.050000000,-0.000000000,0.000000018,0.000000010,0.000000020,0.000003642
8.367576793,TRACKING,,0.002939782,1,0.000000000,0.000000018,0.050000010,0.000000000,0.000000000,0.050000000,-0.000000000,0.000000018,0.000000010,0.000000020,0.000003642
8.377653499,TRACKING,,0.001703791,1,0.000000000,0.000000018,0.050000010,0.000000000,0.000000000,0.050000000,-0.000000000,0.000000018,0.000000010,0.000000020,0.000003642
8.387743265,TRACKING,,0.001814211,1,0.000000000,0.000000018,0.050000010,0.000000000,0.000000000,0.050000000,-0.000000000,0.000000018,0.000000010,0.000000020,0.000003642
8.397814034,TRACKING,,0.001886636,1,0.000000000,0.000000018,0.050000010,0.000000000,0.000000000,0.050000000,-0.000000000,0.000000018,0.000000010,0.000000020,0.000003642
8.407878867,TRACKING,,0.001541129,1,0.000000000,0.000000018,0.050000010,0.000000000,0.000000000,0.050000000,-0.000000000,0.000000018,0.000000010,0.000000020,0.000003642
8.417899769,TRACKING,,0.001659861,1,0.000000000,0.000000018,0.050000010,0.000000000,0.000000000,0.050000000,-0.000000000,0.000000018,0.000000010,0.000000020,0.000003642
8.428038215,TRACKING,,0.001595746,1,0.000000000,0.000000018,0.050000010,0.000000000,0.000000000,0.050000000,-0.000000000,0.000000018,0.000000010,0.000000020,0.000003642
8.438049618,TRACKING,,0.001513821,1,0.000000000,0.000000018,0.050000010,0.000000000,0.000000000,0.050000000,-0.000000000,0.000000018,0.000000010,0.000000020,0.000003642
8.448077644,TRACKING,,0.001617118,1,0.000000000,0.000000018,0.050000010,0.000000000,0.000000000,0.050000000,-0.000000000,0.000000018,0.000000010,0.000000020,0.000003642
8.458256459,TRACKING,,0.000686266,1,0.000000000,0.000000018,0.050000010,0.000000000,0.000000000,0.050000000,-0.000000000,0.000000018,0.000000010,0.000000020,0.000003642
8.468200185,TRACKING,,0.000219653,1,0.000000000,0.000000018,0.050000010,0.000000000,0.000000000,0.050000000,-0.000000000,0.000000018,0.000000010,0.000000020,0.000003642
8.478284015,TRACKING,,0.000282580,1,0.000000000,0.000000018,0.050000010,0.000000000,0.000000000,0.050000000,-0.000000000,0.000000018,0.000000010,0.000000020,0.000003642
8.488436709,TRACKING,,0.000194719,1,0.000000000,0.000000018,0.050000010,0.000000000,0.000000000,0.050000000,-0.000000000,0.000000018,0.000000010,0.000000020,0.000003642
8.498497979,TRACKING,,0.000454740,1,0.000000000,0.000000018,0.050000010,0.000000000,0.000000000,0.050000000,-0.000000000,0.000000018,0.000000010,0.000000020,0.000003642
8.508467827,TRACKING,,0.000734945,1,0.000000000,0.000000018,0.050000010,0.000000000,0.000000000,0.050000000,-0.000000000,0.000000018,0.000000010,0.000000020,0.000003642
8.518546907,TRACKING,,0.000527166,1,0.000000000,0.000000018,0.050000010,0.000000000,0.000000000,0.050000000,-0.000000000,0.000000018,0.000000010,0.000000020,0.000003642
8.528718598,TRACKING,,0.000753942,1,0.000000000,0.000000018,0.050000010,0.000000000,0.000000000,0.050000000,-0.000000000,0.000000018,0.000000010,0.000000020,0.000003642
8.538725252,TRACKING,,0.000850115,1,0.000000000,0.000000018,0.050000010,0.000000000,0.000000000,0.050000000,-0.000000000,0.000000018,0.000000010,0.000000020,0.000003642
8.548874384,TRACKING,,0.001005652,1,0.000000000,0.000000018,0.050000010,0.000000000,0.000000000,0.050000000,-0.000000000,0.000000018,0.000000010,0.000000020,0.000003642
8.558896473,TRACKING,,0.000751568,1,0.000000000,0.000000018,0.050000010,0.000000000,0.000000000,0.050000000,-0.000000000,0.000000018,0.000000010,0.000000020,0.000003642
8.569019484,TRACKING,,0.000575846,1,0.000000000,0.000000018,0.050000010,0.000000000,0.000000000,0.050000000,-0.000000000,0.000000018,0.000000010,0.000000020,0.000003642
8.579071257,TRACKING,,0.000338384,1,0.000000000,0.000000018,0.050000010,0.000000000,0.000000000,0.050000000,-0.000000000,0.000000018,0.000000010,0.000000020,0.000003642
8.589115905,TRACKING,,0.000606716,1,0.000000000,0.000000018,0.050000010,0.000000000,0.000000000,0.050000000,-0.000000000,0.000000018,0.000000010,0.000000020,0.000003642
8.599805263,TRACKING,,0.001986370,1,0.000000000,0.000000018,0.050000010,0.000000000,0.000000000,0.050000000,-0.000000000,0.000000018,0.000000010,0.000000020,0.000003642
8.609687250,TRACKING,,0.002144283,1,0.000000000,0.000000018,0.050000010,0.000000000,0.000000000,0.050000000,-0.000000000,0.000000018,0.000000010,0.000000020,0.000003642
8.619864877,TRACKING,,0.002542032,1,0.000000000,0.000000018,0.050000010,0.000000000,0.000000000,0.050000000,-0.000000000,0.000000018,0.000000010,0.000000020,0.000003642
8.629843036,TRACKING,,0.001548253,1,0.000000000,0.000000018,0.050000010,0.000000000,0.000000000,0.050000000,-0.000000000,0.000000018,0.000000010,0.000000020,0.000003642
8.640005228,TRACKING,,0.001893760,1,0.000000000,0.000000018,0.050000010,0.000000000,0.000000000,0.050000000,-0.000000000,0.000000018,0.000000010,0.000000020,0.000003642
8.650064124,TRACKING,,0.000568721,1,0.000000000,0.000000018,0.050000010,0.000000000,0.000000000,0.050000000,-0.000000000,0.000000018,0.000000010,0.000000020,0.000003642
8.660069591,TRACKING,,0.000757504,1,0.000000000,0.000000018,0.050000010,0.000000000,0.000000000,0.050000000,-0.000000000,0.000000018,0.000000010,0.000000020,0.000003642
8.670065559,TRACKING,,0.000814496,1,0.000000000,0.000000018,0.050000010,0.000000000,0.000000000,0.050000000,-0.000000000,0.000000018,0.000000010,0.000000020,0.000003642
8.680126830,TRACKING,,0.000582969,1,0.000000000,0.000000018,0.050000010,0.000000000,0.000000000,0.050000000,-0.000000000,0.000000018,0.000000010,0.000000020,0.000003642
8.690291397,TRACKING,,0.000799060,1,0.000000000,0.000000018,0.050000010,0.000000000,0.000000000,0.050000000,-0.000000000,0.000000018,0.000000010,0.000000020,0.000003642
8.700425093,TRACKING,,0.003309035,1,0.000000000,0.000000018,0.050000010,0.000000000,0.000000000,0.050000000,-0.000000000,0.000000018,0.000000010,0.000000020,0.000003642
8.710574225,TRACKING,,0.002379371,1,0.000000000,0.000000018,0.050000010,0.000000000,0.000000000,0.050000000,-0.000000000,0.000000018,0.000000010,0.000000020,0.000003642
8.720386161,TRACKING,,0.000135353,1,0.000000000,0.000000018,0.050000010,0.000000000,0.000000000,0.050000000,-0.000000000,0.000000018,0.000000010,0.000000020,0.000003642
8.730497298,TRACKING,,0.002352063,1,0.000000000,0.000000018,0.050000010,0.000000000,0.000000000,0.050000000,-0.000000000,0.000000018,0.000000010,0.000000020,0.000003642
8.740501578,TRACKING,,0.002033863,1,0.000000000,0.000000018,0.050000010,0.000000000,0.000000000,0.050000000,-0.000000000,0.000000018,0.000000010,0.000000020,0.000003642
8.751129196,TRACKING,,0.000049868,1,0.000000000,0.000000018,0.050000010,0.000000000,0.000000000,0.050000000,-0.000000000,0.000000018,0.000000010,0.000000020,0.000003642
8.761199965,TRACKING,,0.000016623,1,0.000000000,0.000000018,0.050000010,0.000000000,0.000000000,0.050000000,-0.000000000,0.000000018,0.000000010,0.000000020,0.000003642
8.771514133,TRACKING,,0.000444054,1,0.000000000,0.000000018,0.050000010,0.000000000,0.000000000,0.050000000,-0.000000000,0.000000018,0.000000010,0.000000020,0.000003642
8.781273827,TRACKING,,0.000839429,1,0.000000000,0.000000018,0.050000010,0.000000000,0.000000000,0.050000000,-0.000000000,0.000000018,0.000000010,0.000000020,0.000003642
8.791401587,TRACKING,,0.000818057,1,0.000000000,0.000000018,0.050000010,0.000000000,0.000000000,0.050000000,-0.000000000,0.000000018,0.000000010,0.000000020,0.000003642
8.801516286,TRACKING,,0.000789561,1,0.000000000,0.000000018,0.050000010,0.000000000,0.000000000,0.050000000,-0.000000000,0.000000018,0.000000010,0.000000020,0.000003642
8.811501569,TRACKING,,0.000682704,1,0.000000000,0.000000018,0.050000010,0.000000000,0.000000000,0.050000000,-0.000000000,0.000000018,0.000000010,0.000000020,0.000003642
8.821718378,TRACKING,,0.001008027,1,0.000000000,0.000000018,0.050000010,0.000000000,0.000000000,0.050000000,-0.000000000,0.000000018,0.000000010,0.000000020,0.000003642
8.831611050,TRACKING,,0.001196809,1,0.000000000,0.000000018,0.050000010,0.000000000,0.000000000,0.050000000,-0.000000000,0.000000018,0.000000010,0.000000020,0.000003642
8.841785115,TRACKING,,0.001170688,1,0.000000000,0.000000018,0.050000010,0.000000000,0.000000000,0.050000000,-0.000000000,0.000000018,0.000000010,0.000000020,0.000003642
8.851961555,TRACKING,,0.001108948,1,0.000000000,0.000000018,0.050000010,0.000000000,0.000000000,0.050000000,-0.000000000,0.000000018,0.000000010,0.000000020,0.000003642
8.861968210,TRACKING,,0.000858426,1,0.000000000,0.000000018,0.050000010,0.000000000,0.000000000,0.050000000,-0.000000000,0.000000018,0.000000010,0.000000020,0.000003642
8.871913124,TRACKING,,0.001116072,1,0.000000000,0.000000018,0.050000010,0.000000000,0.000000000,0.050000000,-0.000000000,0.000000018,0.000000010,0.000000020,0.000003642
8.881951836,TRACKING,,0.001112510,1,0.000000000,0.000000018,0.050000010,0.000000000,0.000000000,0.050000000,-0.000000000,0.000000018,0.000000010,0.000000020,0.000003642
8.891997671,TRACKING,,0.001053145,1,0.000000000,0.000000018,0.050000010,0.000000000,0.000000000,0.050000000,-0.000000000,0.000000018,0.000000010,0.000000020,0.000003642
8.902089812,TRACKING,,0.001321476,1,0.000000000,0.000000018,0.050000010,0.000000000,0.000000000,0.050000000,-0.000000000,0.000000018,0.000000010,0.000000020,0.000003642
8.912189077,TRACKING,,0.001569625,1,0.000000000,0.000000018,0.050000010,0.000000000,0.000000000,0.050000000,-0.000000000,0.000000018,0.000000010,0.000000020,0.000003642
8.922357205,TRACKING,,0.004308751,1,0.000000000,0.000000018,0.050000010,0.000000000,0.000000000,0.050000000,-0.000000000,0.000000018,0.000000010,0.000000020,0.000003642
8.932303307,TRACKING,,0.002124099,1,0.000000000,0.000000018,0.050000010,0.000000000,0.000000000,0.050000000,-0.000000000,0.000000018,0.000000010,0.000000020,0.000003642
8.942554547,TRACKING,,0.002112226,1,0.000000000,0.000000018,0.050000010,0.000000000,0.000000000,0.050000000,-0.000000000,0.000000018,0.000000010,0.000000020,0.000003642
8.952646688,TRACKING,,0.001842706,1,0.000000000,0.000000018,0.050000010,0.000000000,0.000000000,0.050000000,-0.000000000,0.000000018,0.000000010,0.000000020,0.000003642
8.962546484,TRACKING,,0.001713290,1,0.000000000,0.000000018,0.050000010,0.000000000,0.000000000,0.050000000,-0.000000000,0.000000018,0.000000010,0.000000020,0.000003642
8.972944951,TRACKING,,0.001713289,1,0.000000000,0.000000013,0.050000010,0.000000000,0.000000000,0.050000000,-0.000000000,0.000000013,0.000000010,0.000000016,0.000002568
8.982964666,TRACKING,,0.002058797,1,0.000000000,0.000000008,0.050000010,0.000000000,0.000000000,0.050000000,-0.000000000,0.000000008,0.000000010,0.000000012,0.000001585
8.992964197,TRACKING,,0.002149032,1,0.000000000,0.000000009,0.050000010,0.000000000,0.000000000,0.050000000,-0.000000000,0.000000009,0.000000010,0.000000013,0.000001778
9.003031404,TRACKING,,0.002422113,1,0.000000000,0.000000010,0.050000010,0.000000000,0.000000000,0.050000000,-0.000000000,0.000000010,0.000000010,0.000000013,0.000001923
9.013180535,TRACKING,,0.002418552,1,0.000000000,0.000000010,0.050000010,0.000000000,0.000000000,0.050000000,-0.000000000,0.000000010,0.000000010,0.000000014,0.000002085
9.023091018,TRACKING,,0.002249953,1,0.000000000,0.000000011,0.050000010,0.000000000,0.000000000,0.050000000,-0.000000000,0.000000011,0.000000010,0.000000015,0.000002207
9.033466926,TRACKING,,0.002331878,1,0.000000000,0.000000011,0.050000010,0.000000000,0.000000000,0.050000000,-0.000000000,0.000000011,0.000000010,0.000000015,0.000002321
9.043359598,TRACKING,,0.002214334,1,0.000000000,0.000000012,0.050000010,0.000000000,0.000000000,0.050000000,-0.000000000,0.000000012,0.000000010,0.000000015,0.000002448
9.053690388,TRACKING,,0.002229769,1,0.000000000,0.000000013,0.050000010,0.000000000,0.000000000,0.050000000,-0.000000000,0.000000013,0.000000010,0.000000016,0.000002541
9.063441771,TRACKING,,0.002139534,1,0.000000000,0.000000013,0.050000010,0.000000000,0.000000000,0.050000000,-0.000000000,0.000000013,0.000000010,0.000000016,0.000002627
9.073457924,TRACKING,,0.001992308,1,0.000000000,0.000000013,0.050000010,0.000000000,0.000000000,0.050000000,-0.000000000,0.000000013,0.000000010,0.000000016,0.000002709
9.083576185,TRACKING,,0.001073329,1,0.000000000,0.000000014,0.050000010,0.000000000,0.000000000,0.050000000,-0.000000000,0.000000014,0.000000010,0.000000017,0.000002787
9.093604211,TRACKING,,0.001149317,1,0.000000000,0.000000014,0.050000010,0.000000000,0.000000000,0.050000000,-0.000000000,0.000000014,0.000000010,0.000000017,0.000002854
9.103712974,TRACKING,,0.001355909,1,0.000000000,0.000000014,0.050000010,0.000000000,0.000000000,0.050000000,-0.000000000,0.000000014,0.000000010,0.000000017,0.000002854
9.114125689,TRACKING,,0.001437833,1,0.000000000,0.000000015,0.050000010,0.000000000,0.000000000,0.050000000,-0.000000000,0.000000015,0.000000010,0.000000017,0.000002929
9.123983930,TRACKING,,0.001609993,1,0.000000000,0.000000015,0.050000010,0.000000000,0.000000000,0.050000000,-0.000000000,0.000000015,0.000000010,0.000000018,0.000002984
9.134413267,TRACKING,,0.001777404,1,0.000000000,0.000000015,0.050000010,0.000000000,0.000000000,0.050000000,-0.000000000,0.000000015,0.000000010,0.000000018,0.000003047
9.144020985,TRACKING,,0.001536380,1,0.000000000,0.000000015,0.050000010,0.000000000,0.000000000,0.050000000,-0.000000000,0.000000015,0.000000010,0.000000018,0.000003094
9.154090566,TRACKING,,0.000682704,1,0.000000000,0.000000016,0.050000010,0.000000000,0.000000000,0.050000000,-0.000000000,0.000000016,0.000000010,0.000000018,0.000003140
9.164041417,TRACKING,,0.000680329,1,0.000000000,0.000000016,0.050000010,0.000000000,0.000000000,0.050000000,-0.000000000,0.000000016,0.000000010,0.000000018,0.000003179
9.174219044,TRACKING,,0.000592468,1,0.000000000,0.000000016,0.050000010,0.000000000,0.000000000,0.050000000,-0.000000000,0.000000016,0.000000010,0.000000019,0.000003229
9.184226886,TRACKING,,0.001642050,1,0.000000000,0.000000016,0.050000010,0.000000000,0.000000000,0.050000000,-0.000000000,0.000000016,0.000000010,0.000000019,0.000003262
9.194285782,TRACKING,,0.002014866,1,0.000000000,0.000000016,0.050000010,0.000000000,0.000000000,0.050000000,-0.000000000,0.000000016,0.000000010,0.000000019,0.000003262
9.204529898,TRACKING,,0.002204836,1,0.000000000,0.000000016,0.050000010,0.000000000,0.000000000,0.050000000,-0.000000000,0.000000016,0.000000010,0.000000019,0.000003297
9.214612541,TRACKING,,0.002014866,1,0.000000000,0.000000017,0.050000010,0.000000000,0.000000000,0.050000000,-0.000000000,0.000000017,0.000000010,0.000000019,0.000003330
9.224830536,TRACKING,,0.002021990,1,0.000000000,0.000000017,0.050000010,0.000000000,0.000000000,0.050000000,-0.000000000,0.000000017,0.000000010,0.000000019,0.000003355
9.234757641,TRACKING,,0.001221743,1,0.000000000,0.000000017,0.050000010,0.000000000,0.000000000,0.050000000,-0.000000000,0.000000017,0.000000010,0.000000019,0.000003378
9.244883026,TRACKING,,0.000871486,1,0.000000000,0.000000017,0.050000010,0.000000000,0.000000000,0.050000000,-0.000000000,0.000000017,0.000000010,0.000000019,0.000003399
9.254972793,TRACKING,,0.000693389,1,0.000000000,0.000000014,0.050000010,0.000000000,0.000000000,0.050000000,-0.000000000,0.000000014,0.000000010,0.000000017,0.000002854
9.265058997,TRACKING,,0.000197094,1,0.000000000,0.000000012,0.050000010,0.000000000,0.000000000,0.050000000,-0.000000000,0.000000012,0.000000010,0.000000015,0.000002382
9.275119080,TRACKING,,0.001954313,1,0.000000000,0.000000012,0.050000010,0.000000000,0.000000000,0.050000000,-0.000000000,0.000000012,0.000000010,0.000000016,0.000002484
9.284979695,TRACKING,,0.001649175,1,0.000000000,0.000000013,0.050000007,0.000000000,0.000000000,0.050000000,-0.000000000,0.000000013,0.000000007,0.000000014,0.000002581
9.295226186,TRACKING,,0.001218181,1,0.000000000,0.000000013,0.050000006,0.000000000,0.000000000,0.050000000,-0.000000000,0.000000013,0.000000006,0.000000014,0.000002668
9.305150916,TRACKING,,0.000768190,1,0.000000000,0.000000014,0.050000006,0.000000000,0.000000000,0.050000000,-0.000000000,0.000000014,0.000000006,0.000000015,0.000002747
9.315405719,TRACKING,,0.000370440,1,0.000000000,0.000000014,0.050000006,0.000000000,0.000000000,0.050000000,-0.000000000,0.000000014,0.000000006,0.000000015,0.000002820
9.325493110,TRACKING,,0.000013061,1,0.000000000,0.000000014,0.050000007,0.000000000,0.000000000,0.050000000,-0.000000000,0.000000014,0.000000007,0.000000016,0.000002886
9.335599499,TRACKING,,0.002279636,1,0.000000000,0.000000015,0.050000007,0.000000000,0.000000000,0.050000000,-0.000000000,0.000000015,0.000000007,0.000000016,0.000002948
9.345477923,TRACKING,,0.001767905,1,0.000000000,0.000000015,0.050000007,0.000000000,0.000000000,0.050000000,-0.000000000,0.000000015,0.000000007,0.000000016,0.000003004
9.355564128,TRACKING,,0.001353534,1,0.000000000,0.000000015,0.050000007,0.000000000,0.000000000,0.050000000,-0.000000000,0.000000015,0.000000007,0.000000017,0.000003056
9.365637271,TRACKING,,0.001482951,1,0.000000000,0.000000015,0.050000008,0.000000000,0.000000000,0.050000000,-0.000000000,0.000000015,0.000000008,0.000000017,0.000003102
9.375713977,TRACKING,,0.001237178,1,0.000000000,0.000000016,0.050000008,0.000000000,0.000000000,0.050000000,-0.000000000,0.000000016,0.000000008,0.000000017,0.000003145
9.385845299,TRACKING,,0.001268048,1,0.000000000,0.000000016,0.050000008,0.000000000,0.000000000,0.050000000,-0.000000000,0.000000016,0.000000008,0.000000017,0.000003145
9.395995618,TRACKING,,0.001321477,1,0.000000000,0.000000016,0.050000008,0.000000000,0.000000000,0.050000000,-0.000000000,0.000000016,0.000000008,0.000000018,0.000003193
9.407167024,TRACKING,,0.002530159,1,0.000000000,0.000000015,0.050000008,0.000000000,0.000000000,0.050000000,-0.000000000,0.000000015,0.000000008,0.000000017,0.000002953
9.417248479,TRACKING,,0.001607619,1,0.000000000,0.000000008,0.050000008,0.000000000,0.000000000,0.050000000,-0.000000000,0.000000008,0.000000008,0.000000011,0.000001600
9.427192206,TRACKING,,0.001826084,1,-0.000000000,0.000000005,0.050000008,0.000000000,0.000000000,0.050000000,0.000000000,0.000000005,0.000000008,0.000000010,0.000001030
9.437458881,TRACKING,,0.001515009,1,-0.000000000,0.000000006,0.050000009,0.000000000,0.000000000,0.050000000,0.000000000,0.000000006,0.000000009,0.000000011,0.000001280
9.447450101,TRACKING,,0.001917507,1,0.000000000,0.000000007,0.050000005,0.000000000,0.000000000,0.050000000,-0.000000000,0.000000007,0.000000005,0.000000009,0.000001464
9.457418761,TRACKING,,0.001625428,1,0.000000000,0.000000008,0.050000003,0.000000000,0.000000000,0.050000000,-0.000000000,0.000000008,0.000000003,0.000000009,0.000001641
9.467775672,TRACKING,,0.001348785,1,0.000000000,0.000000009,0.050000004,0.000000000,0.000000000,0.050000000,-0.000000000,0.000000009,0.000000004,0.000000010,0.000001798
9.477642224,TRACKING,,0.000030870,1,0.000000000,0.000000009,0.050000004,0.000000000,0.000000000,0.050000000,-0.000000000,0.000000009,0.000000004,0.000000010,0.000001798
9.487645316,TRACKING,,0.000199468,1,0.000000000,0.000000010,0.050000005,0.000000000,0.000000000,0.050000000,-0.000000000,0.000000010,0.000000005,0.000000012,0.000002092
9.498120958,TRACKING,,0.002282012,1,0.000000000,0.000000010,0.050000005,0.000000000,0.000000000,0.050000000,-0.000000000,0.000000010,0.000000005,0.000000012,0.000002092
9.508076558,TRACKING,,0.003449138,1,0.000000000,0.000000011,0.050000006,0.000000000,0.000000000,0.050000000,-0.000000000,0.000000011,0.000000006,0.000000012,0.000002232
9.518004850,TRACKING,,0.000250522,1,0.000000000,0.000000012,0.050000006,0.000000000,0.000000000,0.050000000,-0.000000000,0.000000012,0.000000006,0.000000013,0.000002344
9.528322580,TRACKING,,0.000135353,1,0.000000000,0.000000012,0.050000006,0.000000000,0.000000000,0.050000000,-0.000000000,0.000000012,0.000000006,0.000000014,0.000002451
9.538186757,TRACKING,,0.000454740,1,0.000000000,0.000000013,0.050000007,0.000000000,0.000000000,0.050000000,-0.000000000,0.000000013,0.000000007,0.000000014,0.000002545
9.548193412,TRACKING,,0.002359187,1,-0.000000000,0.000000013,0.050000007,0.000000000,0.000000000,0.050000000,0.000000000,0.000000013,0.000000007,0.000000015,0.000002649
9.558195317,TRACKING,,0.000051054,1,-0.000000000,0.000000014,0.050000007,0.000000000,0.000000000,0.050000000,0.000000000,0.000000014,0.000000007,0.000000015,0.000002730
9.571160749,TRACKING,,0.000300390,1,-0.000000000,0.000000014,0.050000007,0.000000000,0.000000000,0.050000000,0.000000000,0.000000014,0.000000007,0.000000016,0.000002818
9.581246953,TRACKING,,0.000527166,1,-0.000000000,0.000000014,0.050000008,0.000000000,0.000000000,0.050000000,0.000000000,0.000000014,0.000000008,0.000000016,0.000002882
9.591393710,TRACKING,,0.000509356,1,-0.000000000,0.000000011,0.050000008,0.000000000,0.000000000,0.050000000,0.000000000,0.000000011,0.000000008,0.000000013,0.000002166
9.601513159,TRACKING,,0.000208967,1,-0.000000000,0.000000010,0.050000008,0.000000000,0.000000000,0.050000000,0.000000000,0.000000010,0.000000008,0.000000013,0.000002011
9.611600551,TRACKING,,0.000192344,1,-0.000000000,0.000000011,0.050000008,0.000000000,0.000000000,0.050000000,0.000000000,0.000000011,0.000000008,0.000000013,0.000002141
9.621703377,TRACKING,,0.000134166,1,-0.000000000,0.000000011,0.050000008,0.000000000,0.000000000,0.050000000,0.000000000,0.000000011,0.000000008,0.000000014,0.000002259
9.631780083,TRACKING,,0.000157912,1,-0.000000000,0.000000012,0.050000008,0.000000000,0.000000000,0.050000000,0.000000000,0.000000012,0.000000008,0.000000014,0.000002366
9.641897157,TRACKING,,0.002444672,1,-0.000000000,0.000000012,0.050000009,0.000000000,0.000000000,0.050000000,0.000000000,0.000000012,0.000000009,0.000000015,0.000002468
9.654162077,TRACKING,,0.001032961,1,-0.000000000,0.000000013,0.050000009,0.000000000,0.000000000,0.050000000,0.000000000,0.000000013,0.000000009,0.000000015,0.000002566
9.664091556,TRACKING,,0.001013964,1,-0.000000000,0.000000009,0.050000009,0.000000000,0.000000000,0.050000000,0.000000000,0.000000009,0.000000009,0.000000013,0.000001821
9.674044781,TRACKING,,0.000588906,1,0.000000000,0.000000008,0.050000005,0.000000000,0.000000000,0.050000000,-0.000000000,0.000000008,0.000000005,0.000000010,0.000001699
9.684236656,TRACKING,,0.000334821,1,0.000000000,0.000000009,0.050000004,0.000000000,0.000000000,0.050000000,-0.000000000,0.000000009,0.000000004,0.000000010,0.000001860
9.694588818,TRACKING,,0.002493352,1,0.000000000,0.000000010,0.050000004,0.000000000,0.000000000,0.050000000,-0.000000000,0.000000010,0.000000004,0.000000011,0.000002003
9.704366321,TRACKING,,0.001921069,1,0.000000000,0.000000011,0.050000005,0.000000000,0.000000000,0.050000000,-0.000000000,0.000000011,0.000000005,0.000000012,0.000002136
9.714414531,TRACKING,,0.001482951,1,0.000000000,0.000000011,0.050000005,0.000000000,0.000000000,0.050000000,-0.000000000,0.000000011,0.000000005,0.000000012,0.000002261
9.724462742,TRACKING,,0.000992592,1,0.000000000,0.000000012,0.050000006,0.000000000,0.000000000,0.050000000,-0.000000000,0.000000012,0.000000006,0.000000013,0.000002372
9.734513327,TRACKING,,0.000599592,1,0.000000000,0.000000012,0.050000006,0.000000000,0.000000000,0.050000000,-0.000000000,0.000000012,0.000000006,0.000000014,0.000002475
9.744509295,TRACKING,,0.000366879,1,0.000000000,0.000000013,0.050000006,0.000000000,0.000000000,0.050000000,-0.000000000,0.000000013,0.000000006,0.000000014,0.000002570
9.754586001,TRACKING,,0.000914230,1,0.000000000,0.000000013,0.050000006,0.000000000,0.000000000,0.050000000,-0.000000000,0.000000013,0.000000006,0.000000014,0.000002570
9.764790936,TRACKING,,0.000886921,1,-0.000000000,0.000000007,0.050000007,0.000000000,0.000000000,0.050000000,0.000000000,0.000000007,0.000000007,0.000000010,0.000001404
9.774965001,TRACKING,,0.000820431,1,-0.000000000,0.000000004,0.050000007,0.000000000,0.000000000,0.050000000,0.000000000,0.000000004,0.000000007,0.000000008,0.000000781
9.784830366,TRACKING,,0.000415559,1,-0.000000000,0.000000005,0.050000007,0.000000000,0.000000000,0.050000000,0.000000000,0.000000005,0.000000007,0.000000009,0.000001006
9.794905884,TRACKING,,0.000522416,1,-0.000000000,0.000000006,0.050000007,0.000000000,0.000000000,0.050000000,0.000000000,0.000000006,0.000000007,0.000000010,0.000001219
9.804960031,TRACKING,,0.000686265,1,-0.000000000,0.000000007,0.050000008,0.000000000,0.000000000,0.050000000,0.000000000,0.000000007,0.000000008,0.000000010,0.000001449
9.815034362,TRACKING,,0.000835866,1,-0.000000000,0.000000008,0.050000008,0.000000000,0.000000000,0.050000000,0.000000000,0.000000008,0.000000008,0.000000011,0.000001657
9.825105131,TRACKING,,0.000460677,1,-0.000000000,0.000000009,0.050000008,0.000000000,0.000000000,0.050000000,0.000000000,0.000000009,0.000000008,0.000000012,0.000001814
9.835179462,TRACKING,,0.000206592,1,0.000000000,0.000000010,0.050000004,0.000000000,0.000000000,0.050000000,-0.000000000,0.000000010,0.000000004,0.000000010,0.000001961
9.845531624,TRACKING,,0.000040369,1,0.000000000,0.000000010,0.050000003,0.000000000,0.000000000,0.050000000,-0.000000000,0.000000010,0.000000003,0.000000011,0.000002095
9.855605955,TRACKING,,0.002445860,1,0.000000000,0.000000011,0.050000004,0.000000000,0.000000000,0.050000000,-0.000000000,0.000000011,0.000000004,0.000000012,0.000002219
9.865516437,TRACKING,,0.002132410,1,0.000000000,0.000000012,0.050000004,0.000000000,0.000000000,0.050000000,-0.000000000,0.000000012,0.000000004,0.000000012,0.000002334
9.875737995,TRACKING,,0.001867640,1,0.000000000,0.000000008,0.050000005,0.000000000,0.000000000,0.050000000,-0.000000000,0.000000008,0.000000005,0.000000009,0.000001619
9.885846758,TRACKING,,0.000053429,1,0.000000000,0.000000008,0.050000005,0.000000000,0.000000000,0.050000000,-0.000000000,0.000000008,0.000000005,0.000000009,0.000001534
9.895935337,TRACKING,,0.000061741,1,0.000000000,0.000000008,0.050000006,0.000000000,0.000000000,0.050000000,-0.000000000,0.000000008,0.000000006,0.000000010,0.000001699
9.905843444,TRACKING,,0.000315825,1,0.000000000,0.000000008,0.050000006,0.000000000,0.000000000,0.050000000,-0.000000000,0.000000008,0.000000006,0.000000010,0.000001699
9.915915401,TRACKING,,0.000496296,1,-0.000000000,0.000000009,0.050000006,0.000000000,0.000000000,0.050000000,0.000000000,0.000000009,0.000000006,0.000000011,0.000001883
9.925937490,TRACKING,,0.000853676,1,-0.000000000,0.000000010,0.050000006,0.000000000,0.000000000,0.050000000,0.000000000,0.000000010,0.000000006,0.000000012,0.000002049
9.935972640,TRACKING,,0.000910667,1,-0.000000000,0.000000011,0.050000007,0.000000000,0.000000000,0.050000000,0.000000000,0.000000011,0.000000007,0.000000013,0.000002199
9.946044597,TRACKING,,0.000384689,1,-0.000000000,0.000000011,0.050000007,0.000000000,0.000000000,0.050000000,0.000000000,0.000000011,0.000000007,0.000000013,0.000002317
9.956101118,TRACKING,,0.000363317,1,-0.000000000,0.000000007,0.050000007,0.000000000,0.000000000,0.050000000,0.000000000,0.000000007,0.000000007,0.000000010,0.000001387
9.966224129,TRACKING,,0.000459489,1,-0.000000000,0.000000007,0.050000007,0.000000000,0.000000000,0.050000000,0.000000000,0.000000007,0.000000007,0.000000010,0.000001387
9.976420753,TRACKING,,0.000465425,1,0.000000000,0.000000008,0.050000006,0.000000000,0.000000000,0.050000000,-0.000000000,0.000000008,0.000000006,0.000000010,0.000001603
9.986514081,TRACKING,,0.000546163,1,0.000000000,0.000000009,0.050000001,0.000000000,0.000000000,0.050000000,-0.000000000,0.000000009,0.000000001,0.000000009,0.000001762
9.996595536,TRACKING,,0.000548537,1,0.000000000,0.000000009,0.049999998,0.000000000,0.000000000,0.050000000,-0.000000000,0.000000009,-0.000000002,0.000000010,0.000001907
10.006507205,TRACKING,,0.000701701,1,0.000000000,0.000000010,0.049999999,0.000000000,0.000000000,0.050000000,-0.000000000,0.000000010,-0.000000001,0.000000010,0.000002043
10.016779817,TRACKING,,0.000637586,1,0.000000000,0.000000011,0.050000000,0.000000000,0.000000000,0.050000000,-0.000000000,0.000000011,0.000000000,0.000000011,0.000002195
10.026885018,TRACKING,,0.000668455,1,0.000000000,0.000000011,0.050000001,0.000000000,0.000000000,0.050000000,-0.000000000,0.000000011,0.000000001,0.000000011,0.000002309
10.036839431,TRACKING,,0.000636399,1,0.000000000,0.000000009,0.050000002,0.000000000,0.000000000,0.050000000,-0.000000000,0.000000009,0.000000002,0.000000009,0.000001873
10.046958880,TRACKING,,0.002156157,1,0.000000000,0.000000005,0.050000002,0.000000000,0.000000000,0.050000000,-0.000000000,0.000000005,0.000000002,0.000000005,0.000000946
10.057945066,TRACKING,,0.002950467,1,0.000000000,0.000000003,0.050000003,0.000000000,0.000000000,0.050000000,-0.000000000,0.000000003,0.000000003,0.000000004,0.000000548
10.067628771,TRACKING,,0.000041556,1,-0.000000000,0.000000004,0.050000004,0.000000000,0.000000000,0.050000000,0.000000000,0.000000004,0.000000004,0.000000005,0.000000799
10.079988676,TRACKING,,0.002438737,1,-0.000000000,0.000000005,0.050000004,0.000000000,0.000000000,0.050000000,0.000000000,0.000000005,0.000000004,0.000000007,0.000001021
10.087931784,TRACKING,,0.000083112,1,-0.000000000,0.000000006,0.050000005,0.000000000,0.000000000,0.050000000,0.000000000,0.000000006,0.000000005,0.000000008,0.000001227
10.097887384,TRACKING,,0.001868827,1,-0.000000000,0.000000007,0.050000005,0.000000000,0.000000000,0.050000000,0.000000000,0.000000007,0.000000005,0.000000009,0.000001458
10.108107754,TRACKING,,0.002165655,1,-0.000000000,0.000000008,0.050000006,0.000000000,0.000000000,0.050000000,0.000000000,0.000000008,0.000000006,0.000000010,0.000001635
10.118028922,TRACKING,,0.002018428,1,-0.000000000,0.000000008,0.050000006,0.000000000,0.000000000,0.050000000,0.000000000,0.000000008,0.000000006,0.000000010,0.000001635
10.128075945,TRACKING,,0.001709727,1,-0.000000000,0.000000009,0.050000006,0.000000000,0.000000000,0.050000000,0.000000000,0.000000009,0.000000006,0.000000011,0.000001794
10.138037482,TRACKING,,0.001840331,1,-0.000000000,0.000000010,0.050000006,0.000000000,0.000000000,0.050000000,0.000000000,0.000000010,0.000000006,0.000000012,0.000001975
10.148332653,TRACKING,,0.002201274,1,-0.000000000,0.000000011,0.050000007,0.000000000,0.000000000,0.050000000,0.000000000,0.000000011,0.000000007,0.000000013,0.000002134
10.158497219,TRACKING,,0.000036806,1,0.000000000,0.000000011,0.050000004,0.000000000,0.000000000,0.050000000,-0.000000000,0.000000011,0.000000004,0.000000012,0.000002274
10.168500312,TRACKING,,0.000404873,1,0.000000000,0.000000012,0.050000002,0.000000000,0.000000000,0.050000000,-0.000000000,0.000000012,0.000000002,0.000000012,0.000002405
10.178580579,TRACKING,,0.000387063,1,0.000000000,0.000000008,0.050000003,0.000000000,0.000000000,0.050000000,-0.000000000,0.000000008,0.000000003,0.000000009,0.000001691
10.188646599,TRACKING,,0.000758692,1,0.000000000,0.000000003,0.050000004,0.000000000,0.000000000,0.050000000,-0.000000000,0.000000003,0.000000004,0.000000005,0.000000600
10.198728054,TRACKING,,0.001278733,1,0.000000000,0.000000003,0.050000004,0.000000000,0.000000000,0.050000000,-0.000000000,0.000000003,0.000000004,0.000000005,0.000000600
10.208974545,TRACKING,,0.000607903,1,0.000000000,0.000000004,0.050000004,0.000000000,0.000000000,0.050000000,-0.000000000,0.000000004,0.000000004,0.000000006,0.000000880
10.218887402,TRACKING,,0.000948662,1,-0.000000000,0.000000005,0.050000005,0.000000000,0.000000000,0.050000000,0.000000000,0.000000005,0.000000005,0.000000007,0.000001107
10.228993791,TRACKING,,0.000130604,1,-0.000000000,0.000000007,0.050000005,0.000000000,0.000000000,0.050000000,0.000000000,0.000000007,0.000000005,0.000000009,0.000001350
10.239164294,TRACKING,,0.000396562,1,-0.000000000,0.000000008,0.050000006,0.000000000,0.000000000,0.050000000,0.000000000,0.000000008,0.000000006,0.000000010,0.000001539
10.249273057,TRACKING,,0.000502233,1,-0.000000000,0.000000009,0.050000006,0.000000000,0.000000000,0.050000000,0.000000000,0.000000009,0.000000006,0.000000011,0.000001737
10.259189476,TRACKING,,0.000522416,1,0.000000000,0.000000009,0.050000002,0.000000000,0.000000000,0.050000000,-0.000000000,0.000000009,0.000000002,0.000000010,0.000001885
10.269293489,TRACKING,,0.000641148,1,0.000000000,0.000000010,0.050000002,0.000000000,0.000000000,0.050000000,-0.000000000,0.000000010,0.000000002,0.000000010,0.000002023
10.279338138,TRACKING,,0.002476730,1,0.000000000,0.000000011,0.050000002,0.000000000,0.000000000,0.050000000,-0.000000000,0.000000011,0.000000002,0.000000011,0.000002157
10.289405345,TRACKING,,0.000046305,1,0.000000000,0.000000011,0.050000003,0.000000000,0.000000000,0.050000000,-0.000000000,0.000000011,0.000000003,0.000000012,0.000002298
10.299372818,TRACKING,,0.000154350,1,0.000000000,0.000000012,0.050000004,0.000000000,0.000000000,0.050000000,-0.000000000,0.000000012,0.000000004,0.000000013,0.000002403
10.309448336,TRACKING,,0.000080737,1,-0.000000000,0.000000012,0.050000004,0.000000000,0.000000000,0.050000000,0.000000000,0.000000012,0.000000004,0.000000013,0.000002500
10.319517918,TRACKING,,0.000182845,1,-0.000000000,0.000000012,0.050000004,0.000000000,0.000000000,0.050000000,0.000000000,0.000000012,0.000000004,0.000000013,0.000002500
10.329684860,TRACKING,,0.000135353,1,-0.000000000,0.000000007,0.050000005,0.000000000,0.000000000,0.050000000,0.000000000,0.000000007,0.000000005,0.000000008,0.000001315
10.339876734,TRACKING,,0.001968561,1,-0.000000000,0.000000002,0.050000005,0.000000000,0.000000000,0.050000000,0.000000000,0.000000002,0.000000005,0.000000006,0.000000427
10.349736162,TRACKING,,0.002210773,1,-0.000000000,-0.000000001,0.050000006,0.000000000,0.000000000,0.050000000,0.000000000,-0.000000001,0.000000006,0.000000006,0.000000158
10.359903104,TRACKING,,0.001840331,1,0.000000000,0.000000001,0.050000005,0.000000000,0.000000000,0.050000000,-0.000000000,0.000000001,0.000000005,0.000000005,0.000000137
10.369881262,TRACKING,,0.001254987,1,0.000000000,0.000000002,0.049999999,0.000000000,0.000000000,0.050000000,-0.000000000,0.000000002,-0.000000001,0.000000002,0.000000433
10.380317723,TRACKING,,0.001300105,1,0.000000000,0.000000003,0.049999997,0.000000000,0.000000000,0.050000000,-0.000000000,0.000000003,-0.000000003,0.000000004,0.000000684
10.390166465,TRACKING,,0.003622485,1,0.000000000,0.000000005,0.049999999,0.000000000,0.000000000,0.050000000,-0.000000000,0.000000005,-0.000000001,0.000000005,0.000000921
10.400055576,TRACKING,,0.002343751,1,0.000000000,0.000000006,0.050000000,0.000000000,0.000000000,0.050000000,-0.000000000,0.000000006,-0.000000000,0.000000006,0.000001157
10.410303254,TRACKING,,0.000184033,1,0.000000000,0.000000007,0.050000001,0.000000000,0.000000000,0.050000000,-0.000000000,0.000000007,0.000000001,0.000000007,0.000001394
10.420203051,TRACKING,,0.002213147,1,0.000000000,0.000000007,0.050000001,0.000000000,0.000000000,0.050000000,-0.000000000,0.000000007,0.000000001,0.000000007,0.000001394
10.431163116,TRACKING,,0.000349070,1,0.000000000,0.000000008,0.050000002,0.000000000,0.000000000,0.050000000,-0.000000000,0.000000008,0.000000002,0.000000008,0.000001615
10.441131776,TRACKING,,0.000387063,1,0.000000000,0.000000009,0.050000003,0.000000000,0.000000000,0.050000000,-0.000000000,0.000000009,0.000000003,0.000000009,0.000001777
10.451193047,TRACKING,,0.000429806,1,-0.000000000,0.000000010,0.050000003,0.000000000,0.000000000,0.050000000,0.000000000,0.000000010,0.000000003,0.000000010,0.000001957
10.461363550,TRACKING,,0.000289704,1,-0.000000000,0.000000010,0.050000004,0.000000000,0.000000000,0.050000000,0.000000000,0.000000010,0.000000004,0.000000011,0.000002088
10.471379703,TRACKING,,0.000232713,1,-0.000000000,0.000000011,0.050000004,0.000000000,0.000000000,0.050000000,0.000000000,0.000000011,0.000000004,0.000000012,0.000002211
10.481440973,TRACKING,,0.000541414,1,-0.000000000,0.000000010,0.050000005,0.000000000,0.000000000,0.050000000,0.000000000,0.000000010,0.000000005,0.000000011,0.000002048
10.491651845,TRACKING,,0.000187595,1,-0.000000000,0.000000005,0.050000005,0.000000000,0.000000000,0.050000000,0.000000000,0.000000005,0.000000005,0.000000007,0.000000919
10.501640690,TRACKING,,0.002659576,1,-0.000000000,0.000000000,0.050000006,0.000000000,0.000000000,0.050000000,0.000000000,0.000000000,0.000000006,0.000000006,0.000000028
10.512075963,TRACKING,,0.000949849,1,-0.000000000,0.000000000,0.050000006,0.000000000,0.000000000,0.050000000,0.000000000,0.000000000,0.000000006,0.000000006,0.000000103
10.522000693,TRACKING,,0.001209870,1,0.000000000,0.000000002,0.050000001,0.000000000,0.000000000,0.050000000,-0.000000000,0.000000002,0.000000001,0.000000002,0.000000434
10.531993100,TRACKING,,0.003502567,1,0.000000000,0.000000002,0.050000001,0.000000000,0.000000000,0.050000000,-0.000000000,0.000000002,0.000000001,0.000000002,0.000000434
10.542022313,TRACKING,,0.002239268,1,0.000000000,0.000000003,0.050000002,0.000000000,0.000000000,0.050000000,-0.000000000,0.000000003,0.000000002,0.000000004,0.000000707
10.551982662,TRACKING,,0.000178096,1,0.000000000,0.000000005,0.050000003,0.000000000,0.000000000,0.050000000,-0.000000000,0.000000005,0.000000003,0.000000005,0.000000946
10.564183467,TRACKING,,0.001777404,1,0.000000000,0.000000006,0.050000004,0.000000000,0.000000000,0.050000000,-0.000000000,0.000000006,0.000000004,0.000000007,0.000001198
10.574116508,TRACKING,,0.001625429,1,-0.000000000,0.000000007,0.050000004,0.000000000,0.000000000,0.050000000,0.000000000,0.000000007,0.000000004,0.000000008,0.000001396
10.584249017,TRACKING,,0.002042175,1,-0.000000000,0.000000008,0.050000005,0.000000000,0.000000000,0.050000000,0.000000000,0.000000008,0.000000005,0.000000009,0.000001574
10.597180018,TRACKING,,0.002208398,1,-0.000000000,0.000000009,0.050000005,0.000000000,0.000000000,0.050000000,0.000000000,0.000000009,0.000000005,0.000000010,0.000001765
10.607174799,TRACKING,,0.001099450,1,-0.000000000,0.000000010,0.050000006,0.000000000,0.000000000,0.050000000,0.000000000,0.000000010,0.000000006,0.000000011,0.000001923
10.617250317,TRACKING,,0.001133882,1,-0.000000000,0.000000010,0.050000005,0.000000000,0.000000000,0.050000000,0.000000000,0.000000010,0.000000005,0.000000011,0.000002064
10.627304464,TRACKING,,0.000761066,1,0.000000000,0.000000009,0.049999999,0.000000000,0.000000000,0.050000000,-0.000000000,0.000000009,-0.000000001,0.000000009,0.000001899
10.637313493,TRACKING,,0.000832305,1,0.000000000,0.000000005,0.049999996,0.000000000,0.000000000,0.050000000,-0.000000000,0.000000005,-0.000000004,0.000000006,0.000000940
10.647473311,TRACKING,,0.000934413,1,0.000000000,0.000000002,0.049999998,0.000000000,0.000000000,0.050000000,-0.000000000,0.000000002,-0.000000002,0.000000003,0.000000373
10.659254994,TRACKING,,0.002439923,1,0.000000000,0.000000003,0.049999999,0.000000000,0.000000000,0.050000000,-0.000000000,0.000000003,-0.000000001,0.000000003,0.000000634
10.669438558,TRACKING,,0.001598120,1,0.000000000,0.000000005,0.050000000,0.000000000,0.000000000,0.050000000,-0.000000000,0.000000005,-0.000000000,0.000000005,0.000000920
10.679199439,TRACKING,,0.001257362,1,0.000000000,0.000000006,0.050000001,0.000000000,0.000000000,0.050000000,-0.000000000,0.000000006,0.000000001,0.000000006,0.000001159
10.689290393,TRACKING,,0.001125571,1,0.000000000,0.000000007,0.050000002,0.000000000,0.000000000,0.050000000,-0.000000000,0.000000007,0.000000002,0.000000007,0.000001395
10.701235925,TRACKING,,0.002555093,1,-0.000000000,0.000000008,0.050000003,0.000000000,0.000000000,0.050000000,0.000000000,0.000000008,0.000000003,0.000000008,0.000001571
10.712067761,TRACKING,,0.002372246,1,-0.000000000,0.000000009,0.050000003,0.000000000,0.000000000,0.050000000,0.000000000,0.000000009,0.000000003,0.000000009,0.000001743
10.721227862,TRACKING,,0.000167411,1,-0.000000000,0.000000009,0.050000004,0.000000000,0.000000000,0.050000000,0.000000000,0.000000009,0.000000004,0.000000010,0.000001891
10.731411426,TRACKING,,0.001719226,1,-0.000000000,0.000000010,0.050000005,0.000000000,0.000000000,0.050000000,0.000000000,0.000000010,0.000000005,0.000000011,0.000002069
10.741735092,TRACKING,,0.002099165,1,-0.000000000,0.000000011,0.050000005,0.000000000,0.000000000,0.050000000,0.000000000,0.000000011,0.000000005,0.000000012,0.000002193
10.752350837,TRACKING,,0.002498102,1,-0.000000000,0.000000011,0.050000005,0.000000000,0.000000000,0.050000000,0.000000000,0.000000011,0.000000005,0.000000012,0.000002193
10.763373829,TRACKING,,0.002298634,1,-0.000000000,0.000000012,0.050000006,0.000000000,0.000000000,0.050000000,0.000000000,0.000000012,0.000000006,0.000000013,0.000002331
10.772333276,TRACKING,,0.002000619,1,-0.000000000,0.000000012,0.050000006,0.000000000,0.000000000,0.050000000,0.000000000,0.000000012,0.000000006,0.000000013,0.000002435
10.782319746,TRACKING,,0.001542316,1,-0.000000000,0.000000007,0.050000006,0.000000000,0.000000000,0.050000000,0.000000000,0.000000007,0.000000006,0.000000009,0.000001440
10.792478376,TRACKING,,0.000312263,1,0.000000000,0.000000003,0.050000001,0.000000000,0.000000000,0.050000000,-0.000000000,0.000000003,0.000000001,0.000000003,0.000000509
10.802735553,TRACKING,,0.000115169,1,0.000000000,-0.000000001,0.049999997,0.000000000,0.000000000,0.050000000,-0.000000000,-0.000000001,-0.000000003,0.000000003,0.000000142
10.812680467,TRACKING,,0.000588906,1,0.000000000,0.000000001,0.049999998,0.000000000,0.000000000,0.050000000,-0.000000000,0.000000001,-0.000000002,0.000000002,0.000000160
10.823338955,TRACKING,,0.000759879,1,0.000000000,0.000000002,0.049999999,0.000000000,0.000000000,0.050000000,-0.000000000,0.000000002,-0.000000001,0.000000002,0.000000482
10.832940736,TRACKING,,0.000770564,1,0.000000000,0.000000004,0.050000000,0.000000000,0.000000000,0.050000000,-0.000000000,0.000000004,0.000000000,0.000000004,0.000000730
10.843032877,TRACKING,,0.000765815,1,0.000000000,0.000000005,0.050000001,0.000000000,0.000000000,0.050000000,-0.000000000,0.000000005,0.000000001,0.000000005,0.000001010
10.853119081,TRACKING,,0.000438118,1,-0.000000000,0.000000006,0.050000002,0.000000000,0.000000000,0.050000000,0.000000000,0.000000006,0.000000002,0.000000006,0.000001215
10.863224282,TRACKING,,0.000017809,1,-0.000000000,0.000000007,0.050000003,0.000000000,0.000000000,0.050000000,0.000000000,0.000000007,0.000000003,0.000000008,0.000001413
10.873382913,TRACKING,,0.000051055,1,-0.000000000,0.000000008,0.050000003,0.000000000,0.000000000,0.050000000,0.000000000,0.000000008,0.000000003,0.000000009,0.000001593
10.883338513,TRACKING,,0.000029683,1,-0.000000000,0.000000008,0.050000003,0.000000000,0.000000000,0.050000000,0.000000000,0.000000008,0.000000003,0.000000009,0.000001593
10.893438964,TRACKING,,0.002198900,1,-0.000000000,0.000000009,0.050000004,0.000000000,0.000000000,0.050000000,0.000000000,0.000000009,0.000000004,0.000000010,0.000001791
10.903628465,TRACKING,,0.001880700,1,-0.000000000,0.000000010,0.050000005,0.000000000,0.000000000,0.050000000,0.000000000,0.000000010,0.000000005,0.000000011,0.000001941
10.913760974,TRACKING,,0.002044549,1,-0.000000000,0.000000010,0.050000005,0.000000000,0.000000000,0.050000000,0.000000000,0.000000010,0.000000005,0.000000012,0.000002078
10.924199809,TRACKING,,0.001913945,1,-0.000000000,0.000000011,0.050000004,0.000000000,0.000000000,0.050000000,0.000000000,0.000000011,0.000000004,0.000000012,0.000002226
10.934125727,TRACKING,,0.002049298,1,0.000000000,0.000000012,0.049999999,0.000000000,0.000000000,0.050000000,-0.000000000,0.000000012,-0.000000001,0.000000012,0.000002343
10.944950438,TRACKING,,0.002566965,1,0.000000000,0.000000010,0.049999996,0.000000000,0.000000000,0.050000000,-0.000000000,0.000000010,-0.000000004,0.000000010,0.000001945
10.954494041,TRACKING,,0.001935317,1,0.000000000,0.000000005,0.049999997,0.000000000,0.000000000,0.050000000,-0.000000000,0.000000005,-0.000000003,0.000000005,0.000000979
10.964649109,TRACKING,,0.002002994,1,0.000000000,0.000000003,0.049999999,0.000000000,0.000000000,0.050000000,-0.000000000,0.000000003,-0.000000001,0.000000004,0.000000650
10.974681885,TRACKING,,0.002130035,1,0.000000000,0.000000004,0.050000000,0.000000000,0.000000000,0.050000000,-0.000000000,0.000000004,-0.000000000,0.000000004,0.000000884
10.984618488,TRACKING,,0.002337815,1,0.000000000,0.000000006,0.050000001,0.000000000,0.000000000,0.050000000,-0.000000000,0.000000006,0.000000001,0.000000006,0.000001146
10.994660761,TRACKING,,0.000193531,1,-0.000000000,0.000000007,0.050000002,0.000000000,0.000000000,0.050000000,0.000000000,0.000000007,0.000000002,0.000000007,0.000001380
11.004777836,TRACKING,,0.000517668,1,-0.000000000,0.000000007,0.050000002,0.000000000,0.000000000,0.050000000,0.000000000,0.000000007,0.000000002,0.000000007,0.000001380
11.014848605,TRACKING,,0.000935601,1,-0.000000000,0.000000008,0.050000003,0.000000000,0.000000000,0.050000000,0.000000000,0.000000008,0.000000003,0.000000008,0.000001592
11.025014359,TRACKING,,0.001188498,1,-0.000000000,0.000000009,0.050000003,0.000000000,0.000000000,0.050000000,0.000000000,0.000000009,0.000000003,0.000000009,0.000001782
11.035003203,TRACKING,,0.001228866,1,-0.000000000,0.000000010,0.050000004,0.000000000,0.000000000,0.050000000,0.000000000,0.000000010,0.000000004,0.000000011,0.000001959
11.045056163,TRACKING,,0.001262111,1,-0.000000000,0.000000010,0.050000005,0.000000000,0.000000000,0.050000000,0.000000000,0.000000010,0.000000005,0.000000011,0.000002092
11.055066379,TRACKING,,0.001515008,1,-0.000000000,0.000000011,0.050000005,0.000000000,0.000000000,0.050000000,0.000000000,0.000000011,0.000000005,0.000000012,0.000002238
11.065752175,TRACKING,,0.002325941,1,-0.000000000,0.000000011,0.050000005,0.000000000,0.000000000,0.050000000,0.000000000,0.000000011,0.000000005,0.000000012,0.000002238
11.075831255,TRACKING,,0.001619491,1,0.000000000,0.000000004,0.049999998,0.000000000,0.000000000,0.050000000,-0.000000000,0.000000004,-0.000000002,0.000000005,0.000000846
11.085853345,TRACKING,,0.002035051,1,0.000000000,-0.000000000,0.049999993,0.000000000,0.000000000,0.050000000,-0.000000000,-0.000000000,-0.000000007,0.000000007,0.000000039
11.095909866,TRACKING,,0.001632552,1,0.000000000,-0.000000002,0.049999991,0.000000000,0.000000000,0.050000000,-0.000000000,-0.000000002,-0.000000009,0.000000009,0.000000435
11.106030502,TRACKING,,0.001923444,1,0.000000000,-0.000000001,0.049999993,0.000000000,0.000000000,0.050000000,-0.000000000,-0.000000001,-0.000000007,0.000000007,0.000000109
11.116046655,TRACKING,,0.002070670,1,0.000000000,0.000000001,0.049999995,0.000000000,0.000000000,0.050000000,-0.000000000,0.000000001,-0.000000005,0.000000005,0.000000248
11.126212409,TRACKING,,0.002134785,1,0.000000000,0.000000001,0.049999995,0.000000000,0.000000000,0.050000000,-0.000000000,0.000000001,-0.000000005,0.000000005,0.000000248
11.136599003,TRACKING,,0.002084917,1,0.000000000,0.000000003,0.049999996,0.000000000,0.000000000,0.050000000,-0.000000000,0.000000003,-0.000000004,0.000000005,0.000000571
11.146616343,TRACKING,,0.002109851,1,0.000000000,0.000000004,0.049999998,0.000000000,0.000000000,0.050000000,-0.000000000,0.000000004,-0.000000002,0.000000005,0.000000810
11.156302424,TRACKING,,0.001624241,1,-0.000000000,0.000000005,0.049999999,0.000000000,0.000000000,0.050000000,0.000000000,0.000000005,-0.000000001,0.000000005,0.000001032
11.166446806,TRACKING,,0.001589809,1,-0.000000000,0.000000006,0.050000000,0.000000000,0.000000000,0.050000000,0.000000000,0.000000006,-0.000000000,0.000000006,0.000001245
11.176722980,TRACKING,,0.001669359,1,-0.000000000,0.000000007,0.050000001,0.000000000,0.000000000,0.050000000,0.000000000,0.000000007,0.000000001,0.000000007,0.000001433
11.186559849,TRACKING,,0.001733474,1,-0.000000000,0.000000008,0.050000002,0.000000000,0.000000000,0.050000000,0.000000000,0.000000008,0.000000002,0.000000008,0.000001645
11.196689983,TRACKING,,0.002019616,1,-0.000000000,0.000000009,0.050000003,0.000000000,0.000000000,0.050000000,0.000000000,0.000000009,0.000000003,0.000000009,0.000001834
11.206723946,TRACKING,,0.001976872,1,-0.000000000,0.000000010,0.050000003,0.000000000,0.000000000,0.050000000,0.000000000,0.000000010,0.000000003,0.000000010,0.000001974
11.216700917,TRACKING,,0.002125286,1,-0.000000000,0.000000007,0.050000004,0.000000000,0.000000000,0.050000000,0.000000000,0.000000007,0.000000004,0.000000008,0.000001333
11.227073263,TRACKING,,0.002242830,1,-0.000000000,0.000000007,0.050000004,0.000000000,0.000000000,0.050000000,0.000000000,0.000000007,0.000000004,0.000000008,0.000001333
11.237110788,TRACKING,,0.002353250,1,0.000000000,0.000000001,0.049999999,0.000000000,0.000000000,0.050000000,-0.000000000,0.000000001,-0.000000001,0.000000002,0.000000255
11.247035518,TRACKING,,0.000039182,1,0.000000000,-0.000000002,0.049999994,0.000000000,0.000000000,0.050000000,-0.000000000,-0.000000002,-0.000000006,0.000000007,0.000000453
11.257225018,TRACKING,,0.000071238,1,0.000000000,-0.000000000,0.049999991,0.000000000,0.000000000,0.050000000,-0.000000000,-0.000000000,-0.000000009,0.000000009,0.000000062
11.267318346,TRACKING,,0.001203933,1,0.000000000,0.000000002,0.049999994,0.000000000,0.000000000,0.050000000,-0.000000000,0.000000002,-0.000000006,0.000000007,0.000000306
11.277294130,TRACKING,,0.002369872,1,0.000000000,0.000000002,0.049999994,0.000000000,0.000000000,0.050000000,-0.000000000,0.000000002,-0.000000006,0.000000007,0.000000306
11.287467008,TRACKING,,0.002339002,1,0.000000000,0.000000003,0.049999995,0.000000000,0.000000000,0.050000000,-0.000000000,0.000000003,-0.000000005,0.000000006,0.000000623
11.297485536,TRACKING,,0.001696667,1,0.000000000,0.000000004,0.049999997,0.000000000,0.000000000,0.050000000,-0.000000000,0.000000004,-0.000000003,0.000000005,0.000000860
11.308085845,TRACKING,,0.001845081,1,-0.000000000,0.000000005,0.049999998,0.000000000,0.000000000,0.050000000,0.000000000,0.000000005,-0.000000002,0.000000006,0.000001089
11.317500032,TRACKING,,0.001346411,1,-0.000000000,0.000000007,0.049999999,0.000000000,0.000000000,0.050000000,0.000000000,0.000000007,-0.000000001,0.000000007,0.000001343
11.327586236,TRACKING,,0.001820147,1,-0.000000000,0.000000008,0.050000000,0.000000000,0.000000000,0.050000000,0.000000000,0.000000008,0.000000000,0.000000008,0.000001561
11.337642757,TRACKING,,0.002249953,1,-0.000000000,0.000000009,0.050000001,0.000000000,0.000000000,0.050000000,0.000000000,0.000000009,0.000000001,0.000000009,0.000001754
11.347757457,TRACKING,,0.002314069,1,-0.000000000,0.000000009,0.050000001,0.000000000,0.000000000,0.050000000,0.000000000,0.000000009,0.000000001,0.000000009,0.000001754
11.357937458,TRACKING,,0.000122293,1,-0.000000000,0.000000004,0.050000002,0.000000000,0.000000000,0.050000000,0.000000000,0.000000004,0.000000002,0.000000005,0.000000879
11.367932240,TRACKING,,0.000421495,1,-0.000000000,-0.000000001,0.050000002,0.000000000,0.000000000,0.050000000,0.000000000,-0.000000001,0.000000002,0.000000002,0.000000147
11.377916335,TRACKING,,0.000447616,1,0.000000000,-0.000000003,0.049999996,0.000000000,0.000000000,0.050000000,-0.000000000,-0.000000003,-0.000000004,0.000000005,0.000000541
11.387983542,TRACKING,,0.000686266,1,0.000000000,-0.000000001,0.049999995,0.000000000,0.000000000,0.050000000,-0.000000000,-0.000000001,-0.000000005,0.000000005,0.000000143
11.398110115,TRACKING,,0.000739694,1,0.000000000,0.000000001,0.049999996,0.000000000,0.000000000,0.050000000,-0.000000000,0.000000001,-0.000000004,0.000000004,0.000000154
11.408208192,TRACKING,,0.001152878,1,0.000000000,0.000000002,0.049999998,0.000000000,0.000000000,0.050000000,-0.000000000,0.000000002,-0.000000002,0.000000003,0.000000477
11.418220783,TRACKING,,0.001173063,1,-0.000000000,0.000000004,0.049999999,0.000000000,0.000000000,0.050000000,0.000000000,0.000000004,-0.000000001,0.000000004,0.000000724
11.428457776,TRACKING,,0.001070954,1,-0.000000000,0.000000004,0.049999999,0.000000000,0.000000000,0.050000000,0.000000000,0.000000004,-0.000000001,0.000000004,0.000000724
11.438314829,TRACKING,,0.001367782,1,-0.000000000,0.000000005,0.050000000,0.000000000,0.000000000,0.050000000,0.000000000,0.000000005,0.000000000,0.000000005,0.000001003
11.448390347,TRACKING,,0.001225305,1,-0.000000000,0.000000006,0.050000001,0.000000000,0.000000000,0.050000000,0.000000000,0.000000006,0.000000001,0.000000006,0.000001255
11.458438558,TRACKING,,0.001392715,1,0.000000000,0.000000004,0.049999999,0.000000000,0.000000000,0.050000000,-0.000000000,0.000000004,-0.000000001,0.000000005,0.000000889
11.468520013,TRACKING,,0.001482951,1,0.000000000,-0.000000001,0.049999994,0.000000000,0.000000000,0.050000000,-0.000000000,-0.000000001,-0.000000006,0.000000007,0.000000143
11.478730884,TRACKING,,0.001750096,1,0.000000000,-0.000000000,0.049999994,0.000000000,0.000000000,0.050000000,-0.000000000,-0.000000000,-0.000000006,0.000000006,0.000000040
11.488676986,TRACKING,,0.001425960,1,0.000000000,0.000000001,0.049999995,0.000000000,0.000000000,0.050000000,-0.000000000,0.000000001,-0.000000005,0.000000005,0.000000255
11.498693139,TRACKING,,0.001807087,1,0.000000000,0.000000001,0.049999995,0.000000000,0.000000000,0.050000000,-0.000000000,0.000000001,-0.000000005,0.000000005,0.000000255
11.508774594,TRACKING,,0.001294169,1,0.000000000,0.000000003,0.049999997,0.000000000,0.000000000,0.050000000,-0.000000000,0.000000003,-0.000000003,0.000000004,0.000000573
11.519258547,TRACKING,,0.001346410,1,-0.000000000,0.000000004,0.049999998,0.000000000,0.000000000,0.050000000,0.000000000,0.000000004,-0.000000002,0.000000004,0.000000824
11.529053860,TRACKING,,0.001703791,1,-0.000000000,0.000000005,0.049999999,0.000000000,0.000000000,0.050000000,0.000000000,0.000000005,-0.000000001,0.000000005,0.000001044
11.539189931,TRACKING,,0.000842990,1,-0.000000000,0.000000006,0.050000000,0.000000000,0.000000000,0.050000000,0.000000000,0.000000006,0.000000000,0.000000006,0.000001289
11.549223894,TRACKING,,0.001031773,1,-0.000000000,0.000000005,0.050000001,0.000000000,0.000000000,0.050000000,0.000000000,0.000000005,0.000000001,0.000000005,0.000000946
11.559210364,TRACKING,,0.001120822,1,-0.000000000,-0.000000000,0.050000002,0.000000000,0.000000000,0.050000000,0.000000000,-0.000000000,0.000000002,0.000000002,0.000000088
11.569332187,TRACKING,,0.001155253,1,0.000000000,-0.000000000,0.049999999,0.000000000,0.000000000,0.050000000,-0.000000000,-0.000000000,-0.000000001,0.000000001,0.000000071
11.579444512,TRACKING,,0.001442583,1,0.000000000,0.000000001,0.049999994,0.000000000,0.000000000,0.050000000,-0.000000000,0.000000001,-0.000000006,0.000000006,0.000000221
11.589331248,TRACKING,,0.001621867,1,0.000000000,0.000000003,0.049999995,0.000000000,0.000000000,0.050000000,-0.000000000,0.000000003,-0.000000005,0.000000006,0.000000542
11.599350963,TRACKING,,0.001737036,1,0.000000000,0.000000003,0.049999995,0.000000000,0.000000000,0.050000000,-0.000000000,0.000000003,-0.000000005,0.000000006,0.000000542
11.609437167,TRACKING,,0.001605244,1,0.000000000,0.000000004,0.049999996,0.000000000,0.000000000,0.050000000,-0.000000000,0.000000004,-0.000000004,0.000000006,0.000000838
11.619516247,TRACKING,,0.001504322,1,0.000000000,0.000000004,0.049999998,0.000000000,0.000000000,0.050000000,-0.000000000,0.000000004,-0.000000002,0.000000005,0.000000791
11.629569207,TRACKING,,0.001243114,1,-0.000000000,-0.000000000,0.049999999,0.000000000,0.000000000,0.050000000,0.000000000,-0.000000000,-0.000000001,0.000000001,0.000000061
11.639628103,TRACKING,,0.001024650,1,-0.000000000,-0.000000003,0.050000000,0.000000000,0.000000000,0.050000000,0.000000000,-0.000000003,-0.000000000,0.000000003,0.000000573
11.649708370,TRACKING,,0.000381127,1,-0.000000000,-0.000000001,0.050000001,0.000000000,0.000000000,0.050000000,0.000000000,-0.000000001,0.000000001,0.000000001,0.000000237
11.659817133,TRACKING,,0.001143380,1,-0.000000000,0.000000000,0.050000002,0.000000000,0.000000000,0.050000000,0.000000000,0.000000000,0.000000002,0.000000002,0.000000084
11.669854658,TRACKING,,0.001076891,1,-0.000000000,0.000000002,0.050000002,0.000000000,0.000000000,0.050000000,0.000000000,0.000000002,0.000000002,0.000000003,0.000000406
11.679917116,TRACKING,,0.000788374,1,-0.000000000,0.000000003,0.050000003,0.000000000,0.000000000,0.050000000,0.000000000,0.000000003,0.000000003,0.000000005,0.000000661
11.689955828,TRACKING,,0.000458301,1,-0.000000000,0.000000004,0.050000004,0.000000000,0.000000000,0.050000000,0.000000000,0.000000004,0.000000004,0.000000006,0.000000899
11.700008787,TRACKING,,0.000384689,1,-0.000000000,0.000000006,0.050000001,0.000000000,0.000000000,0.050000000,0.000000000,0.000000006,0.000000001,0.000000006,0.000001120
11.710089055,TRACKING,,0.000053429,1,0.000000000,0.000000004,0.049999997,0.000000000,0.000000000,0.050000000,-0.000000000,0.000000004,-0.000000003,0.000000005,0.000000762
11.720277368,TRACKING,,0.002432800,1,0.000000000,-0.000000000,0.049999995,0.000000000,0.000000000,0.050000000,-0.000000000,-0.000000000,-0.000000005,0.000000005,0.000000096
11.730565415,TRACKING,,0.002895851,1,0.000000000,-0.000000001,0.049999997,0.000000000,0.000000000,0.050000000,-0.000000000,-0.000000001,-0.000000003,0.000000004,0.000000264
11.740753727,TRACKING,,0.002855482,1,0.000000000,0.000000000,0.049999998,0.000000000,0.000000000,0.050000000,-0.000000000,0.000000000,-0.000000002,0.000000002,0.000000042
11.750704578,TRACKING,,0.000666081,1,-0.000000000,0.000000002,0.049999999,0.000000000,0.000000000,0.050000000,0.000000000,0.000000002,-0.000000001,0.000000002,0.000000382
11.762177561,TRACKING,,0.004860850,1,-0.000000000,0.000000002,0.049999999,0.000000000,0.000000000,0.050000000,0.000000000,0.000000002,-0.000000001,0.000000002,0.000000382
11.773281291,TRACKING,,0.002715380,1,-0.000000000,0.000000003,0.050000000,0.000000000,0.000000000,0.050000000,0.000000000,0.000000003,0.000000000,0.000000003,0.000000699
11.783361558,TRACKING,,0.002261827,1,-0.000000000,0.000000005,0.050000001,0.000000000,0.000000000,0.050000000,0.000000000,0.000000005,0.000000001,0.000000005,0.000000930
11.792952654,TRACKING,,0.001490075,1,-0.000000000,0.000000006,0.050000002,0.000000000,0.000000000,0.050000000,0.000000000,0.000000006,0.000000002,0.000000006,0.000001151
11.802990178,TRACKING,,0.000872673,1,-0.000000000,0.000000005,0.050000003,0.000000000,0.000000000,0.050000000,0.000000000,0.000000005,0.000000003,0.000000006,0.000001024
11.812979023,TRACKING,,0.001040085,1,-0.000000000,-0.000000000,0.050000004,0.000000000,0.000000000,0.050000000,0.000000000,-0.000000000,0.000000004,0.000000004,0.000000035
11.822980928,TRACKING,,0.000952223,1,-0.000000000,-0.000000001,0.050000004,0.000000000,0.000000000,0.050000000,0.000000000,-0.000000001,0.000000004,0.000000004,0.000000259
11.833183489,TRACKING,,0.001151691,1,0.000000000,0.000000001,0.050000001,0.000000000,0.000000000,0.050000000,-0.000000000,0.000000001,0.000000001,0.000000001,0.000000110
11.843198454,TRACKING,,0.000951036,1,0.000000000,0.000000002,0.049999996,0.000000000,0.000000000,0.050000000,-0.000000000,0.000000002,-0.000000004,0.000000004,0.000000383
11.853430697,TRACKING,,0.000552100,1,0.000000000,0.000000003,0.049999996,0.000000000,0.000000000,0.050000000,-0.000000000,0.000000003,-0.000000004,0.000000005,0.000000648
11.863895654,TRACKING,,0.000212528,1,0.000000000,0.000000004,0.049999997,0.000000000,0.000000000,0.050000000,-0.000000000,0.000000004,-0.000000003,0.000000005,0.000000888
11.873562737,TRACKING,,0.000034432,1,0.000000000,0.000000006,0.049999998,0.000000000,0.000000000,0.050000000,-0.000000000,0.000000006,-0.000000002,0.000000006,0.000001110
11.883766485,TRACKING,,0.000033245,1,0.000000000,0.000000002,0.049999999,0.000000000,0.000000000,0.050000000,-0.000000000,0.000000002,-0.000000001,0.000000003,0.000000502
11.894438033,TRACKING,,0.002245204,1,-0.000000000,-0.000000002,0.050000000,0.000000000,0.000000000,0.050000000,0.000000000,-0.000000002,0.000000000,0.000000002,0.000000333
11.904019631,TRACKING,,0.001915132,1,-0.000000000,-0.000000001,0.050000001,0.000000000,0.000000000,0.050000000,0.000000000,-0.000000001,0.000000001,0.000000002,0.000000281
11.914225753,TRACKING,,0.001713290,1,-0.000000000,0.000000000,0.050000002,0.000000000,0.000000000,0.050000000,0.000000000,0.000000000,0.000000002,0.000000002,0.000000031
11.924519737,TRACKING,,0.001671733,1,-0.000000000,0.000000002,0.050000003,0.000000000,0.000000000,0.050000000,0.000000000,0.000000002,0.000000003,0.000000003,0.000000311
11.934037219,TRACKING,,0.001828459,1,-0.000000000,0.000000002,0.050000003,0.000000000,0.000000000,0.050000000,0.000000000,0.000000002,0.000000003,0.000000003,0.000000311
11.944288459,TRACKING,,0.001731099,1,-0.000000000,0.000000003,0.050000003,0.000000000,0.000000000,0.050000000,0.000000000,0.000000003,0.000000003,0.000000005,0.000000631
11.954369914,TRACKING,,0.001393903,1,-0.000000000,0.000000004,0.050000004,0.000000000,0.000000000,0.050000000,0.000000000,0.000000004,0.000000004,0.000000006,0.000000868
11.964459680,TRACKING,,0.001160003,1,0.000000000,0.000000005,0.049999999,0.000000000,0.000000000,0.050000000,-0.000000000,0.000000005,-0.000000001,0.000000006,0.000001092
11.974454462,TRACKING,,0.001126758,1,0.000000000,0.000000005,0.049999994,0.000000000,0.000000000,0.050000000,-0.000000000,0.000000005,-0.000000006,0.000000008,0.000001017
11.984518107,TRACKING,,0.000018997,1,0.000000000,0.000000001,0.049999992,0.000000000,0.000000000,0.050000000,-0.000000000,0.000000001,-0.000000008,0.000000008,0.000000157
11.994940320,TRACKING,,0.000355006,1,0.000000000,-0.000000002,0.049999993,0.000000000,0.000000000,0.050000000,-0.000000000,-0.000000002,-0.000000007,0.000000007,0.000000415
12.004640648,TRACKING,,0.000358568,1,0.000000000,-0.000000000,0.049999995,0.000000000,0.000000000,0.050000000,-0.000000000,-0.000000000,-0.000000005,0.000000005,0.000000098
12.014724478,TRACKING,,0.000427431,1,0.000000000,0.000000001,0.049999996,0.000000000,0.000000000,0.050000000,-0.000000000,0.000000001,-0.000000004,0.000000004,0.000000197
12.024808307,TRACKING,,0.000484423,1,0.000000000,0.000000003,0.049999998,0.000000000,0.000000000,0.050000000,-0.000000000,0.000000003,-0.000000002,0.000000003,0.000000526
12.034899261,TRACKING,,0.000283767,1,-0.000000000,0.000000004,0.049999999,0.000000000,0.000000000,0.050000000,0.000000000,0.000000004,-0.000000001,0.000000004,0.000000772
12.044936785,TRACKING,,0.000153163,1,-0.000000000,0.000000005,0.050000000,0.000000000,0.000000000,0.050000000,0.000000000,0.000000005,-0.000000000,0.000000005,0.000000996
12.055085917,TRACKING,,0.000160287,1,-0.000000000,0.000000006,0.050000001,0.000000000,0.000000000,0.050000000,0.000000000,0.000000006,0.000000001,0.000000006,0.000001205
12.065136501,TRACKING,,0.000185220,1,-0.000000000,0.000000004,0.050000002,0.000000000,0.000000000,0.050000000,0.000000000,0.000000004,0.000000002,0.000000004,0.000000842
12.075127721,TRACKING,,0.002320005,1,-0.000000000,-0.000000001,0.050000002,0.000000000,0.000000000,0.050000000,0.000000000,-0.000000001,0.000000002,0.000000003,0.000000235
12.085324345,TRACKING,,0.000506981,1,-0.000000000,-0.000000001,0.050000003,0.000000000,0.000000000,0.050000000,0.000000000,-0.000000001,0.000000003,0.000000003,0.000000141
12.095234827,TRACKING,,0.001778591,1,-0.000000000,-0.000000001,0.050000003,0.000000000,0.000000000,0.050000000,0.000000000,-0.000000001,0.000000003,0.000000003,0.000000141
12.105436200,TRACKING,,0.001688356,1,-0.000000000,0.000000001,0.050000004,0.000000000,0.000000000,0.050000000,0.000000000,0.000000001,0.000000004,0.000000004,0.000000191
12.115518842,TRACKING,,0.000974782,1,0.000000000,0.000000002,0.049999999,0.000000000,0.000000000,0.050000000,-0.000000000,0.000000002,-0.000000001,0.000000003,0.000000463
12.125440010,TRACKING,,0.000844178,1,0.000000000,0.000000004,0.049999994,0.000000000,0.000000000,0.050000000,-0.000000000,0.000000004,-0.000000006,0.000000007,0.000000726
12.135522653,TRACKING,,0.000856051,1,0.000000000,0.000000005,0.049999992,0.000000000,0.000000000,0.050000000,-0.000000000,0.000000005,-0.000000008,0.000000010,0.000001012
12.145627854,TRACKING,,0.000311076,1,0.000000000,0.000000003,0.049999993,0.000000000,0.000000000,0.050000000,-0.000000000,0.000000003,-0.000000007,0.000000007,0.000000664
12.155915901,TRACKING,,0.000040369,1,0.000000000,-0.000000001,0.049999995,0.000000000,0.000000000,0.050000000,-0.000000000,-0.000000001,-0.000000005,0.000000005,0.000000194
12.166124398,TRACKING,,0.002211959,1,0.000000000,-0.000000002,0.049999996,0.000000000,0.000000000,0.050000000,-0.000000000,-0.000000002,-0.000000004,0.000000004,0.000000437
12.175961267,TRACKING,,0.002029114,1,0.000000000,-0.000000001,0.049999998,0.000000000,0.000000000,0.050000000,-0.000000000,-0.000000001,-0.000000002,0.000000002,0.000000109
12.185912117,TRACKING,,0.002099165,1,-0.000000000,0.000000001,0.049999999,0.000000000,0.000000000,0.050000000,0.000000000,0.000000001,-0.000000001,0.000000002,0.000000187
12.195914023,TRACKING,,0.002166842,1,-0.000000000,0.000000003,0.050000000,0.000000000,0.000000000,0.050000000,0.000000000,0.000000003,0.000000000,0.000000003,0.000000519
12.206046532,TRACKING,,0.002323567,1,-0.000000000,0.000000003,0.050000000,0.000000000,0.000000000,0.050000000,0.000000000,0.000000003,0.000000000,0.000000003,0.000000519
12.216303709,TRACKING,,0.002430425,1,-0.000000000,0.000000004,0.050000001,0.000000000,0.000000000,0.050000000,0.000000000,0.000000004,0.000000001,0.000000004,0.000000816
12.226298490,TRACKING,,0.002325942,1,-0.000000000,0.000000005,0.050000002,0.000000000,0.000000000,0.050000000,0.000000000,0.000000005,0.000000002,0.000000005,0.000001035
12.236174540,TRACKING,,0.002043362,1,-0.000000000,0.000000006,0.050000003,0.000000000,0.000000000,0.050000000,0.000000000,0.000000006,0.000000003,0.000000007,0.000001240
12.246454276,TRACKING,,0.002398367,1,-0.000000000,0.000000002,0.050000003,0.000000000,0.000000000,0.050000000,0.000000000,0.000000002,0.000000003,0.000000004,0.000000345
12.256308954,TRACKING,,0.002240455,1,-0.000000000,-0.000000003,0.050000002,0.000000000,0.000000000,0.050000000,0.000000000,-0.000000003,0.000000002,0.000000004,0.000000637
12.266579192,TRACKING,,0.002139534,1,0.000000000,-0.000000005,0.049999998,0.000000000,0.000000000,0.050000000,-0.000000000,-0.000000005,-0.000000002,0.000000006,0.000001098
12.276482550,TRACKING,,0.002235706,1,0.000000000,-0.000000004,0.049999993,0.000000000,0.000000000,0.050000000,-0.000000000,-0.000000004,-0.000000007,0.000000008,0.000000724
12.286751600,TRACKING,,0.002264202,1,0.000000000,-0.000000002,0.049999991,0.000000000,0.000000000,0.050000000,-0.000000000,-0.000000002,-0.000000009,0.000000009,0.000000306
12.296836617,TRACKING,,0.002349687,1,0.000000000,0.000000000,0.049999993,0.000000000,0.000000000,0.050000000,-0.000000000,0.000000000,-0.000000007,0.000000007,0.000000006
12.306915697,TRACKING,,0.002309319,1,0.000000000,0.000000001,0.049999994,0.000000000,0.000000000,0.050000000,-0.000000000,0.000000001,-0.000000006,0.000000006,0.000000287
12.317064829,TRACKING,,0.002225020,1,0.000000000,0.000000003,0.049999996,0.000000000,0.000000000,0.050000000,-0.000000000,0.000000003,-0.000000004,0.000000005,0.000000549
12.326862516,TRACKING,,0.002105102,1,0.000000000,0.000000004,0.049999997,0.000000000,0.000000000,0.050000000,-0.000000000,0.000000004,-0.000000003,0.000000005,0.000000792
12.337160062,TRACKING,,0.002165655,1,-0.000000000,0.000000005,0.049999998,0.000000000,0.000000000,0.050000000,0.000000000,0.000000005,-0.000000002,0.000000005,0.000001016
12.347213021,TRACKING,,0.002349688,1,-0.000000000,0.000000006,0.049999999,0.000000000,0.000000000,0.050000000,0.000000000,0.000000006,-0.000000001,0.000000006,0.000001267
12.357053452,TRACKING,,0.002292696,1,-0.000000000,0.000000003,0.050000000,0.000000000,0.000000000,0.050000000,0.000000000,0.000000003,0.000000000,0.000000003,0.000000652
12.367309442,TRACKING,,0.002252328,1,-0.000000000,-0.000000001,0.050000001,0.000000000,0.000000000,0.050000000,0.000000000,-0.000000001,0.000000001,0.000000002,0.000000186
12.377255543,TRACKING,,0.002399555,1,-0.000000000,-0.000000001,0.050000001,0.000000000,0.000000000,0.050000000,0.000000000,-0.000000001,0.000000001,0.000000002,0.000000186
12.387370243,TRACKING,,0.000022559,1,-0.000000000,-0.000000000,0.050000002,0.000000000,0.000000000,0.050000000,0.000000000,-0.000000000,0.000000002,0.000000002,0.000000082
12.397525311,TRACKING,,0.002494539,1,-0.000000000,0.000000001,0.050000003,0.000000000,0.000000000,0.050000000,0.000000000,0.000000001,0.000000003,0.000000003,0.000000273
12.407607953,TRACKING,,0.000040368,1,-0.000000000,0.000000003,0.050000002,0.000000000,0.000000000,0.050000000,0.000000000,0.000000003,0.000000002,0.000000003,0.000000538
12.417844946,TRACKING,,0.000201843,1,0.000000000,0.000000004,0.049999997,0.000000000,0.000000000,0.050000000,-0.000000000,0.000000004,-0.000000003,0.000000005,0.000000779
12.427680627,TRACKING,,0.000156725,1,0.000000000,0.000000005,0.049999992,0.000000000,0.000000000,0.050000000,-0.000000000,0.000000005,-0.000000008,0.000000010,0.000001050
12.437914058,TRACKING,,0.002526597,1,0.000000000,0.000000006,0.049999991,0.000000000,0.000000000,0.050000000,-0.000000000,0.000000006,-0.000000009,0.000000011,0.000001254
12.447933773,TRACKING,,0.002384120,1,0.000000000,0.000000007,0.049999993,0.000000000,0.000000000,0.050000000,-0.000000000,0.000000007,-0.000000007,0.000000010,0.000001446
12.457886998,TRACKING,,0.002304570,1,0.000000000,0.000000005,0.049999994,0.000000000,0.000000000,0.050000000,-0.000000000,0.000000005,-0.000000006,0.000000008,0.000001074
12.467887716,TRACKING,,0.001921069,1,0.000000000,0.000000001,0.049999996,0.000000000,0.000000000,0.050000000,-0.000000000,0.000000001,-0.000000004,0.000000004,0.000000195
12.477956110,TRACKING,,0.001519757,1,-0.000000000,-0.000000000,0.049999997,0.000000000,0.000000000,0.050000000,0.000000000,-0.000000000,-0.000000003,0.000000003,0.000000073
12.488366450,TRACKING,,0.001507884,1,-0.000000000,0.000000001,0.049999998,0.000000000,0.000000000,0.050000000,0.000000000,0.000000001,-0.000000002,0.000000002,0.000000223
12.498523893,TRACKING,,0.000094985,1,-0.000000000,0.000000003,0.049999999,0.000000000,0.000000000,0.050000000,0.000000000,0.000000003,-0.000000001,0.000000003,0.000000531
12.508458122,TRACKING,,0.000379940,1,-0.000000000,0.000000004,0.050000000,0.000000000,0.000000000,0.050000000,0.000000000,0.000000004,0.000000000,0.000000004,0.000000773
12.518528891,TRACKING,,0.000700513,1,-0.000000000,0.000000005,0.050000001,0.000000000,0.000000000,0.050000000,0.000000000,0.000000005,0.000000001,0.000000005,0.000001041
12.529080521,TRACKING,,0.001027023,1,-0.000000000,0.000000005,0.050000001,0.000000000,0.000000000,0.050000000,0.000000000,0.000000005,0.000000001,0.000000005,0.000001041
12.538751166,TRACKING,,0.001213431,1,-0.000000000,0.000000006,0.050000002,0.000000000,0.000000000,0.050000000,0.000000000,0.000000006,0.000000002,0.000000007,0.000001284
12.548813624,TRACKING,,0.000807371,1,-0.000000000,0.000000005,0.050000000,0.000000000,0.000000000,0.050000000,0.000000000,0.000000005,0.000000000,0.000000005,0.000000959
12.559185970,TRACKING,,0.003639107,1,0.000000000,0.000000000,0.049999995,0.000000000,0.000000000,0.050000000,-0.000000000,0.000000000,-0.000000005,0.000000005,0.000000079
12.569218745,TRACKING,,0.001437833,1,0.000000000,-0.000000001,0.049999994,0.000000000,0.000000000,0.050000000,-0.000000000,-0.000000001,-0.000000006,0.000000007,0.000000251
12.579370251,TRACKING,,0.001523320,1,0.000000000,0.000000000,0.049999995,0.000000000,0.000000000,0.050000000,-0.000000000,0.000000000,-0.000000005,0.000000005,0.000000060
12.589392341,TRACKING,,0.000499857,1,0.000000000,0.000000002,0.049999997,0.000000000,0.000000000,0.050000000,-0.000000000,0.000000002,-0.000000003,0.000000004,0.000000361
12.599444113,TRACKING,,0.000739694,1,-0.000000000,0.000000003,0.049999998,0.000000000,0.000000000,0.050000000,0.000000000,0.000000003,-0.000000002,0.000000004,0.000000618
12.609423459,TRACKING,,0.001247864,1,-0.000000000,0.000000004,0.049999999,0.000000000,0.000000000,0.050000000,0.000000000,0.000000004,-0.000000001,0.000000005,0.000000893
12.619456234,TRACKING,,0.001618305,1,-0.000000000,0.000000004,0.049999999,0.000000000,0.000000000,0.050000000,0.000000000,0.000000004,-0.000000001,0.000000005,0.000000893
12.629559061,TRACKING,,0.001108948,1,-0.000000000,0.000000006,0.050000000,0.000000000,0.000000000,0.050000000,0.000000000,0.000000006,0.000000000,0.000000006,0.000001153
12.639748561,TRACKING,,0.001101824,1,-0.000000000,0.000000005,0.050000001,0.000000000,0.000000000,0.050000000,0.000000000,0.000000005,0.000000001,0.000000005,0.000001081
12.649889381,TRACKING,,0.000746819,1,-0.000000000,0.000000001,0.050000000,0.000000000,0.000000000,0.050000000,0.000000000,0.000000001,0.000000000,0.000000001,0.000000214
12.659793927,TRACKING,,0.000071239,1,0.000000000,-0.000000003,0.049999995,0.000000000,0.000000000,0.050000000,-0.000000000,-0.000000003,-0.000000005,0.000000006,0.000000640
12.669880131,TRACKING,,0.000327698,1,0.000000000,-0.000000006,0.049999992,0.000000000,0.000000000,0.050000000,-0.000000000,-0.000000006,-0.000000008,0.000000009,0.000001129
12.679902221,TRACKING,,0.000601967,1,0.000000000,-0.000000003,0.049999994,0.000000000,0.000000000,0.050000000,-0.000000000,-0.000000003,-0.000000006,0.000000007,0.000000681
12.689956367,TRACKING,,0.000964097,1,0.000000000,-0.000000001,0.049999996,0.000000000,0.000000000,0.050000000,-0.000000000,-0.000000001,-0.000000004,0.000000004,0.000000274
12.700015263,TRACKING,,0.001222930,1,-0.000000000,0.000000000,0.049999998,0.000000000,0.000000000,0.050000000,0.000000000,0.000000000,-0.000000002,0.000000002,0.000000093
12.710045664,TRACKING,,0.001636115,1,-0.000000000,0.000000000,0.049999998,0.000000000,0.000000000,0.050000000,0.000000000,0.000000000,-0.000000002,0.000000002,0.000000093
12.720338460,TRACKING,,0.001985184,1,-0.000000000,0.000000002,0.049999999,0.000000000,0.000000000,0.050000000,0.000000000,0.000000002,-0.000000001,0.000000002,0.000000421
12.730469782,TRACKING,,0.001747721,1,-0.000000000,0.000000004,0.050000000,0.000000000,0.000000000,0.050000000,0.000000000,0.000000004,0.000000000,0.000000004,0.000000725
12.740390950,TRACKING,,0.001563688,1,-0.000000000,0.000000005,0.050000001,0.000000000,0.000000000,0.050000000,0.000000000,0.000000005,0.000000001,0.000000005,0.000000961
12.750371483,TRACKING,,0.001429522,1,-0.000000000,0.000000006,0.050000002,0.000000000,0.000000000,0.050000000,0.000000000,0.000000006,0.000000002,0.000000006,0.000001171
12.760442253,TRACKING,,0.001549440,1,-0.000000000,0.000000007,0.050000002,0.000000000,0.000000000,0.050000000,0.000000000,0.000000007,0.000000002,0.000000007,0.000001364
12.770732674,TRACKING,,0.001315540,1,-0.000000000,0.000000008,0.049999999,0.000000000,0.000000000,0.050000000,0.000000000,0.000000008,-0.000000001,0.000000008,0.000001582
12.780565981,TRACKING,,0.001306042,1,0.000000000,0.000000005,0.049999994,0.000000000,0.000000000,0.050000000,-0.000000000,0.000000005,-0.000000006,0.000000007,0.000000951
12.790634376,TRACKING,,0.001254988,1,0.000000000,0.000000000,0.049999995,0.000000000,0.000000000,0.050000000,-0.000000000,0.000000000,-0.000000005,0.000000006,0.000000097
12.802863676,TRACKING,,0.003342279,1,0.000000000,0.000000001,0.049999996,0.000000000,0.000000000,0.050000000,-0.000000000,0.000000001,-0.000000004,0.000000004,0.000000117
12.812916635,TRACKING,,0.000243399,1,0.000000000,0.000000002,0.049999997,0.000000000,0.000000000,0.050000000,-0.000000000,0.000000002,-0.000000003,0.000000003,0.000000399
12.822865111,TRACKING,,0.000123480,1,-0.000000000,0.000000003,0.049999998,0.000000000,0.000000000,0.050000000,0.000000000,0.000000003,-0.000000002,0.000000004,0.000000671
12.832971499,TRACKING,,0.001361845,1,-0.000000000,0.000000005,0.050000000,0.000000000,0.000000000,0.050000000,0.000000000,0.000000005,-0.000000000,0.000000005,0.000000923
12.843047018,TRACKING,,0.001677670,1,-0.000000000,0.000000006,0.050000000,0.000000000,0.000000000,0.050000000,0.000000000,0.000000006,0.000000000,0.000000006,0.000001134
12.852987183,TRACKING,,0.001620679,1,-0.000000000,0.000000007,0.050000001,0.000000000,0.000000000,0.050000000,0.000000000,0.000000007,0.000000001,0.000000007,0.000001329
12.863074574,TRACKING,,0.001947189,1,-0.000000000,0.000000008,0.050000002,0.000000000,0.000000000,0.050000000,0.000000000,0.000000008,0.000000002,0.000000008,0.000001547
12.873121597,TRACKING,,0.001767905,1,0.000000000,0.000000004,0.049999999,0.000000000,0.000000000,0.050000000,-0.000000000,0.000000004,-0.000000001,0.000000005,0.000000902
12.883353840,TRACKING,,0.001834395,1,0.000000000,0.000000000,0.049999998,0.000000000,0.000000000,0.050000000,-0.000000000,0.000000000,-0.000000002,0.000000002,0.000000043
12.893393740,TRACKING,,0.001777404,1,-0.000000000,0.000000000,0.049999999,0.000000000,0.000000000,0.050000000,0.000000000,0.000000000,-0.000000001,0.000000001,0.000000065
12.904482034,TRACKING,,0.002239268,1,-0.000000000,0.000000002,0.050000000,0.000000000,0.000000000,0.050000000,0.000000000,0.000000002,0.000000000,0.000000002,0.000000356
12.914346211,TRACKING,,0.001761969,1,-0.000000000,0.000000003,0.050000001,0.000000000,0.000000000,0.050000000,0.000000000,0.000000003,0.000000001,0.000000003,0.000000620
12.924476346,TRACKING,,0.001816585,1,0.000000000,0.000000004,0.049999998,0.000000000,0.000000000,0.050000000,-0.000000000,0.000000004,-0.000000002,0.000000005,0.000000857
12.934465190,TRACKING,,0.001228867,1,0.000000000,0.000000005,0.049999998,0.000000000,0.000000000,0.050000000,-0.000000000,0.000000005,-0.000000002,0.000000006,0.000001077
12.944591763,TRACKING,,0.001475827,1,0.000000000,0.000000006,0.049999999,0.000000000,0.000000000,0.050000000,-0.000000000,0.000000006,-0.000000001,0.000000006,0.000001283
12.954594855,TRACKING,,0.000828743,1,-0.000000000,0.000000007,0.050000000,0.000000000,0.000000000,0.050000000,0.000000000,0.000000007,-0.000000000,0.000000007,0.000001479
12.964867467,TRACKING,,0.000596030,1,-0.000000000,0.000000003,0.050000001,0.000000000,0.000000000,0.050000000,0.000000000,0.000000003,0.000000001,0.000000003,0.000000576
12.974722146,TRACKING,,0.000320574,1,-0.000000000,0.000000004,0.050000002,0.000000000,0.000000000,0.050000000,0.000000000,0.000000004,0.000000002,0.000000004,0.000000816
12.984919957,TRACKING,,0.001865265,1,-0.000000000,0.000000004,0.050000002,0.000000000,0.000000000,0.050000000,0.000000000,0.000000004,0.000000002,0.000000004,0.000000816
12.995197318,TRACKING,,0.000166223,1,0.000000000,0.000000005,0.049999996,0.000000000,0.000000000,0.050000000,-0.000000000,0.000000005,-0.000000004,0.000000006,0.000001062
13.005511486,TRACKING,,0.001645612,1,0.000000000,0.000000006,0.049999993,0.000000000,0.000000000,0.050000000,-0.000000000,0.000000006,-0.000000007,0.000000010,0.000001300
13.015292551,TRACKING,,0.000561598,1,0.000000000,0.000000007,0.049999994,0.000000000,0.000000000,0.050000000,-0.000000000,0.000000007,-0.000000006,0.000000009,0.000001509
13.025241027,TRACKING,,0.000533102,1,0.000000000,0.000000006,0.049999996,0.000000000,0.000000000,0.050000000,-0.000000000,0.000000006,-0.000000004,0.000000007,0.000001118
13.035329606,TRACKING,,0.000860800,1,0.000000000,0.000000000,0.049999997,0.000000000,0.000000000,0.050000000,-0.000000000,0.000000000,-0.000000003,0.000000003,0.000000061
13.045399188,TRACKING,,0.000742069,1,-0.000000000,0.000000001,0.049999999,0.000000000,0.000000000,0.050000000,0.000000000,0.000000001,-0.000000001,0.000000001,0.000000152
13.055486579,TRACKING,,0.000679141,1,-0.000000000,0.000000002,0.050000000,0.000000000,0.000000000,0.050000000,0.000000000,0.000000002,-0.000000000,0.000000002,0.000000423
13.065731883,TRACKING,,0.000921353,1,-0.000000000,0.000000003,0.050000001,0.000000000,0.000000000,0.050000000,0.000000000,0.000000003,0.000000001,0.000000003,0.000000677
13.075612683,TRACKING,,0.001149316,1,-0.000000000,0.000000003,0.050000001,0.000000000,0.000000000,0.050000000,0.000000000,0.000000003,0.000000001,0.000000003,0.000000677
13.085754690,TRACKING,,0.000907106,1,-0.000000000,0.000000005,0.050000002,0.000000000,0.000000000,0.050000000,0.000000000,0.000000005,0.000000002,0.000000005,0.000000956
13.096220834,TRACKING,,0.001162377,1,-0.000000000,0.000000006,0.050000000,0.000000000,0.000000000,0.050000000,0.000000000,0.000000006,-0.000000000,0.000000006,0.000001218
13.105948470,TRACKING,,0.001509071,1,0.000000000,0.000000007,0.049999995,0.000000000,0.000000000,0.050000000,-0.000000000,0.000000007,-0.000000005,0.000000008,0.000001407
13.116124910,TRACKING,,0.001216994,1,0.000000000,0.000000005,0.049999994,0.000000000,0.000000000,0.050000000,-0.000000000,0.000000005,-0.000000006,0.000000008,0.000001018
13.126186181,TRACKING,,0.001395090,1,0.000000000,0.000000001,0.049999995,0.000000000,0.000000000,0.050000000,-0.000000000,0.000000001,-0.000000005,0.000000005,0.000000159
13.136211832,TRACKING,,0.001190872,1,0.000000000,-0.000000000,0.049999997,0.000000000,0.000000000,0.050000000,-0.000000000,-0.000000000,-0.000000003,0.000000003,0.000000003
13.146185241,TRACKING,,0.001281108,1,-0.000000000,0.000000002,0.049999998,0.000000000,0.000000000,0.050000000,0.000000000,0.000000002,-0.000000002,0.000000002,0.000000343
13.156246512,TRACKING,,0.001480577,1,-0.000000000,0.000000002,0.049999998,0.000000000,0.000000000,0.050000000,0.000000000,0.000000002,-0.000000002,0.000000002,0.000000343
13.166465695,TRACKING,,0.001471078,1,-0.000000000,0.000000003,0.050000000,0.000000000,0.000000000,0.050000000,0.000000000,0.000000003,-0.000000000,0.000000003,0.000000655
13.176459289,TRACKING,,0.000861988,1,-0.000000000,0.000000005,0.050000001,0.000000000,0.000000000,0.050000000,0.000000000,0.000000005,0.000000001,0.000000005,0.000000948
13.186560928,TRACKING,,0.000534290,1,-0.000000000,0.000000006,0.050000002,0.000000000,0.000000000,0.050000000,0.000000000,0.000000006,0.000000002,0.000000006,0.000001166
13.199548920,TRACKING,,0.003222361,1,-0.000000000,0.000000007,0.050000003,0.000000000,0.000000000,0.050000000,0.000000000,0.000000007,0.000000003,0.000000007,0.000001415
13.209598317,TRACKING,,0.001923444,1,-0.000000000,0.000000008,0.050000003,0.000000000,0.000000000,0.050000000,0.000000000,0.000000008,0.000000003,0.000000009,0.000001641
13.221376439,TRACKING,,0.003159433,1,0.000000000,0.000000005,0.050000000,0.000000000,0.000000000,0.050000000,-0.000000000,0.000000005,-0.000000000,0.000000005,0.000000986
13.231265549,TRACKING,,0.001983996,1,0.000000000,0.000000000,0.049999999,0.000000000,0.000000000,0.050000000,-0.000000000,0.000000000,-0.000000001,0.000000001,0.000000022
13.241228273,TRACKING,,0.001694292,1,-0.000000000,0.000000000,0.050000000,0.000000000,0.000000000,0.050000000,0.000000000,0.000000000,-0.000000000,0.000000000,0.000000057
13.251633864,TRACKING,,0.001752471,1,-0.000000000,0.000000002,0.050000001,0.000000000,0.000000000,0.050000000,0.000000000,0.000000002,0.000000001,0.000000002,0.000000337
13.261412555,TRACKING,,0.000596030,1,-0.000000000,0.000000003,0.050000002,0.000000000,0.000000000,0.050000000,0.000000000,0.000000003,0.000000002,0.000000003,0.000000615
13.271581871,TRACKING,,0.000536665,1,-0.000000000,0.000000004,0.050000002,0.000000000,0.000000000,0.050000000,0.000000000,0.000000004,0.000000002,0.000000005,0.000000859
13.281504226,TRACKING,,0.001536380,1,-0.000000000,0.000000004,0.050000002,0.000000000,0.000000000,0.050000000,0.000000000,0.000000004,0.000000002,0.000000005,0.000000859
13.291590430,TRACKING,,0.001456830,1,-0.000000000,0.000000005,0.050000002,0.000000000,0.000000000,0.050000000,0.000000000,0.000000005,0.000000002,0.000000006,0.000001106
13.301632704,TRACKING,,0.001399840,1,0.000000000,0.000000006,0.049999997,0.000000000,0.000000000,0.050000000,-0.000000000,0.000000006,-0.000000003,0.000000007,0.000001304
13.311821016,TRACKING,,0.001395090,1,0.000000000,0.000000007,0.049999994,0.000000000,0.000000000,0.050000000,-0.000000000,0.000000007,-0.000000006,0.000000009,0.000001487
13.321951151,TRACKING,,0.000888108,1,0.000000000,0.000000007,0.049999996,0.000000000,0.000000000,0.050000000,-0.000000000,0.000000007,-0.000000004,0.000000008,0.000001379
13.332322310,TRACKING,,0.001126758,1,0.000000000,0.000000002,0.049999997,0.000000000,0.000000000,0.050000000,-0.000000000,0.000000002,-0.000000003,0.000000004,0.000000447
13.342296907,TRACKING,,0.000974782,1,0.000000000,-0.000000001,0.049999998,0.000000000,0.000000000,0.050000000,-0.000000000,-0.000000001,-0.000000002,0.000000002,0.000000102
13.352216887,TRACKING,,0.001164752,1,-0.000000000,0.000000001,0.049999999,0.000000000,0.000000000,0.050000000,0.000000000,0.000000001,-0.000000001,0.000000001,0.000000193
13.362339898,TRACKING,,0.001190873,1,-0.000000000,0.000000003,0.050000000,0.000000000,0.000000000,0.050000000,0.000000000,0.000000003,0.000000000,0.000000003,0.000000523
13.372409480,TRACKING,,0.001178999,1,-0.000000000,0.000000004,0.050000001,0.000000000,0.000000000,0.050000000,0.000000000,0.000000004,0.000000001,0.000000004,0.000000823
13.382534865,TRACKING,,0.000653021,1,-0.000000000,0.000000005,0.050000002,0.000000000,0.000000000,0.050000000,0.000000000,0.000000005,0.000000002,0.000000006,0.000001043
13.392608009,TRACKING,,0.000898795,1,-0.000000000,0.000000006,0.050000003,0.000000000,0.000000000,0.050000000,0.000000000,0.000000006,0.000000003,0.000000007,0.000001250
13.402694213,TRACKING,,0.001051957,1,-0.000000000,0.000000007,0.050000004,0.000000000,0.000000000,0.050000000,0.000000000,0.000000007,0.000000004,0.000000008,0.000001478
13.412681870,TRACKING,,0.001047208,1,0.000000000,0.000000008,0.049999999,0.000000000,0.000000000,0.050000000,-0.000000000,0.000000008,-0.000000001,0.000000008,0.000001647
13.422825065,TRACKING,,0.001154066,1,0.000000000,0.000000008,0.049999999,0.000000000,0.000000000,0.050000000,-0.000000000,0.000000008,-0.000000001,0.000000008,0.000001647
13.432989632,TRACKING,,0.001192060,1,0.000000000,0.000000003,0.050000000,0.000000000,0.000000000,0.050000000,-0.000000000,0.000000003,-0.000000000,0.000000003,0.000000533
13.443035468,TRACKING,,0.001254987,1,-0.000000000,-0.000000001,0.050000001,0.000000000,0.000000000,0.050000000,0.000000000,-0.000000001,0.000000001,0.000000002,0.000000285
13.452961385,TRACKING,,0.000772939,1,-0.000000000,-0.000000004,0.050000002,0.000000000,0.000000000,0.050000000,0.000000000,-0.000000004,0.000000002,0.000000004,0.000000756
13.463318296,TRACKING,,0.002546781,1,-0.000000000,-0.000000002,0.050000002,0.000000000,0.000000000,0.050000000,0.000000000,-0.000000002,0.000000002,0.000000003,0.000000372
13.473157539,TRACKING,,0.002268951,1,-0.000000000,-0.000000000,0.050000003,0.000000000,0.000000000,0.050000000,0.000000000,-0.000000000,0.000000003,0.000000003,0.000000048
13.483449148,TRACKING,,0.002512350,1,-0.000000000,0.000000001,0.050000004,0.000000000,0.000000000,0.050000000,0.000000000,0.000000001,0.000000004,0.000000004,0.000000301
13.493892733,TRACKING,,0.000037994,1,-0.000000000,0.000000003,0.050000004,0.000000000,0.000000000,0.050000000,0.000000000,0.000000003,0.000000004,0.000000005,0.000000565
13.503420901,TRACKING,,0.000201843,1,0.000000000,0.000000004,0.050000001,0.000000000,0.000000000,0.050000000,-0.000000000,0.000000004,0.000000001,0.000000004,0.000000858
13.513612776,TRACKING,,0.000237462,1,0.000000000,0.000000006,0.050000001,0.000000000,0.000000000,0.050000000,-0.000000000,0.000000006,0.000000001,0.000000006,0.000001123
13.523571938,TRACKING,,0.000439305,1,0.000000000,0.000000007,0.050000001,0.000000000,0.000000000,0.050000000,-0.000000000,0.000000007,0.000000001,0.000000007,0.000001318
13.533636770,TRACKING,,0.000625713,1,0.000000000,0.000000007,0.050000001,0.000000000,0.000000000,0.050000000,-0.000000000,0.000000007,0.000000001,0.000000007,0.000001318
13.544112412,TRACKING,,0.001277546,1,-0.000000000,0.000000006,0.050000002,0.000000000,0.000000000,0.050000000,0.000000000,0.000000006,0.000000002,0.000000007,0.000001270
13.554050203,TRACKING,,0.001238365,1,-0.000000000,0.000000001,0.050000003,0.000000000,0.000000000,0.050000000,0.000000000,0.000000001,0.000000003,0.000000003,0.000000193
13.564137594,TRACKING,,0.001494824,1,0.000000000,-0.000000004,0.050000000,0.000000000,0.000000000,0.050000000,-0.000000000,-0.000000004,-0.000000000,0.000000004,0.000000761
13.574215487,TRACKING,,0.001887824,1,0.000000000,-0.000000003,0.050000000,0.000000000,0.000000000,0.050000000,-0.000000000,-0.000000003,-0.000000000,0.000000003,0.000000595
13.584431108,TRACKING,,0.002127660,1,0.000000000,-0.000000003,0.050000000,0.000000000,0.000000000,0.050000000,-0.000000000,-0.000000003,-0.000000000,0.000000003,0.000000595
13.594411641,TRACKING,,0.002206024,1,0.000000000,-0.000000001,0.050000001,0.000000000,0.000000000,0.050000000,-0.000000000,-0.000000001,0.000000001,0.000000001,0.000000198
13.604424232,TRACKING,,0.002132410,1,-0.000000000,0.000000000,0.050000002,0.000000000,0.000000000,0.050000000,0.000000000,0.000000000,0.000000002,0.000000002,0.000000100
13.614468881,TRACKING,,0.002196524,1,-0.000000000,0.000000002,0.050000002,0.000000000,0.000000000,0.050000000,0.000000000,0.000000002,0.000000002,0.000000003,0.000000377
13.624515903,TRACKING,,0.001656298,1,-0.000000000,0.000000003,0.050000003,0.000000000,0.000000000,0.050000000,0.000000000,0.000000003,0.000000003,0.000000005,0.000000687
13.634730337,TRACKING,,0.001625428,1,-0.000000000,0.000000005,0.050000004,0.000000000,0.000000000,0.050000000,0.000000000,0.000000005,0.000000004,0.000000006,0.000000934
13.644853348,TRACKING,,0.000490359,1,-0.000000000,0.000000006,0.050000003,0.000000000,0.000000000,0.050000000,0.000000000,0.000000006,0.000000003,0.000000006,0.000001146
13.655332552,TRACKING,,0.002570527,1,0.000000000,0.000000007,0.049999997,0.000000000,0.000000000,0.050000000,-0.000000000,0.000000007,-0.000000003,0.000000007,0.000001369
13.666545514,TRACKING,,0.000916604,1,0.000000000,0.000000005,0.049999995,0.000000000,0.000000000,0.050000000,-0.000000000,0.000000005,-0.000000005,0.000000007,0.000001015
13.676493990,TRACKING,,0.000851301,1,0.000000000,0.000000001,0.049999997,0.000000000,0.000000000,0.050000000,-0.000000000,0.000000001,-0.000000003,0.000000003,0.000000143
13.686583756,TRACKING,,0.000100921,1,0.000000000,-0.000000001,0.049999998,0.000000000,0.000000000,0.050000000,-0.000000000,-0.000000001,-0.000000002,0.000000002,0.000000122
13.696740012,TRACKING,,0.000028496,1,0.000000000,0.000000001,0.049999999,0.000000000,0.000000000,0.050000000,-0.000000000,0.000000001,-0.000000001,0.000000001,0.000000196
13.707168161,TRACKING,,0.000401311,1,0.000000000,0.000000002,0.050000000,0.000000000,0.000000000,0.050000000,-0.000000000,0.000000002,0.000000000,0.000000002,0.000000464
13.717191438,TRACKING,,0.000214903,1,-0.000000000,0.000000004,0.050000001,0.000000000,0.000000000,0.050000000,0.000000000,0.000000004,0.000000001,0.000000004,0.000000713
13.727231337,TRACKING,,0.000093797,1,-0.000000000,0.000000005,0.050000002,0.000000000,0.000000000,0.050000000,0.000000000,0.000000005,0.000000002,0.000000005,0.000000944
13.737303293,TRACKING,,0.000124667,1,-0.000000000,0.000000006,0.050000002,0.000000000,0.000000000,0.050000000,0.000000000,0.000000006,0.000000002,0.000000006,0.000001158
13.747529600,TRACKING,,0.002097978,1,-0.000000000,0.000000004,0.050000003,0.000000000,0.000000000,0.050000000,0.000000000,0.000000004,0.000000003,0.000000005,0.000000824
13.757647862,TRACKING,,0.002113413,1,-0.000000000,-0.000000000,0.050000004,0.000000000,0.000000000,0.050000000,0.000000000,-0.000000000,0.000000004,0.000000004,0.000000068
13.767641455,TRACKING,,0.001953126,1,-0.000000000,-0.000000001,0.050000001,0.000000000,0.000000000,0.050000000,0.000000000,-0.000000001,0.000000001,0.000000002,0.000000298
13.777614865,TRACKING,,0.000233901,1,0.000000000,0.000000000,0.049999996,0.000000000,0.000000000,0.050000000,-0.000000000,0.000000000,-0.000000004,0.000000004,0.000000058
13.787779432,TRACKING,,0.000207779,1,0.000000000,0.000000002,0.049999996,0.000000000,0.000000000,0.050000000,-0.000000000,0.000000002,-0.000000004,0.000000004,0.000000407
13.797958246,TRACKING,,0.000218465,1,0.000000000,0.000000003,0.049999997,0.000000000,0.000000000,0.050000000,-0.000000000,0.000000003,-0.000000003,0.000000004,0.000000662
13.807918595,TRACKING,,0.002336627,1,0.000000000,0.000000003,0.049999997,0.000000000,0.000000000,0.050000000,-0.000000000,0.000000003,-0.000000003,0.000000004,0.000000662
13.819195672,TRACKING,,0.003661666,1,0.000000000,0.000000004,0.049999999,0.000000000,0.000000000,0.050000000,-0.000000000,0.000000004,-0.000000001,0.000000005,0.000000904
13.829208263,TRACKING,,0.001880700,1,0.000000000,0.000000006,0.050000000,0.000000000,0.000000000,0.050000000,-0.000000000,0.000000006,-0.000000000,0.000000006,0.000001149
13.839366893,TRACKING,,0.001425960,1,-0.000000000,0.000000007,0.050000001,0.000000000,0.000000000,0.050000000,0.000000000,0.000000007,0.000000001,0.000000007,0.000001345
13.849556393,TRACKING,,0.000528354,1,-0.000000000,0.000000002,0.050000002,0.000000000,0.000000000,0.050000000,0.000000000,0.000000002,0.000000002,0.000000003,0.000000417
13.859770827,TRACKING,,0.000783625,1,-0.000000000,-0.000000002,0.050000002,0.000000000,0.000000000,0.050000000,0.000000000,-0.000000002,0.000000002,0.000000003,0.000000465
13.869589886,TRACKING,,0.000159099,1,-0.000000000,-0.000000004,0.050000003,0.000000000,0.000000000,0.050000000,0.000000000,-0.000000004,0.000000003,0.000000005,0.000000821
13.879622661,TRACKING,,0.000208966,1,-0.000000000,-0.000000002,0.050000004,0.000000000,0.000000000,0.050000000,0.000000000,-0.000000002,0.000000004,0.000000004,0.000000474
13.889603195,TRACKING,,0.001652736,1,0.000000000,-0.000000001,0.050000001,0.000000000,0.000000000,0.050000000,-0.000000000,-0.000000001,0.000000001,0.000000001,0.000000118
13.899656154,TRACKING,,0.001458017,1,0.000000000,0.000000001,0.050000000,0.000000000,0.000000000,0.050000000,-0.000000000,0.000000001,0.000000000,0.000000001,0.000000184
13.911258554,TRACKING,,0.000515293,1,-0.000000000,0.000000003,0.050000001,0.000000000,0.000000000,0.050000000,0.000000000,0.000000003,0.000000001,0.000000003,0.000000505
13.921287767,TRACKING,,0.000094985,1,-0.000000000,0.000000004,0.050000002,0.000000000,0.000000000,0.050000000,0.000000000,0.000000004,0.000000002,0.000000004,0.000000754
13.931395343,TRACKING,,0.001655112,1,-0.000000000,0.000000005,0.050000003,0.000000000,0.000000000,0.050000000,0.000000000,0.000000005,0.000000003,0.000000006,0.000000990
13.941608589,TRACKING,,0.001526882,1,0.000000000,0.000000006,0.049999999,0.000000000,0.000000000,0.050000000,-0.000000000,0.000000006,-0.000000001,0.000000006,0.000001220
13.951533319,TRACKING,,0.001473453,1,0.000000000,0.000000003,0.049999999,0.000000000,0.000000000,0.050000000,-0.000000000,0.000000003,-0.000000001,0.000000003,0.000000597
13.962017272,TRACKING,,0.000137729,1,0.000000000,0.000000004,0.050000000,0.000000000,0.000000000,0.050000000,-0.000000000,0.000000004,-0.000000000,0.000000004,0.000000866
13.975270034,TRACKING,,0.005517433,1,0.000000000,0.000000004,0.050000000,0.000000000,0.000000000,0.050000000,-0.000000000,0.000000004,-0.000000000,0.000000004,0.000000866
13.985217323,TRACKING,,0.001982809,1,-0.000000000,-0.000000002,0.050000001,0.000000000,0.000000000,0.050000000,0.000000000,-0.000000002,0.000000001,0.000000002,0.000000316
13.995334397,TRACKING,,0.002040987,1,-0.000000000,-0.000000005,0.050000002,0.000000000,0.000000000,0.050000000,0.000000000,-0.000000005,0.000000002,0.000000006,0.000001073
14.005388544,TRACKING,,0.001484138,1,-0.000000000,-0.000000003,0.050000003,0.000000000,0.000000000,0.050000000,0.000000000,-0.000000003,0.000000003,0.000000004,0.000000621
14.017140545,TRACKING,,0.000322948,1,-0.000000000,-0.000000001,0.050000003,0.000000000,0.000000000,0.050000000,0.000000000,-0.000000001,0.000000003,0.000000004,0.000000265
14.027227936,TRACKING,,0.000322949,1,-0.000000000,0.000000000,0.050000004,0.000000000,0.000000000,0.050000000,0.000000000,0.000000000,0.000000004,0.000000004,0.000000047
14.037372319,TRACKING,,0.000129417,1,-0.000000000,0.000000002,0.050000003,0.000000000,0.000000000,0.050000000,0.000000000,0.000000002,0.000000003,0.000000004,0.000000327
14.047526199,TRACKING,,0.000027308,1,0.000000000,0.000000003,0.049999998,0.000000000,0.000000000,0.050000000,-0.000000000,0.000000003,-0.000000002,0.000000003,0.000000591
14.057617153,TRACKING,,0.002189401,1,0.000000000,0.000000004,0.049999995,0.000000000,0.000000000,0.050000000,-0.000000000,0.000000004,-0.000000005,0.000000006,0.000000832
14.067665363,TRACKING,,0.001662235,1,0.000000000,0.000000005,0.049999997,0.000000000,0.000000000,0.050000000,-0.000000000,0.000000005,-0.000000003,0.000000006,0.000001061
14.077617401,TRACKING,,0.001511446,1,0.000000000,0.000000005,0.049999998,0.000000000,0.000000000,0.050000000,-0.000000000,0.000000005,-0.000000002,0.000000005,0.000000987
14.087936318,TRACKING,,0.001107761,1,0.000000000,0.000000001,0.049999999,0.000000000,0.000000000,0.050000000,-0.000000000,0.000000001,-0.000000001,0.000000001,0.000000113
14.097804057,TRACKING,,0.001028211,1,0.000000000,-0.000000003,0.050000000,0.000000000,0.000000000,0.050000000,-0.000000000,-0.000000003,-0.000000000,0.000000003,0.000000695
14.108062421,TRACKING,,0.001214619,1,-0.000000000,-0.000000004,0.050000001,0.000000000,0.000000000,0.050000000,0.000000000,-0.000000004,0.000000001,0.000000004,0.000000879
14.118146251,TRACKING,,0.001120821,1,-0.000000000,-0.000000002,0.050000002,0.000000000,0.000000000,0.050000000,0.000000000,-0.000000002,0.000000002,0.000000003,0.000000446
14.128201585,TRACKING,,0.001213432,1,-0.000000000,-0.000000001,0.050000003,0.000000000,0.000000000,0.050000000,0.000000000,-0.000000001,0.000000003,0.000000003,0.000000125
14.138120378,TRACKING,,0.001332163,1,-0.000000000,0.000000001,0.050000003,0.000000000,0.000000000,0.050000000,0.000000000,0.000000001,0.000000003,0.000000004,0.000000233
14.148369244,TRACKING,,0.001387966,1,-0.000000000,0.000000002,0.050000004,0.000000000,0.000000000,0.050000000,0.000000000,0.000000002,0.000000004,0.000000005,0.000000497
14.158426952,TRACKING,,0.001644425,1,-0.000000000,0.000000002,0.050000004,0.000000000,0.000000000,0.050000000,0.000000000,0.000000002,0.000000004,0.000000005,0.000000497
14.168542839,TRACKING,,0.001805900,1,-0.000000000,0.000000004,0.050000005,0.000000000,0.000000000,0.050000000,0.000000000,0.000000004,0.000000005,0.000000006,0.000000795
14.178633793,TRACKING,,0.001609993,1,-0.000000000,0.000000005,0.050000004,0.000000000,0.000000000,0.050000000,0.000000000,0.000000005,0.000000004,0.000000006,0.000001067
14.188706936,TRACKING,,0.001611181,1,0.000000000,0.000000005,0.049999999,0.000000000,0.000000000,0.050000000,-0.000000000,0.000000005,-0.000000001,0.000000005,0.000000987
14.198801452,TRACKING,,0.001697854,1,0.000000000,-0.000000000,0.049999996,0.000000000,0.000000000,0.050000000,-0.000000000,-0.000000000,-0.000000004,0.000000004,0.000000057
14.208727369,TRACKING,,0.001611180,1,0.000000000,-0.000000004,0.049999997,0.000000000,0.000000000,0.050000000,-0.000000000,-0.000000004,-0.000000003,0.000000005,0.000000841
14.218728086,TRACKING,,0.001886637,1,0.000000000,-0.000000005,0.049999999,0.000000000,0.000000000,0.050000000,-0.000000000,-0.000000005,-0.000000001,0.000000005,0.000000930
14.228773922,TRACKING,,0.001628990,1,0.000000000,-0.000000003,0.050000000,0.000000000,0.000000000,0.050000000,-0.000000000,-0.000000003,-0.000000000,0.000000003,0.000000566
14.238870812,TRACKING,,0.001397465,1,-0.000000000,-0.000000001,0.050000001,0.000000000,0.000000000,0.050000000,0.000000000,-0.000000001,0.000000001,0.000000001,0.000000232
14.249082871,TRACKING,,0.001446144,1,-0.000000000,0.000000000,0.050000001,0.000000000,0.000000000,0.050000000,0.000000000,0.000000000,0.000000001,0.000000001,0.000000072
14.258988604,TRACKING,,0.001683606,1,-0.000000000,0.000000000,0.050000001,0.000000000,0.000000000,0.050000000,0.000000000,0.000000000,0.000000001,0.000000001,0.000000072
14.269223222,TRACKING,,0.001587435,1,-0.000000000,0.000000002,0.050000002,0.000000000,0.000000000,0.050000000,0.000000000,0.000000002,0.000000002,0.000000003,0.000000409
14.279149139,TRACKING,,0.001670546,1,-0.000000000,0.000000003,0.050000003,0.000000000,0.000000000,0.050000000,0.000000000,0.000000003,0.000000003,0.000000004,0.000000664
14.289261464,TRACKING,,0.001562501,1,-0.000000000,0.000000005,0.050000004,0.000000000,0.000000000,0.050000000,0.000000000,0.000000005,0.000000004,0.000000006,0.000000949
14.299342919,TRACKING,,0.001075703,1,-0.000000000,0.000000003,0.050000001,0.000000000,0.000000000,0.050000000,0.000000000,0.000000003,0.000000001,0.000000003,0.000000612
14.309482552,TRACKING,,0.000733758,1,0.000000000,-0.000000001,0.049999996,0.000000000,0.000000000,0.050000000,-0.000000000,-0.000000001,-0.000000004,0.000000004,0.000000249
14.319457149,TRACKING,,0.000473737,1,0.000000000,-0.000000002,0.049999995,0.000000000,0.000000000,0.050000000,-0.000000000,-0.000000002,-0.000000005,0.000000006,0.000000487
14.329550477,TRACKING,,0.000017810,1,0.000000000,-0.000000001,0.049999996,0.000000000,0.000000000,0.050000000,-0.000000000,-0.000000001,-0.000000004,0.000000004,0.000000157
14.339849210,TRACKING,,0.002206023,1,0.000000000,0.000000001,0.049999998,0.000000000,0.000000000,0.050000000,-0.000000000,0.000000001,-0.000000002,0.000000003,0.000000153
14.349897420,TRACKING,,0.001867639,1,0.000000000,0.000000002,0.049999999,0.000000000,0.000000000,0.050000000,-0.000000000,0.000000002,-0.000000001,0.000000003,0.000000435
14.359994310,TRACKING,,0.001397465,1,-0.000000000,0.000000003,0.050000000,0.000000000,0.000000000,0.050000000,0.000000000,0.000000003,-0.000000000,0.000000003,0.000000696
14.369902417,TRACKING,,0.001163565,1,-0.000000000,0.000000005,0.050000001,0.000000000,0.000000000,0.050000000,0.000000000,0.000000005,0.000000001,0.000000005,0.000000934
14.380324630,TRACKING,,0.001442583,1,-0.000000000,0.000000002,0.050000001,0.000000000,0.000000000,0.050000000,0.000000000,0.000000002,0.000000001,0.000000002,0.000000355
14.389995276,TRACKING,,0.001167126,1,-0.000000000,-0.000000002,0.050000002,0.000000000,0.000000000,0.050000000,0.000000000,-0.000000002,0.000000002,0.000000003,0.000000479
14.400044673,TRACKING,,0.001538755,1,-0.000000000,-0.000000002,0.050000003,0.000000000,0.000000000,0.050000000,0.000000000,-0.000000002,0.000000003,0.000000004,0.000000345
14.410128503,TRACKING,,0.001456831,1,-0.000000000,-0.000000000,0.050000004,0.000000000,0.000000000,0.050000000,0.000000000,-0.000000000,0.000000004,0.000000004,0.000000033
14.420201646,TRACKING,,0.001498386,1,-0.000000000,0.000000001,0.050000004,0.000000000,0.000000000,0.050000000,0.000000000,0.000000001,0.000000004,0.000000004,0.000000255
14.430272415,TRACKING,,0.001459205,1,0.000000000,0.000000003,0.049999999,0.000000000,0.000000000,0.050000000,-0.000000000,0.000000003,-0.000000001,0.000000003,0.000000518
14.440353870,TRACKING,,0.001557751,1,0.000000000,0.000000004,0.050000000,0.000000000,0.000000000,0.050000000,-0.000000000,0.000000004,0.000000000,0.000000004,0.000000761
14.450504189,TRACKING,,0.001656298,1,0.000000000,0.000000004,0.050000000,0.000000000,0.000000000,0.050000000,-0.000000000,0.000000004,0.000000000,0.000000004,0.000000761
14.460551212,TRACKING,,0.001473452,1,-0.000000000,-0.000000001,0.050000001,0.000000000,0.000000000,0.050000000,0.000000000,-0.000000001,0.000000001,0.000000002,0.000000265
14.470900999,TRACKING,,0.001507885,1,-0.000000000,-0.000000005,0.050000002,0.000000000,0.000000000,0.050000000,0.000000000,-0.000000005,0.000000002,0.000000006,0.000001038
14.480863723,TRACKING,,0.001390341,1,-0.000000000,-0.000000009,0.050000003,0.000000000,0.000000000,0.050000000,0.000000000,-0.000000009,0.000000003,0.000000009,0.000001738
14.490954676,TRACKING,,0.001443770,1,-0.000000000,-0.000000007,0.050000003,0.000000000,0.000000000,0.050000000,0.000000000,-0.000000007,0.000000003,0.000000007,0.000001313
14.500847349,TRACKING,,0.001304854,1,-0.000000000,-0.000000005,0.050000004,0.000000000,0.000000000,0.050000000,0.000000000,-0.000000005,0.000000004,0.000000006,0.000000928
14.510931178,TRACKING,,0.001268048,1,-0.000000000,-0.000000003,0.050000003,0.000000000,0.000000000,0.050000000,0.000000000,-0.000000003,0.000000003,0.000000004,0.000000569
14.521011446,TRACKING,,0.001216994,1,0.000000000,-0.000000001,0.049999998,0.000000000,0.000000000,0.050000000,-0.000000000,-0.000000001,-0.000000002,0.000000002,0.000000238
14.531015726,TRACKING,,0.000968846,1,0.000000000,0.000000000,0.049999995,0.000000000,0.000000000,0.050000000,-0.000000000,0.000000000,-0.000000005,0.000000005,0.000000067
14.541079371,TRACKING,,0.000559223,1,0.000000000,0.000000002,0.049999996,0.000000000,0.000000000,0.050000000,-0.000000000,0.000000002,-0.000000004,0.000000004,0.000000350
14.551249874,TRACKING,,0.000326511,1,0.000000000,0.000000003,0.049999998,0.000000000,0.000000000,0.050000000,-0.000000000,0.000000003,-0.000000002,0.000000004,0.000000618
14.561184102,TRACKING,,0.002480292,1,0.000000000,0.000000004,0.049999999,0.000000000,0.000000000,0.050000000,-0.000000000,0.000000004,-0.000000001,0.000000004,0.000000860
14.571492334,TRACKING,,0.002077793,1,0.000000000,0.000000004,0.050000000,0.000000000,0.000000000,0.050000000,-0.000000000,0.000000004,-0.000000000,0.000000004,0.000000803
14.581393317,TRACKING,,0.001773842,1,-0.000000000,-0.000000000,0.050000001,0.000000000,0.000000000,0.050000000,0.000000000,-0.000000000,0.000000001,0.000000001,0.000000072
14.591657618,TRACKING,,0.001927005,1,-0.000000000,-0.000000004,0.050000002,0.000000000,0.000000000,0.050000000,0.000000000,-0.000000004,0.000000002,0.000000005,0.000000855
14.601741447,TRACKING,,0.000873861,1,-0.000000000,-0.000000006,0.050000003,0.000000000,0.000000000,0.050000000,0.000000000,-0.000000006,0.000000003,0.000000006,0.000001162
14.611783721,TRACKING,,0.001981622,1,-0.000000000,-0.000000004,0.050000003,0.000000000,0.000000000,0.050000000,0.000000000,-0.000000004,0.000000003,0.000000005,0.000000723
14.621706076,TRACKING,,0.001436646,1,-0.000000000,-0.000000002,0.050000004,0.000000000,0.000000000,0.050000000,0.000000000,-0.000000002,0.000000004,0.000000004,0.000000370
14.631748350,TRACKING,,0.001080453,1,-0.000000000,-0.000000000,0.050000004,0.000000000,0.000000000,0.050000000,0.000000000,-0.000000000,0.000000004,0.000000004,0.000000044
14.641817932,TRACKING,,0.001082828,1,0.000000000,0.000000001,0.049999999,0.000000000,0.000000000,0.050000000,-0.000000000,0.000000001,-0.000000001,0.000000001,0.000000243
14.651931444,TRACKING,,0.001149316,1,0.000000000,0.000000003,0.050000000,0.000000000,0.000000000,0.050000000,-0.000000000,0.000000003,0.000000000,0.000000003,0.000000508
14.662182684,TRACKING,,0.000444055,1,0.000000000,0.000000004,0.050000001,0.000000000,0.000000000,0.050000000,-0.000000000,0.000000004,0.000000001,0.000000004,0.000000768
14.671999369,TRACKING,,0.000680329,1,-0.000000000,-0.000000000,0.050000002,0.000000000,0.000000000,0.050000000,0.000000000,-0.000000000,0.000000002,0.000000002,0.000000068
14.682045204,TRACKING,,0.000833492,1,-0.000000000,-0.000000000,0.050000002,0.000000000,0.000000000,0.050000000,0.000000000,-0.000000000,0.000000002,0.000000002,0.000000068
14.692229955,TRACKING,,0.000903544,1,-0.000000000,-0.000000005,0.050000003,0.000000000,0.000000000,0.050000000,0.000000000,-0.000000005,0.000000003,0.000000006,0.000001010
14.702224737,TRACKING,,0.000761066,1,-0.000000000,-0.000000007,0.050000004,0.000000000,0.000000000,0.050000000,0.000000000,-0.000000007,0.000000004,0.000000008,0.000001330
14.712301442,TRACKING,,0.000987842,1,-0.000000000,-0.000000005,0.050000004,0.000000000,0.000000000,0.050000000,0.000000000,-0.000000005,0.000000004,0.000000006,0.000000941
14.722365087,TRACKING,,0.001291794,1,0.000000000,-0.000000003,0.050000001,0.000000000,0.000000000,0.050000000,-0.000000000,-0.000000003,0.000000001,0.000000003,0.000000511
14.732429920,TRACKING,,0.001410525,1,0.000000000,-0.000000001,0.050000000,0.000000000,0.000000000,0.050000000,-0.000000000,-0.000000001,0.000000000,0.000000001,0.000000117
14.742497127,TRACKING,,0.001307229,1,0.000000000,0.000000001,0.050000001,0.000000000,0.000000000,0.050000000,-0.000000000,0.000000001,0.000000001,0.000000002,0.000000179
14.752564334,TRACKING,,0.001207495,1,-0.000000000,0.000000002,0.050000002,0.000000000,0.000000000,0.050000000,0.000000000,0.000000002,0.000000002,0.000000003,0.000000453
14.762622043,TRACKING,,0.001291794,1,-0.000000000,0.000000002,0.050000002,0.000000000,0.000000000,0.050000000,0.000000000,0.000000002,0.000000002,0.000000003,0.000000453
14.772712996,TRACKING,,0.001226491,1,-0.000000000,0.000000002,0.050000003,0.000000000,0.000000000,0.050000000,0.000000000,0.000000002,0.000000003,0.000000004,0.000000481
14.782819385,TRACKING,,0.001216994,1,-0.000000000,-0.000000002,0.050000004,0.000000000,0.000000000,0.050000000,0.000000000,-0.000000002,0.000000004,0.000000004,0.000000337
14.793139489,TRACKING,,0.000639960,1,-0.000000000,-0.000000005,0.050000003,0.000000000,0.000000000,0.050000000,0.000000000,-0.000000005,0.000000003,0.000000006,0.000001096
14.802990606,TRACKING,,0.000840616,1,0.000000000,-0.000000007,0.049999998,0.000000000,0.000000000,0.050000000,-0.000000000,-0.000000007,-0.000000002,0.000000008,0.000001486
14.812999635,TRACKING,,0.000840616,1,0.000000000,-0.000000005,0.049999995,0.000000000,0.000000000,0.050000000,-0.000000000,-0.000000005,-0.000000005,0.000000007,0.000000999
14.823018162,TRACKING,,0.000977157,1,0.000000000,-0.000000003,0.049999996,0.000000000,0.000000000,0.050000000,-0.000000000,-0.000000003,-0.000000004,0.000000005,0.000000637
14.833092493,TRACKING,,0.001043646,1,0.000000000,-0.000000001,0.049999998,0.000000000,0.000000000,0.050000000,-0.000000000,-0.000000001,-0.000000002,0.000000002,0.000000230
14.843281993,TRACKING,,0.001025837,1,0.000000000,0.000000001,0.049999999,0.000000000,0.000000000,0.050000000,-0.000000000,0.000000001,-0.000000001,0.000000001,0.000000144
14.853326641,TRACKING,,0.000846553,1,-0.000000000,0.000000002,0.050000000,0.000000000,0.000000000,0.050000000,0.000000000,0.000000002,0.000000000,0.000000002,0.000000422
14.863221688,TRACKING,,0.001059081,1,-0.000000000,0.000000002,0.050000000,0.000000000,0.000000000,0.050000000,0.000000000,0.000000002,0.000000000,0.000000002,0.000000422
14.873389817,TRACKING,,0.001034147,1,-0.000000000,0.000000004,0.050000001,0.000000000,0.000000000,0.050000000,0.000000000,0.000000004,0.000000001,0.000000004,0.000000728
14.883467710,TRACKING,,0.001233616,1,-0.000000000,0.000000003,0.050000002,0.000000000,0.000000000,0.050000000,0.000000000,0.000000003,0.000000002,0.000000004,0.000000679
14.893735573,TRACKING,,0.001235991,1,-0.000000000,-0.000000002,0.050000003,0.000000000,0.000000000,0.050000000,0.000000000,-0.000000002,0.000000003,0.000000003,0.000000336
14.903819402,TRACKING,,0.001162377,1,-0.000000000,-0.000000005,0.050000003,0.000000000,0.000000000,0.050000000,0.000000000,-0.000000005,0.000000003,0.000000006,0.000001095
14.913902044,TRACKING,,0.000962909,1,-0.000000000,-0.000000006,0.050000004,0.000000000,0.000000000,0.050000000,0.000000000,-0.000000006,0.000000004,0.000000007,0.000001247
14.923813714,TRACKING,,0.000829930,1,-0.000000000,-0.000000004,0.050000002,0.000000000,0.000000000,0.050000000,0.000000000,-0.000000004,0.000000002,0.000000005,0.000000860
14.933908229,TRACKING,,0.000537852,1,0.000000000,-0.000000002,0.049999997,0.000000000,0.000000000,0.050000000,-0.000000000,-0.000000002,-0.000000003,0.000000004,0.000000504
14.946900970,TRACKING,,0.002875667,1,0.000000000,-0.000000001,0.049999995,0.000000000,0.000000000,0.050000000,-0.000000000,-0.000000001,-0.000000005,0.000000005,0.000000171
14.956588237,TRACKING,,0.001124383,1,0.000000000,0.000000001,0.049999997,0.000000000,0.000000000,0.050000000,-0.000000000,0.000000001,-0.000000003,0.000000003,0.000000172
14.966867973,TRACKING,,0.000809746,1,0.000000000,0.000000002,0.049999998,0.000000000,0.000000000,0.050000000,-0.000000000,0.000000002,-0.000000002,0.000000003,0.000000452
14.976961301,TRACKING,,0.000847740,1,0.000000000,0.000000001,0.049999999,0.000000000,0.000000000,0.050000000,-0.000000000,0.000000001,-0.000000001,0.000000001,0.000000157
14.986877720,TRACKING,,0.000823993,1,-0.000000000,-0.000000003,0.050000000,0.000000000,0.000000000,0.050000000,0.000000000,-0.000000003,0.000000000,0.000000003,0.000000635
14.997149144,TRACKING,,0.000662519,1,-0.000000000,-0.000000004,0.050000001,0.000000000,0.000000000,0.050000000,0.000000000,-0.000000004,0.000000001,0.000000004,0.000000835
15.007077436,TRACKING,,0.000775313,1,-0.000000000,-0.000000002,0.050000002,0.000000000,0.000000000,0.050000000,0.000000000,-0.000000002,0.000000002,0.000000003,0.000000479
15.017296619,TRACKING,,0.000989030,1,-0.000000000,-0.000000000,0.050000003,0.000000000,0.000000000,0.050000000,0.000000000,-0.000000000,0.000000003,0.000000003,0.000000091
15.027201165,TRACKING,,0.001269235,1,-0.000000000,0.000000001,0.050000003,0.000000000,0.000000000,0.050000000,0.000000000,0.000000001,0.000000003,0.000000004,0.000000264
15.037275496,TRACKING,,0.001272797,1,-0.000000000,0.000000003,0.050000004,0.000000000,0.000000000,0.050000000,0.000000000,0.000000003,0.000000004,0.000000005,0.000000528
15.047521987,TRACKING,,0.001270422,1,-0.000000000,-0.000000001,0.050000004,0.000000000,0.000000000,0.050000000,0.000000000,-0.000000001,0.000000004,0.000000005,0.000000295
15.057596318,TRACKING,,0.001152879,1,0.000000000,0.000000000,0.049999999,0.000000000,0.000000000,0.050000000,-0.000000000,0.000000000,-0.000000001,0.000000001,0.000000014
15.067657588,TRACKING,,0.000803810,1,0.000000000,0.000000002,0.050000000,0.000000000,0.000000000,0.050000000,-0.000000000,0.000000002,0.000000000,0.000000002,0.000000303
15.077742605,TRACKING,,0.000444054,1,-0.000000000,-0.000000003,0.050000001,0.000000000,0.000000000,0.050000000,0.000000000,-0.000000003,0.000000001,0.000000003,0.000000533
15.087749259,TRACKING,,0.000249335,1,-0.000000000,-0.000000001,0.050000002,0.000000000,0.000000000,0.050000000,0.000000000,-0.000000001,0.000000002,0.000000002,0.000000200
15.097783222,TRACKING,,0.000068864,1,-0.000000000,0.000000001,0.050000003,0.000000000,0.000000000,0.050000000,0.000000000,0.000000001,0.000000003,0.000000003,0.000000104
15.108099764,TRACKING,,0.002352063,1,-0.000000000,0.000000001,0.050000003,0.000000000,0.000000000,0.050000000,0.000000000,0.000000001,0.000000003,0.000000003,0.000000104
15.118252458,TRACKING,,0.002375809,1,-0.000000000,0.000000002,0.050000003,0.000000000,0.000000000,0.050000000,0.000000000,0.000000002,0.000000003,0.000000004,0.000000389
15.128471641,TRACKING,,0.002382933,1,-0.000000000,0.000000003,0.050000004,0.000000000,0.000000000,0.050000000,0.000000000,0.000000003,0.000000004,0.000000005,0.000000642
15.138272890,TRACKING,,0.002064733,1,0.000000000,-0.000000001,0.049999999,0.000000000,0.000000000,0.050000000,-0.000000000,-0.000000001,-0.000000001,0.000000001,0.000000190
15.148365031,TRACKING,,0.001839145,1,0.000000000,-0.000000005,0.049999994,0.000000000,0.000000000,0.050000000,-0.000000000,-0.000000005,-0.000000006,0.000000008,0.000000980
15.158479730,TRACKING,,0.001608805,1,0.000000000,-0.000000008,0.049999996,0.000000000,0.000000000,0.050000000,-0.000000000,-0.000000008,-0.000000004,0.000000009,0.000001703
15.168392587,TRACKING,,0.001207495,1,0.000000000,-0.000000006,0.049999997,0.000000000,0.000000000,0.050000000,-0.000000000,-0.000000006,-0.000000003,0.000000007,0.000001277
15.178484728,TRACKING,,0.000723072,1,0.000000000,-0.000000004,0.049999998,0.000000000,0.000000000,0.050000000,-0.000000000,-0.000000004,-0.000000002,0.000000005,0.000000881
15.188790584,TRACKING,,0.000319387,1,0.000000000,-0.000000003,0.049999999,0.000000000,0.000000000,0.050000000,-0.000000000,-0.000000003,-0.000000001,0.000000003,0.000000509
15.198625079,TRACKING,,0.000062927,1,-0.000000000,-0.000000001,0.050000000,0.000000000,0.000000000,0.050000000,0.000000000,-0.000000001,0.000000000,0.000000001,0.000000173
15.208749277,TRACKING,,0.000159099,1,-0.000000000,0.000000001,0.050000001,0.000000000,0.000000000,0.050000000,0.000000000,0.000000001,0.000000001,0.000000001,0.000000133
15.218928091,TRACKING,,0.000167411,1,-0.000000000,0.000000002,0.050000002,0.000000000,0.000000000,0.050000000,0.000000000,0.000000002,0.000000002,0.000000003,0.000000405
15.228983425,TRACKING,,0.000188782,1,-0.000000000,0.000000003,0.050000003,0.000000000,0.000000000,0.050000000,0.000000000,0.000000003,0.000000003,0.000000004,0.000000656
15.239048258,TRACKING,,0.000024933,1,-0.000000000,0.000000004,0.050000003,0.000000000,0.000000000,0.050000000,0.000000000,0.000000004,0.000000003,0.000000006,0.000000889
15.249136836,TRACKING,,0.000028495,1,-0.000000000,0.000000004,0.050000004,0.000000000,0.000000000,0.050000000,0.000000000,0.000000004,0.000000004,0.000000006,0.000000825
15.259230164,TRACKING,,0.002458920,1,-0.000000000,-0.000000000,0.050000004,0.000000000,0.000000000,0.050000000,0.000000000,-0.000000000,0.000000004,0.000000004,0.000000025
15.269369797,TRACKING,,0.002441111,1,-0.000000000,-0.000000004,0.050000003,0.000000000,0.000000000,0.050000000,0.000000000,-0.000000004,0.000000003,0.000000005,0.000000814
15.279376452,TRACKING,,0.002379371,1,0.000000000,-0.000000006,0.049999998,0.000000000,0.000000000,0.050000000,-0.000000000,-0.000000006,-0.000000002,0.000000006,0.000001259
15.289574263,TRACKING,,0.002061171,1,0.000000000,-0.000000004,0.049999995,0.000000000,0.000000000,0.050000000,-0.000000000,-0.000000004,-0.000000005,0.000000006,0.000000874
15.299900304,TRACKING,,0.001833207,1,0.000000000,-0.000000003,0.049999997,0.000000000,0.000000000,0.050000000,-0.000000000,-0.000000003,-0.000000003,0.000000004,0.000000509
15.309491399,TRACKING,,0.000921354,1,0.000000000,-0.000000001,0.049999998,0.000000000,0.000000000,0.050000000,-0.000000000,-0.000000001,-0.000000002,0.000000002,0.000000169
15.319552670,TRACKING,,0.000668456,1,0.000000000,0.000000001,0.049999999,0.000000000,0.000000000,0.050000000,-0.000000000,0.000000001,-0.000000001,0.000000001,0.000000145
15.329604442,TRACKING,,0.000772939,1,-0.000000000,0.000000002,0.050000000,0.000000000,0.000000000,0.050000000,0.000000000,0.000000002,0.000000000,0.000000002,0.000000420
15.339681148,TRACKING,,0.000978344,1,-0.000000000,0.000000004,0.050000001,0.000000000,0.000000000,0.050000000,0.000000000,0.000000004,0.000000001,0.000000004,0.000000726
15.349742418,TRACKING,,0.001254987,1,-0.000000000,-0.000000000,0.050000002,0.000000000,0.000000000,0.050000000,0.000000000,-0.000000000,0.000000002,0.000000002,0.000000020
15.359790628,TRACKING,,0.001377280,1,-0.000000000,-0.000000000,0.050000002,0.000000000,0.000000000,0.050000000,0.000000000,-0.000000000,0.000000002,0.000000002,0.000000020
15.369879207,TRACKING,,0.001404589,1,-0.000000000,-0.000000005,0.050000003,0.000000000,0.000000000,0.050000000,0.000000000,-0.000000005,0.000000003,0.000000006,0.000000977
15.379959475,TRACKING,,0.001515009,1,-0.000000000,-0.000000007,0.050000004,0.000000000,0.000000000,0.050000000,0.000000000,-0.000000007,0.000000004,0.000000008,0.000001404
15.390026682,TRACKING,,0.001860515,1,-0.000000000,-0.000000005,0.050000004,0.000000000,0.000000000,0.050000000,0.000000000,-0.000000005,0.000000004,0.000000006,0.000000924
15.400180563,TRACKING,,0.001617117,1,-0.000000000,-0.000000002,0.050000005,0.000000000,0.000000000,0.050000000,0.000000000,-0.000000002,0.000000005,0.000000005,0.000000483
15.410266767,TRACKING,,0.001512634,1,-0.000000000,-0.000000001,0.050000002,0.000000000,0.000000000,0.050000000,0.000000000,-0.000000001,0.000000002,0.000000003,0.000000161
15.420371968,TRACKING,,0.001081640,1,0.000000000,0.000000001,0.049999997,0.000000000,0.000000000,0.050000000,-0.000000000,0.000000001,-0.000000003,0.000000003,0.000000139
15.430389308,TRACKING,,0.001471078,1,0.000000000,0.000000002,0.049999996,0.000000000,0.000000000,0.050000000,-0.000000000,0.000000002,-0.000000004,0.000000005,0.000000415
15.440361530,TRACKING,,0.001747721,1,0.000000000,0.000000004,0.049999997,0.000000000,0.000000000,0.050000000,-0.000000000,0.000000004,-0.000000003,0.000000004,0.000000721
15.450432299,TRACKING,,0.001184936,1,0.000000000,0.000000001,0.049999999,0.000000000,0.000000000,0.050000000,-0.000000000,0.000000001,-0.000000001,0.000000001,0.000000101
15.460592117,TRACKING,,0.001284670,1,0.000000000,-0.000000003,0.050000000,0.000000000,0.000000000,0.050000000,-0.000000000,-0.000000003,-0.000000000,0.000000003,0.000000685
15.470553653,TRACKING,,0.001021087,1,-0.000000000,-0.000000002,0.050000001,0.000000000,0.000000000,0.050000000,0.000000000,-0.000000002,0.000000001,0.000000002,0.000000344
15.480614924,TRACKING,,0.001111323,1,-0.000000000,-0.000000000,0.050000001,0.000000000,0.000000000,0.050000000,0.000000000,-0.000000000,0.000000001,0.000000001,0.000000033
15.490805611,TRACKING,,0.001306042,1,-0.000000000,-0.000000000,0.050000001,0.000000000,0.000000000,0.050000000,0.000000000,-0.000000000,0.000000001,0.000000001,0.000000033
15.500930997,TRACKING,,0.001139819,1,-0.000000000,0.000000002,0.050000002,0.000000000,0.000000000,0.050000000,0.000000000,0.000000002,0.000000002,0.000000003,0.000000316
15.510981581,TRACKING,,0.000967658,1,-0.000000000,0.000000003,0.050000003,0.000000000,0.000000000,0.050000000,0.000000000,0.000000003,0.000000003,0.000000004,0.000000580
15.520862381,TRACKING,,0.000915417,1,-0.000000000,0.000000003,0.050000004,0.000000000,0.000000000,0.050000000,0.000000000,0.000000003,0.000000004,0.000000004,0.000000538
15.530935524,TRACKING,,0.000956973,1,-0.000000000,-0.000000001,0.050000004,0.000000000,0.000000000,0.050000000,0.000000000,-0.000000001,0.000000004,0.000000004,0.000000295
15.540956426,TRACKING,,0.000840616,1,-0.000000000,-0.000000005,0.050000005,0.000000000,0.000000000,0.050000000,0.000000000,-0.000000005,0.000000005,0.000000007,0.000001049
15.551041443,TRACKING,,0.000666082,1,-0.000000000,-0.000000007,0.050000004,0.000000000,0.000000000,0.050000000,0.000000000,-0.000000007,0.000000004,0.000000008,0.000001474
15.561245191,TRACKING,,0.000404873,1,0.000000000,-0.000000005,0.049999999,0.000000000,0.000000000,0.050000000,-0.000000000,-0.000000005,-0.000000001,0.000000005,0.000001069
15.571167546,TRACKING,,0.000332447,1,0.000000000,-0.000000003,0.049999995,0.000000000,0.000000000,0.050000000,-0.000000000,-0.000000003,-0.000000005,0.000000006,0.000000692
15.581276309,TRACKING,,0.002536096,1,0.000000000,-0.000000002,0.049999997,0.000000000,0.000000000,0.050000000,-0.000000000,-0.000000002,-0.000000003,0.000000004,0.000000351
15.591483619,TRACKING,,0.002181090,1,0.000000000,-0.000000000,0.049999998,0.000000000,0.000000000,0.050000000,-0.000000000,-0.000000000,-0.000000002,0.000000002,0.000000029
15.601610192,TRACKING,,0.001834395,1,0.000000000,0.000000001,0.049999999,0.000000000,0.000000000,0.050000000,-0.000000000,0.000000001,-0.000000001,0.000000002,0.000000267
15.611551544,TRACKING,,0.001352347,1,0.000000000,0.000000003,0.050000000,0.000000000,0.000000000,0.050000000,-0.000000000,0.000000003,0.000000000,0.000000003,0.000000539
15.621612815,TRACKING,,0.001219368,1,-0.000000000,0.000000004,0.050000001,0.000000000,0.000000000,0.050000000,0.000000000,0.000000004,0.000000001,0.000000004,0.000000788
15.631786880,TRACKING,,0.001306042,1,-0.000000000,0.000000005,0.050000002,0.000000000,0.000000000,0.050000000,0.000000000,0.000000005,0.000000002,0.000000005,0.000001013
15.641883770,TRACKING,,0.001004464,1,-0.000000000,0.000000003,0.050000003,0.000000000,0.000000000,0.050000000,0.000000000,0.000000003,0.000000003,0.000000004,0.000000679
15.651918919,TRACKING,,0.000752755,1,-0.000000000,-0.000000001,0.050000003,0.000000000,0.000000000,0.050000000,0.000000000,-0.000000001,0.000000003,0.000000003,0.000000185
15.662007498,TRACKING,,0.000491546,1,-0.000000000,-0.000000005,0.050000004,0.000000000,0.000000000,0.050000000,0.000000000,-0.000000005,0.000000004,0.000000006,0.000000981
15.671986844,TRACKING,,0.000391812,1,-0.000000000,-0.000000006,0.050000004,0.000000000,0.000000000,0.050000000,0.000000000,-0.000000006,0.000000004,0.000000007,0.000001135
15.682031493,TRACKING,,0.000563973,1,0.000000000,-0.000000003,0.050000001,0.000000000,0.000000000,0.050000000,-0.000000000,-0.000000003,0.000000001,0.000000004,0.000000682
15.692099887,TRACKING,,0.000499858,1,0.000000000,-0.000000002,0.050000000,0.000000000,0.000000000,0.050000000,-0.000000000,-0.000000002,0.000000000,0.000000002,0.000000344
15.702156408,TRACKING,,0.000482048,1,0.000000000,-0.000000000,0.050000001,0.000000000,0.000000000,0.050000000,-0.000000000,-0.000000000,0.000000001,0.000000001,0.000000031
15.712227177,TRACKING,,0.000574658,1,-0.000000000,0.000000001,0.050000002,0.000000000,0.000000000,0.050000000,0.000000000,0.000000001,0.000000002,0.000000002,0.000000255
15.722335940,TRACKING,,0.000486797,1,-0.000000000,0.000000003,0.050000003,0.000000000,0.000000000,0.050000000,0.000000000,0.000000003,0.000000003,0.000000004,0.000000579
15.732486259,TRACKING,,0.000613840,1,-0.000000000,0.000000004,0.050000003,0.000000000,0.000000000,0.050000000,0.000000000,0.000000004,0.000000003,0.000000005,0.000000817
15.742648451,TRACKING,,0.000717136,1,0.000000000,0.000000005,0.049999999,0.000000000,0.000000000,0.050000000,-0.000000000,0.000000005,-0.000000001,0.000000005,0.000001036
15.752757214,TRACKING,,0.000694577,1,0.000000000,0.000000001,0.050000000,0.000000000,0.000000000,0.050000000,-0.000000000,0.000000001,-0.000000000,0.000000001,0.000000171
15.762804237,TRACKING,,0.000782438,1,0.000000000,0.000000001,0.050000000,0.000000000,0.000000000,0.050000000,-0.000000000,0.000000001,-0.000000000,0.000000001,0.000000171
15.772749151,TRACKING,,0.000904730,1,0.000000000,-0.000000004,0.050000001,0.000000000,0.000000000,0.050000000,-0.000000000,-0.000000004,0.000000001,0.000000004,0.000000805
15.782983769,TRACKING,,0.000832305,1,-0.000000000,-0.000000006,0.050000002,0.000000000,0.000000000,0.050000000,0.000000000,-0.000000006,0.000000002,0.000000006,0.000001144
15.793034354,TRACKING,,0.000637586,1,-0.000000000,-0.000000004,0.050000002,0.000000000,0.000000000,0.050000000,0.000000000,-0.000000004,0.000000002,0.000000005,0.000000766
15.803108685,TRACKING,,0.000542601,1,-0.000000000,-0.000000002,0.050000003,0.000000000,0.000000000,0.050000000,0.000000000,-0.000000002,0.000000003,0.000000004,0.000000421
15.813269690,TRACKING,,0.000258833,1,-0.000000000,-0.000000000,0.050000004,0.000000000,0.000000000,0.050000000,0.000000000,-0.000000000,0.000000004,0.000000004,0.000000099
15.823238350,TRACKING,,0.000021372,1,-0.000000000,0.000000001,0.050000004,0.000000000,0.000000000,0.050000000,0.000000000,0.000000001,0.000000004,0.000000004,0.000000206
15.833900400,TRACKING,,0.002482666,1,0.000000000,0.000000002,0.050000002,0.000000000,0.000000000,0.050000000,-0.000000000,0.000000002,0.000000002,0.000000003,0.000000482
15.843562734,TRACKING,,0.001880700,1,0.000000000,0.000000004,0.050000000,0.000000000,0.000000000,0.050000000,-0.000000000,0.000000004,-0.000000000,0.000000004,0.000000738
15.853718989,TRACKING,,0.001994682,1,0.000000000,0.000000002,0.050000001,0.000000000,0.000000000,0.050000000,-0.000000000,0.000000002,0.000000001,0.000000002,0.000000426
15.863558233,TRACKING,,0.002074231,1,-0.000000000,-0.000000003,0.050000002,0.000000000,0.000000000,0.050000000,0.000000000,-0.000000003,0.000000002,0.000000003,0.000000568
15.873777416,TRACKING,,0.001946002,1,-0.000000000,-0.000000002,0.050000003,0.000000000,0.000000000,0.050000000,0.000000000,-0.000000002,0.000000003,0.000000004,0.000000501
15.883817315,TRACKING,,0.001870015,1,-0.000000000,-0.000000001,0.050000003,0.000000000,0.000000000,0.050000000,0.000000000,-0.000000001,0.000000003,0.000000003,0.000000178
15.893780039,TRACKING,,0.001751284,1,-0.000000000,0.000000001,0.050000004,0.000000000,0.000000000,0.050000000,0.000000000,0.000000001,0.000000004,0.000000004,0.000000124
15.903897113,TRACKING,,0.001211057,1,-0.000000000,0.000000002,0.050000004,0.000000000,0.000000000,0.050000000,0.000000000,0.000000002,0.000000004,0.000000005,0.000000409
15.913910891,TRACKING,,0.000933226,1,0.000000000,-0.000000002,0.049999999,0.000000000,0.000000000,0.050000000,-0.000000000,-0.000000002,-0.000000001,0.000000002,0.000000436
15.923988784,TRACKING,,0.000584157,1,0.000000000,-0.000000001,0.050000000,0.000000000,0.000000000,0.050000000,-0.000000000,-0.000000001,0.000000000,0.000000001,0.000000108
15.934034619,TRACKING,,0.000201843,1,0.000000000,0.000000001,0.050000001,0.000000000,0.000000000,0.050000000,-0.000000000,0.000000001,0.000000001,0.000000001,0.000000197
15.944105389,TRACKING,,0.002354437,1,0.000000000,0.000000001,0.050000001,0.000000000,0.000000000,0.050000000,-0.000000000,0.000000001,0.000000001,0.000000001,0.000000197
15.954256895,TRACKING,,0.001788090,1,0.000000000,-0.000000003,0.050000002,0.000000000,0.000000000,0.050000000,-0.000000000,-0.000000003,0.000000002,0.000000004,0.000000632
15.964303918,TRACKING,,0.001247864,1,-0.000000000,-0.000000007,0.050000003,0.000000000,0.000000000,0.050000000,0.000000000,-0.000000007,0.000000003,0.000000007,0.000001404
15.974400807,TRACKING,,0.000655396,1,-0.000000000,-0.000000005,0.050000003,0.000000000,0.000000000,0.050000000,0.000000000,-0.000000005,0.000000003,0.000000006,0.000000990
15.984540441,TRACKING,,0.002591899,1,-0.000000000,-0.000000003,0.050000004,0.000000000,0.000000000,0.050000000,0.000000000,-0.000000003,0.000000004,0.000000005,0.000000609
15.994686010,TRACKING,,0.001690730,1,-0.000000000,-0.000000001,0.050000004,0.000000000,0.000000000,0.050000000,0.000000000,-0.000000001,0.000000004,0.000000005,0.000000254
16.004803084,TRACKING,,0.000726634,1,-0.000000000,0.000000000,0.050000003,0.000000000,0.000000000,0.050000000,0.000000000,0.000000000,0.000000003,0.000000003,0.000000076
16.014994959,TRACKING,,0.002394806,1,0.000000000,0.000000002,0.049999998,0.000000000,0.000000000,0.050000000,-0.000000000,0.000000002,-0.000000002,0.000000003,0.000000381
16.024893568,TRACKING,,0.001384404,1,0.000000000,0.000000003,0.049999996,0.000000000,0.000000000,0.050000000,-0.000000000,0.000000003,-0.000000004,0.000000005,0.000000661
16.035112751,TRACKING,,0.000218465,1,0.000000000,0.000000000,0.049999998,0.000000000,0.000000000,0.050000000,-0.000000000,0.000000000,-0.000000002,0.000000002,0.000000024
16.045498157,TRACKING,,0.002109851,1,0.000000000,-0.000000004,0.049999999,0.000000000,0.000000000,0.050000000,-0.000000000,-0.000000004,-0.000000001,0.000000004,0.000000833
16.055335026,TRACKING,,0.000853676,1,0.000000000,-0.000000004,0.050000000,0.000000000,0.000000000,0.050000000,-0.000000000,-0.000000004,-0.000000000,0.000000004,0.000000730
16.065297750,TRACKING,,0.000093797,1,-0.000000000,-0.000000002,0.050000001,0.000000000,0.000000000,0.050000000,0.000000000,-0.000000002,0.000000001,0.000000002,0.000000358
16.075658223,TRACKING,,0.002001806,1,-0.000000000,-0.000000002,0.050000001,0.000000000,0.000000000,0.050000000,0.000000000,-0.000000002,0.000000001,0.000000002,0.000000358
16.085391796,TRACKING,,0.000946287,1,-0.000000000,-0.000000000,0.050000002,0.000000000,0.000000000,0.050000000,0.000000000,-0.000000000,0.000000002,0.000000002,0.000000027
16.095475625,TRACKING,,0.000263583,1,-0.000000000,0.000000001,0.050000002,0.000000000,0.000000000,0.050000000,0.000000000,0.000000001,0.000000002,0.000000003,0.000000287
16.105821850,TRACKING,,0.002175153,1,-0.000000000,0.000000003,0.050000003,0.000000000,0.000000000,0.050000000,0.000000000,0.000000003,0.000000003,0.000000004,0.000000567
16.115634973,TRACKING,,0.001348784,1,-0.000000000,0.000000003,0.050000004,0.000000000,0.000000000,0.050000000,0.000000000,0.000000003,0.000000004,0.000000005,0.000000520
16.125794790,TRACKING,,0.000708824,1,-0.000000000,-0.000000002,0.050000004,0.000000000,0.000000000,0.050000000,0.000000000,-0.000000002,0.000000004,0.000000005,0.000000363
16.135877432,TRACKING,,0.000123481,1,0.000000000,-0.000000006,0.050000002,0.000000000,0.000000000,0.050000000,-0.000000000,-0.000000006,0.000000002,0.000000006,0.000001164
16.145958887,TRACKING,,0.002150220,1,0.000000000,-0.000000007,0.049999997,0.000000000,0.000000000,0.050000000,-0.000000000,-0.000000007,-0.000000003,0.000000007,0.000001321
16.156026094,TRACKING,,0.001744159,1,0.000000000,-0.000000005,0.049999995,0.000000000,0.000000000,0.050000000,-0.000000000,-0.000000005,-0.000000005,0.000000007,0.000000914
16.166141981,TRACKING,,0.000511731,1,0.000000000,-0.000000003,0.049999997,0.000000000,0.000000000,0.050000000,-0.000000000,-0.000000003,-0.000000003,0.000000004,0.000000531
16.176221062,TRACKING,,0.002272513,1,0.000000000,-0.000000001,0.049999998,0.000000000,0.000000000,0.050000000,-0.000000000,-0.000000001,-0.000000002,0.000000002,0.000000170
16.186315577,TRACKING,,0.001168314,1,0.000000000,0.000000001,0.049999999,0.000000000,0.000000000,0.050000000,-0.000000000,0.000000001,-0.000000001,0.000000001,0.000000160
16.196354288,TRACKING,,0.000026120,1,0.000000000,0.000000001,0.049999999,0.000000000,0.000000000,0.050000000,-0.000000000,0.000000001,-0.000000001,0.000000001,0.000000160
16.206463051,TRACKING,,0.001715664,1,-0.000000000,0.000000002,0.050000000,0.000000000,0.000000000,0.050000000,0.000000000,0.000000002,0.000000000,0.000000002,0.000000461
16.216539757,TRACKING,,0.000586532,1,-0.000000000,0.000000004,0.050000001,0.000000000,0.000000000,0.050000000,0.000000000,0.000000004,0.000000001,0.000000004,0.000000735
16.226647333,TRACKING,,0.002239267,1,-0.000000000,-0.000000001,0.050000002,0.000000000,0.000000000,0.050000000,0.000000000,-0.000000001,0.000000002,0.000000002,0.000000196
16.236757283,TRACKING,,0.001326226,1,-0.000000000,-0.000000005,0.050000003,0.000000000,0.000000000,0.050000000,0.000000000,-0.000000005,0.000000003,0.000000006,0.000001041
16.246739004,TRACKING,,0.000524791,1,-0.000000000,-0.000000007,0.050000003,0.000000000,0.000000000,0.050000000,0.000000000,-0.000000007,0.000000003,0.000000008,0.000001508
16.256751595,TRACKING,,0.000032058,1,-0.000000000,-0.000000005,0.050000004,0.000000000,0.000000000,0.050000000,0.000000000,-0.000000005,0.000000004,0.000000007,0.000001076
16.267119191,TRACKING,,0.002078981,1,-0.000000000,-0.000000003,0.050000005,0.000000000,0.000000000,0.050000000,0.000000000,-0.000000003,0.000000005,0.000000006,0.000000691
16.277055794,TRACKING,,0.001504323,1,-0.000000000,-0.000000002,0.050000002,0.000000000,0.000000000,0.050000000,0.000000000,-0.000000002,0.000000002,0.000000003,0.000000333
16.287085008,TRACKING,,0.000315825,1,0.000000000,0.000000000,0.049999997,0.000000000,0.000000000,0.050000000,-0.000000000,0.000000000,-0.000000003,0.000000003,0.000000004
16.297326749,TRACKING,,0.002036237,1,0.000000000,0.000000002,0.049999997,0.000000000,0.000000000,0.050000000,-0.000000000,0.000000002,-0.000000003,0.000000004,0.000000317
16.307302534,TRACKING,,0.000929665,1,0.000000000,0.000000003,0.049999998,0.000000000,0.000000000,0.050000000,-0.000000000,0.000000003,-0.000000002,0.000000004,0.000000606
16.317456414,TRACKING,,0.002647703,1,0.000000000,0.000000003,0.049999998,0.000000000,0.000000000,0.050000000,-0.000000000,0.000000003,-0.000000002,0.000000004,0.000000606
16.327458319,TRACKING,,0.001675295,1,0.000000000,-0.000000002,0.049999999,0.000000000,0.000000000,0.050000000,-0.000000000,-0.000000002,-0.000000001,0.000000002,0.000000308
16.337562333,TRACKING,,0.000638773,1,0.000000000,-0.000000006,0.050000000,0.000000000,0.000000000,0.050000000,-0.000000000,-0.000000006,0.000000000,0.000000006,0.000001143
16.347687718,TRACKING,,0.002342564,1,-0.000000000,-0.000000009,0.050000001,0.000000000,0.000000000,0.050000000,0.000000000,-0.000000009,0.000000001,0.000000010,0.000001901
16.357754926,TRACKING,,0.001548253,1,-0.000000000,-0.000000011,0.050000002,0.000000000,0.000000000,0.050000000,0.000000000,-0.000000011,0.000000002,0.000000012,0.000002297
16.367864876,TRACKING,,0.000334821,1,-0.000000000,-0.000000009,0.050000003,0.000000000,0.000000000,0.050000000,0.000000000,-0.000000009,0.000000003,0.000000009,0.000001794
16.378097119,TRACKING,,0.002111039,1,-0.000000000,-0.000000007,0.050000003,0.000000000,0.000000000,0.050000000,0.000000000,-0.000000007,0.000000003,0.000000007,0.000001327
16.388038471,TRACKING,,0.001065018,1,-0.000000000,-0.000000004,0.050000004,0.000000000,0.000000000,0.050000000,0.000000000,-0.000000004,0.000000004,0.000000006,0.000000899
16.398191165,TRACKING,,0.000030870,1,-0.000000000,-0.000000002,0.050000005,0.000000000,0.000000000,0.050000000,0.000000000,-0.000000002,0.000000005,0.000000005,0.000000504
16.408356919,TRACKING,,0.002038613,1,-0.000000000,-0.000000001,0.050000005,0.000000000,0.000000000,0.050000000,0.000000000,-0.000000001,0.000000005,0.000000005,0.000000153
16.418387319,TRACKING,,0.000828743,1,0.000000000,0.000000001,0.050000001,0.000000000,0.000000000,0.050000000,-0.000000000,0.000000001,0.000000001,0.000000001,0.000000175
16.428475898,TRACKING,,0.002521848,1,0.000000000,0.000000001,0.050000001,0.000000000,0.000000000,0.050000000,-0.000000000,0.000000001,0.000000001,0.000000001,0.000000175
16.438516984,TRACKING,,0.001632552,1,0.000000000,0.000000002,0.050000002,0.000000000,0.000000000,0.050000000,-0.000000000,0.000000002,0.000000002,0.000000003,0.000000473
16.448575880,TRACKING,,0.000832305,1,-0.000000000,-0.000000002,0.050000003,0.000000000,0.000000000,0.050000000,0.000000000,-0.000000002,0.000000003,0.000000003,0.000000414
16.458663272,TRACKING,,0.000381127,1,-0.000000000,-0.000000006,0.050000003,0.000000000,0.000000000,0.050000000,0.000000000,-0.000000006,0.000000003,0.000000007,0.000001221
16.468795781,TRACKING,,0.002033863,1,-0.000000000,-0.000000010,0.050000004,0.000000000,0.000000000,0.050000000,0.000000000,-0.000000010,0.000000004,0.000000010,0.000001939
16.479045834,TRACKING,,0.000975970,1,-0.000000000,-0.000000012,0.050000004,0.000000000,0.000000000,0.050000000,0.000000000,-0.000000012,0.000000004,0.000000012,0.000002336
16.489286388,TRACKING,,0.002507600,1,0.000000000,-0.000000009,0.050000002,0.000000000,0.000000000,0.050000000,-0.000000000,-0.000000009,0.000000002,0.000000009,0.000001814
16.499061517,TRACKING,,0.001165939,1,0.000000000,-0.000000007,0.050000000,0.000000000,0.000000000,0.050000000,-0.000000000,-0.000000007,-0.000000000,0.000000007,0.000001342
16.509156032,TRACKING,,0.000024934,1,0.000000000,-0.000000004,0.050000001,0.000000000,0.000000000,0.050000000,-0.000000000,-0.000000004,0.000000001,0.000000004,0.000000897
16.519232738,TRACKING,,0.001700229,1,0.000000000,-0.000000002,0.050000002,0.000000000,0.000000000,0.050000000,-0.000000000,-0.000000002,0.000000002,0.000000003,0.000000505
16.529180027,TRACKING,,0.001180187,1,-0.000000000,-0.000000001,0.050000002,0.000000000,0.000000000,0.050000000,0.000000000,-0.000000001,0.000000002,0.000000002,0.000000161
16.539230611,TRACKING,,0.000575846,1,-0.000000000,0.000000001,0.050000003,0.000000000,0.000000000,0.050000000,0.000000000,0.000000001,0.000000003,0.000000003,0.000000152
16.549585148,TRACKING,,0.000030870,1,-0.000000000,0.000000001,0.050000003,0.000000000,0.000000000,0.050000000,0.000000000,0.000000001,0.000000003,0.000000003,0.000000152
16.559410143,TRACKING,,0.002011305,1,-0.000000000,0.000000002,0.050000004,0.000000000,0.000000000,0.050000000,0.000000000,0.000000002,0.000000004,0.000000004,0.000000438
16.569508221,TRACKING,,0.001347597,1,-0.000000000,-0.000000002,0.050000004,0.000000000,0.000000000,0.050000000,0.000000000,-0.000000002,0.000000004,0.000000005,0.000000433
16.579742839,TRACKING,,0.000833492,1,-0.000000000,-0.000000006,0.050000003,0.000000000,0.000000000,0.050000000,0.000000000,-0.000000006,0.000000003,0.000000007,0.000001225
16.589869411,TRACKING,,0.002525409,1,0.000000000,-0.000000010,0.049999998,0.000000000,0.000000000,0.050000000,-0.000000000,-0.000000010,-0.000000002,0.000000010,0.000001945
16.599915247,TRACKING,,0.002092041,1,0.000000000,-0.000000012,0.049999995,0.000000000,0.000000000,0.050000000,-0.000000000,-0.000000012,-0.000000005,0.000000013,0.000002345
16.609994327,TRACKING,,0.001515009,1,0.000000000,-0.000000009,0.049999996,0.000000000,0.000000000,0.050000000,-0.000000000,-0.000000009,-0.000000004,0.000000010,0.000001855
16.620086468,TRACKING,,0.000578220,1,0.000000000,-0.000000007,0.049999997,0.000000000,0.000000000,0.050000000,-0.000000000,-0.000000007,-0.000000003,0.000000007,0.000001405
16.630186920,TRACKING,,0.002191775,1,0.000000000,-0.000000005,0.049999999,0.000000000,0.000000000,0.050000000,-0.000000000,-0.000000005,-0.000000001,0.000000005,0.000000967
16.640228006,TRACKING,,0.001338099,1,0.000000000,-0.000000003,0.050000000,0.000000000,0.000000000,0.050000000,-0.000000000,-0.000000003,-0.000000000,0.000000003,0.000000570
16.650434128,TRACKING,,0.000387064,1,-0.000000000,-0.000000001,0.050000001,0.000000000,0.000000000,0.050000000,0.000000000,-0.000000001,0.000000001,0.000000001,0.000000216
16.660333925,TRACKING,,0.001637301,1,-0.000000000,0.000000001,0.050000002,0.000000000,0.000000000,0.050000000,0.000000000,0.000000001,0.000000002,0.000000002,0.000000130
16.670549546,TRACKING,,0.000629274,1,-0.000000000,0.000000002,0.050000003,0.000000000,0.000000000,0.050000000,0.000000000,0.000000002,0.000000003,0.000000003,0.000000427
16.680386414,TRACKING,,0.000117544,1,-0.000000000,-0.000000002,0.050000003,0.000000000,0.000000000,0.050000000,0.000000000,-0.000000002,0.000000003,0.000000004,0.000000450
16.690409691,TRACKING,,0.001991120,1,-0.000000000,-0.000000002,0.050000003,0.000000000,0.000000000,0.050000000,0.000000000,-0.000000002,0.000000003,0.000000004,0.000000450
16.700583756,TRACKING,,0.001357096,1,-0.000000000,-0.000000006,0.050000004,0.000000000,0.000000000,0.050000000,0.000000000,-0.000000006,0.000000004,0.000000007,0.000001244
16.710641465,TRACKING,,0.000784812,1,-0.000000000,-0.000000008,0.050000004,0.000000000,0.000000000,0.050000000,0.000000000,-0.000000008,0.000000004,0.000000009,0.000001686
16.720656430,TRACKING,,0.000198281,1,-0.000000000,-0.000000006,0.050000003,0.000000000,0.000000000,0.050000000,0.000000000,-0.000000006,0.000000003,0.000000007,0.000001246
16.730817435,TRACKING,,0.001923444,1,0.000000000,-0.000000004,0.049999998,0.000000000,0.000000000,0.050000000,-0.000000000,-0.000000004,-0.000000002,0.000000005,0.000000846
16.740878705,TRACKING,,0.000947474,1,0.000000000,-0.000000002,0.049999995,0.000000000,0.000000000,0.050000000,-0.000000000,-0.000000002,-0.000000005,0.000000006,0.000000461
16.750896046,TRACKING,,0.000460677,1,0.000000000,-0.000000001,0.049999996,0.000000000,0.000000000,0.050000000,-0.000000000,-0.000000001,-0.000000004,0.000000004,0.000000115
16.761108105,TRACKING,,0.000028496,1,0.000000000,0.000000001,0.049999998,0.000000000,0.000000000,0.050000000,-0.000000000,0.000000001,-0.000000002,0.000000003,0.000000191
16.771140880,TRACKING,,0.002171591,1,0.000000000,0.000000002,0.049999999,0.000000000,0.000000000,0.050000000,-0.000000000,0.000000002,-0.000000001,0.000000003,0.000000475
16.781306634,TRACKING,,0.001677670,1,0.000000000,0.000000001,0.050000000,0.000000000,0.000000000,0.050000000,-0.000000000,0.000000001,-0.000000000,0.000000001,0.000000165
16.791375028,TRACKING,,0.000986655,1,-0.000000000,-0.000000003,0.050000001,0.000000000,0.000000000,0.050000000,0.000000000,-0.000000003,0.000000001,0.000000003,0.000000675
16.801432737,TRACKING,,0.000083112,1,-0.000000000,-0.000000007,0.050000002,0.000000000,0.000000000,0.050000000,0.000000000,-0.000000007,0.000000002,0.000000007,0.000001454
16.811571182,TRACKING,,0.001735848,1,-0.000000000,-0.000000006,0.050000002,0.000000000,0.000000000,0.050000000,0.000000000,-0.000000006,0.000000002,0.000000007,0.000001304
16.821752371,TRACKING,,0.000559224,1,-0.000000000,-0.000000004,0.050000003,0.000000000,0.000000000,0.050000000,0.000000000,-0.000000004,0.000000003,0.000000005,0.000000877
16.831621298,TRACKING,,0.002302195,1,-0.000000000,-0.000000004,0.050000003,0.000000000,0.000000000,0.050000000,0.000000000,-0.000000004,0.000000003,0.000000005,0.000000877
16.841714626,TRACKING,,0.001152879,1,-0.000000000,-0.000000002,0.050000004,0.000000000,0.000000000,0.050000000,0.000000000,-0.000000002,0.000000004,0.000000005,0.000000483
16.852053727,TRACKING,,0.000207780,1,0.000000000,-0.000000001,0.049999998,0.000000000,0.000000000,0.050000000,-0.000000000,-0.000000001,-0.000000002,0.000000002,0.000000129
16.862062756,TRACKING,,0.002099165,1,0.000000000,0.000000001,0.049999995,0.000000000,0.000000000,0.050000000,-0.000000000,0.000000001,-0.000000005,0.000000005,0.000000263
16.872053975,TRACKING,,0.001674108,1,0.000000000,0.000000003,0.049999997,0.000000000,0.000000000,0.050000000,-0.000000000,0.000000003,-0.000000003,0.000000004,0.000000548
16.882143741,TRACKING,,0.001176624,1,0.000000000,0.000000001,0.049999998,0.000000000,0.000000000,0.050000000,-0.000000000,0.000000001,-0.000000002,0.000000002,0.000000231
16.892328492,TRACKING,,0.000653020,1,0.000000000,-0.000000003,0.049999999,0.000000000,0.000000000,0.050000000,-0.000000000,-0.000000003,-0.000000001,0.000000003,0.000000606
16.902361267,TRACKING,,0.000118731,1,-0.000000000,-0.000000007,0.050000000,0.000000000,0.000000000,0.050000000,0.000000000,-0.000000007,0.000000000,0.000000007,0.000001379
16.912692057,TRACKING,,0.002322380,1,-0.000000000,-0.000000006,0.050000001,0.000000000,0.000000000,0.050000000,0.000000000,-0.000000006,0.000000001,0.000000006,0.000001245
16.922442252,TRACKING,,0.001327414,1,-0.000000000,-0.000000004,0.050000002,0.000000000,0.000000000,0.050000000,0.000000000,-0.000000004,0.000000002,0.000000005,0.000000832
16.932523707,TRACKING,,0.000725447,1,-0.000000000,-0.000000002,0.050000003,0.000000000,0.000000000,0.050000000,0.000000000,-0.000000002,0.000000003,0.000000003,0.000000459
16.942618222,TRACKING,,0.000273081,1,0.000000000,-0.000000001,0.049999998,0.000000000,0.000000000,0.050000000,-0.000000000,-0.000000001,-0.000000002,0.000000003,0.000000124
16.952744795,TRACKING,,0.002512349,1,0.000000000,-0.000000001,0.049999998,0.000000000,0.000000000,0.050000000,-0.000000000,-0.000000001,-0.000000002,0.000000003,0.000000124
16.962680211,TRACKING,,0.001922256,1,0.000000000,0.000000001,0.049999999,0.000000000,0.000000000,0.050000000,-0.000000000,0.000000001,-0.000000001,0.000000002,0.000000182
16.972809158,TRACKING,,0.001391528,1,0.000000000,0.000000002,0.050000000,0.000000000,0.000000000,0.050000000,-0.000000000,0.000000002,-0.000000000,0.000000002,0.000000466
16.982820561,TRACKING,,0.000993779,1,-0.000000000,0.000000004,0.050000001,0.000000000,0.000000000,0.050000000,0.000000000,0.000000004,0.000000001,0.000000004,0.000000725
16.992855711,TRACKING,,0.000518854,1,-0.000000000,-0.000000001,0.050000002,0.000000000,0.000000000,0.050000000,0.000000000,-0.000000001,0.000000002,0.000000002,0.000000153
17.002933604,TRACKING,,0.000079550,1,-0.000000000,-0.000000005,0.050000002,0.000000000,0.000000000,0.050000000,0.000000000,-0.000000005,0.000000002,0.000000005,0.000000958
17.013023370,TRACKING,,0.001761969,1,-0.000000000,-0.000000008,0.050000003,0.000000000,0.000000000,0.050000000,0.000000000,-0.000000008,0.000000003,0.000000009,0.000001695
17.023064456,TRACKING,,0.000535477,1,-0.000000000,-0.000000010,0.050000002,0.000000000,0.000000000,0.050000000,0.000000000,-0.000000010,0.000000002,0.000000011,0.000002108
17.033302636,TRACKING,,0.002175153,1,0.000000000,-0.000000008,0.049999997,0.000000000,0.000000000,0.050000000,-0.000000000,-0.000000008,-0.000000003,0.000000009,0.000001607
17.043365094,TRACKING,,0.001075703,1,0.000000000,-0.000000006,0.049999995,0.000000000,0.000000000,0.050000000,-0.000000000,-0.000000006,-0.000000005,0.000000008,0.000001155
17.053438238,TRACKING,,0.000153163,1,0.000000000,-0.000000004,0.049999997,0.000000000,0.000000000,0.050000000,-0.000000000,-0.000000004,-0.000000003,0.000000005,0.000000738
17.063612303,TRACKING,,0.002006555,1,0.000000000,-0.000000002,0.049999998,0.000000000,0.000000000,0.050000000,-0.000000000,-0.000000002,-0.000000002,0.000000003,0.000000370
17.073731752,TRACKING,,0.000980719,1,0.000000000,-0.000000000,0.049999999,0.000000000,0.000000000,0.050000000,-0.000000000,-0.000000000,-0.000000001,0.000000001,0.000000026
17.083592367,TRACKING,,0.000258834,1,-0.000000000,0.000000001,0.050000000,0.000000000,0.000000000,0.050000000,0.000000000,0.000000001,0.000000000,0.000000001,0.000000281
17.094154682,TRACKING,,0.002077794,1,-0.000000000,0.000000001,0.050000000,0.000000000,0.000000000,0.050000000,0.000000000,0.000000001,0.000000000,0.000000001,0.000000281
17.103792083,TRACKING,,0.001068580,1,-0.000000000,0.000000003,0.050000001,0.000000000,0.000000000,0.050000000,0.000000000,0.000000003,0.000000001,0.000000003,0.000000564
17.113859290,TRACKING,,0.000130604,1,-0.000000000,0.000000003,0.050000002,0.000000000,0.000000000,0.050000000,0.000000000,0.000000003,0.000000002,0.000000003,0.000000534
17.123869506,TRACKING,,0.001865265,1,-0.000000000,-0.000000002,0.050000003,0.000000000,0.000000000,0.050000000,0.000000000,-0.000000002,0.000000003,0.000000003,0.000000367
17.133949774,TRACKING,,0.001042459,1,-0.000000000,-0.000000006,0.050000003,0.000000000,0.000000000,0.050000000,0.000000000,-0.000000006,0.000000003,0.000000007,0.000001189
17.144157084,TRACKING,,0.000324135,1,-0.000000000,-0.000000007,0.050000001,0.000000000,0.000000000,0.050000000,0.000000000,-0.000000007,0.000000001,0.000000007,0.000001351
17.154282469,TRACKING,,0.002297446,1,0.000000000,-0.000000005,0.049999996,0.000000000,0.000000000,0.050000000,-0.000000000,-0.000000005,-0.000000004,0.000000006,0.000000934
17.164316431,TRACKING,,0.001555377,1,0.000000000,-0.000000003,0.049999994,0.000000000,0.000000000,0.050000000,-0.000000000,-0.000000003,-0.000000006,0.000000006,0.000000553
17.174396699,TRACKING,,0.000826368,1,0.000000000,-0.000000001,0.049999996,0.000000000,0.000000000,0.050000000,-0.000000000,-0.000000001,-0.000000004,0.000000004,0.000000201
17.184490027,TRACKING,,0.000092611,1,0.000000000,0.000000001,0.049999997,0.000000000,0.000000000,0.050000000,-0.000000000,0.000000001,-0.000000003,0.000000003,0.000000121
17.195080838,TRACKING,,0.002061171,1,0.000000000,0.000000002,0.049999998,0.000000000,0.000000000,0.050000000,-0.000000000,0.000000002,-0.000000002,0.000000003,0.000000413
17.204565076,TRACKING,,0.000794310,1,-0.000000000,-0.000000001,0.050000000,0.000000000,0.000000000,0.050000000,0.000000000,-0.000000001,-0.000000000,0.000000001,0.000000211
17.214816316,TRACKING,,0.002480292,1,-0.000000000,-0.000000001,0.050000000,0.000000000,0.000000000,0.050000000,0.000000000,-0.000000001,-0.000000000,0.000000001,0.000000211
17.224777852,TRACKING,,0.001417649,1,-0.000000000,-0.000000005,0.050000001,0.000000000,0.000000000,0.050000000,0.000000000,-0.000000005,0.000000001,0.000000005,0.000001056
17.234796380,TRACKING,,0.000249335,1,-0.000000000,-0.000000008,0.050000002,0.000000000,0.000000000,0.050000000,0.000000000,-0.000000008,0.000000002,0.000000008,0.000001527
17.245149729,TRACKING,,0.001811836,1,-0.000000000,-0.000000005,0.050000002,0.000000000,0.000000000,0.050000000,0.000000000,-0.000000005,0.000000002,0.000000006,0.000001079
17.255067335,TRACKING,,0.000504607,1,-0.000000000,-0.000000003,0.050000003,0.000000000,0.000000000,0.050000000,0.000000000,-0.000000003,0.000000003,0.000000005,0.000000659
17.265208155,TRACKING,,0.002287947,1,-0.000000000,-0.000000001,0.050000001,0.000000000,0.000000000,0.050000000,0.000000000,-0.000000001,0.000000001,0.000000002,0.000000296
17.275318105,TRACKING,,0.001821335,1,0.000000000,0.000000000,0.049999996,0.000000000,0.000000000,0.050000000,-0.000000000,0.000000000,-0.000000004,0.000000004,0.000000037
17.285200092,TRACKING,,0.001338099,1,0.000000000,0.000000002,0.049999994,0.000000000,0.000000000,0.050000000,-0.000000000,0.000000002,-0.000000006,0.000000006,0.000000333
17.295307668,TRACKING,,0.000732571,1,0.000000000,-0.000000001,0.049999996,0.000000000,0.000000000,0.050000000,-0.000000000,-0.000000001,-0.000000004,0.000000004,0.000000245
17.305449675,TRACKING,,0.000150789,1,0.000000000,-0.000000005,0.049999997,0.000000000,0.000000000,0.050000000,-0.000000000,-0.000000005,-0.000000003,0.000000006,0.000001048
17.315572686,TRACKING,,0.002321192,1,0.000000000,-0.000000005,0.049999998,0.000000000,0.000000000,0.050000000,-0.000000000,-0.000000005,-0.000000002,0.000000005,0.000000940
17.325636331,TRACKING,,0.001777404,1,-0.000000000,-0.000000003,0.049999999,0.000000000,0.000000000,0.050000000,0.000000000,-0.000000003,-0.000000001,0.000000003,0.000000564
17.335747469,TRACKING,,0.000797873,1,-0.000000000,-0.000000001,0.050000000,0.000000000,0.000000000,0.050000000,0.000000000,-0.000000001,0.000000000,0.000000001,0.000000204
17.345904911,TRACKING,,0.000041556,1,-0.000000000,-0.000000001,0.050000000,0.000000000,0.000000000,0.050000000,0.000000000,-0.000000001,0.000000000,0.000000001,0.000000204
17.355995865,TRACKING,,0.001765531,1,-0.000000000,0.000000001,0.050000001,0.000000000,0.000000000,0.050000000,0.000000000,0.000000001,0.000000001,0.000000001,0.000000116
17.366093942,TRACKING,,0.000634024,1,-0.000000000,0.000000002,0.050000002,0.000000000,0.000000000,0.050000000,0.000000000,0.000000002,0.000000002,0.000000003,0.000000420
17.376499533,TRACKING,,0.002340190,1,-0.000000000,-0.000000002,0.050000003,0.000000000,0.000000000,0.050000000,0.000000000,-0.000000002,0.000000003,0.000000004,0.000000483
17.386274661,TRACKING,,0.001291794,1,-0.000000000,-0.000000006,0.050000002,0.000000000,0.000000000,0.050000000,0.000000000,-0.000000006,0.000000002,0.000000007,0.000001305
17.396356116,TRACKING,,0.000162661,1,0.000000000,-0.000000007,0.049999997,0.000000000,0.000000000,0.050000000,-0.000000000,-0.000000007,-0.000000003,0.000000008,0.000001452
17.406444695,TRACKING,,0.001842707,1,0.000000000,-0.000000005,0.049999995,0.000000000,0.000000000,0.050000000,-0.000000000,-0.000000005,-0.000000005,0.000000007,0.000001013
17.416543959,TRACKING,,0.000746818,1,0.000000000,-0.000000003,0.049999996,0.000000000,0.000000000,0.050000000,-0.000000000,-0.000000003,-0.000000004,0.000000005,0.000000611
17.426980420,TRACKING,,0.002518286,1,0.000000000,-0.000000001,0.049999998,0.000000000,0.000000000,0.050000000,-0.000000000,-0.000000001,-0.000000002,0.000000002,0.000000244
17.436735365,TRACKING,,0.001468703,1,-0.000000000,0.000000000,0.049999999,0.000000000,0.000000000,0.050000000,0.000000000,0.000000000,-0.000000001,0.000000001,0.000000090
17.446799010,TRACKING,,0.000305139,1,-0.000000000,0.000000002,0.050000000,0.000000000,0.000000000,0.050000000,0.000000000,0.000000002,0.000000000,0.000000002,0.000000396
17.456873341,TRACKING,,0.002219083,1,-0.000000000,0.000000002,0.050000000,0.000000000,0.000000000,0.050000000,0.000000000,0.000000002,0.000000000,0.000000002,0.000000396
17.467067590,TRACKING,,0.001156441,1,-0.000000000,-0.000000002,0.050000001,0.000000000,0.000000000,0.050000000,0.000000000,-0.000000002,0.000000001,0.000000003,0.000000487
17.477083743,TRACKING,,0.002456546,1,-0.000000000,-0.000000007,0.050000002,0.000000000,0.000000000,0.050000000,0.000000000,-0.000000007,0.000000002,0.000000007,0.000001314
17.487022720,TRACKING,,0.001750096,1,-0.000000000,-0.000000010,0.050000003,0.000000000,0.000000000,0.050000000,0.000000000,-0.000000010,0.000000003,0.000000011,0.000002076
17.497100613,TRACKING,,0.000951036,1,-0.000000000,-0.000000012,0.050000002,0.000000000,0.000000000,0.050000000,0.000000000,-0.000000012,0.000000002,0.000000012,0.000002447
17.507161884,TRACKING,,0.002660764,1,0.000000000,-0.000000010,0.049999997,0.000000000,0.000000000,0.050000000,-0.000000000,-0.000000010,-0.000000003,0.000000010,0.000001927
17.517278958,TRACKING,,0.001813023,1,0.000000000,-0.000000007,0.049999995,0.000000000,0.000000000,0.050000000,-0.000000000,-0.000000007,-0.000000005,0.000000009,0.000001449
17.527264241,TRACKING,,0.000910667,1,0.000000000,-0.000000005,0.049999996,0.000000000,0.000000000,0.050000000,-0.000000000,-0.000000005,-0.000000004,0.000000006,0.000001023
17.537377753,TRACKING,,0.000280206,1,0.000000000,-0.000000003,0.049999998,0.000000000,0.000000000,0.050000000,-0.000000000,-0.000000003,-0.000000002,0.000000004,0.000000632
17.547572002,TRACKING,,0.002363935,1,-0.000000000,-0.000000001,0.049999999,0.000000000,0.000000000,0.050000000,0.000000000,-0.000000001,-0.000000001,0.000000002,0.000000278
17.557522853,TRACKING,,0.001568438,1,-0.000000000,0.000000000,0.050000000,0.000000000,0.000000000,0.050000000,0.000000000,0.000000000,-0.000000000,0.000000000,0.000000046
17.567549691,TRACKING,,0.000401311,1,-0.000000000,0.000000002,0.050000001,0.000000000,0.000000000,0.050000000,0.000000000,0.000000002,0.000000001,0.000000002,0.000000358
17.577717820,TRACKING,,0.002012492,1,-0.000000000,0.000000002,0.050000001,0.000000000,0.000000000,0.050000000,0.000000000,0.000000002,0.000000001,0.000000002,0.000000358
17.587871701,TRACKING,,0.000913041,1,-0.000000000,-0.000000003,0.050000002,0.000000000,0.000000000,0.050000000,0.000000000,-0.000000003,0.000000002,0.000000003,0.000000542
17.597982838,TRACKING,,0.002557467,1,-0.000000000,-0.000000007,0.050000001,0.000000000,0.000000000,0.050000000,0.000000000,-0.000000007,0.000000001,0.000000007,0.000001362
17.608036985,TRACKING,,0.001735848,1,0.000000000,-0.000000010,0.049999996,0.000000000,0.000000000,0.050000000,-0.000000000,-0.000000010,-0.000000004,0.000000011,0.000002109
17.618123189,TRACKING,,0.000878610,1,0.000000000,-0.000000012,0.049999993,0.000000000,0.000000000,0.050000000,-0.000000000,-0.000000012,-0.000000007,0.000000014,0.000002477
17.628173774,TRACKING,,0.000153163,1,0.000000000,-0.000000010,0.049999994,0.000000000,0.000000000,0.050000000,-0.000000000,-0.000000010,-0.000000006,0.000000011,0.000001961
17.638411954,TRACKING,,0.002247579,1,0.000000000,-0.000000007,0.049999996,0.000000000,0.000000000,0.050000000,-0.000000000,-0.000000007,-0.000000004,0.000000008,0.000001495
17.648269007,TRACKING,,0.001716852,1,0.000000000,-0.000000005,0.049999997,0.000000000,0.000000000,0.050000000,-0.000000000,-0.000000005,-0.000000003,0.000000006,0.000001074
17.658589111,TRACKING,,0.000567534,1,-0.000000000,-0.000000003,0.049999998,0.000000000,0.000000000,0.050000000,0.000000000,-0.000000003,-0.000000002,0.000000004,0.000000687
17.668534025,TRACKING,,0.001122009,1,-0.000000000,-0.000000001,0.050000000,0.000000000,0.000000000,0.050000000,0.000000000,-0.000000001,-0.000000000,0.000000001,0.000000272
17.678558489,TRACKING,,0.000391813,1,-0.000000000,0.000000000,0.050000001,0.000000000,0.000000000,0.050000000,0.000000000,0.000000000,0.000000001,0.000000001,0.000000063
17.688528337,TRACKING,,0.002456545,1,-0.000000000,0.000000000,0.050000001,0.000000000,0.000000000,0.050000000,0.000000000,0.000000000,0.000000001,0.000000001,0.000000063
17.698732085,TRACKING,,0.000710012,1,-0.000000000,-0.000000004,0.050000002,0.000000000,0.000000000,0.050000000,0.000000000,-0.000000004,0.000000002,0.000000004,0.000000769
17.708774358,TRACKING,,0.000034432,1,-0.000000000,-0.000000008,0.050000001,0.000000000,0.000000000,0.050000000,0.000000000,-0.000000008,0.000000001,0.000000008,0.000001615
17.718777451,TRACKING,,0.002162093,1,0.000000000,-0.000000011,0.049999996,0.000000000,0.000000000,0.050000000,-0.000000000,-0.000000011,-0.000000004,0.000000012,0.000002309
17.728988322,TRACKING,,0.001515008,1,0.000000000,-0.000000013,0.049999993,0.000000000,0.000000000,0.050000000,-0.000000000,-0.000000013,-0.000000007,0.000000015,0.000002654
17.739048406,TRACKING,,0.001023462,1,0.000000000,-0.000000011,0.049999995,0.000000000,0.000000000,0.050000000,-0.000000000,-0.000000011,-0.000000005,0.000000012,0.000002131
17.749135797,TRACKING,,0.000533102,1,0.000000000,-0.000000008,0.049999996,0.000000000,0.000000000,0.050000000,-0.000000000,-0.000000008,-0.000000004,0.000000009,0.000001658
17.759149575,TRACKING,,0.000047493,1,0.000000000,-0.000000006,0.049999997,0.000000000,0.000000000,0.050000000,-0.000000000,-0.000000006,-0.000000003,0.000000007,0.000001226
17.769607407,TRACKING,,0.002163280,1,-0.000000000,-0.000000004,0.049999999,0.000000000,0.000000000,0.050000000,0.000000000,-0.000000004,-0.000000001,0.000000004,0.000000828
17.779364726,TRACKING,,0.001702603,1,-0.000000000,-0.000000002,0.050000000,0.000000000,0.000000000,0.050000000,0.000000000,-0.000000002,-0.000000000,0.000000002,0.000000462
17.789461616,TRACKING,,0.000782438,1,-0.000000000,-0.000000001,0.050000001,0.000000000,0.000000000,0.050000000,0.000000000,-0.000000001,0.000000001,0.000000001,0.000000122
17.799610748,TRACKING,,0.002565778,1,-0.000000000,-0.000000003,0.050000001,0.000000000,0.000000000,0.050000000,0.000000000,-0.000000003,0.000000001,0.000000004,0.000000682
17.809632837,TRACKING,,0.001492449,1,-0.000000000,-0.000000007,0.050000002,0.000000000,0.000000000,0.050000000,0.000000000,-0.000000007,0.000000002,0.000000008,0.000001486
17.819770096,TRACKING,,0.000345508,1,0.000000000,-0.000000011,0.049999998,0.000000000,0.000000000,0.050000000,-0.000000000,-0.000000011,-0.000000002,0.000000011,0.000002224
17.829807620,TRACKING,,0.002030301,1,0.000000000,-0.000000011,0.049999998,0.000000000,0.000000000,0.050000000,-0.000000000,-0.000000011,-0.000000002,0.000000011,0.000002224
17.839955564,TRACKING,,0.001169501,1,0.000000000,-0.000000009,0.049999993,0.000000000,0.000000000,0.050000000,-0.000000000,-0.000000009,-0.000000007,0.000000011,0.000001717
17.850139128,TRACKING,,0.002851920,1,0.000000000,-0.000000006,0.049999995,0.000000000,0.000000000,0.050000000,-0.000000000,-0.000000006,-0.000000005,0.000000008,0.000001263
17.860528096,TRACKING,,0.002532533,1,0.000000000,-0.000000004,0.049999996,0.000000000,0.000000000,0.050000000,-0.000000000,-0.000000004,-0.000000004,0.000000006,0.000000857
17.870383962,TRACKING,,0.001593371,1,0.000000000,-0.000000002,0.049999998,0.000000000,0.000000000,0.050000000,-0.000000000,-0.000000002,-0.000000002,0.000000003,0.000000468
17.880471353,TRACKING,,0.001136256,1,-0.000000000,-0.000000001,0.049999999,0.000000000,0.000000000,0.050000000,0.000000000,-0.000000001,-0.000000001,0.000000001,0.000000124
17.890741590,TRACKING,,0.000414371,1,-0.000000000,0.000000001,0.050000000,0.000000000,0.000000000,0.050000000,0.000000000,0.000000001,0.000000000,0.000000001,0.000000185
17.900723311,TRACKING,,0.002388869,1,-0.000000000,-0.000000001,0.050000001,0.000000000,0.000000000,0.050000000,0.000000000,-0.000000001,0.000000001,0.000000001,0.000000121
17.910638543,TRACKING,,0.001931754,1,-0.000000000,-0.000000005,0.050000002,0.000000000,0.000000000,0.050000000,0.000000000,-0.000000005,0.000000002,0.000000005,0.000000934
17.920816170,TRACKING,,0.001347597,1,-0.000000000,-0.000000008,0.050000000,0.000000000,0.000000000,0.050000000,0.000000000,-0.000000008,-0.000000000,0.000000008,0.000001672
17.930923745,TRACKING,,0.000504607,1,0.000000000,-0.000000009,0.049999995,0.000000000,0.000000000,0.050000000,-0.000000000,-0.000000009,-0.000000005,0.000000010,0.000001783
17.941052693,TRACKING,,0.002270138,1,0.000000000,-0.000000007,0.049999995,0.000000000,0.000000000,0.050000000,-0.000000000,-0.000000007,-0.000000005,0.000000008,0.000001315
17.951113963,TRACKING,,0.001171876,1,0.000000000,-0.000000004,0.049999996,0.000000000,0.000000000,0.050000000,-0.000000000,-0.000000004,-0.000000004,0.000000006,0.000000887
17.961175234,TRACKING,,0.000028496,1,0.000000000,-0.000000004,0.049999996,0.000000000,0.000000000,0.050000000,-0.000000000,-0.000000004,-0.000000004,0.000000006,0.000000887
17.971275685,TRACKING,,0.001734661,1,0.000000000,-0.000000002,0.049999998,0.000000000,0.000000000,0.050000000,-0.000000000,-0.000000002,-0.000000002,0.000000003,0.000000494
17.981358328,TRACKING,,0.000555662,1,-0.000000000,-0.000000001,0.049999999,0.000000000,0.000000000,0.050000000,0.000000000,-0.000000001,-0.000000001,0.000000001,0.000000137
17.991448094,TRACKING,,0.002147845,1,-0.000000000,-0.000000001,0.050000000,0.000000000,0.000000000,0.050000000,0.000000000,-0.000000001,-0.000000000,0.000000001,0.000000110
18.001536672,TRACKING,,0.001048395,1,-0.000000000,-0.000000005,0.050000001,0.000000000,0.000000000,0.050000000,0.000000000,-0.000000005,0.000000001,0.000000005,0.000000960
18.011634749,TRACKING,,0.000239837,1,-0.000000000,-0.000000009,0.050000002,0.000000000,0.000000000,0.050000000,0.000000000,-0.000000009,0.000000002,0.000000009,0.000001737
18.021755385,TRACKING,,0.001950752,1,-0.000000000,-0.000000009,0.050000003,0.000000000,0.000000000,0.050000000,0.000000000,-0.000000009,0.000000003,0.000000010,0.000001849
18.031843964,TRACKING,,0.000878610,1,-0.000000000,-0.000000007,0.050000000,0.000000000,0.000000000,0.050000000,0.000000000,-0.000000007,0.000000000,0.000000007,0.000001376
18.041991908,TRACKING,,0.002666700,1,0.000000000,-0.000000005,0.049999995,0.000000000,0.000000000,0.050000000,-0.000000000,-0.000000005,-0.000000005,0.000000007,0.000000943
18.052025871,TRACKING,,0.001666984,1,0.000000000,-0.000000003,0.049999995,0.000000000,0.000000000,0.050000000,-0.000000000,-0.000000003,-0.000000005,0.000000006,0.000000548
18.062110888,TRACKING,,0.000575846,1,0.000000000,-0.000000001,0.049999997,0.000000000,0.000000000,0.050000000,-0.000000000,-0.000000001,-0.000000003,0.000000004,0.000000187
18.072165034,TRACKING,,0.002226207,1,0.000000000,-0.000000001,0.049999997,0.000000000,0.000000000,0.050000000,-0.000000000,-0.000000001,-0.000000003,0.000000004,0.000000187
18.082299918,TRACKING,,0.001130320,1,0.000000000,0.000000001,0.049999998,0.000000000,0.000000000,0.050000000,-0.000000000,0.000000001,-0.000000002,0.000000002,0.000000142
18.092487044,TRACKING,,0.000213716,1,-0.000000000,-0.000000004,0.049999999,0.000000000,0.000000000,0.050000000,0.000000000,-0.000000004,-0.000000001,0.000000004,0.000000733
18.102257423,TRACKING,,0.002192963,1,-0.000000000,-0.000000008,0.050000000,0.000000000,0.000000000,0.050000000,0.000000000,-0.000000008,0.000000000,0.000000008,0.000001523
18.112343627,TRACKING,,0.001573187,1,-0.000000000,-0.000000011,0.050000001,0.000000000,0.000000000,0.050000000,0.000000000,-0.000000011,0.000000001,0.000000011,0.000002227
18.122357405,TRACKING,,0.001056706,1,-0.000000000,-0.000000013,0.050000002,0.000000000,0.000000000,0.050000000,0.000000000,-0.000000013,0.000000002,0.000000013,0.000002577
18.132499413,TRACKING,,0.000575846,1,-0.000000000,-0.000000010,0.050000003,0.000000000,0.000000000,0.050000000,0.000000000,-0.000000010,0.000000003,0.000000011,0.000002069
18.142506067,TRACKING,,0.000093798,1,-0.000000000,-0.000000008,0.050000003,0.000000000,0.000000000,0.050000000,0.000000000,-0.000000008,0.000000003,0.000000009,0.000001600
18.152846356,TRACKING,,0.002219083,1,-0.000000000,-0.000000006,0.050000001,0.000000000,0.000000000,0.050000000,0.000000000,-0.000000006,0.000000001,0.000000006,0.000001172
18.162828076,TRACKING,,0.001174250,1,0.000000000,-0.000000004,0.049999996,0.000000000,0.000000000,0.050000000,-0.000000000,-0.000000004,-0.000000004,0.000000006,0.000000769
18.172915468,TRACKING,,0.000165036,1,0.000000000,-0.000000002,0.049999996,0.000000000,0.000000000,0.050000000,-0.000000000,-0.000000002,-0.000000004,0.000000005,0.000000391
18.183011170,TRACKING,,0.001949564,1,0.000000000,-0.000000000,0.049999997,0.000000000,0.000000000,0.050000000,-0.000000000,-0.000000000,-0.000000003,0.000000003,0.000000043
18.193097374,TRACKING,,0.000832304,1,0.000000000,0.000000001,0.049999998,0.000000000,0.000000000,0.050000000,-0.000000000,0.000000001,-0.000000002,0.000000002,0.000000276
18.203244131,TRACKING,,0.002444673,1,0.000000000,0.000000001,0.049999998,0.000000000,0.000000000,0.050000000,-0.000000000,0.000000001,-0.000000002,0.000000002,0.000000276
18.213208042,TRACKING,,0.001532818,1,-0.000000000,-0.000000003,0.050000000,0.000000000,0.000000000,0.050000000,0.000000000,-0.000000003,-0.000000000,0.000000003,0.000000608
18.223335802,TRACKING,,0.000835867,1,-0.000000000,-0.000000007,0.050000001,0.000000000,0.000000000,0.050000000,0.000000000,-0.000000007,0.000000001,0.000000007,0.000001406
18.233305650,TRACKING,,0.000150788,1,-0.000000000,-0.000000011,0.050000001,0.000000000,0.000000000,0.050000000,0.000000000,-0.000000011,0.000000001,0.000000011,0.000002126
18.243483277,TRACKING,,0.002239268,1,-0.000000000,-0.000000012,0.050000002,0.000000000,0.000000000,0.050000000,0.000000000,-0.000000012,0.000000002,0.000000013,0.000002490
18.253525550,TRACKING,,0.001770280,1,-0.000000000,-0.000000010,0.050000003,0.000000000,0.000000000,0.050000000,0.000000000,-0.000000010,0.000000003,0.000000010,0.000001988
18.263603443,TRACKING,,0.001074516,1,-0.000000000,-0.000000008,0.050000002,0.000000000,0.000000000,0.050000000,0.000000000,-0.000000008,0.000000002,0.000000008,0.000001527
18.273719330,TRACKING,,0.000490359,1,0.000000000,-0.000000005,0.049999997,0.000000000,0.000000000,0.050000000,-0.000000000,-0.000000005,-0.000000003,0.000000006,0.000001095
18.283906456,TRACKING,,0.002574090,1,0.000000000,-0.000000003,0.049999995,0.000000000,0.000000000,0.050000000,-0.000000000,-0.000000003,-0.000000005,0.000000006,0.000000706
18.297482166,TRACKING,,0.004100971,1,0.000000000,-0.000000002,0.049999997,0.000000000,0.000000000,0.050000000,-0.000000000,-0.000000002,-0.000000003,0.000000003,0.000000307
18.307679977,TRACKING,,0.000990217,1,0.000000000,-0.000000001,0.049999998,0.000000000,0.000000000,0.050000000,-0.000000000,-0.000000001,-0.000000002,0.000000002,0.000000288
18.317531094,TRACKING,,0.000056991,1,-0.000000000,-0.000000006,0.049999999,0.000000000,0.000000000,0.050000000,0.000000000,-0.000000006,-0.000000001,0.000000006,0.000001114
18.327696847,TRACKING,,0.002078981,1,-0.000000000,-0.000000009,0.050000000,0.000000000,0.000000000,0.050000000,0.000000000,-0.000000009,0.000000000,0.000000009,0.000001868
18.337773553,TRACKING,,0.001420024,1,-0.000000000,-0.000000010,0.050000001,0.000000000,0.000000000,0.050000000,0.000000000,-0.000000010,0.000000001,0.000000010,0.000001970
18.347887065,TRACKING,,0.000192344,1,-0.000000000,-0.000000007,0.050000002,0.000000000,0.000000000,0.050000000,0.000000000,-0.000000007,0.000000002,0.000000008,0.000001487
18.358160864,TRACKING,,0.001940066,1,-0.000000000,-0.000000005,0.050000003,0.000000000,0.000000000,0.050000000,0.000000000,-0.000000005,0.000000003,0.000000006,0.000001044
18.368083220,TRACKING,,0.000853676,1,-0.000000000,-0.000000003,0.050000004,0.000000000,0.000000000,0.050000000,0.000000000,-0.000000003,0.000000004,0.000000005,0.000000638
18.378544614,TRACKING,,0.002523035,1,-0.000000000,-0.000000003,0.050000004,0.000000000,0.000000000,0.050000000,0.000000000,-0.000000003,0.000000004,0.000000005,0.000000638
18.388271063,TRACKING,,0.001548253,1,0.000000000,-0.000000001,0.049999998,0.000000000,0.000000000,0.050000000,-0.000000000,-0.000000001,-0.000000002,0.000000002,0.000000269
18.398310962,TRACKING,,0.000302764,1,0.000000000,-0.000000005,0.049999993,0.000000000,0.000000000,0.050000000,-0.000000000,-0.000000005,-0.000000007,0.000000009,0.000001110
18.408432785,TRACKING,,0.001912758,1,0.000000000,-0.000000009,0.049999990,0.000000000,0.000000000,0.050000000,-0.000000000,-0.000000009,-0.000000010,0.000000014,0.000001881
18.418461998,TRACKING,,0.000861988,1,0.000000000,-0.000000011,0.049999992,0.000000000,0.000000000,0.050000000,-0.000000000,-0.000000011,-0.000000008,0.000000014,0.000002282
18.428606381,TRACKING,,0.002545594,1,0.000000000,-0.000000009,0.049999994,0.000000000,0.000000000,0.050000000,-0.000000000,-0.000000009,-0.000000006,0.000000011,0.000001770
18.438649842,TRACKING,,0.001579123,1,0.000000000,-0.000000006,0.049999996,0.000000000,0.000000000,0.050000000,-0.000000000,-0.000000006,-0.000000004,0.000000008,0.000001302
18.448870212,TRACKING,,0.000238650,1,0.000000000,-0.000000004,0.049999997,0.000000000,0.000000000,0.050000000,-0.000000000,-0.000000004,-0.000000003,0.000000005,0.000000874
18.458978975,TRACKING,,0.002246392,1,-0.000000000,-0.000000002,0.049999998,0.000000000,0.000000000,0.050000000,0.000000000,-0.000000002,-0.000000002,0.000000003,0.000000488
18.468763602,TRACKING,,0.001718039,1,-0.000000000,-0.000000001,0.049999999,0.000000000,0.000000000,0.050000000,0.000000000,-0.000000001,-0.000000001,0.000000001,0.000000148
18.478967350,TRACKING,,0.001164752,1,-0.000000000,-0.000000003,0.050000000,0.000000000,0.000000000,0.050000000,0.000000000,-0.000000003,0.000000000,0.000000003,0.000000686
18.489028620,TRACKING,,0.000381127,1,-0.000000000,-0.000000007,0.050000001,0.000000000,0.000000000,0.050000000,0.000000000,-0.000000007,0.000000001,0.000000007,0.000001460
18.499342788,TRACKING,,0.002504038,1,-0.000000000,-0.000000007,0.050000001,0.000000000,0.000000000,0.050000000,0.000000000,-0.000000007,0.000000001,0.000000007,0.000001460
18.509360128,TRACKING,,0.001454456,1,-0.000000000,-0.000000011,0.050000002,0.000000000,0.000000000,0.050000000,0.000000000,-0.000000011,0.000000002,0.000000011,0.000002200
18.519572187,TRACKING,,0.000689828,1,-0.000000000,-0.000000008,0.050000003,0.000000000,0.000000000,0.050000000,0.000000000,-0.000000008,0.000000003,0.000000009,0.000001706
18.529975403,TRACKING,,0.002444673,1,-0.000000000,-0.000000006,0.050000002,0.000000000,0.000000000,0.050000000,0.000000000,-0.000000006,0.000000002,0.000000007,0.000001257
18.539768341,TRACKING,,0.001458018,1,0.000000000,-0.000000004,0.049999997,0.000000000,0.000000000,0.050000000,-0.000000000,-0.000000004,-0.000000003,0.000000005,0.000000836
18.550070636,TRACKING,,0.000366879,1,0.000000000,-0.000000002,0.049999993,0.000000000,0.000000000,0.050000000,-0.000000000,-0.000000002,-0.000000007,0.000000007,0.000000450
18.559959746,TRACKING,,0.001973310,1,0.000000000,-0.000000000,0.049999995,0.000000000,0.000000000,0.050000000,-0.000000000,-0.000000000,-0.000000005,0.000000005,0.000000098
18.570156370,TRACKING,,0.001813023,1,0.000000000,-0.000000003,0.049999997,0.000000000,0.000000000,0.050000000,-0.000000000,-0.000000003,-0.000000003,0.000000004,0.000000524
18.580147590,TRACKING,,0.000670830,1,-0.000000000,-0.000000007,0.049999998,0.000000000,0.000000000,0.050000000,0.000000000,-0.000000007,-0.000000002,0.000000007,0.000001346
18.590286035,TRACKING,,0.002384120,1,-0.000000000,-0.000000007,0.049999998,0.000000000,0.000000000,0.050000000,0.000000000,-0.000000007,-0.000000002,0.000000007,0.000001346
18.600360366,TRACKING,,0.001425960,1,-0.000000000,-0.000000005,0.049999999,0.000000000,0.000000000,0.050000000,0.000000000,-0.000000005,-0.000000001,0.000000005,0.000000915
18.610401453,TRACKING,,0.000250522,1,-0.000000000,-0.000000003,0.050000000,0.000000000,0.000000000,0.050000000,0.000000000,-0.000000003,0.000000000,0.000000003,0.000000524
18.620501904,TRACKING,,0.001921069,1,-0.000000000,-0.000000001,0.050000001,0.000000000,0.000000000,0.050000000,0.000000000,-0.000000001,0.000000001,0.000000002,0.000000164
18.630586921,TRACKING,,0.000841803,1,-0.000000000,-0.000000001,0.050000002,0.000000000,0.000000000,0.050000000,0.000000000,-0.000000001,0.000000002,0.000000002,0.000000137
18.640766923,TRACKING,,0.002545594,1,-0.000000000,-0.000000005,0.050000003,0.000000000,0.000000000,0.050000000,0.000000000,-0.000000005,0.000000003,0.000000006,0.000000991
18.650786637,TRACKING,,0.001447332,1,-0.000000000,-0.000000009,0.050000000,0.000000000,0.000000000,0.050000000,0.000000000,-0.000000009,0.000000000,0.000000009,0.000001769
18.660934582,TRACKING,,0.002664325,1,0.000000000,-0.000000009,0.049999995,0.000000000,0.000000000,0.050000000,-0.000000000,-0.000000009,-0.000000005,0.000000010,0.000001856
18.671064716,TRACKING,,0.001416461,1,0.000000000,-0.000000007,0.049999995,0.000000000,0.000000000,0.050000000,-0.000000000,-0.000000007,-0.000000005,0.000000008,0.000001382
18.681204349,TRACKING,,0.000020184,1,0.000000000,-0.000000007,0.049999995,0.000000000,0.000000000,0.050000000,-0.000000000,-0.000000007,-0.000000005,0.000000008,0.000001382
18.691219315,TRACKING,,0.002128848,1,0.000000000,-0.000000005,0.049999997,0.000000000,0.000000000,0.050000000,-0.000000000,-0.000000005,-0.000000003,0.000000006,0.000000927
18.701280585,TRACKING,,0.001338100,1,0.000000000,-0.000000003,0.049999998,0.000000000,0.000000000,0.050000000,-0.000000000,-0.000000003,-0.000000002,0.000000003,0.000000545
18.711305049,TRACKING,,0.000876235,1,-0.000000000,-0.000000001,0.049999999,0.000000000,0.000000000,0.050000000,0.000000000,-0.000000001,-0.000000001,0.000000001,0.000000193
18.721511172,TRACKING,,0.000337196,1,-0.000000000,0.000000001,0.050000000,0.000000000,0.000000000,0.050000000,0.000000000,0.000000001,0.000000000,0.000000001,0.000000120
18.731634182,TRACKING,,0.002441111,1,-0.000000000,0.000000001,0.050000001,0.000000000,0.000000000,0.050000000,0.000000000,0.000000001,0.000000001,0.000000001,0.000000123
18.741699015,TRACKING,,0.001874764,1,-0.000000000,-0.000000004,0.050000002,0.000000000,0.000000000,0.050000000,0.000000000,-0.000000004,0.000000002,0.000000004,0.000000711
18.751799467,TRACKING,,0.000719510,1,-0.000000000,-0.000000007,0.050000003,0.000000000,0.000000000,0.050000000,0.000000000,-0.000000007,0.000000003,0.000000008,0.000001494
18.761926039,TRACKING,,0.002378183,1,-0.000000000,-0.000000008,0.050000003,0.000000000,0.000000000,0.050000000,0.000000000,-0.000000008,0.000000003,0.000000009,0.000001628
18.772005119,TRACKING,,0.001442583,1,-0.000000000,-0.000000006,0.050000001,0.000000000,0.000000000,0.050000000,0.000000000,-0.000000006,0.000000001,0.000000006,0.000001174
18.782061641,TRACKING,,0.000320574,1,0.000000000,-0.000000004,0.049999996,0.000000000,0.000000000,0.050000000,-0.000000000,-0.000000004,-0.000000004,0.000000006,0.000000760
18.792152594,TRACKING,,0.002240455,1,0.000000000,-0.000000002,0.049999996,0.000000000,0.000000000,0.050000000,-0.000000000,-0.000000002,-0.000000004,0.000000005,0.000000385
18.802234049,TRACKING,,0.001257362,1,0.000000000,-0.000000000,0.049999997,0.000000000,0.000000000,0.050000000,-0.000000000,-0.000000000,-0.000000003,0.000000003,0.000000040
18.812317878,TRACKING,,0.000332447,1,0.000000000,0.000000001,0.049999998,0.000000000,0.000000000,0.050000000,-0.000000000,0.000000001,-0.000000002,0.000000002,0.000000273
18.822353028,TRACKING,,0.002259452,1,0.000000000,0.000000001,0.049999998,0.000000000,0.000000000,0.050000000,-0.000000000,0.000000001,-0.000000002,0.000000002,0.000000273
18.832484350,TRACKING,,0.001450894,1,-0.000000000,-0.000000003,0.049999999,0.000000000,0.000000000,0.050000000,0.000000000,-0.000000003,-0.000000001,0.000000003,0.000000593
18.842582427,TRACKING,,0.000345508,1,-0.000000000,-0.000000007,0.050000000,0.000000000,0.000000000,0.050000000,0.000000000,-0.000000007,0.000000000,0.000000007,0.000001388
18.852680504,TRACKING,,0.001938879,1,-0.000000000,-0.000000011,0.050000001,0.000000000,0.000000000,0.050000000,0.000000000,-0.000000011,0.000000001,0.000000011,0.000002134
18.862794016,TRACKING,,0.000882172,1,-0.000000000,-0.000000012,0.050000002,0.000000000,0.000000000,0.050000000,0.000000000,-0.000000012,0.000000002,0.000000013,0.000002512
18.872908716,TRACKING,,0.002593087,1,-0.000000000,-0.000000010,0.050000003,0.000000000,0.000000000,0.050000000,0.000000000,-0.000000010,0.000000003,0.000000010,0.000001981
18.882873814,TRACKING,,0.001571999,1,-0.000000000,-0.000000007,0.050000004,0.000000000,0.000000000,0.050000000,0.000000000,-0.000000007,0.000000004,0.000000008,0.000001497
18.893007511,TRACKING,,0.000415559,1,-0.000000000,-0.000000005,0.050000001,0.000000000,0.000000000,0.050000000,0.000000000,-0.000000005,0.000000001,0.000000005,0.000001056
18.903143582,TRACKING,,0.002182277,1,0.000000000,-0.000000003,0.049999996,0.000000000,0.000000000,0.050000000,-0.000000000,-0.000000003,-0.000000004,0.000000005,0.000000657
18.913052877,TRACKING,,0.001607619,1,0.000000000,-0.000000001,0.049999996,0.000000000,0.000000000,0.050000000,-0.000000000,-0.000000001,-0.000000004,0.000000004,0.000000291
18.923257812,TRACKING,,0.001107760,1,0.000000000,0.000000000,0.049999997,0.000000000,0.000000000,0.050000000,-0.000000000,0.000000000,-0.000000003,0.000000003,0.000000032
18.933349952,TRACKING,,0.000534290,1,0.000000000,0.000000002,0.049999998,0.000000000,0.000000000,0.050000000,-0.000000000,0.000000002,-0.000000002,0.000000002,0.000000329
18.943519268,TRACKING,,0.000084299,1,-0.000000000,-0.000000003,0.049999999,0.000000000,0.000000000,0.050000000,0.000000000,-0.000000003,-0.000000001,0.000000003,0.000000521
18.953610222,TRACKING,,0.002271325,1,-0.000000000,-0.000000003,0.049999999,0.000000000,0.000000000,0.050000000,0.000000000,-0.000000003,-0.000000001,0.000000003,0.000000521
18.963690489,TRACKING,,0.001671734,1,-0.000000000,-0.000000006,0.050000000,0.000000000,0.000000000,0.050000000,0.000000000,-0.000000006,0.000000000,0.000000006,0.000001295
18.973794503,TRACKING,,0.001059081,1,-0.000000000,-0.000000010,0.050000001,0.000000000,0.000000000,0.050000000,0.000000000,-0.000000010,0.000000001,0.000000010,0.000002010
18.983874770,TRACKING,,0.000174535,1,-0.000000000,-0.000000012,0.050000002,0.000000000,0.000000000,0.050000000,0.000000000,-0.000000012,0.000000002,0.000000012,0.000002381
18.993975222,TRACKING,,0.000216090,1,-0.000000000,-0.000000009,0.050000003,0.000000000,0.000000000,0.050000000,0.000000000,-0.000000009,0.000000003,0.000000009,0.000001799
19.004050740,TRACKING,,0.001931754,1,-0.000000000,-0.000000007,0.050000001,0.000000000,0.000000000,0.050000000,0.000000000,-0.000000007,0.000000001,0.000000007,0.000001328
19.014136944,TRACKING,,0.000861988,1,0.000000000,-0.000000004,0.049999995,0.000000000,0.000000000,0.050000000,-0.000000000,-0.000000004,-0.000000005,0.000000006,0.000000900
19.024565094,TRACKING,,0.002544407,1,0.000000000,-0.000000002,0.049999995,0.000000000,0.000000000,0.050000000,-0.000000000,-0.000000002,-0.000000005,0.000000005,0.000000507
19.034409087,TRACKING,,0.001435459,1,0.000000000,-0.000000001,0.049999997,0.000000000,0.000000000,0.050000000,-0.000000000,-0.000000001,-0.000000003,0.000000003,0.000000148
19.044376560,TRACKING,,0.000349069,1,0.000000000,0.000000001,0.049999998,0.000000000,0.000000000,0.050000000,-0.000000000,0.000000001,-0.000000002,0.000000002,0.000000179
19.054490072,TRACKING,,0.001909196,1,0.000000000,0.000000001,0.049999998,0.000000000,0.000000000,0.050000000,-0.000000000,0.000000001,-0.000000002,0.000000002,0.000000179
19.064577463,TRACKING,,0.000033245,1,-0.000000000,0.000000001,0.049999999,0.000000000,0.000000000,0.050000000,0.000000000,0.000000001,-0.000000001,0.000000001,0.000000115
19.074580556,TRACKING,,0.001930567,1,-0.000000000,-0.000000004,0.050000000,0.000000000,0.000000000,0.050000000,0.000000000,-0.000000004,0.000000000,0.000000004,0.000000761
19.084633515,TRACKING,,0.001323852,1,-0.000000000,-0.000000008,0.050000001,0.000000000,0.000000000,0.050000000,0.000000000,-0.000000008,0.000000001,0.000000008,0.000001540
19.094713782,TRACKING,,0.000692202,1,-0.000000000,-0.000000008,0.050000002,0.000000000,0.000000000,0.050000000,0.000000000,-0.000000008,0.000000002,0.000000009,0.000001671
19.104794050,TRACKING,,0.000028496,1,-0.000000000,-0.000000006,0.050000003,0.000000000,0.000000000,0.050000000,0.000000000,-0.000000006,0.000000003,0.000000007,0.000001232
19.114893314,TRACKING,,0.000300389,1,0.000000000,-0.000000004,0.050000000,0.000000000,0.000000000,0.050000000,-0.000000000,-0.000000004,-0.000000000,0.000000004,0.000000771
19.124929651,TRACKING,,0.002431612,1,0.000000000,-0.000000002,0.049999995,0.000000000,0.000000000,0.050000000,-0.000000000,-0.000000002,-0.000000005,0.000000006,0.000000399
19.135079970,TRACKING,,0.001702604,1,0.000000000,-0.000000000,0.049999995,0.000000000,0.000000000,0.050000000,-0.000000000,-0.000000000,-0.000000005,0.000000005,0.000000061
19.145010637,TRACKING,,0.000918979,1,0.000000000,-0.000000003,0.049999996,0.000000000,0.000000000,0.050000000,-0.000000000,-0.000000003,-0.000000004,0.000000005,0.000000615
19.155207260,TRACKING,,0.000094985,1,0.000000000,-0.000000007,0.049999998,0.000000000,0.000000000,0.050000000,-0.000000000,-0.000000007,-0.000000002,0.000000007,0.000001398
19.165264969,TRACKING,,0.002064733,1,0.000000000,-0.000000007,0.049999998,0.000000000,0.000000000,0.050000000,-0.000000000,-0.000000007,-0.000000002,0.000000007,0.000001398
19.175366608,TRACKING,,0.001359471,1,-0.000000000,-0.000000005,0.049999999,0.000000000,0.000000000,0.050000000,0.000000000,-0.000000005,-0.000000001,0.000000005,0.000000974
19.185461123,TRACKING,,0.000165036,1,-0.000000000,-0.000000003,0.050000000,0.000000000,0.000000000,0.050000000,0.000000000,-0.000000003,-0.000000000,0.000000003,0.000000589
19.195593633,TRACKING,,0.001837957,1,-0.000000000,-0.000000001,0.050000001,0.000000000,0.000000000,0.050000000,0.000000000,-0.000000001,0.000000001,0.000000001,0.000000221
19.205640655,TRACKING,,0.000558036,1,-0.000000000,0.000000001,0.050000002,0.000000000,0.000000000,0.050000000,0.000000000,0.000000001,0.000000002,0.000000002,0.000000117
19.215771977,TRACKING,,0.002207210,1,-0.000000000,0.000000002,0.050000003,0.000000000,0.000000000,0.050000000,0.000000000,0.000000002,0.000000003,0.000000003,0.000000423
19.225854619,TRACKING,,0.001168314,1,-0.000000000,0.000000001,0.050000003,0.000000000,0.000000000,0.050000000,0.000000000,0.000000001,0.000000003,0.000000003,0.000000103
19.235974068,TRACKING,,0.000026121,1,0.000000000,-0.000000004,0.049999999,0.000000000,0.000000000,0.050000000,-0.000000000,-0.000000004,-0.000000001,0.000000004,0.000000768
19.246056710,TRACKING,,0.001845081,1,0.000000000,-0.000000008,0.049999994,0.000000000,0.000000000,0.050000000,-0.000000000,-0.000000008,-0.000000006,0.000000010,0.000001569
19.256129854,TRACKING,,0.000721885,1,0.000000000,-0.000000007,0.049999994,0.000000000,0.000000000,0.050000000,-0.000000000,-0.000000007,-0.000000006,0.000000009,0.000001406
19.266307481,TRACKING,,0.002444673,1,0.000000000,-0.000000007,0.049999994,0.000000000,0.000000000,0.050000000,-0.000000000,-0.000000007,-0.000000006,0.000000009,0.000001406
19.276301075,TRACKING,,0.001195622,1,0.000000000,-0.000000005,0.049999996,0.000000000,0.000000000,0.050000000,-0.000000000,-0.000000005,-0.000000004,0.000000006,0.000000973
19.286384904,TRACKING,,0.000115169,1,0.000000000,-0.000000003,0.049999997,0.000000000,0.000000000,0.050000000,-0.000000000,-0.000000003,-0.000000003,0.000000004,0.000000569
19.296471108,TRACKING,,0.001773842,1,-0.000000000,-0.000000001,0.049999999,0.000000000,0.000000000,0.050000000,0.000000000,-0.000000001,-0.000000001,0.000000002,0.000000206
19.306530004,TRACKING,,0.000612652,1,-0.000000000,0.000000001,0.050000000,0.000000000,0.000000000,0.050000000,0.000000000,0.000000001,-0.000000000,0.000000001,0.000000129
19.316778870,TRACKING,,0.002363935,1,-0.000000000,0.000000002,0.050000001,0.000000000,0.000000000,0.050000000,0.000000000,0.000000002,0.000000001,0.000000002,0.000000430
19.326583681,TRACKING,,0.001297730,1,-0.000000000,0.000000004,0.050000002,0.000000000,0.000000000,0.050000000,0.000000000,0.000000004,0.000000002,0.000000004,0.000000707
19.336813550,TRACKING,,0.000674392,1,-0.000000000,0.000000000,0.050000002,0.000000000,0.000000000,0.050000000,0.000000000,0.000000000,0.000000002,0.000000002,0.000000096
19.346876008,TRACKING,,0.000075988,1,-0.000000000,-0.000000004,0.050000003,0.000000000,0.000000000,0.050000000,0.000000000,-0.000000004,0.000000003,0.000000005,0.000000735
19.356825671,TRACKING,,0.002210773,1,-0.000000000,-0.000000003,0.050000004,0.000000000,0.000000000,0.050000000,0.000000000,-0.000000003,0.000000004,0.000000005,0.000000646
19.367042479,TRACKING,,0.001515009,1,-0.000000000,-0.000000001,0.050000004,0.000000000,0.000000000,0.050000000,0.000000000,-0.000000001,0.000000004,0.000000005,0.000000294
19.377132245,TRACKING,,0.001040084,1,0.000000000,0.000000000,0.050000000,0.000000000,0.000000000,0.050000000,-0.000000000,0.000000000,0.000000000,0.000000000,0.000000031
19.387220824,TRACKING,,0.000491547,1,0.000000000,0.000000002,0.049999995,0.000000000,0.000000000,0.050000000,-0.000000000,0.000000002,-0.000000005,0.000000005,0.000000328
19.397399638,TRACKING,,0.000118731,1,0.000000000,-0.000000003,0.049999997,0.000000000,0.000000000,0.050000000,-0.000000000,-0.000000003,-0.000000003,0.000000004,0.000000518
19.407488217,TRACKING,,0.002130035,1,0.000000000,-0.000000003,0.049999997,0.000000000,0.000000000,0.050000000,-0.000000000,-0.000000003,-0.000000003,0.000000004,0.000000518
19.417593418,TRACKING,,0.001630178,1,0.000000000,-0.000000001,0.049999998,0.000000000,0.000000000,0.050000000,-0.000000000,-0.000000001,-0.000000002,0.000000002,0.000000173
19.427709305,TRACKING,,0.001057894,1,0.000000000,0.000000001,0.049999999,0.000000000,0.000000000,0.050000000,-0.000000000,0.000000001,-0.000000001,0.000000001,0.000000140
19.437801445,TRACKING,,0.000601966,1,-0.000000000,0.000000002,0.050000000,0.000000000,0.000000000,0.050000000,0.000000000,0.000000002,0.000000000,0.000000002,0.000000428
19.447983822,TRACKING,,0.000033245,1,-0.000000000,0.000000002,0.050000001,0.000000000,0.000000000,0.050000000,0.000000000,0.000000002,0.000000001,0.000000002,0.000000406
19.458070026,TRACKING,,0.001732287,1,-0.000000000,-0.000000002,0.050000002,0.000000000,0.000000000,0.050000000,0.000000000,-0.000000002,0.000000002,0.000000003,0.000000459
19.468254776,TRACKING,,0.000657770,1,-0.000000000,-0.000000005,0.050000003,0.000000000,0.000000000,0.050000000,0.000000000,-0.000000005,0.000000003,0.000000006,0.000000980
19.478275678,TRACKING,,0.002335440,1,-0.000000000,-0.000000003,0.050000003,0.000000000,0.000000000,0.050000000,0.000000000,-0.000000003,0.000000003,0.000000004,0.000000581
19.488350009,TRACKING,,0.001291794,1,-0.000000000,-0.000000001,0.050000004,0.000000000,0.000000000,0.050000000,0.000000000,-0.000000001,0.000000004,0.000000004,0.000000217
19.498385159,TRACKING,,0.000125855,1,-0.000000000,0.000000001,0.050000005,0.000000000,0.000000000,0.050000000,0.000000000,0.000000001,0.000000005,0.000000005,0.000000117
19.508459490,TRACKING,,0.001905634,1,0.000000000,0.000000002,0.050000001,0.000000000,0.000000000,0.050000000,-0.000000000,0.000000002,0.000000001,0.000000002,0.000000421
19.518549256,TRACKING,,0.001013963,1,0.000000000,0.000000002,0.050000001,0.000000000,0.000000000,0.050000000,-0.000000000,0.000000002,0.000000001,0.000000002,0.000000421
19.528694826,TRACKING,,0.000024934,1,0.000000000,0.000000003,0.050000000,0.000000000,0.000000000,0.050000000,-0.000000000,0.000000003,-0.000000000,0.000000003,0.000000692
19.538699105,TRACKING,,0.002023177,1,0.000000000,-0.000000001,0.050000001,0.000000000,0.000000000,0.050000000,-0.000000000,-0.000000001,0.000000001,0.000000001,0.000000234
19.548804306,TRACKING,,0.001336912,1,-0.000000000,-0.000000005,0.050000002,0.000000000,0.000000000,0.050000000,0.000000000,-0.000000005,0.000000002,0.000000006,0.000001055
19.558825208,TRACKING,,0.000594843,1,-0.000000000,-0.000000007,0.050000003,0.000000000,0.000000000,0.050000000,0.000000000,-0.000000007,0.000000003,0.000000008,0.000001503
19.569033705,TRACKING,,0.002523035,1,-0.000000000,-0.000000005,0.050000003,0.000000000,0.000000000,0.050000000,0.000000000,-0.000000005,0.000000003,0.000000006,0.000001073
19.579002366,TRACKING,,0.002025552,1,-0.000000000,-0.000000003,0.050000004,0.000000000,0.000000000,0.050000000,0.000000000,-0.000000003,0.000000004,0.000000005,0.000000680
19.589187116,TRACKING,,0.001459205,1,-0.000000000,-0.000000002,0.050000004,0.000000000,0.000000000,0.050000000,0.000000000,-0.000000002,0.000000004,0.000000005,0.000000325
19.599250762,TRACKING,,0.000914229,1,-0.000000000,0.000000000,0.050000003,0.000000000,0.000000000,0.050000000,0.000000000,0.000000000,0.000000003,0.000000003,0.000000002
19.609265727,TRACKING,,0.000119918,1,0.000000000,0.000000001,0.049999998,0.000000000,0.000000000,0.050000000,-0.000000000,0.000000001,-0.000000002,0.000000002,0.000000299
19.619241511,TRACKING,,0.001856954,1,0.000000000,0.000000003,0.049999996,0.000000000,0.000000000,0.050000000,-0.000000000,0.000000003,-0.000000004,0.000000005,0.000000583
19.629359773,TRACKING,,0.000734945,1,0.000000000,0.000000004,0.049999998,0.000000000,0.000000000,0.050000000,-0.000000000,0.000000004,-0.000000002,0.000000005,0.000000847
19.639393735,TRACKING,,0.002559842,1,0.000000000,0.000000001,0.049999999,0.000000000,0.000000000,0.050000000,-0.000000000,0.000000001,-0.000000001,0.000000001,0.000000202
19.649758957,TRACKING,,0.001428335,1,0.000000000,-0.000000003,0.050000000,0.000000000,0.000000000,0.050000000,-0.000000000,-0.000000003,0.000000000,0.000000003,0.000000677
19.659681312,TRACKING,,0.002962340,1,0.000000000,-0.000000003,0.050000000,0.000000000,0.000000000,0.050000000,-0.000000000,-0.000000003,0.000000000,0.000000003,0.000000677
19.669786513,TRACKING,,0.001511447,1,-0.000000000,-0.000000003,0.050000001,0.000000000,0.000000000,0.050000000,0.000000000,-0.000000003,0.000000001,0.000000003,0.000000607
19.679745675,TRACKING,,0.000888108,1,-0.000000000,-0.000000001,0.050000002,0.000000000,0.000000000,0.050000000,0.000000000,-0.000000001,0.000000002,0.000000002,0.000000244
19.689785574,TRACKING,,0.000230338,1,-0.000000000,0.000000000,0.050000003,0.000000000,0.000000000,0.050000000,0.000000000,0.000000000,0.000000003,0.000000003,0.000000077
19.700309896,TRACKING,,0.002328317,1,-0.000000000,0.000000002,0.050000003,0.000000000,0.000000000,0.050000000,0.000000000,0.000000002,0.000000003,0.000000004,0.000000371
19.710245311,TRACKING,,0.001699042,1,-0.000000000,0.000000003,0.050000004,0.000000000,0.000000000,0.050000000,0.000000000,0.000000003,0.000000004,0.000000005,0.000000639
19.720203286,TRACKING,,0.000506981,1,-0.000000000,0.000000004,0.050000005,0.000000000,0.000000000,0.050000000,0.000000000,0.000000004,0.000000005,0.000000006,0.000000893
19.730814281,TRACKING,,0.002699944,1,0.000000000,0.000000003,0.050000002,0.000000000,0.000000000,0.050000000,-0.000000000,0.000000003,0.000000002,0.000000003,0.000000526
19.740768694,TRACKING,,0.001365407,1,0.000000000,-0.000000002,0.050000000,0.000000000,0.000000000,0.050000000,-0.000000000,-0.000000002,-0.000000000,0.000000002,0.000000395
19.750828777,TRACKING,,0.000676767,1,0.000000000,-0.000000006,0.050000001,0.000000000,0.000000000,0.050000000,-0.000000000,-0.000000006,0.000000001,0.000000006,0.000001226
19.760897171,TRACKING,,0.000053429,1,-0.000000000,-0.000000005,0.050000002,0.000000000,0.000000000,0.050000000,0.000000000,-0.000000005,0.000000002,0.000000006,0.000001100
19.771027306,TRACKING,,0.002151407,1,-0.000000000,-0.000000004,0.050000002,0.000000000,0.000000000,0.050000000,0.000000000,-0.000000004,0.000000002,0.000000004,0.000000709
19.781006652,TRACKING,,0.001517383,1,-0.000000000,-0.000000002,0.050000003,0.000000000,0.000000000,0.050000000,0.000000000,-0.000000002,0.000000003,0.000000004,0.000000351
19.791082170,TRACKING,,0.000981906,1,-0.000000000,-0.000000000,0.050000004,0.000000000,0.000000000,0.050000000,0.000000000,-0.000000000,0.000000004,0.000000004,0.000000024
19.801259797,TRACKING,,0.000439305,1,0.000000000,0.000000001,0.049999998,0.000000000,0.000000000,0.050000000,-0.000000000,0.000000001,-0.000000002,0.000000002,0.000000277
19.811417240,TRACKING,,0.002447047,1,0.000000000,0.000000001,0.049999998,0.000000000,0.000000000,0.050000000,-0.000000000,0.000000001,-0.000000002,0.000000002,0.000000277
19.821502257,TRACKING,,0.001396277,1,0.000000000,0.000000003,0.050000000,0.000000000,0.000000000,0.050000000,-0.000000000,0.000000003,-0.000000000,0.000000003,0.000000556
19.831489914,TRACKING,,0.000302765,1,0.000000000,0.000000004,0.050000001,0.000000000,0.000000000,0.050000000,-0.000000000,0.000000004,0.000000001,0.000000004,0.000000821
19.841572556,TRACKING,,0.001964999,1,-0.000000000,-0.000000001,0.050000001,0.000000000,0.000000000,0.050000000,0.000000000,-0.000000001,0.000000001,0.000000002,0.000000116
19.851702691,TRACKING,,0.000896420,1,-0.000000000,-0.000000005,0.050000002,0.000000000,0.000000000,0.050000000,0.000000000,-0.000000005,0.000000002,0.000000005,0.000000970
19.862128466,TRACKING,,0.002623957,1,-0.000000000,-0.000000006,0.050000003,0.000000000,0.000000000,0.050000000,0.000000000,-0.000000006,0.000000003,0.000000006,0.000001152
19.871881035,TRACKING,,0.001537567,1,-0.000000000,-0.000000004,0.050000004,0.000000000,0.000000000,0.050000000,0.000000000,-0.000000004,0.000000004,0.000000005,0.000000739
19.881962490,TRACKING,,0.000442867,1,-0.000000000,-0.000000002,0.050000004,0.000000000,0.000000000,0.050000000,0.000000000,-0.000000002,0.000000004,0.000000005,0.000000361
19.892052256,TRACKING,,0.002196525,1,-0.000000000,-0.000000000,0.050000005,0.000000000,0.000000000,0.050000000,0.000000000,-0.000000000,0.000000005,0.000000005,0.000000017
19.902146771,TRACKING,,0.001139818,1,-0.000000000,0.000000001,0.050000005,0.000000000,0.000000000,0.050000000,0.000000000,0.000000001,0.000000005,0.000000006,0.000000299
19.912232975,TRACKING,,0.000122293,1,0.000000000,0.000000003,0.050000000,0.000000000,0.000000000,0.050000000,-0.000000000,0.000000003,-0.000000000,0.000000003,0.000000585
19.922484216,TRACKING,,0.001989933,1,0.000000000,0.000000003,0.050000000,0.000000000,0.000000000,0.050000000,-0.000000000,0.000000003,-0.000000000,0.000000003,0.000000585
19.932363828,TRACKING,,0.000791936,1,0.000000000,-0.000000002,0.050000001,0.000000000,0.000000000,0.050000000,-0.000000000,-0.000000002,0.000000001,0.000000002,0.000000312
19.942489213,TRACKING,,0.002533721,1,0.000000000,-0.000000006,0.050000002,0.000000000,0.000000000,0.050000000,-0.000000000,-0.000000006,0.000000002,0.000000006,0.000001161
19.952554045,TRACKING,,0.001930567,1,-0.000000000,-0.000000008,0.050000002,0.000000000,0.000000000,0.050000000,0.000000000,-0.000000008,0.000000002,0.000000008,0.000001625
19.962626002,TRACKING,,0.001237178,1,-0.000000000,-0.000000006,0.050000003,0.000000000,0.000000000,0.050000000,0.000000000,-0.000000006,0.000000003,0.000000007,0.000001190
19.972828562,TRACKING,,0.000745631,1,-0.000000000,-0.000000004,0.050000004,0.000000000,0.000000000,0.050000000,0.000000000,-0.000000004,0.000000004,0.000000005,0.000000787
19.982907642,TRACKING,,0.000030870,1,-0.000000000,-0.000000002,0.050000004,0.000000000,0.000000000,0.050000000,0.000000000,-0.000000002,0.000000004,0.000000005,0.000000417
19.992938043,TRACKING,,0.002108664,1,-0.000000000,-0.000000000,0.050000005,0.000000000,0.000000000,0.050000000,0.000000000,-0.000000000,0.000000005,0.000000005,0.000000082
20.003099047,TRACKING,,0.001409337,1,-0.000000000,0.000000001,0.050000005,0.000000000,0.000000000,0.050000000,0.000000000,0.000000001,0.000000005,0.000000005,0.000000227
20.013185251,TRACKING,,0.000774127,1,-0.000000000,0.000000003,0.050000006,0.000000000,0.000000000,0.050000000,0.000000000,0.000000003,0.000000006,0.000000006,0.000000506
20.023267894,TRACKING,,0.000301577,1,0.000000000,-0.000000000,0.050000002,0.000000000,0.000000000,0.050000000,-0.000000000,-0.000000000,0.000000002,0.000000002,0.000000081
20.033398028,TRACKING,,0.002397180,1,0.000000000,-0.000000004,0.050000001,0.000000000,0.000000000,0.050000000,-0.000000000,-0.000000004,0.000000001,0.000000005,0.000000899
20.043442676,TRACKING,,0.001678857,1,0.000000000,-0.000000004,0.050000002,0.000000000,0.000000000,0.050000000,-0.000000000,-0.000000004,0.000000002,0.000000004,0.000000803
20.053515820,TRACKING,,0.001034148,1,0.000000000,-0.000000002,0.050000003,0.000000000,0.000000000,0.050000000,-0.000000000,-0.000000002,0.000000003,0.000000003,0.000000427
20.063605586,TRACKING,,0.000444054,1,-0.000000000,-0.000000000,0.050000003,0.000000000,0.000000000,0.050000000,0.000000000,-0.000000000,0.000000003,0.000000003,0.000000091
20.074004053,TRACKING,,0.000054617,1,-0.000000000,-0.000000000,0.050000003,0.000000000,0.000000000,0.050000000,0.000000000,-0.000000000,0.000000003,0.000000003,0.000000091
20.084326531,TRACKING,,0.002102727,1,-0.000000000,0.000000001,0.050000004,0.000000000,0.000000000,0.050000000,0.000000000,0.000000001,0.000000004,0.000000004,0.000000214
20.094013799,TRACKING,,0.001541129,1,-0.000000000,0.000000002,0.050000004,0.000000000,0.000000000,0.050000000,0.000000000,0.000000002,0.000000004,0.000000005,0.000000497
20.104108314,TRACKING,,0.001066205,1,-0.000000000,-0.000000002,0.050000005,0.000000000,0.000000000,0.050000000,0.000000000,-0.000000002,0.000000005,0.000000005,0.000000367
20.114192144,TRACKING,,0.000289704,1,-0.000000000,-0.000000006,0.050000004,0.000000000,0.000000000,0.050000000,0.000000000,-0.000000006,0.000000004,0.000000007,0.000001157
20.124489689,TRACKING,,0.002145470,1,0.000000000,-0.000000008,0.049999999,0.000000000,0.000000000,0.050000000,-0.000000000,-0.000000008,-0.000000001,0.000000008,0.000001596
20.134336056,TRACKING,,0.001325038,1,0.000000000,-0.000000006,0.049999995,0.000000000,0.000000000,0.050000000,-0.000000000,-0.000000006,-0.000000005,0.000000007,0.000001145
20.144428197,TRACKING,,0.000675580,1,0.000000000,-0.000000004,0.049999997,0.000000000,0.000000000,0.050000000,-0.000000000,-0.000000004,-0.000000003,0.000000005,0.000000750
20.154521525,TRACKING,,0.000233900,1,0.000000000,-0.000000002,0.049999998,0.000000000,0.000000000,0.050000000,-0.000000000,-0.000000002,-0.000000002,0.000000003,0.000000386
20.164833318,TRACKING,,0.002305757,1,0.000000000,-0.000000000,0.049999999,0.000000000,0.000000000,0.050000000,-0.000000000,-0.000000000,-0.000000001,0.000000001,0.000000057
20.174687996,TRACKING,,0.001765531,1,0.000000000,0.000000001,0.050000000,0.000000000,0.000000000,0.050000000,-0.000000000,0.000000001,0.000000000,0.000000001,0.000000248
20.184707711,TRACKING,,0.001075704,1,-0.000000000,0.000000003,0.050000001,0.000000000,0.000000000,0.050000000,0.000000000,0.000000003,0.000000001,0.000000003,0.000000529
20.194728613,TRACKING,,0.000520042,1,-0.000000000,-0.000000000,0.050000002,0.000000000,0.000000000,0.050000000,0.000000000,-0.000000000,0.000000002,0.000000002,0.000000061
20.204783947,TRACKING,,0.000053429,1,-0.000000000,-0.000000004,0.050000003,0.000000000,0.000000000,0.050000000,0.000000000,-0.000000004,0.000000003,0.000000005,0.000000878
20.214860653,TRACKING,,0.002086105,1,-0.000000000,-0.000000008,0.050000003,0.000000000,0.000000000,0.050000000,0.000000000,-0.000000008,0.000000003,0.000000009,0.000001623
20.224924298,TRACKING,,0.000968845,1,-0.000000000,-0.000000007,0.050000004,0.000000000,0.000000000,0.050000000,0.000000000,-0.000000007,0.000000004,0.000000008,0.000001457
20.235060369,TRACKING,,0.002615645,1,-0.000000000,-0.000000007,0.050000004,0.000000000,0.000000000,0.050000000,0.000000000,-0.000000007,0.000000004,0.000000008,0.000001457
20.245116890,TRACKING,,0.001439021,1,-0.000000000,-0.000000005,0.050000004,0.000000000,0.000000000,0.050000000,0.000000000,-0.000000005,0.000000004,0.000000007,0.000001017
20.255448867,TRACKING,,0.000273081,1,-0.000000000,-0.000000003,0.050000005,0.000000000,0.000000000,0.050000000,0.000000000,-0.000000003,0.000000005,0.000000006,0.000000616
20.265374785,TRACKING,,0.004729058,1,-0.000000000,-0.000000001,0.050000004,0.000000000,0.000000000,0.050000000,0.000000000,-0.000000001,0.000000004,0.000000004,0.000000243
20.275403998,TRACKING,,0.000807372,1,0.000000000,0.000000000,0.049999998,0.000000000,0.000000000,0.050000000,-0.000000000,0.000000000,-0.000000002,0.000000002,0.000000098
20.285630304,TRACKING,,0.002572902,1,0.000000000,0.000000002,0.049999996,0.000000000,0.000000000,0.050000000,-0.000000000,0.000000002,-0.000000004,0.000000004,0.000000398
20.295750940,TRACKING,,0.001644425,1,0.000000000,0.000000003,0.049999998,0.000000000,0.000000000,0.050000000,-0.000000000,0.000000003,-0.000000002,0.000000004,0.000000678
20.305805087,TRACKING,,0.000144851,1,0.000000000,0.000000005,0.049999999,0.000000000,0.000000000,0.050000000,-0.000000000,0.000000005,-0.000000001,0.000000005,0.000000937
20.315900790,TRACKING,,0.001923443,1,0.000000000,0.000000001,0.050000000,0.000000000,0.000000000,0.050000000,-0.000000000,0.000000001,0.000000000,0.000000001,0.000000285
20.325997679,TRACKING,,0.000688640,1,-0.000000000,-0.000000003,0.050000001,0.000000000,0.000000000,0.050000000,0.000000000,-0.000000003,0.000000001,0.000000003,0.000000615
20.335993648,TRACKING,,0.002108664,1,-0.000000000,-0.000000003,0.050000001,0.000000000,0.000000000,0.050000000,0.000000000,-0.000000003,0.000000001,0.000000003,0.000000615
20.346115471,TRACKING,,0.001335724,1,-0.000000000,-0.000000007,0.050000002,0.000000000,0.000000000,0.050000000,0.000000000,-0.000000007,0.000000002,0.000000007,0.000001442
20.356211174,TRACKING,,0.000797873,1,-0.000000000,-0.000000005,0.050000003,0.000000000,0.000000000,0.050000000,0.000000000,-0.000000005,0.000000003,0.000000006,0.000001016
20.366297378,TRACKING,,0.000302764,1,-0.000000000,-0.000000003,0.050000003,0.000000000,0.000000000,0.050000000,0.000000000,-0.000000003,0.000000003,0.000000005,0.000000634
20.376410890,TRACKING,,0.002412615,1,-0.000000000,-0.000000001,0.050000004,0.000000000,0.000000000,0.050000000,0.000000000,-0.000000001,0.000000004,0.000000004,0.000000284
20.386447227,TRACKING,,0.001469891,1,-0.000000000,0.000000000,0.050000003,0.000000000,0.000000000,0.050000000,0.000000000,0.000000000,0.000000003,0.000000003,0.000000039
20.396540555,TRACKING,,0.000064115,1,0.000000000,0.000000002,0.049999997,0.000000000,0.000000000,0.050000000,-0.000000000,0.000000002,-0.000000003,0.000000003,0.000000354
20.406623197,TRACKING,,0.001843894,1,0.000000000,0.000000003,0.049999996,0.000000000,0.000000000,0.050000000,-0.000000000,0.000000003,-0.000000004,0.000000005,0.000000639
20.416747395,TRACKING,,0.000723072,1,0.000000000,0.000000004,0.049999997,0.000000000,0.000000000,0.050000000,-0.000000000,0.000000004,-0.000000003,0.000000005,0.000000899
20.426882279,TRACKING,,0.002483854,1,0.000000000,0.000000001,0.049999998,0.000000000,0.000000000,0.050000000,-0.000000000,0.000000001,-0.000000002,0.000000002,0.000000246
20.436936425,TRACKING,,0.001532818,1,0.000000000,-0.000000003,0.050000000,0.000000000,0.000000000,0.050000000,-0.000000000,-0.000000003,-0.000000000,0.000000003,0.000000634
20.447017880,TRACKING,,0.000430994,1,-0.000000000,-0.000000003,0.050000001,0.000000000,0.000000000,0.050000000,0.000000000,-0.000000003,0.000000001,0.000000003,0.000000555
20.457061341,TRACKING,,0.002049298,1,-0.000000000,-0.000000003,0.050000001,0.000000000,0.000000000,0.050000000,0.000000000,-0.000000003,0.000000001,0.000000003,0.000000555
20.467204536,TRACKING,,0.000986655,1,-0.000000000,-0.000000001,0.050000001,0.000000000,0.000000000,0.050000000,0.000000000,-0.000000001,0.000000001,0.000000002,0.000000194
20.477449840,TRACKING,,0.000048680,1,-0.000000000,0.000000001,0.050000002,0.000000000,0.000000000,0.050000000,0.000000000,0.000000001,0.000000002,0.000000002,0.000000136
20.487536044,TRACKING,,0.001759595,1,-0.000000000,0.000000002,0.050000003,0.000000000,0.000000000,0.050000000,0.000000000,0.000000002,0.000000003,0.000000004,0.000000439
20.497637683,TRACKING,,0.000692202,1,-0.000000000,0.000000004,0.050000004,0.000000000,0.000000000,0.050000000,0.000000000,0.000000004,0.000000004,0.000000005,0.000000716
20.507782065,TRACKING,,0.002386494,1,-0.000000000,0.000000005,0.050000001,0.000000000,0.000000000,0.050000000,0.000000000,0.000000005,0.000000001,0.000000005,0.000000967
20.517925260,TRACKING,,0.001311978,1,0.000000000,0.000000003,0.049999996,0.000000000,0.000000000,0.050000000,-0.000000000,0.000000003,-0.000000004,0.000000005,0.000000598
20.527873736,TRACKING,,0.000352632,1,0.000000000,-0.000000002,0.049999994,0.000000000,0.000000000,0.050000000,-0.000000000,-0.000000002,-0.000000006,0.000000006,0.000000314
20.537925508,TRACKING,,0.002264202,1,0.000000000,-0.000000001,0.049999996,0.000000000,0.000000000,0.050000000,-0.000000000,-0.000000001,-0.000000004,0.000000004,0.000000265
20.547933350,TRACKING,,0.001862890,1,0.000000000,0.000000000,0.049999997,0.000000000,0.000000000,0.050000000,-0.000000000,0.000000000,-0.000000003,0.000000003,0.000000061
20.558154907,TRACKING,,0.000774126,1,0.000000000,0.000000002,0.049999998,0.000000000,0.000000000,0.050000000,-0.000000000,0.000000002,-0.000000002,0.000000002,0.000000369
20.568254172,TRACKING,,0.002471981,1,0.000000000,0.000000002,0.049999998,0.000000000,0.000000000,0.050000000,-0.000000000,0.000000002,-0.000000002,0.000000002,0.000000369
20.578329690,TRACKING,,0.001661047,1,-0.000000000,0.000000003,0.050000000,0.000000000,0.000000000,0.050000000,0.000000000,0.000000003,-0.000000000,0.000000003,0.000000648
20.588412332,TRACKING,,0.000732570,1,-0.000000000,0.000000004,0.050000001,0.000000000,0.000000000,0.050000000,0.000000000,0.000000004,0.000000001,0.000000005,0.000000900
20.598840481,TRACKING,,0.002412615,1,-0.000000000,-0.000000000,0.050000001,0.000000000,0.000000000,0.050000000,0.000000000,-0.000000000,0.000000001,0.000000001,0.000000025
20.608587115,TRACKING,,0.001334537,1,-0.000000000,-0.000000004,0.050000002,0.000000000,0.000000000,0.050000000,0.000000000,-0.000000004,0.000000002,0.000000005,0.000000887
20.618708938,TRACKING,,0.000155538,1,-0.000000000,-0.000000005,0.050000003,0.000000000,0.000000000,0.050000000,0.000000000,-0.000000005,0.000000003,0.000000006,0.000001073
20.628797517,TRACKING,,0.001830833,1,-0.000000000,-0.000000003,0.050000004,0.000000000,0.000000000,0.050000000,0.000000000,-0.000000003,0.000000004,0.000000005,0.000000666
20.638914591,TRACKING,,0.000708824,1,-0.000000000,-0.000000001,0.050000001,0.000000000,0.000000000,0.050000000,0.000000000,-0.000000001,0.000000001,0.000000002,0.000000291
20.649045913,TRACKING,,0.002456545,1,0.000000000,0.000000000,0.049999996,0.000000000,0.000000000,0.050000000,-0.000000000,0.000000000,-0.000000004,0.000000004,0.000000048
20.659079875,TRACKING,,0.001474640,1,0.000000000,0.000000002,0.049999996,0.000000000,0.000000000,0.050000000,-0.000000000,0.000000002,-0.000000004,0.000000005,0.000000357
20.670417505,TRACKING,,0.003772086,1,0.000000000,0.000000002,0.049999996,0.000000000,0.000000000,0.050000000,-0.000000000,0.000000002,-0.000000004,0.000000005,0.000000357
20.680451467,TRACKING,,0.000867924,1,0.000000000,0.000000003,0.049999998,0.000000000,0.000000000,0.050000000,-0.000000000,0.000000003,-0.000000002,0.000000004,0.000000697
20.690455746,TRACKING,,0.000054617,1,0.000000000,0.000000003,0.049999999,0.000000000,0.000000000,0.050000000,-0.000000000,0.000000003,-0.000000001,0.000000003,0.000000648
20.700796035,TRACKING,,0.002170404,1,-0.000000000,-0.000000001,0.050000000,0.000000000,0.000000000,0.050000000,0.000000000,-0.000000001,-0.000000000,0.000000001,0.000000250
20.710685145,TRACKING,,0.001612368,1,-0.000000000,-0.000000005,0.050000001,0.000000000,0.000000000,0.050000000,0.000000000,-0.000000005,0.000000001,0.000000005,0.000001045
20.720779661,TRACKING,,0.001126758,1,-0.000000000,-0.000000007,0.050000002,0.000000000,0.000000000,0.050000000,0.000000000,-0.000000007,0.000000002,0.000000008,0.000001497
20.730840931,TRACKING,,0.000203030,1,-0.000000000,-0.000000005,0.050000002,0.000000000,0.000000000,0.050000000,0.000000000,-0.000000005,0.000000002,0.000000006,0.000001076
20.740928323,TRACKING,,0.001969748,1,-0.000000000,-0.000000003,0.050000003,0.000000000,0.000000000,0.050000000,0.000000000,-0.000000003,0.000000003,0.000000004,0.000000576
20.750920729,TRACKING,,0.001436646,1,-0.000000000,-0.000000001,0.050000004,0.000000000,0.000000000,0.050000000,0.000000000,-0.000000001,0.000000004,0.000000004,0.000000223
20.761091232,TRACKING,,0.000656582,1,-0.000000000,0.000000000,0.050000004,0.000000000,0.000000000,0.050000000,0.000000000,0.000000000,0.000000004,0.000000004,0.000000098
20.771178624,TRACKING,,0.000029683,1,-0.000000000,0.000000000,0.050000004,0.000000000,0.000000000,0.050000000,0.000000000,0.000000000,0.000000004,0.000000004,0.000000098
20.781296885,TRACKING,,0.001809461,1,-0.000000000,0.000000002,0.050000005,0.000000000,0.000000000,0.050000000,0.000000000,0.000000002,0.000000005,0.000000005,0.000000388
20.791343908,TRACKING,,0.000960534,1,0.000000000,0.000000003,0.049999999,0.000000000,0.000000000,0.050000000,-0.000000000,0.000000003,-0.000000001,0.000000003,0.000000669
20.801475230,TRACKING,,0.000037994,1,0.000000000,0.000000005,0.049999994,0.000000000,0.000000000,0.050000000,-0.000000000,0.000000005,-0.000000006,0.000000007,0.000000919
20.811540062,TRACKING,,0.001650362,1,0.000000000,0.000000004,0.049999991,0.000000000,0.000000000,0.050000000,-0.000000000,0.000000004,-0.000000009,0.000000010,0.000000852
20.821632203,TRACKING,,0.000594843,1,0.000000000,-0.000000000,0.049999993,0.000000000,0.000000000,0.050000000,-0.000000000,-0.000000000,-0.000000007,0.000000007,0.000000085
20.831583053,TRACKING,,0.002599023,1,0.000000000,-0.000000005,0.049999995,0.000000000,0.000000000,0.050000000,-0.000000000,-0.000000005,-0.000000005,0.000000007,0.000000935
20.841638387,TRACKING,,0.001995869,1,0.000000000,-0.000000006,0.049999996,0.000000000,0.000000000,0.050000000,-0.000000000,-0.000000006,-0.000000004,0.000000007,0.000001113
20.852038041,TRACKING,,0.001412900,1,0.000000000,-0.000000004,0.049999998,0.000000000,0.000000000,0.050000000,-0.000000000,-0.000000004,-0.000000002,0.000000004,0.000000720
20.861848789,TRACKING,,0.000445242,1,-0.000000000,-0.000000002,0.049999999,0.000000000,0.000000000,0.050000000,0.000000000,-0.000000002,-0.000000001,0.000000002,0.000000349
20.872271002,TRACKING,,0.000029683,1,-0.000000000,-0.000000000,0.050000000,0.000000000,0.000000000,0.050000000,0.000000000,-0.000000000,-0.000000000,0.000000000,0.000000020
20.882194545,TRACKING,,0.002261826,1,-0.000000000,0.000000001,0.050000001,0.000000000,0.000000000,0.050000000,0.000000000,0.000000001,0.000000001,0.000000002,0.000000278
20.892268876,TRACKING,,0.001098262,1,-0.000000000,0.000000003,0.050000002,0.000000000,0.000000000,0.050000000,0.000000000,0.000000003,0.000000002,0.000000003,0.000000565
20.902447690,TRACKING,,0.000129417,1,-0.000000000,0.000000004,0.050000003,0.000000000,0.000000000,0.050000000,0.000000000,0.000000004,0.000000003,0.000000005,0.000000831
20.912485214,TRACKING,,0.001805899,1,-0.000000000,0.000000004,0.050000003,0.000000000,0.000000000,0.050000000,0.000000000,0.000000004,0.000000003,0.000000005,0.000000831
20.922620098,TRACKING,,0.000693389,1,-0.000000000,-0.000000001,0.050000003,0.000000000,0.000000000,0.050000000,0.000000000,-0.000000001,0.000000003,0.000000003,0.000000104
20.932769230,TRACKING,,0.002295072,1,-0.000000000,-0.000000005,0.050000004,0.000000000,0.000000000,0.050000000,0.000000000,-0.000000005,0.000000004,0.000000006,0.000000959
20.942877992,TRACKING,,0.001406963,1,-0.000000000,-0.000000009,0.050000004,0.000000000,0.000000000,0.050000000,0.000000000,-0.000000009,0.000000004,0.000000010,0.000001739
20.953272897,TRACKING,,0.002680948,1,-0.000000000,-0.000000011,0.050000003,0.000000000,0.000000000,0.050000000,0.000000000,-0.000000011,0.000000003,0.000000011,0.000002155
20.963224935,TRACKING,,0.001391528,1,-0.000000001,0.000015063,0.049999998,0.000000000,0.000000000,0.050000000,0.000000001,0.000015063,-0.000000002,0.000015063,0.000001639
20.973256523,TRACKING,,0.000637586,1,-0.000000001,0.000014885,0.049999996,0.000000000,0.000000000,0.050000000,0.000000001,0.000014885,-0.000000004,0.000014885,0.000001201
20.983284549,TRACKING,,0.000138916,1,-0.000000001,0.000014361,0.049999997,0.000000000,0.000000000,0.050000000,0.000000001,0.000014361,-0.000000003,0.000014361,0.000000857
20.993417058,TRACKING,,0.002271325,1,-0.000000006,0.000057115,0.049999998,0.000000000,0.000000000,0.050000000,0.000000006,0.000057115,-0.000000002,0.000057115,0.000000617
21.003549567,TRACKING,,0.001691918,1,-0.000000005,0.000055501,0.049999999,0.000000000,0.000000000,0.050000000,0.000000005,0.000055501,-0.000000001,0.000055501,0.000000766
21.013644082,TRACKING,,0.001013963,1,-0.000000005,0.000053013,0.050000000,0.000000000,0.000000000,0.050000000,0.000000005,0.000053013,0.000000000,0.000053013,0.000001281
21.023761156,TRACKING,,0.000541414,1,-0.000000005,0.000049873,0.050000001,0.000000000,0.000000000,0.050000000,0.000000005,0.000049873,0.000000001,0.000049873,0.000001953
21.033861608,TRACKING,,0.000030870,1,-0.000000005,0.000049873,0.050000001,0.000000000,0.000000000,0.050000000,0.000000005,0.000049873,0.000000001,0.000049873,0.000001953
21.043940688,TRACKING,,0.001902072,1,-0.000000012,0.000118586,0.050000002,0.000000000,0.000000000,0.050000000,0.000000012,0.000118586,0.000000002,0.000118586,0.000002635
21.054034016,TRACKING,,0.000869112,1,-0.000000011,0.000114930,0.050000003,0.000000000,0.000000000,0.050000000,0.000000011,0.000114930,0.000000003,0.000114930,0.000003327
21.064168900,TRACKING,,0.002553905,1,-0.000000011,0.000108816,0.050000002,0.000000000,0.000000000,0.050000000,0.000000011,0.000108816,0.000000002,0.000108816,0.000004579
21.074215923,TRACKING,,0.001579123,1,-0.000000020,0.000201377,0.049999997,0.000000000,0.000000000,0.050000000,0.000000020,0.000201377,-0.000000003,0.000201377,0.000006181
21.084308063,TRACKING,,0.000345508,1,-0.000000019,0.000192989,0.049999993,0.000000000,0.000000000,0.050000000,0.000000019,0.000192989,-0.000000007,0.000192989,0.000007988
21.094365772,TRACKING,,0.002012491,1,-0.000000018,0.000181577,0.049999995,0.000000000,0.000000000,0.050000000,0.000000018,0.000181577,-0.000000005,0.000181577,0.000010159
21.104840227,TRACKING,,0.003830265,1,-0.000000029,0.000295681,0.049999996,0.000000000,0.000000000,0.050000000,0.000000029,0.000295681,-0.000000004,0.000295681,0.000012456
21.114564301,TRACKING,,0.001003278,1,-0.000000028,0.000281942,0.049999998,0.000000000,0.000000000,0.050000000,0.000000028,0.000281942,-0.000000002,0.000281942,0.000015178
21.124830976,TRACKING,,0.000048680,1,-0.000000026,0.000263694,0.049999999,0.000000000,0.000000000,0.050000000,0.000000027,0.000263694,-0.000000001,0.000263694,0.000018652
21.134898183,TRACKING,,0.001795214,1,-0.000000040,0.000397605,0.050000000,0.000000000,0.000000000,0.050000000,0.000000040,0.000397605,-0.000000000,0.000397605,0.000022042
21.144955892,TRACKING,,0.000886921,1,-0.000000038,0.000375215,0.050000000,0.000000000,0.000000000,0.050000000,0.000000038,0.000375215,0.000000000,0.000375215,0.000026133
21.154920990,TRACKING,,0.000396562,1,-0.000000036,0.000350429,0.050000001,0.000000000,0.000000000,0.050000000,0.000000036,0.000350429,0.000000001,0.000350429,0.000030396
21.164949016,TRACKING,,0.002263014,1,-0.000000036,0.000350429,0.050000001,0.000000000,0.000000000,0.050000000,0.000000036,0.000350429,0.000000001,0.000350429,0.000030396
21.175095773,TRACKING,,0.001114884,1,-0.000000051,0.000502934,0.050000002,0.000000000,0.000000000,0.050000000,0.000000052,0.000502934,0.000000002,0.000502934,0.000034936
21.185281711,TRACKING,,0.000036807,1,-0.000000049,0.000473592,0.050000002,0.000000000,0.000000000,0.050000000,0.000000049,0.000473592,0.000000002,0.000473592,0.000039904
21.195352480,TRACKING,,0.001770280,1,-0.000000047,0.000440199,0.050000001,0.000000000,0.000000000,0.050000000,0.000000047,0.000440199,0.000000001,0.000440199,0.000045489
21.205365071,TRACKING,,0.000571096,1,-0.000000064,0.000608078,0.049999995,0.000000000,0.000000000,0.050000000,0.000000064,0.000608078,-0.000000005,0.000608078,0.000051129
21.215444151,TRACKING,,0.002139534,1,-0.000000061,0.000568831,0.049999992,0.000000000,0.000000000,0.050000000,0.000000061,0.000568831,-0.000000008,0.000568831,0.000057036
21.225545790,TRACKING,,0.001027024,1,-0.000000058,0.000526419,0.049999993,0.000000000,0.000000000,0.050000000,0.000000059,0.000526419,-0.000000007,0.000526419,0.000063046
21.235769722,TRACKING,,0.000034432,1,-0.000000078,0.000710521,0.049999993,0.000000000,0.000000000,0.050000000,0.000000079,0.000710521,-0.000000006,0.000710521,0.000069370
21.245842865,TRACKING,,0.001803525,1,-0.000000075,0.000662530,0.049999993,0.000000000,0.000000000,0.050000000,0.000000076,0.000662530,-0.000000006,0.000662530,0.000076189
21.255825774,TRACKING,,0.000810933,1,-0.000000072,0.000611924,0.049999993,0.000000000,0.000000000,0.050000000,0.000000073,0.000611924,-0.000000007,0.000611924,0.000082653
21.266110258,TRACKING,,0.002464857,1,-0.000000072,0.000611924,0.049999993,0.000000000,0.000000000,0.050000000,0.000000073,0.000611924,-0.000000007,0.000611924,0.000082653
21.276077731,TRACKING,,0.001327414,1,-0.000000094,0.000811466,0.049999993,0.000000000,0.000000000,0.050000000,0.000000095,0.000811466,-0.000000007,0.000811466,0.000088832
21.286150875,TRACKING,,0.000246961,1,-0.000000091,0.000759612,0.049999992,0.000000000,0.000000000,0.050000000,0.000000092,0.000759612,-0.000000007,0.000759612,0.000094008
21.296234704,TRACKING,,0.001980435,1,-0.000000088,0.000699692,0.049999991,0.000000000,0.000000000,0.050000000,0.000000089,0.000699692,-0.000000009,0.000699692,0.000100894
21.306330407,TRACKING,,0.000823994,1,-0.000000112,0.000913069,0.049999990,0.000000000,0.000000000,0.050000000,0.000000114,0.000913069,-0.000000010,0.000913069,0.000107739
21.316417798,TRACKING,,0.002539657,1,-0.000000109,0.000847397,0.049999988,0.000000000,0.000000000,0.050000000,0.000000111,0.000847397,-0.000000012,0.000847397,0.000115083
21.326477881,TRACKING,,0.001441395,1,-0.000000107,0.000778283,0.049999986,0.000000000,0.000000000,0.050000000,0.000000108,0.000778283,-0.000000014,0.000778283,0.000122829
21.336492847,TRACKING,,0.000423870,1,-0.000000133,0.001006122,0.049999983,0.000000000,0.000000000,0.050000000,0.000000135,0.001006122,-0.000000016,0.001006122,0.000129979
21.346656226,TRACKING,,0.002203648,1,-0.000000131,0.000932371,0.049999980,0.000000000,0.000000000,0.050000000,0.000000133,0.000932371,-0.000000019,0.000932371,0.000137527
21.356582143,TRACKING,,0.001814210,1,-0.000000129,0.000858529,0.049999977,0.000000000,0.000000000,0.050000000,0.000000131,0.000858529,-0.000000022,0.000858529,0.000144889
21.366708716,TRACKING,,0.001300105,1,-0.000000158,0.001104887,0.049999974,0.000000000,0.000000000,0.050000000,0.000000161,0.001104887,-0.000000025,0.001104887,0.000150916
21.376837663,TRACKING,,0.000756317,1,-0.000000156,0.001025264,0.049999965,0.000000000,0.000000000,0.050000000,0.000000159,0.001025264,-0.000000035,0.001025264,0.000158443
21.386864501,TRACKING,,0.002513537,1,-0.000000156,0.001025264,0.049999965,0.000000000,0.000000000,0.050000000,0.000000159,0.001025264,-0.000000035,0.001025264,0.000158443
21.396968515,TRACKING,,0.001352347,1,-0.000000154,0.000940024,0.049999955,0.000000000,0.000000000,0.050000000,0.000000157,0.000940024,-0.000000044,0.000940024,0.000165895
21.407059468,TRACKING,,0.000346694,1,-0.000000186,0.001191673,0.049999945,0.000000000,0.000000000,0.050000000,0.000000190,0.001191673,-0.000000054,0.001191673,0.000173206
21.417158733,TRACKING,,0.001981621,1,-0.000000185,0.001099424,0.049999935,0.000000000,0.000000000,0.050000000,0.000000189,0.001099424,-0.000000064,0.001099424,0.000181038
21.427240188,TRACKING,,0.000733758,1,-0.000000185,0.001001920,0.049999925,0.000000000,0.000000000,0.050000000,0.000000188,0.001001920,-0.000000074,0.001001920,0.000189553
21.437381008,TRACKING,,0.002480292,1,-0.000000220,0.001261853,0.049999915,0.000000000,0.000000000,0.050000000,0.000000224,0.001261853,-0.000000084,0.001261853,0.000198280
21.447367478,TRACKING,,0.001395090,1,-0.000000220,0.001160608,0.049999905,0.000000000,0.000000000,0.050000000,0.000000224,0.001160608,-0.000000094,0.001160608,0.000206409
21.457509486,TRACKING,,0.000210154,1,-0.000000221,0.001056295,0.049999895,0.000000000,0.000000000,0.050000000,0.000000225,0.001056295,-0.000000104,0.001056295,0.000214551
21.467590940,TRACKING,,0.001913945,1,-0.000000259,0.001329632,0.049999884,0.000000000,0.000000000,0.050000000,0.000000264,0.001329632,-0.000000114,0.001329632,0.000222156
21.477569099,TRACKING,,0.000211342,1,-0.000000260,0.001214490,0.049999873,0.000000000,0.000000000,0.050000000,0.000000265,0.001214490,-0.000000125,0.001214490,0.000229812
21.487764536,TRACKING,,0.002302196,1,-0.000000260,0.001214490,0.049999873,0.000000000,0.000000000,0.050000000,0.000000265,0.001214490,-0.000000125,0.001214490,0.000229812
21.497905356,TRACKING,,0.001759594,1,-0.000000262,0.001107513,0.049999863,0.000000000,0.000000000,0.050000000,0.000000266,0.001107513,-0.000000136,0.001107513,0.000236756
21.507974938,TRACKING,,0.000968845,1,-0.000000303,0.001399510,0.049999858,0.000000000,0.000000000,0.050000000,0.000000309,0.001399510,-0.000000140,0.001399510,0.000243215
21.518089637,TRACKING,,0.000548537,1,-0.000000305,0.001287323,0.049999846,0.000000000,0.000000000,0.050000000,0.000000311,0.001287323,-0.000000152,0.001287323,0.000250230
21.528148533,TRACKING,,0.000073613,1,-0.000000308,0.001173870,0.049999834,0.000000000,0.000000000,0.050000000,0.000000314,0.001173870,-0.000000164,0.001173870,0.000257520
21.538277480,TRACKING,,0.002211960,1,-0.000000353,0.001478702,0.049999822,0.000000000,0.000000000,0.050000000,0.000000359,0.001478702,-0.000000176,0.001478702,0.000264234
21.548439672,TRACKING,,0.001393903,1,-0.000000356,0.001365025,0.049999812,0.000000000,0.000000000,0.050000000,0.000000362,0.001365025,-0.000000186,0.001365025,0.000270191
21.558308598,TRACKING,,0.000423870,1,-0.000000359,0.001245296,0.049999806,0.000000000,0.000000000,0.050000000,0.000000365,0.001245296,-0.000000193,0.001245297,0.000276152
21.568362745,TRACKING,,0.002561029,1,-0.000000406,0.001559106,0.049999798,0.000000000,0.000000000,0.050000000,0.000000414,0.001559106,-0.000000200,0.001559106,0.000281946
21.578504753,TRACKING,,0.001932941,1,-0.000000410,0.001440434,0.049999790,0.000000000,0.000000000,0.050000000,0.000000417,0.001440434,-0.000000208,0.001440434,0.000287191
21.588586207,TRACKING,,0.001441395,1,-0.000000415,0.001320945,0.049999782,0.000000000,0.000000000,0.050000000,0.000000421,0.001320945,-0.000000216,0.001320945,0.000292036
21.598705656,TRACKING,,0.000803810,1,-0.000000463,0.001654226,0.049999773,0.000000000,0.000000000,0.050000000,0.000000471,0.001654226,-0.000000224,0.001654226,0.000295793
21.608986579,TRACKING,,0.000046305,1,-0.000000463,0.001533211,0.049999764,0.000000000,0.000000000,0.050000000,0.000000471,0.001533211,-0.000000234,0.001533211,0.000300185
21.619051412,TRACKING,,0.001846268,1,-0.000000462,0.001405147,0.049999753,0.000000000,0.000000000,0.050000000,0.000000470,0.001405147,-0.000000245,0.001405147,0.000304038
21.629160175,TRACKING,,0.000733757,1,-0.000000507,0.001750688,0.049999743,0.000000000,0.000000000,0.050000000,0.000000516,0.001750688,-0.000000254,0.001750688,0.000306393
21.639226194,TRACKING,,0.002438736,1,-0.000000507,0.001750688,0.049999743,0.000000000,0.000000000,0.050000000,0.000000516,0.001750688,-0.000000254,0.001750688,0.000306393
21.649310024,TRACKING,,0.001452081,1,-0.000000508,0.001622982,0.049999732,0.000000000,0.000000000,0.050000000,0.000000516,0.001622982,-0.000000265,0.001622982,0.000309610
21.659386729,TRACKING,,0.000201843,1,-0.000000509,0.001493319,0.049999720,0.000000000,0.000000000,0.050000000,0.000000517,0.001493319,-0.000000277,0.001493319,0.000313004
21.669504991,TRACKING,,0.001389154,1,-0.000000560,0.001837980,0.049999707,0.000000000,0.000000000,0.050000000,0.000000570,0.001837980,-0.000000290,0.001837980,0.000317010
21.679898708,TRACKING,,0.002525409,1,-0.000000563,0.001701668,0.049999694,0.000000000,0.000000000,0.050000000,0.000000572,0.001701668,-0.000000303,0.001701668,0.000319634
21.689625157,TRACKING,,0.001573187,1,-0.000000567,0.001565405,0.049999680,0.000000000,0.000000000,0.050000000,0.000000575,0.001565405,-0.000000317,0.001565406,0.000322982
21.699739857,TRACKING,,0.000873860,1,-0.000000619,0.001939314,0.049999668,0.000000000,0.000000000,0.050000000,0.000000629,0.001939314,-0.000000329,0.001939314,0.000325082
21.709871178,TRACKING,,0.002654826,1,-0.000000623,0.001806029,0.049999654,0.000000000,0.000000000,0.050000000,0.000000633,0.001806029,-0.000000343,0.001806029,0.000327499
21.719905141,TRACKING,,0.001778592,1,-0.000000627,0.001673101,0.049999641,0.000000000,0.000000000,0.050000000,0.000000636,0.001673101,-0.000000356,0.001673101,0.000329170
21.729999656,TRACKING,,0.000542601,1,-0.000000679,0.002059216,0.049999629,0.000000000,0.000000000,0.050000000,0.000000691,0.002059216,-0.000000368,0.002059216,0.000329577
21.740073987,TRACKING,,0.002296259,1,-0.000000679,0.002059216,0.049999629,0.000000000,0.000000000,0.050000000,0.000000691,0.002059216,-0.000000368,0.002059216,0.000329577
21.750234991,TRACKING,,0.000993779,1,-0.000000678,0.001926232,0.049999621,0.000000000,0.000000000,0.050000000,0.000000688,0.001926232,-0.000000375,0.001926233,0.000331014
21.761166561,TRACKING,,0.003621298,1,-0.000000679,0.001785200,0.049999611,0.000000000,0.000000000,0.050000000,0.000000689,0.001785200,-0.000000386,0.001785200,0.000332888
21.771059233,TRACKING,,0.001701417,1,-0.000000731,0.002170753,0.049999601,0.000000000,0.000000000,0.050000000,0.000000743,0.002170753,-0.000000395,0.002170754,0.000333382
21.781004147,TRACKING,,0.001994682,1,-0.000000733,0.002018072,0.049999590,0.000000000,0.000000000,0.050000000,0.000000745,0.002018072,-0.000000407,0.002018072,0.000334419
21.791239952,TRACKING,,0.001582685,1,-0.000000736,0.001885863,0.049999579,0.000000000,0.000000000,0.050000000,0.000000746,0.001885863,-0.000000418,0.001885863,0.000335341
21.801307159,TRACKING,,0.000946287,1,-0.000000790,0.002299321,0.049999569,0.000000000,0.000000000,0.050000000,0.000000802,0.002299321,-0.000000427,0.002299321,0.000335173
21.811296004,TRACKING,,0.000306326,1,-0.000000793,0.002167713,0.049999557,0.000000000,0.000000000,0.050000000,0.000000805,0.002167713,-0.000000439,0.002167713,0.000335841
21.821416640,TRACKING,,0.002426863,1,-0.000000791,0.002036525,0.049999545,0.000000000,0.000000000,0.050000000,0.000000803,0.002036525,-0.000000451,0.002036525,0.000336320
21.831473161,TRACKING,,0.001544691,1,-0.000000841,0.002461469,0.049999535,0.000000000,0.000000000,0.050000000,0.000000855,0.002461469,-0.000000461,0.002461470,0.000335334
21.841570051,TRACKING,,0.000421495,1,-0.000000838,0.002327146,0.049999524,0.000000000,0.000000000,0.050000000,0.000000851,0.002327146,-0.000000472,0.002327147,0.000334346
21.851611137,TRACKING,,0.002081355,1,-0.000000838,0.002327146,0.049999524,0.000000000,0.000000000,0.050000000,0.000000851,0.002327146,-0.000000472,0.002327147,0.000334346
21.861750770,TRACKING,,0.001015151,1,-0.000000837,0.002191653,0.049999511,0.000000000,0.000000000,0.050000000,0.000000849,0.002191653,-0.000000485,0.002191654,0.000333936
21.872110056,TRACKING,,0.000040368,1,-0.000000892,0.002621191,0.049999498,0.000000000,0.000000000,0.050000000,0.000000907,0.002621191,-0.000000497,0.002621191,0.000333753
21.882053783,TRACKING,,0.001759594,1,-0.000000893,0.002485267,0.049999485,0.000000000,0.000000000,0.050000000,0.000000906,0.002485267,-0.000000511,0.002485267,0.000333005
21.892142361,TRACKING,,0.000574658,1,-0.000000895,0.002346556,0.049999471,0.000000000,0.000000000,0.050000000,0.000000908,0.002346556,-0.000000525,0.002346556,0.000333013
21.902565761,TRACKING,,0.002293884,1,-0.000000955,0.002783538,0.049999456,0.000000000,0.000000000,0.050000000,0.000000971,0.002783538,-0.000000540,0.002783538,0.000333187
21.912315957,TRACKING,,0.001216993,1,-0.000000955,0.002644630,0.049999444,0.000000000,0.000000000,0.050000000,0.000000970,0.002644630,-0.000000551,0.002644630,0.000333155
21.922417596,TRACKING,,0.000111607,1,-0.000000956,0.002501995,0.049999433,0.000000000,0.000000000,0.050000000,0.000000970,0.002501995,-0.000000562,0.002501995,0.000333667
21.932495488,TRACKING,,0.001866453,1,-0.000001012,0.002950998,0.049999424,0.000000000,0.000000000,0.050000000,0.000001028,0.002950998,-0.000000571,0.002950999,0.000333004
21.942591191,TRACKING,,0.000749193,1,-0.000001011,0.002811105,0.049999414,0.000000000,0.000000000,0.050000000,0.000001027,0.002811105,-0.000000582,0.002811106,0.000332640
21.952647712,TRACKING,,0.002443485,1,-0.000001011,0.002811105,0.049999414,0.000000000,0.000000000,0.050000000,0.000001027,0.002811105,-0.000000582,0.002811106,0.000332640
21.963145913,TRACKING,,0.004573521,1,-0.000001014,0.002668962,0.049999401,0.000000000,0.000000000,0.050000000,0.000001029,0.002668962,-0.000000594,0.002668962,0.000333010
21.973292670,TRACKING,,0.002342564,1,-0.000001077,0.003105307,0.049999386,0.000000000,0.000000000,0.050000000,0.000001094,0.003105307,-0.000000608,0.003105307,0.000333496
21.983363439,TRACKING,,0.001482951,1,-0.000001079,0.002969872,0.049999374,0.000000000,0.000000000,0.050000000,0.000001096,0.002969872,-0.000000621,0.002969872,0.000333061
21.993338036,TRACKING,,0.000212528,1,-0.000001083,0.002825048,0.049999360,0.000000000,0.000000000,0.050000000,0.000001099,0.002825048,-0.000000636,0.002825048,0.000333427
22.003759061,TRACKING,,0.002211959,1,-0.000001143,0.003287429,0.049999344,0.000000000,0.000000000,0.050000000,0.000001161,0.003287429,-0.000000651,0.003287429,0.000334107
22.013497383,TRACKING,,0.001257362,1,-0.000001144,0.003146011,0.049999332,0.000000000,0.000000000,0.050000000,0.000001162,0.003146011,-0.000000663,0.003146012,0.000334414
22.023585962,TRACKING,,0.000079550,1,-0.000001150,0.002995785,0.049999319,0.000000000,0.000000000,0.050000000,0.000001166,0.002995785,-0.000000676,0.002995786,0.000335274
22.033725595,TRACKING,,0.001723975,1,-0.000001213,0.003463233,0.049999308,0.000000000,0.000000000,0.050000000,0.000001232,0.003463233,-0.000000686,0.003463233,0.000334968
22.043803488,TRACKING,,0.000650646,1,-0.000001216,0.003315634,0.049999296,0.000000000,0.000000000,0.050000000,0.000001235,0.003315634,-0.000000699,0.003315634,0.000334865
22.054479785,TRACKING,,0.002859044,1,-0.000001216,0.003315634,0.049999296,0.000000000,0.000000000,0.050000000,0.000001235,0.003315634,-0.000000699,0.003315634,0.000334865
22.064442509,TRACKING,,0.001493637,1,-0.000001223,0.003165963,0.049999282,0.000000000,0.000000000,0.050000000,0.000001240,0.003165963,-0.000000713,0.003165963,0.000334940
22.074464598,TRACKING,,0.000410810,1,-0.000001290,0.003636711,0.049999268,0.000000000,0.000000000,0.050000000,0.000001310,0.003636711,-0.000000726,0.003636711,0.000334726
22.084851192,TRACKING,,0.002089666,1,-0.000001292,0.003485590,0.049999251,0.000000000,0.000000000,0.050000000,0.000001312,0.003485590,-0.000000743,0.003485590,0.000335295
22.094777109,TRACKING,,0.001000902,1,-0.000001297,0.003331947,0.049999235,0.000000000,0.000000000,0.050000000,0.000001316,0.003331947,-0.000000760,0.003331947,0.000336269
22.105001041,TRACKING,,0.000043931,1,-0.000001365,0.003807860,0.049999222,0.000000000,0.000000000,0.050000000,0.000001387,0.003807860,-0.000000772,0.003807860,0.000336911
22.115078934,TRACKING,,0.001847455,1,-0.000001371,0.003654699,0.049999209,0.000000000,0.000000000,0.050000000,0.000001392,0.003654699,-0.000000785,0.003654700,0.000337236
22.125168700,TRACKING,,0.000648271,1,-0.000001377,0.003503066,0.049999196,0.000000000,0.000000000,0.050000000,0.000001396,0.003503066,-0.000000798,0.003503066,0.000337204
22.135286961,TRACKING,,0.002479105,1,-0.000001444,0.003987496,0.049999184,0.000000000,0.000000000,0.050000000,0.000001467,0.003987496,-0.000000810,0.003987496,0.000336590
22.145344670,TRACKING,,0.001471078,1,-0.000001445,0.003835028,0.049999170,0.000000000,0.000000000,0.050000000,0.000001467,0.003835028,-0.000000823,0.003835029,0.000336043
22.155455807,TRACKING,,0.000264770,1,-0.000001448,0.003679646,0.049999161,0.000000000,0.000000000,0.050000000,0.000001468,0.003679646,-0.000000833,0.003679646,0.000336140
22.165659555,TRACKING,,0.001814211,1,-0.000001448,0.003679646,0.049999161,0.000000000,0.000000000,0.050000000,0.000001468,0.003679646,-0.000000833,0.003679646,0.000336140
22.175748134,TRACKING,,0.000866737,1,-0.000001509,0.004171451,0.049999154,0.000000000,0.000000000,0.050000000,0.000001532,0.004171451,-0.000000839,0.004171451,0.000334370
22.185789220,TRACKING,,0.002447047,1,-0.000001509,0.004021347,0.049999146,0.000000000,0.000000000,0.050000000,0.000001532,0.004021347,-0.000000848,0.004021347,0.000332972
22.195736509,TRACKING,,0.001542316,1,-0.000001511,0.003871155,0.049999136,0.000000000,0.000000000,0.050000000,0.000001532,0.003871155,-0.000000858,0.003871156,0.000331919
22.205747912,TRACKING,,0.000961722,1,-0.000001574,0.004372627,0.049999128,0.000000000,0.000000000,0.050000000,0.000001598,0.004372627,-0.000000865,0.004372627,0.000330146
22.215971844,TRACKING,,0.000350257,1,-0.000001574,0.004229362,0.049999117,0.000000000,0.000000000,0.050000000,0.000001597,0.004229362,-0.000000877,0.004229362,0.000328785
22.226332317,TRACKING,,0.002422113,1,-0.000001572,0.004084609,0.049999104,0.000000000,0.000000000,0.050000000,0.000001595,0.004084609,-0.000000889,0.004084609,0.000327777
22.236086074,TRACKING,,0.001827271,1,-0.000001634,0.004595925,0.049999096,0.000000000,0.000000000,0.050000000,0.000001659,0.004595925,-0.000000896,0.004595925,0.000326219
22.246066607,TRACKING,,0.000788375,1,-0.000001631,0.004450267,0.049999091,0.000000000,0.000000000,0.050000000,0.000001656,0.004450267,-0.000000902,0.004450268,0.000324670
22.256354654,TRACKING,,0.002542032,1,-0.000001635,0.004298034,0.049999081,0.000000000,0.000000000,0.050000000,0.000001658,0.004298034,-0.000000912,0.004298035,0.000323807
22.266195085,TRACKING,,0.001460392,1,-0.000001694,0.004806653,0.049999073,0.000000000,0.000000000,0.050000000,0.000001719,0.004806653,-0.000000919,0.004806653,0.000321786
22.276205301,TRACKING,,0.000340758,1,-0.000001694,0.004653277,0.049999060,0.000000000,0.000000000,0.050000000,0.000001719,0.004653277,-0.000000932,0.004653278,0.000321197
22.286232139,TRACKING,,0.002021990,1,-0.000001694,0.004653277,0.049999060,0.000000000,0.000000000,0.050000000,0.000001719,0.004653277,-0.000000932,0.004653278,0.000321197
22.296340902,TRACKING,,0.000956972,1,-0.000001692,0.004501997,0.049999049,0.000000000,0.000000000,0.050000000,0.000001716,0.004501997,-0.000000944,0.004501997,0.000320230
22.306645571,TRACKING,,0.002684509,1,-0.000001759,0.005006817,0.049999035,0.000000000,0.000000000,0.050000000,0.000001785,0.005006817,-0.000000956,0.005006817,0.000319435
22.316499063,TRACKING,,0.001539942,1,-0.000001757,0.004853377,0.049999026,0.000000000,0.000000000,0.050000000,0.000001782,0.004853377,-0.000000966,0.004853377,0.000318747
22.326758614,TRACKING,,0.000397749,1,-0.000001760,0.004695644,0.049999012,0.000000000,0.000000000,0.050000000,0.000001785,0.004695644,-0.000000980,0.004695645,0.000319024
22.336862628,TRACKING,,0.002084918,1,-0.000001833,0.005198324,0.049998995,0.000000000,0.000000000,0.050000000,0.000001860,0.005198324,-0.000000996,0.005198324,0.000319996
22.346953581,TRACKING,,0.001012776,1,-0.000001840,0.005037725,0.049998978,0.000000000,0.000000000,0.050000000,0.000001867,0.005037725,-0.000001014,0.005037726,0.000320914
22.357082528,TRACKING,,0.000032057,1,-0.000001855,0.004872215,0.049998956,0.000000000,0.000000000,0.050000000,0.000001881,0.004872215,-0.000001036,0.004872215,0.000322668
22.367165170,TRACKING,,0.001760782,1,-0.000001926,0.005374333,0.049998936,0.000000000,0.000000000,0.050000000,0.000001955,0.005374333,-0.000001055,0.005374334,0.000323010
22.377334486,TRACKING,,0.000498670,1,-0.000001932,0.005210201,0.049998920,0.000000000,0.000000000,0.050000000,0.000001961,0.005210201,-0.000001071,0.005210201,0.000323555
22.388067774,TRACKING,,0.003148748,1,-0.000001932,0.005210201,0.049998920,0.000000000,0.000000000,0.050000000,0.000001961,0.005210201,-0.000001071,0.005210201,0.000323555
22.397987755,TRACKING,,0.001639676,1,-0.000001945,0.005031123,0.049998901,0.000000000,0.000000000,0.050000000,0.000001972,0.005031123,-0.000001091,0.005031123,0.000324907
22.408196252,TRACKING,,0.001201559,1,-0.000002019,0.005537847,0.049998884,0.000000000,0.000000000,0.050000000,0.000002049,0.005537847,-0.000001107,0.005537848,0.000325257
22.418269395,TRACKING,,0.000575846,1,-0.000002035,0.005376059,0.049998861,0.000000000,0.000000000,0.050000000,0.000002064,0.005376059,-0.000001130,0.005376060,0.000326875
22.428266551,TRACKING,,0.000081925,1,-0.000002054,0.005210591,0.049998836,0.000000000,0.000000000,0.050000000,0.000002082,0.005210591,-0.000001156,0.005210592,0.000329237
22.438231649,TRACKING,,0.002185839,1,-0.000002133,0.005711661,0.049998810,0.000000000,0.000000000,0.050000000,0.000002164,0.005711661,-0.000001180,0.005711661,0.000331133
22.448436585,TRACKING,,0.001691917,1,-0.000002144,0.005548709,0.049998788,0.000000000,0.000000000,0.050000000,0.000002175,0.005548709,-0.000001203,0.005548709,0.000332183
22.458537036,TRACKING,,0.001011589,1,-0.000002158,0.005381283,0.049998768,0.000000000,0.000000000,0.050000000,0.000002188,0.005381283,-0.000001224,0.005381284,0.000333805
22.468625615,TRACKING,,0.000563972,1,-0.000002237,0.005879520,0.049998744,0.000000000,0.000000000,0.050000000,0.000002270,0.005879520,-0.000001246,0.005879521,0.000335826
22.479057326,TRACKING,,0.000045117,1,-0.000002249,0.005712297,0.049998721,0.000000000,0.000000000,0.050000000,0.000002281,0.005712297,-0.000001269,0.005712298,0.000337587
22.489124533,TRACKING,,0.001773842,1,-0.000002264,0.005538363,0.049998697,0.000000000,0.000000000,0.050000000,0.000002295,0.005538363,-0.000001294,0.005538364,0.000339242
22.499073009,TRACKING,,0.000567535,1,-0.000002335,0.006028789,0.049998675,0.000000000,0.000000000,0.050000000,0.000002370,0.006028789,-0.000001315,0.006028789,0.000339549
22.509349183,TRACKING,,0.002395993,1,-0.000002344,0.005851996,0.049998655,0.000000000,0.000000000,0.050000000,0.000002377,0.005851996,-0.000001335,0.005851997,0.000340565
22.519247792,TRACKING,,0.001323851,1,-0.000002350,0.005676754,0.049998639,0.000000000,0.000000000,0.050000000,0.000002382,0.005676754,-0.000001351,0.005676755,0.000340441
22.529328060,TRACKING,,0.000201843,1,-0.000002412,0.006167690,0.049998624,0.000000000,0.000000000,0.050000000,0.000002447,0.006167690,-0.000001365,0.006167690,0.000339633
22.539328777,TRACKING,,0.001814211,1,-0.000002412,0.006167690,0.049998624,0.000000000,0.000000000,0.050000000,0.000002447,0.006167690,-0.000001365,0.006167690,0.000339633
22.549418543,TRACKING,,0.000609090,1,-0.000002413,0.005993351,0.049998607,0.000000000,0.000000000,0.050000000,0.000002447,0.005993351,-0.000001383,0.005993352,0.000339236
22.559502373,TRACKING,,0.002337815,1,-0.000002420,0.005811764,0.049998588,0.000000000,0.000000000,0.050000000,0.000002453,0.005811764,-0.000001403,0.005811765,0.000340349
22.569596888,TRACKING,,0.001281108,1,-0.000002490,0.006295675,0.049998569,0.000000000,0.000000000,0.050000000,0.000002526,0.006295675,-0.000001420,0.006295675,0.000340703
22.579792324,TRACKING,,0.000058178,1,-0.000002499,0.006113793,0.049998545,0.000000000,0.000000000,0.050000000,0.000002534,0.006113793,-0.000001444,0.006113793,0.000341648
22.589801353,TRACKING,,0.001932942,1,-0.000002505,0.005930478,0.049998522,0.000000000,0.000000000,0.050000000,0.000002539,0.005930478,-0.000001468,0.005930479,0.000342361
22.599745080,TRACKING,,0.001347597,1,-0.000002571,0.006416001,0.049998503,0.000000000,0.000000000,0.050000000,0.000002607,0.006416001,-0.000001486,0.006416001,0.000342006
22.609825347,TRACKING,,0.000801434,1,-0.000002574,0.006244107,0.049998485,0.000000000,0.000000000,0.050000000,0.000002610,0.006244107,-0.000001505,0.006244108,0.000342174
22.619841500,TRACKING,,0.000315824,1,-0.000002576,0.006071935,0.049998468,0.000000000,0.000000000,0.050000000,0.000002611,0.006071935,-0.000001522,0.006071936,0.000342014
22.630162792,TRACKING,,0.002514724,1,-0.000002638,0.006560870,0.049998455,0.000000000,0.000000000,0.050000000,0.000002675,0.006560870,-0.000001534,0.006560870,0.000340985
22.640067337,TRACKING,,0.001396277,1,-0.000002635,0.006385210,0.049998439,0.000000000,0.000000000,0.050000000,0.000002671,0.006385210,-0.000001551,0.006385211,0.000340302
22.650057369,TRACKING,,0.000277831,1,-0.000002637,0.006203324,0.049998423,0.000000000,0.000000000,0.050000000,0.000002672,0.006203324,-0.000001566,0.006203325,0.000339873
22.660172068,TRACKING,,0.001969748,1,-0.000002637,0.006203324,0.049998423,0.000000000,0.000000000,0.050000000,0.000002672,0.006203324,-0.000001566,0.006203325,0.000339873
22.670310514,TRACKING,,0.000441679,1,-0.000002690,0.006678793,0.049998414,0.000000000,0.000000000,0.050000000,0.000002728,0.006678793,-0.000001575,0.006678794,0.000338183
22.681181530,TRACKING,,0.000030870,1,-0.000002683,0.006494721,0.049998401,0.000000000,0.000000000,0.050000000,0.000002720,0.006494721,-0.000001588,0.006494722,0.000336799
22.691343722,TRACKING,,0.002101540,1,-0.000002679,0.006315771,0.049998386,0.000000000,0.000000000,0.050000000,0.000002714,0.006315771,-0.000001604,0.006315772,0.000335748
22.701306446,TRACKING,,0.001531631,1,-0.000002733,0.006793786,0.049998374,0.000000000,0.000000000,0.050000000,0.000002771,0.006793786,-0.000001615,0.006793786,0.000333988
22.711385526,TRACKING,,0.001073329,1,-0.000002721,0.006628853,0.049998370,0.000000000,0.000000000,0.050000000,0.000002757,0.006628853,-0.000001620,0.006628854,0.000331680
22.721466981,TRACKING,,0.000553287,1,-0.000002721,0.006458406,0.049998356,0.000000000,0.000000000,0.050000000,0.000002757,0.006458406,-0.000001634,0.006458407,0.000331078
22.731579306,TRACKING,,0.002267764,1,-0.000002779,0.006929748,0.049998343,0.000000000,0.000000000,0.050000000,0.000002817,0.006929748,-0.000001645,0.006929748,0.000329583
22.741651262,TRACKING,,0.001454456,1,-0.000002772,0.006754157,0.049998334,0.000000000,0.000000000,0.050000000,0.000002809,0.006754157,-0.000001655,0.006754158,0.000327703
22.751650792,TRACKING,,0.000582970,1,-0.000002765,0.006581066,0.049998325,0.000000000,0.000000000,0.050000000,0.000002801,0.006581066,-0.000001664,0.006581067,0.000326204
22.761904407,TRACKING,,0.000030870,1,-0.000002822,0.007045611,0.049998314,0.000000000,0.000000000,0.050000000,0.000002860,0.007045611,-0.000001675,0.007045611,0.000325105
22.771979925,TRACKING,,0.002124099,1,-0.000002821,0.006873791,0.049998303,0.000000000,0.000000000,0.050000000,0.000002858,0.006873791,-0.000001686,0.006873792,0.000324100
22.782083939,TRACKING,,0.001570812,1,-0.000002816,0.006703138,0.049998293,0.000000000,0.000000000,0.050000000,0.000002852,0.006703138,-0.000001696,0.006703139,0.000322922
22.792167769,TRACKING,,0.000859613,1,-0.000002867,0.007162952,0.049998287,0.000000000,0.000000000,0.050000000,0.000002906,0.007162952,-0.000001702,0.007162952,0.000320959
22.802290779,TRACKING,,0.000028496,1,-0.000002867,0.007162952,0.049998287,0.000000000,0.000000000,0.050000000,0.000002906,0.007162952,-0.000001702,0.007162952,0.000320959
22.812227382,TRACKING,,0.002121724,1,-0.000002865,0.006986038,0.049998270,0.000000000,0.000000000,0.050000000,0.000002902,0.006986038,-0.000001719,0.006986039,0.000320683
22.822336145,TRACKING,,0.001548253,1,-0.000002868,0.006809117,0.049998249,0.000000000,0.000000000,0.050000000,0.000002905,0.006809117,-0.000001740,0.006809117,0.000321004
22.832461530,TRACKING,,0.000307514,1,-0.000002877,0.006632536,0.049998231,0.000000000,0.000000000,0.050000000,0.000002912,0.006632536,-0.000001758,0.006632537,0.000321207
22.842480058,TRACKING,,0.002135972,1,-0.000002945,0.007064833,0.049998209,0.000000000,0.000000000,0.050000000,0.000002983,0.007064833,-0.000001780,0.007064833,0.000321810
22.852522331,TRACKING,,0.001062643,1,-0.000002946,0.006884198,0.049998192,0.000000000,0.000000000,0.050000000,0.000002983,0.006884198,-0.000001797,0.006884199,0.000321464
22.862608535,TRACKING,,0.000434555,1,-0.000003017,0.007311494,0.049998168,0.000000000,0.000000000,0.050000000,0.000003056,0.007311494,-0.000001820,0.007311495,0.000322545
22.872714923,TRACKING,,0.002445860,1,-0.000003027,0.007128819,0.049998146,0.000000000,0.000000000,0.050000000,0.000003066,0.007128819,-0.000001842,0.007128820,0.000323487
22.882709704,TRACKING,,0.001902072,1,-0.000003041,0.006945056,0.049998122,0.000000000,0.000000000,0.050000000,0.000003079,0.006945056,-0.000001867,0.006945057,0.000324485
22.892794721,TRACKING,,0.001254988,1,-0.000003048,0.006764049,0.049998100,0.000000000,0.000000000,0.050000000,0.000003084,0.006764049,-0.000001888,0.006764050,0.000324747
22.902890424,TRACKING,,0.000761066,1,-0.000003108,0.007191516,0.049998086,0.000000000,0.000000000,0.050000000,0.000003147,0.007191516,-0.000001902,0.007191517,0.000324562
22.912923199,TRACKING,,0.000327698,1,-0.000003106,0.007014793,0.049998072,0.000000000,0.000000000,0.050000000,0.000003143,0.007014793,-0.000001916,0.007014794,0.000323917
22.923137632,TRACKING,,0.002225020,1,-0.000003101,0.006836233,0.049998059,0.000000000,0.000000000,0.050000000,0.000003138,0.006836233,-0.000001930,0.006836234,0.000322917
22.933211963,TRACKING,,0.001228866,1,-0.000003142,0.007254110,0.049998057,0.000000000,0.000000000,0.050000000,0.000003181,0.007254110,-0.000001931,0.007254111,0.000320631
22.943212681,TRACKING,,0.000643522,1,-0.000003137,0.007075047,0.049998047,0.000000000,0.000000000,0.050000000,0.000003174,0.007075047,-0.000001942,0.007075048,0.000319414
22.953336879,TRACKING,,0.000138915,1,-0.000003129,0.006900275,0.049998038,0.000000000,0.000000000,0.050000000,0.000003165,0.006900275,-0.000001951,0.006900276,0.000317305
22.963353031,TRACKING,,0.002246392,1,-0.000003129,0.006900275,0.049998038,0.000000000,0.000000000,0.050000000,0.000003165,0.006900275,-0.000001951,0.006900276,0.000317305
22.973443985,TRACKING,,0.001468703,1,-0.000003167,0.007315950,0.049998040,0.000000000,0.000000000,0.050000000,0.000003205,0.007315950,-0.000001948,0.007315950,0.000314359
22.983501693,TRACKING,,0.000515293,1,-0.000003153,0.007139908,0.049998037,0.000000000,0.000000000,0.050000000,0.000003190,0.007139907,-0.000001952,0.007139908,0.000312083
22.993984459,TRACKING,,0.001963812,1,-0.000003140,0.006959470,0.049998031,0.000000000,0.000000000,0.050000000,0.000003176,0.006959469,-0.000001958,0.006959470,0.000310139
23.003905627,TRACKING,,0.001067392,1,-0.000003179,0.007352681,0.049998032,0.000000000,0.000000000,0.050000000,0.000003216,0.007352681,-0.000001957,0.007352682,0.000307194
23.013977583,TRACKING,,0.000083112,1,-0.000003165,0.007173000,0.049998026,0.000000000,0.000000000,0.050000000,0.000003201,0.007173000,-0.000001963,0.007173001,0.000305119
23.023917748,TRACKING,,0.002014866,1,-0.000003154,0.006992578,0.049998023,0.000000000,0.000000000,0.050000000,0.000003189,0.006992578,-0.000001967,0.006992579,0.000303157
23.033948148,TRACKING,,0.001386779,1,-0.000003191,0.007388053,0.049998025,0.000000000,0.000000000,0.050000000,0.000003227,0.007388053,-0.000001963,0.007388054,0.000300560
23.044125775,TRACKING,,0.000834680,1,-0.000003181,0.007214731,0.049998019,0.000000000,0.000000000,0.050000000,0.000003217,0.007214731,-0.000001971,0.007214732,0.000298828
23.054211979,TRACKING,,0.000337196,1,-0.000003170,0.007042128,0.049998015,0.000000000,0.000000000,0.050000000,0.000003204,0.007042128,-0.000001974,0.007042129,0.000297030
23.064330241,TRACKING,,0.002505226,1,-0.000003207,0.007425894,0.049998016,0.000000000,0.000000000,0.050000000,0.000003243,0.007425894,-0.000001973,0.007425895,0.000294640
23.074374889,TRACKING,,0.001997056,1,-0.000003192,0.007254652,0.049998016,0.000000000,0.000000000,0.050000000,0.000003227,0.007254652,-0.000001973,0.007254653,0.000292863
23.084476528,TRACKING,,0.000825181,1,-0.000003174,0.007073751,0.049998015,0.000000000,0.000000000,0.050000000,0.000003208,0.007073751,-0.000001975,0.007073752,0.000291175
23.094635158,TRACKING,,0.002501663,1,-0.000003174,0.007073751,0.049998015,0.000000000,0.000000000,0.050000000,0.000003208,0.007073751,-0.000001975,0.007073752,0.000291175
23.104654872,TRACKING,,0.001462767,1,-0.000003211,0.007433854,0.049998011,0.000000000,0.000000000,0.050000000,0.000003247,0.007433854,-0.000001978,0.007433855,0.000289102
23.114768385,TRACKING,,0.000275456,1,-0.000003183,0.007257424,0.049998019,0.000000000,0.000000000,0.050000000,0.000003217,0.007257424,-0.000001971,0.007257425,0.000286156
23.124872398,TRACKING,,0.002048111,1,-0.000003178,0.007072076,0.049998009,0.000000000,0.000000000,0.050000000,0.000003211,0.007072076,-0.000001981,0.007072077,0.000285448
23.134946729,TRACKING,,0.000978344,1,-0.000003219,0.007418220,0.049998003,0.000000000,0.000000000,0.050000000,0.000003254,0.007418220,-0.000001986,0.007418221,0.000284015
23.145190845,TRACKING,,0.000047492,1,-0.000003212,0.007234488,0.049997996,0.000000000,0.000000000,0.050000000,0.000003246,0.007234488,-0.000001993,0.007234489,0.000282843
23.155278237,TRACKING,,0.001763157,1,-0.000003204,0.007050684,0.049997988,0.000000000,0.000000000,0.050000000,0.000003237,0.007050684,-0.000002002,0.007050685,0.000281720
23.165356130,TRACKING,,0.000809746,1,-0.000003236,0.007385418,0.049997984,0.000000000,0.000000000,0.050000000,0.000003270,0.007385418,-0.000002005,0.007385419,0.000279725
23.175487451,TRACKING,,0.002545594,1,-0.000003230,0.007203349,0.049997977,0.000000000,0.000000000,0.050000000,0.000003263,0.007203349,-0.000002013,0.007203350,0.000278816
23.185501229,TRACKING,,0.001510259,1,-0.000003217,0.007022520,0.049997974,0.000000000,0.000000000,0.050000000,0.000003249,0.007022520,-0.000002016,0.007022521,0.000276992
23.195567249,TRACKING,,0.000374003,1,-0.000003236,0.007343425,0.049997977,0.000000000,0.000000000,0.050000000,0.000003269,0.007343425,-0.000002012,0.007343426,0.000273900
23.205849359,TRACKING,,0.002473169,1,-0.000003236,0.007343425,0.049997977,0.000000000,0.000000000,0.050000000,0.000003269,0.007343425,-0.000002012,0.007343426,0.000273900
23.215709974,TRACKING,,0.001643238,1,-0.000003224,0.007170302,0.049997974,0.000000000,0.000000000,0.050000000,0.000003256,0.007170302,-0.000002016,0.007170303,0.000272579
23.225686946,TRACKING,,0.001005652,1,-0.000003215,0.006990073,0.049997964,0.000000000,0.000000000,0.050000000,0.000003246,0.006990073,-0.000002026,0.006990074,0.000271862
23.235739905,TRACKING,,0.000515292,1,-0.000003271,0.007292048,0.049997942,0.000000000,0.000000000,0.050000000,0.000003303,0.007292048,-0.000002048,0.007292049,0.000272780
23.245960275,TRACKING,,0.000037994,1,-0.000003278,0.007112404,0.049997925,0.000000000,0.000000000,0.050000000,0.000003310,0.007112404,-0.000002065,0.007112405,0.000273349
23.256247135,TRACKING,,0.002093229,1,-0.000003289,0.006929880,0.049997901,0.000000000,0.000000000,0.050000000,0.000003320,0.006929880,-0.000002089,0.006929881,0.000274142
23.266046010,TRACKING,,0.001168314,1,-0.000003346,0.007222696,0.049997878,0.000000000,0.000000000,0.050000000,0.000003378,0.007222696,-0.000002111,0.007222697,0.000274318
23.276077597,TRACKING,,0.000590093,1,-0.000003359,0.007037032,0.049997854,0.000000000,0.000000000,0.050000000,0.000003390,0.007037032,-0.000002135,0.007037033,0.000275017
23.286160239,TRACKING,,0.002539658,1,-0.000003369,0.006851967,0.049997833,0.000000000,0.000000000,0.050000000,0.000003400,0.006851967,-0.000002157,0.006851968,0.000275664
23.296220323,TRACKING,,0.001789277,1,-0.000003410,0.007111105,0.049997822,0.000000000,0.000000000,0.050000000,0.000003442,0.007111105,-0.000002168,0.007111106,0.000275247
23.306430007,TRACKING,,0.000751567,1,-0.000003402,0.006925255,0.049997816,0.000000000,0.000000000,0.050000000,0.000003433,0.006925255,-0.000002174,0.006925256,0.000274336
23.316865280,TRACKING,,0.002439923,1,-0.000003400,0.006734912,0.049997801,0.000000000,0.000000000,0.050000000,0.000003430,0.006734912,-0.000002189,0.006734913,0.000274319
23.326611913,TRACKING,,0.001344036,1,-0.000003420,0.006985396,0.049997802,0.000000000,0.000000000,0.050000000,0.000003452,0.006985396,-0.000002188,0.006985397,0.000272348
23.336715927,TRACKING,,0.000246961,1,-0.000003411,0.006796502,0.049997794,0.000000000,0.000000000,0.050000000,0.000003441,0.006796502,-0.000002197,0.006796504,0.000271372
23.346773636,TRACKING,,0.001883075,1,-0.000003411,0.006796502,0.049997794,0.000000000,0.000000000,0.050000000,0.000003441,0.006796502,-0.000002197,0.006796504,0.000271372
23.357065244,TRACKING,,0.000815682,1,-0.000003389,0.006610534,0.049997791,0.000000000,0.000000000,0.050000000,0.000003418,0.006610534,-0.000002200,0.006610535,0.000269630
23.367329545,TRACKING,,0.002428050,1,-0.000003416,0.006841340,0.049997787,0.000000000,0.000000000,0.050000000,0.000003446,0.006841340,-0.000002204,0.006841341,0.000268375
23.377086864,TRACKING,,0.001282296,1,-0.000003398,0.006654313,0.049997785,0.000000000,0.000000000,0.050000000,0.000003427,0.006654313,-0.000002206,0.006654314,0.000266577
23.387190878,TRACKING,,0.000174535,1,-0.000003406,0.006458923,0.049997768,0.000000000,0.000000000,0.050000000,0.000003434,0.006458923,-0.000002223,0.006458924,0.000266829
23.397236713,TRACKING,,0.001873576,1,-0.000003440,0.006668349,0.049997758,0.000000000,0.000000000,0.050000000,0.000003469,0.006668349,-0.000002233,0.006668350,0.000266197
23.407388219,TRACKING,,0.000336009,1,-0.000003429,0.006468759,0.049997751,0.000000000,0.000000000,0.050000000,0.000003457,0.006468759,-0.000002240,0.006468760,0.000265005
23.418135755,TRACKING,,0.002635829,1,-0.000003427,0.006280437,0.049997738,0.000000000,0.000000000,0.050000000,0.000003454,0.006280437,-0.000002253,0.006280438,0.000264509
23.428091355,TRACKING,,0.001696667,1,-0.000003445,0.006473536,0.049997739,0.000000000,0.000000000,0.050000000,0.000003473,0.006473536,-0.000002252,0.006473538,0.000262814
23.438140752,TRACKING,,0.001179000,1,-0.000003427,0.006295512,0.049997740,0.000000000,0.000000000,0.050000000,0.000003454,0.006295512,-0.000002251,0.006295513,0.000261178
23.448229331,TRACKING,,0.000449991,1,-0.000003415,0.006113038,0.049997732,0.000000000,0.000000000,0.050000000,0.000003441,0.006113038,-0.000002259,0.006113040,0.000260338
23.458329783,TRACKING,,0.002508787,1,-0.000003415,0.006113038,0.049997732,0.000000000,0.000000000,0.050000000,0.000003441,0.006113038,-0.000002259,0.006113040,0.000260338
23.468290132,TRACKING,,0.001884262,1,-0.000003425,0.006297806,0.049997741,0.000000000,0.000000000,0.050000000,0.000003452,0.006297806,-0.000002251,0.006297808,0.000258280
23.478410768,TRACKING,,0.001367782,1,-0.000003385,0.006127320,0.049997755,0.000000000,0.000000000,0.050000000,0.000003411,0.006127320,-0.000002236,0.006127322,0.000254755
23.488568210,TRACKING,,0.000807372,1,-0.000003370,0.005950918,0.049997757,0.000000000,0.000000000,0.050000000,0.000003394,0.005950918,-0.000002235,0.005950920,0.000253217
23.498655602,TRACKING,,0.000343132,1,-0.000003377,0.006115915,0.049997762,0.000000000,0.000000000,0.050000000,0.000003401,0.006115915,-0.000002230,0.006115916,0.000251143
23.509073065,TRACKING,,0.002488603,1,-0.000003342,0.005945522,0.049997772,0.000000000,0.000000000,0.050000000,0.000003366,0.005945522,-0.000002220,0.005945523,0.000248585
23.518876689,TRACKING,,0.001985183,1,-0.000003314,0.005773524,0.049997780,0.000000000,0.000000000,0.050000000,0.000003337,0.005773524,-0.000002212,0.005773526,0.000246366
23.528958144,TRACKING,,0.001024649,1,-0.000003276,0.005601634,0.049997795,0.000000000,0.000000000,0.050000000,0.000003298,0.005601634,-0.000002198,0.005601635,0.000243013
23.539115587,TRACKING,,0.000029683,1,-0.000003261,0.005747380,0.049997817,0.000000000,0.000000000,0.050000000,0.000003284,0.005747380,-0.000002176,0.005747381,0.000238848
23.549188730,TRACKING,,0.002012491,1,-0.000003206,0.005576726,0.049997844,0.000000000,0.000000000,0.050000000,0.000003227,0.005576726,-0.000002149,0.005576727,0.000234038
23.559268998,TRACKING,,0.001403401,1,-0.000003150,0.005414769,0.049997874,0.000000000,0.000000000,0.050000000,0.000003170,0.005414769,-0.000002120,0.005414770,0.000229289
23.569364700,TRACKING,,0.000687453,1,-0.000003113,0.005553151,0.049997912,0.000000000,0.000000000,0.050000000,0.000003133,0.005553151,-0.000002082,0.005553152,0.000223741
23.579481774,TRACKING,,0.002495727,1,-0.000003054,0.005389264,0.049997940,0.000000000,0.000000000,0.050000000,0.000003073,0.005389264,-0.000002054,0.005389265,0.000218963
23.589537108,TRACKING,,0.001425960,1,-0.000002991,0.005225473,0.049997977,0.000000000,0.000000000,0.050000000,0.000003009,0.005225473,-0.000002018,0.005225475,0.000213664
23.599594817,TRACKING,,0.000136540,1,-0.000002938,0.005338725,0.049998023,0.000000000,0.000000000,0.050000000,0.000002956,0.005338725,-0.000001971,0.005338726,0.000207282
23.609620468,TRACKING,,0.002024364,1,-0.000002938,0.005338725,0.049998023,0.000000000,0.000000000,0.050000000,0.000002956,0.005338725,-0.000001971,0.005338726,0.000207282
23.619691237,TRACKING,,0.001060268,1,-0.000002876,0.005181242,0.049998056,0.000000000,0.000000000,0.050000000,0.000002893,0.005181242,-0.000001939,0.005181243,0.000202285
23.629729949,TRACKING,,0.000296828,1,-0.000002828,0.005017725,0.049998080,0.000000000,0.000000000,0.050000000,0.000002844,0.005017725,-0.000001915,0.005017726,0.000198709
23.640026307,TRACKING,,0.002479105,1,-0.000002806,0.005110519,0.049998103,0.000000000,0.000000000,0.050000000,0.000002822,0.005110519,-0.000001891,0.005110520,0.000195092
23.649987843,TRACKING,,0.002065921,1,-0.000002755,0.004958433,0.049998132,0.000000000,0.000000000,0.050000000,0.000002770,0.004958433,-0.000001863,0.004958435,0.000191103
23.660083546,TRACKING,,0.001497199,1,-0.000002710,0.004806641,0.049998155,0.000000000,0.000000000,0.050000000,0.000002724,0.004806641,-0.000001840,0.004806642,0.000187319
23.670290855,TRACKING,,0.000203031,1,-0.000002679,0.004875311,0.049998184,0.000000000,0.000000000,0.050000000,0.000002693,0.004875311,-0.000001811,0.004875312,0.000182488
23.680329567,TRACKING,,0.000268332,1,-0.000002621,0.004692728,0.049998216,0.000000000,0.000000000,0.050000000,0.000002634,0.004692728,-0.000001780,0.004692729,0.000177358
23.690336221,TRACKING,,0.002316443,1,-0.000002563,0.004544882,0.049998247,0.000000000,0.000000000,0.050000000,0.000002576,0.004544882,-0.000001749,0.004544883,0.000172773
23.700398679,TRACKING,,0.001452081,1,-0.000002509,0.004602199,0.049998290,0.000000000,0.000000000,0.050000000,0.000002521,0.004602199,-0.000001706,0.004602200,0.000166911
23.710481321,TRACKING,,0.000721885,1,-0.000002434,0.004462399,0.049998335,0.000000000,0.000000000,0.050000000,0.000002445,0.004462399,-0.000001662,0.004462400,0.000160861
23.720600770,TRACKING,,0.002474355,1,-0.000002434,0.004462399,0.049998335,0.000000000,0.000000000,0.050000000,0.000002445,0.004462399,-0.000001662,0.004462400,0.000160861
23.730679850,TRACKING,,0.001486513,1,-0.000002360,0.004317999,0.049998384,0.000000000,0.000000000,0.050000000,0.000002371,0.004317999,-0.000001612,0.004318000,0.000155171
23.740814733,TRACKING,,0.000227963,1,-0.000002291,0.004356223,0.049998439,0.000000000,0.000000000,0.050000000,0.000002301,0.004356223,-0.000001558,0.004356224,0.000148826
23.750860569,TRACKING,,0.001975685,1,-0.000002214,0.004214640,0.049998487,0.000000000,0.000000000,0.050000000,0.000002223,0.004214640,-0.000001510,0.004214641,0.000142275
23.760953897,TRACKING,,0.000918978,1,-0.000002136,0.004075164,0.049998537,0.000000000,0.000000000,0.050000000,0.000002144,0.004075164,-0.000001460,0.004075165,0.000135943
23.771257379,TRACKING,,0.002582401,1,-0.000002071,0.004090695,0.049998586,0.000000000,0.000000000,0.050000000,0.000002079,0.004090695,-0.000001411,0.004090696,0.000129669
23.781153613,TRACKING,,0.001619491,1,-0.000001981,0.003958126,0.049998643,0.000000000,0.000000000,0.050000000,0.000001989,0.003958126,-0.000001354,0.003958127,0.000122798
23.791397729,TRACKING,,0.000856051,1,-0.000001888,0.003831052,0.049998708,0.000000000,0.000000000,0.050000000,0.000001894,0.003831052,-0.000001290,0.003831052,0.000115556
23.801308211,TRACKING,,0.000296828,1,-0.000001807,0.003836841,0.049998771,0.000000000,0.000000000,0.050000000,0.000001814,0.003836841,-0.000001226,0.003836842,0.000108374
23.811395603,TRACKING,,0.002367497,1,-0.000001710,0.003721127,0.049998836,0.000000000,0.000000000,0.050000000,0.000001715,0.003721127,-0.000001162,0.003721128,0.000101100
23.821518613,TRACKING,,0.001468703,1,-0.000001599,0.003602918,0.049998908,0.000000000,0.000000000,0.050000000,0.000001604,0.003602918,-0.000001090,0.003602919,0.000092974
23.831696240,TRACKING,,0.000698138,1,-0.000001498,0.003593810,0.049998988,0.000000000,0.000000000,0.050000000,0.000001502,0.003593810,-0.000001011,0.003593811,0.000084723
23.841774133,TRACKING,,0.002439924,1,-0.000001498,0.003593810,0.049998988,0.000000000,0.000000000,0.050000000,0.000001502,0.003593810,-0.000001011,0.003593811,0.000084723
23.851739231,TRACKING,,0.001906821,1,-0.000001379,0.003486477,0.049999074,0.000000000,0.000000000,0.050000000,0.000001382,0.003486477,-0.000000925,0.003486477,0.000075994
23.861963163,TRACKING,,0.002200086,1,-0.000001271,0.003383356,0.049999151,0.000000000,0.000000000,0.050000000,0.000001274,0.003383356,-0.000000847,0.003383356,0.000068170
23.871864147,TRACKING,,0.001497198,1,-0.000001156,0.003340676,0.049999234,0.000000000,0.000000000,0.050000000,0.000001159,0.003340676,-0.000000765,0.003340676,0.000059302
23.881921855,TRACKING,,0.000360943,1,-0.000001044,0.003241087,0.049999312,0.000000000,0.000000000,0.050000000,0.000001046,0.003241087,-0.000000687,0.003241088,0.000051560
23.892141038,TRACKING,,0.002291510,1,-0.000000934,0.003141138,0.049999394,0.000000000,0.000000000,0.050000000,0.000000936,0.003141138,-0.000000606,0.003141138,0.000044377
23.902133445,TRACKING,,0.001718039,1,-0.000000826,0.003088032,0.049999477,0.000000000,0.000000000,0.050000000,0.000000827,0.003088032,-0.000000523,0.003088032,0.000037850
23.912231522,TRACKING,,0.001043646,1,-0.000000709,0.003001165,0.049999563,0.000000000,0.000000000,0.050000000,0.000000710,0.003001165,-0.000000437,0.003001165,0.000032499
23.922322475,TRACKING,,0.000529541,1,-0.000000589,0.002917073,0.049999648,0.000000000,0.000000000,0.050000000,0.000000589,0.002917073,-0.000000352,0.002917073,0.000029309
23.932261453,TRACKING,,0.002352062,1,-0.000000463,0.002850971,0.049999738,0.000000000,0.000000000,0.050000000,0.000000463,0.002850971,-0.000000262,0.002850971,0.000029044
23.942416521,TRACKING,,0.001827271,1,-0.000000340,0.002778840,0.049999826,0.000000000,0.000000000,0.050000000,0.000000339,0.002778840,-0.000000174,0.002778840,0.000031659
23.952382806,TRACKING,,0.001030586,1,-0.000000197,0.002702981,0.049999928,0.000000000,0.000000000,0.050000000,0.000000196,0.002702981,-0.000000072,0.002702981,0.000037330
23.962637608,TRACKING,,0.000087861,1,-0.000014845,0.002632191,0.050000029,0.000000000,0.000000000,0.050000000,0.000014844,0.002632191,0.000000029,0.002632232,0.000044762
23.972747558,TRACKING,,0.002126473,1,-0.000014845,0.002632191,0.050000029,0.000000000,0.000000000,0.050000000,0.000014844,0.002632191,0.000000029,0.002632232,0.000044762
23.982806454,TRACKING,,0.001550628,1,-0.000014367,0.002568309,0.050000113,0.000000000,0.000000000,0.050000000,0.000014365,0.002568309,0.000000113,0.002568349,0.000053172
23.992847541,TRACKING,,0.000314637,1,-0.000013590,0.002508200,0.050000180,0.000000000,0.000000000,0.050000000,0.000013588,0.002508200,0.000000180,0.002508237,0.000062222
24.002918309,TRACKING,,0.002372247,1,-0.000056257,0.002446375,0.050000243,0.000000000,0.000000000,0.050000000,0.000056254,0.002446375,0.000000242,0.002447022,0.000071801
24.012942773,TRACKING,,0.001621866,1,-0.000054863,0.002390441,0.050000288,0.000000000,0.000000000,0.050000000,0.000054860,0.002390442,0.000000288,0.002391071,0.000081423
24.023052724,TRACKING,,0.000989030,1,-0.000052461,0.002336658,0.050000297,0.000000000,0.000000000,0.050000000,0.000052458,0.002336658,0.000000296,0.002337247,0.000091326
24.033230350,TRACKING,,0.000394187,1,-0.000121474,0.002287408,0.050000276,0.000000000,0.000000000,0.050000000,0.000121471,0.002287408,0.000000275,0.002290631,0.000100569
24.043273811,TRACKING,,0.002083731,1,-0.000116907,0.002237071,0.050000208,0.000000000,0.000000000,0.050000000,0.000116903,0.002237071,0.000000207,0.002240123,0.000110636
24.053243659,TRACKING,,0.001125570,1,-0.000110683,0.002189618,0.050000082,0.000000000,0.000000000,0.050000000,0.000110679,0.002189618,0.000000081,0.002192414,0.000120488
24.063367857,TRACKING,,0.000028495,1,-0.000202845,0.002144429,0.049999921,0.000000000,0.000000000,0.050000000,0.000202840,0.002144429,-0.000000080,0.002154001,0.000129970
24.073463559,TRACKING,,0.002182277,1,-0.000193440,0.002103393,0.049999698,0.000000000,0.000000000,0.050000000,0.000193435,0.002103394,-0.000000303,0.002112269,0.000139212
24.083618627,TRACKING,,0.001141006,1,-0.000193440,0.002103393,0.049999698,0.000000000,0.000000000,0.050000000,0.000193435,0.002103394,-0.000000303,0.002112269,0.000139212
24.093600348,TRACKING,,0.000321762,1,-0.000295282,0.002026634,0.049999096,0.000000000,0.000000000,0.050000000,0.000295277,0.002026634,-0.000000905,0.002048032,0.000158091
24.103989316,TRACKING,,0.002509975,1,-0.000295282,0.002026634,0.049999096,0.000000000,0.000000000,0.050000000,0.000295277,0.002026634,-0.000000905,0.002048032,0.000158091
24.113830934,TRACKING,,0.001803525,1,-0.000280216,0.001992372,0.049998728,0.000000000,0.000000000,0.050000000,0.000280211,0.001992373,-0.000001273,0.002011981,0.000167326
24.123895766,TRACKING,,0.001175438,1,-0.000262958,0.001959340,0.049998318,0.000000000,0.000000000,0.050000000,0.000262952,0.001959341,-0.000001683,0.001976908,0.000176771
24.133929729,TRACKING,,0.000623338,1,-0.000397166,0.001927052,0.049997868,0.000000000,0.000000000,0.050000000,0.000397160,0.001927053,-0.000002133,0.001967556,0.000185770
24.144132289,TRACKING,,0.000169786,1,-0.000377225,0.001896018,0.049997410,0.000000000,0.000000000,0.050000000,0.000377219,0.001896019,-0.000002591,0.001933181,0.000194270
24.154227992,TRACKING,,0.002335440,1,-0.000354206,0.001866038,0.049996867,0.000000000,0.000000000,0.050000000,0.000354200,0.001866039,-0.000003134,0.001899360,0.000203203
24.164301135,TRACKING,,0.001539942,1,-0.000329684,0.001837267,0.049996309,0.000000000,0.000000000,0.050000000,0.000329678,0.001837268,-0.000003692,0.001866616,0.000212244
24.174375466,TRACKING,,0.000528353,1,-0.000481721,0.001807750,0.049995759,0.000000000,0.000000000,0.050000000,0.000481715,0.001807751,-0.000004242,0.001870837,0.000221743
24.184795304,TRACKING,,0.002238081,1,-0.000453264,0.001779664,0.049995177,0.000000000,0.000000000,0.050000000,0.000453258,0.001779666,-0.000004823,0.001836485,0.000231283
24.194545500,TRACKING,,0.001053145,1,-0.000421855,0.001752338,0.049994552,0.000000000,0.000000000,0.050000000,0.000421849,0.001752339,-0.000005449,0.001802409,0.000241402
24.204644764,TRACKING,,0.000027308,1,-0.000592399,0.001725779,0.049993925,0.000000000,0.000000000,0.050000000,0.000592393,0.001725781,-0.000006075,0.001824633,0.000251234
24.214773711,TRACKING,,0.001814211,1,-0.000555991,0.001700388,0.049993236,0.000000000,0.000000000,0.050000000,0.000555984,0.001700390,-0.000006764,0.001788991,0.000261701
24.224750683,TRACKING,,0.000810933,1,-0.000517283,0.001676187,0.049992527,0.000000000,0.000000000,0.050000000,0.000517277,0.001676189,-0.000007473,0.001754207,0.000272587
24.236533553,TRACKING,,0.004210204,1,-0.000517283,0.001676187,0.049992527,0.000000000,0.000000000,0.050000000,0.000517277,0.001676189,-0.000007473,0.001754207,0.000272587
24.246540208,TRACKING,,0.001008026,1,-0.000697146,0.001648070,0.049991712,0.000000000,0.000000000,0.050000000,0.000697140,0.001648072,-0.000008287,0.001789474,0.000285359
24.256620475,TRACKING,,0.000368067,1,-0.000654882,0.001625358,0.049991018,0.000000000,0.000000000,0.050000000,0.000654876,0.001625360,-0.000008981,0.001752352,0.000295812
24.267081869,TRACKING,,0.002438736,1,-0.000861951,0.001603654,0.049990258,0.000000000,0.000000000,0.050000000,0.000861945,0.001603658,-0.000009740,0.001820649,0.000307078
24.276874807,TRACKING,,0.001973311,1,-0.000814199,0.001582476,0.049989448,0.000000000,0.000000000,0.050000000,0.000814193,0.001582479,-0.000010550,0.001779680,0.000319207
24.286966948,TRACKING,,0.001423585,1,-0.000761602,0.001562057,0.049988506,0.000000000,0.000000000,0.050000000,0.000761596,0.001562060,-0.000011492,0.001737870,0.000333119
24.297056714,TRACKING,,0.000812120,1,-0.000980715,0.001541919,0.049987546,0.000000000,0.000000000,0.050000000,0.000980708,0.001541923,-0.000012450,0.001827421,0.000347759
24.307152416,TRACKING,,0.000033245,1,-0.000920467,0.001522092,0.049986480,0.000000000,0.000000000,0.050000000,0.000920460,0.001522096,-0.000013517,0.001778822,0.000363877
24.317233871,TRACKING,,0.001951939,1,-0.000854200,0.001502204,0.049985322,0.000000000,0.000000000,0.050000000,0.000854193,0.001502208,-0.000014675,0.001728146,0.000381679
24.327323637,TRACKING,,0.000856051,1,-0.000785955,0.001482651,0.049984233,0.000000000,0.000000000,0.050000000,0.000785949,0.001482655,-0.000015764,0.001678162,0.000399219
24.337485829,TRACKING,,0.002604959,1,-0.001014041,0.001463103,0.049983257,0.000000000,0.000000000,0.050000000,0.001014035,0.001463107,-0.000016738,0.001780233,0.000415776
24.347486547,TRACKING,,0.001538754,1,-0.000942654,0.001444313,0.049982303,0.000000000,0.000000000,0.050000000,0.000942648,0.001444317,-0.000017692,0.001724804,0.000432185
24.357566814,TRACKING,,0.000378752,1,-0.000869571,0.001426107,0.049981406,0.000000000,0.000000000,0.050000000,0.000869564,0.001426111,-0.000018589,0.001670413,0.000448229
24.367623335,TRACKING,,0.002293884,1,-0.000869571,0.001426107,0.049981406,0.000000000,0.000000000,0.050000000,0.000869564,0.001426111,-0.000018589,0.001670413,0.000448229
24.377773654,TRACKING,,0.001547066,1,-0.001115273,0.001408239,0.049980595,0.000000000,0.000000000,0.050000000,0.001115267,0.001408244,-0.000019398,0.001796482,0.000463335
24.387884792,TRACKING,,0.000705263,1,-0.001044324,0.001391165,0.049979943,0.000000000,0.000000000,0.050000000,0.001044318,0.001391170,-0.000020050,0.001739642,0.000476436
24.398003053,TRACKING,,0.002489791,1,-0.000964870,0.001373710,0.049979013,0.000000000,0.000000000,0.050000000,0.000964864,0.001373714,-0.000020980,0.001678837,0.000493445
24.408035828,TRACKING,,0.001526881,1,-0.001223051,0.001356256,0.049978131,0.000000000,0.000000000,0.050000000,0.001223045,0.001356261,-0.000021860,0.001826407,0.000509964
24.418132718,TRACKING,,0.000322948,1,-0.001139491,0.001338960,0.049977317,0.000000000,0.000000000,0.050000000,0.001139485,0.001338965,-0.000022674,0.001758342,0.000525915
24.428363774,TRACKING,,0.002168029,1,-0.001049509,0.001321825,0.049976316,0.000000000,0.000000000,0.050000000,0.001049504,0.001321830,-0.000023676,0.001687973,0.000544731
24.438335996,TRACKING,,0.001199184,1,-0.001321426,0.001305334,0.049975458,0.000000000,0.000000000,0.050000000,0.001321420,0.001305340,-0.000024531,0.001857597,0.000561786
24.448383019,TRACKING,,0.000208967,1,-0.001228054,0.001289085,0.049974471,0.000000000,0.000000000,0.050000000,0.001228049,0.001289090,-0.000025518,0.001780592,0.000580886
24.458396797,TRACKING,,0.001802338,1,-0.001129867,0.001272764,0.049973534,0.000000000,0.000000000,0.050000000,0.001129862,0.001272769,-0.000026456,0.001702125,0.000599737
24.468358333,TRACKING,,0.001254987,1,-0.001430937,0.001257392,0.049972809,0.000000000,0.000000000,0.050000000,0.001430931,0.001257399,-0.000027178,0.001905087,0.000615359
24.478457597,TRACKING,,0.000695764,1,-0.001334233,0.001242661,0.049971945,0.000000000,0.000000000,0.050000000,0.001334227,0.001242667,-0.000028042,0.001823505,0.000632955
24.488482061,TRACKING,,0.000195906,1,-0.001235755,0.001228108,0.049971151,0.000000000,0.000000000,0.050000000,0.001235750,0.001228113,-0.000028836,0.001742461,0.000649828
24.499001634,TRACKING,,0.002221459,1,-0.001235755,0.001228108,0.049971151,0.000000000,0.000000000,0.050000000,0.001235750,0.001228113,-0.000028836,0.001742461,0.000649828
24.508812381,TRACKING,,0.001842706,1,-0.001524009,0.001213859,0.049970531,0.000000000,0.000000000,0.050000000,0.001524004,0.001213866,-0.000029453,0.001948570,0.000664199
24.518914020,TRACKING,,0.001182561,1,-0.001429569,0.001199979,0.049970058,0.000000000,0.000000000,0.050000000,0.001429564,0.001199985,-0.000029927,0.001866685,0.000676147
24.529031095,TRACKING,,0.000024934,1,-0.001325210,0.001185474,0.049969317,0.000000000,0.000000000,0.050000000,0.001325205,0.001185480,-0.000030668,0.001778334,0.000692452
24.539320329,TRACKING,,0.001706165,1,-0.001635157,0.001170605,0.049968656,0.000000000,0.000000000,0.050000000,0.001635152,0.001170613,-0.000031326,0.002011228,0.000707908
24.549202315,TRACKING,,0.000605529,1,-0.001527744,0.001156014,0.049968105,0.000000000,0.000000000,0.050000000,0.001527739,0.001156020,-0.000031878,0.001916086,0.000721713
24.559496299,TRACKING,,0.002301009,1,-0.001414132,0.001141428,0.049967385,0.000000000,0.000000000,0.050000000,0.001414127,0.001141434,-0.000032598,0.001817605,0.000738064
24.569362850,TRACKING,,0.001247864,1,-0.001737456,0.001127140,0.049966838,0.000000000,0.000000000,0.050000000,0.001737451,0.001127148,-0.000033141,0.002071303,0.000751886
24.579462115,TRACKING,,0.000165036,1,-0.001621894,0.001113063,0.049966224,0.000000000,0.000000000,0.050000000,0.001621890,0.001113070,-0.000033755,0.001967382,0.000766772
24.589561379,TRACKING,,0.001899697,1,-0.001505891,0.001099340,0.049965695,0.000000000,0.000000000,0.050000000,0.001505886,0.001099346,-0.000034285,0.001864787,0.000780492
24.599552598,TRACKING,,0.000758692,1,-0.001844170,0.001085809,0.049965378,0.000000000,0.000000000,0.050000000,0.001844166,0.001085818,-0.000034598,0.002140361,0.000791010
24.609625742,TRACKING,,0.002445860,1,-0.001844170,0.001085809,0.049965378,0.000000000,0.000000000,0.050000000,0.001844166,0.001085818,-0.000034598,0.002140361,0.000791010
24.619695323,TRACKING,,0.001199184,1,-0.001726358,0.001072606,0.049964929,0.000000000,0.000000000,0.050000000,0.001726353,0.001072614,-0.000035048,0.002032738,0.000803431
24.629852766,TRACKING,,0.000313450,1,-0.001601555,0.001059308,0.049964302,0.000000000,0.000000000,0.050000000,0.001601550,0.001059315,-0.000035676,0.001920517,0.000818542
24.641622576,TRACKING,,0.003699660,1,-0.001949038,0.001046411,0.049963781,0.000000000,0.000000000,0.050000000,0.001949034,0.001046420,-0.000036192,0.002212473,0.000831946
24.651511687,TRACKING,,0.001486513,1,-0.001810646,0.001031872,0.049963330,0.000000000,0.000000000,0.050000000,0.001810641,0.001031880,-0.000036644,0.002084357,0.000845133
24.661610951,TRACKING,,0.000808558,1,-0.001688559,0.001019639,0.049962843,0.000000000,0.000000000,0.050000000,0.001688555,0.001019647,-0.000037132,0.001972885,0.000857989
24.671732775,TRACKING,,0.002274887,1,-0.002045613,0.001006873,0.049962356,0.000000000,0.000000000,0.050000000,0.002045609,0.001006882,-0.000037614,0.002280294,0.000871006
24.681872408,TRACKING,,0.001434271,1,-0.001922920,0.000994919,0.049961975,0.000000000,0.000000000,0.050000000,0.001922916,0.000994927,-0.000037996,0.002165394,0.000882073
24.692084466,TRACKING,,0.002690446,1,-0.001782658,0.000981721,0.049961456,0.000000000,0.000000000,0.050000000,0.001782654,0.000981728,-0.000038517,0.002035468,0.000895881
24.702164734,TRACKING,,0.001968561,1,-0.002155626,0.000969700,0.049961242,0.000000000,0.000000000,0.050000000,0.002155622,0.000969709,-0.000038725,0.002364010,0.000904537
24.712166639,TRACKING,,0.001473453,1,-0.002033993,0.000958588,0.049961051,0.000000000,0.000000000,0.050000000,0.002033990,0.000958597,-0.000038918,0.002248896,0.000912374
24.722281338,TRACKING,,0.000833492,1,-0.001910569,0.000947534,0.049960906,0.000000000,0.000000000,0.050000000,0.001910566,0.000947543,-0.000039065,0.002132985,0.000919500
24.732354482,TRACKING,,0.000943912,1,-0.001910569,0.000947534,0.049960906,0.000000000,0.000000000,0.050000000,0.001910566,0.000947543,-0.000039065,0.002132985,0.000919500
24.742370635,TRACKING,,0.000161474,1,-0.002276555,0.000934078,0.049960777,0.000000000,0.000000000,0.050000000,0.002276552,0.000934088,-0.000039187,0.002461045,0.000927348
24.752317923,TRACKING,,0.002014866,1,-0.002153689,0.000922998,0.049960850,0.000000000,0.000000000,0.050000000,0.002153686,0.000923007,-0.000039116,0.002343466,0.000931074
24.762381568,TRACKING,,0.000857239,1,-0.002026568,0.000911835,0.049960871,0.000000000,0.000000000,0.050000000,0.002026565,0.000911844,-0.000039097,0.002222600,0.000935601
24.772940322,TRACKING,,0.002479104,1,-0.002425671,0.000900417,0.049960933,0.000000000,0.000000000,0.050000000,0.002425668,0.000900428,-0.000039028,0.002587693,0.000939482
24.782685768,TRACKING,,0.001272797,1,-0.002297459,0.000889323,0.049961061,0.000000000,0.000000000,0.050000000,0.002297456,0.000889333,-0.000038902,0.002463885,0.000942116
24.792804029,TRACKING,,0.000144852,1,-0.002164420,0.000878178,0.049961069,0.000000000,0.000000000,0.050000000,0.002164416,0.000878187,-0.000038897,0.002336113,0.000946506
24.802883109,TRACKING,,0.001829645,1,-0.002577082,0.000867274,0.049961261,0.000000000,0.000000000,0.050000000,0.002577079,0.000867285,-0.000038697,0.002719378,0.000947876
24.812984748,TRACKING,,0.000714761,1,-0.002447955,0.000856803,0.049961413,0.000000000,0.000000000,0.050000000,0.002447952,0.000856814,-0.000038548,0.002593855,0.000949662
24.823165937,TRACKING,,0.000966471,1,-0.002447955,0.000856803,0.049961413,0.000000000,0.000000000,0.050000000,0.002447952,0.000856814,-0.000038548,0.002593855,0.000949662
24.833212960,TRACKING,,0.002633455,1,-0.002850645,0.000844841,0.049961334,0.000000000,0.000000000,0.050000000,0.002850642,0.000844854,-0.000038620,0.002973454,0.000955424
24.843466575,TRACKING,,0.001680045,1,-0.002713273,0.000834303,0.049961360,0.000000000,0.000000000,0.050000000,0.002713270,0.000834315,-0.000038596,0.002838909,0.000959066
24.853367558,TRACKING,,0.001570812,1,-0.002551212,0.000822446,0.049961088,0.000000000,0.000000000,0.050000000,0.002551209,0.000822457,-0.000038870,0.002680786,0.000967963
24.863371838,TRACKING,,0.000582970,1,-0.002984585,0.000812791,0.049961106,0.000000000,0.000000000,0.050000000,0.002984582,0.000812804,-0.000038845,0.003093524,0.000971532
24.873481788,TRACKING,,0.000027308,1,-0.002845688,0.000802965,0.049960989,0.000000000,0.000000000,0.050000000,0.002845685,0.000802977,-0.000038963,0.002957061,0.000977317
24.883506252,TRACKING,,0.002056422,1,-0.002711634,0.000793670,0.049960918,0.000000000,0.000000000,0.050000000,0.002711631,0.000793681,-0.000039037,0.002825668,0.000982189
24.893581770,TRACKING,,0.001409338,1,-0.003156315,0.000784396,0.049961027,0.000000000,0.000000000,0.050000000,0.003156313,0.000784409,-0.000038921,0.003252556,0.000984160
24.903597923,TRACKING,,0.000833492,1,-0.003020818,0.000775319,0.049960960,0.000000000,0.000000000,0.050000000,0.003020815,0.000775332,-0.000038989,0.003118972,0.000988886
24.913637821,TRACKING,,0.000020184,1,-0.003020818,0.000775319,0.049960960,0.000000000,0.000000000,0.050000000,0.003020815,0.000775332,-0.000038989,0.003118972,0.000988886
24.923750146,TRACKING,,0.001744160,1,-0.002885136,0.000766328,0.049960979,0.000000000,0.000000000,0.050000000,0.002885134,0.000766340,-0.000038972,0.002985430,0.000992230
24.933801918,TRACKING,,0.000706450,1,-0.003333962,0.000757158,0.049961090,0.000000000,0.000000000,0.050000000,0.003333959,0.000757172,-0.000038854,0.003419079,0.000994219
24.943891684,TRACKING,,0.000062927,1,-0.003192460,0.000747870,0.049961093,0.000000000,0.000000000,0.050000000,0.003192458,0.000747884,-0.000038852,0.003279120,0.000997856
24.954120365,TRACKING,,0.002170404,1,-0.003053891,0.000739054,0.049960991,0.000000000,0.000000000,0.050000000,0.003053889,0.000739067,-0.000038956,0.003142288,0.001003021
24.964205382,TRACKING,,0.001095887,1,-0.003511322,0.000730125,0.049960959,0.000000000,0.000000000,0.050000000,0.003511319,0.000730140,-0.000038980,0.003586640,0.001007117
24.974461372,TRACKING,,0.000093798,1,-0.003363565,0.000720887,0.049960876,0.000000000,0.000000000,0.050000000,0.003363563,0.000720901,-0.000039066,0.003440171,0.001012105
24.984554699,TRACKING,,0.001785715,1,-0.003216709,0.000711922,0.049960827,0.000000000,0.000000000,0.050000000,0.003216707,0.000711935,-0.000039117,0.003294782,0.001016504
24.994642091,TRACKING,,0.000686265,1,-0.003678882,0.000703044,0.049960957,0.000000000,0.000000000,0.050000000,0.003678880,0.000703059,-0.000038979,0.003745660,0.001018035
25.004816156,TRACKING,,0.002455358,1,-0.003531935,0.000694311,0.049960994,0.000000000,0.000000000,0.050000000,0.003531933,0.000694326,-0.000038944,0.003599744,0.001020884
25.014847743,TRACKING,,0.001386779,1,-0.003386944,0.000685851,0.049961130,0.000000000,0.000000000,0.050000000,0.003386942,0.000685865,-0.000038811,0.003455907,0.001022048
25.025091860,TRACKING,,0.000208967,1,-0.003857711,0.000677329,0.049961381,0.000000000,0.000000000,0.050000000,0.003857709,0.000677344,-0.000038552,0.003916912,0.001021410
25.035202997,TRACKING,,0.001896135,1,-0.003857711,0.000677329,0.049961381,0.000000000,0.000000000,0.050000000,0.003857709,0.000677344,-0.000038552,0.003916912,0.001021410
25.045120603,TRACKING,,0.001175437,1,-0.003712764,0.000669170,0.049961547,0.000000000,0.000000000,0.050000000,0.003712762,0.000669185,-0.000038388,0.003772782,0.001021929
25.055141505,TRACKING,,0.000360943,1,-0.003565048,0.000661183,0.049961465,0.000000000,0.000000000,0.050000000,0.003565047,0.000661198,-0.000038472,0.003626047,0.001026262
25.065384434,TRACKING,,0.002365123,1,-0.004041116,0.000653217,0.049961429,0.000000000,0.000000000,0.050000000,0.004041114,0.000653233,-0.000038499,0.004093751,0.001029922
25.075348345,TRACKING,,0.001906821,1,-0.003897706,0.000645516,0.049961452,0.000000000,0.000000000,0.050000000,0.003897705,0.000645531,-0.000038479,0.003950986,0.001032555
25.085429800,TRACKING,,0.001379655,1,-0.003752063,0.000637950,0.049961372,0.000000000,0.000000000,0.050000000,0.003752061,0.000637964,-0.000038561,0.003806106,0.001036751
25.095523127,TRACKING,,0.000172160,1,-0.003603669,0.000630295,0.049961358,0.000000000,0.000000000,0.050000000,0.003603668,0.000630309,-0.000038578,0.003658579,0.001039991
25.105615268,TRACKING,,0.001855766,1,-0.004083115,0.000622318,0.049961457,0.000000000,0.000000000,0.050000000,0.004083113,0.000622334,-0.000038470,0.004130447,0.001041561
25.115845137,TRACKING,,0.000787187,1,-0.003933754,0.000614547,0.049961671,0.000000000,0.000000000,0.050000000,0.003933752,0.000614562,-0.000038259,0.003981652,0.001041206
25.126152180,TRACKING,,0.002562216,1,-0.003781430,0.000606805,0.049961778,0.000000000,0.000000000,0.050000000,0.003781428,0.000606820,-0.000038155,0.003829998,0.001042580
25.135923747,TRACKING,,0.001555377,1,-0.004271090,0.000599222,0.049962117,0.000000000,0.000000000,0.050000000,0.004271089,0.000599238,-0.000037807,0.004313086,0.001040136
25.146013513,TRACKING,,0.000441680,1,-0.004123614,0.000591888,0.049962450,0.000000000,0.000000000,0.050000000,0.004123612,0.000591904,-0.000037476,0.004166045,0.001037590
25.156172143,TRACKING,,0.002197712,1,-0.004123614,0.000591888,0.049962450,0.000000000,0.000000000,0.050000000,0.004123612,0.000591904,-0.000037476,0.004166045,0.001037590
25.166254785,TRACKING,,0.001124383,1,-0.003974151,0.000584618,0.049962684,0.000000000,0.000000000,0.050000000,0.003974150,0.000584633,-0.000037245,0.004017094,0.001036530
25.176273312,TRACKING,,0.000041556,1,-0.004465246,0.000577241,0.049962851,0.000000000,0.000000000,0.050000000,0.004465245,0.000577259,-0.000037070,0.004502556,0.001036499
25.186348830,TRACKING,,0.001671734,1,-0.004314281,0.000570003,0.049963052,0.000000000,0.000000000,0.050000000,0.004314279,0.000570020,-0.000036872,0.004351929,0.001035887
25.196450469,TRACKING,,0.000552100,1,-0.004160100,0.000562848,0.049963139,0.000000000,0.000000000,0.050000000,0.004160099,0.000562863,-0.000036787,0.004198165,0.001037052
25.206897616,TRACKING,,0.002342564,1,-0.004652981,0.000555635,0.049963191,0.000000000,0.000000000,0.050000000,0.004652980,0.000555653,-0.000036726,0.004686184,0.001038697
25.216746358,TRACKING,,0.001123196,1,-0.004498602,0.000548657,0.049963288,0.000000000,0.000000000,0.050000000,0.004498601,0.000548674,-0.000036632,0.004532085,0.001039592
25.226742326,TRACKING,,0.000065302,1,-0.004343249,0.000541836,0.049963374,0.000000000,0.000000000,0.050000000,0.004343248,0.000541853,-0.000036548,0.004377070,0.001040679
25.237133669,TRACKING,,0.001843893,1,-0.004840342,0.000534966,0.049963474,0.000000000,0.000000000,0.050000000,0.004840341,0.000534984,-0.000036440,0.004869952,0.001041618
25.246856556,TRACKING,,0.000857238,1,-0.004682702,0.000528305,0.049963543,0.000000000,0.000000000,0.050000000,0.004682700,0.000528323,-0.000036373,0.004712550,0.001043005
25.257019935,TRACKING,,0.000058178,1,-0.004682702,0.000528305,0.049963543,0.000000000,0.000000000,0.050000000,0.004682700,0.000528323,-0.000036373,0.004712550,0.001043005
25.267121574,TRACKING,,0.001828459,1,-0.004526480,0.000521886,0.049963443,0.000000000,0.000000000,0.050000000,0.004526479,0.000521902,-0.000036476,0.004556613,0.001046882
25.277112793,TRACKING,,0.001167126,1,-0.005029580,0.000515558,0.049963630,0.000000000,0.000000000,0.050000000,0.005029579,0.000515576,-0.000036279,0.005056066,0.001046238
25.287164565,TRACKING,,0.000694577,1,-0.004873080,0.000509260,0.049963507,0.000000000,0.000000000,0.050000000,0.004873078,0.000509278,-0.000036405,0.004899753,0.001050552
25.297312509,TRACKING,,0.000244586,1,-0.004715998,0.000503139,0.049963277,0.000000000,0.000000000,0.050000000,0.004715997,0.000503156,-0.000036637,0.004742904,0.001056637
25.307383278,TRACKING,,0.002267764,1,-0.005219285,0.000497033,0.049963123,0.000000000,0.000000000,0.050000000,0.005219284,0.000497052,-0.000036782,0.005243028,0.001061651
25.317451672,TRACKING,,0.001878326,1,-0.005063265,0.000491039,0.049963055,0.000000000,0.000000000,0.050000000,0.005063264,0.000491057,-0.000036853,0.005087154,0.001065318
25.327543813,TRACKING,,0.001120821,1,-0.004906002,0.000485199,0.049962910,0.000000000,0.000000000,0.050000000,0.004906001,0.000485217,-0.000037000,0.004930076,0.001070142
25.337619331,TRACKING,,0.000084299,1,-0.005402546,0.000479033,0.049962714,0.000000000,0.000000000,0.050000000,0.005402545,0.000479052,-0.000037186,0.005423870,0.001075978
25.347751840,TRACKING,,0.002138347,1,-0.005237167,0.000473051,0.049962603,0.000000000,0.000000000,0.050000000,0.005237166,0.000473069,-0.000037300,0.005258621,0.001080457
25.357839231,TRACKING,,0.001614742,1,-0.005076811,0.000467394,0.049962515,0.000000000,0.000000000,0.050000000,0.005076810,0.000467412,-0.000037391,0.005098418,0.001084473
25.367921874,TRACKING,,0.001040084,1,-0.005584405,0.000461792,0.049962594,0.000000000,0.000000000,0.050000000,0.005584404,0.000461812,-0.000037302,0.005603591,0.001085822
25.378023513,TRACKING,,0.000222027,1,-0.005422658,0.000456256,0.049962524,0.000000000,0.000000000,0.050000000,0.005422657,0.000456275,-0.000037374,0.005441948,0.001089563
25.388119215,TRACKING,,0.001991120,1,-0.005253556,0.000450571,0.049962516,0.000000000,0.000000000,0.050000000,0.005253555,0.000450589,-0.000037385,0.005272975,0.001092326
25.398205419,TRACKING,,0.000930852,1,-0.005755180,0.000444969,0.049962753,0.000000000,0.000000000,0.050000000,0.005755180,0.000444989,-0.000037139,0.005772477,0.001091126
25.408383046,TRACKING,,0.002606147,1,-0.005755180,0.000444969,0.049962753,0.000000000,0.000000000,0.050000000,0.005755180,0.000444989,-0.000037139,0.005772477,0.001091126
25.418356455,TRACKING,,0.001630177,1,-0.005586465,0.000439494,0.049962797,0.000000000,0.000000000,0.050000000,0.005586464,0.000439514,-0.000037098,0.005603849,0.001092982
25.428454532,TRACKING,,0.000593656,1,-0.005416998,0.000434179,0.049962807,0.000000000,0.000000000,0.050000000,0.005416997,0.000434197,-0.000037091,0.005434498,0.001095343
25.438871996,TRACKING,,0.002299820,1,-0.005909408,0.000428718,0.049962635,0.000000000,0.000000000,0.050000000,0.005909407,0.000428738,-0.000037253,0.005925057,0.001100670
25.448606756,TRACKING,,0.001013963,1,-0.005737020,0.000423382,0.049962573,0.000000000,0.000000000,0.050000000,0.005737020,0.000423402,-0.000037318,0.005752743,0.001104268
25.458622909,TRACKING,,0.000268332,1,-0.005558736,0.000418057,0.049962273,0.000000000,0.000000000,0.050000000,0.005558735,0.000418076,-0.000037621,0.005574562,0.001111796
25.468846841,TRACKING,,0.002487416,1,-0.006055377,0.000412929,0.049962152,0.000000000,0.000000000,0.050000000,0.006055377,0.000412950,-0.000037731,0.006069558,0.001116372
25.478997160,TRACKING,,0.001898510,1,-0.005887188,0.000408006,0.049962064,0.000000000,0.000000000,0.050000000,0.005887187,0.000408026,-0.000037823,0.005901431,0.001120297
25.488936137,TRACKING,,0.001321477,1,-0.005719089,0.000403210,0.049961968,0.000000000,0.000000000,0.050000000,0.005719089,0.000403229,-0.000037921,0.005733412,0.001124346
25.499034214,TRACKING,,0.000794311,1,-0.006218038,0.000398399,0.049962005,0.000000000,0.000000000,0.050000000,0.006218037,0.000398420,-0.000037874,0.006230903,0.001126289
25.509133478,TRACKING,,0.000182846,1,-0.006048361,0.000393699,0.049961861,0.000000000,0.000000000,0.050000000,0.006048361,0.000393719,-0.000038022,0.006061281,0.001131178
25.519223244,TRACKING,,0.001981621,1,-0.005871179,0.000388873,0.049961762,0.000000000,0.000000000,0.050000000,0.005871179,0.000388893,-0.000038123,0.005884168,0.001135440
25.529305886,TRACKING,,0.000902356,1,-0.006361398,0.000384029,0.049961919,0.000000000,0.000000000,0.050000000,0.006361397,0.000384050,-0.000037957,0.006373093,0.001135550
25.539434834,TRACKING,,0.002604960,1,-0.006361398,0.000384029,0.049961919,0.000000000,0.000000000,0.050000000,0.006361397,0.000384050,-0.000037957,0.006373093,0.001135550
25.549447424,TRACKING,,0.001988745,1,-0.006182576,0.000379308,0.049961884,0.000000000,0.000000000,0.050000000,0.006182575,0.000379328,-0.000037994,0.006194317,0.001138687
25.559537190,TRACKING,,0.000905918,1,-0.006007820,0.000374836,0.049961829,0.000000000,0.000000000,0.050000000,0.006007819,0.000374856,-0.000038053,0.006019623,0.001142152
25.569986711,TRACKING,,0.002577651,1,-0.006485141,0.000370082,0.049961567,0.000000000,0.000000000,0.050000000,0.006485140,0.000370103,-0.000038305,0.006495805,0.001148988
25.579746405,TRACKING,,0.001506697,1,-0.006301608,0.000365438,0.049961434,0.000000000,0.000000000,0.050000000,0.006301607,0.000365458,-0.000038440,0.006312313,0.001153816
25.589861104,TRACKING,,0.000357380,1,-0.006115685,0.000360866,0.049961259,0.000000000,0.000000000,0.050000000,0.006115685,0.000360886,-0.000038618,0.006126445,0.001159384
25.599944934,TRACKING,,0.002097978,1,-0.006589324,0.000356243,0.049961063,0.000000000,0.000000000,0.050000000,0.006589324,0.000356264,-0.000038805,0.006599062,0.001165298
25.610032325,TRACKING,,0.001040085,1,-0.006403677,0.000351771,0.049960970,0.000000000,0.000000000,0.050000000,0.006403677,0.000351792,-0.000038901,0.006413450,0.001169549
25.620187393,TRACKING,,0.000033244,1,-0.006213508,0.000347321,0.049960728,0.000000000,0.000000000,0.050000000,0.006213508,0.000347341,-0.000039146,0.006223332,0.001176271
25.630243914,TRACKING,,0.001796401,1,-0.006685475,0.000342917,0.049960748,0.000000000,0.000000000,0.050000000,0.006685475,0.000342938,-0.000039116,0.006694379,0.001178785
25.640656629,TRACKING,,0.000756317,1,-0.006500543,0.000338685,0.049960782,0.000000000,0.000000000,0.050000000,0.006500543,0.000338706,-0.000039086,0.006509478,0.001180963
25.650485186,TRACKING,,0.002493352,1,-0.006500543,0.000338685,0.049960782,0.000000000,0.000000000,0.050000000,0.006500543,0.000338706,-0.000039086,0.006509478,0.001180963
25.660396855,TRACKING,,0.001524507,1,-0.006313313,0.000334498,0.049960715,0.000000000,0.000000000,0.050000000,0.006313312,0.000334518,-0.000039155,0.006322290,0.001184809
25.670506806,TRACKING,,0.000374003,1,-0.006780541,0.000330323,0.049960791,0.000000000,0.000000000,0.050000000,0.006780541,0.000330344,-0.000039070,0.006788696,0.001186415
25.680731925,TRACKING,,0.002196524,1,-0.006589543,0.000326109,0.049960701,0.000000000,0.000000000,0.050000000,0.006589543,0.000326130,-0.000039164,0.006597725,0.001190594
25.690786071,TRACKING,,0.001205120,1,-0.006401360,0.000322068,0.049960535,0.000000000,0.000000000,0.050000000,0.006401360,0.000322088,-0.000039333,0.006409578,0.001195979
25.700937578,TRACKING,,0.002525410,1,-0.006852658,0.000317795,0.049960364,0.000000000,0.000000000,0.050000000,0.006852657,0.000317817,-0.000039494,0.006860137,0.001201590
25.710805316,TRACKING,,0.002049298,1,-0.006664641,0.000313827,0.049960360,0.000000000,0.000000000,0.050000000,0.006664641,0.000313848,-0.000039501,0.006672143,0.001204401
25.720832155,TRACKING,,0.001425960,1,-0.006483884,0.000310098,0.049960370,0.000000000,0.000000000,0.050000000,0.006483884,0.000310118,-0.000039495,0.006491416,0.001206834
25.730891051,TRACKING,,0.000875048,1,-0.006945446,0.000306301,0.049960535,0.000000000,0.000000000,0.050000000,0.006945446,0.000306323,-0.000039320,0.006952309,0.001206719
25.740933324,TRACKING,,0.000260021,1,-0.006761260,0.000302598,0.049960535,0.000000000,0.000000000,0.050000000,0.006761260,0.000302619,-0.000039324,0.006768143,0.001209273
25.751063459,TRACKING,,0.002379370,1,-0.006580546,0.000299015,0.049960600,0.000000000,0.000000000,0.050000000,0.006580546,0.000299035,-0.000039262,0.006587454,0.001210659
25.761064176,TRACKING,,0.001979247,1,-0.007040320,0.000295421,0.049960884,0.000000000,0.000000000,0.050000000,0.007040320,0.000295442,-0.000038969,0.007046624,0.001208387
25.771145631,TRACKING,,0.001181374,1,-0.006860262,0.000291914,0.049961159,0.000000000,0.000000000,0.050000000,0.006860262,0.000291934,-0.000038698,0.006866580,0.001206198
25.781231835,TRACKING,,0.000122293,1,-0.006670873,0.000288296,0.049961333,0.000000000,0.000000000,0.050000000,0.006670873,0.000288316,-0.000038528,0.006677212,0.001205652
25.791219492,TRACKING,,0.001791652,1,-0.006670873,0.000288296,0.049961333,0.000000000,0.000000000,0.050000000,0.006670873,0.000288316,-0.000038528,0.006677212,0.001205652
25.801327068,TRACKING,,0.000693390,1,-0.007117301,0.000284679,0.049961780,0.000000000,0.000000000,0.050000000,0.007117301,0.000284701,-0.000038073,0.007123094,0.001200639
25.811540314,TRACKING,,0.002309319,1,-0.006932484,0.000281120,0.049962186,0.000000000,0.000000000,0.050000000,0.006932484,0.000281140,-0.000037671,0.006938284,0.001196065
25.821655013,TRACKING,,0.001247863,1,-0.006747643,0.000277630,0.049962562,0.000000000,0.000000000,0.050000000,0.006747643,0.000277650,-0.000037299,0.006753455,0.001191798
25.831797021,TRACKING,,0.000136541,1,-0.007186070,0.000274085,0.049962941,0.000000000,0.000000000,0.050000000,0.007186070,0.000274106,-0.000036912,0.007191391,0.001187342
25.841860666,TRACKING,,0.001851018,1,-0.007002956,0.000270664,0.049963404,0.000000000,0.000000000,0.050000000,0.007002956,0.000270684,-0.000036453,0.007008280,0.001181311
25.851944495,TRACKING,,0.000803809,1,-0.006820797,0.000267328,0.049963886,0.000000000,0.000000000,0.050000000,0.006820797,0.000267348,-0.000035975,0.006826129,0.001174753
25.862074630,TRACKING,,0.000027308,1,-0.007254447,0.000263950,0.049964391,0.000000000,0.000000000,0.050000000,0.007254447,0.000263971,-0.000035463,0.007259335,0.001167695
25.872071786,TRACKING,,0.001713290,1,-0.007074922,0.000260750,0.049964858,0.000000000,0.000000000,0.050000000,0.007074922,0.000260770,-0.000035000,0.007079813,0.001161098
25.882087938,TRACKING,,0.001219368,1,-0.006904076,0.000257753,0.049965353,0.000000000,0.000000000,0.050000000,0.006904076,0.000257773,-0.000034509,0.006908972,0.001153867
25.892136148,TRACKING,,0.000644710,1,-0.007340348,0.000254706,0.049965841,0.000000000,0.000000000,0.050000000,0.007340348,0.000254727,-0.000034014,0.007344845,0.001146652
25.902167736,TRACKING,,0.000188782,1,-0.007167890,0.000251793,0.049966176,0.000000000,0.000000000,0.050000000,0.007167890,0.000251814,-0.000033682,0.007172391,0.001141784
25.912321617,TRACKING,,0.002068296,1,-0.007167890,0.000251793,0.049966176,0.000000000,0.000000000,0.050000000,0.007167890,0.000251814,-0.000033682,0.007172391,0.001141784
25.922437503,TRACKING,,0.001048395,1,-0.006994213,0.000248894,0.049966548,0.000000000,0.000000000,0.050000000,0.006994213,0.000248913,-0.000033315,0.006998720,0.001136243
25.932549828,TRACKING,,0.000047492,1,-0.007407867,0.000245808,0.049966757,0.000000000,0.000000000,0.050000000,0.007407867,0.000245829,-0.000033098,0.007412018,0.001133263
25.942647905,TRACKING,,0.002025552,1,-0.007225214,0.000242819,0.049966961,0.000000000,0.000000000,0.050000000,0.007225214,0.000242839,-0.000032898,0.007229368,0.001130373
25.952713925,TRACKING,,0.001602869,1,-0.007045901,0.000239974,0.049967006,0.000000000,0.000000000,0.050000000,0.007045901,0.000239993,-0.000032856,0.007050064,0.001130068
25.962730078,TRACKING,,0.000410809,1,-0.006864269,0.000237109,0.049967103,0.000000000,0.000000000,0.050000000,0.006864269,0.000237128,-0.000032763,0.006868442,0.001128979
25.972899393,TRACKING,,0.002166842,1,-0.007267171,0.000234106,0.049967278,0.000000000,0.000000000,0.050000000,0.007267171,0.000234126,-0.000032581,0.007271014,0.001126679
25.983116201,TRACKING,,0.001233616,1,-0.007086365,0.000231236,0.049967566,0.000000000,0.000000000,0.050000000,0.007086365,0.000231255,-0.000032296,0.007090211,0.001122547
25.992975629,TRACKING,,0.000180471,1,-0.006900110,0.000228356,0.049967680,0.000000000,0.000000000,0.050000000,0.006900110,0.000228375,-0.000032186,0.006903963,0.001121264
26.003023839,TRACKING,,0.001980434,1,-0.007297428,0.000225502,0.049968016,0.000000000,0.000000000,0.050000000,0.007297428,0.000225521,-0.000031843,0.007300982,0.001116264
26.013049490,TRACKING,,0.001119634,1,-0.007117694,0.000222779,0.049968313,0.000000000,0.000000000,0.050000000,0.007117694,0.000222798,-0.000031550,0.007121250,0.001111860
26.023297168,TRACKING,,0.000482048,1,-0.006939033,0.000220147,0.049968427,0.000000000,0.000000000,0.050000000,0.006939033,0.000220165,-0.000031440,0.006942596,0.001110492
26.033781121,TRACKING,,0.002545594,1,-0.006939033,0.000220147,0.049968427,0.000000000,0.000000000,0.050000000,0.006939033,0.000220165,-0.000031440,0.006942596,0.001110492
26.043429208,TRACKING,,0.001928193,1,-0.007329877,0.000217494,0.049968731,0.000000000,0.000000000,0.050000000,0.007329877,0.000217513,-0.000031128,0.007333170,0.001106000
26.053526098,TRACKING,,0.001317915,1,-0.007158379,0.000214937,0.049969190,0.000000000,0.000000000,0.050000000,0.007158379,0.000214956,-0.000030674,0.007161671,0.001098869
26.063627737,TRACKING,,0.000483235,1,-0.006984248,0.000212423,0.049969469,0.000000000,0.000000000,0.050000000,0.006984248,0.000212441,-0.000030398,0.006987544,0.001094581
26.073633203,TRACKING,,0.002201274,1,-0.007356872,0.000209778,0.049969594,0.000000000,0.000000000,0.050000000,0.007356872,0.000209797,-0.000030267,0.007359925,0.001092753
26.083902253,TRACKING,,0.001550628,1,-0.007177386,0.000207215,0.049969833,0.000000000,0.000000000,0.050000000,0.007177386,0.000207233,-0.000030032,0.007180440,0.001088981
26.093806799,TRACKING,,0.000786000,1,-0.006995390,0.000204701,0.049969966,0.000000000,0.000000000,0.050000000,0.006995390,0.000204719,-0.000029903,0.006998448,0.001086917
26.103929809,TRACKING,,0.000115169,1,-0.007358724,0.000202217,0.049970012,0.000000000,0.000000000,0.050000000,0.007358724,0.000202236,-0.000029850,0.007361563,0.001086275
26.114030261,TRACKING,,0.002235706,1,-0.007180876,0.000199823,0.049970075,0.000000000,0.000000000,0.050000000,0.007180876,0.000199842,-0.000029790,0.007183718,0.001085423
26.124039290,TRACKING,,0.001678857,1,-0.007004901,0.000197509,0.049970132,0.000000000,0.000000000,0.050000000,0.007004901,0.000197527,-0.000029736,0.007007749,0.001084709
26.134183672,TRACKING,,0.001155254,1,-0.007356866,0.000195140,0.049970346,0.000000000,0.000000000,0.050000000,0.007356867,0.000195159,-0.000029516,0.007359514,0.001081423
26.144088217,TRACKING,,0.000818057,1,-0.007178548,0.000192873,0.049970336,0.000000000,0.000000000,0.050000000,0.007178548,0.000192891,-0.000029529,0.007181200,0.001081725
26.154065189,TRACKING,,0.000282580,1,-0.007003645,0.000190684,0.049970360,0.000000000,0.000000000,0.050000000,0.007003645,0.000190702,-0.000029509,0.007006303,0.001081552
26.164108649,TRACKING,,0.002551531,1,-0.007344241,0.000188446,0.049970538,0.000000000,0.000000000,0.050000000,0.007344241,0.000188465,-0.000029325,0.007346717,0.001078855
26.174260156,TRACKING,,0.002168029,1,-0.007167466,0.000186288,0.049970641,0.000000000,0.000000000,0.050000000,0.007167466,0.000186306,-0.000029225,0.007169947,0.001077377
26.184232378,TRACKING,,0.002036238,1,-0.006998585,0.000184265,0.049970730,0.000000000,0.000000000,0.050000000,0.006998585,0.000184282,-0.000029140,0.007001071,0.001076107
26.194291273,TRACKING,,0.001796401,1,-0.007328546,0.000182174,0.049970928,0.000000000,0.000000000,0.050000000,0.007328546,0.000182192,-0.000028936,0.007330867,0.001073084
26.204268245,TRACKING,,0.001718038,1,-0.007158476,0.000180188,0.049971024,0.000000000,0.000000000,0.050000000,0.007158476,0.000180205,-0.000028843,0.007160802,0.001071718
26.214320017,TRACKING,,0.001379655,1,-0.006982322,0.000178184,0.049970909,0.000000000,0.000000000,0.050000000,0.006982322,0.000178201,-0.000028961,0.006984656,0.001073927
26.224395535,TRACKING,,0.001327413,1,-0.006810452,0.000176206,0.049970976,0.000000000,0.000000000,0.050000000,0.006810452,0.000176222,-0.000028898,0.006812793,0.001073233
26.234447307,TRACKING,,0.001575561,1,-0.006810452,0.000176206,0.049970976,0.000000000,0.000000000,0.050000000,0.006810452,0.000176222,-0.000028898,0.006812793,0.001073233
26.244712795,TRACKING,,0.001663422,1,-0.007093551,0.000173772,0.049971300,0.000000000,0.000000000,0.050000000,0.007093551,0.000173789,-0.000028569,0.007095737,0.001068397
26.254819183,TRACKING,,0.001696667,1,-0.006893695,0.000171361,0.049971991,0.000000000,0.000000000,0.050000000,0.006893695,0.000171377,-0.000027882,0.006895881,0.001057347
26.265413556,TRACKING,,0.000027308,1,-0.007202878,0.000169421,0.049972462,0.000000000,0.000000000,0.050000000,0.007202878,0.000169438,-0.000027407,0.007204923,0.001049685
26.275424959,TRACKING,,0.000022559,1,-0.007006151,0.000167149,0.049972764,0.000000000,0.000000000,0.050000000,0.007006151,0.000167166,-0.000027109,0.007008198,0.001044517
26.285593088,TRACKING,,0.002233332,1,-0.006839470,0.000165279,0.049972935,0.000000000,0.000000000,0.050000000,0.006839470,0.000165295,-0.000026942,0.006841520,0.001041510
26.295635361,TRACKING,,0.001747721,1,-0.007116999,0.000163270,0.049973206,0.000000000,0.000000000,0.050000000,0.007116999,0.000163286,-0.000026666,0.007118922,0.001036791
26.305487665,TRACKING,,0.001592183,1,-0.006949120,0.000161414,0.049973496,0.000000000,0.000000000,0.050000000,0.006949120,0.000161430,-0.000026380,0.006951045,0.001031714
26.315525189,TRACKING,,0.001187310,1,-0.006777287,0.000159583,0.049973527,0.000000000,0.000000000,0.050000000,0.006777287,0.000159599,-0.000026353,0.006779217,0.001030866
26.325587647,TRACKING,,0.000948661,1,-0.006608801,0.000157776,0.049973707,0.000000000,0.000000000,0.050000000,0.006608801,0.000157791,-0.000026176,0.006610736,0.001027661
26.335648917,TRACKING,,0.000710012,1,-0.006878903,0.000155921,0.049974122,0.000000000,0.000000000,0.050000000,0.006878903,0.000155936,-0.000025757,0.006880718,0.001020581
26.345751744,TRACKING,,0.000421495,1,-0.006714574,0.000154152,0.049974474,0.000000000,0.000000000,0.050000000,0.006714574,0.000154167,-0.000025409,0.006716392,0.001014397
26.355839135,TRACKING,,0.000763441,1,-0.006519997,0.000152076,0.049974965,0.000000000,0.000000000,0.050000000,0.006519997,0.000152091,-0.000024922,0.006521818,0.001005780
26.365868348,TRACKING,,0.001022275,1,-0.006519997,0.000152076,0.049974965,0.000000000,0.000000000,0.050000000,0.006519997,0.000152091,-0.000024922,0.006521818,0.001005780
26.375968800,TRACKING,,0.001359471,1,-0.006745041,0.000149963,0.049975511,0.000000000,0.000000000,0.050000000,0.006745041,0.000149978,-0.000024373,0.006746752,0.000996067
26.386015823,TRACKING,,0.001643238,1,-0.006556698,0.000147937,0.049976109,0.000000000,0.000000000,0.050000000,0.006556698,0.000147951,-0.000023780,0.006558410,0.000985390
26.396036724,TRACKING,,0.001391528,1,-0.006760916,0.000145841,0.049976612,0.000000000,0.000000000,0.050000000,0.006760916,0.000145856,-0.000023274,0.006762530,0.000976085
26.406151424,TRACKING,,0.001453269,1,-0.006598519,0.000144201,0.049976836,0.000000000,0.000000000,0.050000000,0.006598519,0.000144216,-0.000023053,0.006600135,0.000971410
26.416243564,TRACKING,,0.001715664,1,-0.006403623,0.000142282,0.049977077,0.000000000,0.000000000,0.050000000,0.006403623,0.000142296,-0.000022816,0.006405244,0.000966316
26.426303647,TRACKING,,0.001847456,1,-0.006627931,0.000140700,0.049977473,0.000000000,0.000000000,0.050000000,0.006627931,0.000140715,-0.000022417,0.006629462,0.000958882
26.436559637,TRACKING,,0.002116975,1,-0.006627931,0.000140700,0.049977473,0.000000000,0.000000000,0.050000000,0.006627931,0.000140715,-0.000022417,0.006629462,0.000958882
26.446567478,TRACKING,,0.000100921,1,-0.006437323,0.000138875,0.049977824,0.000000000,0.000000000,0.050000000,0.006437323,0.000138889,-0.000022070,0.006438859,0.000951902
26.456799722,TRACKING,,0.000440492,1,-0.006239616,0.000137099,0.049977675,0.000000000,0.000000000,0.050000000,0.006239616,0.000137112,-0.000022222,0.006241162,0.000953071
26.466717327,TRACKING,,0.000864362,1,-0.006401111,0.000135289,0.049977474,0.000000000,0.000000000,0.050000000,0.006401111,0.000135303,-0.000022421,0.006402580,0.000955178
26.476735855,TRACKING,,0.000799060,1,-0.006192968,0.000133459,0.049977245,0.000000000,0.000000000,0.050000000,0.006192968,0.000133472,-0.000022653,0.006194448,0.000957805
26.486952663,TRACKING,,0.000850114,1,-0.005990495,0.000131701,0.049977116,0.000000000,0.000000000,0.050000000,0.005990495,0.000131714,-0.000022784,0.005991986,0.000959074
26.497012746,TRACKING,,0.000923727,1,-0.006167743,0.000130230,0.049977203,0.000000000,0.000000000,0.050000000,0.006167743,0.000130243,-0.000022695,0.006169160,0.000957114
26.506906606,TRACKING,,0.000973595,1,-0.006003809,0.000128830,0.049977184,0.000000000,0.000000000,0.050000000,0.006003809,0.000128842,-0.000022717,0.006005235,0.000956846
26.516950066,TRACKING,,0.001314353,1,-0.006003809,0.000128830,0.049977184,0.000000000,0.000000000,0.050000000,0.006003809,0.000128842,-0.000022717,0.006005235,0.000956846
26.527011337,TRACKING,,0.001544691,1,-0.005806185,0.000127154,0.049977174,0.000000000,0.000000000,0.050000000,0.005806185,0.000127166,-0.000022730,0.005807622,0.000956416
26.537090417,TRACKING,,0.001744159,1,-0.005926786,0.000125434,0.049977268,0.000000000,0.000000000,0.050000000,0.005926786,0.000125447,-0.000022634,0.005928157,0.000954331
26.547111319,TRACKING,,0.001608806,1,-0.005767691,0.000124062,0.049977548,0.000000000,0.000000000,0.050000000,0.005767691,0.000124074,-0.000022357,0.005769069,0.000949267
26.557188024,TRACKING,,0.001133881,1,-0.005602325,0.000122684,0.049977536,0.000000000,0.000000000,0.050000000,0.005602325,0.000122695,-0.000022372,0.005603713,0.000948969
26.567296787,TRACKING,,0.000997341,1,-0.005730734,0.000121227,0.049977683,0.000000000,0.000000000,0.050000000,0.005730734,0.000121238,-0.000022223,0.005732060,0.000946092
26.577348559,TRACKING,,0.001311978,1,-0.005570963,0.000119877,0.049977880,0.000000000,0.000000000,0.050000000,0.005570963,0.000119888,-0.000022030,0.005572296,0.000942448
26.587580802,TRACKING,,0.001693105,1,-0.005377391,0.000118265,0.049978088,0.000000000,0.000000000,0.050000000,0.005377391,0.000118276,-0.000021824,0.005378735,0.000938503
26.597708562,TRACKING,,0.001568437,1,-0.005460594,0.000116599,0.049978697,0.000000000,0.000000000,0.050000000,0.005460594,0.000116610,-0.000021216,0.005461880,0.000927912
26.607595298,TRACKING,,0.001289419,1,-0.005302636,0.000115252,0.049979255,0.000000000,0.000000000,0.050000000,0.005302636,0.000115262,-0.000020660,0.005303929,0.000918075
26.617820417,TRACKING,,0.000909480,1,-0.005144574,0.000113907,0.049979768,0.000000000,0.000000000,0.050000000,0.005144574,0.000113917,-0.000020151,0.005145874,0.000908784
26.627748709,TRACKING,,0.000744444,1,-0.005243584,0.000112543,0.049980514,0.000000000,0.000000000,0.050000000,0.005243584,0.000112553,-0.000019405,0.005244828,0.000895510
26.637940583,TRACKING,,0.000530728,1,-0.005094369,0.000111261,0.049981171,0.000000000,0.000000000,0.050000000,0.005094369,0.000111271,-0.000018751,0.005095619,0.000883630
26.647927053,TRACKING,,0.000401311,1,-0.004943858,0.000109960,0.049981908,0.000000000,0.000000000,0.050000000,0.004943858,0.000109970,-0.000018018,0.004945114,0.000870243
26.657928958,TRACKING,,0.000645897,1,-0.004943858,0.000109960,0.049981908,0.000000000,0.000000000,0.050000000,0.004943858,0.000109970,-0.000018018,0.004945114,0.000870243
26.668070966,TRACKING,,0.000699326,1,-0.004997452,0.000108398,0.049982917,0.000000000,0.000000000,0.050000000,0.004997452,0.000108408,-0.000017010,0.004998656,0.000851819
26.678085931,TRACKING,,0.001757220,1,-0.004858112,0.000107149,0.049983819,0.000000000,0.000000000,0.050000000,0.004858112,0.000107159,-0.000016111,0.004859321,0.000835212
26.688103271,TRACKING,,0.001729911,1,-0.004696378,0.000105717,0.049984771,0.000000000,0.000000000,0.050000000,0.004696378,0.000105726,-0.000015162,0.004697593,0.000817300
26.698530233,TRACKING,,0.002014866,1,-0.004759823,0.000104444,0.049985544,0.000000000,0.000000000,0.050000000,0.004759823,0.000104453,-0.000014390,0.004760990,0.000802489
26.708604564,TRACKING,,0.001766719,1,-0.004620283,0.000103196,0.049986282,0.000000000,0.000000000,0.050000000,0.004620283,0.000103205,-0.000013656,0.004621456,0.000788008
26.718528106,TRACKING,,0.001382029,1,-0.004476157,0.000101906,0.049987108,0.000000000,0.000000000,0.050000000,0.004476157,0.000101914,-0.000012832,0.004477335,0.000771856
26.728722356,TRACKING,,0.001404588,1,-0.004489682,0.000100374,0.049988266,0.000000000,0.000000000,0.050000000,0.004489682,0.000100383,-0.000011676,0.004490819,0.000749628
26.738636400,TRACKING,,0.001374906,1,-0.004358093,0.000099158,0.049989247,0.000000000,0.000000000,0.050000000,0.004358093,0.000099166,-0.000010698,0.004359234,0.000730671
26.748733289,TRACKING,,0.000926102,1,-0.004226675,0.000097926,0.049990330,0.000000000,0.000000000,0.050000000,0.004226675,0.000097933,-0.000009618,0.004227820,0.000709804
26.758773188,TRACKING,,0.000590093,1,-0.004097128,0.000096673,0.049991597,0.000000000,0.000000000,0.050000000,0.004097127,0.000096681,-0.000008355,0.004098277,0.000685603
26.768993558,TRACKING,,0.000185220,1,-0.004128123,0.000095431,0.049993018,0.000000000,0.000000000,0.050000000,0.004128123,0.000095438,-0.000006935,0.004129232,0.000658715
26.779128442,TRACKING,,0.002385307,1,-0.004007318,0.000094200,0.049994491,0.000000000,0.000000000,0.050000000,0.004007317,0.000094207,-0.000005465,0.004008428,0.000630605
26.789367809,TRACKING,,0.002255891,1,-0.003890532,0.000092990,0.049996020,0.000000000,0.000000000,0.050000000,0.003890532,0.000092997,-0.000003940,0.003891645,0.000601327
26.799239110,TRACKING,,0.002429237,1,-0.003890532,0.000092990,0.049996020,0.000000000,0.000000000,0.050000000,0.003890532,0.000092997,-0.000003940,0.003891645,0.000601327
26.809267135,TRACKING,,0.000028495,1,-0.003885845,0.000091571,0.049997964,0.000000000,0.000000000,0.050000000,0.003885845,0.000091578,-0.000001998,0.003886924,0.000564116
26.819291599,TRACKING,,0.000098547,1,-0.003755434,0.000090136,0.049999918,0.000000000,0.000000000,0.050000000,0.003755434,0.000090143,-0.000000048,0.003756516,0.000526212
26.829383740,TRACKING,,0.000091423,1,-0.003652506,0.000089000,0.050001403,0.000000000,0.000000000,0.050000000,0.003652505,0.000089007,0.000001434,0.003653590,0.000496938
26.839604110,TRACKING,,0.000026120,1,-0.003650701,0.000087851,0.050002893,0.000000000,0.000000000,0.050000000,0.003650701,0.000087858,0.000002923,0.003651759,0.000467278
26.849521716,TRACKING,,0.000235088,1,-0.003551516,0.000086714,0.050004399,0.000000000,0.000000000,0.050000000,0.003551516,0.000086720,0.000004425,0.003552577,0.000437189
26.859843007,TRACKING,,0.000257646,1,-0.003432873,0.000085347,0.050006153,0.000000000,0.000000000,0.050000000,0.003432873,0.000085352,0.000006176,0.003433939,0.000401621
26.869659692,TRACKING,,0.000338384,1,-0.003411265,0.000084235,0.050007618,0.000000000,0.000000000,0.050000000,0.003411265,0.000084241,0.000007639,0.003412314,0.000371870
26.879729273,TRACKING,,0.000444054,1,-0.003298354,0.000082874,0.050009469,0.000000000,0.000000000,0.050000000,0.003298353,0.000082880,0.000009488,0.003299408,0.000334249
26.889846347,TRACKING,,0.000847740,1,-0.003192120,0.000081564,0.050011320,0.000000000,0.000000000,0.050000000,0.003192120,0.000081570,0.000011336,0.003193182,0.000296865
26.899934926,TRACKING,,0.000479674,1,-0.003150066,0.000080467,0.050012920,0.000000000,0.000000000,0.050000000,0.003150066,0.000080472,0.000012934,0.003151120,0.000264817
26.909921396,TRACKING,,0.000611465,1,-0.003150066,0.000080467,0.050012920,0.000000000,0.000000000,0.050000000,0.003150066,0.000080472,0.000012934,0.003151120,0.000264817
26.919964857,TRACKING,,0.001103012,1,-0.003050993,0.000079175,0.050014815,0.000000000,0.000000000,0.050000000,0.003050993,0.000079180,0.000014826,0.003052056,0.000227217
26.930137734,TRACKING,,0.001440208,1,-0.002973809,0.000077948,0.050016626,0.000000000,0.000000000,0.050000000,0.002973809,0.000077953,0.000016635,0.002974877,0.000192179
26.940127766,TRACKING,,0.001199184,1,-0.002880474,0.000076666,0.050018505,0.000000000,0.000000000,0.050000000,0.002880474,0.000076671,0.000018512,0.002881554,0.000157584
26.950170039,TRACKING,,0.001524507,1,-0.002794970,0.000075447,0.050020358,0.000000000,0.000000000,0.050000000,0.002794970,0.000075452,0.000020362,0.002796062,0.000127530
26.960232497,TRACKING,,0.001582685,1,-0.002728184,0.000074456,0.050007101,0.000000000,0.000000000,0.050000000,0.002728184,0.000074461,0.000007103,0.002729209,0.000108114
26.970347197,TRACKING,,0.001798776,1,-0.002728184,0.000074456,0.050007101,0.000000000,0.000000000,0.050000000,0.002728184,0.000074461,0.000007103,0.002729209,0.000108114
26.980476144,TRACKING,,0.001750096,1,-0.002650579,0.000073257,0.050009472,0.000000000,0.000000000,0.050000000,0.002650579,0.000073261,0.000009473,0.002651609,0.000095282
26.990590843,TRACKING,,0.001917507,1,-0.002591014,0.000072301,0.050011733,0.000000000,0.000000000,0.050000000,0.002591014,0.000072305,0.000011732,0.002592049,0.000098209
27.000656863,TRACKING,,0.002216709,1,-0.002520143,0.000071121,0.049970998,0.000000000,0.000000000,0.050000000,0.002520143,0.000071125,-0.000029005,0.002521313,0.000116222
27.010777499,TRACKING,,0.002126473,1,-0.002452198,0.000069943,0.049974618,0.000000000,0.000000000,0.050000000,0.002452198,0.000069947,-0.000025386,0.002453327,0.000144009
27.020725975,TRACKING,,0.002051673,1,-0.002400597,0.000069014,0.049978354,0.000000000,0.000000000,0.050000000,0.002400597,0.000069018,-0.000021652,0.002401687,0.000169638
27.030860858,TRACKING,,0.001647988,1,-0.002349677,0.000068064,0.049910653,0.000000000,0.000000000,0.050000000,0.002349677,0.000068068,-0.000089355,0.002352361,0.000197813
27.041020676,TRACKING,,0.001260924,1,-0.002300985,0.000067126,0.049916178,0.000000000,0.000000000,0.050000000,0.002300985,0.000067129,-0.000083831,0.002303489,0.000226341
27.050954904,TRACKING,,0.000783625,1,-0.002253959,0.000066190,0.049923652,0.000000000,0.000000000,0.050000000,0.002253958,0.000066193,-0.000076357,0.002256222,0.000253330
27.061037546,TRACKING,,0.000534290,1,-0.002210121,0.000065290,0.049832035,0.000000000,0.000000000,0.050000000,0.002210120,0.000065293,-0.000167975,0.002217455,0.000279401
27.071048949,TRACKING,,0.000203030,1,-0.002168089,0.000064404,0.049842406,0.000000000,0.000000000,0.050000000,0.002168088,0.000064407,-0.000157605,0.002174763,0.000303581
27.081339371,TRACKING,,0.002395993,1,-0.002127840,0.000063535,0.049854742,0.000000000,0.000000000,0.050000000,0.002127840,0.000063538,-0.000145269,0.002133739,0.000326032
27.091329402,TRACKING,,0.002417364,1,-0.002090525,0.000062708,0.049867742,0.000000000,0.000000000,0.050000000,0.002090524,0.000062711,-0.000132271,0.002095642,0.000347013
27.102137491,TRACKING,,0.003417080,1,-0.002090525,0.000062708,0.049867742,0.000000000,0.000000000,0.050000000,0.002090524,0.000062711,-0.000132271,0.002095642,0.000347013
27.112142958,TRACKING,,0.002057610,1,-0.002043215,0.000061626,0.049758967,0.000000000,0.000000000,0.050000000,0.002043213,0.000061629,-0.000241046,0.002058305,0.000374735
27.122147238,TRACKING,,0.002359186,1,-0.002010321,0.000060851,0.049772419,0.000000000,0.000000000,0.050000000,0.002010319,0.000060854,-0.000227595,0.002024076,0.000394045
27.132372357,TRACKING,,0.002422114,1,-0.001971318,0.000059918,0.049638993,0.000000000,0.000000000,0.050000000,0.001971316,0.000059920,-0.000361021,0.002004997,0.000413314
27.142311334,TRACKING,,0.000018997,1,-0.001940142,0.000059159,0.049657153,0.000000000,0.000000000,0.050000000,0.001940139,0.000059161,-0.000342861,0.001971090,0.000427156
27.152557825,TRACKING,,0.000149601,1,-0.001903412,0.000058253,0.049683752,0.000000000,0.000000000,0.050000000,0.001903410,0.000058255,-0.000316262,0.001930384,0.000439434
27.162648778,TRACKING,,0.000191157,1,-0.001868358,0.000057373,0.049533694,0.000000000,0.000000000,0.050000000,0.001868354,0.000057375,-0.000466321,0.001926524,0.000449475
27.172828780,TRACKING,,0.000288516,1,-0.001834740,0.000056516,0.049566450,0.000000000,0.000000000,0.050000000,0.001834737,0.000056518,-0.000433565,0.001886115,0.000456001
27.182829497,TRACKING,,0.000364505,1,-0.001808952,0.000055851,0.049595314,0.000000000,0.000000000,0.050000000,0.001808949,0.000055853,-0.000404701,0.001854508,0.000458830
27.192871771,TRACKING,,0.000606716,1,-0.001808952,0.000055851,0.049595314,0.000000000,0.000000000,0.050000000,0.001808949,0.000055853,-0.000404701,0.001854508,0.000458830
27.202954413,TRACKING,,0.000688640,1,-0.001778200,0.000055043,0.049428350,0.000000000,0.000000000,0.050000000,0.001778196,0.000055045,-0.000571664,0.001868639,0.000461538
27.213015683,TRACKING,,0.000578220,1,-0.001748546,0.000054255,0.049467877,0.000000000,0.000000000,0.050000000,0.001748541,0.000054256,-0.000532136,0.001828527,0.000461965
27.222958223,TRACKING,,0.000726634,1,-0.001724682,0.000053617,0.049504159,0.000000000,0.000000000,0.050000000,0.001724678,0.000053619,-0.000495855,0.001795345,0.000459154
27.233009995,TRACKING,,0.000841803,1,-0.001697029,0.000052870,0.049321014,0.000000000,0.000000000,0.050000000,0.001697023,0.000052871,-0.000678999,0.001828585,0.000454924
27.243060579,TRACKING,,0.000794311,1,-0.001674992,0.000052273,0.049361456,0.000000000,0.000000000,0.050000000,0.001674987,0.000052274,-0.000638557,0.001793340,0.000448546
27.253133723,TRACKING,,0.000624526,1,-0.001653713,0.000051694,0.049404128,0.000000000,0.000000000,0.050000000,0.001653708,0.000051695,-0.000595885,0.001758551,0.000440618
27.263286416,TRACKING,,0.000339571,1,-0.001632357,0.000051102,0.049197043,0.000000000,0.000000000,0.050000000,0.001632351,0.000051103,-0.000802969,0.001819874,0.000432418
27.273352436,TRACKING,,0.000024933,1,-0.001611560,0.000050525,0.049246209,0.000000000,0.000000000,0.050000000,0.001611555,0.000050526,-0.000753803,0.001779854,0.000420938
27.283608425,TRACKING,,0.002388869,1,-0.001591230,0.000049962,0.049299078,0.000000000,0.000000000,0.050000000,0.001591225,0.000049963,-0.000700933,0.001739483,0.000407238
27.293743309,TRACKING,,0.002282011,1,-0.001572202,0.000049433,0.049076007,0.000000000,0.000000000,0.050000000,0.001572196,0.000049434,-0.000924004,0.001824288,0.000394692
27.303554057,TRACKING,,0.002067108,1,-0.001553398,0.000048915,0.049133381,0.000000000,0.000000000,0.050000000,0.001553393,0.000048916,-0.000866629,0.001779457,0.000378679
27.313718623,TRACKING,,0.002062359,1,-0.001535621,0.000048426,0.049192686,0.000000000,0.000000000,0.050000000,0.001535616,0.000048427,-0.000807323,0.001735579,0.000360990
27.323668287,TRACKING,,0.002282011,1,-0.001535621,0.000048426,0.049192686,0.000000000,0.000000000,0.050000000,0.001535616,0.000048427,-0.000807323,0.001735579,0.000360990
27.334019261,TRACKING,,0.002121724,1,-0.001514274,0.000047832,0.048969431,0.000000000,0.000000000,0.050000000,0.001514268,0.000047832,-0.001030577,0.001832317,0.000340441
27.343847818,TRACKING,,0.001733474,1,-0.001496863,0.000047344,0.049031769,0.000000000,0.000000000,0.050000000,0.001496858,0.000047344,-0.000968239,0.001783343,0.000323729
27.354179796,TRACKING,,0.001492449,1,-0.001479379,0.000046861,0.049101301,0.000000000,0.000000000,0.050000000,0.001479375,0.000046861,-0.000898706,0.001731594,0.000301947
27.363976296,TRACKING,,0.001212244,1,-0.001462427,0.000046387,0.049172007,0.000000000,0.000000000,0.050000000,0.001462423,0.000046388,-0.000828000,0.001681196,0.000279325
27.373971077,TRACKING,,0.000860800,1,-0.001445173,0.000045903,0.048925908,0.000000000,0.000000000,0.050000000,0.001445168,0.000045904,-0.001074098,0.001801196,0.000256178
27.384082214,TRACKING,,0.000932039,1,-0.001428105,0.000045420,0.048998882,0.000000000,0.000000000,0.050000000,0.001428102,0.000045421,-0.001001124,0.001744645,0.000234663
27.394124488,TRACKING,,0.000784812,1,-0.001411852,0.000044963,0.049073933,0.000000000,0.000000000,0.050000000,0.001411849,0.000044964,-0.000926072,0.001689068,0.000211794
27.404308051,TRACKING,,0.000448804,1,-0.001395495,0.000044501,0.048811865,0.000000000,0.000000000,0.050000000,0.001395491,0.000044501,-0.001188139,0.001833317,0.000189167
27.414453621,TRACKING,,0.000027309,1,-0.001379157,0.000044036,0.048891917,0.000000000,0.000000000,0.050000000,0.001379154,0.000044037,-0.001108087,0.001769707,0.000167547
27.424643121,TRACKING,,0.002266576,1,-0.001363080,0.000043583,0.048977478,0.000000000,0.000000000,0.050000000,0.001363078,0.000043584,-0.001022525,0.001704535,0.000143996
27.434618905,TRACKING,,0.002025552,1,-0.001347473,0.000043141,0.048702744,0.000000000,0.000000000,0.050000000,0.001347471,0.000043141,-0.001297258,0.001870940,0.000122796
27.445032806,TRACKING,,0.002175153,1,-0.001332528,0.000042713,0.048786924,0.000000000,0.000000000,0.050000000,0.001332527,0.000042714,-0.001213077,0.001802501,0.000105046
27.454888672,TRACKING,,0.002230957,1,-0.001314832,0.000042213,0.048895476,0.000000000,0.000000000,0.050000000,0.001314831,0.000042213,-0.001104525,0.001717713,0.000085152
27.464959441,TRACKING,,0.000094985,1,-0.001300725,0.000041809,0.048603674,0.000000000,0.000000000,0.050000000,0.001300724,0.000041810,-0.001396327,0.001908759,0.000075732
27.475048019,TRACKING,,0.000561598,1,-0.001284090,0.000041333,0.048712830,0.000000000,0.000000000,0.050000000,0.001284091,0.000041333,-0.001287170,0.001818627,0.000073529
27.484953752,TRACKING,,0.000655395,1,-0.001267679,0.000040863,0.048826107,0.000000000,0.000000000,0.050000000,0.001267680,0.000040863,-0.001173892,0.001728209,0.000082287
27.495157500,TRACKING,,0.001141006,1,-0.001267679,0.000040863,0.048826107,0.000000000,0.000000000,0.050000000,0.001267680,0.000040863,-0.001173892,0.001728209,0.000082287
27.505259139,TRACKING,,0.001353534,1,-0.001251400,0.000040389,0.048538857,0.000000000,0.000000000,0.050000000,0.001251401,0.000040389,-0.001461141,0.001924207,0.000096885
27.515380962,TRACKING,,0.001403401,1,-0.001234963,0.000039905,0.048654159,0.000000000,0.000000000,0.050000000,0.001234965,0.000039906,-0.001345839,0.001827023,0.000114285
27.525492100,TRACKING,,0.001160002,1,-0.001221780,0.000039519,0.048750791,0.000000000,0.000000000,0.050000000,0.001221782,0.000039520,-0.001249207,0.001747808,0.000130931
27.535495192,TRACKING,,0.001164751,1,-0.001205402,0.000039033,0.048453092,0.000000000,0.000000000,0.050000000,0.001205406,0.000039033,-0.001546905,0.001961490,0.000150402
27.545536278,TRACKING,,0.001504323,1,-0.001192676,0.000038656,0.048550677,0.000000000,0.000000000,0.050000000,0.001192679,0.000038657,-0.001449320,0.001877367,0.000166857
27.555443198,TRACKING,,0.001114885,1,-0.001177103,0.000038193,0.048674127,0.000000000,0.000000000,0.050000000,0.001177107,0.000038193,-0.001325869,0.001773406,0.000187242
27.565498532,TRACKING,,0.001306041,1,-0.001164653,0.000037816,0.048336368,0.000000000,0.000000000,0.050000000,0.001164658,0.000037817,-0.001663628,0.002031137,0.000201334
27.575568114,TRACKING,,0.000999716,1,-0.001152482,0.000037455,0.048438965,0.000000000,0.000000000,0.050000000,0.001152488,0.000037455,-0.001561030,0.001940734,0.000218302
27.585726743,TRACKING,,0.000541414,1,-0.001140060,0.000037083,0.048545522,0.000000000,0.000000000,0.050000000,0.001140065,0.000037084,-0.001454474,0.001848410,0.000234949
27.595791576,TRACKING,,0.000410810,1,-0.001127824,0.000036709,0.048196116,0.000000000,0.000000000,0.050000000,0.001127832,0.000036710,-0.001803879,0.002127752,0.000248015
27.605773296,TRACKING,,0.000128230,1,-0.001115993,0.000036354,0.048302748,0.000000000,0.000000000,0.050000000,0.001116000,0.000036355,-0.001697247,0.002031606,0.000263865
27.615782325,TRACKING,,0.002382932,1,-0.001115993,0.000036354,0.048302748,0.000000000,0.000000000,0.050000000,0.001116000,0.000036355,-0.001697247,0.002031606,0.000263865
27.625930269,TRACKING,,0.002045736,1,-0.001104127,0.000035997,0.048411324,0.000000000,0.000000000,0.050000000,0.001104134,0.000035997,-0.001588671,0.001935015,0.000279195
27.635945235,TRACKING,,0.001726350,1,-0.001092481,0.000035644,0.048050343,0.000000000,0.000000000,0.050000000,0.001092491,0.000035645,-0.001949651,0.002235162,0.000293615
27.646183414,TRACKING,,0.001273985,1,-0.001080659,0.000035285,0.048158823,0.000000000,0.000000000,0.050000000,0.001080668,0.000035285,-0.001841171,0.002135182,0.000307233
27.656080836,TRACKING,,0.000936788,1,-0.001068814,0.000034941,0.048277070,0.000000000,0.000000000,0.050000000,0.001068823,0.000034942,-0.001722924,0.002027824,0.000329144
27.666285771,TRACKING,,0.000484422,1,-0.001057052,0.000034597,0.047910053,0.000000000,0.000000000,0.050000000,0.001057065,0.000034598,-0.002089940,0.002342314,0.000349645
27.676672364,TRACKING,,0.002280823,1,-0.001044813,0.000034236,0.048032870,0.000000000,0.000000000,0.050000000,0.001044826,0.000034237,-0.001967123,0.002227646,0.000369442
27.686341822,TRACKING,,0.002064733,1,-0.001033098,0.000033891,0.048155103,0.000000000,0.000000000,0.050000000,0.001033110,0.000033892,-0.001844890,0.002114731,0.000389313
27.696534884,TRACKING,,0.002109851,1,-0.001019452,0.000033482,0.047796694,0.000000000,0.000000000,0.050000000,0.001019468,0.000033482,-0.002203299,0.002427954,0.000408890
27.706441804,TRACKING,,0.001682419,1,-0.001008466,0.000033150,0.047912731,0.000000000,0.000000000,0.050000000,0.001008482,0.000033151,-0.002087261,0.002318360,0.000423673
27.716503075,TRACKING,,0.001297731,1,-0.000997269,0.000032818,0.048037030,0.000000000,0.000000000,0.050000000,0.000997284,0.000032819,-0.001962962,0.002202015,0.000442063
27.726989402,TRACKING,,0.001560126,1,-0.000986423,0.000032488,0.048155321,0.000000000,0.000000000,0.050000000,0.000986437,0.000032489,-0.001844671,0.002092110,0.000455917
27.736654111,TRACKING,,0.001460392,1,-0.000973249,0.000032069,0.047777625,0.000000000,0.000000000,0.050000000,0.000973267,0.000032070,-0.002222367,0.002426354,0.000463450
27.746713007,TRACKING,,0.001511447,1,-0.000962667,0.000031740,0.047892852,0.000000000,0.000000000,0.050000000,0.000962685,0.000031741,-0.002107140,0.002316853,0.000472900
27.756786150,TRACKING,,0.001233615,1,-0.000951938,0.000031402,0.048010010,0.000000000,0.000000000,0.050000000,0.000951955,0.000031403,-0.001989982,0.002206181,0.000480749
27.767111004,TRACKING,,0.000752755,1,-0.000941165,0.000031055,0.047596001,0.000000000,0.000000000,0.050000000,0.000941186,0.000031056,-0.002403991,0.002581854,0.000484573
27.777129531,TRACKING,,0.000446429,1,-0.000930577,0.000030720,0.047715246,0.000000000,0.000000000,0.050000000,0.000930596,0.000030721,-0.002284747,0.002467189,0.000491242
27.787178928,TRACKING,,0.000242211,1,-0.000920423,0.000030396,0.047830755,0.000000000,0.000000000,0.050000000,0.000920442,0.000030397,-0.002169237,0.002356634,0.000496859
27.797254447,TRACKING,,0.002557467,1,-0.000920423,0.000030396,0.047830755,0.000000000,0.000000000,0.050000000,0.000920442,0.000030397,-0.002169237,0.002356634,0.000496859
27.807307406,TRACKING,,0.002089667,1,-0.000910139,0.000030063,0.047403972,0.000000000,0.000000000,0.050000000,0.000910161,0.000030064,-0.002596020,0.002751112,0.000499519
27.817473160,TRACKING,,0.001690730,1,-0.000899614,0.000029723,0.047518864,0.000000000,0.000000000,0.050000000,0.000899635,0.000029724,-0.002481128,0.002639360,0.000499399
27.827388391,TRACKING,,0.001154066,1,-0.000889457,0.000029402,0.047636381,0.000000000,0.000000000,0.050000000,0.000889478,0.000029403,-0.002363612,0.002525608,0.000503140
27.837473407,TRACKING,,0.000764628,1,-0.000879098,0.000029080,0.047204808,0.000000000,0.000000000,0.050000000,0.000879122,0.000029080,-0.002795184,0.002930316,0.000509719
27.847556049,TRACKING,,0.000231525,1,-0.000868958,0.000028761,0.047324326,0.000000000,0.000000000,0.050000000,0.000868981,0.000028762,-0.002675666,0.002813386,0.000514599
27.857689746,TRACKING,,0.002348501,1,-0.000859018,0.000028453,0.047447657,0.000000000,0.000000000,0.050000000,0.000859041,0.000028454,-0.002552336,0.002693173,0.000522130
27.867881620,TRACKING,,0.001898510,1,-0.000849182,0.000028146,0.047004087,0.000000000,0.000000000,0.050000000,0.000849210,0.000028147,-0.002995905,0.003114065,0.000528054
27.878060435,TRACKING,,0.001329788,1,-0.000839358,0.000027835,0.047126133,0.000000000,0.000000000,0.050000000,0.000839385,0.000027835,-0.002873860,0.002994062,0.000531991
27.887968542,TRACKING,,0.000831118,1,-0.000829803,0.000027542,0.047253583,0.000000000,0.000000000,0.050000000,0.000829828,0.000027543,-0.002746409,0.002869170,0.000541180
27.898078492,TRACKING,,0.000459490,1,-0.000820341,0.000027247,0.046801806,0.000000000,0.000000000,0.050000000,0.000820371,0.000027248,-0.003198186,0.003301840,0.000547673
27.908400971,TRACKING,,0.000040368,1,-0.000811035,0.000026957,0.046927858,0.000000000,0.000000000,0.050000000,0.000811064,0.000026958,-0.003072135,0.003177509,0.000554178
27.918456305,TRACKING,,0.002329503,1,-0.000802000,0.000026678,0.047054958,0.000000000,0.000000000,0.050000000,0.000802028,0.000026679,-0.002945034,0.003052407,0.000561702
27.930311602,TRACKING,,0.003405207,1,-0.000792785,0.000026388,0.046596577,0.000000000,0.000000000,0.050000000,0.000792819,0.000026389,-0.003403415,0.003494638,0.000567089
27.940344377,TRACKING,,0.001609994,1,-0.000782875,0.000026074,0.046737688,0.000000000,0.000000000,0.050000000,0.000782907,0.000026075,-0.003262304,0.003355034,0.000571836
27.950307100,TRACKING,,0.001428334,1,-0.000774368,0.000025809,0.046865297,0.000000000,0.000000000,0.050000000,0.000774399,0.000025810,-0.003134695,0.003229036,0.000578455
27.960502537,TRACKING,,0.001342848,1,-0.000766114,0.000025554,0.046990113,0.000000000,0.000000000,0.050000000,0.000766145,0.000025555,-0.003009879,0.003105963,0.000585496
27.970593490,TRACKING,,0.000999716,1,-0.000757594,0.000025281,0.046515895,0.000000000,0.000000000,0.050000000,0.000757630,0.000025281,-0.003484097,0.003565610,0.000588097
27.980741434,TRACKING,,0.000422682,1,-0.000749201,0.000025013,0.046640851,0.000000000,0.000000000,0.050000000,0.000749236,0.000025013,-0.003359142,0.003441775,0.000591344
27.990871568,TRACKING,,0.002280823,1,-0.000740418,0.000024731,0.046773398,0.000000000,0.000000000,0.050000000,0.000740451,0.000024732,-0.003226595,0.003310558,0.000594231
28.000992204,TRACKING,,0.001239552,1,-0.000731528,0.000024438,0.046296909,0.000000000,0.000000000,0.050000000,0.000731566,0.000024438,-0.003703083,0.003774733,0.000592782
28.011080783,TRACKING,,0.000136540,1,-0.000722867,0.000024162,0.046433234,0.000000000,0.000000000,0.050000000,0.000722904,0.000024162,-0.003566758,0.003639360,0.000596315
28.021105247,TRACKING,,0.001829646,1,-0.000722867,0.000024162,0.046433234,0.000000000,0.000000000,0.050000000,0.000722904,0.000024162,-0.003566758,0.003639360,0.000596315
28.031252004,TRACKING,,0.000655395,1,-0.000714329,0.000023886,0.046568232,0.000000000,0.000000000,0.050000000,0.000714364,0.000023887,-0.003431760,0.003505405,0.000598081
28.041687277,TRACKING,,0.002390057,1,-0.000705802,0.000023615,0.046091491,0.000000000,0.000000000,0.050000000,0.000705843,0.000023616,-0.003908501,0.003971795,0.000602117
28.051407789,TRACKING,,0.001310791,1,-0.000697426,0.000023347,0.046228614,0.000000000,0.000000000,0.050000000,0.000697466,0.000023348,-0.003771379,0.003835401,0.000605977
28.061522488,TRACKING,,0.000017809,1,-0.000689293,0.000023099,0.046374360,0.000000000,0.000000000,0.050000000,0.000689332,0.000023100,-0.003625633,0.003690654,0.000617558
28.071614629,TRACKING,,0.001790464,1,-0.000681214,0.000022846,0.045894653,0.000000000,0.000000000,0.050000000,0.000681259,0.000022847,-0.004105340,0.004161544,0.000626356
28.081709144,TRACKING,,0.000542601,1,-0.000673239,0.000022597,0.046039342,0.000000000,0.000000000,0.050000000,0.000673283,0.000022598,-0.003960651,0.004017534,0.000634868
28.091822656,TRACKING,,0.002386495,1,-0.000665519,0.000022365,0.046189083,0.000000000,0.000000000,0.050000000,0.000665562,0.000022366,-0.003810909,0.003868657,0.000647997
28.102056087,TRACKING,,0.001754845,1,-0.000658004,0.000022129,0.045700242,0.000000000,0.000000000,0.050000000,0.000658053,0.000022131,-0.004299751,0.004349871,0.000655908
28.111987940,TRACKING,,0.000655396,1,-0.000650562,0.000021898,0.045845919,0.000000000,0.000000000,0.050000000,0.000650610,0.000021900,-0.004154074,0.004204771,0.000664679
28.122043274,TRACKING,,0.002282011,1,-0.000650562,0.000021898,0.045845919,0.000000000,0.000000000,0.050000000,0.000650610,0.000021900,-0.004154074,0.004204771,0.000664679
28.132384750,TRACKING,,0.003997675,1,-0.000643174,0.000021673,0.045996677,0.000000000,0.000000000,0.050000000,0.000643221,0.000021675,-0.004003316,0.004054718,0.000675878
28.142416337,TRACKING,,0.000452366,1,-0.000636222,0.000021460,0.045502552,0.000000000,0.000000000,0.050000000,0.000636276,0.000021461,-0.004497440,0.004542277,0.000685276
28.152366001,TRACKING,,0.002331878,1,-0.000628796,0.000021235,0.045657308,0.000000000,0.000000000,0.050000000,0.000628848,0.000021237,-0.004342685,0.004388031,0.000696949
28.162245613,TRACKING,,0.001805900,1,-0.000621891,0.000021031,0.045807285,0.000000000,0.000000000,0.050000000,0.000621943,0.000021033,-0.004192707,0.004238637,0.000709616
28.172310445,TRACKING,,0.001307229,1,-0.000615104,0.000020828,0.045310069,0.000000000,0.000000000,0.050000000,0.000615163,0.000020830,-0.004689923,0.004730142,0.000719339
28.182523691,TRACKING,,0.000279018,1,-0.000608363,0.000020627,0.045459576,0.000000000,0.000000000,0.050000000,0.000608420,0.000020629,-0.004540416,0.004581046,0.000731566
28.192745248,TRACKING,,0.002292697,1,-0.000601574,0.000020423,0.045613761,0.000000000,0.000000000,0.050000000,0.000601631,0.000020426,-0.004386232,0.004427347,0.000743742
28.202617736,TRACKING,,0.001215806,1,-0.000594754,0.000020210,0.045116343,0.000000000,0.000000000,0.050000000,0.000594818,0.000020213,-0.004883649,0.004919781,0.000751711
28.212809611,TRACKING,,0.000156725,1,-0.000587953,0.000020004,0.045274005,0.000000000,0.000000000,0.050000000,0.000588015,0.000020006,-0.004725987,0.004762469,0.000762422
28.223322059,TRACKING,,0.001872389,1,-0.000581245,0.000019796,0.045430131,0.000000000,0.000000000,0.050000000,0.000581306,0.000019798,-0.004569861,0.004606728,0.000770918
28.233016451,TRACKING,,0.000710012,1,-0.000574370,0.000019571,0.044931160,0.000000000,0.000000000,0.050000000,0.000574438,0.000019574,-0.005068833,0.005101316,0.000773905
28.243106217,TRACKING,,0.002401930,1,-0.000574370,0.000019571,0.044931160,0.000000000,0.000000000,0.050000000,0.000574438,0.000019574,-0.005068833,0.005101316,0.000773905
28.253182922,TRACKING,,0.001326226,1,-0.000567856,0.000019367,0.045087916,0.000000000,0.000000000,0.050000000,0.000567923,0.000019370,-0.004912076,0.004944836,0.000781303
28.263272688,TRACKING,,0.000187595,1,-0.000561564,0.000019172,0.045246227,0.000000000,0.000000000,0.050000000,0.000561630,0.000019175,-0.004753765,0.004786865,0.000789585
28.273349394,TRACKING,,0.001860516,1,-0.000555339,0.000018995,0.044753282,0.000000000,0.000000000,0.050000000,0.000555413,0.000018998,-0.005246710,0.005276060,0.000802249
28.283506836,TRACKING,,0.000804997,1,-0.000549135,0.000018812,0.044914372,0.000000000,0.000000000,0.050000000,0.000549207,0.000018815,-0.005085620,0.005115224,0.000812408
28.293570481,TRACKING,,0.002439924,1,-0.000543182,0.000018650,0.045083120,0.000000000,0.000000000,0.050000000,0.000543253,0.000018653,-0.004916872,0.004946828,0.000828793
28.303619878,TRACKING,,0.001677670,1,-0.000537186,0.000018475,0.044587031,0.000000000,0.000000000,0.050000000,0.000537265,0.000018479,-0.005412961,0.005439590,0.000840122
28.313783258,TRACKING,,0.000884546,1,-0.000531321,0.000018300,0.044747345,0.000000000,0.000000000,0.050000000,0.000531399,0.000018304,-0.005252647,0.005279491,0.000849252
28.323930014,TRACKING,,0.000188783,1,-0.000525733,0.000018141,0.044909558,0.000000000,0.000000000,0.050000000,0.000525809,0.000018144,-0.005090434,0.005117550,0.000861846
28.333902237,TRACKING,,0.002217896,1,-0.000519973,0.000017966,0.044406896,0.000000000,0.000000000,0.050000000,0.000520058,0.000017969,-0.005593097,0.005617251,0.000869709
28.343973005,TRACKING,,0.001162377,1,-0.000514254,0.000017793,0.044571210,0.000000000,0.000000000,0.050000000,0.000514337,0.000017796,-0.005428782,0.005453122,0.000878054
28.354440336,TRACKING,,0.001155253,1,-0.000509050,0.000017638,0.044730178,0.000000000,0.000000000,0.050000000,0.000509131,0.000017642,-0.005269814,0.005294381,0.000889819
28.364398310,TRACKING,,0.000180472,1,-0.000503267,0.000017453,0.044232225,0.000000000,0.000000000,0.050000000,0.000503357,0.000017458,-0.005767767,0.005789716,0.000896370
28.374845457,TRACKING,,0.002253516,1,-0.000503267,0.000017453,0.044232225,0.000000000,0.000000000,0.050000000,0.000503357,0.000017458,-0.005767767,0.005789716,0.000896370
28.384621773,TRACKING,,0.001422398,1,-0.000497966,0.000017288,0.044393703,0.000000000,0.000000000,0.050000000,0.000498054,0.000017293,-0.005606289,0.005628396,0.000904570
28.395043986,TRACKING,,0.000619776,1,-0.000492748,0.000017130,0.044561362,0.000000000,0.000000000,0.050000000,0.000492835,0.000017134,-0.005438630,0.005460941,0.000914887
28.404874918,TRACKING,,0.000079549,1,-0.000487676,0.000016993,0.044068109,0.000000000,0.000000000,0.050000000,0.000487773,0.000016998,-0.005931884,0.005951929,0.000930457
28.415020487,TRACKING,,0.002228582,1,-0.000482680,0.000016855,0.044236013,0.000000000,0.000000000,0.050000000,0.000482775,0.000016859,-0.005763979,0.005784186,0.000943924
28.425037827,TRACKING,,0.001801150,1,-0.000477866,0.000016725,0.044405280,0.000000000,0.000000000,0.050000000,0.000477959,0.000016729,-0.005594712,0.005615116,0.000958965
28.435145403,TRACKING,,0.001192060,1,-0.000472923,0.000016584,0.043907697,0.000000000,0.000000000,0.050000000,0.000473026,0.000016589,-0.006092295,0.006110654,0.000970930
28.445238730,TRACKING,,0.000571096,1,-0.000468046,0.000016449,0.044080410,0.000000000,0.000000000,0.050000000,0.000468147,0.000016454,-0.005919582,0.005938088,0.000985068
28.455485221,TRACKING,,0.000081924,1,-0.000463249,0.000016314,0.044252251,0.000000000,0.000000000,0.050000000,0.000463349,0.000016319,-0.005747741,0.005766410,0.000998113
28.465723401,TRACKING,,0.001811837,1,-0.000458300,0.000016166,0.043755879,0.000000000,0.000000000,0.050000000,0.000458410,0.000016172,-0.006244113,0.006260938,0.001007130
28.475376237,TRACKING,,0.000924915,1,-0.000453144,0.000016008,0.043933166,0.000000000,0.000000000,0.050000000,0.000453252,0.000016013,-0.006066826,0.006083754,0.001014780
28.485584734,TRACKING,,0.000032058,1,-0.000448339,0.000015867,0.044109108,0.000000000,0.000000000,0.050000000,0.000448444,0.000015873,-0.005890884,0.005907949,0.001025464
28.496095995,TRACKING,,0.002032675,1,-0.000443267,0.000015707,0.043619318,0.000000000,0.000000000,0.050000000,0.000443382,0.000015713,-0.006380674,0.006396080,0.001030951
28.505811758,TRACKING,,0.000721885,1,-0.000438228,0.000015549,0.043799495,0.000000000,0.000000000,0.050000000,0.000438340,0.000015555,-0.006200497,0.006215991,0.001036755
28.515982261,TRACKING,,0.002392431,1,-0.000438228,0.000015549,0.043799495,0.000000000,0.000000000,0.050000000,0.000438340,0.000015555,-0.006200497,0.006215991,0.001036755
28.525992477,TRACKING,,0.001447332,1,-0.000433421,0.000015402,0.043979633,0.000000000,0.000000000,0.050000000,0.000433530,0.000015408,-0.006020359,0.006035968,0.001044656
28.536230656,TRACKING,,0.000371628,1,-0.000428545,0.000015246,0.043493718,0.000000000,0.000000000,0.050000000,0.000428664,0.000015253,-0.006506274,0.006520398,0.001049464
28.546088897,TRACKING,,0.002093229,1,-0.000423829,0.000015106,0.043676717,0.000000000,0.000000000,0.050000000,0.000423945,0.000015112,-0.006323275,0.006337489,0.001058843
28.556175101,TRACKING,,0.000968846,1,-0.000419286,0.000014974,0.043861705,0.000000000,0.000000000,0.050000000,0.000419401,0.000014980,-0.006138287,0.006152616,0.001069908
28.566243495,TRACKING,,0.000043930,1,-0.000414796,0.000014844,0.043383751,0.000000000,0.000000000,0.050000000,0.000414920,0.000014851,-0.006616241,0.006629255,0.001081217
28.576297642,TRACKING,,0.001754845,1,-0.000410249,0.000014707,0.043567851,0.000000000,0.000000000,0.050000000,0.000410371,0.000014714,-0.006432141,0.006445236,0.001089989
28.586339915,TRACKING,,0.000796686,1,-0.000405716,0.000014568,0.043752138,0.000000000,0.000000000,0.050000000,0.000405835,0.000014574,-0.006247854,0.006261038,0.001097167
28.596599466,TRACKING,,0.002639391,1,-0.000401209,0.000014425,0.043271776,0.000000000,0.000000000,0.050000000,0.000401338,0.000014431,-0.006728217,0.006740191,0.001102328
28.606616806,TRACKING,,0.001564875,1,-0.000396669,0.000014279,0.043455811,0.000000000,0.000000000,0.050000000,0.000396795,0.000014285,-0.006544182,0.006556216,0.001106652
28.616735068,TRACKING,,0.000363317,1,-0.000392091,0.000014127,0.043639770,0.000000000,0.000000000,0.050000000,0.000392214,0.000014134,-0.006360223,0.006372320,0.001108613
28.626772592,TRACKING,,0.002057610,1,-0.000392091,0.000014127,0.043639770,0.000000000,0.000000000,0.050000000,0.000392214,0.000014134,-0.006360223,0.006372320,0.001108613
28.636928847,TRACKING,,0.000990217,1,-0.000387491,0.000013971,0.043164356,0.000000000,0.000000000,0.050000000,0.000387623,0.000013978,-0.006835636,0.006846632,0.001108918
28.647157528,TRACKING,,0.000051055,1,-0.000382942,0.000013818,0.043346005,0.000000000,0.000000000,0.050000000,0.000383071,0.000013825,-0.006653988,0.006665020,0.001109731
28.657228297,TRACKING,,0.001708540,1,-0.000378503,0.000013671,0.043528460,0.000000000,0.000000000,0.050000000,0.000378628,0.000013678,-0.006471533,0.006482614,0.001111137
28.667315688,TRACKING,,0.000637586,1,-0.000373953,0.000013513,0.043056068,0.000000000,0.000000000,0.050000000,0.000374087,0.000013520,-0.006943924,0.006954007,0.001109105
28.678382611,TRACKING,,0.002732002,1,-0.000369320,0.000013355,0.043245980,0.000000000,0.000000000,0.050000000,0.000369450,0.000013362,-0.006754012,0.006764123,0.001108706
28.688228978,TRACKING,,0.001911570,1,-0.000364979,0.000013204,0.043424288,0.000000000,0.000000000,0.050000000,0.000365105,0.000013211,-0.006575705,0.006585846,0.001106737
28.698340116,TRACKING,,0.001416462,1,-0.000360705,0.000013052,0.042944277,0.000000000,0.000000000,0.050000000,0.000360841,0.000013059,-0.007055716,0.007064949,0.001101114
28.708440567,TRACKING,,0.000799060,1,-0.000356459,0.000012902,0.043113076,0.000000000,0.000000000,0.050000000,0.000356590,0.000012909,-0.006886917,0.006896154,0.001094887
28.718583762,TRACKING,,0.002692820,1,-0.000352485,0.000012771,0.043287372,0.000000000,0.000000000,0.050000000,0.000352613,0.000012778,-0.006712622,0.006721889,0.001094008
28.728618912,TRACKING,,0.001706165,1,-0.000348182,0.000012619,0.042821401,0.000000000,0.000000000,0.050000000,0.000348318,0.000012626,-0.007178592,0.007187049,0.001087916
28.738796539,TRACKING,,0.001722787,1,-0.000348182,0.000012619,0.042821401,0.000000000,0.000000000,0.050000000,0.000348318,0.000012626,-0.007178592,0.007187049,0.001087916
28.748858996,TRACKING,,0.000751567,1,-0.000340592,0.000012361,0.043159617,0.000000000,0.000000000,0.050000000,0.000340721,0.000012367,-0.006840377,0.006848868,0.001081931
28.758993880,TRACKING,,0.002474355,1,-0.000340592,0.000012361,0.043159617,0.000000000,0.000000000,0.050000000,0.000340721,0.000012367,-0.006840377,0.006848868,0.001081931
28.768972039,TRACKING,,0.000720698,1,-0.000336897,0.000012242,0.042703526,0.000000000,0.000000000,0.050000000,0.000337035,0.000012249,-0.007296468,0.007304258,0.001083069
28.778991753,TRACKING,,0.000187595,1,-0.000333232,0.000012135,0.042899002,0.000000000,0.000000000,0.050000000,0.000333367,0.000012142,-0.007100991,0.007108823,0.001088955
28.789201437,TRACKING,,0.002163280,1,-0.000329965,0.000012039,0.043078548,0.000000000,0.000000000,0.050000000,0.000330097,0.000012046,-0.006921445,0.006929323,0.001094639
28.799271019,TRACKING,,0.001056706,1,-0.000326576,0.000011935,0.042629728,0.000000000,0.000000000,0.050000000,0.000326718,0.000011942,-0.007370266,0.007377513,0.001098500
28.809391655,TRACKING,,0.002614458,1,-0.000323214,0.000011836,0.042818811,0.000000000,0.000000000,0.050000000,0.000323352,0.000011844,-0.007181182,0.007188468,0.001104651
28.819422055,TRACKING,,0.001627803,1,-0.000319818,0.000011732,0.043007627,0.000000000,0.000000000,0.050000000,0.000319953,0.000011739,-0.006992367,0.006999693,0.001108805
28.829412087,TRACKING,,0.000067677,1,-0.000316126,0.000011607,0.042573852,0.000000000,0.000000000,0.050000000,0.000316270,0.000011614,-0.007426142,0.007432882,0.001107446
28.839531536,TRACKING,,0.001837956,1,-0.000312742,0.000011498,0.042759538,0.000000000,0.000000000,0.050000000,0.000312882,0.000011505,-0.007240455,0.007247222,0.001109120
28.849634362,TRACKING,,0.000730196,1,-0.000309286,0.000011380,0.042943865,0.000000000,0.000000000,0.050000000,0.000309423,0.000011388,-0.007056129,0.007062919,0.001108078
28.859950904,TRACKING,,0.002557467,1,-0.000309286,0.000011380,0.042943865,0.000000000,0.000000000,0.050000000,0.000309423,0.000011388,-0.007056129,0.007062919,0.001108078
28.869848326,TRACKING,,0.001993495,1,-0.000305782,0.000011258,0.042509868,0.000000000,0.000000000,0.050000000,0.000305926,0.000011265,-0.007490126,0.007496380,0.001105283
28.879932155,TRACKING,,0.001352347,1,-0.000302213,0.000011123,0.042679373,0.000000000,0.000000000,0.050000000,0.000302353,0.000011131,-0.007320621,0.007326871,0.001097474
28.890026670,TRACKING,,0.000213716,1,-0.000299047,0.000011020,0.042857929,0.000000000,0.000000000,0.050000000,0.000299184,0.000011027,-0.007142066,0.007148338,0.001098348
28.900118811,TRACKING,,0.001975685,1,-0.000295641,0.000010902,0.042434991,0.000000000,0.000000000,0.050000000,0.000295786,0.000010910,-0.007565003,0.007570791,0.001096211
28.910213326,TRACKING,,0.000911854,1,-0.000292171,0.000010777,0.042614481,0.000000000,0.000000000,0.050000000,0.000292311,0.000010785,-0.007385514,0.007391304,0.001091288
28.920333962,TRACKING,,0.002532533,1,-0.000289090,0.000010680,0.042800201,0.000000000,0.000000000,0.050000000,0.000289227,0.000010687,-0.007199794,0.007205609,0.001093598
28.930325181,TRACKING,,0.001719225,1,-0.000285868,0.000010569,0.042383694,0.000000000,0.000000000,0.050000000,0.000286013,0.000010577,-0.007616301,0.007621677,0.001091631
28.940375765,TRACKING,,0.001040084,1,-0.000282705,0.000010457,0.042559879,0.000000000,0.000000000,0.050000000,0.000282846,0.000010465,-0.007440116,0.007445498,0.001088314
28.950407353,TRACKING,,0.000624526,1,-0.000279906,0.000010369,0.042737343,0.000000000,0.000000000,0.050000000,0.000280044,0.000010376,-0.007262652,0.007268057,0.001090625
28.960525614,TRACKING,,0.000073613,1,-0.000276980,0.000010269,0.042322950,0.000000000,0.000000000,0.050000000,0.000277126,0.000010277,-0.007677045,0.007682052,0.001089297
28.970769731,TRACKING,,0.002477918,1,-0.000274339,0.000010184,0.042493239,0.000000000,0.000000000,0.050000000,0.000274482,0.000010192,-0.007506755,0.007511779,0.001090965
28.980606599,TRACKING,,0.001992307,1,-0.000271520,0.000010090,0.042670773,0.000000000,0.000000000,0.050000000,0.000271659,0.000010097,-0.007329222,0.007334262,0.001090815
28.990752169,TRACKING,,0.001506697,1,-0.000268579,0.000009984,0.042842813,0.000000000,0.000000000,0.050000000,0.000268715,0.000009991,-0.007157182,0.007162232,0.001086903
29.001066336,TRACKING,,0.001074516,1,-0.000265396,0.000009859,0.042432984,0.000000000,0.000000000,0.050000000,0.000265538,0.000009866,-0.007567011,0.007571675,0.001077653
29.010852151,TRACKING,,0.000492734,1,-0.000262519,0.000009756,0.042606135,0.000000000,0.000000000,0.050000000,0.000262657,0.000009764,-0.007393860,0.007398530,0.001074466
29.021190064,TRACKING,,0.000106858,1,-0.000259604,0.000009649,0.042777283,0.000000000,0.000000000,0.050000000,0.000259739,0.000009657,-0.007222712,0.007227387,0.001069654
29.031492359,TRACKING,,0.002156156,1,-0.000259604,0.000009649,0.042777283,0.000000000,0.000000000,0.050000000,0.000259739,0.000009657,-0.007222712,0.007227387,0.001069654
29.041344663,TRACKING,,0.001480577,1,-0.000256522,0.000009529,0.042379171,0.000000000,0.000000000,0.050000000,0.000256663,0.000009537,-0.007620824,0.007625151,0.001061171
29.051442740,TRACKING,,0.000305139,1,-0.000253222,0.000009395,0.042547658,0.000000000,0.000000000,0.050000000,0.000253359,0.000009403,-0.007452337,0.007456649,0.001048989
29.061506385,TRACKING,,0.001960250,1,-0.000250328,0.000009294,0.042728706,0.000000000,0.000000000,0.050000000,0.000250460,0.000009301,-0.007271289,0.007275607,0.001046138
29.071605649,TRACKING,,0.000859613,1,-0.000247332,0.000009184,0.042353650,0.000000000,0.000000000,0.050000000,0.000247471,0.000009192,-0.007646346,0.007650355,0.001040698
29.082033798,TRACKING,,0.002563404,1,-0.000244506,0.000009086,0.042534935,0.000000000,0.000000000,0.050000000,0.000244641,0.000009094,-0.007465060,0.007469073,0.001038269
29.091799429,TRACKING,,0.001567250,1,-0.000241730,0.000008989,0.042715143,0.000000000,0.000000000,0.050000000,0.000241861,0.000008997,-0.007284852,0.007288872,0.001035339
29.101941436,TRACKING,,0.000307513,1,-0.000238769,0.000008877,0.042351739,0.000000000,0.000000000,0.050000000,0.000238906,0.000008885,-0.007648256,0.007651992,0.001028171
29.111971836,TRACKING,,0.002078981,1,-0.000236113,0.000008785,0.042532190,0.000000000,0.000000000,0.050000000,0.000236247,0.000008793,-0.007467805,0.007471546,0.001026006
29.122074663,TRACKING,,0.001006840,1,-0.000233429,0.000008689,0.042711375,0.000000000,0.000000000,0.050000000,0.000233558,0.000008697,-0.007288620,0.007292367,0.001022144
29.132242791,TRACKING,,0.002652452,1,-0.000233429,0.000008689,0.042711375,0.000000000,0.000000000,0.050000000,0.000233558,0.000008697,-0.007288620,0.007292367,0.001022144
29.142242321,TRACKING,,0.001783341,1,-0.000230701,0.000008590,0.042362292,0.000000000,0.000000000,0.050000000,0.000230836,0.000008598,-0.007637703,0.007641196,0.001017446
29.152347522,TRACKING,,0.000831117,1,-0.000227804,0.000008475,0.042533832,0.000000000,0.000000000,0.050000000,0.000227935,0.000008482,-0.007466164,0.007469647,0.001007797
29.162592826,TRACKING,,0.002309319,1,-0.000225416,0.000008396,0.042711794,0.000000000,0.000000000,0.050000000,0.000225544,0.000008403,-0.007288202,0.007291696,0.001007458
29.173552890,TRACKING,,0.002222646,1,-0.000222822,0.000008304,0.042378785,0.000000000,0.000000000,0.050000000,0.000222955,0.000008312,-0.007621211,0.007624476,0.001004003
29.183388572,TRACKING,,0.001177812,1,-0.000220245,0.000008210,0.042553884,0.000000000,0.000000000,0.050000000,0.000220375,0.000008218,-0.007446113,0.007449378,0.000999003
29.193415410,TRACKING,,0.000584156,1,-0.000218068,0.000008147,0.042734570,0.000000000,0.000000000,0.050000000,0.000218194,0.000008154,-0.007265427,0.007268707,0.001001234
29.203474306,TRACKING,,0.000018997,1,-0.000215825,0.000008076,0.042406077,0.000000000,0.000000000,0.050000000,0.000215957,0.000008084,-0.007593919,0.007596993,0.001000019
29.214005751,TRACKING,,0.002207210,1,-0.000213635,0.000008007,0.042576543,0.000000000,0.000000000,0.050000000,0.000213764,0.000008015,-0.007423453,0.007426535,0.000998951
29.223734575,TRACKING,,0.001720413,1,-0.000211527,0.000007942,0.042748913,0.000000000,0.000000000,0.050000000,0.000211653,0.000007950,-0.007251083,0.007254176,0.000998893
29.233797032,TRACKING,,0.001165939,1,-0.000209311,0.000007868,0.042432977,0.000000000,0.000000000,0.050000000,0.000209442,0.000007875,-0.007567020,0.007569922,0.000995981
29.243804874,TRACKING,,0.000604341,1,-0.000207401,0.000007815,0.042607133,0.000000000,0.000000000,0.050000000,0.000207530,0.000007822,-0.007392863,0.007395780,0.000998876
29.253869706,TRACKING,,0.002259452,1,-0.000205415,0.000007758,0.042788993,0.000000000,0.000000000,0.050000000,0.000205541,0.000007765,-0.007211003,0.007213936,0.001001447
29.263920291,TRACKING,,0.001162377,1,-0.000203144,0.000007680,0.042498862,0.000000000,0.000000000,0.050000000,0.000203275,0.000007688,-0.007501134,0.007503892,0.000998304
29.273989872,TRACKING,,0.000258834,1,-0.000201262,0.000007628,0.042679824,0.000000000,0.000000000,0.050000000,0.000201390,0.000007635,-0.007320172,0.007322946,0.001001453
29.284067765,TRACKING,,0.001823709,1,-0.000201262,0.000007628,0.042679824,0.000000000,0.000000000,0.050000000,0.000201390,0.000007635,-0.007320172,0.007322946,0.001001453
29.294301196,TRACKING,,0.000740882,1,-0.000199239,0.000007565,0.042862331,0.000000000,0.000000000,0.050000000,0.000199364,0.000007572,-0.007137666,0.007140453,0.001002049
29.304389774,TRACKING,,0.002381745,1,-0.000197387,0.000007514,0.042594968,0.000000000,0.000000000,0.050000000,0.000197517,0.000007521,-0.007405028,0.007407666,0.001005912
29.314794177,TRACKING,,0.004030920,1,-0.000195516,0.000007462,0.042780674,0.000000000,0.000000000,0.050000000,0.000195643,0.000007469,-0.007219323,0.007221977,0.001009433
29.324578804,TRACKING,,0.001563688,1,-0.000193850,0.000007433,0.042997434,0.000000000,0.000000000,0.050000000,0.000193975,0.000007440,-0.007002562,0.007005252,0.001021464
29.334624640,TRACKING,,0.000514105,1,-0.000191656,0.000007373,0.042791665,0.000000000,0.000000000,0.050000000,0.000191785,0.000007380,-0.007208332,0.007210887,0.001026550
29.344816514,TRACKING,,0.002593087,1,-0.000191656,0.000007373,0.042791665,0.000000000,0.000000000,0.050000000,0.000191785,0.000007380,-0.007208332,0.007210887,0.001026550
29.354829105,TRACKING,,0.002055235,1,-0.000190182,0.000007342,0.042977060,0.000000000,0.000000000,0.050000000,0.000190308,0.000007350,-0.007022937,0.007025518,0.001035227
29.364930744,TRACKING,,0.001543504,1,-0.000188847,0.000007318,0.043159990,0.000000000,0.000000000,0.050000000,0.000188971,0.000007325,-0.006840007,0.006842620,0.001045011
29.375008637,TRACKING,,0.000584157,1,-0.000187579,0.000007298,0.042925708,0.000000000,0.000000000,0.050000000,0.000187709,0.000007306,-0.007074288,0.007076782,0.001055919
29.385126898,TRACKING,,0.002585963,1,-0.000186449,0.000007292,0.043119334,0.000000000,0.000000000,0.050000000,0.000186578,0.000007299,-0.006880662,0.006883195,0.001071299
29.395321147,TRACKING,,0.001840331,1,-0.000185359,0.000007286,0.043310774,0.000000000,0.000000000,0.050000000,0.000185486,0.000007293,-0.006689222,0.006691797,0.001086517
29.405249439,TRACKING,,0.001397464,1,-0.000184020,0.000007262,0.043099554,0.000000000,0.000000000,0.050000000,0.000184151,0.000007269,-0.006900442,0.006902903,0.001096822
29.415334455,TRACKING,,0.000860800,1,-0.000182496,0.000007221,0.043281767,0.000000000,0.000000000,0.050000000,0.000182625,0.000007229,-0.006718229,0.006720715,0.001102838
29.425348233,TRACKING,,0.000028496,1,-0.000181271,0.000007203,0.043470505,0.000000000,0.000000000,0.050000000,0.000181398,0.000007210,-0.006529492,0.006532015,0.001114620
29.435427313,TRACKING,,0.002139534,1,-0.000179757,0.000007163,0.043276449,0.000000000,0.000000000,0.050000000,0.000179889,0.000007171,-0.006723547,0.006725957,0.001120956
29.445505206,TRACKING,,0.001665797,1,-0.000178171,0.000007116,0.043458503,0.000000000,0.000000000,0.050000000,0.000178299,0.000007123,-0.006541493,0.006543927,0.001124927
29.455603283,TRACKING,,0.001081640,1,-0.000176583,0.000007067,0.043641287,0.000000000,0.000000000,0.050000000,0.000176708,0.000007075,-0.006358710,0.006361169,0.001128420
29.465721544,TRACKING,,0.000623338,1,-0.000174977,0.000007018,0.043463457,0.000000000,0.000000000,0.050000000,0.000175106,0.000007025,-0.006536540,0.006538889,0.001131568
29.475884924,TRACKING,,0.002488603,1,-0.000173369,0.000006967,0.043648711,0.000000000,0.000000000,0.050000000,0.000173495,0.000006975,-0.006351286,0.006353659,0.001134545
29.485902264,TRACKING,,0.001379655,1,-0.000171542,0.000006902,0.043837785,0.000000000,0.000000000,0.050000000,0.000171664,0.000006910,-0.006162212,0.006164606,0.001133906
29.495931477,TRACKING,,0.000288517,1,-0.000169341,0.000006810,0.043682957,0.000000000,0.000000000,0.050000000,0.000169465,0.000006817,-0.006317040,0.006319316,0.001125973
29.505877578,TRACKING,,0.002049298,1,-0.000169341,0.000006810,0.043682957,0.000000000,0.000000000,0.050000000,0.000169465,0.000006817,-0.006317040,0.006319316,0.001125973
29.516141878,TRACKING,,0.000834679,1,-0.000167456,0.000006738,0.043869918,0.000000000,0.000000000,0.050000000,0.000167576,0.000006745,-0.006130078,0.006132372,0.001123030
29.526334940,TRACKING,,0.002545594,1,-0.000165932,0.000006693,0.044063660,0.000000000,0.000000000,0.050000000,0.000166049,0.000006700,-0.005936337,0.005938663,0.001126768
29.536301226,TRACKING,,0.001452081,1,-0.000164298,0.000006638,0.043935259,0.000000000,0.000000000,0.050000000,0.000164417,0.000006646,-0.006064737,0.006066969,0.001128080
29.546375557,TRACKING,,0.000282580,1,-0.000162429,0.000006568,0.044124591,0.000000000,0.000000000,0.050000000,0.000162545,0.000006575,-0.005875406,0.005877657,0.001125068
29.556466510,TRACKING,,0.001962625,1,-0.000160855,0.000006517,0.044315857,0.000000000,0.000000000,0.050000000,0.000160966,0.000006524,-0.005684140,0.005686422,0.001126970
29.566590708,TRACKING,,0.000863175,1,-0.000158926,0.000006440,0.044205286,0.000000000,0.000000000,0.050000000,0.000159039,0.000006447,-0.005794711,0.005796897,0.001122032
29.576719655,TRACKING,,0.002638204,1,-0.000157069,0.000006367,0.044391377,0.000000000,0.000000000,0.050000000,0.000157178,0.000006374,-0.005608620,0.005610825,0.001117980
29.587492124,TRACKING,,0.001226492,1,-0.000154732,0.000006265,0.044590508,0.000000000,0.000000000,0.050000000,0.000154836,0.000006271,-0.005409489,0.005411708,0.001107151
29.597376485,TRACKING,,0.000257646,1,-0.000152342,0.000006152,0.044491266,0.000000000,0.000000000,0.050000000,0.000152447,0.000006159,-0.005508731,0.005510844,0.001092177
29.607533928,TRACKING,,0.002366310,1,-0.000152342,0.000006152,0.044491266,0.000000000,0.000000000,0.050000000,0.000152447,0.000006159,-0.005508731,0.005510844,0.001092177
29.617613008,TRACKING,,0.001726350,1,-0.000150054,0.000006044,0.044660665,0.000000000,0.000000000,0.050000000,0.000150155,0.000006051,-0.005339332,0.005341446,0.001077278
29.627847626,TRACKING,,0.001111323,1,-0.000147820,0.000005939,0.044829566,0.000000000,0.000000000,0.050000000,0.000147915,0.000005945,-0.005170431,0.005172550,0.001062561
29.637837658,TRACKING,,0.000394187,1,-0.000145832,0.000005852,0.044749900,0.000000000,0.000000000,0.050000000,0.000145928,0.000005858,-0.005250097,0.005252128,0.001052552
29.647957106,TRACKING,,0.002585963,1,-0.000143711,0.000005754,0.044917996,0.000000000,0.000000000,0.050000000,0.000143803,0.000005760,-0.005082002,0.005084039,0.001039735
29.657999380,TRACKING,,0.002056422,1,-0.000141614,0.000005658,0.045086609,0.000000000,0.000000000,0.050000000,0.000141702,0.000005664,-0.004913388,0.004915435,0.001027046
29.668092707,TRACKING,,0.001002091,1,-0.000139320,0.000005547,0.045020651,0.000000000,0.000000000,0.050000000,0.000139407,0.000005553,-0.004979347,0.004981301,0.001009930
29.678342760,TRACKING,,0.001845080,1,-0.000136811,0.000005426,0.045197757,0.000000000,0.000000000,0.050000000,0.000136893,0.000005431,-0.004802241,0.004804194,0.000991127
29.688317357,TRACKING,,0.000986655,1,-0.000134057,0.000005285,0.045369603,0.000000000,0.000000000,0.050000000,0.000134135,0.000005290,-0.004630395,0.004632340,0.000966924
29.698256334,TRACKING,,0.000208966,1,-0.000131371,0.000005145,0.045320281,0.000000000,0.000000000,0.050000000,0.000131448,0.000005150,-0.004679717,0.004681566,0.000941534
29.708272487,TRACKING,,0.002069482,1,-0.000128498,0.000004993,0.045477076,0.000000000,0.000000000,0.050000000,0.000128570,0.000004997,-0.004522921,0.004524751,0.000912768
29.718351567,TRACKING,,0.000896419,1,-0.000125389,0.000004822,0.045630656,0.000000000,0.000000000,0.050000000,0.000125456,0.000004827,-0.004369342,0.004371145,0.000879027
29.728702541,TRACKING,,0.002544407,1,-0.000125389,0.000004822,0.045630656,0.000000000,0.000000000,0.050000000,0.000125456,0.000004827,-0.004369342,0.004371145,0.000879027
29.738639144,TRACKING,,0.001639676,1,-0.000122129,0.000004648,0.045600696,0.000000000,0.000000000,0.050000000,0.000122194,0.000004652,-0.004399303,0.004401002,0.000841935
29.748820333,TRACKING,,0.000762253,1,-0.000118671,0.000004456,0.045740888,0.000000000,0.000000000,0.050000000,0.000118730,0.000004460,-0.004259110,0.004260767,0.000800000
29.758786618,TRACKING,,0.000162661,1,-0.000115585,0.000004291,0.045882582,0.000000000,0.000000000,0.050000000,0.000115640,0.000004294,-0.004117417,0.004119042,0.000764374
29.768931000,TRACKING,,0.002156157,1,-0.000112473,0.000004121,0.045864985,0.000000000,0.000000000,0.050000000,0.000112526,0.000004125,-0.004135014,0.004136547,0.000727282
29.779172742,TRACKING,,0.001503135,1,-0.000109228,0.000003942,0.045997358,0.000000000,0.000000000,0.050000000,0.000109276,0.000003945,-0.004002641,0.004004134,0.000687340
29.789101034,TRACKING,,0.000632837,1,-0.000105946,0.000003759,0.046128120,0.000000000,0.000000000,0.050000000,0.000105989,0.000003762,-0.003871879,0.003873331,0.000646141
29.799221670,TRACKING,,0.002062359,1,-0.000102590,0.000003572,0.046132439,0.000000000,0.000000000,0.050000000,0.000102631,0.000003575,-0.003867560,0.003868923,0.000603546
29.809243759,TRACKING,,0.001118446,1,-0.000099023,0.000003370,0.046260982,0.000000000,0.000000000,0.050000000,0.000099059,0.000003372,-0.003739017,0.003740331,0.000556546
29.819300280,TRACKING,,0.000452365,1,-0.000095655,0.000003179,0.046380768,0.000000000,0.000000000,0.050000000,0.000095687,0.000003181,-0.003619231,0.003620497,0.000511706
29.829418541,TRACKING,,0.002397180,1,-0.000092120,0.000002975,0.046396111,0.000000000,0.000000000,0.050000000,0.000092149,0.000002977,-0.003603888,0.003605068,0.000463146
29.839459627,TRACKING,,0.001718038,1,-0.000088548,0.000002768,0.046506167,0.000000000,0.000000000,0.050000000,0.000088574,0.000002769,-0.003493833,0.003494956,0.000412926
29.849549393,TRACKING,,0.001040084,1,-0.000084917,0.000002555,0.046612124,0.000000000,0.000000000,0.050000000,0.000084938,0.000002556,-0.003387876,0.003388941,0.000360742
29.859643908,TRACKING,,0.000381127,1,-0.000081290,0.000002343,0.046642566,0.000000000,0.000000000,0.050000000,0.000081308,0.000002343,-0.003357433,0.003358418,0.000308085
29.870091055,TRACKING,,0.002349688,1,-0.000081290,0.000002343,0.046642566,0.000000000,0.000000000,0.050000000,0.000081308,0.000002343,-0.003357433,0.003358418,0.000308085
29.880014597,TRACKING,,0.001760782,1,-0.000077674,0.000002130,0.046741491,0.000000000,0.000000000,0.050000000,0.000077688,0.000002131,-0.003258509,0.003259436,0.000254858
29.890043810,TRACKING,,0.001098263,1,-0.000074114,0.000001921,0.046836731,0.000000000,0.000000000,0.050000000,0.000074126,0.000001921,-0.003163269,0.003164138,0.000201912
29.900004159,TRACKING,,0.000461864,1,-0.000070695,0.000001721,0.046888384,0.000000000,0.000000000,0.050000000,0.000070703,0.000001721,-0.003111615,0.003112419,0.000151490
29.910102236,TRACKING,,0.002479104,1,-0.000067281,0.000001522,0.046979832,0.000000000,0.000000000,0.050000000,0.000067286,0.000001522,-0.003020168,0.003020918,0.000101000
29.920351102,TRACKING,,0.001902072,1,-0.000063863,0.000001322,0.047068516,0.000000000,0.000000000,0.050000000,0.000063865,0.000001321,-0.002931484,0.002932180,0.000051122
29.930306701,TRACKING,,0.000857238,1,-0.000060369,0.000001116,0.047154030,0.000000000,0.000000000,0.050000000,0.000060369,0.000001115,-0.002845970,0.002846611,0.000020025
29.940407153,TRACKING,,0.000175721,1,-0.000056776,0.000000905,0.047223889,0.000000000,0.000000000,0.050000000,0.000056774,0.000000904,-0.002776111,0.002776692,0.000064631
29.950737943,TRACKING,,0.001853392,1,-0.000053232,0.000000695,0.047302592,0.000000000,0.000000000,0.050000000,0.000053227,0.000000694,-0.002697408,0.002697933,0.000118823
29.960500011,TRACKING,,0.003447950,1,-0.000049465,0.000000470,0.047379607,0.000000000,0.000000000,0.050000000,0.000049457,0.000000469,-0.002620393,0.002620860,0.000178289
29.970816553,TRACKING,,0.001877139,1,-0.000045526,0.000000238,0.047454948,0.000000000,0.000000000,0.050000000,0.000045515,0.000000234,-0.002545052,0.002545459,0.004253768
29.980515694,TRACKING,,0.000990217,1,-0.000041835,0.000000021,0.047520662,0.000000000,0.000000000,0.050000000,0.000041822,0.000000016,-0.002479338,0.002479691,0.004196833
29.990733689,TRACKING,,0.000029683,1,-0.000041835,0.000000021,0.047520662,0.000000000,0.000000000,0.050000000,0.000041822,0.000000016,-0.002479338,0.002479691,0.004196833
30.000805645,TRACKING,,0.000535477,1,-0.000038249,-0.000000185,0.047581951,0.000000000,0.000000000,0.050000000,0.000038234,-0.000000190,-0.002418049,0.002418352,0.004068782
30.010922719,TRACKING,,0.000109233,1,-0.000034210,-0.000000407,0.047648878,0.000000000,0.000000000,0.050000000,0.000034193,-0.000000417,-0.002351122,0.002351370,0.014205901
30.021252322,TRACKING,,0.002207211,1,-0.000030844,-0.000000592,0.047702913,0.000000000,0.000000000,0.050000000,0.000030825,-0.000000601,-0.002297088,0.002297295,0.013943193
30.031082067,TRACKING,,0.000930851,1,-0.000027426,-0.000000768,0.047756333,0.000000000,0.000000000,0.050000000,0.000027405,-0.000000777,-0.002243667,0.002243835,0.013470688
30.041220512,TRACKING,,0.002518286,1,-0.000024041,-0.000000926,0.047808472,0.000000000,0.000000000,0.050000000,0.000024018,-0.000000941,-0.002191528,0.002191660,0.030829311
30.051361333,TRACKING,,0.001402214,1,-0.000020688,-0.000001072,0.047858076,0.000000000,0.000000000,0.050000000,0.000020663,-0.000001086,-0.002141924,0.002142024,0.029930291
30.061390546,TRACKING,,0.000277830,1,-0.000017446,-0.000001198,0.047904368,0.000000000,0.000000000,0.050000000,0.000017419,-0.000001209,-0.002095633,0.002095705,0.028710518
30.071387701,TRACKING,,0.002013679,1,-0.000014340,-0.000001295,0.047948488,0.000000000,0.000000000,0.050000000,0.000014312,-0.000001310,-0.002051512,0.002051563,0.052142483
30.081484591,TRACKING,,0.000951036,1,-0.000011345,-0.000001367,0.047989845,0.000000000,0.000000000,0.050000000,0.000011315,-0.000001379,-0.002010155,0.002010187,0.050204682
30.091633722,TRACKING,,0.002654826,1,-0.000011345,-0.000001367,0.047989845,0.000000000,0.000000000,0.050000000,0.000011315,-0.000001379,-0.002010155,0.002010187,0.050204682
30.101770981,TRACKING,,0.001658673,1,-0.000008492,-0.000001405,0.048029280,0.000000000,0.000000000,0.050000000,0.000008460,-0.000001419,-0.001970720,0.001970739,0.079439874
30.111790695,TRACKING,,0.000579407,1,-0.000005761,-0.000001433,0.048066476,0.000000000,0.000000000,0.050000000,0.000005728,-0.000001444,-0.001933524,0.001933533,0.076676734
30.122050246,TRACKING,,0.002279636,1,-0.000003182,-0.000001390,0.048103054,0.000000000,0.000000000,0.050000000,0.000003148,-0.000001397,-0.001896946,0.001896949,0.072918668
30.131983287,TRACKING,,0.001135069,1,-0.000000725,-0.000001329,0.048138036,0.000000000,0.000000000,0.050000000,0.000000689,-0.000001333,-0.001861964,0.001861964,0.107014548
30.142074240,TRACKING,,0.000034432,1,0.000001592,-0.000001229,0.048172029,0.000000000,0.000000000,0.050000000,-0.000001627,-0.000001229,-0.001827971,0.001827972,0.102147255
30.152137885,TRACKING,,0.001587434,1,0.000003799,-0.000001102,0.048204421,0.000000000,0.000000000,0.050000000,-0.000003835,-0.000001099,-0.001795579,0.001795583,0.096646850
30.162092298,TRACKING,,0.000653021,1,0.000005897,-0.000000978,0.048235311,0.000000000,0.000000000,0.050000000,-0.000005934,-0.000000967,-0.001764689,0.001764699,0.135502483
30.172196311,TRACKING,,0.002379370,1,0.000007851,-0.000000806,0.048265069,0.000000000,0.000000000,0.050000000,-0.000007888,-0.000000791,-0.001734931,0.001734949,0.128800116
30.182239772,TRACKING,,0.001257362,1,0.000009709,-0.000000621,0.048293409,0.000000000,0.000000000,0.050000000,-0.000009746,-0.000000604,-0.001706591,0.001706619,0.121536579
30.192732036,TRACKING,,0.000030870,1,0.000009709,-0.000000621,0.048293409,0.000000000,0.000000000,0.050000000,-0.000009746,-0.000000604,-0.001706591,0.001706619,0.121536579
30.202641331,TRACKING,,0.001970935,1,0.000011440,-0.000000443,0.048320901,0.000000000,0.000000000,0.050000000,-0.000011477,-0.000000413,-0.001679098,0.001679138,0.164754358
30.212725160,TRACKING,,0.001473453,1,0.000013045,-0.000000276,0.048346771,0.000000000,0.000000000,0.050000000,-0.000013082,-0.000000243,-0.001653229,0.001653280,0.157032720
30.222634455,TRACKING,,0.000208967,1,0.000014543,-0.000000046,0.048372088,0.000000000,0.000000000,0.050000000,-0.000014580,-0.000000011,-0.001627912,0.001627977,0.148297614
30.232977118,TRACKING,,0.002312881,1,0.000015908,0.000000191,0.048396996,0.000000000,0.000000000,0.050000000,-0.000015944,0.000000243,-0.001603003,0.001603083,0.195883178
30.242792615,TRACKING,,0.001747721,1,0.000017143,0.000000436,0.048420426,0.000000000,0.000000000,0.050000000,-0.000017179,0.000000489,-0.001579573,0.001579667,0.186346501
30.252853885,TRACKING,,0.000707638,1,0.000018316,0.000000721,0.048443415,0.000000000,0.000000000,0.050000000,-0.000018351,0.000000774,-0.001556584,0.001556693,0.175771919
30.263257101,TRACKING,,0.002299820,1,0.000019431,0.000001039,0.048467041,0.000000000,0.000000000,0.050000000,-0.000019465,0.000001092,-0.001532959,0.001533083,0.164022768
30.273054789,TRACKING,,0.001928192,1,0.000020434,0.000001277,0.048488765,0.000000000,0.000000000,0.050000000,-0.000020466,0.000001351,-0.001511234,0.001511373,0.215803709
30.283158802,TRACKING,,0.001480577,1,0.000021349,0.000001526,0.048509255,0.000000000,0.000000000,0.050000000,-0.000021381,0.000001599,-0.001490744,0.001490898,0.204539955
30.293237882,TRACKING,,0.001024650,1,0.000022204,0.000001794,0.048529198,0.000000000,0.000000000,0.050000000,-0.000022235,0.000001866,-0.001470802,0.001470971,0.192564169
30.303335959,TRACKING,,0.000502233,1,0.000022968,0.000002035,0.048548916,0.000000000,0.000000000,0.050000000,-0.000022995,0.000002131,-0.001451083,0.001451267,0.248788841
30.313411477,TRACKING,,0.002330691,1,0.000023701,0.000002337,0.048568807,0.000000000,0.000000000,0.050000000,-0.000023728,0.000002431,-0.001431193,0.001431392,0.235012738
30.323441878,TRACKING,,0.001644426,1,0.000024384,0.000002636,0.048587956,0.000000000,0.000000000,0.050000000,-0.000024410,0.000002727,-0.001412043,0.001412257,0.220778836
30.333537580,TRACKING,,0.000864362,1,0.000025017,0.000002869,0.048606436,0.000000000,0.000000000,0.050000000,-0.000025039,0.000002988,-0.001393564,0.001393792,0.280830396
30.343721143,TRACKING,,0.000040368,1,0.000025017,0.000002869,0.048606436,0.000000000,0.000000000,0.050000000,-0.000025039,0.000002988,-0.001393564,0.001393792,0.280830396
30.353888085,TRACKING,,0.001848642,1,0.000025585,0.000003197,0.048625084,0.000000000,0.000000000,0.050000000,-0.000025606,0.000003313,-0.001374916,0.001375158,0.264971102
30.363938669,TRACKING,,0.000662519,1,0.000026114,0.000003551,0.048643263,0.000000000,0.000000000,0.050000000,-0.000026134,0.000003661,-0.001356736,0.001356993,0.248158383
30.374058118,TRACKING,,0.002273700,1,0.000026561,0.000003907,0.048662035,0.000000000,0.000000000,0.050000000,-0.000026575,0.000004048,-0.001337964,0.001338234,0.309692392
30.384274926,TRACKING,,0.001202745,1,0.000026963,0.000004270,0.048680412,0.000000000,0.000000000,0.050000000,-0.000026976,0.000004404,-0.001319588,0.001319871,0.291432641
30.394202030,TRACKING,,0.000140103,1,0.000027331,0.000004646,0.048698233,0.000000000,0.000000000,0.050000000,-0.000027344,0.000004773,-0.001301766,0.001302062,0.272500900
30.405241644,TRACKING,,0.000033245,1,0.000027640,0.000004969,0.048715808,0.000000000,0.000000000,0.050000000,-0.000027645,0.000005129,-0.001284192,0.001284499,0.338343226
30.415230489,TRACKING,,0.002092042,1,0.000027906,0.000005314,0.048732796,0.000000000,0.000000000,0.050000000,-0.000027910,0.000005466,-0.001267203,0.001267523,0.318883826
30.425304820,TRACKING,,0.001579123,1,0.000028135,0.000005639,0.048748740,0.000000000,0.000000000,0.050000000,-0.000028139,0.000005783,-0.001251260,0.001251589,0.299686764
30.435373214,TRACKING,,0.001068579,1,0.000028354,0.000005873,0.048764514,0.000000000,0.000000000,0.050000000,-0.000028350,0.000006053,-0.001235485,0.001235825,0.370439950
30.445462980,TRACKING,,0.000655396,1,0.000028513,0.000006167,0.048780049,0.000000000,0.000000000,0.050000000,-0.000028508,0.000006339,-0.001219950,0.001220299,0.350484809
30.455562244,TRACKING,,0.000059365,1,0.000028654,0.000006438,0.048795194,0.000000000,0.000000000,0.050000000,-0.000028649,0.000006601,-0.001204805,0.001205164,0.330362073
30.465720874,TRACKING,,0.002293884,1,0.000028789,0.000006610,0.048810139,0.000000000,0.000000000,0.050000000,-0.000028774,0.000006811,-0.001189860,0.001190228,0.405368397
30.475740589,TRACKING,,0.001628990,1,0.000028899,0.000006829,0.048824806,0.000000000,0.000000000,0.050000000,-0.000028885,0.000007020,-0.001175193,0.001175569,0.384769882
30.485830354,TRACKING,,0.000563972,1,0.000029005,0.000007035,0.048839790,0.000000000,0.000000000,0.050000000,-0.000028992,0.000007216,-0.001160209,0.001160594,0.362995307
30.496043601,TRACKING,,0.002027926,1,0.000029005,0.000007035,0.048839790,0.000000000,0.000000000,0.050000000,-0.000028992,0.000007216,-0.001160209,0.001160594,0.362995307
30.506155925,TRACKING,,0.000997341,1,0.000029080,0.000007157,0.048854755,0.000000000,0.000000000,0.050000000,-0.000029055,0.000007378,-0.001145245,0.001145637,0.440853194
30.516079468,TRACKING,,0.000033245,1,0.000029098,0.000007308,0.048869546,0.000000000,0.000000000,0.050000000,-0.000029075,0.000007518,-0.001130453,0.001130852,0.418963909
30.526163297,TRACKING,,0.002153781,1,0.000029097,0.000007462,0.048883959,0.000000000,0.000000000,0.050000000,-0.000029076,0.000007661,-0.001116040,0.001116445,0.397020505
30.536291057,TRACKING,,0.000755129,1,0.000029089,0.000007525,0.048897674,0.000000000,0.000000000,0.050000000,-0.000029055,0.000007766,-0.001102325,0.001102735,0.480495018
30.546222910,TRACKING,,0.000243398,1,0.000029028,0.000007647,0.048912535,0.000000000,0.000000000,0.050000000,-0.000028996,0.000007876,-0.001087465,0.001087880,0.457447159
30.556366105,TRACKING,,0.000235087,1,0.000028968,0.000007752,0.048925941,0.000000000,0.000000000,0.050000000,-0.000028938,0.000007970,-0.001074058,0.001074477,0.436024385
30.566417877,TRACKING,,0.000112795,1,0.000028916,0.000007764,0.048938537,0.000000000,0.000000000,0.050000000,-0.000028873,0.000008026,-0.001061462,0.001061885,0.524628223
30.576479147,TRACKING,,0.002403117,1,0.000028839,0.000007828,0.048951100,0.000000000,0.000000000,0.050000000,-0.000028798,0.000008079,-0.001048899,0.001049326,0.504000384
30.586326702,TRACKING,,0.002213147,1,0.000028757,0.000007894,0.048963595,0.000000000,0.000000000,0.050000000,-0.000028718,0.000008134,-0.001036404,0.001036834,0.482839131
30.596360664,TRACKING,,0.001729911,1,0.000028685,0.000007871,0.048976000,0.000000000,0.000000000,0.050000000,-0.000028633,0.000008156,-0.001024000,0.001024432,0.574797845
30.606462303,TRACKING,,0.001291794,1,0.000028574,0.000007936,0.048988545,0.000000000,0.000000000,0.050000000,-0.000028523,0.000008209,-0.001011454,0.001011890,0.552699247
30.616686235,TRACKING,,0.001954313,1,0.000028449,0.000007997,0.049002550,0.000000000,0.000000000,0.050000000,-0.000028402,0.000008256,-0.000997450,0.000997888,0.527394607
30.626777188,TRACKING,,0.002107477,1,0.000028374,0.000007931,0.049013821,0.000000000,0.000000000,0.050000000,-0.000028312,0.000008237,-0.000986178,0.000986619,0.624190588
30.637009431,TRACKING,,0.002261827,1,0.000028374,0.000007931,0.049013821,0.000000000,0.000000000,0.050000000,-0.000028312,0.000008237,-0.000986178,0.000986619,0.624190588
30.646718070,TRACKING,,0.000212529,1,0.000028258,0.000007936,0.049027277,0.000000000,0.000000000,0.050000000,-0.000028200,0.000008229,-0.000972722,0.000973166,0.598843862
30.656755595,TRACKING,,0.000423869,1,0.000028111,0.000008026,0.049040567,0.000000000,0.000000000,0.050000000,-0.000028056,0.000008304,-0.000959432,0.000959878,0.572549882
30.666819240,TRACKING,,0.000758692,1,0.000027957,0.000008048,0.049053963,0.000000000,0.000000000,0.050000000,-0.000027887,0.000008371,-0.000946037,0.000946485,0.667055012
30.677201084,TRACKING,,0.003062074,1,0.000027773,0.000008134,0.049067594,0.000000000,0.000000000,0.050000000,-0.000027706,0.000008441,-0.000932405,0.000932855,0.639237606
30.687216049,TRACKING,,0.002138346,1,0.000027619,0.000008190,0.049079349,0.000000000,0.000000000,0.050000000,-0.000027554,0.000008484,-0.000920651,0.000921102,0.614540442
30.697157401,TRACKING,,0.002235706,1,0.000027619,0.000008190,0.049079349,0.000000000,0.000000000,0.050000000,-0.000027554,0.000008484,-0.000920651,0.000921102,0.614540442
30.707140309,TRACKING,,0.001786903,1,0.000027469,0.000008130,0.049092063,0.000000000,0.000000000,0.050000000,-0.000027390,0.000008469,-0.000907937,0.000908389,0.712709850
30.717247885,TRACKING,,0.001405776,1,0.000027315,0.000008094,0.049102665,0.000000000,0.000000000,0.050000000,-0.000027240,0.000008420,-0.000897335,0.000897787,0.690389536
30.727518122,TRACKING,,0.001032960,1,0.000027126,0.000008129,0.049113510,0.000000000,0.000000000,0.050000000,-0.000027053,0.000008442,-0.000886489,0.000886942,0.666957151
30.737607887,TRACKING,,0.000587719,1,0.000026951,0.000008080,0.049124204,0.000000000,0.000000000,0.050000000,-0.000026863,0.000008440,-0.000875796,0.000876248,0.772402558
30.747659659,TRACKING,,0.000283767,1,0.000026753,0.000008069,0.049134888,0.000000000,0.000000000,0.050000000,-0.000026668,0.000008416,-0.000865111,0.000865563,0.749198490
30.757735177,TRACKING,,0.000028495,1,0.000026558,0.000008079,0.049145301,0.000000000,0.000000000,0.050000000,-0.000026477,0.000008413,-0.000854699,0.000855150,0.725892121
30.767979294,TRACKING,,0.002315255,1,0.000026382,0.000008011,0.049155513,0.000000000,0.000000000,0.050000000,-0.000026285,0.000008393,-0.000844487,0.000844937,0.834922337
30.777851782,TRACKING,,0.000141290,1,0.000026191,0.000007986,0.049165477,0.000000000,0.000000000,0.050000000,-0.000026098,0.000008355,-0.000834522,0.000834972,0.812238182
30.787907116,TRACKING,,0.000417933,1,0.000025965,0.000008000,0.049177324,0.000000000,0.000000000,0.050000000,-0.000025875,0.000008353,-0.000822676,0.000823125,0.784150968
30.797964824,TRACKING,,0.000814495,1,0.000025759,0.000007926,0.049188827,0.000000000,0.000000000,0.050000000,-0.000025653,0.000008324,-0.000811173,0.000811621,0.891950196
30.808131765,TRACKING,,0.001218181,1,0.000025546,0.000007930,0.049199987,0.000000000,0.000000000,0.050000000,-0.000025445,0.000008312,-0.000800013,0.000800460,0.864178619
30.818168102,TRACKING,,0.001593371,1,0.000025546,0.000007930,0.049199987,0.000000000,0.000000000,0.050000000,-0.000025445,0.000008312,-0.000800013,0.000800460,0.864178619
30.828149823,TRACKING,,0.000846552,1,0.000025348,0.000007924,0.049210806,0.000000000,0.000000000,0.050000000,-0.000025250,0.000008292,-0.000789193,0.000789641,0.836450523
30.838366631,TRACKING,,0.001056706,1,0.000025182,0.000007861,0.049220503,0.000000000,0.000000000,0.050000000,-0.000025068,0.000008277,-0.000779497,0.000779944,0.952693556
30.848446898,TRACKING,,0.001272797,1,0.000024959,0.000007872,0.049231420,0.000000000,0.000000000,0.050000000,-0.000024848,0.000008272,-0.000768579,0.000769025,0.923817568
30.858515292,TRACKING,,0.001401026,1,0.000024738,0.000007909,0.049242148,0.000000000,0.000000000,0.050000000,-0.000024631,0.000008292,-0.000757851,0.000758296,0.894464019
30.868599122,TRACKING,,0.001723975,1,0.000024540,0.000007835,0.049252806,0.000000000,0.000000000,0.050000000,-0.000024418,0.000008262,-0.000747194,0.000747638,1.003539496
30.878503667,TRACKING,,0.001359471,1,0.000024380,0.000007823,0.049261189,0.000000000,0.000000000,0.050000000,-0.000024261,0.000008237,-0.000738810,0.000739255,0.979619739
30.888572061,TRACKING,,0.001142193,1,0.000024207,0.000007843,0.049269704,0.000000000,0.000000000,0.050000000,-0.000024091,0.000008244,-0.000730295,0.000730739,0.954716170
30.898673700,TRACKING,,0.001184936,1,0.000024059,0.000007762,0.049277844,0.000000000,0.000000000,0.050000000,-0.000023927,0.000008211,-0.000722156,0.000722599,1.075169816
30.908745656,TRACKING,,0.001235991,1,0.000023889,0.000007778,0.049285885,0.000000000,0.000000000,0.050000000,-0.000023761,0.000008214,-0.000714114,0.000714557,1.050756864
30.918828298,TRACKING,,0.001306042,1,0.000023725,0.000007787,0.049293807,0.000000000,0.000000000,0.050000000,-0.000023599,0.000008209,-0.000706192,0.000706634,1.026375900
30.928870572,TRACKING,,0.001315540,1,0.000023571,0.000007700,0.049301684,0.000000000,0.000000000,0.050000000,-0.000023429,0.000008169,-0.000698316,0.000698756,1.149145683
30.938909283,TRACKING,,0.001490075,1,0.000023571,0.000007700,0.049301684,0.000000000,0.000000000,0.050000000,-0.000023429,0.000008169,-0.000698316,0.000698756,1.149145683
30.948993112,TRACKING,,0.001891386,1,0.000023352,0.000007739,0.049311396,0.000000000,0.000000000,0.050000000,-0.000023214,0.000008192,-0.000688603,0.000689043,1.118093753
30.959060319,TRACKING,,0.001927006,1,0.000023154,0.000007767,0.049320645,0.000000000,0.000000000,0.050000000,-0.000023019,0.000008203,-0.000679355,0.000679794,1.087628019
30.969063412,TRACKING,,0.001967373,1,0.000023004,0.000007724,0.049328202,0.000000000,0.000000000,0.050000000,-0.000022852,0.000008207,-0.000671797,0.000672236,1.211912194
30.979116371,TRACKING,,0.000028495,1,0.000022783,0.000007744,0.049337379,0.000000000,0.000000000,0.050000000,-0.000022635,0.000008210,-0.000662620,0.000663058,1.181284365
30.989170517,TRACKING,,0.000490359,1,0.000022565,0.000007786,0.049346331,0.000000000,0.000000000,0.050000000,-0.000022420,0.000008236,-0.000653669,0.000654105,1.150637850
30.999242473,TRACKING,,0.001031773,1,0.000022365,0.000007722,0.049355114,0.000000000,0.000000000,0.050000000,-0.000022204,0.000008215,-0.000644886,0.000645320,1.272217019
31.009329865,TRACKING,,0.001197996,1,0.000022365,0.000007722,0.049355114,0.000000000,0.000000000,0.050000000,-0.000022204,0.000008215,-0.000644886,0.000645320,1.272217019
31.019389948,TRACKING,,0.001499573,1,0.000022140,0.000007790,0.049364110,0.000000000,0.000000000,0.050000000,-0.000021981,0.000008265,-0.000635889,0.000636323,1.240074989
31.029591321,TRACKING,,0.001908008,1,0.000021921,0.000007876,0.049372873,0.000000000,0.000000000,0.050000000,-0.000021765,0.000008335,-0.000627127,0.000627560,1.207741518
31.039590851,TRACKING,,0.001550628,1,0.000021726,0.000007846,0.049381619,0.000000000,0.000000000,0.050000000,-0.000021553,0.000008346,-0.000618381,0.000618812,1.329075099
31.049743544,TRACKING,,0.001175438,1,0.000021536,0.000007903,0.049389052,0.000000000,0.000000000,0.050000000,-0.000021365,0.000008388,-0.000610947,0.000611378,1.300846180
31.059756135,TRACKING,,0.001070955,1,0.000021356,0.000007948,0.049396108,0.000000000,0.000000000,0.050000000,-0.000021189,0.000008420,-0.000603892,0.000604322,1.273522076
31.069800783,TRACKING,,0.001406963,1,0.000021163,0.000007884,0.049404443,0.000000000,0.000000000,0.050000000,-0.000020979,0.000008396,-0.000595556,0.000595985,1.397041018
31.079866803,TRACKING,,0.001469891,1,0.000020992,0.000007918,0.049411162,0.000000000,0.000000000,0.050000000,-0.000020811,0.000008417,-0.000588838,0.000589265,1.370006442
31.089913825,TRACKING,,0.001501948,1,0.000020992,0.000007918,0.049411162,0.000000000,0.000000000,0.050000000,-0.000020811,0.000008417,-0.000588838,0.000589265,1.370006442
31.100023775,TRACKING,,0.001486513,1,0.000020779,0.000007960,0.049419481,0.000000000,0.000000000,0.050000000,-0.000020601,0.000008441,-0.000580519,0.000580945,1.335999048
31.110063674,TRACKING,,0.001085202,1,0.000020629,0.000007909,0.049426065,0.000000000,0.000000000,0.050000000,-0.000020433,0.000008433,-0.000573935,0.000574360,1.466295879
31.120110697,TRACKING,,0.000859613,1,0.000020445,0.000007909,0.049432854,0.000000000,0.000000000,0.050000000,-0.000020253,0.000008419,-0.000567145,0.000567569,1.438127883
31.130167218,TRACKING,,0.000827556,1,0.000020263,0.000007944,0.049439499,0.000000000,0.000000000,0.050000000,-0.000020074,0.000008438,-0.000560501,0.000560923,1.409848825
31.140279543,TRACKING,,0.002064733,1,0.000020104,0.000007908,0.049445961,0.000000000,0.000000000,0.050000000,-0.000019897,0.000008444,-0.000554038,0.000554460,1.541447066
31.150435798,TRACKING,,0.001820147,1,0.000019904,0.000007896,0.049453136,0.000000000,0.000000000,0.050000000,-0.000019702,0.000008417,-0.000546863,0.000547283,1.510548788
31.160520814,TRACKING,,0.001929380,1,0.000019729,0.000007901,0.049459502,0.000000000,0.000000000,0.050000000,-0.000019531,0.000008407,-0.000540497,0.000540915,1.482304640
31.170680632,TRACKING,,0.001875951,1,0.000019582,0.000007834,0.049465667,0.000000000,0.000000000,0.050000000,-0.000019366,0.000008382,-0.000534333,0.000534749,1.615462689
31.180651666,TRACKING,,0.001983996,1,0.000019371,0.000007809,0.049473219,0.000000000,0.000000000,0.050000000,-0.000019160,0.000008339,-0.000526781,0.000527195,1.581267457
31.190718873,TRACKING,,0.002002993,1,0.000019206,0.000007798,0.049479170,0.000000000,0.000000000,0.050000000,-0.000018999,0.000008314,-0.000520829,0.000521242,1.553606504
31.200914310,TRACKING,,0.002214335,1,0.000019025,0.000007685,0.049486394,0.000000000,0.000000000,0.050000000,-0.000018803,0.000008239,-0.000513605,0.000514015,1.681828626
31.210915027,TRACKING,,0.000068864,1,0.000018837,0.000007636,0.049493438,0.000000000,0.000000000,0.050000000,-0.000018621,0.000008173,-0.000506562,0.000506970,1.647944575
31.220952552,TRACKING,,0.000049867,1,0.000018837,0.000007636,0.049493438,0.000000000,0.000000000,0.050000000,-0.000018621,0.000008173,-0.000506562,0.000506970,1.647944575
31.231019758,TRACKING,,0.000102108,1,0.000018640,0.000007621,0.049500503,0.000000000,0.000000000,0.050000000,-0.000018429,0.000008142,-0.000499497,0.000499903,1.613162978
31.241263875,TRACKING,,0.000022559,1,0.000018509,0.000007534,0.049506077,0.000000000,0.000000000,0.050000000,-0.000018281,0.000008094,-0.000493923,0.000494327,1.748613237
31.251394009,TRACKING,,0.000070051,1,0.000018344,0.000007506,0.049511793,0.000000000,0.000000000,0.050000000,-0.000018122,0.000008052,-0.000488207,0.000488609,1.719980768
31.261252249,TRACKING,,0.000208967,1,0.000018149,0.000007524,0.049518626,0.000000000,0.000000000,0.050000000,-0.000017930,0.000008054,-0.000481374,0.000481775,1.684823364
31.271539109,TRACKING,,0.000194719,1,0.000018010,0.000007466,0.049524096,0.000000000,0.000000000,0.050000000,-0.000017774,0.000008034,-0.000475904,0.000476303,1.820453637
31.281622938,TRACKING,,0.000295640,1,0.000017850,0.000007459,0.049529561,0.000000000,0.000000000,0.050000000,-0.000017619,0.000008012,-0.000470439,0.000470837,1.791747142
31.291527483,TRACKING,,0.002608521,1,0.000017656,0.000007459,0.049536266,0.000000000,0.000000000,0.050000000,-0.000017429,0.000007995,-0.000463734,0.000464130,1.755715951
31.301886769,TRACKING,,0.002187026,1,0.000017514,0.000007362,0.049541743,0.000000000,0.000000000,0.050000000,-0.000017271,0.000007935,-0.000458257,0.000458651,1.891393867
31.311986033,TRACKING,,0.001808274,1,0.000017357,0.000007322,0.049547065,0.000000000,0.000000000,0.050000000,-0.000017119,0.000007881,-0.000452935,0.000453327,1.861980375
31.322071050,TRACKING,,0.001512633,1,0.000017206,0.000007273,0.049552321,0.000000000,0.000000000,0.050000000,-0.000016974,0.000007819,-0.000447679,0.000448069,1.832407824
31.331969658,TRACKING,,0.001239552,1,0.000017078,0.000007144,0.049557373,0.000000000,0.000000000,0.050000000,-0.000016831,0.000007725,-0.000442627,0.000443014,1.969642160
31.342039240,TRACKING,,0.000536665,1,0.000016920,0.000007130,0.049562611,0.000000000,0.000000000,0.050000000,-0.000016678,0.000007697,-0.000437388,0.000437774,1.939250250
31.352159876,TRACKING,,0.000391813,1,0.000016766,0.000007102,0.049567647,0.000000000,0.000000000,0.050000000,-0.000016529,0.000007656,-0.000432353,0.000432737,1.909637197
31.362129723,TRACKING,,0.000122293,1,0.000016635,0.000006989,0.049572596,0.000000000,0.000000000,0.050000000,-0.000016384,0.000007578,-0.000427404,0.000427785,2.046762699
31.372417770,TRACKING,,0.002435174,1,0.000016635,0.000006989,0.049572596,0.000000000,0.000000000,0.050000000,-0.000016384,0.000007578,-0.000427404,0.000427785,2.046762699
31.382537219,TRACKING,,0.002476730,1,0.000016488,0.000006963,0.049577505,0.000000000,0.000000000,0.050000000,-0.000016241,0.000007538,-0.000422495,0.000422874,2.017003746
31.392526063,TRACKING,,0.000250522,1,0.000016353,0.000006972,0.049582205,0.000000000,0.000000000,0.050000000,-0.000016110,0.000007534,-0.000417795,0.000418173,1.987647744
31.402438920,TRACKING,,0.000188782,1,0.000016195,0.000006983,0.049588036,0.000000000,0.000000000,0.050000000,-0.000015934,0.000007576,-0.000411964,0.000412342,2.117391199
31.412694909,TRACKING,,0.000130604,1,0.000016043,0.000007028,0.049592814,0.000000000,0.000000000,0.050000000,-0.000015784,0.000007607,-0.000407185,0.000407562,2.087203498
31.422549587,TRACKING,,0.000166223,1,0.000015895,0.000007109,0.049597604,0.000000000,0.000000000,0.050000000,-0.000015638,0.000007674,-0.000402396,0.000402773,2.056126335
31.432589486,TRACKING,,0.002325942,1,0.000015768,0.000007134,0.049602304,0.000000000,0.000000000,0.050000000,-0.000015492,0.000007731,-0.000397696,0.000398073,2.192021209
31.442670941,TRACKING,,0.002101540,1,0.000015614,0.000007189,0.049607149,0.000000000,0.000000000,0.050000000,-0.000015340,0.000007772,-0.000392850,0.000393227,2.159966044
31.452742897,TRACKING,,0.001593371,1,0.000015470,0.000007262,0.049611837,0.000000000,0.000000000,0.050000000,-0.000015198,0.000007831,-0.000388163,0.000388539,2.127977119
31.462871844,TRACKING,,0.001422398,1,0.000015320,0.000007348,0.049616591,0.000000000,0.000000000,0.050000000,-0.000015048,0.000007903,-0.000383409,0.000383786,2.095181652
31.473032849,TRACKING,,0.001398652,1,0.000015194,0.000007324,0.049621124,0.000000000,0.000000000,0.050000000,-0.000014905,0.000007909,-0.000378876,0.000379251,2.230349600
31.482986074,TRACKING,,0.001524507,1,0.000015050,0.000007323,0.049625540,0.000000000,0.000000000,0.050000000,-0.000014765,0.000007894,-0.000374460,0.000374834,2.199703525
31.493034284,TRACKING,,0.001550628,1,0.000014874,0.000007314,0.049630921,0.000000000,0.000000000,0.050000000,-0.000014595,0.000007869,-0.000369078,0.000369451,2.161649674
31.503105052,TRACKING,,0.001535192,1,0.000014752,0.000007222,0.049635199,0.000000000,0.000000000,0.050000000,-0.000014458,0.000007807,-0.000364801,0.000365171,2.298172765
31.513177009,TRACKING,,0.001789278,1,0.000014616,0.000007183,0.049639388,0.000000000,0.000000000,0.050000000,-0.000014327,0.000007755,-0.000360612,0.000360979,2.267813095
31.523450808,TRACKING,,0.001289419,1,0.000014483,0.000007106,0.049643498,0.000000000,0.000000000,0.050000000,-0.000014201,0.000007665,-0.000356502,0.000356867,2.237525378
31.533468147,TRACKING,,0.001060268,1,0.000014362,0.000006995,0.049647659,0.000000000,0.000000000,0.050000000,-0.000014067,0.000007583,-0.000352341,0.000352703,2.372810442
31.543462928,TRACKING,,0.000856051,1,0.000014223,0.000006946,0.049651866,0.000000000,0.000000000,0.050000000,-0.000013934,0.000007521,-0.000348134,0.000348494,2.340949376
31.553585939,TRACKING,,0.000327697,1,0.000014091,0.000006900,0.049655934,0.000000000,0.000000000,0.050000000,-0.000013808,0.000007461,-0.000344065,0.000344423,2.309533052
31.563638898,TRACKING,,0.000192345,1,0.000013978,0.000006785,0.049659934,0.000000000,0.000000000,0.050000000,-0.000013683,0.000007374,-0.000340065,0.000340420,2.444234358
31.573744099,TRACKING,,0.002670261,1,0.000013851,0.000006738,0.049663877,0.000000000,0.000000000,0.050000000,-0.000013561,0.000007314,-0.000336123,0.000336476,2.412936721
31.583782811,TRACKING,,0.000079550,1,0.000013724,0.000006691,0.049667732,0.000000000,0.000000000,0.050000000,-0.000013440,0.000007254,-0.000332268,0.000332619,2.381744911
31.593842894,TRACKING,,0.000188782,1,0.000013585,0.000006552,0.049672336,0.000000000,0.000000000,0.050000000,-0.000013291,0.000007140,-0.000327663,0.000328011,2.509204128
31.603997962,TRACKING,,0.000078363,1,0.000013465,0.000006532,0.049676018,0.000000000,0.000000000,0.050000000,-0.000013176,0.000007107,-0.000323982,0.000324328,2.478150896
31.613991555,TRACKING,,0.000218465,1,0.000013465,0.000006532,0.049676018,0.000000000,0.000000000,0.050000000,-0.000013176,0.000007107,-0.000323982,0.000324328,2.478150896
31.624081321,TRACKING,,0.000264770,1,0.000013317,0.000006532,0.049680522,0.000000000,0.000000000,0.050000000,-0.000013033,0.000007092,-0.000319478,0.000319822,2.439459788
31.634154465,TRACKING,,0.000312263,1,0.000013218,0.000006481,0.049684088,0.000000000,0.000000000,0.050000000,-0.000012919,0.000007067,-0.000315912,0.000316255,2.572640921
31.644220484,TRACKING,,0.000363317,1,0.000013098,0.000006483,0.049687671,0.000000000,0.000000000,0.050000000,-0.000012804,0.000007056,-0.000312328,0.000312670,2.541235843
31.654286504,TRACKING,,0.000383501,1,0.000012954,0.000006550,0.049692088,0.000000000,0.000000000,0.050000000,-0.000012662,0.000007108,-0.000307912,0.000308254,2.501477206
31.664497375,TRACKING,,0.000689827,1,0.000012854,0.000006550,0.049695629,0.000000000,0.000000000,0.050000000,-0.000012545,0.000007133,-0.000304371,0.000304713,2.632545444
31.674521839,TRACKING,,0.000358568,1,0.000012712,0.000006599,0.049699981,0.000000000,0.000000000,0.050000000,-0.000012406,0.000007166,-0.000300019,0.000300361,2.592270903
31.684624665,TRACKING,,0.000102109,1,0.000012593,0.000006639,0.049703621,0.000000000,0.000000000,0.050000000,-0.000012289,0.000007194,-0.000296379,0.000296721,2.557829614
31.694661002,TRACKING,,0.000217278,1,0.000012469,0.000006581,0.049707747,0.000000000,0.000000000,0.050000000,-0.000012152,0.000007156,-0.000292253,0.000292593,2.680635864
31.704770952,TRACKING,,0.000476111,1,0.000012469,0.000006581,0.049707747,0.000000000,0.000000000,0.050000000,-0.000012152,0.000007156,-0.000292253,0.000292593,2.680635864
31.714827473,TRACKING,,0.000661332,1,0.000012333,0.000006638,0.049711836,0.000000000,0.000000000,0.050000000,-0.000012019,0.000007198,-0.000288164,0.000288504,2.640172092
31.724866185,TRACKING,,0.000845365,1,0.000012207,0.000006718,0.049715806,0.000000000,0.000000000,0.050000000,-0.000011895,0.000007265,-0.000284193,0.000284535,2.599622225
31.735041437,TRACKING,,0.001095888,1,0.000012096,0.000006741,0.049719804,0.000000000,0.000000000,0.050000000,-0.000011768,0.000007306,-0.000280195,0.000280538,2.719212948
31.745120517,TRACKING,,0.001797588,1,0.000011977,0.000006816,0.049723520,0.000000000,0.000000000,0.050000000,-0.000011650,0.000007368,-0.000276479,0.000276823,2.679974302
31.755019126,TRACKING,,0.001425960,1,0.000011868,0.000006882,0.049726818,0.000000000,0.000000000,0.050000000,-0.000011543,0.000007421,-0.000273182,0.000273526,2.644442411
31.765078022,TRACKING,,0.001542317,1,0.000011783,0.000006857,0.049729884,0.000000000,0.000000000,0.050000000,-0.000011442,0.000007418,-0.000270116,0.000270460,2.770289228
31.775269896,TRACKING,,0.001596933,1,0.000011783,0.000006857,0.049729884,0.000000000,0.000000000,0.050000000,-0.000011442,0.000007418,-0.000270116,0.000270460,2.770289228
31.785262303,TRACKING,,0.001230054,1,0.000011658,0.000006872,0.049733599,0.000000000,0.000000000,0.050000000,-0.000011323,0.000007419,-0.000266401,0.000266745,2.728918214
31.795343757,TRACKING,,0.001049582,1,0.000011562,0.000006947,0.049736723,0.000000000,0.000000000,0.050000000,-0.000011227,0.000007482,-0.000263277,0.000263622,2.693121655
31.805437085,TRACKING,,0.000904731,1,0.000011482,0.000006984,0.049739787,0.000000000,0.000000000,0.050000000,-0.000011130,0.000007539,-0.000260213,0.000260559,2.815730323
31.815526851,TRACKING,,0.000776501,1,0.000011379,0.000007036,0.049742821,0.000000000,0.000000000,0.050000000,-0.000011029,0.000007580,-0.000257178,0.000257526,2.780640114
31.825599994,TRACKING,,0.000523604,1,0.000011280,0.000007112,0.049745829,0.000000000,0.000000000,0.050000000,-0.000010930,0.000007644,-0.000254170,0.000254520,2.745091705
31.835713506,TRACKING,,0.000324136,1,0.000011198,0.000007135,0.049748843,0.000000000,0.000000000,0.050000000,-0.000010831,0.000007685,-0.000251157,0.000251508,2.864995679
31.845942188,TRACKING,,0.000097359,1,0.000011092,0.000007160,0.049751807,0.000000000,0.000000000,0.050000000,-0.000010729,0.000007698,-0.000248193,0.000248544,2.829551386
31.856198177,TRACKING,,0.002450609,1,0.000010989,0.000007202,0.049754748,0.000000000,0.000000000,0.050000000,-0.000010629,0.000007729,-0.000245252,0.000245604,2.793612189
31.866137154,TRACKING,,0.001968561,1,0.000010903,0.000007187,0.049757663,0.000000000,0.000000000,0.050000000,-0.000010528,0.000007731,-0.000242337,0.000242689,2.911232011
31.876040512,TRACKING,,0.001763156,1,0.000010793,0.000007159,0.049760542,0.000000000,0.000000000,0.050000000,-0.000010424,0.000007691,-0.000239458,0.000239808,2.875574923
31.886253758,TRACKING,,0.001587434,1,0.000010663,0.000007155,0.049764048,0.000000000,0.000000000,0.050000000,-0.000010301,0.000007672,-0.000235952,0.000236301,2.831090898
31.896163053,TRACKING,,0.001598120,1,0.000010575,0.000007067,0.049766733,0.000000000,0.000000000,0.050000000,-0.000010202,0.000007601,-0.000233267,0.000233613,2.948609104
31.906242133,TRACKING,,0.001744160,1,0.000010475,0.000007053,0.049769398,0.000000000,0.000000000,0.050000000,-0.000010106,0.000007576,-0.000230602,0.000230948,2.913948082
31.916315277,TRACKING,,0.001436646,1,0.000010371,0.000006988,0.049772027,0.000000000,0.000000000,0.050000000,-0.000010010,0.000007500,-0.000227973,0.000228316,2.879208860
31.926399106,TRACKING,,0.001040084,1,0.000010262,0.000006933,0.049774701,0.000000000,0.000000000,0.050000000,-0.000009909,0.000007433,-0.000225299,0.000225639,2.843800661
31.936486497,TRACKING,,0.000544975,1,0.000010164,0.000006789,0.049777355,0.000000000,0.000000000,0.050000000,-0.000009803,0.000007304,-0.000222645,0.000222980,2.958330183
31.946571514,TRACKING,,0.000163849,1,0.000010046,0.000006672,0.049779997,0.000000000,0.000000000,0.050000000,-0.000009697,0.000007175,-0.000220003,0.000220333,2.923059830
31.957075651,TRACKING,,0.002500476,1,0.000009933,0.000006552,0.049782536,0.000000000,0.000000000,0.050000000,-0.000009594,0.000007044,-0.000217464,0.000217789,2.888732166
31.966740360,TRACKING,,0.002096790,1,0.000009831,0.000006365,0.049785075,0.000000000,0.000000000,0.050000000,-0.000009488,0.000006871,-0.000214925,0.000215244,3.001221408
31.976925110,TRACKING,,0.001579123,1,0.000009719,0.000006221,0.049787564,0.000000000,0.000000000,0.050000000,-0.000009388,0.000006715,-0.000212435,0.000212749,2.966849725
31.986921078,TRACKING,,0.001655111,1,0.000009616,0.000006129,0.049789974,0.000000000,0.000000000,0.050000000,-0.000009293,0.000006613,-0.000210026,0.000210335,2.933049587
31.997140261,TRACKING,,0.001567250,1,0.000009527,0.000005987,0.049792316,0.000000000,0.000000000,0.050000000,-0.000009199,0.000006484,-0.000207684,0.000207989,3.044468132
32.007060242,TRACKING,,0.001454456,1,0.000009421,0.000005856,0.049794643,0.000000000,0.000000000,0.050000000,-0.000009104,0.000006342,-0.000205357,0.000205657,3.010992653
32.017140509,TRACKING,,0.001038897,1,0.000009320,0.000005788,0.049797015,0.000000000,0.000000000,0.050000000,-0.000009010,0.000006264,-0.000202985,0.000203281,2.976282939
32.027230275,TRACKING,,0.000720697,1,0.000009229,0.000005666,0.049799350,0.000000000,0.000000000,0.050000000,-0.000008914,0.000006154,-0.000200650,0.000200942,3.083560110
32.037323602,TRACKING,,0.000514105,1,0.000009133,0.000005611,0.049801667,0.000000000,0.000000000,0.050000000,-0.000008825,0.000006088,-0.000198333,0.000198622,3.048584877
32.047723256,TRACKING,,0.000027308,1,0.000009133,0.000005611,0.049801667,0.000000000,0.000000000,0.050000000,-0.000008825,0.000006088,-0.000198333,0.000198622,3.048584877
32.057829645,TRACKING,,0.002090854,1,0.000009038,0.000005552,0.049803973,0.000000000,0.000000000,0.050000000,-0.000008737,0.000006019,-0.000196027,0.000196314,3.013417159
32.067879042,TRACKING,,0.001665797,1,0.000008956,0.000005468,0.049806271,0.000000000,0.000000000,0.050000000,-0.000008649,0.000005946,-0.000193729,0.000194013,3.116439044
32.077763403,TRACKING,,0.001675295,1,0.000008856,0.000005409,0.049808544,0.000000000,0.000000000,0.050000000,-0.000008555,0.000005877,-0.000191456,0.000191737,3.081355162
32.087834172,TRACKING,,0.001659861,1,0.000008771,0.000005412,0.049810724,0.000000000,0.000000000,0.050000000,-0.000008474,0.000005870,-0.000189276,0.000189556,3.046831929
32.097932249,TRACKING,,0.001458017,1,0.000008688,0.000005431,0.049812912,0.000000000,0.000000000,0.050000000,-0.000008393,0.000005880,-0.000187088,0.000187368,3.011844542
32.108017265,TRACKING,,0.001245488,1,0.000008613,0.000005452,0.049815171,0.000000000,0.000000000,0.050000000,-0.000008307,0.000005911,-0.000184829,0.000185110,3.111157378
32.118076161,TRACKING,,0.001097075,1,0.000008517,0.000005457,0.049817411,0.000000000,0.000000000,0.050000000,-0.000008214,0.000005906,-0.000182589,0.000182869,3.075504083
32.128108936,TRACKING,,0.000879797,1,0.000008426,0.000005474,0.049819597,0.000000000,0.000000000,0.050000000,-0.000008127,0.000005913,-0.000180403,0.000180683,3.039990977
32.138217699,TRACKING,,0.000744444,1,0.000008347,0.000005453,0.049821739,0.000000000,0.000000000,0.050000000,-0.000008039,0.000005901,-0.000178261,0.000178540,3.137089952
32.148306277,TRACKING,,0.000461864,1,0.000008251,0.000005430,0.049823896,0.000000000,0.000000000,0.050000000,-0.000007948,0.000005868,-0.000176104,0.000176380,3.101573760
32.158418602,TRACKING,,0.000030870,1,0.000008162,0.000005426,0.049826017,0.000000000,0.000000000,0.050000000,-0.000007863,0.000005855,-0.000173983,0.000174259,3.065780055
32.168591480,TRACKING,,0.002292697,1,0.000008082,0.000005385,0.049828139,0.000000000,0.000000000,0.050000000,-0.000007775,0.000005821,-0.000171861,0.000172135,3.158271747
32.178645626,TRACKING,,0.001836770,1,0.000007989,0.000005340,0.049830218,0.000000000,0.000000000,0.050000000,-0.000007689,0.000005767,-0.000169782,0.000170054,3.122515140
32.189014410,TRACKING,,0.000997341,1,0.000007905,0.000005316,0.049832306,0.000000000,0.000000000,0.050000000,-0.000007610,0.000005734,-0.000167694,0.000167964,3.085434320
32.199000880,TRACKING,,0.000032058,1,0.000007832,0.000005293,0.049834433,0.000000000,0.000000000,0.050000000,-0.000007529,0.000005718,-0.000165567,0.000165836,3.172114984
32.209110830,TRACKING,,0.001712102,1,0.000007746,0.000005270,0.049836536,0.000000000,0.000000000,0.050000000,-0.000007448,0.000005686,-0.000163464,0.000163733,3.133512342
32.219181599,TRACKING,,0.000631649,1,0.000007660,0.000005237,0.049838598,0.000000000,0.000000000,0.050000000,-0.000007369,0.000005643,-0.000161402,0.000161669,3.094706013
32.229292736,TRACKING,,0.002390057,1,0.000007582,0.000005180,0.049840642,0.000000000,0.000000000,0.050000000,-0.000007285,0.000005592,-0.000159358,0.000159623,3.177212263
32.239350444,TRACKING,,0.001323852,1,0.000007499,0.000005134,0.049842624,0.000000000,0.000000000,0.050000000,-0.000007209,0.000005537,-0.000157376,0.000157638,3.138554313
32.249408153,TRACKING,,0.000204217,1,0.000007421,0.000005122,0.049844586,0.000000000,0.000000000,0.050000000,-0.000007135,0.000005516,-0.000155414,0.000155676,3.099358395
32.259415994,TRACKING,,0.001877138,1,0.000007421,0.000005122,0.049844586,0.000000000,0.000000000,0.050000000,-0.000007135,0.000005516,-0.000155414,0.000155676,3.099358395
32.269550878,TRACKING,,0.000838241,1,0.000007344,0.000005033,0.049846497,0.000000000,0.000000000,0.050000000,-0.000007055,0.000005432,-0.000153503,0.000153761,3.178310527
32.279657266,TRACKING,,0.000049867,1,0.000007260,0.000004981,0.049848406,0.000000000,0.000000000,0.050000000,-0.000006978,0.000005371,-0.000151594,0.000151850,3.139865659
32.289817083,TRACKING,,0.001703790,1,0.000007180,0.000004940,0.049850252,0.000000000,0.000000000,0.050000000,-0.000006904,0.000005321,-0.000149747,0.000150001,3.102247464
32.299792867,TRACKING,,0.002622769,1,0.000007097,0.000004891,0.049852284,0.000000000,0.000000000,0.050000000,-0.000006818,0.000005276,-0.000147716,0.000147967,3.175995781
32.309843452,TRACKING,,0.002023177,1,0.000007008,0.000004812,0.049854142,0.000000000,0.000000000,0.050000000,-0.000006737,0.000005188,-0.000145858,0.000146105,3.137775976
32.319959338,TRACKING,,0.001503136,1,0.000006928,0.000004741,0.049855870,0.000000000,0.000000000,0.050000000,-0.000006663,0.000005109,-0.000144130,0.000144374,3.101429999
32.330089473,TRACKING,,0.000810934,1,0.000006850,0.000004630,0.049857588,0.000000000,0.000000000,0.050000000,-0.000006585,0.000005002,-0.000142412,0.000142652,3.172075854
32.340143619,TRACKING,,0.002575277,1,0.000006774,0.000004590,0.049859298,0.000000000,0.000000000,0.050000000,-0.000006514,0.000004954,-0.000140702,0.000140939,3.135130186
32.350485095,TRACKING,,0.001813023,1,0.000006692,0.000004529,0.049861050,0.000000000,0.000000000,0.050000000,-0.000006439,0.000004883,-0.000138950,0.000139184,3.096635004
32.360229353,TRACKING,,0.000812121,1,0.000006615,0.000004407,0.049862732,0.000000000,0.000000000,0.050000000,-0.000006363,0.000004765,-0.000137268,0.000137498,3.163777692
32.370323869,TRACKING,,0.002505225,1,0.000006615,0.000004407,0.049862732,0.000000000,0.000000000,0.050000000,-0.000006363,0.000004765,-0.000137268,0.000137498,3.163777692
32.380292529,TRACKING,,0.001439020,1,0.000006538,0.000004363,0.049864424,0.000000000,0.000000000,0.050000000,-0.000006292,0.000004712,-0.000135576,0.000135803,3.125315464
32.390470155,TRACKING,,0.000372815,1,0.000006473,0.000004397,0.049866121,0.000000000,0.000000000,0.050000000,-0.000006228,0.000004739,-0.000133879,0.000134107,3.085733327
32.400561109,TRACKING,,0.001946002,1,0.000006415,0.000004408,0.049867806,0.000000000,0.000000000,0.050000000,-0.000006166,0.000004753,-0.000132194,0.000132423,3.146025372
32.410684119,TRACKING,,0.000875048,1,0.000006345,0.000004408,0.049869479,0.000000000,0.000000000,0.050000000,-0.000006098,0.000004745,-0.000130521,0.000130750,3.106502812
32.421070713,TRACKING,,0.002632267,1,0.000006288,0.000004483,0.049871141,0.000000000,0.000000000,0.050000000,-0.000006040,0.000004813,-0.000128859,0.000129090,3.066125147
32.430879086,TRACKING,,0.001528068,1,0.000006230,0.000004493,0.049872768,0.000000000,0.000000000,0.050000000,-0.000005977,0.000004825,-0.000127232,0.000127464,3.121317518
32.440956979,TRACKING,,0.000398936,1,0.000006161,0.000004481,0.049874365,0.000000000,0.000000000,0.050000000,-0.000005913,0.000004806,-0.000125635,0.000125865,3.081581093
32.451117983,TRACKING,,0.002135972,1,0.000006098,0.000004506,0.049875951,0.000000000,0.000000000,0.050000000,-0.000005852,0.000004823,-0.000124049,0.000124280,3.041369580
32.461147196,TRACKING,,0.001072141,1,0.000006031,0.000004447,0.049877492,0.000000000,0.000000000,0.050000000,-0.000005784,0.000004765,-0.000122507,0.000122736,3.092131403
32.471311762,TRACKING,,0.000092610,1,0.000005969,0.000004441,0.049879021,0.000000000,0.000000000,0.050000000,-0.000005725,0.000004752,-0.000120979,0.000121208,3.052276178
32.481286359,TRACKING,,0.001752470,1,0.000005969,0.000004441,0.049879021,0.000000000,0.000000000,0.050000000,-0.000005725,0.000004752,-0.000120979,0.000121208,3.052276178
32.491428367,TRACKING,,0.000819245,1,0.000005897,0.000004394,0.049880514,0.000000000,0.000000000,0.050000000,-0.000005659,0.000004698,-0.000119486,0.000119712,3.012856439
32.501402963,TRACKING,,0.000263583,1,0.000005837,0.000004360,0.049881992,0.000000000,0.000000000,0.050000000,-0.000005597,0.000004665,-0.000118008,0.000118233,3.058767037
32.511582965,TRACKING,,0.002115787,1,0.000005768,0.000004327,0.049883410,0.000000000,0.000000000,0.050000000,-0.000005534,0.000004624,-0.000116590,0.000116813,3.020996568
32.521821144,TRACKING,,0.001594558,1,0.000005704,0.000004322,0.049884833,0.000000000,0.000000000,0.050000000,-0.000005473,0.000004613,-0.000115167,0.000115389,2.982301432
32.531794554,TRACKING,,0.001024649,1,0.000005645,0.000004286,0.049886226,0.000000000,0.000000000,0.050000000,-0.000005413,0.000004577,-0.000113774,0.000113995,3.024009196
32.541877196,TRACKING,,0.000371628,1,0.000005585,0.000004295,0.049887616,0.000000000,0.000000000,0.050000000,-0.000005355,0.000004580,-0.000112384,0.000112605,2.985699981
32.552023952,TRACKING,,0.000030870,1,0.000005525,0.000004300,0.049888982,0.000000000,0.000000000,0.050000000,-0.000005298,0.000004578,-0.000111018,0.000111238,2.947432180
32.562171896,TRACKING,,0.001862890,1,0.000005459,0.000004266,0.049890323,0.000000000,0.000000000,0.050000000,-0.000005237,0.000004538,-0.000109677,0.000109896,2.909752515
32.572239103,TRACKING,,0.000601966,1,0.000005379,0.000004149,0.049891730,0.000000000,0.000000000,0.050000000,-0.000005160,0.000004420,-0.000108270,0.000108483,2.944644913
32.582401295,TRACKING,,0.002457733,1,0.000005299,0.000004045,0.049893100,0.000000000,0.000000000,0.050000000,-0.000005088,0.000004308,-0.000106900,0.000107108,2.905895711
32.592263097,TRACKING,,0.001269235,1,0.000005211,0.000003900,0.049894421,0.000000000,0.000000000,0.050000000,-0.000005011,0.000004156,-0.000105579,0.000105780,2.868116230
32.602323180,TRACKING,,0.000270707,1,0.000005121,0.000003721,0.049895760,0.000000000,0.000000000,0.050000000,-0.000004927,0.000003975,-0.000104240,0.000104432,2.898782927
32.612395137,TRACKING,,0.001962624,1,0.000005121,0.000003721,0.049895760,0.000000000,0.000000000,0.050000000,-0.000004927,0.000003975,-0.000104240,0.000104432,2.898782927
32.622469467,TRACKING,,0.001240739,1,0.000005034,0.000003564,0.049897042,0.000000000,0.000000000,0.050000000,-0.000004851,0.000003810,-0.000102958,0.000103143,2.861332734
32.632540236,TRACKING,,0.000683891,1,0.000004965,0.000003492,0.049898292,0.000000000,0.000000000,0.050000000,-0.000004788,0.000003732,-0.000101708,0.000101889,2.824086437
32.642890023,TRACKING,,0.002572903,1,0.000004898,0.000003416,0.049899518,0.000000000,0.000000000,0.050000000,-0.000004724,0.000003655,-0.000100482,0.000100659,2.850304838
32.652713831,TRACKING,,0.001415275,1,0.000004826,0.000003332,0.049900762,0.000000000,0.000000000,0.050000000,-0.000004658,0.000003564,-0.000099238,0.000099411,2.812961093
32.662832093,TRACKING,,0.000295640,1,0.000004755,0.000003253,0.049902017,0.000000000,0.000000000,0.050000000,-0.000004593,0.000003479,-0.000097983,0.000098153,2.774481436
32.673047713,TRACKING,,0.002004180,1,0.000004686,0.000003177,0.049903272,0.000000000,0.000000000,0.050000000,-0.000004527,0.000003402,-0.000096728,0.000096894,2.792949316
32.685602336,TRACKING,,0.005570861,1,0.000004606,0.000003060,0.049904545,0.000000000,0.000000000,0.050000000,-0.000004455,0.000003278,-0.000095455,0.000095615,2.753432437
32.695511631,TRACKING,,0.001665797,1,0.000004531,0.000002938,0.049905739,0.000000000,0.000000000,0.050000000,-0.000004388,0.000003149,-0.000094261,0.000094416,2.715810424
32.705451795,TRACKING,,0.000730196,1,0.000004452,0.000002781,0.049906898,0.000000000,0.000000000,0.050000000,-0.000004315,0.000002990,-0.000093102,0.000093250,2.730117504
32.715545123,TRACKING,,0.000933227,1,0.000004361,0.000002635,0.049908214,0.000000000,0.000000000,0.050000000,-0.000004234,0.000002837,-0.000091786,0.000091927,2.688267799
32.725853354,TRACKING,,0.002661950,1,0.000004361,0.000002635,0.049908214,0.000000000,0.000000000,0.050000000,-0.000004234,0.000002837,-0.000091786,0.000091927,2.688267799
32.735814890,TRACKING,,0.001652736,1,0.000004281,0.000002482,0.049909358,0.000000000,0.000000000,0.050000000,-0.000004160,0.000002681,-0.000090642,0.000090777,2.696436417
32.745896345,TRACKING,,0.000504607,1,0.000004192,0.000002290,0.049910478,0.000000000,0.000000000,0.050000000,-0.000004082,0.000002482,-0.000089522,0.000089649,2.660523480
32.756020543,TRACKING,,0.002082543,1,0.000004120,0.000002187,0.049911625,0.000000000,0.000000000,0.050000000,-0.000004017,0.000002373,-0.000088375,0.000088498,2.623360669
32.766277719,TRACKING,,0.000973595,1,0.000004044,0.000002048,0.049912749,0.000000000,0.000000000,0.050000000,-0.000003947,0.000002231,-0.000087251,0.000087368,2.625070594
32.776278437,TRACKING,,0.002610896,1,0.000003962,0.000001916,0.049913876,0.000000000,0.000000000,0.050000000,-0.000003872,0.000002093,-0.000086124,0.000086236,2.588705054
32.786298151,TRACKING,,0.001504322,1,0.000003875,0.000001743,0.049914970,0.000000000,0.000000000,0.050000000,-0.000003794,0.000001914,-0.000085030,0.000085136,2.553213259
32.796398603,TRACKING,,0.000270707,1,0.000003777,0.000001506,0.049916044,0.000000000,0.000000000,0.050000000,-0.000003707,0.000001672,-0.000083956,0.000084054,2.550357203
32.806484807,TRACKING,,0.001981622,1,0.000003677,0.000001264,0.049917125,0.000000000,0.000000000,0.050000000,-0.000003618,0.000001424,-0.000082875,0.000082966,2.515710258
32.816529455,TRACKING,,0.000505794,1,0.000003566,0.000000964,0.049918191,0.000000000,0.000000000,0.050000000,-0.000003521,0.000001118,-0.000081809,0.000081892,2.481663973
32.826571728,TRACKING,,0.002100352,1,0.000003566,0.000000964,0.049918191,0.000000000,0.000000000,0.050000000,-0.000003521,0.000001118,-0.000081809,0.000081892,2.481663973
32.836811095,TRACKING,,0.001029399,1,0.000003451,0.000000640,0.049919221,0.000000000,0.000000000,0.050000000,-0.000003421,0.000000788,-0.000080779,0.000080856,2.474273961
32.847119326,TRACKING,,0.000048680,1,0.000003335,0.000000315,0.049920240,0.000000000,0.000000000,0.050000000,-0.000003319,0.000000457,-0.000079760,0.000079831,2.442699228
32.857035745,TRACKING,,0.001983996,1,0.000003220,-0.000000011,0.049921248,0.000000000,0.000000000,0.050000000,-0.000003218,0.000000125,-0.000078752,0.000078818,2.411653538
32.867123136,TRACKING,,0.001021087,1,0.000003104,-0.000000349,0.049922227,0.000000000,0.000000000,0.050000000,-0.000003117,-0.000000219,-0.000077773,0.000077836,2.399835278
32.877203403,TRACKING,,0.000312263,1,0.000002986,-0.000000681,0.049923202,0.000000000,0.000000000,0.050000000,-0.000003012,-0.000000557,-0.000076798,0.000076859,2.370686177
32.887275359,TRACKING,,0.001997056,1,0.000002862,-0.000001031,0.049924162,0.000000000,0.000000000,0.050000000,-0.000002902,-0.000000914,-0.000075838,0.000075899,2.342270336
32.897348503,TRACKING,,0.000752755,1,0.000002729,-0.000001427,0.049925123,0.000000000,0.000000000,0.050000000,-0.000002785,-0.000001316,-0.000074877,0.000074940,2.325066110
32.907311226,TRACKING,,0.000159100,1,0.000002595,-0.000001825,0.049926070,0.000000000,0.000000000,0.050000000,-0.000002667,-0.000001720,-0.000073930,0.000073998,2.297911805
32.917364186,TRACKING,,0.002258264,1,0.000002467,-0.000002233,0.049926963,0.000000000,0.000000000,0.050000000,-0.000002554,-0.000002134,-0.000073037,0.000073113,2.272700912
32.927453951,TRACKING,,0.001444957,1,0.000002337,-0.000002662,0.049927823,0.000000000,0.000000000,0.050000000,-0.000002441,-0.000002569,-0.000072177,0.000072264,2.252370104
32.937574587,TRACKING,,0.000121105,1,0.000002193,-0.000003130,0.049928757,0.000000000,0.000000000,0.050000000,-0.000002314,-0.000003042,-0.000071243,0.000071346,2.227064058
32.947713033,TRACKING,,0.004619826,1,0.000002193,-0.000003130,0.049928757,0.000000000,0.000000000,0.050000000,-0.000002314,-0.000003042,-0.000071243,0.000071346,2.227064058
32.957820608,TRACKING,,0.000140102,1,0.000002049,-0.000003574,0.049929721,0.000000000,0.000000000,0.050000000,-0.000002186,-0.000003493,-0.000070279,0.000070400,2.201766637
32.968016045,TRACKING,,0.001735848,1,0.000004479,-0.000004078,0.049930575,0.000000000,0.000000000,0.050000000,-0.000004636,-0.000003905,-0.000069425,0.000069689,2.179326870
32.977926527,TRACKING,,0.000326510,1,0.000004282,-0.000004572,0.049931556,0.000000000,0.000000000,0.050000000,-0.000004455,-0.000004408,-0.000068444,0.000068730,2.155441732
32.988087531,TRACKING,,0.002334252,1,0.000004039,-0.000005049,0.049932460,0.000000000,0.000000000,0.050000000,-0.000004228,-0.000004895,-0.000067539,0.000067848,2.134824878
32.998009886,TRACKING,,0.001764343,1,0.000011377,-0.000005532,0.049933361,0.000000000,0.000000000,0.050000000,-0.000011588,-0.000005108,-0.000066636,0.000067829,2.115289560
33.008028413,TRACKING,,0.001164751,1,0.000010942,-0.000006064,0.049934356,0.000000000,0.000000000,0.050000000,-0.000011170,-0.000005659,-0.000065642,0.000066826,2.096312262
33.018093246,TRACKING,,0.000654208,1,0.000010245,-0.000006650,0.049935512,0.000000000,0.000000000,0.050000000,-0.000010492,-0.000006274,-0.000064485,0.000065634,2.077980961
33.028148579,TRACKING,,0.000263583,1,0.000021995,-0.000007255,0.049936697,0.000000000,0.000000000,0.050000000,-0.000022269,-0.000006459,-0.000063293,0.000067406,2.060586121
33.038278714,TRACKING,,0.002476730,1,0.000020814,-0.000007955,0.049938106,0.000000000,0.000000000,0.050000000,-0.000021111,-0.000007207,-0.000061885,0.000065782,2.043608783
33.048279431,TRACKING,,0.001994682,1,0.000019309,-0.000008728,0.049939671,0.000000000,0.000000000,0.050000000,-0.000019631,-0.000008038,-0.000060321,0.000063942,2.027233302
33.058489116,TRACKING,,0.001424773,1,0.000017616,-0.000009530,0.049941286,0.000000000,0.000000000,0.050000000,-0.000017962,-0.000008905,-0.000058707,0.000062036,2.011415354
33.068582443,TRACKING,,0.000772939,1,0.000033205,-0.000010330,0.049942877,0.000000000,0.000000000,0.050000000,-0.000033586,-0.000009166,-0.000057099,0.000066876,1.996363846
33.078722076,TRACKING,,0.002456546,1,0.000033205,-0.000010330,0.049942877,0.000000000,0.000000000,0.050000000,-0.000033586,-0.000009166,-0.000057099,0.000066876,1.996363846
33.088778597,TRACKING,,0.001511446,1,0.000030659,-0.000011306,0.049944931,0.000000000,0.000000000,0.050000000,-0.000031069,-0.000010239,-0.000055048,0.000064035,1.980488109
33.098874300,TRACKING,,0.000894045,1,0.000027641,-0.000012379,0.049947192,0.000000000,0.000000000,0.050000000,-0.000028083,-0.000011422,-0.000052790,0.000060877,1.965300994
33.108945068,TRACKING,,0.000368066,1,0.000046367,-0.000013478,0.049949579,0.000000000,0.000000000,0.050000000,-0.000046851,-0.000011890,-0.000050372,0.000069812,1.951248389
33.119063330,TRACKING,,0.002119350,1,0.000042710,-0.000014615,0.049952057,0.000000000,0.000000000,0.050000000,-0.000043228,-0.000013161,-0.000047900,0.000065850,1.936857262
33.129058111,TRACKING,,0.001583872,1,0.000038297,-0.000015921,0.049954906,0.000000000,0.000000000,0.050000000,-0.000038852,-0.000014626,-0.000045058,0.000061266,1.922353539
33.139092073,TRACKING,,0.001050770,1,0.000060374,-0.000017227,0.049957688,0.000000000,0.000000000,0.050000000,-0.000060974,-0.000015205,-0.000042226,0.000075711,1.909745450
33.149263763,TRACKING,,0.000529541,1,0.000055071,-0.000018652,0.049960799,0.000000000,0.000000000,0.050000000,-0.000055711,-0.000016819,-0.000039126,0.000070125,1.896150116
33.159348780,TRACKING,,0.000048680,1,0.000049145,-0.000020192,0.049964129,0.000000000,0.000000000,0.050000000,-0.000049827,-0.000018566,-0.000035808,0.000064107,1.882936900
33.169424298,TRACKING,,0.002151407,1,0.000074035,-0.000021766,0.049967429,0.000000000,0.000000000,0.050000000,-0.000074765,-0.000019337,-0.000032436,0.000083760,1.871594560
33.179501003,TRACKING,,0.001653924,1,0.000067169,-0.000023434,0.049970929,0.000000000,0.000000000,0.050000000,-0.000067944,-0.000021243,-0.000028954,0.000076850,1.858823880
33.189588394,TRACKING,,0.001151691,1,0.000059618,-0.000025218,0.049974635,0.000000000,0.000000000,0.050000000,-0.000060440,-0.000023284,-0.000025267,0.000069524,1.846391664
33.199707843,TRACKING,,0.000529541,1,0.000087038,-0.000027055,0.049978381,0.000000000,0.000000000,0.050000000,-0.000087906,-0.000024257,-0.000021424,0.000093674,1.836471972
33.209829666,TRACKING,,0.002336627,1,0.000077734,-0.000029120,0.049982621,0.000000000,0.000000000,0.050000000,-0.000078657,-0.000026635,-0.000017215,0.000084809,1.823807763
33.219886187,TRACKING,,0.001235991,1,0.000067690,-0.000031281,0.049986965,0.000000000,0.000000000,0.050000000,-0.000068669,-0.000029129,-0.000012901,0.000075699,1.811254980
33.229983077,TRACKING,,0.000226776,1,0.000097064,-0.000033422,0.049991127,0.000000000,0.000000000,0.050000000,-0.000098087,-0.000030363,-0.000008616,0.000103040,1.802200884
33.240038411,TRACKING,,0.001870015,1,0.000097064,-0.000033422,0.049991127,0.000000000,0.000000000,0.050000000,-0.000098087,-0.000030363,-0.000008616,0.000103040,1.802200884
33.250164983,TRACKING,,0.000726635,1,0.000085554,-0.000035761,0.049995723,0.000000000,0.000000000,0.050000000,-0.000086636,-0.000033080,-0.000004065,0.000092826,1.789911913
33.260311740,TRACKING,,0.002436361,1,0.000072487,-0.000038390,0.050000947,0.000000000,0.000000000,0.050000000,-0.000073637,-0.000036130,0.000001115,0.000082031,1.777513106
33.270338578,TRACKING,,0.001474640,1,0.000103050,-0.000041011,0.050005941,0.000000000,0.000000000,0.050000000,-0.000104243,-0.000037826,0.000006252,0.000111070,1.769555776
33.280420033,TRACKING,,0.000270706,1,0.000089348,-0.000043612,0.050010806,0.000000000,0.000000000,0.050000000,-0.000090607,-0.000040865,0.000011059,0.000100009,1.757257164
33.290499113,TRACKING,,0.001956688,1,0.000074318,-0.000046438,0.050016155,0.000000000,0.000000000,0.050000000,-0.000075650,-0.000044164,0.000016350,0.000089110,1.744979268
33.300597190,TRACKING,,0.000949848,1,0.000107152,-0.000049171,0.050021010,0.000000000,0.000000000,0.050000000,-0.000108513,-0.000045923,0.000021372,0.000119753,1.738260733
33.310632339,TRACKING,,0.000203030,1,0.000091130,-0.000052016,0.050026157,0.000000000,0.000000000,0.050000000,-0.000092563,-0.000049267,0.000026445,0.000108141,1.726085240
33.320833712,TRACKING,,0.001922256,1,0.000074889,-0.000054823,0.050031079,0.000000000,0.000000000,0.050000000,-0.000076394,-0.000052574,0.000031298,0.000097876,1.714325229
33.330832055,TRACKING,,0.002816301,1,0.000074889,-0.000054823,0.050031079,0.000000000,0.000000000,0.050000000,-0.000076394,-0.000052574,0.000031298,0.000097876,1.714325229
33.340817338,TRACKING,,0.001783341,1,0.000109214,-0.000057906,0.050036161,0.000000000,0.000000000,0.050000000,-0.000110740,-0.000054660,0.000036570,0.000128796,1.707697343
33.350871484,TRACKING,,0.001017525,1,0.000093576,-0.000060326,0.050039879,0.000000000,0.000000000,0.050000000,-0.000095165,-0.000057558,0.000040209,0.000118263,1.696336778
33.361078794,TRACKING,,0.000463051,1,0.000076794,-0.000063136,0.050044460,0.000000000,0.000000000,0.050000000,-0.000078456,-0.000060875,0.000044710,0.000108904,1.684541955
33.371267106,TRACKING,,0.000040368,1,0.000115035,-0.000065867,0.050048620,0.000000000,0.000000000,0.050000000,-0.000116694,-0.000062510,0.000049095,0.000141193,1.680863014
33.381371120,TRACKING,,0.001625428,1,0.000099119,-0.000068546,0.050052627,0.000000000,0.000000000,0.050000000,-0.000100848,-0.000065669,0.000053010,0.000131502,1.669143850
33.391411019,TRACKING,,0.000458302,1,0.000082079,-0.000071573,0.050057136,0.000000000,0.000000000,0.050000000,-0.000083887,-0.000069202,0.000057428,0.000122980,1.656693071
33.401491286,TRACKING,,0.002187027,1,0.000125058,-0.000074522,0.050061272,0.000000000,0.000000000,0.050000000,-0.000126850,-0.000070943,0.000061834,0.000157947,1.653994785
33.411585801,TRACKING,,0.001086389,1,0.000108941,-0.000077443,0.050065296,0.000000000,0.000000000,0.050000000,-0.000110810,-0.000074343,0.000065753,0.000148759,1.641560582
33.421755117,TRACKING,,0.000045118,1,0.000092545,-0.000080511,0.050069584,0.000000000,0.000000000,0.050000000,-0.000094497,-0.000077891,0.000069942,0.000141027,1.629160791
33.431843695,TRACKING,,0.001833207,1,0.000139760,-0.000083369,0.050073062,0.000000000,0.000000000,0.050000000,-0.000141675,-0.000079447,0.000073741,0.000178385,1.628141978
33.442262346,TRACKING,,0.003471696,1,0.000139760,-0.000083369,0.050073062,0.000000000,0.000000000,0.050000000,-0.000141675,-0.000079447,0.000073741,0.000178385,1.628141978
33.452022039,TRACKING,,0.001309604,1,0.000123414,-0.000086428,0.050076852,0.000000000,0.000000000,0.050000000,-0.000125413,-0.000082985,0.000077409,0.000169136,1.615058949
33.462052440,TRACKING,,0.000103296,1,0.000106251,-0.000089924,0.050081624,0.000000000,0.000000000,0.050000000,-0.000108346,-0.000086978,0.000082062,0.000161363,1.601691979
33.472200384,TRACKING,,0.001790465,1,0.000156881,-0.000093156,0.050085559,0.000000000,0.000000000,0.050000000,-0.000158930,-0.000088840,0.000086365,0.000201519,1.601810145
33.482211787,TRACKING,,0.000625712,1,0.000141403,-0.000096268,0.050089205,0.000000000,0.000000000,0.050000000,-0.000143539,-0.000092401,0.000089879,0.000192924,1.588871418
33.492508145,TRACKING,,0.002318817,1,0.000125687,-0.000099571,0.050093233,0.000000000,0.000000000,0.050000000,-0.000127918,-0.000096154,0.000093784,0.000185484,1.575965106
33.502381820,TRACKING,,0.001239553,1,0.000180336,-0.000102651,0.050096330,0.000000000,0.000000000,0.050000000,-0.000182500,-0.000097784,0.000097312,0.000228774,1.577631718
33.512877646,TRACKING,,0.003018144,1,0.000165126,-0.000105794,0.050099693,0.000000000,0.000000000,0.050000000,-0.000167383,-0.000101365,0.000100527,0.000219994,1.564230381
33.522607657,TRACKING,,0.000471362,1,0.000152006,-0.000108444,0.050102140,0.000000000,0.000000000,0.050000000,-0.000154346,-0.000104388,0.000102854,0.000212834,1.552641041
33.532700985,TRACKING,,0.002533720,1,0.000211433,-0.000111106,0.050104083,0.000000000,0.000000000,0.050000000,-0.000213681,-0.000105502,0.000105317,0.000260542,1.556749900
33.542820433,TRACKING,,0.001601682,1,0.000197594,-0.000113836,0.050106296,0.000000000,0.000000000,0.050000000,-0.000199929,-0.000108629,0.000107373,0.000251597,1.543752841
33.552822338,TRACKING,,0.000947474,1,0.000184176,-0.000116446,0.050108205,0.000000000,0.000000000,0.050000000,-0.000186598,-0.000111620,0.000109138,0.000243288,1.531314493
33.563080702,TRACKING,,0.002703507,1,0.000184176,-0.000116446,0.050108205,0.000000000,0.000000000,0.050000000,-0.000186598,-0.000111620,0.000109138,0.000243288,1.531314493
33.572954377,TRACKING,,0.001745347,1,0.000246467,-0.000119019,0.050109510,0.000000000,0.000000000,0.050000000,-0.000248783,-0.000112602,0.000111048,0.000294794,1.536916410
33.583162874,TRACKING,,0.000663707,1,0.000233136,-0.000121329,0.050110442,0.000000000,0.000000000,0.050000000,-0.000235535,-0.000115294,0.000111808,0.000285080,1.523672118
33.593530471,TRACKING,,0.002267764,1,0.000218976,-0.000123937,0.050112015,0.000000000,0.000000000,0.050000000,-0.000221464,-0.000118303,0.000113209,0.000275424,1.510113382
33.603448076,TRACKING,,0.001195622,1,0.000284267,-0.000126389,0.050112702,0.000000000,0.000000000,0.050000000,-0.000286638,-0.000119122,0.000114598,0.000330884,1.517597862
33.613540217,TRACKING,,0.000043930,1,0.000270179,-0.000128817,0.050113729,0.000000000,0.000000000,0.050000000,-0.000272636,-0.000121952,0.000115421,0.000320195,1.503410384
33.625206731,TRACKING,,0.002978963,1,0.000256115,-0.000131206,0.050114577,0.000000000,0.000000000,0.050000000,-0.000258659,-0.000124737,0.000116076,0.000309738,1.489568823
33.634885687,TRACKING,,0.000276643,1,0.000322888,-0.000133653,0.050114346,0.000000000,0.000000000,0.050000000,-0.000325312,-0.000125555,0.000116632,0.000367689,1.497612127
33.644963580,TRACKING,,0.002038613,1,0.000308846,-0.000135824,0.050114673,0.000000000,0.000000000,0.050000000,-0.000311354,-0.000128124,0.000116734,0.000356348,1.483321864
33.655054533,TRACKING,,0.000946287,1,0.000294909,-0.000137882,0.050114697,0.000000000,0.000000000,0.050000000,-0.000297499,-0.000130572,0.000116546,0.000345164,1.469476264
33.665263030,TRACKING,,0.002542032,1,0.000294909,-0.000137882,0.050114697,0.000000000,0.000000000,0.050000000,-0.000297499,-0.000130572,0.000116546,0.000345164,1.469476264
33.675363482,TRACKING,,0.001510259,1,0.000365442,-0.000139766,0.050113789,0.000000000,0.000000000,0.050000000,-0.000367892,-0.000130763,0.000116562,0.000407468,1.481873183
33.685479368,TRACKING,,0.000055804,1,0.000350498,-0.000141663,0.050113322,0.000000000,0.000000000,0.050000000,-0.000353030,-0.000133082,0.000115836,0.000394663,1.466674762
33.695483648,TRACKING,,0.001775029,1,0.000336319,-0.000143469,0.050112865,0.000000000,0.000000000,0.050000000,-0.000338929,-0.000135282,0.000115144,0.000382665,1.452662317
33.705466556,TRACKING,,0.000021372,1,0.000408681,-0.000145262,0.050111336,0.000000000,0.000000000,0.050000000,-0.000411148,-0.000135376,0.000114659,0.000447791,1.467231614
33.715772412,TRACKING,,0.002012492,1,0.000394066,-0.000146946,0.050110579,0.000000000,0.000000000,0.050000000,-0.000396611,-0.000137470,0.000113628,0.000434867,1.452482246
33.725617592,TRACKING,,0.002100353,1,0.000376826,-0.000148943,0.050110056,0.000000000,0.000000000,0.050000000,-0.000379456,-0.000139942,0.000112799,0.000419874,1.435959331
33.735810654,TRACKING,,0.001073329,1,0.000452215,-0.000150398,0.050108083,0.000000000,0.000000000,0.050000000,-0.000454694,-0.000139658,0.000112023,0.000488671,1.454717632
33.745861238,TRACKING,,0.000029683,1,0.000452215,-0.000150398,0.050108083,0.000000000,0.000000000,0.050000000,-0.000454694,-0.000139658,0.000112023,0.000488671,1.454717632
33.756018681,TRACKING,,0.001758407,1,0.000436855,-0.000152004,0.050107390,0.000000000,0.000000000,0.050000000,-0.000439407,-0.000141688,0.000111023,0.000474848,1.439786358
33.766091824,TRACKING,,0.000484423,1,0.000420989,-0.000153706,0.050106879,0.000000000,0.000000000,0.050000000,-0.000423615,-0.000143821,0.000110208,0.000460739,1.424938153
33.776180403,TRACKING,,0.002219083,1,0.000496306,-0.000155557,0.050105843,0.000000000,0.000000000,0.050000000,-0.000498784,-0.000143975,0.000110485,0.000530773,1.446076102
33.786264232,TRACKING,,0.001067392,1,0.000479266,-0.000157304,0.050105417,0.000000000,0.000000000,0.050000000,-0.000481818,-0.000146185,0.000109700,0.000515318,1.430167780
33.796344499,TRACKING,,0.000066490,1,0.000461029,-0.000159282,0.050105610,0.000000000,0.000000000,0.050000000,-0.000463657,-0.000148650,0.000109532,0.000499071,1.414112863
33.806367776,TRACKING,,0.002010117,1,0.000537733,-0.000161079,0.050104437,0.000000000,0.000000000,0.050000000,-0.000540208,-0.000148751,0.000109813,0.000570973,1.438899658
33.816491974,TRACKING,,0.001505509,1,0.000519929,-0.000162806,0.050104151,0.000000000,0.000000000,0.050000000,-0.000522477,-0.000150954,0.000109136,0.000554689,1.422924824
33.826591238,TRACKING,,0.000630462,1,0.000501878,-0.000164549,0.050103959,0.000000000,0.000000000,0.050000000,-0.000504497,-0.000153172,0.000108565,0.000538299,1.407340579
33.836697626,TRACKING,,0.002371059,1,0.000579105,-0.000166329,0.050102664,0.000000000,0.000000000,0.050000000,-0.000581569,-0.000153279,0.000108860,0.000611202,1.435432205
33.846843195,TRACKING,,0.001330976,1,0.000559106,-0.000168126,0.050102451,0.000000000,0.000000000,0.050000000,-0.000561646,-0.000155601,0.000108189,0.000592758,1.418160660
33.856782173,TRACKING,,0.000193532,1,0.000538829,-0.000169872,0.050102082,0.000000000,0.000000000,0.050000000,-0.000541443,-0.000157870,0.000107378,0.000574120,1.401218311
33.867036975,TRACKING,,0.001948377,1,0.000538829,-0.000169872,0.050102082,0.000000000,0.000000000,0.050000000,-0.000541443,-0.000157870,0.000107378,0.000574120,1.401218311
33.877035318,TRACKING,,0.000954597,1,0.000617105,-0.000171493,0.050100388,0.000000000,0.000000000,0.050000000,-0.000619562,-0.000157828,0.000107418,0.000648310,1.433154064
33.887170201,TRACKING,,0.002618019,1,0.000595672,-0.000173089,0.050099836,0.000000000,0.000000000,0.050000000,-0.000598203,-0.000159977,0.000106363,0.000628293,1.415354308
33.897208913,TRACKING,,0.001609993,1,0.000573870,-0.000174732,0.050099345,0.000000000,0.000000000,0.050000000,-0.000576473,-0.000162175,0.000105381,0.000608052,1.397722043
33.907292742,TRACKING,,0.000482048,1,0.000653055,-0.000176223,0.050097239,0.000000000,0.000000000,0.050000000,-0.000655503,-0.000162017,0.000105154,0.000683367,1.433425904
33.917504801,TRACKING,,0.002201273,1,0.000630508,-0.000177734,0.050096508,0.000000000,0.000000000,0.050000000,-0.000633029,-0.000164100,0.000103873,0.000662151,1.415000223
33.927522141,TRACKING,,0.001411712,1,0.000608012,-0.000179201,0.050095695,0.000000000,0.000000000,0.050000000,-0.000610604,-0.000166130,0.000102533,0.000641053,1.397075208
33.937784066,TRACKING,,0.002680947,1,0.000687484,-0.000180537,0.050093053,0.000000000,0.000000000,0.050000000,-0.000689926,-0.000165845,0.000101904,0.000716859,1.436301972
33.947764600,TRACKING,,0.002569340,1,0.000665720,-0.000181830,0.050092283,0.000000000,0.000000000,0.050000000,-0.000668227,-0.000167680,0.000100585,0.000696248,1.418923148
33.957786689,TRACKING,,0.002111038,1,0.000642688,-0.000183151,0.050091404,0.000000000,0.000000000,0.050000000,-0.000645262,-0.000169567,0.000099147,0.000674497,1.401027446
33.967947693,TRACKING,,0.001510259,1,0.000724348,-0.000184310,0.050088781,0.000000000,0.000000000,0.050000000,-0.000726770,-0.000169083,0.000098734,0.000752683,1.445912274
33.978290356,TRACKING,,0.000991404,1,0.000701012,-0.000185533,0.050087783,0.000000000,0.000000000,0.050000000,-0.000703501,-0.000170877,0.000097125,0.000730442,1.427627247
33.988357563,TRACKING,,0.000049867,1,0.000701012,-0.000185533,0.050087783,0.000000000,0.000000000,0.050000000,-0.000703501,-0.000170877,0.000097125,0.000730442,1.427627247
33.998357093,TRACKING,,0.001746534,1,0.000675361,-0.000186921,0.050087079,0.000000000,0.000000000,0.050000000,-0.000677918,-0.000172884,0.000095779,0.000706141,1.408338886
34.008462294,TRACKING,,0.000673205,1,0.000755417,-0.000188244,0.050084674,0.000000000,0.000000000,0.050000000,-0.000757829,-0.000172633,0.000095681,0.000783110,1.455971540
34.018888069,TRACKING,,0.002403117,1,0.000727869,-0.000189690,0.050084138,0.000000000,0.000000000,0.050000000,-0.000730348,-0.000174739,0.000094413,0.000756872,1.435445148
34.028640638,TRACKING,,0.001285858,1,0.000699706,-0.000191247,0.050083796,0.000000000,0.000000000,0.050000000,-0.000702251,-0.000176960,0.000093349,0.000730196,1.414939337
34.038775522,TRACKING,,0.000134166,1,0.000777966,-0.000192796,0.050081895,0.000000000,0.000000000,0.050000000,-0.000780366,-0.000177007,0.000093836,0.000805672,1.465447156
34.048877161,TRACKING,,0.001816585,1,0.000748597,-0.000194276,0.050081384,0.000000000,0.000000000,0.050000000,-0.000751065,-0.000179175,0.000092526,0.000777665,1.444019225
34.058963365,TRACKING,,0.000647085,1,0.000718928,-0.000195731,0.050080755,0.000000000,0.000000000,0.050000000,-0.000721465,-0.000181316,0.000091117,0.000749460,1.422756180
34.069089937,TRACKING,,0.002391244,1,0.000797828,-0.000197066,0.050078306,0.000000000,0.000000000,0.050000000,-0.000800226,-0.000181165,0.000091184,0.000825528,1.477309786
34.079126274,TRACKING,,0.001668172,1,0.000768350,-0.000198360,0.050077510,0.000000000,0.000000000,0.050000000,-0.000770815,-0.000183135,0.000089564,0.000797318,1.456091807
34.089227913,TRACKING,,0.001141006,1,0.000739216,-0.000199590,0.050076637,0.000000000,0.000000000,0.050000000,-0.000741747,-0.000185025,0.000087904,0.000769513,1.435540606
34.099308180,TRACKING,,0.000616214,1,0.000819794,-0.000200731,0.050073999,0.000000000,0.000000000,0.050000000,-0.000822188,-0.000184667,0.000087953,0.000847249,1.495147552
34.109389635,TRACKING,,0.000175722,1,0.000789481,-0.000201980,0.050073352,0.000000000,0.000000000,0.050000000,-0.000791939,-0.000186598,0.000086435,0.000818203,1.473815307
34.119405787,TRACKING,,0.001786902,1,0.000789481,-0.000201980,0.050073352,0.000000000,0.000000000,0.050000000,-0.000791939,-0.000186598,0.000086435,0.000818203,1.473815307
34.129727079,TRACKING,,0.001184936,1,0.000757584,-0.000203213,0.050072450,0.000000000,0.000000000,0.050000000,-0.000760109,-0.000188538,0.000084650,0.000787704,1.451802441
34.139774101,TRACKING,,0.000295641,1,0.000836918,-0.000204450,0.050070040,0.000000000,0.000000000,0.050000000,-0.000839310,-0.000188330,0.000085010,0.000864370,1.514358917
34.149601471,TRACKING,,0.002419739,1,0.000803489,-0.000205708,0.050069305,0.000000000,0.000000000,0.050000000,-0.000805948,-0.000190324,0.000083299,0.000832294,1.491536717
34.159705485,TRACKING,,0.001663422,1,0.000770558,-0.000207033,0.050068797,0.000000000,0.000000000,0.050000000,-0.000773079,-0.000192363,0.000081860,0.000800846,1.469395176
34.169871239,TRACKING,,0.000662520,1,0.000848603,-0.000208312,0.050066220,0.000000000,0.000000000,0.050000000,-0.000851000,-0.000192252,0.000082122,0.000876303,1.534589284
34.179949131,TRACKING,,0.000029683,1,0.000813298,-0.000209625,0.050065662,0.000000000,0.000000000,0.050000000,-0.000815760,-0.000194325,0.000080511,0.000842442,1.510941864
34.190048396,TRACKING,,0.002056422,1,0.000778370,-0.000210911,0.050065065,0.000000000,0.000000000,0.050000000,-0.000780895,-0.000196354,0.000078906,0.000809060,1.487832686
34.200151222,TRACKING,,0.001528069,1,0.000857122,-0.000212026,0.050062249,0.000000000,0.000000000,0.050000000,-0.000859529,-0.000196086,0.000079047,0.000885149,1.556921599
34.210255235,TRACKING,,0.001055519,1,0.000822644,-0.000213074,0.050061157,0.000000000,0.000000000,0.050000000,-0.000825119,-0.000197862,0.000076900,0.000851988,1.533925312
34.220342627,TRACKING,,0.000566347,1,0.000787031,-0.000214223,0.050060427,0.000000000,0.000000000,0.050000000,-0.000789567,-0.000199753,0.000075117,0.000817900,1.510697008
34.230291102,TRACKING,,0.000122293,1,0.000865638,-0.000215202,0.050057421,0.000000000,0.000000000,0.050000000,-0.000868065,-0.000199375,0.000075168,0.000893833,1.583108826
34.240390367,TRACKING,,0.002273700,1,0.000829868,-0.000216208,0.050056379,0.000000000,0.000000000,0.050000000,-0.000832362,-0.000201120,0.000073007,0.000859422,1.559646031
34.250520501,TRACKING,,0.001446144,1,0.000792933,-0.000217183,0.050055165,0.000000000,0.000000000,0.050000000,-0.000795494,-0.000202849,0.000070673,0.000823986,1.535703574
34.260615016,TRACKING,,0.000339571,1,0.000870231,-0.000217981,0.050051575,0.000000000,0.000000000,0.050000000,-0.000872702,-0.000202340,0.000070191,0.000898597,1.610243663
34.270641854,TRACKING,,0.001989933,1,0.000870231,-0.000217981,0.050051575,0.000000000,0.000000000,0.050000000,-0.000872702,-0.000202340,0.000070191,0.000898597,1.610243663
34.281094937,TRACKING,,0.003736467,1,0.000831200,-0.000218949,0.050050388,0.000000000,0.000000000,0.050000000,-0.000833741,-0.000204097,0.000067757,0.000861029,1.585012583
34.290932993,TRACKING,,0.000804997,1,0.000784396,-0.000220266,0.050049545,0.000000000,0.000000000,0.050000000,-0.000787009,-0.000206346,0.000065472,0.000816241,1.555224710
34.301067877,TRACKING,,0.002466044,1,0.000858339,-0.000221375,0.050046843,0.000000000,0.000000000,0.050000000,-0.000860861,-0.000206235,0.000065829,0.000887664,1.630751044
34.311116087,TRACKING,,0.001446144,1,0.000817017,-0.000222437,0.050045896,0.000000000,0.000000000,0.050000000,-0.000819605,-0.000208111,0.000063551,0.000847998,1.604616579
34.321813756,TRACKING,,0.003128563,1,0.000775146,-0.000223510,0.050044881,0.000000000,0.000000000,0.050000000,-0.000777801,-0.000209999,0.000061230,0.000807974,1.578349071
34.331275434,TRACKING,,0.001260924,1,0.000845816,-0.000224547,0.050041812,0.000000000,0.000000000,0.050000000,-0.000848396,-0.000209896,0.000061167,0.000876113,1.654549037
34.341419816,TRACKING,,0.001230054,1,0.000805896,-0.000225566,0.050041206,0.000000000,0.000000000,0.050000000,-0.000808533,-0.000211684,0.000059260,0.000837882,1.629762236
34.351387289,TRACKING,,0.000420308,1,0.000763218,-0.000226535,0.050040194,0.000000000,0.000000000,0.050000000,-0.000765919,-0.000213464,0.000056900,0.000797142,1.603466488
34.361444997,TRACKING,,0.000026121,1,0.000763218,-0.000226535,0.050040194,0.000000000,0.000000000,0.050000000,-0.000765919,-0.000213464,0.000056900,0.000797142,1.603466488
34.371505080,TRACKING,,0.002153782,1,0.000838706,-0.000227268,0.050036906,0.000000000,0.000000000,0.050000000,-0.000841338,-0.000212983,0.000056828,0.000869736,1.685149232
34.381749197,TRACKING,,0.001662235,1,0.000798213,-0.000227845,0.050035140,0.000000000,0.000000000,0.050000000,-0.000800919,-0.000214324,0.000053721,0.000830838,1.660361096
34.391852023,TRACKING,,0.001038896,1,0.000757226,-0.000228543,0.050033626,0.000000000,0.000000000,0.050000000,-0.000760000,-0.000215787,0.000050887,0.000791677,1.635294180
34.401921604,TRACKING,,0.000381127,1,0.000830630,-0.000229312,0.050030534,0.000000000,0.000000000,0.050000000,-0.000833345,-0.000215400,0.000051009,0.000862243,1.718241557
34.412151473,TRACKING,,0.000047492,1,0.000788206,-0.000229981,0.050029095,0.000000000,0.000000000,0.050000000,-0.000790989,-0.000216854,0.000048140,0.000821588,1.692597084
34.422247175,TRACKING,,0.002214334,1,0.000745476,-0.000230720,0.050027785,0.000000000,0.000000000,0.050000000,-0.000748323,-0.000218373,0.000045429,0.000780857,1.666837109
34.432386808,TRACKING,,0.001739410,1,0.000702693,-0.000231382,0.050026281,0.000000000,0.000000000,0.050000000,-0.000705605,-0.000219808,0.000042567,0.000740274,1.641326170
34.442382776,TRACKING,,0.001302479,1,0.000776733,-0.000231845,0.050022633,0.000000000,0.000000000,0.050000000,-0.000779610,-0.000219123,0.000042095,0.000810912,1.726583387
34.452476104,TRACKING,,0.000381126,1,0.000733498,-0.000232290,0.050020851,0.000000000,0.000000000,0.050000000,-0.000736445,-0.000220342,0.000038878,0.000769684,1.701260831
34.462565870,TRACKING,,0.002055235,1,0.000688045,-0.000232741,0.050018902,0.000000000,0.000000000,0.050000000,-0.000691063,-0.000221597,0.000035464,0.000726589,1.674760402
34.472655635,TRACKING,,0.001025837,1,0.000759516,-0.000233029,0.050014918,0.000000000,0.000000000,0.050000000,-0.000762521,-0.000220800,0.000034619,0.000794600,1.760842569
34.482783395,TRACKING,,0.000029683,1,0.000713607,-0.000233400,0.050012977,0.000000000,0.000000000,0.050000000,-0.000716685,-0.000221975,0.000031129,0.000750919,1.734192645
34.492904031,TRACKING,,0.001802337,1,0.000667750,-0.000233738,0.050010916,0.000000000,0.000000000,0.050000000,-0.000670900,-0.000223107,0.000027564,0.000707561,1.707651908
34.502986673,TRACKING,,0.000923727,1,0.000740021,-0.000233910,0.050006955,0.000000000,0.000000000,0.050000000,-0.000743172,-0.000222194,0.000026799,0.000776140,1.795995005
34.513004013,TRACKING,,0.000378752,1,0.000695252,-0.000234267,0.050005262,0.000000000,0.000000000,0.050000000,-0.000698468,-0.000223319,0.000023568,0.000733678,1.770100360
34.523216072,TRACKING,,0.002486229,1,0.000695252,-0.000234267,0.050005262,0.000000000,0.000000000,0.050000000,-0.000698468,-0.000223319,0.000023568,0.000733678,1.770100360
34.533229850,TRACKING,,0.002027927,1,0.000651031,-0.000234579,0.050003491,0.000000000,0.000000000,0.050000000,-0.000654310,-0.000224380,0.000020318,0.000692012,1.744666382
34.543449032,TRACKING,,0.000037994,1,0.000722806,-0.000234861,0.050000100,0.000000000,0.000000000,0.050000000,-0.000726089,-0.000223601,0.000020143,0.000760005,1.834289140
34.553455686,TRACKING,,0.000884546,1,0.000670262,-0.000235330,0.049998520,0.000000000,0.000000000,0.050000000,-0.000673610,-0.000224951,0.000016732,0.000710375,1.804568659
34.563454029,TRACKING,,0.000087861,1,0.000617042,-0.000236020,0.049997494,0.000000000,0.000000000,0.050000000,-0.000620441,-0.000226522,0.000013909,0.000660646,1.774624094
34.573630469,TRACKING,,0.001911570,1,0.000683973,-0.000236528,0.049994698,0.000000000,0.000000000,0.050000000,-0.000687378,-0.000226063,0.000014153,0.000723736,1.863181814
34.583741606,TRACKING,,0.000823994,1,0.000634542,-0.000237015,0.049993309,0.000000000,0.000000000,0.050000000,-0.000638005,-0.000227359,0.000011025,0.000677395,1.835201598
34.593785067,TRACKING,,0.002599022,1,0.000583433,-0.000237642,0.049992288,0.000000000,0.000000000,0.050000000,-0.000586944,-0.000228814,0.000008258,0.000630022,1.806465207
34.603954382,TRACKING,,0.001463954,1,0.000648908,-0.000238078,0.049989434,0.000000000,0.000000000,0.050000000,-0.000652437,-0.000228318,0.000008383,0.000691284,1.895232707
34.613842305,TRACKING,,0.000518854,1,0.000599074,-0.000238526,0.049988007,0.000000000,0.000000000,0.050000000,-0.000602663,-0.000229563,0.000005181,0.000644925,1.866945654
34.623885766,TRACKING,,0.002011305,1,0.000599074,-0.000238526,0.049988007,0.000000000,0.000000000,0.050000000,-0.000602663,-0.000229563,0.000005181,0.000644925,1.866945654
34.633980281,TRACKING,,0.000638773,1,0.000547611,-0.000239049,0.049986793,0.000000000,0.000000000,0.050000000,-0.000551250,-0.000230899,0.000002189,0.000597659,1.837960257
34.644150784,TRACKING,,0.002271325,1,0.000608568,-0.000239615,0.049984417,0.000000000,0.000000000,0.050000000,-0.000612228,-0.000230617,0.000002613,0.000654228,1.925221434
34.654184746,TRACKING,,0.001219368,1,0.000556427,-0.000240146,0.049983299,0.000000000,0.000000000,0.050000000,-0.000560137,-0.000231962,-0.000000370,0.000606267,1.896168194
34.664362373,TRACKING,,0.000055804,1,0.000501169,-0.000240940,0.049982760,0.000000000,0.000000000,0.050000000,-0.000504915,-0.000233609,-0.000002826,0.000556345,1.865584394
34.674461637,TRACKING,,0.001700229,1,0.000560760,-0.000241602,0.049980659,0.000000000,0.000000000,0.050000000,-0.000564528,-0.000233452,-0.000002217,0.000610899,1.952970628
34.684829234,TRACKING,,0.000035619,1,0.000503734,-0.000242270,0.049979618,0.000000000,0.000000000,0.050000000,-0.000507553,-0.000234989,-0.000005305,0.000559337,1.921273074
34.694730217,TRACKING,,0.001998244,1,0.000561248,-0.000243001,0.049977700,0.000000000,0.000000000,0.050000000,-0.000565091,-0.000234941,-0.000004522,0.000612002,2.008049192
34.704753494,TRACKING,,0.001278734,1,0.000507938,-0.000243777,0.049977139,0.000000000,0.000000000,0.050000000,-0.000511820,-0.000236520,-0.000007063,0.000563871,1.977997330
34.714927558,TRACKING,,0.000733758,1,0.000453284,-0.000244685,0.049976913,0.000000000,0.000000000,0.050000000,-0.000457194,-0.000238239,-0.000009259,0.000515626,1.947307142
34.724981705,TRACKING,,0.000144852,1,0.000399365,-0.000245421,0.049976220,0.000000000,0.000000000,0.050000000,-0.000403312,-0.000239768,-0.000011836,0.000469350,1.917194140
34.735362362,TRACKING,,0.002074231,1,0.000399365,-0.000245421,0.049976220,0.000000000,0.000000000,0.050000000,-0.000403312,-0.000239768,-0.000011836,0.000469350,1.917194140
34.745515055,TRACKING,,0.002057609,1,0.000457598,-0.000245930,0.049974016,0.000000000,0.000000000,0.050000000,-0.000461587,-0.000239495,-0.000011490,0.000520147,2.004523515
34.755470655,TRACKING,,0.001215807,1,0.000406885,-0.000246249,0.049972532,0.000000000,0.000000000,0.050000000,-0.000410932,-0.000240550,-0.000014803,0.000476391,1.976646573
34.765517677,TRACKING,,0.000292079,1,0.000350598,-0.000246773,0.049971402,0.000000000,0.000000000,0.050000000,-0.000354691,-0.000241882,-0.000017904,0.000429690,1.945748509
34.775573011,TRACKING,,0.001385591,1,0.000405708,-0.000247176,0.049969115,0.000000000,0.000000000,0.050000000,-0.000409856,-0.000241557,-0.000017801,0.000476076,2.031877654
34.785583227,TRACKING,,0.000837054,1,0.000347771,-0.000247447,0.049967184,0.000000000,0.000000000,0.050000000,-0.000351989,-0.000242649,-0.000021823,0.000428078,1.999965152
34.795619564,TRACKING,,0.000103296,1,0.000293556,-0.000247841,0.049965817,0.000000000,0.000000000,0.050000000,-0.000297824,-0.000243804,-0.000025089,0.000385705,1.970135232
34.805908798,TRACKING,,0.002234519,1,0.000349566,-0.000248112,0.049963458,0.000000000,0.000000000,0.050000000,-0.000353902,-0.000243342,-0.000025092,0.000430222,2.056794057
34.815837089,TRACKING,,0.001366594,1,0.000295316,-0.000248350,0.049961722,0.000000000,0.000000000,0.050000000,-0.000299713,-0.000244331,-0.000028790,0.000387756,2.026790622
34.825982659,TRACKING,,0.000642335,1,0.000241640,-0.000248589,0.049959936,0.000000000,0.000000000,0.050000000,-0.000246097,-0.000245304,-0.000032462,0.000348986,1.996948733
34.836197092,TRACKING,,0.000048679,1,0.000295283,-0.000248819,0.049957687,0.000000000,0.000000000,0.050000000,-0.000299817,-0.000244841,-0.000032498,0.000388450,2.082198593
34.846277360,TRACKING,,0.001712102,1,0.000238881,-0.000249085,0.049956044,0.000000000,0.000000000,0.050000000,-0.000243471,-0.000245870,-0.000036183,0.000347907,2.050882866
34.856342192,TRACKING,,0.000603154,1,0.000182928,-0.000249276,0.049954140,0.000000000,0.000000000,0.050000000,-0.000187578,-0.000246809,-0.000040051,0.000312577,2.019641152
34.866410586,TRACKING,,0.002277262,1,0.000182928,-0.000249276,0.049954140,0.000000000,0.000000000,0.050000000,-0.000187578,-0.000246809,-0.000040051,0.000312577,2.019641152
34.876518161,TRACKING,,0.001168313,1,0.000234071,-0.000249381,0.049951755,0.000000000,0.000000000,0.050000000,-0.000238815,-0.000246260,-0.000040385,0.000345410,2.103205109
34.886610302,TRACKING,,0.000054617,1,0.000177470,-0.000249461,0.049949932,0.000000000,0.000000000,0.050000000,-0.000182271,-0.000247087,-0.000044249,0.000310214,2.072085363
34.896707192,TRACKING,,0.001828459,1,0.000120998,-0.000249569,0.049948049,0.000000000,0.000000000,0.050000000,-0.000125855,-0.000247932,-0.000048106,0.000282177,2.040691654
34.906818329,TRACKING,,0.001259737,1,0.000172453,-0.000249575,0.049945659,0.000000000,0.000000000,0.050000000,-0.000177416,-0.000247288,-0.000048511,0.000308190,2.123871471
34.916900971,TRACKING,,0.000470175,1,0.000118414,-0.000249621,0.049943886,0.000000000,0.000000000,0.050000000,-0.000123430,-0.000248029,-0.000052227,0.000281924,2.093790608
34.927045353,TRACKING,,0.002475543,1,0.000064865,-0.000249666,0.049942042,0.000000000,0.000000000,0.050000000,-0.000069933,-0.000248756,-0.000055940,0.000264385,2.063753172
34.937093563,TRACKING,,0.002078981,1,0.000116305,-0.000249601,0.049939805,0.000000000,0.000000000,0.050000000,-0.000121483,-0.000248048,-0.000056257,0.000281871,2.146330094
34.947175017,TRACKING,,0.001573187,1,0.000064903,-0.000249508,0.049937754,0.000000000,0.000000000,0.050000000,-0.000070140,-0.000248602,-0.000060154,0.000265219,2.117293359
34.957273094,TRACKING,,0.000704076,1,0.000013235,-0.000249445,0.049935728,0.000000000,0.000000000,0.050000000,-0.000018528,-0.000249182,-0.000063984,0.000257932,2.087948125
34.967346238,TRACKING,,0.002297446,1,0.000060023,-0.000249378,0.049933681,0.000000000,0.000000000,0.050000000,-0.000065431,-0.000248536,-0.000064335,0.000264935,2.167434354
34.977333895,TRACKING,,0.001397465,1,0.000005727,-0.000249338,0.049931770,0.000000000,0.000000000,0.050000000,-0.000011187,-0.000249164,-0.000068190,0.000258569,2.136624986
34.987314428,TRACKING,,0.000913042,1,-0.000047888,-0.000249403,0.049930233,0.000000000,0.000000000,0.050000000,0.000042391,-0.000249881,-0.000071588,0.000263368,2.106358180
34.997411318,TRACKING,,0.000379939,1,0.000000054,-0.000249346,0.049928501,0.000000000,0.000000000,0.050000000,-0.000005668,-0.000249237,-0.000071654,0.000259395,2.185840963
35.007510582,TRACKING,,0.002511162,1,0.000000054,-0.000249346,0.049928501,0.000000000,0.000000000,0.050000000,-0.000005668,-0.000249237,-0.000071654,0.000259395,2.185840963
35.017517236,TRACKING,,0.001837957,1,-0.000052679,-0.000249396,0.049926950,0.000000000,0.000000000,0.050000000,0.000047028,-0.000249921,-0.000075085,0.000265160,2.155853021
35.027741168,TRACKING,,0.001002091,1,-0.000106283,-0.000249539,0.049925512,0.000000000,0.000000000,0.050000000,0.000100600,-0.000250702,-0.000078375,0.000281273,2.125090073
35.037757321,TRACKING,,0.000201842,1,-0.000065073,-0.000249863,0.049924707,0.000000000,0.000000000,0.050000000,0.000059295,-0.000250525,-0.000077822,0.000268951,2.199954337
35.047797219,TRACKING,,0.002202462,1,-0.000122191,-0.000250142,0.049923596,0.000000000,0.000000000,0.050000000,0.000116390,-0.000251476,-0.000080949,0.000288686,2.167764311
35.057916668,TRACKING,,0.001704978,1,-0.000178311,-0.000250477,0.049922524,0.000000000,0.000000000,0.050000000,0.000172493,-0.000252463,-0.000083937,0.000317075,2.135909137
35.067979125,TRACKING,,0.000978344,1,-0.000137915,-0.000250726,0.049921543,0.000000000,0.000000000,0.050000000,0.000131989,-0.000252224,-0.000083674,0.000296714,2.209249296
35.078061767,TRACKING,,0.000293266,1,-0.000194816,-0.000251010,0.049920474,0.000000000,0.000000000,0.050000000,0.000188872,-0.000253159,-0.000086723,0.000327541,2.177017693
35.088210899,TRACKING,,0.002263014,1,-0.000251554,-0.000251279,0.049919273,0.000000000,0.000000000,0.050000000,0.000245591,-0.000254071,-0.000089833,0.000364605,2.144627860
35.098267420,TRACKING,,0.001639676,1,-0.000212569,-0.000251399,0.049918180,0.000000000,0.000000000,0.050000000,0.000206491,-0.000253723,-0.000089817,0.000339236,2.216076024
35.108352436,TRACKING,,0.001059081,1,-0.000267645,-0.000251449,0.049916488,0.000000000,0.000000000,0.050000000,0.000261532,-0.000254388,-0.000093392,0.000376609,2.184287958
35.118369776,TRACKING,,0.000413184,1,-0.000323193,-0.000251586,0.049915079,0.000000000,0.000000000,0.050000000,0.000317059,-0.000255139,-0.000096638,0.000418283,2.152210398
35.128786052,TRACKING,,0.002506413,1,-0.000285773,-0.000251576,0.049913910,0.000000000,0.000000000,0.050000000,0.000279516,-0.000254682,-0.000096831,0.000390344,2.221462170
35.138539809,TRACKING,,0.001959063,1,-0.000340231,-0.000251575,0.049912186,0.000000000,0.000000000,0.050000000,0.000333942,-0.000255273,-0.000100384,0.000432156,2.189649933
35.148618889,TRACKING,,0.001328600,1,-0.000393879,-0.000251547,0.049910361,0.000000000,0.000000000,0.050000000,0.000387559,-0.000255822,-0.000103949,0.000475869,2.158139317
35.158741900,TRACKING,,0.000674392,1,-0.000448621,-0.000251484,0.049908559,0.000000000,0.000000000,0.050000000,0.000442275,-0.000256341,-0.000107468,0.000522367,2.126345321
35.168881533,TRACKING,,0.002265389,1,-0.000448621,-0.000251484,0.049908559,0.000000000,0.000000000,0.050000000,0.000442275,-0.000256341,-0.000107468,0.000522367,2.126345321
35.178897685,TRACKING,,0.001503136,1,-0.000414575,-0.000251203,0.049907012,0.000000000,0.000000000,0.050000000,0.000408084,-0.000255651,-0.000108314,0.000493581,2.192482199
35.188881780,TRACKING,,0.000510543,1,-0.000466937,-0.000250753,0.049904431,0.000000000,0.000000000,0.050000000,0.000460394,-0.000255748,-0.000112565,0.000538554,2.162356431
35.199046347,TRACKING,,0.002544407,1,-0.000522403,-0.000250469,0.049902252,0.000000000,0.000000000,0.050000000,0.000515828,-0.000256037,-0.000116451,0.000587532,2.130383911
35.209049439,TRACKING,,0.002100353,1,-0.000487406,-0.000250115,0.049900872,0.000000000,0.000000000,0.050000000,0.000480684,-0.000255267,-0.000117174,0.000556730,2.195904344
35.219180760,TRACKING,,0.001315540,1,-0.000538186,-0.000249680,0.049898501,0.000000000,0.000000000,0.050000000,0.000531423,-0.000255349,-0.000121131,0.000601902,2.166391810
35.229200475,TRACKING,,0.000222027,1,-0.000592121,-0.000249390,0.049896496,0.000000000,0.000000000,0.050000000,0.000585335,-0.000255602,-0.000124761,0.000650780,2.134911383
35.239267682,TRACKING,,0.002048111,1,-0.000561677,-0.000248993,0.049895187,0.000000000,0.000000000,0.050000000,0.000554745,-0.000254839,-0.000125616,0.000623269,2.196173479
35.249320641,TRACKING,,0.000865549,1,-0.000614054,-0.000248597,0.049892926,0.000000000,0.000000000,0.050000000,0.000607091,-0.000254962,-0.000129469,0.000671065,2.165132584
35.259341543,TRACKING,,0.000059366,1,-0.000666666,-0.000248338,0.049891050,0.000000000,0.000000000,0.050000000,0.000659689,-0.000255218,-0.000132886,0.000719712,2.133842956
35.269427746,TRACKING,,0.001947190,1,-0.000636434,-0.000247988,0.049890058,0.000000000,0.000000000,0.050000000,0.000629316,-0.000254508,-0.000133491,0.000691833,2.193190123
35.279472394,TRACKING,,0.000819244,1,-0.000689408,-0.000247678,0.049888026,0.000000000,0.000000000,0.050000000,0.000682274,-0.000254709,-0.000137085,0.000741058,2.161170560
35.289952785,TRACKING,,0.002474356,1,-0.000689408,-0.000247678,0.049888026,0.000000000,0.000000000,0.050000000,0.000682274,-0.000254709,-0.000137085,0.000741058,2.161170560
35.299788467,TRACKING,,0.001251425,1,-0.000742656,-0.000247465,0.049886287,0.000000000,0.000000000,0.050000000,0.000735519,-0.000255005,-0.000140332,0.000791017,2.128923770
35.310291417,TRACKING,,0.002850733,1,-0.000718662,-0.000247319,0.049885959,0.000000000,0.000000000,0.050000000,0.000711407,-0.000254563,-0.000140515,0.000768536,2.182798578
35.320024989,TRACKING,,0.000199468,1,-0.000780188,-0.000247137,0.049884147,0.000000000,0.000000000,0.050000000,0.000772936,-0.000254959,-0.000144073,0.000826554,2.145535794
35.330104069,TRACKING,,0.001879513,1,-0.000835441,-0.000247143,0.049882872,0.000000000,0.000000000,0.050000000,0.000828208,-0.000255479,-0.000146843,0.000879068,2.111844072
35.340357684,TRACKING,,0.000755129,1,-0.000813610,-0.000247047,0.049882587,0.000000000,0.000000000,0.050000000,0.000806261,-0.000255109,-0.000147111,0.000858358,2.162481813
35.350316845,TRACKING,,0.002425676,1,-0.000869028,-0.000247030,0.049881296,0.000000000,0.000000000,0.050000000,0.000861699,-0.000255598,-0.000149893,0.000911221,2.128200934
35.360224953,TRACKING,,0.001760782,1,-0.000919861,-0.000246934,0.049879818,0.000000000,0.000000000,0.050000000,0.000912547,-0.000255959,-0.000152671,0.000959982,2.096267884
35.370248229,TRACKING,,0.001092326,1,-0.000896235,-0.000246703,0.049879399,0.000000000,0.000000000,0.050000000,0.000888799,-0.000255440,-0.000153070,0.000937360,2.145591667
35.380419919,TRACKING,,0.000090236,1,-0.000948513,-0.000246583,0.049877951,0.000000000,0.000000000,0.050000000,0.000941096,-0.000255783,-0.000155848,0.000987611,2.112143631
35.390774455,TRACKING,,0.001841519,1,-0.000948513,-0.000246583,0.049877951,0.000000000,0.000000000,0.050000000,0.000941096,-0.000255783,-0.000155848,0.000987611,2.112143631
35.400636257,TRACKING,,0.002124099,1,-0.001005406,-0.000246489,0.049876564,0.000000000,0.000000000,0.050000000,0.000998021,-0.000256186,-0.000158609,0.001042513,2.075649422
35.410821008,TRACKING,,0.001028211,1,-0.000987272,-0.000246229,0.049876130,0.000000000,0.000000000,0.050000000,0.000979773,-0.000255688,-0.000159207,0.001025026,2.119468803
35.421039003,TRACKING,,0.000043931,1,-0.001038565,-0.000246078,0.049874674,0.000000000,0.000000000,0.050000000,0.001031091,-0.000255976,-0.000161883,0.001074653,2.086070185
35.431137080,TRACKING,,0.001696667,1,-0.001024359,-0.000245941,0.049874523,0.000000000,0.000000000,0.050000000,0.001016790,-0.000255640,-0.000162263,0.001060916,2.124664739
35.441199538,TRACKING,,0.000555662,1,-0.001075017,-0.000245842,0.049873038,0.000000000,0.000000000,0.050000000,0.001067474,-0.000255967,-0.000164918,0.001110054,2.090668300
35.451419908,TRACKING,,0.002291510,1,-0.001126596,-0.000245892,0.049871915,0.000000000,0.000000000,0.050000000,0.001119097,-0.000256446,-0.000167165,0.001160210,2.055750358
35.461358885,TRACKING,,0.001137444,1,-0.001113849,-0.000245786,0.049871811,0.000000000,0.000000000,0.050000000,0.001106261,-0.000256154,-0.000167552,0.001147825,2.090990570
35.471554322,TRACKING,,0.000110420,1,-0.001164403,-0.000245774,0.049870576,0.000000000,0.000000000,0.050000000,0.001156858,-0.000256555,-0.000169848,0.001197075,2.055826606
35.481582347,TRACKING,,0.001780966,1,-0.001164403,-0.000245774,0.049870576,0.000000000,0.000000000,0.050000000,0.001156858,-0.000256555,-0.000169848,0.001197075,2.055826606
35.491743352,TRACKING,,0.000660145,1,-0.001213151,-0.000245662,0.049869045,0.000000000,0.000000000,0.050000000,0.001205642,-0.000256833,-0.000172331,0.001244682,2.021414175
35.501897232,TRACKING,,0.002240455,1,-0.001203124,-0.000245569,0.049869108,0.000000000,0.000000000,0.050000000,0.001195541,-0.000256578,-0.000172613,0.001234887,2.052231389
35.511849270,TRACKING,,0.000896420,1,-0.001252080,-0.000245432,0.049867592,0.000000000,0.000000000,0.050000000,0.001244535,-0.000256827,-0.000175059,0.001282760,2.017605002
35.521898667,TRACKING,,0.000218465,1,-0.001303959,-0.000245439,0.049866407,0.000000000,0.000000000,0.050000000,0.001296470,-0.000257238,-0.000177177,0.001333565,1.981502028
35.531923131,TRACKING,,0.002045736,1,-0.001296507,-0.000245330,0.049866458,0.000000000,0.000000000,0.050000000,0.001288945,-0.000256991,-0.000177552,0.001326254,2.009615862
35.541987963,TRACKING,,0.000899982,1,-0.001346244,-0.000245153,0.049864851,0.000000000,0.000000000,0.050000000,0.001338723,-0.000257193,-0.000180028,0.001375041,1.975231218
35.552141844,TRACKING,,0.002628706,1,-0.001397313,-0.000245018,0.049863427,0.000000000,0.000000000,0.050000000,0.001389841,-0.000257446,-0.000182295,0.001425191,1.940554632
35.562150873,TRACKING,,0.001626615,1,-0.001395067,-0.000244685,0.049863010,0.000000000,0.000000000,0.050000000,0.001387519,-0.000257016,-0.000183255,0.001422972,1.964212443
35.572180085,TRACKING,,0.000430994,1,-0.001444086,-0.000244298,0.049861014,0.000000000,0.000000000,0.050000000,0.001436570,-0.000256992,-0.000186022,0.001471184,1.930866865
35.582362461,TRACKING,,0.002321192,1,-0.001444086,-0.000244298,0.049861014,0.000000000,0.000000000,0.050000000,0.001436570,-0.000256992,-0.000186022,0.001471184,1.930866865
35.592498532,TRACKING,,0.000813308,1,-0.001492760,-0.000243921,0.049859178,0.000000000,0.000000000,0.050000000,0.001485283,-0.000256971,-0.000188576,0.001519099,1.898097998
35.605543514,TRACKING,,0.002566965,1,-0.001509770,-0.000243434,0.049858477,0.000000000,0.000000000,0.050000000,0.001502245,-0.000256530,-0.000190119,0.001535804,1.908053320
35.615444498,TRACKING,,0.001867639,1,-0.001558305,-0.000242876,0.049856244,0.000000000,0.000000000,0.050000000,0.001550811,-0.000256316,-0.000193016,0.001583657,1.875547022
35.625537825,TRACKING,,0.001446144,1,-0.001605262,-0.000242422,0.049854406,0.000000000,0.000000000,0.050000000,0.001597810,-0.000256192,-0.000195457,0.001629980,1.844580029
35.635633528,TRACKING,,0.000738507,1,-0.001607520,-0.000241882,0.049853832,0.000000000,0.000000000,0.050000000,0.001599998,-0.000255592,-0.000196649,0.001632174,1.862732332
35.645804031,TRACKING,,0.002454172,1,-0.001655662,-0.000241330,0.049851993,0.000000000,0.000000000,0.050000000,0.001648185,-0.000255370,-0.000199083,0.001679691,1.831445389
35.655824932,TRACKING,,0.001384404,1,-0.001704035,-0.000240697,0.049849935,0.000000000,0.000000000,0.050000000,0.001696601,-0.000255063,-0.000201681,0.001727480,1.799922022
35.665927759,TRACKING,,0.000262396,1,-0.001711171,-0.000239922,0.049848939,0.000000000,0.000000000,0.050000000,0.001703673,-0.000254260,-0.000203324,0.001734500,1.813094270
35.675996153,TRACKING,,0.002040987,1,-0.001758032,-0.000239147,0.049846748,0.000000000,0.000000000,0.050000000,0.001750574,-0.000253793,-0.000205994,0.001780830,1.782530872
35.686490792,TRACKING,,0.000305139,1,-0.001806154,-0.000238218,0.049844176,0.000000000,0.000000000,0.050000000,0.001798734,-0.000253172,-0.000208998,0.001828448,1.750893265
35.696441642,TRACKING,,0.002207210,1,-0.001806154,-0.000238218,0.049844176,0.000000000,0.000000000,0.050000000,0.001798734,-0.000253172,-0.000208998,0.001828448,1.750893265
35.706524284,TRACKING,,0.001694293,1,-0.001814980,-0.000237233,0.049842952,0.000000000,0.000000000,0.050000000,0.001807500,-0.000252169,-0.000210833,0.001837144,1.760883909
35.716614050,TRACKING,,0.001107761,1,-0.001855122,-0.000236183,0.049840365,0.000000000,0.000000000,0.050000000,0.001847668,-0.000251366,-0.000213734,0.001876897,1.734200579
35.726734686,TRACKING,,0.000639961,1,-0.001896464,-0.000235261,0.049838260,0.000000000,0.000000000,0.050000000,0.001889055,-0.000250694,-0.000216121,0.001917833,1.706710011
35.736752025,TRACKING,,0.000151976,1,-0.001905161,-0.000234310,0.049837324,0.000000000,0.000000000,0.050000000,0.001897708,-0.000249724,-0.000217591,0.001926397,1.714256301
35.746930839,TRACKING,,0.002282011,1,-0.001943878,-0.000233311,0.049835142,0.000000000,0.000000000,0.050000000,0.001936467,-0.000248949,-0.000219983,0.001964758,1.687906221
35.756995672,TRACKING,,0.001440207,1,-0.001981861,-0.000232318,0.049833003,0.000000000,0.000000000,0.050000000,0.001974495,-0.000248172,-0.000222285,0.002002406,1.661847387
35.767066441,TRACKING,,0.000403685,1,-0.001993562,-0.000231206,0.049831718,0.000000000,0.000000000,0.050000000,0.001986163,-0.000247057,-0.000224022,0.002013968,1.664589976
35.777153832,TRACKING,,0.002124099,1,-0.002031709,-0.000230060,0.049829472,0.000000000,0.000000000,0.050000000,0.002024359,-0.000246118,-0.000226378,0.002051792,1.637988705
35.787251909,TRACKING,,0.001069767,1,-0.002068272,-0.000228863,0.049827120,0.000000000,0.000000000,0.050000000,0.002060968,-0.000245114,-0.000228791,0.002088065,1.612151400
35.797332176,TRACKING,,0.002779494,1,-0.002081715,-0.000227601,0.049825698,0.000000000,0.000000000,0.050000000,0.002074390,-0.000243857,-0.000230565,0.002101361,1.611159215
35.807506241,TRACKING,,0.001701416,1,-0.002114980,-0.000226298,0.049823280,0.000000000,0.000000000,0.050000000,0.002107698,-0.000242718,-0.000232981,0.002134381,1.587057299
35.817383478,TRACKING,,0.000958160,1,-0.002147025,-0.000224927,0.049820738,0.000000000,0.000000000,0.050000000,0.002139782,-0.000241499,-0.000235480,0.002166204,1.563475483
35.827476806,TRACKING,,0.000201843,1,-0.002159569,-0.000223560,0.049819122,0.000000000,0.000000000,0.050000000,0.002152312,-0.000240133,-0.000237331,0.002178632,1.560402860
35.837909704,TRACKING,,0.002145470,1,-0.002159569,-0.000223560,0.049819122,0.000000000,0.000000000,0.050000000,0.002152312,-0.000240133,-0.000237331,0.002178632,1.560402860
35.847707392,TRACKING,,0.001576748,1,-0.002188330,-0.000222193,0.049816801,0.000000000,0.000000000,0.050000000,0.002181113,-0.000238893,-0.000239570,0.002207197,1.538833847
35.857873145,TRACKING,,0.001063830,1,-0.002216316,-0.000220819,0.049814532,0.000000000,0.000000000,0.050000000,0.002209142,-0.000237638,-0.000241731,0.002234998,1.517652279
35.867903546,TRACKING,,0.000417933,1,-0.002231702,-0.000219501,0.049813168,0.000000000,0.000000000,0.050000000,0.002224537,-0.000236340,-0.000243221,0.002250240,1.510463883
35.878089483,TRACKING,,0.000030870,1,-0.002258839,-0.000218147,0.049811240,0.000000000,0.000000000,0.050000000,0.002251727,-0.000235093,-0.000245014,0.002277185,1.489881695
35.888204183,TRACKING,,0.002103915,1,-0.002284921,-0.000216799,0.049809385,0.000000000,0.000000000,0.050000000,0.002277861,-0.000233843,-0.000246715,0.002303085,1.469917782
35.898290387,TRACKING,,0.001545878,1,-0.002310124,-0.000215408,0.049807497,0.000000000,0.000000000,0.050000000,0.002303115,-0.000232542,-0.000248425,0.002328117,1.450346400
35.908443080,TRACKING,,0.000719511,1,-0.002326181,-0.000213971,0.049805904,0.000000000,0.000000000,0.050000000,0.002319194,-0.000231125,-0.000249993,0.002344051,1.439923351
35.918498414,TRACKING,,0.002543219,1,-0.002349696,-0.000212448,0.049804012,0.000000000,0.000000000,0.050000000,0.002342762,-0.000229672,-0.000251669,0.002367408,1.421022364
35.928843451,TRACKING,,0.001474640,1,-0.002371834,-0.000210879,0.049802041,0.000000000,0.000000000,0.050000000,0.002364949,-0.000228162,-0.000253403,0.002389405,1.402765857
35.940496905,TRACKING,,0.005085251,1,-0.002389941,-0.000209258,0.049800108,0.000000000,0.000000000,0.050000000,0.002383093,-0.000226569,-0.000255145,0.002407398,1.388006740
35.950482188,TRACKING,,0.000999715,1,-0.002409561,-0.000207583,0.049798056,0.000000000,0.000000000,0.050000000,0.002402759,-0.000224933,-0.000256927,0.002426903,1.370889366
35.960579077,TRACKING,,0.002837672,1,-0.002427481,-0.000205935,0.049796190,0.000000000,0.000000000,0.050000000,0.002420725,-0.000223310,-0.000258518,0.002444711,1.354823493
35.970469375,TRACKING,,0.002086105,1,-0.002439718,-0.000210677,0.049798946,0.000000000,0.000000000,0.050000000,0.002433074,-0.000227988,-0.000255349,0.002457037,1.338188421
35.980684995,TRACKING,,0.001453268,1,-0.002454533,-0.000208919,0.049797036,0.000000000,0.000000000,0.050000000,0.002447928,-0.000226237,-0.000256979,0.002471756,1.323986216
35.990819879,TRACKING,,0.000911854,1,-0.002468111,-0.000207058,0.049795110,0.000000000,0.000000000,0.050000000,0.002461543,-0.000224377,-0.000258625,0.002485241,1.310571160
36.000821784,TRACKING,,0.000225589,1,-0.002468772,-0.000224119,0.049807100,0.000000000,0.000000000,0.050000000,0.002462438,-0.000241192,-0.000245969,0.002486419,1.293295622
36.010926985,TRACKING,,0.002280824,1,-0.002468772,-0.000224119,0.049807100,0.000000000,0.000000000,0.050000000,0.002462438,-0.000241192,-0.000245969,0.002486419,1.293295622
36.021023874,TRACKING,,0.001190873,1,-0.002480925,-0.000221639,0.049804982,0.000000000,0.000000000,0.050000000,0.002474623,-0.000238703,-0.000247809,0.002498429,1.280862071
36.031051900,TRACKING,,0.001777404,1,-0.002493266,-0.000218469,0.049802568,0.000000000,0.000000000,0.050000000,0.002486995,-0.000235525,-0.000249939,0.002510594,1.268320589
36.041190345,TRACKING,,0.000635211,1,-0.002485533,-0.000246852,0.049823067,0.000000000,0.000000000,0.050000000,0.002479612,-0.000263489,-0.000228493,0.002504019,1.247812533
36.051265863,TRACKING,,0.002454171,1,-0.002496808,-0.000242900,0.049820372,0.000000000,0.000000000,0.050000000,0.002490911,-0.000259525,-0.000230916,0.002515018,1.236237802
36.061321197,TRACKING,,0.001666984,1,-0.002507406,-0.000238400,0.049817337,0.000000000,0.000000000,0.050000000,0.002501528,-0.000255014,-0.000233691,0.002525328,1.225377845
36.071401464,TRACKING,,0.000926102,1,-0.002489616,-0.000276691,0.049845372,0.000000000,0.000000000,0.050000000,0.002484170,-0.000292753,-0.000204570,0.002509712,1.205551809
36.081501916,TRACKING,,0.000482048,1,-0.002499211,-0.000270978,0.049841705,0.000000000,0.000000000,0.050000000,0.002493770,-0.000287034,-0.000208008,0.002518838,1.196018043
36.091679543,TRACKING,,0.002502850,1,-0.002508592,-0.000264462,0.049837533,0.000000000,0.000000000,0.050000000,0.002503148,-0.000280516,-0.000211962,0.002527720,1.186954249
36.101546094,TRACKING,,0.001658672,1,-0.002481948,-0.000313194,0.049873453,0.000000000,0.000000000,0.050000000,0.002477030,-0.000328554,-0.000174762,0.002504829,1.165564383
36.111678603,TRACKING,,0.000941537,1,-0.002490912,-0.000305101,0.049868260,0.000000000,0.000000000,0.050000000,0.002485974,-0.000320468,-0.000179767,0.002512983,1.157470985
36.121770744,TRACKING,,0.000276643,1,-0.002500208,-0.000295566,0.049862219,0.000000000,0.000000000,0.050000000,0.002495242,-0.000310952,-0.000185637,0.002521385,1.149756104
36.131804706,TRACKING,,0.002241642,1,-0.002500208,-0.000295566,0.049862219,0.000000000,0.000000000,0.050000000,0.002495242,-0.000310952,-0.000185637,0.002521385,1.149756104
36.141874287,TRACKING,,0.001672921,1,-0.002465644,-0.000353532,0.049905171,0.000000000,0.000000000,0.050000000,0.002461285,-0.000368109,-0.000141256,0.002492665,1.127349792
36.152074473,TRACKING,,0.001151691,1,-0.002474207,-0.000343594,0.049898951,0.000000000,0.000000000,0.050000000,0.002469810,-0.000358192,-0.000147327,0.002499994,1.120509241
36.162155927,TRACKING,,0.000563972,1,-0.002483765,-0.000331334,0.049891326,0.000000000,0.000000000,0.050000000,0.002479317,-0.000345971,-0.000154831,0.002508123,1.114051118
36.172256379,TRACKING,,0.000086674,1,-0.002442430,-0.000397652,0.049940800,0.000000000,0.000000000,0.050000000,0.002438666,-0.000411380,-0.000103790,0.002475298,1.090186267
36.182328335,TRACKING,,0.002125287,1,-0.002452216,-0.000383815,0.049932204,0.000000000,0.000000000,0.050000000,0.002448384,-0.000397594,-0.000112293,0.002482997,1.084374801
36.192390793,TRACKING,,0.001624241,1,-0.002462673,-0.000368078,0.049922321,0.000000000,0.000000000,0.050000000,0.002458759,-0.000381925,-0.000122107,0.002491239,1.079004040
36.202481746,TRACKING,,0.001006840,1,-0.002414583,-0.000442688,0.049978036,0.000000000,0.000000000,0.050000000,0.002411424,-0.000455536,-0.000064700,0.002454927,1.053859666
36.212570324,TRACKING,,0.000493921,1,-0.002425719,-0.000424517,0.049966578,0.000000000,0.000000000,0.050000000,0.002422454,-0.000437451,-0.000076129,0.002462812,1.049272828
36.222700459,TRACKING,,0.002455359,1,-0.002437318,-0.000404867,0.049954078,0.000000000,0.000000000,0.050000000,0.002433937,-0.000417903,-0.000088623,0.002471142,1.045192403
36.236081449,TRACKING,,0.002572902,1,-0.002385367,-0.000483081,0.050013004,0.000000000,0.000000000,0.050000000,0.002382781,-0.000495063,-0.000027900,0.002433827,1.018112305
36.242870492,TRACKING,,0.001568437,1,-0.002397518,-0.000461455,0.049999087,0.000000000,0.000000000,0.050000000,0.002394792,-0.000473554,-0.000041839,0.002441523,1.014602971
36.252833215,TRACKING,,0.000907105,1,-0.002409979,-0.000438711,0.049984437,0.000000000,0.000000000,0.050000000,0.002407108,-0.000450940,-0.000056533,0.002449635,1.011591376
36.263009655,TRACKING,,0.000332447,1,-0.002348917,-0.000529940,0.050052685,0.000000000,0.000000000,0.050000000,0.002346944,-0.000541013,0.000013629,0.002408532,0.983902322
36.273173034,TRACKING,,0.002429238,1,-0.002348917,-0.000529940,0.050052685,0.000000000,0.000000000,0.050000000,0.002346944,-0.000541013,0.000013629,0.002408532,0.983902322
36.283430210,TRACKING,,0.002070669,1,-0.002362111,-0.000505001,0.050036532,0.000000000,0.000000000,0.050000000,0.002359965,-0.000516220,-0.000002607,0.002415766,0.981660473
36.293182780,TRACKING,,0.001560127,1,-0.002375963,-0.000478434,0.050019197,0.000000000,0.000000000,0.050000000,0.002373635,-0.000489818,-0.000020050,0.002423730,0.979966127
36.303232177,TRACKING,,0.000781251,1,-0.002310138,-0.000575087,0.050091617,0.000000000,0.000000000,0.050000000,0.002308757,-0.000585272,0.000054350,0.002382406,0.951324877
36.314157809,TRACKING,,0.002749812,1,-0.002325744,-0.000544726,0.050071869,0.000000000,0.000000000,0.050000000,0.002324146,-0.000555099,0.000034456,0.002389765,0.950040305
36.323859325,TRACKING,,0.000217278,1,-0.002344768,-0.000507402,0.050047409,0.000000000,0.000000000,0.050000000,0.002342905,-0.000518017,0.000009794,0.002399508,0.949193127
36.333922970,TRACKING,,0.001934129,1,-0.002274998,-0.000608125,0.050123220,0.000000000,0.000000000,0.050000000,0.002274119,-0.000617506,0.000087649,0.002358095,0.919326172
36.344025796,TRACKING,,0.000857239,1,-0.002293022,-0.000572478,0.050099712,0.000000000,0.000000000,0.050000000,0.002291879,-0.000582091,0.000063926,0.002365507,0.919208333
36.354151181,TRACKING,,0.002575276,1,-0.002312150,-0.000534423,0.050074509,0.000000000,0.000000000,0.050000000,0.002310728,-0.000544292,0.000038476,0.002374278,0.919637958
36.364207702,TRACKING,,0.001593371,1,-0.002236706,-0.000642997,0.050156105,0.000000000,0.000000000,0.050000000,0.002236331,-0.000651583,0.000122193,0.002332524,0.888706004
36.374265410,TRACKING,,0.000578221,1,-0.002256173,-0.000604221,0.050130230,0.000000000,0.000000000,0.050000000,0.002255501,-0.000613067,0.000096050,0.002339307,0.889665587
36.384342116,TRACKING,,0.002182277,1,-0.002256173,-0.000604221,0.050130230,0.000000000,0.000000000,0.050000000,0.002255501,-0.000613067,0.000096050,0.002339307,0.889665587
36.394433069,TRACKING,,0.000981906,1,-0.002276834,-0.000562932,0.050102608,0.000000000,0.000000000,0.050000000,0.002275851,-0.000572062,0.000068130,0.002347636,0.891113137
36.404657001,TRACKING,,0.000048679,1,-0.002197016,-0.000676706,0.050188191,0.000000000,0.000000000,0.050000000,0.002197124,-0.000684526,0.000155882,0.002306562,0.859311623
36.414759827,TRACKING,,0.001747721,1,-0.002218800,-0.000633121,0.050158992,0.000000000,0.000000000,0.050000000,0.002218569,-0.000641235,0.000126360,0.002312833,0.861181061
36.425008692,TRACKING,,0.000756317,1,-0.002241602,-0.000587425,0.050128241,0.000000000,0.000000000,0.050000000,0.002241021,-0.000595856,0.000095256,0.002320839,0.863589364
36.434932235,TRACKING,,0.000121106,1,-0.002156839,-0.000707861,0.050218868,0.000000000,0.000000000,0.050000000,0.002157404,-0.000714947,0.000188113,0.002280554,0.830714012
36.445050496,TRACKING,,0.002265389,1,-0.002179819,-0.000661844,0.050187799,0.000000000,0.000000000,0.050000000,0.002180019,-0.000669242,0.000156681,0.002285807,0.833464659
36.455107017,TRACKING,,0.001818960,1,-0.002203308,-0.000614841,0.050155949,0.000000000,0.000000000,0.050000000,0.002203142,-0.000622567,0.000124448,0.002292796,0.836622852
36.465193221,TRACKING,,0.001289419,1,-0.002112327,-0.000744778,0.050253475,0.000000000,0.000000000,0.050000000,0.002113385,-0.000751114,0.000224280,0.002254079,0.802561907
36.475307920,TRACKING,,0.000793123,1,-0.002137318,-0.000694798,0.050219459,0.000000000,0.000000000,0.050000000,0.002137973,-0.000701472,0.000189851,0.002258104,0.806239321
36.485225526,TRACKING,,0.000251710,1,-0.002162917,-0.000643694,0.050184584,0.000000000,0.000000000,0.050000000,0.002163168,-0.000650724,0.000154545,0.002264204,0.810297732
36.495318853,TRACKING,,0.002416177,1,-0.002067428,-0.000779625,0.050286650,0.000000000,0.000000000,0.050000000,0.002068953,-0.000785248,0.000258957,0.002228058,0.775345832
36.505380124,TRACKING,,0.001574374,1,-0.002094254,-0.000726340,0.050250111,0.000000000,0.000000000,0.050000000,0.002095342,-0.000732323,0.000221964,0.002230700,0.779810569
36.515586246,TRACKING,,0.000552100,1,-0.002122644,-0.000670104,0.050211446,0.000000000,0.000000000,0.050000000,0.002123281,-0.000676478,0.000182810,0.002235926,0.784832052
36.525655827,TRACKING,,0.002462482,1,-0.002122644,-0.000670104,0.050211446,0.000000000,0.000000000,0.050000000,0.002123281,-0.000676478,0.000182810,0.002235926,0.784832052
36.535789524,TRACKING,,0.001465142,1,-0.002150862,-0.000614268,0.050173072,0.000000000,0.000000000,0.050000000,0.002151064,-0.000621039,0.000143947,0.002243544,0.789974797
36.545946966,TRACKING,,0.000252897,1,-0.002051670,-0.000754963,0.050278752,0.000000000,0.000000000,0.050000000,0.002053158,-0.000760299,0.000252010,0.002203865,0.754099693
36.556003487,TRACKING,,0.002253515,1,-0.002080575,-0.000697890,0.050239585,0.000000000,0.000000000,0.050000000,0.002081604,-0.000703614,0.000212353,0.002207542,0.759227425
36.566067132,TRACKING,,0.001485326,1,-0.002109461,-0.000640850,0.050200329,0.000000000,0.000000000,0.050000000,0.002110043,-0.000646973,0.000172598,0.002213740,0.764666004
36.576142650,TRACKING,,0.000661332,1,-0.002005006,-0.000789079,0.050311763,0.000000000,0.000000000,0.050000000,0.002006938,-0.000793743,0.000286467,0.002177129,0.727640612
36.586224105,TRACKING,,0.000219652,1,-0.002034452,-0.000730981,0.050271688,0.000000000,0.000000000,0.050000000,0.002035911,-0.000736033,0.000245890,0.002178794,0.733198518
36.596541834,TRACKING,,0.002340189,1,-0.002064652,-0.000671445,0.050230506,0.000000000,0.000000000,0.050000000,0.002065639,-0.000676906,0.000204185,0.002183291,0.739203231
36.606384639,TRACKING,,0.001716852,1,-0.001954706,-0.000827642,0.050347899,0.000000000,0.000000000,0.050000000,0.001957111,-0.000831627,0.000324058,0.002151023,0.701216502
36.616475592,TRACKING,,0.001038897,1,-0.001985873,-0.000766598,0.050305512,0.000000000,0.000000000,0.050000000,0.001987774,-0.000770984,0.000281139,0.002150512,0.707383390
36.626520240,TRACKING,,0.000124668,1,-0.002018902,-0.000701693,0.050260333,0.000000000,0.000000000,0.050000000,0.002020282,-0.000706516,0.000235385,0.002153163,0.714298660
36.639441742,TRACKING,,0.002404304,1,-0.001904525,-0.000863961,0.050382344,0.000000000,0.000000000,0.050000000,0.001907375,-0.000867310,0.000359897,0.002125989,0.675663515
36.649342725,TRACKING,,0.001630178,1,-0.001938726,-0.000797310,0.050335748,0.000000000,0.000000000,0.050000000,0.001941019,-0.000801087,0.000312715,0.002122990,0.682755937
36.659598715,TRACKING,,0.001085202,1,-0.001972953,-0.000730496,0.050288920,0.000000000,0.000000000,0.050000000,0.001974705,-0.000734716,0.000265291,0.002123593,0.690237203
36.669608931,TRACKING,,0.000598405,1,-0.001855668,-0.000895638,0.050413204,0.000000000,0.000000000,0.050000000,0.001858913,-0.000898408,0.000392064,0.002101525,0.651446221
36.679740252,TRACKING,,0.002651265,1,-0.001891654,-0.000825508,0.050363897,0.000000000,0.000000000,0.050000000,0.001894310,-0.000828717,0.000342141,0.002095767,0.659220240
36.689787275,TRACKING,,0.000981906,1,-0.001931850,-0.000747558,0.050308988,0.000000000,0.000000000,0.050000000,0.001933869,-0.000751272,0.000286535,0.002094364,0.668253252
36.699861606,TRACKING,,0.000186408,1,-0.001811576,-0.000916498,0.050436318,0.000000000,0.000000000,0.050000000,0.001815116,-0.000918780,0.000416348,0.002076572,0.629157532
36.710065353,TRACKING,,0.001910382,1,-0.001811576,-0.000916498,0.050436318,0.000000000,0.000000000,0.050000000,0.001815116,-0.000918780,0.000416348,0.002076572,0.629157532
36.720069633,TRACKING,,0.000848927,1,-0.001851596,-0.000839360,0.050381777,0.000000000,0.000000000,0.050000000,0.001854485,-0.000842116,0.000361127,0.002068499,0.638014189
36.730211640,TRACKING,,0.002520661,1,-0.001894291,-0.000756873,0.050323330,0.000000000,0.000000000,0.050000000,0.001896506,-0.000760154,0.000301939,0.002065366,0.647958552
36.740249164,TRACKING,,0.001434271,1,-0.001773404,-0.000924801,0.050450216,0.000000000,0.000000000,0.050000000,0.001777124,-0.000926693,0.000431258,0.002050101,0.609252751
36.750387610,TRACKING,,0.000351444,1,-0.001816408,-0.000842627,0.050391902,0.000000000,0.000000000,0.050000000,0.001819435,-0.000845015,0.000372221,0.002040329,0.618894259
36.760368143,TRACKING,,0.001986370,1,-0.001861329,-0.000756640,0.050330786,0.000000000,0.000000000,0.050000000,0.001863658,-0.000759567,0.000310336,0.002036288,0.629449432
36.770454347,TRACKING,,0.000884547,1,-0.001736210,-0.000931151,0.050462678,0.000000000,0.000000000,0.050000000,0.001740084,-0.000932686,0.000444680,0.002023743,0.590071403
36.780599916,TRACKING,,0.002639392,1,-0.001781938,-0.000844493,0.050400931,0.000000000,0.000000000,0.050000000,0.001785085,-0.000846541,0.000382173,0.002012267,0.600434973
36.790619631,TRACKING,,0.001628990,1,-0.001827682,-0.000758416,0.050339512,0.000000000,0.000000000,0.050000000,0.001830130,-0.000760999,0.000319983,0.002007707,0.611212131
36.800724831,TRACKING,,0.000406060,1,-0.001697357,-0.000941846,0.050478174,0.000000000,0.000000000,0.050000000,0.001701413,-0.000943026,0.000461129,0.001999186,0.570968110
36.810806286,TRACKING,,0.002061172,1,-0.001697357,-0.000941846,0.050478174,0.000000000,0.000000000,0.050000000,0.001701413,-0.000943026,0.000461129,0.001999186,0.570968110
36.821076523,TRACKING,,0.000998528,1,-0.001743757,-0.000855224,0.050416198,0.000000000,0.000000000,0.050000000,0.001747084,-0.000856910,0.000398395,0.001986282,0.581461674
36.831387128,TRACKING,,0.002627518,1,-0.001792040,-0.000764808,0.050351414,0.000000000,0.000000000,0.050000000,0.001794635,-0.000767042,0.000332807,0.001979856,0.592935849
36.841041151,TRACKING,,0.001682419,1,-0.001659686,-0.000949714,0.050491407,0.000000000,0.000000000,0.050000000,0.001663891,-0.000950575,0.000475257,0.001974334,0.552812570
36.850999126,TRACKING,,0.000693389,1,-0.001706862,-0.000862264,0.050428678,0.000000000,0.000000000,0.050000000,0.001710334,-0.000863623,0.000411771,0.001959755,0.563410863
36.861529384,TRACKING,,0.002433987,1,-0.001756202,-0.000770469,0.050362760,0.000000000,0.000000000,0.050000000,0.001758933,-0.000772372,0.000345048,0.001951784,0.575055923
36.871394748,TRACKING,,0.001725162,1,-0.001617112,-0.000966427,0.050511188,0.000000000,0.000000000,0.050000000,0.001621535,-0.000966939,0.000495981,0.001952011,0.533869810
36.881358658,TRACKING,,0.000674392,1,-0.001665269,-0.000877876,0.050447481,0.000000000,0.000000000,0.050000000,0.001668949,-0.000878878,0.000431518,0.001934949,0.544540158
36.891799868,TRACKING,,0.002466045,1,-0.001714183,-0.000787735,0.050382574,0.000000000,0.000000000,0.050000000,0.001717135,-0.000789258,0.000365831,0.001924919,0.555930752
36.901545314,TRACKING,,0.001348785,1,-0.001571701,-0.000988799,0.050535105,0.000000000,0.000000000,0.050000000,0.001576381,-0.000988958,0.000520855,0.001932435,0.514661848
36.911633892,TRACKING,,0.000205405,1,-0.001621492,-0.000897594,0.050469269,0.000000000,0.000000000,0.050000000,0.001625405,-0.000898240,0.000454254,0.001911838,0.525519588
36.921702286,TRACKING,,0.001919882,1,-0.001621492,-0.000897594,0.050469269,0.000000000,0.000000000,0.050000000,0.001625405,-0.000898240,0.000454254,0.001911838,0.525519588
36.931847856,TRACKING,,0.000746818,1,-0.001670408,-0.000808406,0.050404852,0.000000000,0.000000000,0.050000000,0.001673598,-0.000809553,0.000389075,0.001899391,0.536707864
36.941977990,TRACKING,,0.002439923,1,-0.001523664,-0.001015212,0.050561982,0.000000000,0.000000000,0.050000000,0.001528628,-0.001015020,0.000548691,0.001915211,0.495399502
36.952213795,TRACKING,,0.001334537,1,-0.001572757,-0.000925720,0.050497278,0.000000000,0.000000000,0.050000000,0.001576966,-0.000925987,0.000483255,0.001891510,0.505737624
36.962137337,TRACKING,,0.000111607,1,-0.001623003,-0.000833887,0.050430793,0.000000000,0.000000000,0.050000000,0.001626465,-0.000834649,0.000416007,0.001874857,0.516986125
36.972269846,TRACKING,,0.001626616,1,-0.001472599,-0.001044813,0.050591401,0.000000000,0.000000000,0.050000000,0.001477870,-0.001044274,0.000579077,0.001899984,0.475999767
36.982321618,TRACKING,,0.000368066,1,-0.001523094,-0.000952501,0.050524454,0.000000000,0.000000000,0.050000000,0.001527583,-0.000952411,0.000511397,0.001871396,0.486323944
36.992405447,TRACKING,,0.002114601,1,-0.001575189,-0.000856766,0.050454958,0.000000000,0.000000000,0.050000000,0.001578900,-0.000857167,0.000441129,0.001849934,0.497725057
37.002480965,TRACKING,,0.001012776,1,-0.001418225,-0.001077960,0.050623491,0.000000000,0.000000000,0.050000000,0.001423829,-0.001077078,0.000612140,0.001887353,0.456644874
37.012722707,TRACKING,,0.000072425,1,-0.001469513,-0.000983978,0.050555089,0.000000000,0.000000000,0.050000000,0.001474318,-0.000983529,0.000543013,0.001853593,0.466736782
37.022767355,TRACKING,,0.001852204,1,-0.001469513,-0.000983978,0.050555089,0.000000000,0.000000000,0.050000000,0.001474318,-0.000983529,0.000543013,0.001853593,0.466736782
37.032910550,TRACKING,,0.000670830,1,-0.001519910,-0.000891948,0.050488073,0.000000000,0.000000000,0.050000000,0.001523961,-0.000891947,0.000475273,0.001828636,0.477347682
37.045535224,TRACKING,,0.004681566,1,-0.001360116,-0.001115905,0.050659131,0.000000000,0.000000000,0.050000000,0.001366090,-0.001114686,0.000648758,0.001878727,0.437426647
37.055521693,TRACKING,,0.000016623,1,-0.001409453,-0.001026285,0.050593796,0.000000000,0.000000000,0.050000000,0.001414658,-0.001025454,0.000582752,0.001841850,0.446454371
37.065623332,TRACKING,,0.002557467,1,-0.001462527,-0.000928199,0.050522191,0.000000000,0.000000000,0.050000000,0.001466924,-0.000927814,0.000510407,0.001809205,0.457133456
37.075504131,TRACKING,,0.002057609,1,-0.001291664,-0.001167516,0.050705219,0.000000000,0.000000000,0.050000000,0.001298128,-0.001165928,0.000695917,0.001878516,0.417126977
37.085542843,TRACKING,,0.001496011,1,-0.001340838,-0.001077201,0.050639183,0.000000000,0.000000000,0.050000000,0.001346519,-0.001075969,0.000629237,0.001834874,0.425404332
37.095612424,TRACKING,,0.000620964,1,-0.001392128,-0.000982356,0.050569764,0.000000000,0.000000000,0.050000000,0.001397018,-0.000981523,0.000559130,0.001796573,0.434955810
37.105718812,TRACKING,,0.000015435,1,-0.001228545,-0.001210364,0.050744616,0.000000000,0.000000000,0.050000000,0.001235418,-0.001208482,0.000736254,0.001878499,0.399358723
37.115751587,TRACKING,,0.002183465,1,-0.001278281,-0.001119051,0.050677650,0.000000000,0.000000000,0.050000000,0.001284356,-0.001117502,0.000668660,0.001829067,0.406921960
37.125895969,TRACKING,,0.001571999,1,-0.001328226,-0.001027430,0.050610388,0.000000000,0.000000000,0.050000000,0.001333529,-0.001026238,0.000600755,0.001786720,0.415439267
37.135918058,TRACKING,,0.001078078,1,-0.001151351,-0.001276202,0.050801272,0.000000000,0.000000000,0.050000000,0.001158836,-0.001273988,0.000793972,0.001896401,0.380784057
37.148434687,TRACKING,,0.005498436,1,-0.001201145,-0.001184858,0.050734074,0.000000000,0.000000000,0.050000000,0.001207818,-0.001182941,0.000726175,0.001839974,0.387165135
37.158281054,TRACKING,,0.001086390,1,-0.001255336,-0.001085928,0.050661235,0.000000000,0.000000000,0.050000000,0.001261159,-0.001084362,0.000652669,0.001786712,0.395228650
37.168303143,TRACKING,,0.000580595,1,-0.001073598,-0.001341230,0.050857537,0.000000000,0.000000000,0.050000000,0.001081686,-0.001338741,0.000851240,0.001920126,0.364111503
37.178594752,TRACKING,,0.000033245,1,-0.001122395,-0.001251933,0.050791643,0.000000000,0.000000000,0.050000000,0.001129675,-0.001249699,0.000784788,0.001858441,0.369010030
37.188652460,TRACKING,,0.001775029,1,-0.001173479,-0.001158407,0.050722581,0.000000000,0.000000000,0.050000000,0.001179941,-0.001156466,0.000715129,0.001800301,0.375267016
37.198779032,TRACKING,,0.000618588,1,-0.000989588,-0.001415853,0.050921111,0.000000000,0.000000000,0.050000000,0.000998368,-0.001413121,0.000915817,0.001957644,0.349276431
37.208919852,TRACKING,,0.002287948,1,-0.000989588,-0.001415853,0.050921111,0.000000000,0.000000000,0.050000000,0.000998368,-0.001413121,0.000915817,0.001957644,0.349276431
37.218965688,TRACKING,,0.001205121,1,-0.001041333,-0.001321025,0.050850909,0.000000000,0.000000000,0.050000000,0.001049241,-0.001318523,0.000845055,0.001885080,0.352786449
37.228991339,TRACKING,,0.000049867,1,-0.001094608,-0.001222604,0.050777963,0.000000000,0.000000000,0.050000000,0.001101642,-0.001220368,0.000771518,0.001816082,0.357801694
37.239136908,TRACKING,,0.001753658,1,-0.000908762,-0.001480012,0.050977028,0.000000000,0.000000000,0.050000000,0.000918147,-0.001477115,0.000972627,0.001992704,0.337507372
37.249320471,TRACKING,,0.003516814,1,-0.000961643,-0.001382547,0.050904690,0.000000000,0.000000000,0.050000000,0.000970118,-0.001379847,0.000899750,0.001911716,0.339264740
37.259305754,TRACKING,,0.001302480,1,-0.001021557,-0.001271539,0.050822208,0.000000000,0.000000000,0.050000000,0.001029035,-0.001269095,0.000816638,0.001826586,0.343040617
37.269224547,TRACKING,,0.000721885,1,-0.000827834,-0.001541161,0.051031034,0.000000000,0.000000000,0.050000000,0.000837799,-0.001538163,0.001027457,0.002030645,0.328536973
37.279214578,TRACKING,,0.000143664,1,-0.000878875,-0.001446482,0.050960535,0.000000000,0.000000000,0.050000000,0.000887945,-0.001443634,0.000956469,0.001946114,0.328321219
37.289271100,TRACKING,,0.002244017,1,-0.000929725,-0.001352234,0.050890307,0.000000000,0.000000000,0.050000000,0.000937932,-0.001349562,0.000885740,0.001866968,0.329513570
37.299378675,TRACKING,,0.001644425,1,-0.000731859,-0.001627295,0.051103875,0.000000000,0.000000000,0.050000000,0.000742651,-0.001624227,0.001101182,0.002098153,0.323480385
37.309590734,TRACKING,,0.001175438,1,-0.000781417,-0.001535832,0.051035567,0.000000000,0.000000000,0.050000000,0.000791323,-0.001532864,0.001032437,0.002010421,0.320886571
37.319695934,TRACKING,,0.000372815,1,-0.000832546,-0.001440915,0.050964632,0.000000000,0.000000000,0.050000000,0.000841563,-0.001438077,0.000961035,0.001923508,0.319632487
37.329751268,TRACKING,,0.002036238,1,-0.000832546,-0.001440915,0.050964632,0.000000000,0.000000000,0.050000000,0.000841563,-0.001438077,0.000961035,0.001923508,0.319632487
37.340023880,TRACKING,,0.001136257,1,-0.000632665,-0.001717033,0.051179765,0.000000000,0.000000000,0.050000000,0.000644329,-0.001713978,0.001177893,0.002177226,0.323114835
37.350051905,TRACKING,,0.000021372,1,-0.000681544,-0.001626934,0.051112382,0.000000000,0.000000000,0.050000000,0.000692313,-0.001623932,0.001110116,0.002085380,0.318050883
37.360293647,TRACKING,,0.001708540,1,-0.000734336,-0.001528748,0.051038854,0.000000000,0.000000000,0.050000000,0.000744164,-0.001525831,0.001036146,0.001988854,0.314045929
37.370321673,TRACKING,,0.000580595,1,-0.000530371,-0.001809703,0.051258402,0.000000000,0.000000000,0.050000000,0.000542946,-0.001806751,0.001257279,0.002267133,0.327702798
37.380420937,TRACKING,,0.002276074,1,-0.000582091,-0.001713352,0.051186107,0.000000000,0.000000000,0.050000000,0.000593691,-0.001710408,0.001184606,0.002163621,0.319815233
37.390343292,TRACKING,,0.001279920,1,-0.000633823,-0.001617047,0.051113769,0.000000000,0.000000000,0.050000000,0.000644478,-0.001614137,0.001111874,0.002063263,0.313283487
37.400472239,TRACKING,,0.000032057,1,-0.000425954,-0.001902418,0.051337400,0.000000000,0.000000000,0.050000000,0.000439456,-0.001899669,0.001336940,0.002364164,0.337263043
37.410569128,TRACKING,,0.001841519,1,-0.000477284,-0.001806720,0.051265339,0.000000000,0.000000000,0.050000000,0.000489796,-0.001803926,0.001264542,0.002256794,0.327061814
37.420650583,TRACKING,,0.000749193,1,-0.000528238,-0.001711811,0.051193809,0.000000000,0.000000000,0.050000000,0.000539797,-0.001709000,0.001192665,0.002152792,0.318100829
37.430876889,TRACKING,,0.002373434,1,-0.000528238,-0.001711811,0.051193809,0.000000000,0.000000000,0.050000000,0.000539797,-0.001709000,0.001192665,0.002152792,0.318100829
37.440869296,TRACKING,,0.001175438,1,-0.000315851,-0.002002959,0.051422575,0.000000000,0.000000000,0.050000000,0.000330379,-0.002000522,0.001422704,0.002476959,0.352525896
37.454192108,TRACKING,,0.005624290,1,-0.000366326,-0.001908330,0.051351168,0.000000000,0.000000000,0.050000000,0.000379851,-0.001905797,0.001351009,0.002366764,0.340270803
37.461048827,TRACKING,,0.001633739,1,-0.000417531,-0.001812781,0.051278980,0.000000000,0.000000000,0.050000000,0.000430071,-0.001810175,0.001278515,0.002257498,0.328841442
37.471111285,TRACKING,,0.001091139,1,-0.000191940,-0.002123044,0.051523370,0.000000000,0.000000000,0.050000000,0.000207724,-0.002121076,0.001524040,0.002620079,0.375458956
37.481193927,TRACKING,,0.000611464,1,-0.000239071,-0.002034285,0.051456171,0.000000000,0.000000000,0.050000000,0.000253886,-0.002032170,0.001456615,0.002513146,0.362100218
37.491214829,TRACKING,,0.000084299,1,-0.000286844,-0.001944058,0.051387785,0.000000000,0.000000000,0.050000000,0.000300703,-0.001941817,0.001387988,0.002405740,0.349227787
37.501765271,TRACKING,,0.002244017,1,-0.000071623,-0.002237493,0.051619736,0.000000000,0.000000000,0.050000000,0.000088638,-0.002236112,0.001620801,0.002763159,0.401906352
37.511369427,TRACKING,,0.001535193,1,-0.000118963,-0.002147892,0.051551671,0.000000000,0.000000000,0.050000000,0.000134976,-0.002146308,0.001552552,0.002652409,0.387025842
37.521465129,TRACKING,,0.000366879,1,-0.000169406,-0.002052101,0.051478826,0.000000000,0.000000000,0.050000000,0.000184378,-0.002050327,0.001479495,0.002535102,0.371735649
37.531588139,TRACKING,,0.002094416,1,0.000053394,-0.002353069,0.051717639,0.000000000,0.000000000,0.050000000,-0.000035101,-0.002352434,0.001718979,0.002913772,0.432735195
37.541687404,TRACKING,,0.001011589,1,0.000002080,-0.002255029,0.051642887,0.000000000,0.000000000,0.050000000,0.000015093,-0.002254114,0.001644074,0.002790025,0.415324608
37.551867405,TRACKING,,0.000053429,1,0.000002080,-0.002255029,0.051642887,0.000000000,0.000000000,0.050000000,0.000015093,-0.002254114,0.001644074,0.002790025,0.415324608
37.561984479,TRACKING,,0.001754845,1,-0.000050047,-0.002154729,0.051566347,0.000000000,0.000000000,0.050000000,0.000066109,-0.002153557,0.001567363,0.002664358,0.398089589
37.572077806,TRACKING,,0.000619776,1,0.000174594,-0.002456035,0.051806274,0.000000000,0.000000000,0.050000000,-0.000155128,-0.002456260,0.001807744,0.003053722,0.464734159
37.582484584,TRACKING,,0.002304570,1,0.000121451,-0.002352905,0.051727437,0.000000000,0.000000000,0.050000000,-0.000103184,-0.002352778,0.001728796,0.002921463,0.445632946
37.592262087,TRACKING,,0.001252613,1,0.000067401,-0.002247844,0.051647027,0.000000000,0.000000000,0.050000000,-0.000050320,-0.002247389,0.001648257,0.002787480,0.426606517
37.602342355,TRACKING,,0.000169785,1,0.000292985,-0.002546666,0.051886000,0.000000000,0.000000000,0.050000000,-0.000272456,-0.002547858,0.001887466,0.003182505,0.497349147
37.612438057,TRACKING,,0.001753658,1,0.000238435,-0.002440533,0.051804600,0.000000000,0.000000000,0.050000000,-0.000219161,-0.002441303,0.001806001,0.003044607,0.476955473
37.622553943,TRACKING,,0.000661332,1,0.000184032,-0.002334921,0.051723519,0.000000000,0.000000000,0.050000000,-0.000165974,-0.002335300,0.001724839,0.002907962,0.456944803
37.632647271,TRACKING,,0.002447047,1,0.000412606,-0.002637456,0.051966248,0.000000000,0.000000000,0.050000000,-0.000390992,-0.002639749,0.001967588,0.003315502,0.531886922
37.642726351,TRACKING,,0.001466328,1,0.000358445,-0.002532450,0.051885426,0.000000000,0.000000000,0.050000000,-0.000338097,-0.002534261,0.001886752,0.003177518,0.511039280
37.653065452,TRACKING,,0.000186407,1,0.000303967,-0.002427017,0.051804211,0.000000000,0.000000000,0.050000000,-0.000284856,-0.002428372,0.001805506,0.003039406,0.490318043
37.662778840,TRACKING,,0.001994682,1,0.000303967,-0.002427017,0.051804211,0.000000000,0.000000000,0.050000000,-0.000284856,-0.002428372,0.001805506,0.003039406,0.490318043
37.672847235,TRACKING,,0.001374905,1,0.000536048,-0.002733899,0.052051243,0.000000000,0.000000000,0.050000000,-0.000513258,-0.002737455,0.002052329,0.003459645,0.569095403
37.683459417,TRACKING,,0.000053429,1,0.000484088,-0.002632724,0.051973216,0.000000000,0.000000000,0.050000000,-0.000462543,-0.002635754,0.001974338,0.003325531,0.548564731
37.693501690,TRACKING,,0.001700229,1,0.000428176,-0.002523906,0.051889194,0.000000000,0.000000000,0.050000000,-0.000407935,-0.002526401,0.001890337,0.003181586,0.526665047
37.703250698,TRACKING,,0.000689827,1,0.000661339,-0.002830240,0.052136809,0.000000000,0.000000000,0.050000000,-0.000637353,-0.002835213,0.002137506,0.003607434,0.607875745
37.713503125,TRACKING,,0.000030870,1,0.000608433,-0.002727337,0.052057185,0.000000000,0.000000000,0.050000000,-0.000585738,-0.002731710,0.002057970,0.003469952,0.586579541
37.723781673,TRACKING,,0.002043361,1,0.000555580,-0.002624609,0.051977615,0.000000000,0.000000000,0.050000000,-0.000534141,-0.002628412,0.001978471,0.003332897,0.565441042
37.733459442,TRACKING,,0.001152878,1,0.000793843,-0.002938404,0.052231983,0.000000000,0.000000000,0.050000000,-0.000768485,-0.002945021,0.002232137,0.003774407,0.650337303
37.744285341,TRACKING,,0.000473737,1,0.000740914,-0.002835454,0.052152035,0.000000000,0.000000000,0.050000000,-0.000716875,-0.002841403,0.002152331,0.003635933,0.628704509
37.754626816,TRACKING,,0.004238699,1,0.000679430,-0.002716077,0.052059256,0.000000000,0.000000000,0.050000000,-0.000656880,-0.002721285,0.002059696,0.003475519,0.603712225
37.764546797,TRACKING,,0.000528353,1,0.000920664,-0.003033535,0.052317488,0.000000000,0.000000000,0.050000000,-0.000894078,-0.003041868,0.002316974,0.003926921,0.691077117
37.774685242,TRACKING,,0.002512350,1,0.000920664,-0.003033535,0.052317488,0.000000000,0.000000000,0.050000000,-0.000894078,-0.003041868,0.002316974,0.003926921,0.691077117
37.784710893,TRACKING,,0.001811836,1,0.000867628,-0.002930812,0.052237422,0.000000000,0.000000000,0.050000000,-0.000842382,-0.002938410,0.002237103,0.003787941,0.669171906
37.794819656,TRACKING,,0.001070955,1,0.000813827,-0.002826711,0.052156174,0.000000000,0.000000000,0.050000000,-0.000789905,-0.002833594,0.002156037,0.003647149,0.647043475
37.804908234,TRACKING,,0.000394187,1,0.001055281,-0.003140767,0.052412710,0.000000000,0.000000000,0.050000000,-0.001027269,-0.003151076,0.002411357,0.004098683,0.735503345
37.815013435,TRACKING,,0.002403116,1,0.001000780,-0.003034416,0.052329570,0.000000000,0.000000000,0.050000000,-0.000974181,-0.003043899,0.002328474,0.003954256,0.712728470
37.825302669,TRACKING,,0.001753658,1,0.000945551,-0.002926543,0.052245147,0.000000000,0.000000000,0.050000000,-0.000920350,-0.002935220,0.002244292,0.003807809,0.689712981
37.835169220,TRACKING,,0.001104198,1,0.001189466,-0.003243228,0.052504797,0.000000000,0.000000000,0.050000000,-0.001160059,-0.003255663,0.002502456,0.004267009,0.780035031
37.845260173,TRACKING,,0.000423870,1,0.001133840,-0.003134343,0.052419407,0.000000000,0.000000000,0.050000000,-0.001105905,-0.003145863,0.002417385,0.004118644,0.756594387
37.855617084,TRACKING,,0.002539658,1,0.001078126,-0.003025399,0.052333888,0.000000000,0.000000000,0.050000000,-0.001051629,-0.003036034,0.002332168,0.003970193,0.733176644
37.867794142,TRACKING,,0.003756651,1,0.001323700,-0.003342573,0.052595018,0.000000000,0.000000000,0.050000000,-0.001292909,-0.003357292,0.002591539,0.004433858,0.824787207
37.877794859,TRACKING,,0.001292981,1,0.001271791,-0.003241982,0.052515894,0.000000000,0.000000000,0.050000000,-0.001242390,-0.003255777,0.002512768,0.004296233,0.802835105
37.887901248,TRACKING,,0.000584157,1,0.001214918,-0.003130631,0.052428187,0.000000000,0.000000000,0.050000000,-0.001187014,-0.003143446,0.002425429,0.004144028,0.778762646
37.898222539,TRACKING,,0.000033245,1,0.001462437,-0.003448894,0.052691263,0.000000000,0.000000000,0.050000000,-0.001430136,-0.003466138,0.002686463,0.004612644,0.871703420
37.908155580,TRACKING,,0.001829645,1,0.001406341,-0.003339421,0.052604850,0.000000000,0.000000000,0.050000000,-0.001375575,-0.003355593,0.002600491,0.004462597,0.847817160
37.918233472,TRACKING,,0.001282295,1,0.001348608,-0.003226876,0.052515927,0.000000000,0.000000000,0.050000000,-0.001319385,-0.003241979,0.002512002,0.004308290,0.823276099
37.928411099,TRACKING,,0.000677955,1,0.001292245,-0.003116593,0.052428786,0.000000000,0.000000000,0.050000000,-0.001264498,-0.003130684,0.002425265,0.004157169,0.799321403
37.938474744,TRACKING,,0.000032058,1,0.001543245,-0.003439756,0.052696762,0.000000000,0.000000000,0.050000000,-0.001511053,-0.003458509,0.002691001,0.004635305,0.893976254
37.948578757,TRACKING,,0.002005367,1,0.001487749,-0.003331752,0.052611276,0.000000000,0.000000000,0.050000000,-0.001457071,-0.003349401,0.002605991,0.004486951,0.870272952
37.958692269,TRACKING,,0.000930852,1,0.001431004,-0.003221575,0.052524019,0.000000000,0.000000000,0.050000000,-0.001401835,-0.003238128,0.002519201,0.004335549,0.846075722
37.968913827,TRACKING,,0.000048679,1,0.001431004,-0.003221575,0.052524019,0.000000000,0.000000000,0.050000000,-0.001401835,-0.003238128,0.002519201,0.004335549,0.846075722
37.979010716,TRACKING,,0.002105102,1,0.001682642,-0.003543882,0.052792510,0.000000000,0.000000000,0.050000000,-0.001648955,-0.003565430,0.002785167,0.004815444,0.941380702
37.989273829,TRACKING,,0.001594559,1,0.001630345,-0.003442506,0.052712157,0.000000000,0.000000000,0.050000000,-0.001598111,-0.003462940,0.002705319,0.004675967,0.918965877
37.999090514,TRACKING,,0.000561598,1,0.001577368,-0.003339648,0.052630505,0.000000000,0.000000000,0.050000000,-0.001546576,-0.003358984,0.002624162,0.004534412,0.896270577
38.009154159,TRACKING,,0.002158530,1,0.001830679,-0.003662310,0.052900426,0.000000000,0.000000000,0.050000000,-0.001795265,-0.003687017,0.002891246,0.005017606,0.992501772
38.019327036,TRACKING,,0.000985468,1,0.001774724,-0.003553292,0.052813702,0.000000000,0.000000000,0.050000000,-0.001740902,-0.003576727,0.002805125,0.004867488,0.968404788
38.029593711,TRACKING,,0.000048679,1,0.001717423,-0.003440934,0.052724172,0.000000000,0.000000000,0.050000000,-0.001685201,-0.003463101,0.002716195,0.004712821,0.943707720
38.039695350,TRACKING,,0.001843894,1,0.001971933,-0.003763594,0.052995198,0.000000000,0.000000000,0.050000000,-0.001935004,-0.003791485,0.002984086,0.005198496,1.040669935
38.049793427,TRACKING,,0.000753942,1,0.001914670,-0.003651834,0.052905899,0.000000000,0.000000000,0.050000000,-0.001879396,-0.003678347,0.002895469,0.005044413,1.015943346
38.060026857,TRACKING,,0.002540845,1,0.001856202,-0.003537120,0.052814115,0.000000000,0.000000000,0.050000000,-0.001822585,-0.003562259,0.002804361,0.004886301,0.990678581
38.070127309,TRACKING,,0.001652737,1,0.002113207,-0.003862418,0.053088318,0.000000000,0.000000000,0.050000000,-0.002074760,-0.003893668,0.003075116,0.005377883,1.088849071
38.079955866,TRACKING,,0.000999716,1,0.002056103,-0.003751206,0.052999074,0.000000000,0.000000000,0.050000000,-0.002019327,-0.003781002,0.002986618,0.005224323,1.064164853
38.090121620,TRACKING,,0.000534290,1,0.001999762,-0.003640931,0.052910497,0.000000000,0.000000000,0.050000000,-0.001964606,-0.003669327,0.002898756,0.005072122,1.039789710
38.100296872,TRACKING,,0.002494539,1,0.001999762,-0.003640931,0.052910497,0.000000000,0.000000000,0.050000000,-0.001964606,-0.003669327,0.002898756,0.005072122,1.039789710
38.110297589,TRACKING,,0.001941253,1,0.002258419,-0.003967313,0.053186749,0.000000000,0.000000000,0.050000000,-0.002218327,-0.004002204,0.003171244,0.005567351,1.138798655
38.120367171,TRACKING,,0.001462767,1,0.002203834,-0.003861078,0.053101322,0.000000000,0.000000000,0.050000000,-0.002165369,-0.003894501,0.003086591,0.005420609,1.115161663
38.130461686,TRACKING,,0.000802622,1,0.002148126,-0.003752533,0.053013900,0.000000000,0.000000000,0.050000000,-0.002111288,-0.003784489,0.002999940,0.005270630,1.091040940
38.140557388,TRACKING,,0.000296828,1,0.002406147,-0.004075200,0.053288347,0.000000000,0.000000000,0.050000000,-0.002364335,-0.004113986,0.003270330,0.005762814,1.189834879
38.150638843,TRACKING,,0.002113413,1,0.002349764,-0.003964984,0.053199388,0.000000000,0.000000000,0.050000000,-0.002309666,-0.004002173,0.003182236,0.005610577,1.165354146
38.160753542,TRACKING,,0.001162377,1,0.002290094,-0.003848431,0.053105185,0.000000000,0.000000000,0.050000000,-0.002251770,-0.003883966,0.003088927,0.005449507,1.139463167
38.170857555,TRACKING,,0.000192345,1,0.002547267,-0.004167381,0.053377792,0.000000000,0.000000000,0.050000000,-0.002503946,-0.004210057,0.003357199,0.005938444,1.237935197
38.180942572,TRACKING,,0.001910383,1,0.002487064,-0.004050005,0.053282675,0.000000000,0.000000000,0.050000000,-0.002445593,-0.004090893,0.003263073,0.005776156,1.211791878
38.191041836,TRACKING,,0.000851302,1,0.002425916,-0.003931154,0.053186253,0.000000000,0.000000000,0.050000000,-0.002386278,-0.003970266,0.003167635,0.005611706,1.185269650
38.201167221,TRACKING,,0.002599023,1,0.002683472,-0.004249561,0.053459534,0.000000000,0.000000000,0.050000000,-0.002638779,-0.004296146,0.003436296,0.006101488,1.283973617
38.211215431,TRACKING,,0.001574374,1,0.002622047,-0.004130515,0.053362662,0.000000000,0.000000000,0.050000000,-0.002579252,-0.004175198,0.003340504,0.005936647,1.257325298
38.221308759,TRACKING,,0.000493922,1,0.002560708,-0.004011945,0.053266089,0.000000000,0.000000000,0.050000000,-0.002519766,-0.004054765,0.003244984,0.005772371,1.230740320
38.231317787,TRACKING,,0.002096791,1,0.002560708,-0.004011945,0.053266089,0.000000000,0.000000000,0.050000000,-0.002519766,-0.004054765,0.003244984,0.005772371,1.230740320
38.241444360,TRACKING,,0.000999716,1,0.002818864,-0.004330065,0.053540285,0.000000000,0.000000000,0.050000000,-0.002772805,-0.004380697,0.003514274,0.006263312,1.329747215
38.251681352,TRACKING,,0.000048680,1,0.002757385,-0.004210603,0.053442828,0.000000000,0.000000000,0.050000000,-0.002713254,-0.004259248,0.003417963,0.006097984,1.303031231
38.261825734,TRACKING,,0.001940066,1,0.002695038,-0.004089679,0.053344053,0.000000000,0.000000000,0.050000000,-0.002652818,-0.004136349,0.003320326,0.005930547,1.275956352
38.271965367,TRACKING,,0.000787187,1,0.002954265,-0.004408277,0.053619789,0.000000000,0.000000000,0.050000000,-0.002906859,-0.004463112,0.003590858,0.006423664,1.375414123
38.283071470,TRACKING,,0.000033245,1,0.002891388,-0.004286502,0.053520072,0.000000000,0.000000000,0.050000000,-0.002845970,-0.004339223,0.003492382,0.006255009,1.348096088
38.293119680,TRACKING,,0.002055235,1,0.002824776,-0.004157916,0.053414662,0.000000000,0.000000000,0.050000000,-0.002781413,-0.004208441,0.003388259,0.006076803,1.319186557
38.303226068,TRACKING,,0.001482951,1,0.003086610,-0.004480114,0.053694520,0.000000000,0.000000000,0.050000000,-0.003037947,-0.004539204,0.003662590,0.006576326,1.419789509
38.313371638,TRACKING,,0.000730196,1,0.003027214,-0.004366192,0.053600892,0.000000000,0.000000000,0.050000000,-0.002980434,-0.004423208,0.003570199,0.006418262,1.394040625
38.323317739,TRACKING,,0.000160287,1,0.002965431,-0.004247174,0.053502950,0.000000000,0.000000000,0.050000000,-0.002920577,-0.004302071,0.003473519,0.006253233,1.367229327
38.333639030,TRACKING,,0.002311694,1,0.003227304,-0.004568152,0.053782984,0.000000000,0.000000000,0.050000000,-0.003177097,-0.004631956,0.003747734,0.006752368,1.467851981
38.343534077,TRACKING,,0.001693105,1,0.003166453,-0.004451532,0.053686738,0.000000000,0.000000000,0.050000000,-0.003118196,-0.004513128,0.003652824,0.006590493,1.441470559
38.353619094,TRACKING,,0.001122008,1,0.003105699,-0.004335217,0.053590657,0.000000000,0.000000000,0.050000000,-0.003059349,-0.004394648,0.003558053,0.006429019,1.415140655
38.363738542,TRACKING,,0.000592468,1,0.003366776,-0.004652812,0.053869009,0.000000000,0.000000000,0.050000000,-0.003315055,-0.004721459,0.003830314,0.006924815,1.515378196
38.373954163,TRACKING,,0.000049867,1,0.003366776,-0.004652812,0.053869009,0.000000000,0.000000000,0.050000000,-0.003315055,-0.004721459,0.003830314,0.006924815,1.515378196
38.384116354,TRACKING,,0.001951938,1,0.003304392,-0.004533150,0.053769846,0.000000000,0.000000000,0.050000000,-0.003254691,-0.004599450,0.003732592,0.006758713,1.488320856
38.394158628,TRACKING,,0.000835866,1,0.003238807,-0.004407455,0.053665529,0.000000000,0.000000000,0.050000000,-0.003191184,-0.004471331,0.003629763,0.006584196,1.459888671
38.404576091,TRACKING,,0.002487416,1,0.003493159,-0.004709739,0.053932220,0.000000000,0.000000000,0.050000000,-0.003440360,-0.004782888,0.003890252,0.007060181,1.557119365
38.414315600,TRACKING,,0.001408150,1,0.003424598,-0.004577668,0.053822394,0.000000000,0.000000000,0.050000000,-0.003374040,-0.004648154,0.003782079,0.006877035,1.527339558
38.424374496,TRACKING,,0.000211342,1,0.003354933,-0.004443680,0.053710831,0.000000000,0.000000000,0.050000000,-0.003306600,-0.004511511,0.003672165,0.006691198,1.497097670
38.434497506,TRACKING,,0.001889012,1,0.003608021,-0.004742479,0.053975699,0.000000000,0.000000000,0.050000000,-0.003554545,-0.004819803,0.003930626,0.007163457,1.593777673
38.444559964,TRACKING,,0.000788374,1,0.003538032,-0.004608293,0.053863698,0.000000000,0.000000000,0.050000000,-0.003486842,-0.004682823,0.003820379,0.006977262,1.563416728
38.456433070,TRACKING,,0.003964430,1,0.003466535,-0.004470975,0.053748951,0.000000000,0.000000000,0.050000000,-0.003417632,-0.004542703,0.003707392,0.006786834,1.532391891
38.466134586,TRACKING,,0.000233900,1,0.003722081,-0.004774574,0.054018919,0.000000000,0.000000000,0.050000000,-0.003667938,-0.004856156,0.003970660,0.007266509,1.630212928
38.476415508,TRACKING,,0.001753658,1,0.003650761,-0.004638943,0.053905296,0.000000000,0.000000000,0.050000000,-0.003598941,-0.004717601,0.003858892,0.007078078,1.599344547
38.486252377,TRACKING,,0.000289704,1,0.003576037,-0.004497825,0.053786999,0.000000000,0.000000000,0.050000000,-0.003526587,-0.004573478,0.003742501,0.006881848,1.567065481
38.496257844,TRACKING,,0.002412615,1,0.003576037,-0.004497825,0.053786999,0.000000000,0.000000000,0.050000000,-0.003526587,-0.004573478,0.003742501,0.006881848,1.567065481
38.506441407,TRACKING,,0.001953126,1,0.003833532,-0.004805273,0.054061324,0.000000000,0.000000000,0.050000000,-0.003778764,-0.004891118,0.004009849,0.007367562,1.665765019
38.516600037,TRACKING,,0.000772939,1,0.003769161,-0.004684718,0.053960156,0.000000000,0.000000000,0.050000000,-0.003716481,-0.004767853,0.003910414,0.007199721,1.638008937
38.527060243,TRACKING,,0.002449422,1,0.003698767,-0.004552246,0.053848820,0.000000000,0.000000000,0.050000000,-0.003648332,-0.004632466,0.003800943,0.007015500,1.607616799
38.536713079,TRACKING,,0.001068580,1,0.003952821,-0.004852668,0.054118393,0.000000000,0.000000000,0.050000000,-0.003897157,-0.004943222,0.004063380,0.007492285,1.704818209
38.546843213,TRACKING,,0.000045118,1,0.003881965,-0.004720130,0.054006734,0.000000000,0.000000000,0.050000000,-0.003828608,-0.004807621,0.003953698,0.007307749,1.674265915
38.556936541,TRACKING,,0.001714476,1,0.003811758,-0.004589346,0.053896436,0.000000000,0.000000000,0.050000000,-0.003760633,-0.004673856,0.003845325,0.007125575,1.644026422
38.567035805,TRACKING,,0.000553286,1,0.004066545,-0.004891433,0.054168512,0.000000000,0.000000000,0.050000000,-0.004010145,-0.004986576,0.004110012,0.007605222,1.741627828
38.577059081,TRACKING,,0.002216709,1,0.003995664,-0.004760093,0.054057415,0.000000000,0.000000000,0.050000000,-0.003941563,-0.004852096,0.004000960,0.007422023,1.711137039
38.587139349,TRACKING,,0.001167126,1,0.003927473,-0.004634372,0.053950982,0.000000000,0.000000000,0.050000000,-0.003875532,-0.004723403,0.003896462,0.007246565,1.681842313
38.597239800,TRACKING,,0.000544975,1,0.004184335,-0.004939611,0.054226756,0.000000000,0.000000000,0.050000000,-0.004127036,-0.005039642,0.004164549,0.007731357,1.780295137
38.607423363,TRACKING,,0.000033245,1,0.004184335,-0.004939611,0.054226756,0.000000000,0.000000000,0.050000000,-0.004127036,-0.005039642,0.004164549,0.007731357,1.780295137
38.617539250,TRACKING,,0.002024365,1,0.004117618,-0.004816891,0.054122508,0.000000000,0.000000000,0.050000000,-0.004062482,-0.004913890,0.004062293,0.007559913,1.751650250
38.627645638,TRACKING,,0.001523320,1,0.004049360,-0.004691444,0.054015789,0.000000000,0.000000000,0.050000000,-0.003996391,-0.004785389,0.003957580,0.007384682,1.722355445
38.637833951,TRACKING,,0.000911854,1,0.004304394,-0.004992482,0.054288928,0.000000000,0.000000000,0.050000000,-0.004246097,-0.005097634,0.004222839,0.007864324,1.820023182
38.647784801,TRACKING,,0.000359755,1,0.004235198,-0.004864338,0.054179673,0.000000000,0.000000000,0.050000000,-0.004179166,-0.004966264,0.004115720,0.007685594,1.790254335
38.657855570,TRACKING,,0.002374621,1,0.004165218,-0.004734753,0.054069055,0.000000000,0.000000000,0.050000000,-0.004111431,-0.004833467,0.004007228,0.007504941,1.760150104
38.667978580,TRACKING,,0.001751283,1,0.004417630,-0.005029572,0.054337943,0.000000000,0.000000000,0.050000000,-0.004358596,-0.005139639,0.004268084,0.007976829,1.856620987
38.678067159,TRACKING,,0.001170688,1,0.004348678,-0.004902856,0.054229545,0.000000000,0.000000000,0.050000000,-0.004291899,-0.005009633,0.004161878,0.007799875,1.827015566
38.689021286,TRACKING,,0.002526597,1,0.004273552,-0.004764198,0.054110763,0.000000000,0.000000000,0.050000000,-0.004219185,-0.004867446,0.004045448,0.007606523,1.794725043
38.698310805,TRACKING,,0.001563688,1,0.004522110,-0.005052056,0.054374747,0.000000000,0.000000000,0.050000000,-0.004462610,-0.005166724,0.004301306,0.008069149,1.889593510
38.708477746,TRACKING,,0.001309604,1,0.004455891,-0.004931271,0.054271033,0.000000000,0.000000000,0.050000000,-0.004398546,-0.005042713,0.004199756,0.007900260,1.861220991
38.718622128,TRACKING,,0.000261209,1,0.004382392,-0.004797571,0.054156107,0.000000000,0.000000000,0.050000000,-0.004327390,-0.004905487,0.004087195,0.007713318,1.829752213
38.728550419,TRACKING,,0.002412615,1,0.004632397,-0.005088101,0.054423411,0.000000000,0.000000000,0.050000000,-0.004572200,-0.005207762,0.004346107,0.008180124,1.925257098
38.738568946,TRACKING,,0.002013679,1,0.004562962,-0.004962131,0.054314801,0.000000000,0.000000000,0.050000000,-0.004505020,-0.005078338,0.004239830,0.008003804,1.895549773
38.748657525,TRACKING,,0.001458018,1,0.004493296,-0.004835982,0.054205941,0.000000000,0.000000000,0.050000000,-0.004437573,-0.004948773,0.004133276,0.007827284,1.865758734
38.758938448,TRACKING,,0.000286142,1,0.004420370,-0.004704378,0.054092377,0.000000000,0.000000000,0.050000000,-0.004366921,-0.004813647,0.004022088,0.007643193,1.834596064
38.768823996,TRACKING,,0.001956687,1,0.004420370,-0.004704378,0.054092377,0.000000000,0.000000000,0.050000000,-0.004366921,-0.004813647,0.004022088,0.007643193,1.834596064
38.778970753,TRACKING,,0.000832305,1,0.004668766,-0.004992579,0.054358562,0.000000000,0.000000000,0.050000000,-0.004610247,-0.005113589,0.004279850,0.008106805,1.929471159
38.789256425,TRACKING,,0.002486228,1,0.004597162,-0.004863342,0.054246979,0.000000000,0.000000000,0.050000000,-0.004540934,-0.004980765,0.004170698,0.007926085,1.898859721
38.799147909,TRACKING,,0.001364220,1,0.004525683,-0.004734664,0.054135773,0.000000000,0.000000000,0.050000000,-0.004471694,-0.004848561,0.004061882,0.007746191,1.868318802
38.809249548,TRACKING,,0.000282580,1,0.004774373,-0.005023605,0.054403701,0.000000000,0.000000000,0.050000000,-0.004715297,-0.005149501,0.004321162,0.008211201,1.963353395
38.819307257,TRACKING,,0.001951939,1,0.004703580,-0.004896670,0.054293743,0.000000000,0.000000000,0.050000000,-0.004646765,-0.005018949,0.004213668,0.008033509,1.933130022
38.829394648,TRACKING,,0.000803809,1,0.004632776,-0.004770149,0.054184015,0.000000000,0.000000000,0.050000000,-0.004578173,-0.004888861,0.004106370,0.007856393,1.902927755
38.839710003,TRACKING,,0.002549156,1,0.004880095,-0.005056222,0.054450448,0.000000000,0.000000000,0.050000000,-0.004820443,-0.005187110,0.004363991,0.008317884,1.997351453
38.849563494,TRACKING,,0.001475828,1,0.004809105,-0.004929917,0.054340535,0.000000000,0.000000000,0.050000000,-0.004751710,-0.005057106,0.004256612,0.008140750,1.967107360
38.859602205,TRACKING,,0.000394187,1,0.004738204,-0.004804114,0.054230938,0.000000000,0.000000000,0.050000000,-0.004683015,-0.004927661,0.004149513,0.007964353,1.936921571
38.869553055,TRACKING,,0.002118163,1,0.004738204,-0.004804114,0.054230938,0.000000000,0.000000000,0.050000000,-0.004683015,-0.004927661,0.004149513,0.007964353,1.936921571
38.879767489,TRACKING,,0.000968846,1,0.004984317,-0.005088400,0.054496675,0.000000000,0.000000000,0.050000000,-0.004924096,-0.005224308,0.004406270,0.008423498,2.030913498
38.889879813,TRACKING,,0.002756935,1,0.004913210,-0.004961908,0.054386223,0.000000000,0.000000000,0.050000000,-0.004855254,-0.005094037,0.004298420,0.008246158,2.000616585
38.899960081,TRACKING,,0.001351160,1,0.005156635,-0.005240520,0.054648119,0.000000000,0.000000000,0.050000000,-0.005093649,-0.005385274,0.004551100,0.008698215,2.093389208
38.910001167,TRACKING,,0.000290891,1,0.005081833,-0.005107627,0.054531555,0.000000000,0.000000000,0.050000000,-0.005021266,-0.005248281,0.004437376,0.008511632,2.061537405
38.920028005,TRACKING,,0.002414990,1,0.005008479,-0.004977667,0.054417384,0.000000000,0.000000000,0.050000000,-0.004950232,-0.005114357,0.004325953,0.008329184,2.030327138
38.930190197,TRACKING,,0.001881887,1,0.004938283,-0.004853769,0.054308489,0.000000000,0.000000000,0.050000000,-0.004882210,-0.004986718,0.004219650,0.008155292,2.000487975
38.940312020,TRACKING,,0.001300105,1,0.005183161,-0.005136196,0.054574331,0.000000000,0.000000000,0.050000000,-0.005122074,-0.005281902,0.004476162,0.008612210,2.094014725
38.950357855,TRACKING,,0.000806184,1,0.005114822,-0.005016692,0.054469103,0.000000000,0.000000000,0.050000000,-0.005055886,-0.005158639,0.004373551,0.008444021,2.065033528
38.960802627,TRACKING,,0.002521848,1,0.005043744,-0.004891838,0.054359035,0.000000000,0.000000000,0.050000000,-0.004987010,-0.005029925,0.004266170,0.008268653,2.034856734
38.970538574,TRACKING,,0.001428334,1,0.005283337,-0.005165420,0.054618070,0.000000000,0.000000000,0.050000000,-0.005221739,-0.005316212,0.004515873,0.008713310,2.126179957
38.980629527,TRACKING,,0.000218465,1,0.005210273,-0.005038355,0.054505744,0.000000000,0.000000000,0.050000000,-0.005150966,-0.005185059,0.004406405,0.008534266,2.095241826
38.991063613,TRACKING,,0.001956688,1,0.005210273,-0.005038355,0.054505744,0.000000000,0.000000000,0.050000000,-0.005150966,-0.005185059,0.004406405,0.008534266,2.095241826
39.000812620,TRACKING,,0.000772939,1,0.005136832,-0.004910295,0.054392415,0.000000000,0.000000000,0.050000000,-0.005079788,-0.005052945,0.004295911,0.008354121,2.064121041
39.010945129,TRACKING,,0.002500476,1,0.005372950,-0.005177169,0.054646228,0.000000000,0.000000000,0.050000000,-0.005311155,-0.005332534,0.004540354,0.008789715,2.153955153
39.021180934,TRACKING,,0.001493637,1,0.005298822,-0.005047790,0.054531448,0.000000000,0.000000000,0.050000000,-0.005239354,-0.005198942,0.004428532,0.008607655,2.122535055
39.031079543,TRACKING,,0.000385876,1,0.005223236,-0.004915782,0.054414155,0.000000000,0.000000000,0.050000000,-0.005166093,-0.005062698,0.004314214,0.008422106,2.090491712
39.041146750,TRACKING,,0.002043362,1,0.005455289,-0.005175194,0.054662126,0.000000000,0.000000000,0.050000000,-0.005393535,-0.005334781,0.004552815,0.008847499,2.178608483
39.051247201,TRACKING,,0.000796685,1,0.005378010,-0.005040419,0.054542014,0.000000000,0.000000000,0.050000000,-0.005318668,-0.005195555,0.004435843,0.008657870,2.145863146
39.061314408,TRACKING,,0.002647702,1,0.005299330,-0.004902835,0.054419223,0.000000000,0.000000000,0.050000000,-0.005242397,-0.005053501,0.004316204,0.008464645,2.112503984
39.071336497,TRACKING,,0.001970936,1,0.005530863,-0.005162386,0.054668035,0.000000000,0.000000000,0.050000000,-0.005469336,-0.005325861,0.004555523,0.008889950,2.200482964
39.081383519,TRACKING,,0.000759879,1,0.005454006,-0.005029573,0.054549167,0.000000000,0.000000000,0.050000000,-0.005394848,-0.005188569,0.004439828,0.008702742,2.168002660
39.091514841,TRACKING,,0.002640578,1,0.005454006,-0.005029573,0.054549167,0.000000000,0.000000000,0.050000000,-0.005394848,-0.005188569,0.004439828,0.008702742,2.168002660
39.101572549,TRACKING,,0.001728725,1,0.005375489,-0.004893821,0.054427552,0.000000000,0.000000000,0.050000000,-0.005318706,-0.005048303,0.004321410,0.008511674,2.134819009
39.111582765,TRACKING,,0.000924915,1,0.005603569,-0.005148559,0.054672743,0.000000000,0.000000000,0.050000000,-0.005542295,-0.005315816,0.004557108,0.008929847,2.221451882
39.121682030,TRACKING,,0.000447617,1,0.005525464,-0.005013618,0.054551571,0.000000000,0.000000000,0.050000000,-0.005466587,-0.005176268,0.004439210,0.008739789,2.188446791
39.131790792,TRACKING,,0.002511162,1,0.005448132,-0.004880078,0.054431511,0.000000000,0.000000000,0.050000000,-0.005391581,-0.005038229,0.004322348,0.008551935,2.155772266
39.141868685,TRACKING,,0.001738223,1,0.005673897,-0.005130842,0.054673857,0.000000000,0.000000000,0.050000000,-0.005612943,-0.005301786,0.004555164,0.008964574,2.241462144
39.151888399,TRACKING,,0.000717136,1,0.005594060,-0.004994333,0.054550875,0.000000000,0.000000000,0.050000000,-0.005535527,-0.005160518,0.004435575,0.008771963,2.207814733
39.162036343,TRACKING,,0.000029683,1,0.005513669,-0.004856610,0.054426627,0.000000000,0.000000000,0.050000000,-0.005457526,-0.005018069,0.004314699,0.008578009,2.173918851
39.172229405,TRACKING,,0.001941253,1,0.005735058,-0.005101406,0.054664312,0.000000000,0.000000000,0.050000000,-0.005674651,-0.005275534,0.004542920,0.008981706,2.257864544
39.182315609,TRACKING,,0.001278734,1,0.005655963,-0.004967485,0.054543209,0.000000000,0.000000000,0.050000000,-0.005597919,-0.005136855,0.004425222,0.008792415,2.224614332
39.192356695,TRACKING,,0.000327697,1,0.005576253,-0.004832281,0.054420780,0.000000000,0.000000000,0.050000000,-0.005520547,-0.004996922,0.004306178,0.008601676,2.191092613
39.202485642,TRACKING,,0.002418551,1,0.005794096,-0.005072554,0.054655020,0.000000000,0.000000000,0.050000000,-0.005734235,-0.005249782,0.004530993,0.008998420,2.273672211
39.212535039,TRACKING,,0.001949564,1,0.005715941,-0.004941458,0.054535981,0.000000000,0.000000000,0.050000000,-0.005658382,-0.005113943,0.004415360,0.008812781,2.240898865
39.222617681,TRACKING,,0.001277546,1,0.005637480,-0.004810283,0.054416770,0.000000000,0.000000000,0.050000000,-0.005582184,-0.004978073,0.004299521,0.008627158,2.208023745
39.232747815,TRACKING,,0.000584157,1,0.005853629,-0.005049027,0.054650175,0.000000000,0.000000000,0.050000000,-0.005794231,-0.005229429,0.004523465,0.009021185,2.289992614
39.243019239,TRACKING,,0.000046305,1,0.005853629,-0.005049027,0.054650175,0.000000000,0.000000000,0.050000000,-0.005794231,-0.005229429,0.004523465,0.009021185,2.289992614
39.253067449,TRACKING,,0.002058797,1,0.005773575,-0.004915704,0.054528614,0.000000000,0.000000000,0.050000000,-0.005716505,-0.005091206,0.004405434,0.008832138,2.256484780
39.263144155,TRACKING,,0.001385592,1,0.005692377,-0.004780652,0.054405324,0.000000000,0.000000000,0.050000000,-0.005637618,-0.004951254,0.004285676,0.008640872,2.222511588
39.273243419,TRACKING,,0.000370441,1,0.005903688,-0.005012155,0.054632576,0.000000000,0.000000000,0.050000000,-0.005844978,-0.005195183,0.004503588,0.009024189,2.302528066
39.283330810,TRACKING,,0.001963812,1,0.005817678,-0.004868805,0.054501432,0.000000000,0.000000000,0.050000000,-0.005761449,-0.005046529,0.004376275,0.008821198,2.266516089
39.293295908,TRACKING,,0.001193247,1,0.005731498,-0.004725576,0.054370272,0.000000000,0.000000000,0.050000000,-0.005677697,-0.004898064,0.004248898,0.008618608,2.230456183
39.303412982,TRACKING,,0.000408435,1,0.005937469,-0.004948803,0.054590525,0.000000000,0.000000000,0.050000000,-0.005879904,-0.005133461,0.004459980,0.008989834,2.308291158
39.313584672,TRACKING,,0.002043362,1,0.005853216,-0.004809955,0.054463097,0.000000000,0.000000000,0.050000000,-0.005798034,-0.004989395,0.004336331,0.008792897,2.273111750
39.323521275,TRACKING,,0.001125571,1,0.005766980,-0.004668587,0.054333257,0.000000000,0.000000000,0.050000000,-0.005714180,-0.004842765,0.004210303,0.008592490,2.237150046
39.333582545,TRACKING,,0.000636399,1,0.005971820,-0.004892584,0.054554772,0.000000000,0.000000000,0.050000000,-0.005915294,-0.005078937,0.004422631,0.008963591,2.314718737
39.344083120,TRACKING,,0.002686884,1,0.005891062,-0.004761344,0.054433924,0.000000000,0.000000000,0.050000000,-0.005836775,-0.004942673,0.004305431,0.008776941,2.281114817
39.353876058,TRACKING,,0.001582685,1,0.005805469,-0.004623031,0.054306497,0.000000000,0.000000000,0.050000000,-0.005753499,-0.004799113,0.004181815,0.008580315,2.245545865
39.364130860,TRACKING,,0.000417933,1,0.006006355,-0.004843495,0.054525322,0.000000000,0.000000000,0.050000000,-0.005950767,-0.005031584,0.004391561,0.008945070,2.321670250
39.374018783,TRACKING,,0.002063546,1,0.006006355,-0.004843495,0.054525322,0.000000000,0.000000000,0.050000000,-0.005950767,-0.005031584,0.004391561,0.008945070,2.321670250
39.384306830,TRACKING,,0.000983093,1,0.005921419,-0.004707307,0.054399485,0.000000000,0.000000000,0.050000000,-0.005868138,-0.004890093,0.004269586,0.008750852,2.286438061
39.394303985,TRACKING,,0.002607334,1,0.005834511,-0.004567427,0.054270044,0.000000000,0.000000000,0.050000000,-0.005783544,-0.004744862,0.004144041,0.008551969,2.250355450
39.404457866,TRACKING,,0.001608806,1,0.006029264,-0.004778301,0.054480257,0.000000000,0.000000000,0.050000000,-0.005974875,-0.004967409,0.004345411,0.008902634,2.323955900
39.414405154,TRACKING,,0.000344320,1,0.005943668,-0.004641837,0.054353761,0.000000000,0.000000000,0.050000000,-0.005891565,-0.004825585,0.004222826,0.008707989,2.288490400
39.424500857,TRACKING,,0.002044549,1,0.005855611,-0.004500956,0.054222997,0.000000000,0.000000000,0.050000000,-0.005805814,-0.004679268,0.004096030,0.008507672,2.251974160
39.434584686,TRACKING,,0.000985468,1,0.006048156,-0.004710217,0.054432139,0.000000000,0.000000000,0.050000000,-0.005995014,-0.004900105,0.004296391,0.008854953,2.324804129
39.445025895,TRACKING,,0.000047492,1,0.005961271,-0.004572392,0.054303903,0.000000000,0.000000000,0.050000000,-0.005910408,-0.004756827,0.004172142,0.008658354,2.288845057
39.454945876,TRACKING,,0.001837957,1,0.005875032,-0.004436283,0.054177198,0.000000000,0.000000000,0.050000000,-0.005826377,-0.004615386,0.004049337,0.008464372,2.253192611
39.465035641,TRACKING,,0.000733758,1,0.006064495,-0.004642987,0.054384431,0.000000000,0.000000000,0.050000000,-0.006012589,-0.004833510,0.004247895,0.008806739,2.324900173
39.475253637,TRACKING,,0.002390056,1,0.006064495,-0.004642987,0.054384431,0.000000000,0.000000000,0.050000000,-0.006012589,-0.004833510,0.004247895,0.008806739,2.324900173
39.485219922,TRACKING,,0.001263298,1,0.005979170,-0.004509446,0.054259763,0.000000000,0.000000000,0.050000000,-0.005929452,-0.004694606,0.004127158,0.008615751,2.289696320
39.495246760,TRACKING,,0.000122293,1,0.005891622,-0.004371915,0.054131189,0.000000000,0.000000000,0.050000000,-0.005844104,-0.004551651,0.004002561,0.008419713,2.253543511
39.505367396,TRACKING,,0.001906821,1,0.006075148,-0.004569748,0.054330260,0.000000000,0.000000000,0.050000000,-0.006024558,-0.004760557,0.004193206,0.008748781,2.322854751
39.515457162,TRACKING,,0.001206307,1,0.005990585,-0.004438063,0.054206936,0.000000000,0.000000000,0.050000000,-0.005942124,-0.004623552,0.004073789,0.008560481,2.287997908
39.525518432,TRACKING,,0.000597217,1,0.005904531,-0.004303397,0.054080629,0.000000000,0.000000000,0.050000000,-0.005858196,-0.004483547,0.003951404,0.008368646,2.252486597
39.535642630,TRACKING,,0.000032057,1,0.006087272,-0.004501470,0.054280273,0.000000000,0.000000000,0.050000000,-0.006037905,-0.004692668,0.004142634,0.008697060,2.321590023
39.545823819,TRACKING,,0.002094416,1,0.006003290,-0.004371406,0.054158029,0.000000000,0.000000000,0.050000000,-0.005955998,-0.004557315,0.004024283,0.008511045,2.287015132
39.555869654,TRACKING,,0.001653923,1,0.005920070,-0.004242874,0.054037131,0.000000000,0.000000000,0.050000000,-0.005874789,-0.004423615,0.003907189,0.008327523,2.252775492
39.565941610,TRACKING,,0.001038897,1,0.006100891,-0.004440236,0.054236461,0.000000000,0.000000000,0.050000000,-0.006052634,-0.004631935,0.004098165,0.008653564,2.321258195
39.576030188,TRACKING,,0.000376378,1,0.006018003,-0.004312958,0.054116438,0.000000000,0.000000000,0.050000000,-0.005971755,-0.004499431,0.003981997,0.008471306,2.287201171
39.586131827,TRACKING,,0.002140722,1,0.005931516,-0.004180672,0.053991632,0.000000000,0.000000000,0.050000000,-0.005887316,-0.004361768,0.003861155,0.008282151,2.251693466
39.596212094,TRACKING,,0.001032960,1,0.006105103,-0.004369108,0.054182814,0.000000000,0.000000000,0.050000000,-0.006058114,-0.004560726,0.004044299,0.008594028,2.317339022
39.606387347,TRACKING,,0.000047493,1,0.006105103,-0.004369108,0.054182814,0.000000000,0.000000000,0.050000000,-0.006058114,-0.004560726,0.004044299,0.008594028,2.317339022
39.616503233,TRACKING,,0.001782154,1,0.006018150,-0.004237179,0.054058011,0.000000000,0.000000000,0.050000000,-0.005973218,-0.004423318,0.003923544,0.008404717,2.281705781
39.626597748,TRACKING,,0.000656583,1,0.005931264,-0.004105609,0.053933411,0.000000000,0.000000000,0.050000000,-0.005888339,-0.004286355,0.003802929,0.008216303,2.246115423
39.636750441,TRACKING,,0.002324754,1,0.006097657,-0.004283386,0.054114573,0.000000000,0.000000000,0.050000000,-0.006052141,-0.004474196,0.003976392,0.008512257,2.308857285
39.646792715,TRACKING,,0.001314353,1,0.006009812,-0.004150667,0.053988643,0.000000000,0.000000000,0.050000000,-0.005966332,-0.004335953,0.003854549,0.008321968,2.272884882
39.656890791,TRACKING,,0.000230338,1,0.005919746,-0.004014051,0.053858828,0.000000000,0.000000000,0.050000000,-0.005878311,-0.004193756,0.003728864,0.008126903,2.235972325
39.666984119,TRACKING,,0.001954313,1,0.006082012,-0.004187532,0.054036084,0.000000000,0.000000000,0.050000000,-0.006038101,-0.004377024,0.003898624,0.008415240,2.297169476
39.677067948,TRACKING,,0.000882172,1,0.005993939,-0.004055617,0.053910490,0.000000000,0.000000000,0.050000000,-0.005952016,-0.004239591,0.003777120,0.008226012,2.261172323
39.687179086,TRACKING,,0.002058797,1,0.005900561,-0.003915587,0.053777016,0.000000000,0.000000000,0.050000000,-0.005860700,-0.004093800,0.003647916,0.008025851,2.222999360
39.697286661,TRACKING,,0.000809746,1,0.006060281,-0.004087576,0.053952951,0.000000000,0.000000000,0.050000000,-0.006018016,-0.004275390,0.003816493,0.008310301,2.283322231
39.707466662,TRACKING,,0.000157912,1,0.005972024,-0.003956532,0.053827721,0.000000000,0.000000000,0.050000000,-0.005931698,-0.004138842,0.003695350,0.008122233,2.247322941
39.717289283,TRACKING,,0.002137159,1,0.005972024,-0.003956532,0.053827721,0.000000000,0.000000000,0.050000000,-0.005931698,-0.004138842,0.003695350,0.008122233,2.247322941
39.727495405,TRACKING,,0.005322714,1,0.005887015,-0.003831065,0.053707795,0.000000000,0.000000000,0.050000000,-0.005848510,-0.004008154,0.003579299,0.007942402,2.212689398
39.737443881,TRACKING,,0.001608806,1,0.006032116,-0.003983288,0.053864956,0.000000000,0.000000000,0.050000000,-0.005991542,-0.004169044,0.003729796,0.008197005,2.267173630
39.747462408,TRACKING,,0.001142193,1,0.005947366,-0.003859295,0.053746256,0.000000000,0.000000000,0.050000000,-0.005908601,-0.004039797,0.003615001,0.008018713,2.232706435
39.757727896,TRACKING,,0.000723072,1,0.005863632,-0.003736077,0.053628146,0.000000000,0.000000000,0.050000000,-0.005826621,-0.003911459,0.003500697,0.007842442,2.198609801
39.767730988,TRACKING,,0.000200655,1,0.006018643,-0.003904340,0.053800804,0.000000000,0.000000000,0.050000000,-0.005979373,-0.004088975,0.003666255,0.008118746,2.257246348
39.777802944,TRACKING,,0.002343751,1,0.005935491,-0.003783134,0.053684424,0.000000000,0.000000000,0.050000000,-0.005897960,-0.003962628,0.003553701,0.007944630,2.223451661
39.787810785,TRACKING,,0.001252613,1,0.005849949,-0.003658723,0.053564890,0.000000000,0.000000000,0.050000000,-0.005814165,-0.003833005,0.003438047,0.007766377,2.188702017
39.797938545,TRACKING,,0.000333634,1,0.005996279,-0.003816427,0.053727500,0.000000000,0.000000000,0.050000000,-0.005958428,-0.003999408,0.003593969,0.008025879,2.243969283
39.808097175,TRACKING,,0.002303382,1,0.005911377,-0.003693934,0.053609546,0.000000000,0.000000000,0.050000000,-0.005875253,-0.003871691,0.003479908,0.007849735,2.209536531
39.818181004,TRACKING,,0.001582685,1,0.005827120,-0.003572952,0.053493007,0.000000000,0.000000000,0.050000000,-0.005792670,-0.003745601,0.003367175,0.007676094,2.175397573
39.828287392,TRACKING,,0.000871486,1,0.005973834,-0.003733781,0.053658758,0.000000000,0.000000000,0.050000000,-0.005937317,-0.003915124,0.003526242,0.007938156,2.230978256
39.838295233,TRACKING,,0.000129417,1,0.005889905,-0.003613856,0.053542935,0.000000000,0.000000000,0.050000000,-0.005855053,-0.003790060,0.003414255,0.007765522,2.197006961
39.848330383,TRACKING,,0.002063546,1,0.005889905,-0.003613856,0.053542935,0.000000000,0.000000000,0.050000000,-0.005855053,-0.003790060,0.003414255,0.007765522,2.197006961
39.858472390,TRACKING,,0.001403401,1,0.005807056,-0.003496038,0.053429126,0.000000000,0.000000000,0.050000000,-0.005773807,-0.003667242,0.003304175,0.007596255,2.163502377
39.868552657,TRACKING,,0.000681516,1,0.005949272,-0.003651751,0.053589962,0.000000000,0.000000000,0.050000000,-0.005914061,-0.003831347,0.003458554,0.007849646,2.217373953
39.878742157,TRACKING,,0.000033244,1,0.005865310,-0.003532437,0.053474474,0.000000000,0.000000000,0.050000000,-0.005831728,-0.003706916,0.003346888,0.007678017,2.183418627
39.889030204,TRACKING,,0.002017240,1,0.005780312,-0.003411419,0.053357211,0.000000000,0.000000000,0.050000000,-0.005748343,-0.003580792,0.003233439,0.007504708,2.149029250
39.898921689,TRACKING,,0.001251425,1,0.005695891,-0.003291677,0.053241182,0.000000000,0.000000000,0.050000000,-0.005665487,-0.003456054,0.003121141,0.007333729,2.114896518
39.908973461,TRACKING,,0.000353818,1,0.005830864,-0.003438425,0.053393181,0.000000000,0.000000000,0.050000000,-0.005798693,-0.003610598,0.003267134,0.007572015,2.165928819
39.919141589,TRACKING,,0.002328316,1,0.005747135,-0.003321162,0.053279452,0.000000000,0.000000000,0.050000000,-0.005716506,-0.003488341,0.003157137,0.007403680,2.132156462
39.929085315,TRACKING,,0.001490075,1,0.005663972,-0.003205166,0.053166902,0.000000000,0.000000000,0.050000000,-0.005634838,-0.003367459,0.003048238,0.007237606,2.098638445
39.939166770,TRACKING,,0.000521230,1,0.005797430,-0.003352642,0.053319726,0.000000000,0.000000000,0.050000000,-0.005766563,-0.003522605,0.003195152,0.007474690,2.149251906
39.949418010,TRACKING,,0.002433987,1,0.005713281,-0.003236184,0.053206490,0.000000000,0.000000000,0.050000000,-0.005683919,-0.003401163,0.003085645,0.007307260,2.115386425
39.959346301,TRACKING,,0.001519757,1,0.005632433,-0.003124853,0.053098198,0.000000000,0.000000000,0.050000000,-0.005604482,-0.003285114,0.002980881,0.007147576,2.082881955
39.969433692,TRACKING,,0.000321761,1,0.005759522,-0.003265573,0.053244415,0.000000000,0.000000000,0.050000000,-0.005729958,-0.003433090,0.003121500,0.007373078,2.131081861
39.979465280,TRACKING,,0.001979247,1,0.005759522,-0.003265573,0.053244415,0.000000000,0.000000000,0.050000000,-0.005729958,-0.003433090,0.003121500,0.007373078,2.131081861
39.989604913,TRACKING,,0.001265674,1,0.005676588,-0.003151909,0.053133559,0.000000000,0.000000000,0.050000000,-0.005648465,-0.003314550,0.003014296,0.007209534,2.097768965
39.999714863,TRACKING,,0.000580595,1,0.005594552,-0.003038696,0.053022963,0.000000000,0.000000000,0.050000000,-0.005567825,-0.003196583,0.002907261,0.007047765,2.064772548
40.010078897,TRACKING,,0.002565778,1,0.005715667,-0.003170816,0.053160542,0.000000000,0.000000000,0.050000000,-0.005687455,-0.003335559,0.003039547,0.007260299,2.110574983
40.019899143,TRACKING,,0.001889011,1,0.005634095,-0.003059091,0.053051226,0.000000000,0.000000000,0.050000000,-0.005607265,-0.003219075,0.002933799,0.007100074,2.077811840
40.029991284,TRACKING,,0.001066205,1,0.005551645,-0.002946169,0.052940603,0.000000000,0.000000000,0.050000000,-0.005526178,-0.003101417,0.002826728,0.006938863,2.044699782
40.040047805,TRACKING,,0.000024933,1,0.005663937,-0.003067608,0.053067512,0.000000000,0.000000000,0.050000000,-0.005637143,-0.003229148,0.002948770,0.007134425,2.087061643
40.050187438,TRACKING,,0.001718038,1,0.005578006,-0.002950799,0.052952829,0.000000000,0.000000000,0.050000000,-0.005552620,-0.003107380,0.002837810,0.006967106,2.052603474
40.060242771,TRACKING,,0.000660144,1,0.005492935,-0.002835530,0.052839599,0.000000000,0.000000000,0.050000000,-0.005468907,-0.002987279,0.002728206,0.006802638,2.018514088
40.070384779,TRACKING,,0.002490977,1,0.005599747,-0.002951719,0.052961255,0.000000000,0.000000000,0.050000000,-0.005574489,-0.003109386,0.002845282,0.006988479,2.058839868
40.080288137,TRACKING,,0.001433084,1,0.005514893,-0.002838322,0.052849607,0.000000000,0.000000000,0.050000000,-0.005490969,-0.002991156,0.002737265,0.006825714,2.024931001
40.090307851,TRACKING,,0.000433368,1,0.005429255,-0.002724584,0.052737501,0.000000000,0.000000000,0.050000000,-0.005406638,-0.002872620,0.002628764,0.006662888,1.990753862
40.100800115,TRACKING,,0.002302196,1,0.005429255,-0.002724584,0.052737501,0.000000000,0.000000000,0.050000000,-0.005406638,-0.002872620,0.002628764,0.006662888,1.990753862
40.110555059,TRACKING,,0.001594559,1,0.005532952,-0.002840331,0.052858538,0.000000000,0.000000000,0.050000000,-0.005509147,-0.002994052,0.002745402,0.006844873,2.030092234
40.120638888,TRACKING,,0.000548538,1,0.005452909,-0.002736734,0.052756391,0.000000000,0.000000000,0.050000000,-0.005430302,-0.002885960,0.002646633,0.006694895,1.998299755
40.130688285,TRACKING,,0.002037425,1,0.005368320,-0.002626418,0.052647489,0.000000000,0.000000000,0.050000000,-0.005346956,-0.002770964,0.002541249,0.006536523,1.964652861
40.140708000,TRACKING,,0.001576748,1,0.005464448,-0.002733903,0.052760267,0.000000000,0.000000000,0.050000000,-0.005442019,-0.002883652,0.002649995,0.006704736,2.001088372
40.150933119,TRACKING,,0.000983093,1,0.005385670,-0.002632725,0.052660342,0.000000000,0.000000000,0.050000000,-0.005364383,-0.002778108,0.002553353,0.006558514,1.969834620
40.161028821,TRACKING,,0.000389437,1,0.005305196,-0.002529232,0.052557976,0.000000000,0.000000000,0.050000000,-0.005285048,-0.002670222,0.002454291,0.006409786,1.937902052
40.171169641,TRACKING,,0.002482666,1,0.005400506,-0.002637713,0.052671606,0.000000000,0.000000000,0.050000000,-0.005379309,-0.002783807,0.002563968,0.006577270,1.974166703
40.181202416,TRACKING,,0.002076607,1,0.005321676,-0.002538031,0.052572858,0.000000000,0.000000000,0.050000000,-0.005301576,-0.002679814,0.002468465,0.006432840,1.942980688
40.191288620,TRACKING,,0.001569624,1,0.005242642,-0.002438676,0.052474344,0.000000000,0.000000000,0.050000000,-0.005223613,-0.002576204,0.002373153,0.006289262,1.911749302
40.201373636,TRACKING,,0.000954597,1,0.005332743,-0.002543055,0.052583688,0.000000000,0.000000000,0.050000000,-0.005312735,-0.002685350,0.002478802,0.006448311,1.946110568
40.211442031,TRACKING,,0.000447616,1,0.005253209,-0.002444261,0.052485480,0.000000000,0.000000000,0.050000000,-0.005234262,-0.002582268,0.002383824,0.006304619,1.914749800
40.221565041,TRACKING,,0.000030870,1,0.005173851,-0.002346276,0.052388030,0.000000000,0.000000000,0.050000000,-0.005155934,-0.002480073,0.002289545,0.006162502,1.883492263
40.231620375,TRACKING,,0.001964999,1,0.005257166,-0.002444146,0.052490690,0.000000000,0.000000000,0.050000000,-0.005238361,-0.002582292,0.002388832,0.006309927,1.915327221
40.241777817,TRACKING,,0.000803809,1,0.005174896,-0.002344169,0.052391099,0.000000000,0.000000000,0.050000000,-0.005157140,-0.002477952,0.002292530,0.006163768,1.883010758
40.252156099,TRACKING,,0.002600210,1,0.005174896,-0.002344169,0.052391099,0.000000000,0.000000000,0.050000000,-0.005157140,-0.002477952,0.002292530,0.006163768,1.883010758
40.261953787,TRACKING,,0.001814210,1,0.005091392,-0.002243098,0.052290341,0.000000000,0.000000000,0.050000000,-0.005074671,-0.002372526,0.002195054,0.006016596,1.850232198
40.272047114,TRACKING,,0.001160003,1,0.005167377,-0.002333731,0.052385522,0.000000000,0.000000000,0.050000000,-0.005149866,-0.002467058,0.002287206,0.006151325,1.879292079
40.282138067,TRACKING,,0.000586531,1,0.005086966,-0.002237350,0.052289285,0.000000000,0.000000000,0.050000000,-0.005070436,-0.002366490,0.002194126,0.006010307,1.847775940
40.292239706,TRACKING,,0.000102108,1,0.005006056,-0.002140451,0.052192447,0.000000000,0.000000000,0.050000000,-0.004990488,-0.002265447,0.002100412,0.005869323,1.816070463
40.302329472,TRACKING,,0.001640864,1,0.005075651,-0.002224214,0.052280524,0.000000000,0.000000000,0.050000000,-0.005059380,-0.002352717,0.002185762,0.005992508,1.842711403
40.312365809,TRACKING,,0.000797873,1,0.004991332,-0.002124746,0.052181058,0.000000000,0.000000000,0.050000000,-0.004976044,-0.002248945,0.002089541,0.005846790,1.809749320
40.322442514,TRACKING,,0.002293884,1,0.004908631,-0.002027216,0.052083431,0.000000000,0.000000000,0.050000000,-0.004894282,-0.002147266,0.001995043,0.005704818,1.777423997
40.332598769,TRACKING,,0.001335724,1,0.004968467,-0.002101195,0.052161556,0.000000000,0.000000000,0.050000000,-0.004953532,-0.002224196,0.002070866,0.005811455,1.800356850
40.342582864,TRACKING,,0.001737035,1,0.004876947,-0.001995541,0.052055805,0.000000000,0.000000000,0.050000000,-0.004863024,-0.002113981,0.001968555,0.005656247,1.764702429
40.352578832,TRACKING,,0.000973595,1,0.004798573,-0.001905671,0.051965857,0.000000000,0.000000000,0.050000000,-0.004785492,-0.002020274,0.001881499,0.005524715,1.734200341
40.362660287,TRACKING,,0.000528353,1,0.004860073,-0.001983668,0.052047920,0.000000000,0.000000000,0.050000000,-0.004846390,-0.002101245,0.001961248,0.005634645,1.757927903
40.372987515,TRACKING,,0.000091423,1,0.004784847,-0.001898453,0.051962533,0.000000000,0.000000000,0.050000000,-0.004771958,-0.002012363,0.001878628,0.005509122,1.728703336
40.383026226,TRACKING,,0.002200087,1,0.004784847,-0.001898453,0.051962533,0.000000000,0.000000000,0.050000000,-0.004771958,-0.002012363,0.001878628,0.005509122,1.728703336
40.393145674,TRACKING,,0.001671734,1,0.004710549,-0.001814837,0.051878779,0.000000000,0.000000000,0.050000000,-0.004698421,-0.001925182,0.001797560,0.005386345,1.699865192
40.403231878,TRACKING,,0.001108948,1,0.004766049,-0.001886683,0.051954461,0.000000000,0.000000000,0.050000000,-0.004753390,-0.001999660,0.001871191,0.005485865,1.721324252
40.413312145,TRACKING,,0.000515293,1,0.004691602,-0.001803434,0.051870975,0.000000000,0.000000000,0.050000000,-0.004679696,-0.001912855,0.001790386,0.005363213,1.692448970
40.423449404,TRACKING,,0.000032057,1,0.004616867,-0.001719788,0.051787038,0.000000000,0.000000000,0.050000000,-0.004605698,-0.001825696,0.001709098,0.005240862,1.663457850
40.433872804,TRACKING,,0.002175153,1,0.004665212,-0.001783539,0.051854383,0.000000000,0.000000000,0.050000000,-0.004653594,-0.001891691,0.001774689,0.005327659,1.682166088
40.443617062,TRACKING,,0.001649174,1,0.004592318,-0.001702987,0.051773545,0.000000000,0.000000000,0.050000000,-0.004581406,-0.001807733,0.001696419,0.005209128,1.653937101
40.453836245,TRACKING,,0.001091138,1,0.004518989,-0.001622106,0.051692353,0.000000000,0.000000000,0.050000000,-0.004508768,-0.001723482,0.001617768,0.005090830,1.625547759
40.463838149,TRACKING,,0.000543788,1,0.004446006,-0.001541990,0.051611939,0.000000000,0.000000000,0.050000000,-0.004436454,-0.001640068,0.001539839,0.004974238,1.597308675
40.473945725,TRACKING,,0.000047492,1,0.004490757,-0.001603169,0.051676556,0.000000000,0.000000000,0.050000000,-0.004480801,-0.001703245,0.001602892,0.005054492,1.614700975
40.484027179,TRACKING,,0.002160905,1,0.004421567,-0.001528840,0.051602020,0.000000000,0.000000000,0.050000000,-0.004412231,-0.001625810,0.001530697,0.004945106,1.588005865
40.494099135,TRACKING,,0.001623054,1,0.004353604,-0.001456226,0.051529223,0.000000000,0.000000000,0.050000000,-0.004344861,-0.001550194,0.001460159,0.004838696,1.561802228
40.504182964,TRACKING,,0.000819244,1,0.004393597,-0.001513275,0.051589606,0.000000000,0.000000000,0.050000000,-0.004384496,-0.001608993,0.001519171,0.004911267,1.577438668
40.514250171,TRACKING,,0.000029683,1,0.004326133,-0.001442139,0.051518266,0.000000000,0.000000000,0.050000000,-0.004317609,-0.001534897,0.001450061,0.004806280,1.551468633
40.524351810,TRACKING,,0.002109851,1,0.004258681,-0.001371433,0.051447379,0.000000000,0.000000000,0.050000000,-0.004250717,-0.001461279,0.001381365,0.004702350,1.525521624
40.534420204,TRACKING,,0.001289419,1,0.004295769,-0.001425755,0.051504849,0.000000000,0.000000000,0.050000000,-0.004287476,-0.001517189,0.001437589,0.004769799,1.540095260
40.544403112,TRACKING,,0.000755129,1,0.004230820,-0.001358376,0.051437240,0.000000000,0.000000000,0.050000000,-0.004223056,-0.001447027,0.001372076,0.004670191,1.515139708
40.554433512,TRACKING,,0.000277831,1,0.004168689,-0.001294372,0.051373048,0.000000000,0.000000000,0.050000000,-0.004161418,-0.001380401,0.001309856,0.004575874,1.491286223
40.564981580,TRACKING,,0.002416177,1,0.004168689,-0.001294372,0.051373048,0.000000000,0.000000000,0.050000000,-0.004161418,-0.001380401,0.001309856,0.004575874,1.491286223
40.574946678,TRACKING,,0.001864077,1,0.004201717,-0.001344304,0.051425922,0.000000000,0.000000000,0.050000000,-0.004194156,-0.001431716,0.001361644,0.004636252,1.504300194
40.584835788,TRACKING,,0.001359471,1,0.004142386,-0.001284494,0.051366010,0.000000000,0.000000000,0.050000000,-0.004135285,-0.001369421,0.001303600,0.004547007,1.481578673
40.595054971,TRACKING,,0.000772939,1,0.004082731,-0.001224026,0.051305369,0.000000000,0.000000000,0.050000000,-0.004076082,-0.001306489,0.001244812,0.004457681,1.458714376
40.605031942,TRACKING,,0.000184033,1,0.004108043,-0.001265083,0.051349030,0.000000000,0.000000000,0.050000000,-0.004101172,-0.001348582,0.001287652,0.004505145,1.468749706
40.615099149,TRACKING,,0.002195337,1,0.004048171,-0.001204805,0.051288524,0.000000000,0.000000000,0.050000000,-0.004041745,-0.001285853,0.001228989,0.004415828,1.445814960
40.625169917,TRACKING,,0.001524507,1,0.003988259,-0.001144522,0.051227991,0.000000000,0.000000000,0.050000000,-0.003982269,-0.001223154,0.001170271,0.004327136,1.422866105
40.635155200,TRACKING,,0.000429806,1,0.004007792,-0.001179246,0.051265110,0.000000000,0.000000000,0.050000000,-0.004001627,-0.001258658,0.001206766,0.004365034,1.430687555
40.645217657,TRACKING,,0.002131223,1,0.003947241,-0.001119091,0.051204694,0.000000000,0.000000000,0.050000000,-0.003941504,-0.001196087,0.001148165,0.004276022,1.407526244
40.655242121,TRACKING,,0.001004464,1,0.003887846,-0.001060428,0.051145795,0.000000000,0.000000000,0.050000000,-0.003882518,-0.001135092,0.001091019,0.004189594,1.384822631
40.665512358,TRACKING,,0.000028496,1,0.003900356,-0.001087815,0.051175300,0.000000000,0.000000000,0.050000000,-0.003894905,-0.001162965,0.001120124,0.004216331,1.389969236
40.675520199,TRACKING,,0.001764343,1,0.003843316,-0.001032391,0.051119666,0.000000000,0.000000000,0.050000000,-0.003838246,-0.001105328,0.001066152,0.004134073,1.368203647
40.685574346,TRACKING,,0.000155538,1,0.003785203,-0.000976440,0.051063543,0.000000000,0.000000000,0.050000000,-0.003780510,-0.001047158,0.001011694,0.004051212,1.346050463
40.695775719,TRACKING,,0.001782153,1,0.003785203,-0.000976440,0.051063543,0.000000000,0.000000000,0.050000000,-0.003780510,-0.001047158,0.001011694,0.004051212,1.346050463
40.705854799,TRACKING,,0.001060269,1,0.003793582,-0.000999626,0.051088703,0.000000000,0.000000000,0.050000000,-0.003788795,-0.001070661,0.001036586,0.004071338,1.349649158
40.715933878,TRACKING,,0.000573471,1,0.003741953,-0.000950994,0.051039949,0.000000000,0.000000000,0.050000000,-0.003737490,-0.001020083,0.000989291,0.003998512,1.330011941
40.726034330,TRACKING,,0.000036807,1,0.003691715,-0.000903703,0.050992514,0.000000000,0.000000000,0.050000000,-0.003687559,-0.000970924,0.000943256,0.003928170,1.310904249
40.736116972,TRACKING,,0.001880700,1,0.003696597,-0.000922450,0.051012903,0.000000000,0.000000000,0.050000000,-0.003692372,-0.000989853,0.000963482,0.003942299,1.313157677
40.746245919,TRACKING,,0.001080453,1,0.003646278,-0.000875914,0.050966246,0.000000000,0.000000000,0.050000000,-0.003642351,-0.000941470,0.000918210,0.003872492,1.294050839
40.756258509,TRACKING,,0.000178097,1,0.003596282,-0.000829762,0.050919945,0.000000000,0.000000000,0.050000000,-0.003592646,-0.000893508,0.000873264,0.003803689,1.275069678
40.766222420,TRACKING,,0.002195337,1,0.003594151,-0.000840933,0.050932549,0.000000000,0.000000000,0.050000000,-0.003590489,-0.000904603,0.000885901,0.003807196,1.274622959
40.776265881,TRACKING,,0.001568437,1,0.003548208,-0.000799503,0.050891041,0.000000000,0.000000000,0.050000000,-0.003544802,-0.000861534,0.000845620,0.003744721,1.257220830
40.786409075,TRACKING,,0.001111323,1,0.003503381,-0.000759417,0.050850899,0.000000000,0.000000000,0.050000000,-0.003500220,-0.000819871,0.000806658,0.003684349,1.240254659
40.796405044,TRACKING,,0.000643522,1,0.003497592,-0.000766229,0.050858884,0.000000000,0.000000000,0.050000000,-0.003494425,-0.000826483,0.000814774,0.003682110,1.238419414
40.806447317,TRACKING,,0.000172160,1,0.003454612,-0.000728625,0.050821236,0.000000000,0.000000000,0.050000000,-0.003451670,-0.000787388,0.000778241,0.003624868,1.222184826
40.816539457,TRACKING,,0.002182277,1,0.003412527,-0.000692196,0.050784791,0.000000000,0.000000000,0.050000000,-0.003409800,-0.000749518,0.000742872,0.003569366,1.206303026
40.826648220,TRACKING,,0.001151691,1,0.003370085,-0.000656076,0.050748701,0.000000000,0.000000000,0.050000000,-0.003367568,-0.000711964,0.000707853,0.003514038,1.190310828
40.836656061,TRACKING,,0.000117544,1,0.003358758,-0.000657457,0.050751114,0.000000000,0.000000000,0.050000000,-0.003356263,-0.000712967,0.000710533,0.003503952,1.186369756
40.846695960,TRACKING,,0.001818959,1,0.003358758,-0.000657457,0.050751114,0.000000000,0.000000000,0.050000000,-0.003356263,-0.000712967,0.000710533,0.003503952,1.186369756
40.856830843,TRACKING,,0.000681516,1,0.003318478,-0.000624325,0.050718069,0.000000000,0.000000000,0.050000000,-0.003316173,-0.000678497,0.000678485,0.003452203,1.171238449
40.866913485,TRACKING,,0.002339002,1,0.003278450,-0.000591700,0.050685511,0.000000000,0.000000000,0.050000000,-0.003276328,-0.000644557,0.000646907,0.003401216,1.156212075
40.877053118,TRACKING,,0.001186123,1,0.003260997,-0.000586153,0.050680723,0.000000000,0.000000000,0.050000000,-0.003258927,-0.000638445,0.000642529,0.003382463,1.149942689
40.887221246,TRACKING,,0.000112795,1,0.003222599,-0.000555793,0.050650447,0.000000000,0.000000000,0.050000000,-0.003220696,-0.000606847,0.000613175,0.003334236,1.135565343
40.897582906,TRACKING,,0.000059366,1,0.003185240,-0.000526706,0.050621469,0.000000000,0.000000000,0.050000000,-0.003183496,-0.000576570,0.000585082,0.003287765,1.121593849
40.907545630,TRACKING,,0.001827271,1,0.003165035,-0.000516914,0.050612185,0.000000000,0.000000000,0.050000000,-0.003163356,-0.000566142,0.000576263,0.003264876,1.114237403
40.917573655,TRACKING,,0.000966471,1,0.003130430,-0.000491004,0.050586429,0.000000000,0.000000000,0.050000000,-0.003128890,-0.000539150,0.000551311,0.003222511,1.101334199
40.927726348,TRACKING,,0.000132978,1,0.003096639,-0.000466203,0.050561782,0.000000000,0.000000000,0.050000000,-0.003095229,-0.000513305,0.000527439,0.003181528,1.088753252
40.938107005,TRACKING,,0.004824043,1,0.003096639,-0.000466203,0.050561782,0.000000000,0.000000000,0.050000000,-0.003095229,-0.000513305,0.000527439,0.003181528,1.088753252
40.947933188,TRACKING,,0.001025836,1,0.003061467,-0.000443130,0.050539064,0.000000000,0.000000000,0.050000000,-0.003060182,-0.000489158,0.000505516,0.003139990,1.075739481
40.957950528,TRACKING,,0.000426244,1,0.003028640,-0.000420342,0.050516475,0.000000000,0.000000000,0.050000000,-0.003027472,-0.000465379,0.000483662,0.003100983,1.063565269
40.968176834,TRACKING,,0.002467232,1,0.002998696,-0.000400053,0.050496394,0.000000000,0.000000000,0.050000000,-0.002997632,-0.000444195,0.000464243,0.003065718,1.052479683
40.980340832,TRACKING,,0.000117544,1,0.002969365,-0.000380716,0.050477286,0.000000000,0.000000000,0.050000000,-0.002968398,-0.000423991,0.000445776,0.003031481,1.041640501
40.988115341,TRACKING,,0.001846268,1,0.002937438,-0.000360326,0.050457183,0.000000000,0.000000000,0.050000000,-0.002936574,-0.000402667,0.000426364,0.002994561,1.029865950
40.998144554,TRACKING,,0.001285857,1,0.002910177,-0.000343581,0.050440703,0.000000000,0.000000000,0.050000000,-0.002909397,-0.000385133,0.000410466,0.002963343,1.019837695
41.008351864,TRACKING,,0.000736133,1,0.002884414,-0.000328381,0.050425765,0.000000000,0.000000000,0.050000000,-0.002883709,-0.000369196,0.000396073,0.002934102,1.010383986
41.018321711,TRACKING,,0.000061740,1,0.002859488,-0.000314209,0.050411869,0.000000000,0.000000000,0.050000000,-0.002858852,-0.000354315,0.000382699,0.002906034,1.001256160
41.028451845,TRACKING,,0.001772655,1,0.002834877,-0.000300736,0.050398688,0.000000000,0.000000000,0.050000000,-0.002834308,-0.000340150,0.000370028,0.002878528,0.992261245
41.038548735,TRACKING,,0.000674392,1,0.002810787,-0.000288062,0.050386324,0.000000000,0.000000000,0.050000000,-0.002810279,-0.000326804,0.000358158,0.002851797,0.983473996
41.048637313,TRACKING,,0.002371059,1,0.002810787,-0.000288062,0.050386324,0.000000000,0.000000000,0.050000000,-0.002810279,-0.000326804,0.000358158,0.002851797,0.983473996
41.058761511,TRACKING,,0.001292981,1,0.002787457,-0.000276330,0.050374894,0.000000000,0.000000000,0.050000000,-0.002787006,-0.000314427,0.000347202,0.002826096,0.974984025
41.069013938,TRACKING,,0.000191157,1,0.002765119,-0.000265532,0.050364402,0.000000000,0.000000000,0.050000000,-0.002764721,-0.000303016,0.000337160,0.002801638,0.966868214
41.078974287,TRACKING,,0.001928192,1,0.002742746,-0.000255140,0.050354294,0.000000000,0.000000000,0.050000000,-0.002742398,-0.000292016,0.000327498,0.002777279,0.958759825
41.089053367,TRACKING,,0.000765815,1,0.002720932,-0.000245374,0.050344807,0.000000000,0.000000000,0.050000000,-0.002720631,-0.000281663,0.000318442,0.002753647,0.950865029
41.099246429,TRACKING,,0.002441111,1,0.002699697,-0.000236265,0.050335952,0.000000000,0.000000000,0.050000000,-0.002699439,-0.000271986,0.000310003,0.002730759,0.943195239
41.109218651,TRACKING,,0.001325038,1,0.002679042,-0.000227741,0.050327680,0.000000000,0.000000000,0.050000000,-0.002678824,-0.000262914,0.000302131,0.002708598,0.935743382
41.119315540,TRACKING,,0.000244586,1,0.002658859,-0.000219769,0.050319936,0.000000000,0.000000000,0.050000000,-0.002658679,-0.000254411,0.000294776,0.002687041,0.928475723
41.129361376,TRACKING,,0.002063546,1,0.002639458,-0.000212392,0.050312782,0.000000000,0.000000000,0.050000000,-0.002639312,-0.000246527,0.000287992,0.002666399,0.921497341
41.139327661,TRACKING,,0.001041272,1,0.002620845,-0.000205580,0.050306185,0.000000000,0.000000000,0.050000000,-0.002620730,-0.000239233,0.000281748,0.002646666,0.914808631
41.149646578,TRACKING,,0.000102109,1,0.002602655,-0.000199190,0.050299990,0.000000000,0.000000000,0.050000000,-0.002602570,-0.000232375,0.000275895,0.002627448,0.908281885
41.159469198,TRACKING,,0.001950752,1,0.002602655,-0.000199190,0.050299990,0.000000000,0.000000000,0.050000000,-0.002602570,-0.000232375,0.000275895,0.002627448,0.908281885
41.169569650,TRACKING,,0.001405776,1,0.002585142,-0.000193256,0.050294239,0.000000000,0.000000000,0.050000000,-0.002585083,-0.000225993,0.000270470,0.002609000,0.902003848
41.179731842,TRACKING,,0.000787186,1,0.002568203,-0.000187730,0.050288858,0.000000000,0.000000000,0.050000000,-0.002568169,-0.000220037,0.000265403,0.002591206,0.895941313
41.189960523,TRACKING,,0.000113982,1,0.002551338,-0.000182383,0.050283642,0.000000000,0.000000000,0.050000000,-0.002551327,-0.000214265,0.000260497,0.002573527,0.889911019
41.200025355,TRACKING,,0.002284386,1,0.002534569,-0.000177223,0.050278595,0.000000000,0.000000000,0.050000000,-0.002534582,-0.000208685,0.000255756,0.002555986,0.883920814
41.210014199,TRACKING,,0.001715664,1,0.002518280,-0.000172356,0.050273825,0.000000000,0.000000000,0.050000000,-0.002518314,-0.000203413,0.000251281,0.002538980,0.878106029
41.220143146,TRACKING,,0.000474924,1,0.002502067,-0.000167653,0.050269211,0.000000000,0.000000000,0.050000000,-0.002502121,-0.000198309,0.000246959,0.002522087,0.872322801
41.230179483,TRACKING,,0.002181089,1,0.002485336,-0.000162949,0.050264577,0.000000000,0.000000000,0.050000000,-0.002485409,-0.000193194,0.000242623,0.002504686,0.866360890
41.240275185,TRACKING,,0.001116072,1,0.002469014,-0.000158492,0.050260184,0.000000000,0.000000000,0.050000000,-0.002469105,-0.000188339,0.000238520,0.002487739,0.860546716
41.250450437,TRACKING,,0.000077175,1,0.002452852,-0.000154219,0.050255949,0.000000000,0.000000000,0.050000000,-0.002452960,-0.000183675,0.000234570,0.002470987,0.854795397
41.260531892,TRACKING,,0.001839144,1,0.002437114,-0.000150174,0.050251933,0.000000000,0.000000000,0.050000000,-0.002437239,-0.000179251,0.000230829,0.002454699,0.849196651
41.270626407,TRACKING,,0.000698139,1,0.002421709,-0.000146321,0.050248108,0.000000000,0.000000000,0.050000000,-0.002421849,-0.000175030,0.000227271,0.002438779,0.843717601
41.280807595,TRACKING,,0.000689827,1,0.002421709,-0.000146321,0.050248108,0.000000000,0.000000000,0.050000000,-0.002421849,-0.000175030,0.000227271,0.002438779,0.843717601
41.290782192,TRACKING,,0.002468418,1,0.002404153,-0.000142063,0.050243842,0.000000000,0.000000000,0.050000000,-0.002404310,-0.000170355,0.000223308,0.002420660,0.837482535
41.300895704,TRACKING,,0.001371344,1,0.002389215,-0.000138532,0.050240308,0.000000000,0.000000000,0.050000000,-0.002389385,-0.000166472,0.000220031,0.002405263,0.832177505
41.310981908,TRACKING,,0.000207779,1,0.002374414,-0.000135109,0.050236869,0.000000000,0.000000000,0.050000000,-0.002374597,-0.000162701,0.000216844,0.002390021,0.826921941
41.321071673,TRACKING,,0.001917507,1,0.002359581,-0.000131755,0.050233470,0.000000000,0.000000000,0.050000000,-0.002359776,-0.000159002,0.000213695,0.002374761,0.821661015
41.331155502,TRACKING,,0.000717135,1,0.002345092,-0.000128548,0.050230212,0.000000000,0.000000000,0.050000000,-0.002345298,-0.000155460,0.000210681,0.002359868,0.816523163
41.341245268,TRACKING,,0.002401929,1,0.002330403,-0.000125369,0.050226957,0.000000000,0.000000000,0.050000000,-0.002330621,-0.000151943,0.000207670,0.002344783,0.811318101
41.351490572,TRACKING,,0.001275172,1,0.002316133,-0.000122343,0.050223860,0.000000000,0.000000000,0.050000000,-0.002316360,-0.000148591,0.000204810,0.002330140,0.806262657
41.361247890,TRACKING,,0.000512919,1,0.002302627,-0.000119535,0.050220984,0.000000000,0.000000000,0.050000000,-0.002302864,-0.000145477,0.000202157,0.002316293,0.801478494
41.371267605,TRACKING,,0.002638204,1,0.002302627,-0.000119535,0.050220984,0.000000000,0.000000000,0.050000000,-0.002302864,-0.000145477,0.000202157,0.002316293,0.801478494
41.381352621,TRACKING,,0.002001806,1,0.002289524,-0.000116867,0.050218225,0.000000000,0.000000000,0.050000000,-0.002289770,-0.000142513,0.000199613,0.002302868,0.796840024
41.391534997,TRACKING,,0.001401027,1,0.002276468,-0.000114253,0.050215510,0.000000000,0.000000000,0.050000000,-0.002276722,-0.000139605,0.000197111,0.002289499,0.792219122
41.401538089,TRACKING,,0.000899981,1,0.002263514,-0.000111692,0.050212835,0.000000000,0.000000000,0.050000000,-0.002263776,-0.000136756,0.000194645,0.002276241,0.787637067
41.411783393,TRACKING,,0.000454740,1,0.002250381,-0.000109127,0.050210128,0.000000000,0.000000000,0.050000000,-0.002250650,-0.000133899,0.000192149,0.002262803,0.782996303
41.421862472,TRACKING,,0.002168029,1,0.002237354,-0.000106622,0.050207472,0.000000000,0.000000000,0.050000000,-0.002237630,-0.000131106,0.000189701,0.002249481,0.778395138
41.431956987,TRACKING,,0.001270423,1,0.002223758,-0.000104044,0.050204733,0.000000000,0.000000000,0.050000000,-0.002224042,-0.000128231,0.000187179,0.002235585,0.773594480
41.442115617,TRACKING,,0.003104817,1,0.002223758,-0.000104044,0.050204733,0.000000000,0.000000000,0.050000000,-0.002224042,-0.000128231,0.000187179,0.002235585,0.773594480
41.452370419,TRACKING,,0.001070954,1,0.002223758,-0.000104044,0.050204733,0.000000000,0.000000000,0.050000000,-0.002224042,-0.000128231,0.000187179,0.002235585,0.773594480
41.462424565,TRACKING,,0.000303951,1,0.002223758,-0.000104044,0.050204733,0.000000000,0.000000000,0.050000000,-0.002224042,-0.000128231,0.000187179,0.002235585,0.773594480
41.472520268,TRACKING,,0.002521848,1,0.002223758,-0.000104044,0.050204733,0.000000000,0.000000000,0.050000000,-0.002224042,-0.000128231,0.000187179,0.002235585,0.773594480
41.482608846,TRACKING,,0.001841519,1,0.002223758,-0.000104044,0.050204733,0.000000000,0.000000000,0.050000000,-0.002224042,-0.000128231,0.000187179,0.002235585,0.773594480
41.492841089,TRACKING,,0.000585344,1,0.002223758,-0.000104044,0.050204733,0.000000000,0.000000000,0.050000000,-0.002224042,-0.000128231,0.000187179,0.002235585,0.773594480
41.502828746,TRACKING,,0.002331878,1,0.002223758,-0.000104044,0.050204733,0.000000000,0.000000000,0.050000000,-0.002224042,-0.000128231,0.000187179,0.002235585,0.773594480
41.512895953,TRACKING,,0.001442582,1,0.002223758,-0.000104044,0.050204733,0.000000000,0.000000000,0.050000000,-0.002224042,-0.000128231,0.000187179,0.002235585,0.773594480
41.522999966,TRACKING,,0.000484423,1,0.002223758,-0.000104044,0.050204733,0.000000000,0.000000000,0.050000000,-0.002224042,-0.000128231,0.000187179,0.002235585,0.773594480
41.532987623,HOLD,task_pose_stale,0.000346695,0,0.002223758,-0.000104044,0.050204733,0.000000000,0.000000000,0.050000000,-0.002224042,-0.000128231,0.000187179,0.002235585,0.773594480
41.542981217,HOLD,task_pose_stale,0.002423301,0,0.002223758,-0.000104044,0.050204733,0.000000000,0.000000000,0.050000000,-0.002224042,-0.000128231,0.000187179,0.002235585,0.773594480
41.552919007,HOLD,task_pose_stale,0.001716851,0,0.002223758,-0.000104044,0.050204733,0.000000000,0.000000000,0.050000000,-0.002224042,-0.000128231,0.000187179,0.002235585,0.773594480
41.563690289,HOLD,task_pose_stale,0.000112794,0,0.002223758,-0.000104044,0.050204733,0.000000000,0.000000000,0.050000000,-0.002224042,-0.000128231,0.000187179,0.002235585,0.773594480
41.573660136,HOLD,task_pose_stale,0.000022559,0,0.002223758,-0.000104044,0.050204733,0.000000000,0.000000000,0.050000000,-0.002224042,-0.000128231,0.000187179,0.002235585,0.773594480
41.583770086,HOLD,task_pose_stale,0.002253515,0,0.002223758,-0.000104044,0.050204733,0.000000000,0.000000000,0.050000000,-0.002224042,-0.000128231,0.000187179,0.002235585,0.773594480
41.593851541,HOLD,task_pose_stale,0.001598120,0,0.002223758,-0.000104044,0.050204733,0.000000000,0.000000000,0.050000000,-0.002224042,-0.000128231,0.000187179,0.002235585,0.773594480
41.603948430,HOLD,task_pose_stale,0.001126757,0,0.002223758,-0.000104044,0.050204733,0.000000000,0.000000000,0.050000000,-0.002224042,-0.000128231,0.000187179,0.002235585,0.773594480
41.614026323,HOLD,task_pose_stale,0.000770564,0,0.002223758,-0.000104044,0.050204733,0.000000000,0.000000000,0.050000000,-0.002224042,-0.000128231,0.000187179,0.002235585,0.773594480
41.624179016,HOLD,task_pose_stale,0.000033245,0,0.002223758,-0.000104044,0.050204733,0.000000000,0.000000000,0.050000000,-0.002224042,-0.000128231,0.000187179,0.002235585,0.773594480
41.634250972,HOLD,task_pose_stale,0.001979247,0,0.002223758,-0.000104044,0.050204733,0.000000000,0.000000000,0.050000000,-0.002224042,-0.000128231,0.000187179,0.002235585,0.773594480
41.644340738,HOLD,task_pose_stale,0.001512634,0,0.002223758,-0.000104044,0.050204733,0.000000000,0.000000000,0.050000000,-0.002224042,-0.000128231,0.000187179,0.002235585,0.773594480
41.654432878,HOLD,task_pose_stale,0.000964096,0,0.002223758,-0.000104044,0.050204733,0.000000000,0.000000000,0.050000000,-0.002224042,-0.000128231,0.000187179,0.002235585,0.773594480
41.664530955,HOLD,task_pose_stale,0.000027308,0,0.002223758,-0.000104044,0.050204733,0.000000000,0.000000000,0.050000000,-0.002224042,-0.000128231,0.000187179,0.002235585,0.773594480
41.674621908,HOLD,task_pose_stale,0.001851018,0,0.002223758,-0.000104044,0.050204733,0.000000000,0.000000000,0.050000000,-0.002224042,-0.000128231,0.000187179,0.002235585,0.773594480
41.684801909,HOLD,task_pose_stale,0.000945100,0,0.002223758,-0.000104044,0.050204733,0.000000000,0.000000000,0.050000000,-0.002224042,-0.000128231,0.000187179,0.002235585,0.773594480
41.698067731,HOLD,task_pose_stale,0.000392999,0,0.002223758,-0.000104044,0.050204733,0.000000000,0.000000000,0.050000000,-0.002224042,-0.000128231,0.000187179,0.002235585,0.773594480
41.708106442,HOLD,task_pose_stale,0.002254703,0,0.002223758,-0.000104044,0.050204733,0.000000000,0.000000000,0.050000000,-0.002224042,-0.000128231,0.000187179,0.002235585,0.773594480
41.718190271,HOLD,task_pose_stale,0.001557752,0,0.002223758,-0.000104044,0.050204733,0.000000000,0.000000000,0.050000000,-0.002224042,-0.000128231,0.000187179,0.002235585,0.773594480
41.728288348,HOLD,task_pose_stale,0.001238365,0,0.002223758,-0.000104044,0.050204733,0.000000000,0.000000000,0.050000000,-0.002224042,-0.000128231,0.000187179,0.002235585,0.773594480
41.738369803,HOLD,task_pose_stale,0.000547350,0,0.002223758,-0.000104044,0.050204733,0.000000000,0.000000000,0.050000000,-0.002224042,-0.000128231,0.000187179,0.002235585,0.773594480
41.748452445,HOLD,task_pose_stale,0.002253516,0,0.002223758,-0.000104044,0.050204733,0.000000000,0.000000000,0.050000000,-0.002224042,-0.000128231,0.000187179,0.002235585,0.773594480
41.758543398,HOLD,task_pose_stale,0.001401027,0,0.002223758,-0.000104044,0.050204733,0.000000000,0.000000000,0.050000000,-0.002224042,-0.000128231,0.000187179,0.002235585,0.773594480
41.768678281,HOLD,task_pose_stale,0.000476112,0,0.002223758,-0.000104044,0.050204733,0.000000000,0.000000000,0.050000000,-0.002224042,-0.000128231,0.000187179,0.002235585,0.773594480
41.778747863,HOLD,task_pose_stale,0.000071239,0,0.002223758,-0.000104044,0.050204733,0.000000000,0.000000000,0.050000000,-0.002224042,-0.000128231,0.000187179,0.002235585,0.773594480
41.788971794,HOLD,task_pose_stale,0.002264201,0,0.002223758,-0.000104044,0.050204733,0.000000000,0.000000000,0.050000000,-0.002224042,-0.000128231,0.000187179,0.002235585,0.773594480
41.798887025,HOLD,task_pose_stale,0.001803525,0,0.002223758,-0.000104044,0.050204733,0.000000000,0.000000000,0.050000000,-0.002224042,-0.000128231,0.000187179,0.002235585,0.773594480
41.808996975,HOLD,task_pose_stale,0.000694577,0,0.002223758,-0.000104044,0.050204733,0.000000000,0.000000000,0.050000000,-0.002224042,-0.000128231,0.000187179,0.002235585,0.773594480
41.819054684,HOLD,task_pose_stale,0.002486229,0,0.002223758,-0.000104044,0.050204733,0.000000000,0.000000000,0.050000000,-0.002224042,-0.000128231,0.000187179,0.002235585,0.773594480
41.829104081,HOLD,task_pose_stale,0.001509071,0,0.002223758,-0.000104044,0.050204733,0.000000000,0.000000000,0.050000000,-0.002224042,-0.000128231,0.000187179,0.002235585,0.773594480
41.839205720,HOLD,task_pose_stale,0.000498670,0,0.002223758,-0.000104044,0.050204733,0.000000000,0.000000000,0.050000000,-0.002224042,-0.000128231,0.000187179,0.002235585,0.773594480
41.849498516,HOLD,task_pose_stale,0.002293884,0,0.002223758,-0.000104044,0.050204733,0.000000000,0.000000000,0.050000000,-0.002224042,-0.000128231,0.000187179,0.002235585,0.773594480
41.859392375,HOLD,task_pose_stale,0.001252613,0,0.002223758,-0.000104044,0.050204733,0.000000000,0.000000000,0.050000000,-0.002224042,-0.000128231,0.000187179,0.002235585,0.773594480
41.869488077,HOLD,task_pose_stale,0.000214903,0,0.002223758,-0.000104044,0.050204733,0.000000000,0.000000000,0.050000000,-0.002224042,-0.000128231,0.000187179,0.002235585,0.773594480
41.879570719,HOLD,task_pose_stale,0.002037425,0,0.002223758,-0.000104044,0.050204733,0.000000000,0.000000000,0.050000000,-0.002224042,-0.000128231,0.000187179,0.002235585,0.773594480
41.889650986,HOLD,task_pose_stale,0.001228867,0,0.002223758,-0.000104044,0.050204733,0.000000000,0.000000000,0.050000000,-0.002224042,-0.000128231,0.000187179,0.002235585,0.773594480
41.899804867,HOLD,task_pose_stale,0.000363317,0,0.002223758,-0.000104044,0.050204733,0.000000000,0.000000000,0.050000000,-0.002224042,-0.000128231,0.000187179,0.002235585,0.773594480
41.909835267,HOLD,task_pose_stale,0.002423301,0,0.002223758,-0.000104044,0.050204733,0.000000000,0.000000000,0.050000000,-0.002224042,-0.000128231,0.000187179,0.002235585,0.773594480
41.919865667,HOLD,task_pose_stale,0.001997057,0,0.002223758,-0.000104044,0.050204733,0.000000000,0.000000000,0.050000000,-0.002224042,-0.000128231,0.000187179,0.002235585,0.773594480
41.929904379,HOLD,task_pose_stale,0.001439020,0,0.002223758,-0.000104044,0.050204733,0.000000000,0.000000000,0.050000000,-0.002224042,-0.000128231,0.000187179,0.002235585,0.773594480
41.940047573,HOLD,task_pose_stale,0.000453553,0,0.002223758,-0.000104044,0.050204733,0.000000000,0.000000000,0.050000000,-0.002224042,-0.000128231,0.000187179,0.002235585,0.773594480
41.950136152,HOLD,task_pose_stale,0.002304570,0,0.002223758,-0.000104044,0.050204733,0.000000000,0.000000000,0.050000000,-0.002224042,-0.000128231,0.000187179,0.002235585,0.773594480
41.960326839,HOLD,task_pose_stale,0.001297730,0,0.002223758,-0.000104044,0.050204733,0.000000000,0.000000000,0.050000000,-0.002224042,-0.000128231,0.000187179,0.002235585,0.773594480
41.970280064,HOLD,task_pose_stale,0.000516480,0,0.002223758,-0.000104044,0.050204733,0.000000000,0.000000000,0.050000000,-0.002224042,-0.000128231,0.000187179,0.002235585,0.773594480
41.980289092,HOLD,task_pose_stale,0.002382933,0,0.002223758,-0.000104044,0.050204733,0.000000000,0.000000000,0.050000000,-0.002224042,-0.000128231,0.000187179,0.002235585,0.773594480
41.990450097,HOLD,task_pose_stale,0.001537567,0,0.002223758,-0.000104044,0.050204733,0.000000000,0.000000000,0.050000000,-0.002224042,-0.000128231,0.000187179,0.002235585,0.773594480
42.000598041,HOLD,task_pose_stale,0.002527784,0,0.002223758,-0.000104044,0.050204733,0.000000000,0.000000000,0.050000000,-0.002224042,-0.000128231,0.000187179,0.002235585,0.773594480
42.010628441,HOLD,task_pose_stale,0.001735848,0,0.002223758,-0.000104044,0.050204733,0.000000000,0.000000000,0.050000000,-0.002224042,-0.000128231,0.000187179,0.002235585,0.773594480
42.020746702,HOLD,task_pose_stale,0.000764628,0,0.002223758,-0.000104044,0.050204733,0.000000000,0.000000000,0.050000000,-0.002224042,-0.000128231,0.000187179,0.002235585,0.773594480
42.030843591,HOLD,task_pose_stale,0.002555093,0,0.002223758,-0.000104044,0.050204733,0.000000000,0.000000000,0.050000000,-0.002224042,-0.000128231,0.000187179,0.002235585,0.773594480
42.040925046,HOLD,task_pose_stale,0.001607619,0,0.002223758,-0.000104044,0.050204733,0.000000000,0.000000000,0.050000000,-0.002224042,-0.000128231,0.000187179,0.002235585,0.773594480
42.051014812,HOLD,task_pose_stale,0.000643522,0,0.002223758,-0.000104044,0.050204733,0.000000000,0.000000000,0.050000000,-0.002224042,-0.000128231,0.000187179,0.002235585,0.773594480
42.061097453,HOLD,task_pose_stale,0.002458920,0,0.002223758,-0.000104044,0.050204733,0.000000000,0.000000000,0.050000000,-0.002224042,-0.000128231,0.000187179,0.002235585,0.773594480
42.071170597,HOLD,task_pose_stale,0.001507884,0,0.002223758,-0.000104044,0.050204733,0.000000000,0.000000000,0.050000000,-0.002224042,-0.000128231,0.000187179,0.002235585,0.773594480
42.081267486,HOLD,task_pose_stale,0.000549725,0,0.002223758,-0.000104044,0.050204733,0.000000000,0.000000000,0.050000000,-0.002224042,-0.000128231,0.000187179,0.002235585,0.773594480
42.091364376,HOLD,task_pose_stale,0.002342564,0,0.002223758,-0.000104044,0.050204733,0.000000000,0.000000000,0.050000000,-0.002224042,-0.000128231,0.000187179,0.002235585,0.773594480
42.101545565,HOLD,task_pose_stale,0.000274269,0,0.002223758,-0.000104044,0.050204733,0.000000000,0.000000000,0.050000000,-0.002224042,-0.000128231,0.000187179,0.002235585,0.773594480
42.111542720,HOLD,task_pose_stale,0.002082543,0,0.002223758,-0.000104044,0.050204733,0.000000000,0.000000000,0.050000000,-0.002224042,-0.000128231,0.000187179,0.002235585,0.773594480
42.121826017,HOLD,task_pose_stale,0.000043930,0,0.002223758,-0.000104044,0.050204733,0.000000000,0.000000000,0.050000000,-0.002224042,-0.000128231,0.000187179,0.002235585,0.773594480
42.135179700,HOLD,task_pose_stale,0.005298967,0,0.002223758,-0.000104044,0.050204733,0.000000000,0.000000000,0.050000000,-0.002224042,-0.000128231,0.000187179,0.002235585,0.773594480
42.145210100,HOLD,task_pose_stale,0.001037709,0,0.002223758,-0.000104044,0.050204733,0.000000000,0.000000000,0.050000000,-0.002224042,-0.000128231,0.000187179,0.002235585,0.773594480
42.155235751,HOLD,task_pose_stale,0.000326511,0,0.002223758,-0.000104044,0.050204733,0.000000000,0.000000000,0.050000000,-0.002224042,-0.000128231,0.000187179,0.002235585,0.773594480
42.165463245,HOLD,task_pose_stale,0.002202461,0,0.002223758,-0.000104044,0.050204733,0.000000000,0.000000000,0.050000000,-0.002224042,-0.000128231,0.000187179,0.002235585,0.773594480
42.175429530,HOLD,task_pose_stale,0.000206592,0,0.002223758,-0.000104044,0.050204733,0.000000000,0.000000000,0.050000000,-0.002224042,-0.000128231,0.000187179,0.002235585,0.773594480
42.185501486,HOLD,task_pose_stale,0.002309319,0,0.002223758,-0.000104044,0.050204733,0.000000000,0.000000000,0.050000000,-0.002224042,-0.000128231,0.000187179,0.002235585,0.773594480
42.195590065,HOLD,task_pose_stale,0.001894948,0,0.002223758,-0.000104044,0.050204733,0.000000000,0.000000000,0.050000000,-0.002224042,-0.000128231,0.000187179,0.002235585,0.773594480
42.205704764,HOLD,task_pose_stale,0.001227679,0,0.002223758,-0.000104044,0.050204733,0.000000000,0.000000000,0.050000000,-0.002224042,-0.000128231,0.000187179,0.002235585,0.773594480
42.215789780,HOLD,task_pose_stale,0.000801434,0,0.002223758,-0.000104044,0.050204733,0.000000000,0.000000000,0.050000000,-0.002224042,-0.000128231,0.000187179,0.002235585,0.773594480
42.225858174,HOLD,task_pose_stale,0.000366879,0,0.002223758,-0.000104044,0.050204733,0.000000000,0.000000000,0.050000000,-0.002224042,-0.000128231,0.000187179,0.002235585,0.773594480
42.236139097,HOLD,task_pose_stale,0.000036806,0,0.002223758,-0.000104044,0.050204733,0.000000000,0.000000000,0.050000000,-0.002224042,-0.000128231,0.000187179,0.002235585,0.773594480
42.246254984,HOLD,task_pose_stale,0.002247579,0,0.002223758,-0.000104044,0.050204733,0.000000000,0.000000000,0.050000000,-0.002224042,-0.000128231,0.000187179,0.002235585,0.773594480
42.256343562,HOLD,task_pose_stale,0.001847455,0,0.002223758,-0.000104044,0.050204733,0.000000000,0.000000000,0.050000000,-0.002224042,-0.000128231,0.000187179,0.002235585,0.773594480
42.266444013,HOLD,task_pose_stale,0.001130320,0,0.002223758,-0.000104044,0.050204733,0.000000000,0.000000000,0.050000000,-0.002224042,-0.000128231,0.000187179,0.002235585,0.773594480
42.276542090,HOLD,task_pose_stale,0.000170973,0,0.002223758,-0.000104044,0.050204733,0.000000000,0.000000000,0.050000000,-0.002224042,-0.000128231,0.000187179,0.002235585,0.773594480
42.286752962,HOLD,task_pose_stale,0.000277831,0,0.002223758,-0.000104044,0.050204733,0.000000000,0.000000000,0.050000000,-0.002224042,-0.000128231,0.000187179,0.002235585,0.773594480
42.296729933,HOLD,task_pose_stale,0.002103914,0,0.002223758,-0.000104044,0.050204733,0.000000000,0.000000000,0.050000000,-0.002224042,-0.000128231,0.000187179,0.002235585,0.773594480
42.306828010,HOLD,task_pose_stale,0.001097075,0,0.002223758,-0.000104044,0.050204733,0.000000000,0.000000000,0.050000000,-0.002224042,-0.000128231,0.000187179,0.002235585,0.773594480
42.316924899,HOLD,task_pose_stale,0.000162662,0,0.002223758,-0.000104044,0.050204733,0.000000000,0.000000000,0.050000000,-0.002224042,-0.000128231,0.000187179,0.002235585,0.773594480
42.326946988,HOLD,task_pose_stale,0.001921069,0,0.002223758,-0.000104044,0.050204733,0.000000000,0.000000000,0.050000000,-0.002224042,-0.000128231,0.000187179,0.002235585,0.773594480
42.337045065,HOLD,task_pose_stale,0.001093513,0,0.002223758,-0.000104044,0.050204733,0.000000000,0.000000000,0.050000000,-0.002224042,-0.000128231,0.000187179,0.002235585,0.773594480
42.347138393,HOLD,task_pose_stale,0.000030870,0,0.002223758,-0.000104044,0.050204733,0.000000000,0.000000000,0.050000000,-0.002224042,-0.000128231,0.000187179,0.002235585,0.773594480
42.357262590,HOLD,task_pose_stale,0.001929379,0,0.002223758,-0.000104044,0.050204733,0.000000000,0.000000000,0.050000000,-0.002224042,-0.000128231,0.000187179,0.002235585,0.773594480
42.367357105,HOLD,task_pose_stale,0.001038897,0,0.002223758,-0.000104044,0.050204733,0.000000000,0.000000000,0.050000000,-0.002224042,-0.000128231,0.000187179,0.002235585,0.773594480
42.377400566,HOLD,task_pose_stale,0.000294453,0,0.002223758,-0.000104044,0.050204733,0.000000000,0.000000000,0.050000000,-0.002224042,-0.000128231,0.000187179,0.002235585,0.773594480
42.387413157,HOLD,task_pose_stale,0.000023746,0,0.002223758,-0.000104044,0.050204733,0.000000000,0.000000000,0.050000000,-0.002224042,-0.000128231,0.000187179,0.002235585,0.773594480
42.397557539,HOLD,task_pose_stale,0.002154969,0,0.002223758,-0.000104044,0.050204733,0.000000000,0.000000000,0.050000000,-0.002224042,-0.000128231,0.000187179,0.002235585,0.773594480
42.407656803,HOLD,task_pose_stale,0.001754845,0,0.002223758,-0.000104044,0.050204733,0.000000000,0.000000000,0.050000000,-0.002224042,-0.000128231,0.000187179,0.002235585,0.773594480
42.417760816,HOLD,task_pose_stale,0.001181374,0,0.002223758,-0.000104044,0.050204733,0.000000000,0.000000000,0.050000000,-0.002224042,-0.000128231,0.000187179,0.002235585,0.773594480
42.427850582,HOLD,task_pose_stale,0.000406060,0,0.002223758,-0.000104044,0.050204733,0.000000000,0.000000000,0.050000000,-0.002224042,-0.000128231,0.000187179,0.002235585,0.773594480
42.437942722,HOLD,task_pose_stale,0.002248766,0,0.002223758,-0.000104044,0.050204733,0.000000000,0.000000000,0.050000000,-0.002224042,-0.000128231,0.000187179,0.002235585,0.773594480
42.448012304,HOLD,task_pose_stale,0.001313165,0,0.002223758,-0.000104044,0.050204733,0.000000000,0.000000000,0.050000000,-0.002224042,-0.000128231,0.000187179,0.002235585,0.773594480
42.458111568,HOLD,task_pose_stale,0.000369254,0,0.002223758,-0.000104044,0.050204733,0.000000000,0.000000000,0.050000000,-0.002224042,-0.000128231,0.000187179,0.002235585,0.773594480
42.468190648,HOLD,task_pose_stale,0.002145471,0,0.002223758,-0.000104044,0.050204733,0.000000000,0.000000000,0.050000000,-0.002224042,-0.000128231,0.000187179,0.002235585,0.773594480
42.478297036,HOLD,task_pose_stale,0.001209869,0,0.002223758,-0.000104044,0.050204733,0.000000000,0.000000000,0.050000000,-0.002224042,-0.000128231,0.000187179,0.002235585,0.773594480
42.488391551,HOLD,task_pose_stale,0.000214903,0,0.002223758,-0.000104044,0.050204733,0.000000000,0.000000000,0.050000000,-0.002224042,-0.000128231,0.000187179,0.002235585,0.773594480
42.498474192,HOLD,task_pose_stale,0.002128847,0,0.002223758,-0.000104044,0.050204733,0.000000000,0.000000000,0.050000000,-0.002224042,-0.000128231,0.000187179,0.002235585,0.773594480
42.508568707,HOLD,task_pose_stale,0.001116072,0,0.002223758,-0.000104044,0.050204733,0.000000000,0.000000000,0.050000000,-0.002224042,-0.000128231,0.000187179,0.002235585,0.773594480
42.518658473,HOLD,task_pose_stale,0.000181659,0,0.002223758,-0.000104044,0.050204733,0.000000000,0.000000000,0.050000000,-0.002224042,-0.000128231,0.000187179,0.002235585,0.773594480
42.528781483,HOLD,task_pose_stale,0.002012492,0,0.002223758,-0.000104044,0.050204733,0.000000000,0.000000000,0.050000000,-0.002224042,-0.000128231,0.000187179,0.002235585,0.773594480
42.538871249,HOLD,task_pose_stale,0.001016338,0,0.002223758,-0.000104044,0.050204733,0.000000000,0.000000000,0.050000000,-0.002224042,-0.000128231,0.000187179,0.002235585,0.773594480
42.548912335,HOLD,task_pose_stale,0.000470175,0,0.002223758,-0.000104044,0.050204733,0.000000000,0.000000000,0.050000000,-0.002224042,-0.000128231,0.000187179,0.002235585,0.773594480
42.559097086,HOLD,task_pose_stale,0.000030870,0,0.002223758,-0.000104044,0.050204733,0.000000000,0.000000000,0.050000000,-0.002224042,-0.000128231,0.000187179,0.002235585,0.773594480
42.569173791,HOLD,task_pose_stale,0.002244017,0,0.002223758,-0.000104044,0.050204733,0.000000000,0.000000000,0.050000000,-0.002224042,-0.000128231,0.000187179,0.002235585,0.773594480
42.579265931,HOLD,task_pose_stale,0.001522133,0,0.002223758,-0.000104044,0.050204733,0.000000000,0.000000000,0.050000000,-0.002224042,-0.000128231,0.000187179,0.002235585,0.773594480
42.589350948,HOLD,task_pose_stale,0.000774127,0,0.002223758,-0.000104044,0.050204733,0.000000000,0.000000000,0.050000000,-0.002224042,-0.000128231,0.000187179,0.002235585,0.773594480
42.599470396,HOLD,task_pose_stale,0.002663137,0,0.002223758,-0.000104044,0.050204733,0.000000000,0.000000000,0.050000000,-0.002224042,-0.000128231,0.000187179,0.002235585,0.773594480
42.609507920,HOLD,task_pose_stale,0.001756032,0,0.002223758,-0.000104044,0.050204733,0.000000000,0.000000000,0.050000000,-0.002224042,-0.000128231,0.000187179,0.002235585,0.773594480
42.619619057,HOLD,task_pose_stale,0.001234803,0,0.002223758,-0.000104044,0.050204733,0.000000000,0.000000000,0.050000000,-0.002224042,-0.000128231,0.000187179,0.002235585,0.773594480
42.629730195,HOLD,task_pose_stale,0.000870299,0,0.002223758,-0.000104044,0.050204733,0.000000000,0.000000000,0.050000000,-0.002224042,-0.000128231,0.000187179,0.002235585,0.773594480
42.639928006,HOLD,task_pose_stale,0.000489172,0,0.002223758,-0.000104044,0.050204733,0.000000000,0.000000000,0.050000000,-0.002224042,-0.000128231,0.000187179,0.002235585,0.773594480
42.649877669,HOLD,task_pose_stale,0.000023746,0,0.002223758,-0.000104044,0.050204733,0.000000000,0.000000000,0.050000000,-0.002224042,-0.000128231,0.000187179,0.002235585,0.773594480
42.660132471,HOLD,task_pose_stale,0.002172778,0,0.002223758,-0.000104044,0.050204733,0.000000000,0.000000000,0.050000000,-0.002224042,-0.000128231,0.000187179,0.002235585,0.773594480
42.670060762,HOLD,task_pose_stale,0.001627803,0,0.002223758,-0.000104044,0.050204733,0.000000000,0.000000000,0.050000000,-0.002224042,-0.000128231,0.000187179,0.002235585,0.773594480
42.680161214,HOLD,task_pose_stale,0.000609091,0,0.002223758,-0.000104044,0.050204733,0.000000000,0.000000000,0.050000000,-0.002224042,-0.000128231,0.000187179,0.002235585,0.773594480
42.690250979,HOLD,task_pose_stale,0.001963812,0,0.002223758,-0.000104044,0.050204733,0.000000000,0.000000000,0.050000000,-0.002224042,-0.000128231,0.000187179,0.002235585,0.773594480
42.700325310,HOLD,task_pose_stale,0.000946287,0,0.002223758,-0.000104044,0.050204733,0.000000000,0.000000000,0.050000000,-0.002224042,-0.000128231,0.000187179,0.002235585,0.773594480
42.710364021,HOLD,task_pose_stale,0.000573471,0,0.002223758,-0.000104044,0.050204733,0.000000000,0.000000000,0.050000000,-0.002224042,-0.000128231,0.000187179,0.002235585,0.773594480
42.720432415,HOLD,task_pose_stale,0.000017810,0,0.002223758,-0.000104044,0.050204733,0.000000000,0.000000000,0.050000000,-0.002224042,-0.000128231,0.000187179,0.002235585,0.773594480
42.730560175,HOLD,task_pose_stale,0.002158531,0,0.002223758,-0.000104044,0.050204733,0.000000000,0.000000000,0.050000000,-0.002224042,-0.000128231,0.000187179,0.002235585,0.773594480
42.740651128,HOLD,task_pose_stale,0.001212244,0,0.002223758,-0.000104044,0.050204733,0.000000000,0.000000000,0.050000000,-0.002224042,-0.000128231,0.000187179,0.002235585,0.773594480
42.750755141,HOLD,task_pose_stale,0.000842990,0,0.002223758,-0.000104044,0.050204733,0.000000000,0.000000000,0.050000000,-0.002224042,-0.000128231,0.000187179,0.002235585,0.773594480
42.760840158,HOLD,task_pose_stale,0.000273082,0,0.002223758,-0.000104044,0.050204733,0.000000000,0.000000000,0.050000000,-0.002224042,-0.000128231,0.000187179,0.002235585,0.773594480
42.770932298,HOLD,task_pose_stale,0.002485041,0,0.002223758,-0.000104044,0.050204733,0.000000000,0.000000000,0.050000000,-0.002224042,-0.000128231,0.000187179,0.002235585,0.773594480
42.781004254,HOLD,task_pose_stale,0.002226207,0,0.002223758,-0.000104044,0.050204733,0.000000000,0.000000000,0.050000000,-0.002224042,-0.000128231,0.000187179,0.002235585,0.773594480
42.791076210,HOLD,task_pose_stale,0.001760781,0,0.002223758,-0.000104044,0.050204733,0.000000000,0.000000000,0.050000000,-0.002224042,-0.000128231,0.000187179,0.002235585,0.773594480
42.801150541,HOLD,task_pose_stale,0.001262111,0,0.002223758,-0.000104044,0.050204733,0.000000000,0.000000000,0.050000000,-0.002224042,-0.000128231,0.000187179,0.002235585,0.773594480
42.811217748,HOLD,task_pose_stale,0.000954598,0,0.002223758,-0.000104044,0.050204733,0.000000000,0.000000000,0.050000000,-0.002224042,-0.000128231,0.000187179,0.002235585,0.773594480
42.821283767,HOLD,task_pose_stale,0.000066490,0,0.002223758,-0.000104044,0.050204733,0.000000000,0.000000000,0.050000000,-0.002224042,-0.000128231,0.000187179,0.002235585,0.773594480
42.831305856,HOLD,task_pose_stale,0.002260640,0,0.002223758,-0.000104044,0.050204733,0.000000000,0.000000000,0.050000000,-0.002224042,-0.000128231,0.000187179,0.002235585,0.773594480
42.841411057,HOLD,task_pose_stale,0.001871202,0,0.002223758,-0.000104044,0.050204733,0.000000000,0.000000000,0.050000000,-0.002224042,-0.000128231,0.000187179,0.002235585,0.773594480
42.851538817,HOLD,task_pose_stale,0.001327413,0,0.002223758,-0.000104044,0.050204733,0.000000000,0.000000000,0.050000000,-0.002224042,-0.000128231,0.000187179,0.002235585,0.773594480
42.861678449,HOLD,task_pose_stale,0.000029682,0,0.002223758,-0.000104044,0.050204733,0.000000000,0.000000000,0.050000000,-0.002224042,-0.000128231,0.000187179,0.002235585,0.773594480
42.871778901,HOLD,task_pose_stale,0.001792839,0,0.002223758,-0.000104044,0.050204733,0.000000000,0.000000000,0.050000000,-0.002224042,-0.000128231,0.000187179,0.002235585,0.773594480
42.881802177,HOLD,task_pose_stale,0.000531915,0,0.002223758,-0.000104044,0.050204733,0.000000000,0.000000000,0.050000000,-0.002224042,-0.000128231,0.000187179,0.002235585,0.773594480
42.891969118,HOLD,task_pose_stale,0.000027308,0,0.002223758,-0.000104044,0.050204733,0.000000000,0.000000000,0.050000000,-0.002224042,-0.000128231,0.000187179,0.002235585,0.773594480
42.901988832,HOLD,task_pose_stale,0.001742972,0,0.002223758,-0.000104044,0.050204733,0.000000000,0.000000000,0.050000000,-0.002224042,-0.000128231,0.000187179,0.002235585,0.773594480
42.912066725,HOLD,task_pose_stale,0.001069767,0,0.002223758,-0.000104044,0.050204733,0.000000000,0.000000000,0.050000000,-0.002224042,-0.000128231,0.000187179,0.002235585,0.773594480
42.922117309,HOLD,task_pose_stale,0.000445241,0,0.002223758,-0.000104044,0.050204733,0.000000000,0.000000000,0.050000000,-0.002224042,-0.000128231,0.000187179,0.002235585,0.773594480
42.932297311,HOLD,task_pose_stale,0.000032058,0,0.002223758,-0.000104044,0.050204733,0.000000000,0.000000000,0.050000000,-0.002224042,-0.000128231,0.000187179,0.002235585,0.773594480
42.942410823,HOLD,task_pose_stale,0.002146657,0,0.002223758,-0.000104044,0.050204733,0.000000000,0.000000000,0.050000000,-0.002224042,-0.000128231,0.000187179,0.002235585,0.773594480
42.952412727,HOLD,task_pose_stale,0.001221742,0,0.002223758,-0.000104044,0.050204733,0.000000000,0.000000000,0.050000000,-0.002224042,-0.000128231,0.000187179,0.002235585,0.773594480
42.962472810,HOLD,task_pose_stale,0.000751568,0,0.002223758,-0.000104044,0.050204733,0.000000000,0.000000000,0.050000000,-0.002224042,-0.000128231,0.000187179,0.002235585,0.773594480
42.972532893,HOLD,task_pose_stale,0.000062928,0,0.002223758,-0.000104044,0.050204733,0.000000000,0.000000000,0.050000000,-0.002224042,-0.000128231,0.000187179,0.002235585,0.773594480
42.982573979,HOLD,task_pose_stale,0.002152594,0,0.002223758,-0.000104044,0.050204733,0.000000000,0.000000000,0.050000000,-0.002224042,-0.000128231,0.000187179,0.002235585,0.773594480
42.992699364,HOLD,task_pose_stale,0.001499573,0,0.002223758,-0.000104044,0.050204733,0.000000000,0.000000000,0.050000000,-0.002224042,-0.000128231,0.000187179,0.002235585,0.773594480
43.002808127,HOLD,task_pose_stale,0.000854863,0,0.002223758,-0.000104044,0.050204733,0.000000000,0.000000000,0.050000000,-0.002224042,-0.000128231,0.000187179,0.002235585,0.773594480
43.012868210,HOLD,task_pose_stale,0.000421495,0,0.002223758,-0.000104044,0.050204733,0.000000000,0.000000000,0.050000000,-0.002224042,-0.000128231,0.000187179,0.002235585,0.773594480
43.022986471,HOLD,task_pose_stale,0.002495727,0,0.002223758,-0.000104044,0.050204733,0.000000000,0.000000000,0.050000000,-0.002224042,-0.000128231,0.000187179,0.002235585,0.773594480
43.033050116,HOLD,task_pose_stale,0.002131223,0,0.002223758,-0.000104044,0.050204733,0.000000000,0.000000000,0.050000000,-0.002224042,-0.000128231,0.000187179,0.002235585,0.773594480
43.043136319,HOLD,task_pose_stale,0.001734661,0,0.002223758,-0.000104044,0.050204733,0.000000000,0.000000000,0.050000000,-0.002224042,-0.000128231,0.000187179,0.002235585,0.773594480
43.053236771,HOLD,task_pose_stale,0.001288232,0,0.002223758,-0.000104044,0.050204733,0.000000000,0.000000000,0.050000000,-0.002224042,-0.000128231,0.000187179,0.002235585,0.773594480
43.063331286,HOLD,task_pose_stale,0.000324135,0,0.002223758,-0.000104044,0.050204733,0.000000000,0.000000000,0.050000000,-0.002224042,-0.000128231,0.000187179,0.002235585,0.773594480
43.073417490,HOLD,task_pose_stale,0.002144283,0,0.002223758,-0.000104044,0.050204733,0.000000000,0.000000000,0.050000000,-0.002224042,-0.000128231,0.000187179,0.002235585,0.773594480
43.083521503,HOLD,task_pose_stale,0.001161190,0,0.002223758,-0.000104044,0.050204733,0.000000000,0.000000000,0.050000000,-0.002224042,-0.000128231,0.000187179,0.002235585,0.773594480
43.093600583,HOLD,task_pose_stale,0.000261209,0,0.002223758,-0.000104044,0.050204733,0.000000000,0.000000000,0.050000000,-0.002224042,-0.000128231,0.000187179,0.002235585,0.773594480
43.103678475,HOLD,task_pose_stale,0.000492734,0,0.002223758,-0.000104044,0.050204733,0.000000000,0.000000000,0.050000000,-0.002224042,-0.000128231,0.000187179,0.002235585,0.773594480
43.113793175,HOLD,task_pose_stale,0.000027308,0,0.002223758,-0.000104044,0.050204733,0.000000000,0.000000000,0.050000000,-0.002224042,-0.000128231,0.000187179,0.002235585,0.773594480
43.124042040,HOLD,task_pose_stale,0.002188213,0,0.002223758,-0.000104044,0.050204733,0.000000000,0.000000000,0.050000000,-0.002224042,-0.000128231,0.000187179,0.002235585,0.773594480
43.133920464,HOLD,task_pose_stale,0.001772654,0,0.002223758,-0.000104044,0.050204733,0.000000000,0.000000000,0.050000000,-0.002224042,-0.000128231,0.000187179,0.002235585,0.773594480
43.144012605,HOLD,task_pose_stale,0.000875048,0,0.002223758,-0.000104044,0.050204733,0.000000000,0.000000000,0.050000000,-0.002224042,-0.000128231,0.000187179,0.002235585,0.773594480
43.154099996,HOLD,task_pose_stale,0.002570528,0,0.002223758,-0.000104044,0.050204733,0.000000000,0.000000000,0.050000000,-0.002224042,-0.000128231,0.000187179,0.002235585,0.773594480
43.164139894,HOLD,task_pose_stale,0.001896135,0,0.002223758,-0.000104044,0.050204733,0.000000000,0.000000000,0.050000000,-0.002224042,-0.000128231,0.000187179,0.002235585,0.773594480
43.174202352,HOLD,task_pose_stale,0.001145754,0,0.002223758,-0.000104044,0.050204733,0.000000000,0.000000000,0.050000000,-0.002224042,-0.000128231,0.000187179,0.002235585,0.773594480
43.184275495,HOLD,task_pose_stale,0.000248148,0,0.002223758,-0.000104044,0.050204733,0.000000000,0.000000000,0.050000000,-0.002224042,-0.000128231,0.000187179,0.002235585,0.773594480
43.194393756,HOLD,task_pose_stale,0.002339002,0,0.002223758,-0.000104044,0.050204733,0.000000000,0.000000000,0.050000000,-0.002224042,-0.000128231,0.000187179,0.002235585,0.773594480
43.204440779,HOLD,task_pose_stale,0.001986371,0,0.002223758,-0.000104044,0.050204733,0.000000000,0.000000000,0.050000000,-0.002224042,-0.000128231,0.000187179,0.002235585,0.773594480
43.214515110,HOLD,task_pose_stale,0.001339286,0,0.002223758,-0.000104044,0.050204733,0.000000000,0.000000000,0.050000000,-0.002224042,-0.000128231,0.000187179,0.002235585,0.773594480
43.224609624,HOLD,task_pose_stale,0.000340758,0,0.002223758,-0.000104044,0.050204733,0.000000000,0.000000000,0.050000000,-0.002224042,-0.000128231,0.000187179,0.002235585,0.773594480
43.234930916,HOLD,task_pose_stale,0.002202461,0,0.002223758,-0.000104044,0.050204733,0.000000000,0.000000000,0.050000000,-0.002224042,-0.000128231,0.000187179,0.002235585,0.773594480
43.244755911,HOLD,task_pose_stale,0.001408150,0,0.002223758,-0.000104044,0.050204733,0.000000000,0.000000000,0.050000000,-0.002224042,-0.000128231,0.000187179,0.002235585,0.773594480
43.254858737,HOLD,task_pose_stale,0.002002993,0,0.002223758,-0.000104044,0.050204733,0.000000000,0.000000000,0.050000000,-0.002224042,-0.000128231,0.000187179,0.002235585,0.773594480
43.264906947,HOLD,task_pose_stale,0.001227679,0,0.002223758,-0.000104044,0.050204733,0.000000000,0.000000000,0.050000000,-0.002224042,-0.000128231,0.000187179,0.002235585,0.773594480
43.274943284,HOLD,task_pose_stale,0.000719510,0,0.002223758,-0.000104044,0.050204733,0.000000000,0.000000000,0.050000000,-0.002224042,-0.000128231,0.000187179,0.002235585,0.773594480
43.284983182,HOLD,task_pose_stale,0.000157913,0,0.002223758,-0.000104044,0.050204733,0.000000000,0.000000000,0.050000000,-0.002224042,-0.000128231,0.000187179,0.002235585,0.773594480
43.295055138,HOLD,task_pose_stale,0.002310506,0,0.002223758,-0.000104044,0.050204733,0.000000000,0.000000000,0.050000000,-0.002224042,-0.000128231,0.000187179,0.002235585,0.773594480
43.305129469,HOLD,task_pose_stale,0.001463954,0,0.002223758,-0.000104044,0.050204733,0.000000000,0.000000000,0.050000000,-0.002224042,-0.000128231,0.000187179,0.002235585,0.773594480
43.315196676,HOLD,task_pose_stale,0.000939163,0,0.002223758,-0.000104044,0.050204733,0.000000000,0.000000000,0.050000000,-0.002224042,-0.000128231,0.000187179,0.002235585,0.773594480
43.325272194,HOLD,task_pose_stale,0.000471363,0,0.002223758,-0.000104044,0.050204733,0.000000000,0.000000000,0.050000000,-0.002224042,-0.000128231,0.000187179,0.002235585,0.773594480
43.335401141,HOLD,task_pose_stale,0.002292697,0,0.002223758,-0.000104044,0.050204733,0.000000000,0.000000000,0.050000000,-0.002224042,-0.000128231,0.000187179,0.002235585,0.773594480
43.345443414,HOLD,task_pose_stale,0.001884262,0,0.002223758,-0.000104044,0.050204733,0.000000000,0.000000000,0.050000000,-0.002224042,-0.000128231,0.000187179,0.002235585,0.773594480
43.355527243,HOLD,task_pose_stale,0.001396277,0,0.002223758,-0.000104044,0.050204733,0.000000000,0.000000000,0.050000000,-0.002224042,-0.000128231,0.000187179,0.002235585,0.773594480
43.365590888,HOLD,task_pose_stale,0.001027024,0,0.002223758,-0.000104044,0.050204733,0.000000000,0.000000000,0.050000000,-0.002224042,-0.000128231,0.000187179,0.002235585,0.773594480
43.375730521,HOLD,task_pose_stale,0.000612652,0,0.002223758,-0.000104044,0.050204733,0.000000000,0.000000000,0.050000000,-0.002224042,-0.000128231,0.000187179,0.002235585,0.773594480
43.385796540,HOLD,task_pose_stale,0.000201843,0,0.002223758,-0.000104044,0.050204733,0.000000000,0.000000000,0.050000000,-0.002224042,-0.000128231,0.000187179,0.002235585,0.773594480
43.396018097,HOLD,task_pose_stale,0.002365122,0,0.002223758,-0.000104044,0.050204733,0.000000000,0.000000000,0.050000000,-0.002224042,-0.000128231,0.000187179,0.002235585,0.773594480
43.405991507,HOLD,task_pose_stale,0.001864078,0,0.002223758,-0.000104044,0.050204733,0.000000000,0.000000000,0.050000000,-0.002224042,-0.000128231,0.000187179,0.002235585,0.773594480
43.416033780,HOLD,task_pose_stale,0.001061455,0,0.002223758,-0.000104044,0.050204733,0.000000000,0.000000000,0.050000000,-0.002224042,-0.000128231,0.000187179,0.002235585,0.773594480
43.426100987,HOLD,task_pose_stale,0.000423869,0,0.002223758,-0.000104044,0.050204733,0.000000000,0.000000000,0.050000000,-0.002224042,-0.000128231,0.000187179,0.002235585,0.773594480
43.436186003,HOLD,task_pose_stale,0.002537283,0,0.002223758,-0.000104044,0.050204733,0.000000000,0.000000000,0.050000000,-0.002224042,-0.000128231,0.000187179,0.002235585,0.773594480
43.446281705,HOLD,task_pose_stale,0.001601682,0,0.002223758,-0.000104044,0.050204733,0.000000000,0.000000000,0.050000000,-0.002224042,-0.000128231,0.000187179,0.002235585,0.773594480
43.456379782,HOLD,task_pose_stale,0.000624525,0,0.002223758,-0.000104044,0.050204733,0.000000000,0.000000000,0.050000000,-0.002224042,-0.000128231,0.000187179,0.002235585,0.773594480
43.466482608,HOLD,task_pose_stale,0.002466044,0,0.002223758,-0.000104044,0.050204733,0.000000000,0.000000000,0.050000000,-0.002224042,-0.000128231,0.000187179,0.002235585,0.773594480
43.476561688,HOLD,task_pose_stale,0.001609994,0,0.002223758,-0.000104044,0.050204733,0.000000000,0.000000000,0.050000000,-0.002224042,-0.000128231,0.000187179,0.002235585,0.773594480
43.486656203,HOLD,task_pose_stale,0.000529540,0,0.002223758,-0.000104044,0.050204733,0.000000000,0.000000000,0.050000000,-0.002224042,-0.000128231,0.000187179,0.002235585,0.773594480
43.496766153,HOLD,task_pose_stale,0.002382932,0,0.002223758,-0.000104044,0.050204733,0.000000000,0.000000000,0.050000000,-0.002224042,-0.000128231,0.000187179,0.002235585,0.773594480
43.506950904,HOLD,task_pose_stale,0.001458017,0,0.002223758,-0.000104044,0.050204733,0.000000000,0.000000000,0.050000000,-0.002224042,-0.000128231,0.000187179,0.002235585,0.773594480
43.516950434,HOLD,task_pose_stale,0.000427432,0,0.002223758,-0.000104044,0.050204733,0.000000000,0.000000000,0.050000000,-0.002224042,-0.000128231,0.000187179,0.002235585,0.773594480
43.527017640,HOLD,task_pose_stale,0.002270138,0,0.002223758,-0.000104044,0.050204733,0.000000000,0.000000000,0.050000000,-0.002224042,-0.000128231,0.000187179,0.002235585,0.773594480
43.537105031,HOLD,task_pose_stale,0.001354721,0,0.002223758,-0.000104044,0.050204733,0.000000000,0.000000000,0.050000000,-0.002224042,-0.000128231,0.000187179,0.002235585,0.773594480
43.547193610,HOLD,task_pose_stale,0.000423870,0,0.002223758,-0.000104044,0.050204733,0.000000000,0.000000000,0.050000000,-0.002224042,-0.000128231,0.000187179,0.002235585,0.773594480
43.557279814,HOLD,task_pose_stale,0.002220271,0,0.002223758,-0.000104044,0.050204733,0.000000000,0.000000000,0.050000000,-0.002224042,-0.000128231,0.000187179,0.002235585,0.773594480
43.567380265,HOLD,task_pose_stale,0.001304854,0,0.002223758,-0.000104044,0.050204733,0.000000000,0.000000000,0.050000000,-0.002224042,-0.000128231,0.000187179,0.002235585,0.773594480
43.577470031,HOLD,task_pose_stale,0.000381127,0,0.002223758,-0.000104044,0.050204733,0.000000000,0.000000000,0.050000000,-0.002224042,-0.000128231,0.000187179,0.002235585,0.773594480
43.587555047,HOLD,task_pose_stale,0.002238081,0,0.002223758,-0.000104044,0.050204733,0.000000000,0.000000000,0.050000000,-0.002224042,-0.000128231,0.000187179,0.002235585,0.773594480
43.600087111,HOLD,task_pose_stale,0.003476445,0,0.002223758,-0.000104044,0.050204733,0.000000000,0.000000000,0.050000000,-0.002224042,-0.000128231,0.000187179,0.002235585,0.773594480
43.610166191,HOLD,task_pose_stale,0.001086389,0,0.002223758,-0.000104044,0.050204733,0.000000000,0.000000000,0.050000000,-0.002224042,-0.000128231,0.000187179,0.002235585,0.773594480
43.620247645,HOLD,task_pose_stale,0.000290891,0,0.002223758,-0.000104044,0.050204733,0.000000000,0.000000000,0.050000000,-0.002224042,-0.000128231,0.000187179,0.002235585,0.773594480
43.630281607,HOLD,task_pose_stale,0.002381745,0,0.002223758,-0.000104044,0.050204733,0.000000000,0.000000000,0.050000000,-0.002224042,-0.000128231,0.000187179,0.002235585,0.773594480
43.640368998,HOLD,task_pose_stale,0.001522132,0,0.002223758,-0.000104044,0.050204733,0.000000000,0.000000000,0.050000000,-0.002224042,-0.000128231,0.000187179,0.002235585,0.773594480
43.650423145,HOLD,task_pose_stale,0.000264770,0,0.002223758,-0.000104044,0.050204733,0.000000000,0.000000000,0.050000000,-0.002224042,-0.000128231,0.000187179,0.002235585,0.773594480
43.661623046,HOLD,task_pose_stale,0.000506982,0,0.002223758,-0.000104044,0.050204733,0.000000000,0.000000000,0.050000000,-0.002224042,-0.000128231,0.000187179,0.002235585,0.773594480
43.671483661,HOLD,task_pose_stale,0.002173965,0,0.002223758,-0.000104044,0.050204733,0.000000000,0.000000000,0.050000000,-0.002224042,-0.000128231,0.000187179,0.002235585,0.773594480
43.681495064,HOLD,task_pose_stale,0.001491262,0,0.002223758,-0.000104044,0.050204733,0.000000000,0.000000000,0.050000000,-0.002224042,-0.000128231,0.000187179,0.002235585,0.773594480
43.691552772,HOLD,task_pose_stale,0.000544975,0,0.002223758,-0.000104044,0.050204733,0.000000000,0.000000000,0.050000000,-0.002224042,-0.000128231,0.000187179,0.002235585,0.773594480
43.701770767,HOLD,task_pose_stale,0.002436362,0,0.002223758,-0.000104044,0.050204733,0.000000000,0.000000000,0.050000000,-0.002224042,-0.000128231,0.000187179,0.002235585,0.773594480
43.711803542,HOLD,task_pose_stale,0.001569625,0,0.002223758,-0.000104044,0.050204733,0.000000000,0.000000000,0.050000000,-0.002224042,-0.000128231,0.000187179,0.002235585,0.773594480
43.721813758,HOLD,task_pose_stale,0.000729009,0,0.002223758,-0.000104044,0.050204733,0.000000000,0.000000000,0.050000000,-0.002224042,-0.000128231,0.000187179,0.002235585,0.773594480
43.731993759,HOLD,task_pose_stale,0.000162662,0,0.002223758,-0.000104044,0.050204733,0.000000000,0.000000000,0.050000000,-0.002224042,-0.000128231,0.000187179,0.002235585,0.773594480
43.742094211,HOLD,task_pose_stale,0.002293885,0,0.002223758,-0.000104044,0.050204733,0.000000000,0.000000000,0.050000000,-0.002224042,-0.000128231,0.000187179,0.002235585,0.773594480
43.752075931,HOLD,task_pose_stale,0.001218181,0,0.002223758,-0.000104044,0.050204733,0.000000000,0.000000000,0.050000000,-0.002224042,-0.000128231,0.000187179,0.002235585,0.773594480
43.762177570,HOLD,task_pose_stale,0.000448803,0,0.002223758,-0.000104044,0.050204733,0.000000000,0.000000000,0.050000000,-0.002224042,-0.000128231,0.000187179,0.002235585,0.773594480
43.772153354,HOLD,task_pose_stale,0.000707637,0,0.002223758,-0.000104044,0.050204733,0.000000000,0.000000000,0.050000000,-0.002224042,-0.000128231,0.000187179,0.002235585,0.773594480
43.784975121,HOLD,task_pose_stale,0.003170120,0,0.002223758,-0.000104044,0.050204733,0.000000000,0.000000000,0.050000000,-0.002224042,-0.000128231,0.000187179,0.002235585,0.773594480
43.794999585,HOLD,task_pose_stale,0.001828458,0,0.002223758,-0.000104044,0.050204733,0.000000000,0.000000000,0.050000000,-0.002224042,-0.000128231,0.000187179,0.002235585,0.773594480
43.805009801,HOLD,task_pose_stale,0.001846268,0,0.002223758,-0.000104044,0.050204733,0.000000000,0.000000000,0.050000000,-0.002224042,-0.000128231,0.000187179,0.002235585,0.773594480
43.815087693,HOLD,task_pose_stale,0.001866452,0,0.002223758,-0.000104044,0.050204733,0.000000000,0.000000000,0.050000000,-0.002224042,-0.000128231,0.000187179,0.002235585,0.773594480
43.825173897,HOLD,task_pose_stale,0.002070669,0,0.002223758,-0.000104044,0.050204733,0.000000000,0.000000000,0.050000000,-0.002224042,-0.000128231,0.000187179,0.002235585,0.773594480
43.835261288,HOLD,task_pose_stale,0.001884262,0,0.002223758,-0.000104044,0.050204733,0.000000000,0.000000000,0.050000000,-0.002224042,-0.000128231,0.000187179,0.002235585,0.773594480
43.845424667,HOLD,task_pose_stale,0.002038612,0,0.002223758,-0.000104044,0.050204733,0.000000000,0.000000000,0.050000000,-0.002224042,-0.000128231,0.000187179,0.002235585,0.773594480
43.855412324,HOLD,task_pose_stale,0.001741785,0,0.002223758,-0.000104044,0.050204733,0.000000000,0.000000000,0.050000000,-0.002224042,-0.000128231,0.000187179,0.002235585,0.773594480
43.865484280,HOLD,task_pose_stale,0.000013061,0,0.002223758,-0.000104044,0.050204733,0.000000000,0.000000000,0.050000000,-0.002224042,-0.000128231,0.000187179,0.002235585,0.773594480
43.875639348,HOLD,task_pose_stale,0.002207210,0,0.002223758,-0.000104044,0.050204733,0.000000000,0.000000000,0.050000000,-0.002224042,-0.000128231,0.000187179,0.002235585,0.773594480
43.885612757,HOLD,task_pose_stale,0.002113413,0,0.002223758,-0.000104044,0.050204733,0.000000000,0.000000000,0.050000000,-0.002224042,-0.000128231,0.000187179,0.002235585,0.773594480
43.895815317,HOLD,task_pose_stale,0.002330690,0,0.002223758,-0.000104044,0.050204733,0.000000000,0.000000000,0.050000000,-0.002224042,-0.000128231,0.000187179,0.002235585,0.773594480
43.905954950,HOLD,task_pose_stale,0.002411428,0,0.002223758,-0.000104044,0.050204733,0.000000000,0.000000000,0.050000000,-0.002224042,-0.000128231,0.000187179,0.002235585,0.773594480
43.915956855,HOLD,task_pose_stale,0.000090236,0,0.002223758,-0.000104044,0.050204733,0.000000000,0.000000000,0.050000000,-0.002224042,-0.000128231,0.000187179,0.002235585,0.773594480
43.926065617,HOLD,task_pose_stale,0.002296259,0,0.002223758,-0.000104044,0.050204733,0.000000000,0.000000000,0.050000000,-0.002224042,-0.000128231,0.000187179,0.002235585,0.773594480
43.936208812,HOLD,task_pose_stale,0.001950752,0,0.002223758,-0.000104044,0.050204733,0.000000000,0.000000000,0.050000000,-0.002224042,-0.000128231,0.000187179,0.002235585,0.773594480
43.946162037,HOLD,task_pose_stale,0.001428335,0,0.002223758,-0.000104044,0.050204733,0.000000000,0.000000000,0.050000000,-0.002224042,-0.000128231,0.000187179,0.002235585,0.773594480
43.956242304,HOLD,task_pose_stale,0.001010401,0,0.002223758,-0.000104044,0.050204733,0.000000000,0.000000000,0.050000000,-0.002224042,-0.000128231,0.000187179,0.002235585,0.773594480
43.966394997,HOLD,task_pose_stale,0.001260924,0,0.002223758,-0.000104044,0.050204733,0.000000000,0.000000000,0.050000000,-0.002224042,-0.000128231,0.000187179,0.002235585,0.773594480
43.976394527,HOLD,task_pose_stale,0.001420023,0,0.002223758,-0.000104044,0.050204733,0.000000000,0.000000000,0.050000000,-0.002224042,-0.000128231,0.000187179,0.002235585,0.773594480
43.986467671,HOLD,task_pose_stale,0.001297730,0,0.002223758,-0.000104044,0.050204733,0.000000000,0.000000000,0.050000000,-0.002224042,-0.000128231,0.000187179,0.002235585,0.773594480
43.996543189,HOLD,task_pose_stale,0.000997341,0,0.002223758,-0.000104044,0.050204733,0.000000000,0.000000000,0.050000000,-0.002224042,-0.000128231,0.000187179,0.002235585,0.773594480
44.006585462,HOLD,task_pose_stale,0.000265958,0,0.002223758,-0.000104044,0.050204733,0.000000000,0.000000000,0.050000000,-0.002224042,-0.000128231,0.000187179,0.002235585,0.773594480
44.016748841,HOLD,task_pose_stale,0.000030870,0,0.002223758,-0.000104044,0.050204733,0.000000000,0.000000000,0.050000000,-0.002224042,-0.000128231,0.000187179,0.002235585,0.773594480
44.026966836,HOLD,task_pose_stale,0.000022559,0,0.002223758,-0.000104044,0.050204733,0.000000000,0.000000000,0.050000000,-0.002224042,-0.000128231,0.000187179,0.002235585,0.773594480
44.037072037,HOLD,task_pose_stale,0.000151976,0,0.002223758,-0.000104044,0.050204733,0.000000000,0.000000000,0.050000000,-0.002224042,-0.000128231,0.000187179,0.002235585,0.773594480
44.047065630,HOLD,task_pose_stale,0.002033863,0,0.002223758,-0.000104044,0.050204733,0.000000000,0.000000000,0.050000000,-0.002224042,-0.000128231,0.000187179,0.002235585,0.773594480
44.058912616,HOLD,task_pose_stale,0.003820765,0,0.002223758,-0.000104044,0.050204733,0.000000000,0.000000000,0.050000000,-0.002224042,-0.000128231,0.000187179,0.002235585,0.773594480
44.068967949,HOLD,task_pose_stale,0.000737320,0,0.002223758,-0.000104044,0.050204733,0.000000000,0.000000000,0.050000000,-0.002224042,-0.000128231,0.000187179,0.002235585,0.773594480
44.079062464,HOLD,task_pose_stale,0.000606716,0,0.002223758,-0.000104044,0.050204733,0.000000000,0.000000000,0.050000000,-0.002224042,-0.000128231,0.000187179,0.002235585,0.773594480
44.089143919,HOLD,task_pose_stale,0.000726634,0,0.002223758,-0.000104044,0.050204733,0.000000000,0.000000000,0.050000000,-0.002224042,-0.000128231,0.000187179,0.002235585,0.773594480
44.099135137,HOLD,task_pose_stale,0.000921353,0,0.002223758,-0.000104044,0.050204733,0.000000000,0.000000000,0.050000000,-0.002224042,-0.000128231,0.000187179,0.002235585,0.773594480
44.109246275,HOLD,task_pose_stale,0.001110135,0,0.002223758,-0.000104044,0.050204733,0.000000000,0.000000000,0.050000000,-0.002224042,-0.000128231,0.000187179,0.002235585,0.773594480
44.119385907,HOLD,task_pose_stale,0.001206308,0,0.002223758,-0.000104044,0.050204733,0.000000000,0.000000000,0.050000000,-0.002224042,-0.000128231,0.000187179,0.002235585,0.773594480
44.129466175,HOLD,task_pose_stale,0.001152878,0,0.002223758,-0.000104044,0.050204733,0.000000000,0.000000000,0.050000000,-0.002224042,-0.000128231,0.000187179,0.002235585,0.773594480
44.139552378,HOLD,task_pose_stale,0.001202745,0,0.002223758,-0.000104044,0.050204733,0.000000000,0.000000000,0.050000000,-0.002224042,-0.000128231,0.000187179,0.002235585,0.773594480
44.149646893,HOLD,task_pose_stale,0.001392716,0,0.002223758,-0.000104044,0.050204733,0.000000000,0.000000000,0.050000000,-0.002224042,-0.000128231,0.000187179,0.002235585,0.773594480
44.159754469,HOLD,task_pose_stale,0.001421211,0,0.002223758,-0.000104044,0.050204733,0.000000000,0.000000000,0.050000000,-0.002224042,-0.000128231,0.000187179,0.002235585,0.773594480
44.169859669,HOLD,task_pose_stale,0.001231241,0,0.002223758,-0.000104044,0.050204733,0.000000000,0.000000000,0.050000000,-0.002224042,-0.000128231,0.000187179,0.002235585,0.773594480
44.180011175,HOLD,task_pose_stale,0.001082827,0,0.002223758,-0.000104044,0.050204733,0.000000000,0.000000000,0.050000000,-0.002224042,-0.000128231,0.000187179,0.002235585,0.773594480
44.189907409,HOLD,task_pose_stale,0.001008027,0,0.002223758,-0.000104044,0.050204733,0.000000000,0.000000000,0.050000000,-0.002224042,-0.000128231,0.000187179,0.002235585,0.773594480
44.199985302,HOLD,task_pose_stale,0.001068580,0,0.002223758,-0.000104044,0.050204733,0.000000000,0.000000000,0.050000000,-0.002224042,-0.000128231,0.000187179,0.002235585,0.773594480
44.210065569,HOLD,task_pose_stale,0.000905918,0,0.002223758,-0.000104044,0.050204733,0.000000000,0.000000000,0.050000000,-0.002224042,-0.000128231,0.000187179,0.002235585,0.773594480
44.220144649,HOLD,task_pose_stale,0.000796686,0,0.002223758,-0.000104044,0.050204733,0.000000000,0.000000000,0.050000000,-0.002224042,-0.000128231,0.000187179,0.002235585,0.773594480
44.230309215,HOLD,task_pose_stale,0.000644710,0,0.002223758,-0.000104044,0.050204733,0.000000000,0.000000000,0.050000000,-0.002224042,-0.000128231,0.000187179,0.002235585,0.773594480
44.240286186,HOLD,task_pose_stale,0.000801435,0,0.002223758,-0.000104044,0.050204733,0.000000000,0.000000000,0.050000000,-0.002224042,-0.000128231,0.000187179,0.002235585,0.773594480
44.250393762,HOLD,task_pose_stale,0.000489172,0,0.002223758,-0.000104044,0.050204733,0.000000000,0.000000000,0.050000000,-0.002224042,-0.000128231,0.000187179,0.002235585,0.773594480
44.260472841,HOLD,task_pose_stale,0.000851302,0,0.002223758,-0.000104044,0.050204733,0.000000000,0.000000000,0.050000000,-0.002224042,-0.000128231,0.000187179,0.002235585,0.773594480
44.270473559,HOLD,task_pose_stale,0.001056707,0,0.002223758,-0.000104044,0.050204733,0.000000000,0.000000000,0.050000000,-0.002224042,-0.000128231,0.000187179,0.002235585,0.773594480
44.280731923,HOLD,task_pose_stale,0.000512918,0,0.002223758,-0.000104044,0.050204733,0.000000000,0.000000000,0.050000000,-0.002224042,-0.000128231,0.000187179,0.002235585,0.773594480
44.290636468,HOLD,task_pose_stale,0.001049582,0,0.002223758,-0.000104044,0.050204733,0.000000000,0.000000000,0.050000000,-0.002224042,-0.000128231,0.000187179,0.002235585,0.773594480
44.300706049,HOLD,task_pose_stale,0.001406963,0,0.002223758,-0.000104044,0.050204733,0.000000000,0.000000000,0.050000000,-0.002224042,-0.000128231,0.000187179,0.002235585,0.773594480
44.310779193,HOLD,task_pose_stale,0.001585060,0,0.002223758,-0.000104044,0.050204733,0.000000000,0.000000000,0.050000000,-0.002224042,-0.000128231,0.000187179,0.002235585,0.773594480
44.320861834,HOLD,task_pose_stale,0.001623053,0,0.002223758,-0.000104044,0.050204733,0.000000000,0.000000000,0.050000000,-0.002224042,-0.000128231,0.000187179,0.002235585,0.773594480
44.330953975,HOLD,task_pose_stale,0.001699042,0,0.002223758,-0.000104044,0.050204733,0.000000000,0.000000000,0.050000000,-0.002224042,-0.000128231,0.000187179,0.002235585,0.773594480
44.341093607,HOLD,task_pose_stale,0.001803524,0,0.002223758,-0.000104044,0.050204733,0.000000000,0.000000000,0.050000000,-0.002224042,-0.000128231,0.000187179,0.002235585,0.773594480
44.351189310,HOLD,task_pose_stale,0.001443770,0,0.002223758,-0.000104044,0.050204733,0.000000000,0.000000000,0.050000000,-0.002224042,-0.000128231,0.000187179,0.002235585,0.773594480
44.361194776,HOLD,task_pose_stale,0.001034147,0,0.002223758,-0.000104044,0.050204733,0.000000000,0.000000000,0.050000000,-0.002224042,-0.000128231,0.000187179,0.002235585,0.773594480
44.371279793,HOLD,task_pose_stale,0.000920166,0,0.002223758,-0.000104044,0.050204733,0.000000000,0.000000000,0.050000000,-0.002224042,-0.000128231,0.000187179,0.002235585,0.773594480
44.381365996,HOLD,task_pose_stale,0.000898794,0,0.002223758,-0.000104044,0.050204733,0.000000000,0.000000000,0.050000000,-0.002224042,-0.000128231,0.000187179,0.002235585,0.773594480
44.391453387,HOLD,task_pose_stale,0.000737319,0,0.002223758,-0.000104044,0.050204733,0.000000000,0.000000000,0.050000000,-0.002224042,-0.000128231,0.000187179,0.002235585,0.773594480
44.401539591,HOLD,task_pose_stale,0.000534290,0,0.002223758,-0.000104044,0.050204733,0.000000000,0.000000000,0.050000000,-0.002224042,-0.000128231,0.000187179,0.002235585,0.773594480
44.411750462,HOLD,task_pose_stale,0.001320289,0,0.002223758,-0.000104044,0.050204733,0.000000000,0.000000000,0.050000000,-0.002224042,-0.000128231,0.000187179,0.002235585,0.773594480
44.421742869,HOLD,task_pose_stale,0.001403402,0,0.002223758,-0.000104044,0.050204733,0.000000000,0.000000000,0.050000000,-0.002224042,-0.000128231,0.000187179,0.002235585,0.773594480
44.431807701,HOLD,task_pose_stale,0.001380842,0,0.002223758,-0.000104044,0.050204733,0.000000000,0.000000000,0.050000000,-0.002224042,-0.000128231,0.000187179,0.002235585,0.773594480
44.441868971,HOLD,task_pose_stale,0.001605244,0,0.002223758,-0.000104044,0.050204733,0.000000000,0.000000000,0.050000000,-0.002224042,-0.000128231,0.000187179,0.002235585,0.773594480
44.451984858,HOLD,task_pose_stale,0.001523320,0,0.002223758,-0.000104044,0.050204733,0.000000000,0.000000000,0.050000000,-0.002224042,-0.000128231,0.000187179,0.002235585,0.773594480
44.461997448,HOLD,task_pose_stale,0.001650361,0,0.002223758,-0.000104044,0.050204733,0.000000000,0.000000000,0.050000000,-0.002224042,-0.000128231,0.000187179,0.002235585,0.773594480
44.472069404,HOLD,task_pose_stale,0.001754845,0,0.002223758,-0.000104044,0.050204733,0.000000000,0.000000000,0.050000000,-0.002224042,-0.000128231,0.000187179,0.002235585,0.773594480
44.482137798,HOLD,task_pose_stale,0.001684794,0,0.002223758,-0.000104044,0.050204733,0.000000000,0.000000000,0.050000000,-0.002224042,-0.000128231,0.000187179,0.002235585,0.773594480
44.492250123,HOLD,task_pose_stale,0.001685981,0,0.002223758,-0.000104044,0.050204733,0.000000000,0.000000000,0.050000000,-0.002224042,-0.000128231,0.000187179,0.002235585,0.773594480
44.502247278,HOLD,task_pose_stale,0.001226492,0,0.002223758,-0.000104044,0.050204733,0.000000000,0.000000000,0.050000000,-0.002224042,-0.000128231,0.000187179,0.002235585,0.773594480
44.512303799,HOLD,task_pose_stale,0.000949848,0,0.002223758,-0.000104044,0.050204733,0.000000000,0.000000000,0.050000000,-0.002224042,-0.000128231,0.000187179,0.002235585,0.773594480
44.522378130,HOLD,task_pose_stale,0.000444055,0,0.002223758,-0.000104044,0.050204733,0.000000000,0.000000000,0.050000000,-0.002224042,-0.000128231,0.000187179,0.002235585,0.773594480
44.532442962,HOLD,task_pose_stale,0.000043931,0,0.002223758,-0.000104044,0.050204733,0.000000000,0.000000000,0.050000000,-0.002224042,-0.000128231,0.000187179,0.002235585,0.773594480
44.542621776,HOLD,task_pose_stale,0.002295072,0,0.002223758,-0.000104044,0.050204733,0.000000000,0.000000000,0.050000000,-0.002224042,-0.000128231,0.000187179,0.002235585,0.773594480
44.552734100,HOLD,task_pose_stale,0.001310791,0,0.002223758,-0.000104044,0.050204733,0.000000000,0.000000000,0.050000000,-0.002224042,-0.000128231,0.000187179,0.002235585,0.773594480
44.564939654,HOLD,task_pose_stale,0.000918979,0,0.002223758,-0.000104044,0.050204733,0.000000000,0.000000000,0.050000000,-0.002224042,-0.000128231,0.000187179,0.002235585,0.773594480
44.574967679,HOLD,task_pose_stale,0.000262396,0,0.002223758,-0.000104044,0.050204733,0.000000000,0.000000000,0.050000000,-0.002224042,-0.000128231,0.000187179,0.002235585,0.773594480
44.585247415,HOLD,task_pose_stale,0.002583588,0,0.002223758,-0.000104044,0.050204733,0.000000000,0.000000000,0.050000000,-0.002224042,-0.000128231,0.000187179,0.002235585,0.773594480
44.595191141,HOLD,task_pose_stale,0.002386494,0,0.002223758,-0.000104044,0.050204733,0.000000000,0.000000000,0.050000000,-0.002224042,-0.000128231,0.000187179,0.002235585,0.773594480
44.605285656,HOLD,task_pose_stale,0.002187026,0,0.002223758,-0.000104044,0.050204733,0.000000000,0.000000000,0.050000000,-0.002224042,-0.000128231,0.000187179,0.002235585,0.773594480
44.615357612,HOLD,task_pose_stale,0.001928193,0,0.002223758,-0.000104044,0.050204733,0.000000000,0.000000000,0.050000000,-0.002224042,-0.000128231,0.000187179,0.002235585,0.773594480
44.625402260,HOLD,task_pose_stale,0.001929380,0,0.002223758,-0.000104044,0.050204733,0.000000000,0.000000000,0.050000000,-0.002224042,-0.000128231,0.000187179,0.002235585,0.773594480
44.635562077,HOLD,task_pose_stale,0.001813024,0,0.002223758,-0.000104044,0.050204733,0.000000000,0.000000000,0.050000000,-0.002224042,-0.000128231,0.000187179,0.002235585,0.773594480
44.645575855,HOLD,task_pose_stale,0.000878610,0,0.002223758,-0.000104044,0.050204733,0.000000000,0.000000000,0.050000000,-0.002224042,-0.000128231,0.000187179,0.002235585,0.773594480
44.655633563,HOLD,task_pose_stale,0.000225589,0,0.002223758,-0.000104044,0.050204733,0.000000000,0.000000000,0.050000000,-0.002224042,-0.000128231,0.000187179,0.002235585,0.773594480
44.665799316,HOLD,task_pose_stale,0.002588337,0,0.002223758,-0.000104044,0.050204733,0.000000000,0.000000000,0.050000000,-0.002224042,-0.000128231,0.000187179,0.002235585,0.773594480
44.676023248,HOLD,task_pose_stale,0.001970936,0,0.002223758,-0.000104044,0.050204733,0.000000000,0.000000000,0.050000000,-0.002224042,-0.000128231,0.000187179,0.002235585,0.773594480
44.685984784,HOLD,task_pose_stale,0.001151691,0,0.002223758,-0.000104044,0.050204733,0.000000000,0.000000000,0.050000000,-0.002224042,-0.000128231,0.000187179,0.002235585,0.773594480
44.699087944,HOLD,task_pose_stale,0.005588671,0,0.002223758,-0.000104044,0.050204733,0.000000000,0.000000000,0.050000000,-0.002224042,-0.000128231,0.000187179,0.002235585,0.773594480
44.709104097,HOLD,task_pose_stale,0.001080453,0,0.002223758,-0.000104044,0.050204733,0.000000000,0.000000000,0.050000000,-0.002224042,-0.000128231,0.000187179,0.002235585,0.773594480
44.719146370,HOLD,task_pose_stale,0.000388251,0,0.002223758,-0.000104044,0.050204733,0.000000000,0.000000000,0.050000000,-0.002224042,-0.000128231,0.000187179,0.002235585,0.773594480
44.729211202,HOLD,task_pose_stale,0.000032058,0,0.002223758,-0.000104044,0.050204733,0.000000000,0.000000000,0.050000000,-0.002224042,-0.000128231,0.000187179,0.002235585,0.773594480
44.739239228,HOLD,task_pose_stale,0.002273700,0,0.002223758,-0.000104044,0.050204733,0.000000000,0.000000000,0.050000000,-0.002224042,-0.000128231,0.000187179,0.002235585,0.773594480
44.749338492,HOLD,task_pose_stale,0.001961437,0,0.002223758,-0.000104044,0.050204733,0.000000000,0.000000000,0.050000000,-0.002224042,-0.000128231,0.000187179,0.002235585,0.773594480
44.759379578,HOLD,task_pose_stale,0.001611180,0,0.002223758,-0.000104044,0.050204733,0.000000000,0.000000000,0.050000000,-0.002224042,-0.000128231,0.000187179,0.002235585,0.773594480
44.769537020,HOLD,task_pose_stale,0.000828742,0,0.002223758,-0.000104044,0.050204733,0.000000000,0.000000000,0.050000000,-0.002224042,-0.000128231,0.000187179,0.002235585,0.773594480
44.779642221,HOLD,task_pose_stale,0.002680947,0,0.002223758,-0.000104044,0.050204733,0.000000000,0.000000000,0.050000000,-0.002224042,-0.000128231,0.000187179,0.002235585,0.773594480
44.789746234,HOLD,task_pose_stale,0.001551815,0,0.002223758,-0.000104044,0.050204733,0.000000000,0.000000000,0.050000000,-0.002224042,-0.000128231,0.000187179,0.002235585,0.773594480
44.799814628,HOLD,task_pose_stale,0.000604341,0,0.002223758,-0.000104044,0.050204733,0.000000000,0.000000000,0.050000000,-0.002224042,-0.000128231,0.000187179,0.002235585,0.773594480
44.809964947,HOLD,task_pose_stale,0.000030870,0,0.002223758,-0.000104044,0.050204733,0.000000000,0.000000000,0.050000000,-0.002224042,-0.000128231,0.000187179,0.002235585,0.773594480
44.820051151,HOLD,task_pose_stale,0.001853392,0,0.002223758,-0.000104044,0.050204733,0.000000000,0.000000000,0.050000000,-0.002224042,-0.000128231,0.000187179,0.002235585,0.773594480
44.830118357,HOLD,task_pose_stale,0.000865550,0,0.002223758,-0.000104044,0.050204733,0.000000000,0.000000000,0.050000000,-0.002224042,-0.000128231,0.000187179,0.002235585,0.773594480
44.840197437,HOLD,task_pose_stale,0.001460392,0,0.002223758,-0.000104044,0.050204733,0.000000000,0.000000000,0.050000000,-0.002224042,-0.000128231,0.000187179,0.002235585,0.773594480
44.850270581,HOLD,task_pose_stale,0.000454740,0,0.002223758,-0.000104044,0.050204733,0.000000000,0.000000000,0.050000000,-0.002224042,-0.000128231,0.000187179,0.002235585,0.773594480
44.860271298,HOLD,task_pose_stale,0.000243398,0,0.002223758,-0.000104044,0.050204733,0.000000000,0.000000000,0.050000000,-0.002224042,-0.000128231,0.000187179,0.002235585,0.773594480
44.870318320,HOLD,task_pose_stale,0.002114600,0,0.002223758,-0.000104044,0.050204733,0.000000000,0.000000000,0.050000000,-0.002224042,-0.000128231,0.000187179,0.002235585,0.773594480
44.880465077,HOLD,task_pose_stale,0.001051957,0,0.002223758,-0.000104044,0.050204733,0.000000000,0.000000000,0.050000000,-0.002224042,-0.000128231,0.000187179,0.002235585,0.773594480
44.890569090,HOLD,task_pose_stale,0.000268333,0,0.002223758,-0.000104044,0.050204733,0.000000000,0.000000000,0.050000000,-0.002224042,-0.000128231,0.000187179,0.002235585,0.773594480
44.900660043,HOLD,task_pose_stale,0.002124099,0,0.002223758,-0.000104044,0.050204733,0.000000000,0.000000000,0.050000000,-0.002224042,-0.000128231,0.000187179,0.002235585,0.773594480
44.910777117,HOLD,task_pose_stale,0.001157628,0,0.002223758,-0.000104044,0.050204733,0.000000000,0.000000000,0.050000000,-0.002224042,-0.000128231,0.000187179,0.002235585,0.773594480
44.920875194,HOLD,task_pose_stale,0.000232713,0,0.002223758,-0.000104044,0.050204733,0.000000000,0.000000000,0.050000000,-0.002224042,-0.000128231,0.000187179,0.002235585,0.773594480
44.930955461,HOLD,task_pose_stale,0.002071857,0,0.002223758,-0.000104044,0.050204733,0.000000000,0.000000000,0.050000000,-0.002224042,-0.000128231,0.000187179,0.002235585,0.773594480
44.941029792,HOLD,task_pose_stale,0.001119634,0,0.002223758,-0.000104044,0.050204733,0.000000000,0.000000000,0.050000000,-0.002224042,-0.000128231,0.000187179,0.002235585,0.773594480
44.951132618,HOLD,task_pose_stale,0.000192344,0,0.002223758,-0.000104044,0.050204733,0.000000000,0.000000000,0.050000000,-0.002224042,-0.000128231,0.000187179,0.002235585,0.773594480
44.961217634,HOLD,task_pose_stale,0.001987558,0,0.002223758,-0.000104044,0.050204733,0.000000000,0.000000000,0.050000000,-0.002224042,-0.000128231,0.000187179,0.002235585,0.773594480
44.971314524,HOLD,task_pose_stale,0.001032961,0,0.002223758,-0.000104044,0.050204733,0.000000000,0.000000000,0.050000000,-0.002224042,-0.000128231,0.000187179,0.002235585,0.773594480
44.981411413,HOLD,task_pose_stale,0.000103296,0,0.002223758,-0.000104044,0.050204733,0.000000000,0.000000000,0.050000000,-0.002224042,-0.000128231,0.000187179,0.002235585,0.773594480
44.991505928,HOLD,task_pose_stale,0.001925817,0,0.002223758,-0.000104044,0.050204733,0.000000000,0.000000000,0.050000000,-0.002224042,-0.000128231,0.000187179,0.002235585,0.773594480
45.001599256,HOLD,task_pose_stale,0.000994967,0,0.002223758,-0.000104044,0.050204733,0.000000000,0.000000000,0.050000000,-0.002224042,-0.000128231,0.000187179,0.002235585,0.773594480
45.011622532,HOLD,task_pose_stale,0.000042744,0,0.002223758,-0.000104044,0.050204733,0.000000000,0.000000000,0.050000000,-0.002224042,-0.000128231,0.000187179,0.002235585,0.773594480
45.021768101,HOLD,task_pose_stale,0.001881887,0,0.002223758,-0.000104044,0.050204733,0.000000000,0.000000000,0.050000000,-0.002224042,-0.000128231,0.000187179,0.002235585,0.773594480
45.031869740,HOLD,task_pose_stale,0.000922540,0,0.002223758,-0.000104044,0.050204733,0.000000000,0.000000000,0.050000000,-0.002224042,-0.000128231,0.000187179,0.002235585,0.773594480
45.041990376,HOLD,task_pose_stale,0.000041556,0,0.002223758,-0.000104044,0.050204733,0.000000000,0.000000000,0.050000000,-0.002224042,-0.000128231,0.000187179,0.002235585,0.773594480
45.052011278,HOLD,task_pose_stale,0.001987558,0,0.002223758,-0.000104044,0.050204733,0.000000000,0.000000000,0.050000000,-0.002224042,-0.000128231,0.000187179,0.002235585,0.773594480
45.062129539,HOLD,task_pose_stale,0.002572902,0,0.002223758,-0.000104044,0.050204733,0.000000000,0.000000000,0.050000000,-0.002224042,-0.000128231,0.000187179,0.002235585,0.773594480
45.072136193,HOLD,task_pose_stale,0.001688356,0,0.002223758,-0.000104044,0.050204733,0.000000000,0.000000000,0.050000000,-0.002224042,-0.000128231,0.000187179,0.002235585,0.773594480
45.082202212,HOLD,task_pose_stale,0.001177812,0,0.002223758,-0.000104044,0.050204733,0.000000000,0.000000000,0.050000000,-0.002224042,-0.000128231,0.000187179,0.002235585,0.773594480
45.092346594,HOLD,task_pose_stale,0.000720698,0,0.002223758,-0.000104044,0.050204733,0.000000000,0.000000000,0.050000000,-0.002224042,-0.000128231,0.000187179,0.002235585,0.773594480
45.102445858,HOLD,task_pose_stale,0.000030870,0,0.002223758,-0.000104044,0.050204733,0.000000000,0.000000000,0.050000000,-0.002224042,-0.000128231,0.000187179,0.002235585,0.773594480
45.112537998,HOLD,task_pose_stale,0.001927006,0,0.002223758,-0.000104044,0.050204733,0.000000000,0.000000000,0.050000000,-0.002224042,-0.000128231,0.000187179,0.002235585,0.773594480
45.122633701,HOLD,task_pose_stale,0.000923728,0,0.002223758,-0.000104044,0.050204733,0.000000000,0.000000000,0.050000000,-0.002224042,-0.000128231,0.000187179,0.002235585,0.773594480
45.132793518,HOLD,task_pose_stale,0.000032057,0,0.002223758,-0.000104044,0.050204733,0.000000000,0.000000000,0.050000000,-0.002224042,-0.000128231,0.000187179,0.002235585,0.773594480
