time_s,controller_state,reason,robot_state_age_s,command_sent,measured_x_T_S_m,measured_y_T_S_m,measured_z_T_S_m,desired_x_T_S_m,desired_y_T_S_m,desired_z_T_S_m,error_x_m,error_y_m,error_z_m,position_error_m,orientation_error_deg
6.822587785,READY,waiting_for_consecutive_valid_measurements,0.001421211,0,0.000000000,-0.000000025,0.050000010,0.000000000,0.000000000,0.050000000,-0.000000000,-0.000000025,0.000000010,0.000000027,0.000005118
6.832640747,READY,waiting_for_consecutive_valid_measurements,0.001275172,0,0.000000000,-0.000000025,0.050000010,0.000000000,0.000000000,0.050000000,-0.000000000,-0.000000025,0.000000010,0.000000027,0.000005118
6.846008680,READY,waiting_for_consecutive_valid_measurements,0.008444155,0,0.000000000,-0.000000027,0.050000010,0.000000000,0.000000000,0.050000000,-0.000000000,-0.000000027,0.000000010,0.000000029,0.000005486
6.853203784,READY,waiting_for_consecutive_valid_measurements,0.000290891,0,0.000000000,-0.000000030,0.050000010,0.000000000,0.000000000,0.050000000,-0.000000000,-0.000000030,0.000000010,0.000000032,0.000006168
6.863148701,READY,waiting_for_consecutive_valid_measurements,0.000149602,0,0.000000000,-0.000000026,0.050000010,0.000000000,0.000000000,0.050000000,-0.000000000,-0.000000026,0.000000010,0.000000028,0.000005349
6.873314457,READY,waiting_for_consecutive_valid_measurements,0.000229152,0,0.000000000,-0.000000024,0.050000010,0.000000000,0.000000000,0.050000000,-0.000000000,-0.000000024,0.000000010,0.000000026,0.000004986
6.883196446,READY,waiting_for_consecutive_valid_measurements,0.000332447,0,0.000000000,-0.000000025,0.050000010,0.000000000,0.000000000,0.050000000,-0.000000000,-0.000000025,0.000000010,0.000000027,0.000005134
6.893380011,READY,waiting_for_consecutive_valid_measurements,0.000073613,0,0.000000000,-0.000000025,0.050000010,0.000000000,0.000000000,0.050000000,-0.000000000,-0.000000025,0.000000010,0.000000027,0.000005149
6.903467405,READY,waiting_for_consecutive_valid_measurements,0.002187026,0,0.000000000,-0.000000025,0.050000010,0.000000000,0.000000000,0.050000000,-0.000000000,-0.000000025,0.000000010,0.000000027,0.000005113
6.913540551,READY,waiting_for_consecutive_valid_measurements,0.001756033,0,0.000000000,-0.000000025,0.050000010,0.000000000,0.000000000,0.050000000,-0.000000000,-0.000000025,0.000000010,0.000000027,0.000005110
6.923625570,READY,waiting_for_consecutive_valid_measurements,0.001879513,0,0.000000000,-0.000000025,0.050000010,0.000000000,0.000000000,0.050000000,-0.000000000,-0.000000025,0.000000010,0.000000027,0.000005109
6.933982483,READY,waiting_for_consecutive_valid_measurements,0.000819244,0,0.000000000,-0.000000026,0.050000010,0.000000000,0.000000000,0.050000000,-0.000000000,-0.000000026,0.000000010,0.000000027,0.000005206
6.943929774,READY,waiting_for_consecutive_valid_measurements,0.000444054,0,0.000000000,-0.000000024,0.050000010,0.000000000,0.000000000,0.050000000,-0.000000000,-0.000000024,0.000000010,0.000000025,0.000004814
6.954154895,READY,waiting_for_consecutive_valid_measurements,0.000537852,0,0.000000000,-0.000000026,0.050000010,0.000000000,0.000000000,0.050000000,-0.000000000,-0.000000026,0.000000010,0.000000028,0.000005344
6.964254162,READY,waiting_for_consecutive_valid_measurements,0.000599592,0,0.000000000,-0.000000023,0.050000010,0.000000000,0.000000000,0.050000000,-0.000000000,-0.000000023,0.000000010,0.000000025,0.000004648
6.974285752,READY,waiting_for_consecutive_valid_measurements,0.000673205,0,0.000000000,-0.000000023,0.050000010,0.000000000,0.000000000,0.050000000,-0.000000000,-0.000000023,0.000000010,0.000000025,0.000004648
6.984408765,READY,waiting_for_consecutive_valid_measurements,0.000632836,0,0.000000000,-0.000000025,0.050000010,0.000000000,0.000000000,0.050000000,-0.000000000,-0.000000025,0.000000010,0.000000027,0.000005163
6.994516343,READY,waiting_for_consecutive_valid_measurements,0.000685079,0,0.000000000,-0.000000024,0.050000010,0.000000000,0.000000000,0.050000000,-0.000000000,-0.000000024,0.000000010,0.000000026,0.000004826
7.004690410,READY,waiting_for_consecutive_valid_measurements,0.000330072,0,0.000000000,-0.000000025,0.050000010,0.000000000,0.000000000,0.050000000,-0.000000000,-0.000000025,0.000000010,0.000000027,0.000005167
7.014540341,READY,waiting_for_consecutive_valid_measurements,0.000011873,0,0.000000000,-0.000000024,0.050000010,0.000000000,0.000000000,0.050000000,-0.000000000,-0.000000024,0.000000010,0.000000025,0.000004821
7.024802270,READY,waiting_for_consecutive_valid_measurements,0.002160906,0,0.000000000,-0.000000025,0.050000010,0.000000000,0.000000000,0.050000000,-0.000000000,-0.000000025,0.000000010,0.000000027,0.000005172
7.035013144,TRACKING,,0.002020804,1,0.000000000,-0.000000024,0.050000010,0.000000000,0.000000000,0.050000000,-0.000000000,-0.000000024,0.000000010,0.000000025,0.000004805
7.045051857,TRACKING,,0.001783341,1,0.000000000,-0.000000025,0.050000010,0.000000000,0.000000000,0.050000000,-0.000000000,-0.000000025,0.000000010,0.000000027,0.000005155
7.054888728,TRACKING,,0.001208682,1,0.000000000,-0.000000022,0.050000010,0.000000000,0.000000000,0.050000000,-0.000000000,-0.000000022,0.000000010,0.000000024,0.000004465
7.064959500,TRACKING,,0.000936788,1,0.000000000,-0.000000019,0.050000010,0.000000000,0.000000000,0.050000000,-0.000000000,-0.000000019,0.000000010,0.000000021,0.000003798
7.075051642,TRACKING,,0.000806184,1,0.000000000,-0.000000016,0.050000010,0.000000000,0.000000000,0.050000000,-0.000000000,-0.000000016,0.000000010,0.000000018,0.000003203
7.085144972,TRACKING,,0.000655396,1,0.000000000,-0.000000013,0.050000010,0.000000000,0.000000000,0.050000000,-0.000000000,-0.000000013,0.000000010,0.000000016,0.000002662
7.095220493,TRACKING,,0.000466613,1,0.000000000,-0.000000010,0.050000010,0.000000000,0.000000000,0.050000000,-0.000000000,-0.000000010,0.000000010,0.000000014,0.000002163
7.105411183,TRACKING,,0.000355006,1,0.000000000,-0.000000008,0.050000010,0.000000000,0.000000000,0.050000000,-0.000000000,-0.000000008,0.000000010,0.000000013,0.000001700
7.115477205,TRACKING,,0.000117544,1,0.000000000,-0.000000006,0.050000010,0.000000000,0.000000000,0.050000000,-0.000000000,-0.000000006,0.000000010,0.000000011,0.000001281
7.125473175,TRACKING,,0.000274268,1,0.000000000,-0.000000004,0.050000010,0.000000000,0.000000000,0.050000000,-0.000000000,-0.000000004,0.000000010,0.000000010,0.000000887
7.135764786,TRACKING,,0.000184033,1,0.000000000,-0.000000002,0.050000010,0.000000000,0.000000000,0.050000000,-0.000000000,-0.000000002,0.000000010,0.000000010,0.000000453
7.145617092,TRACKING,,0.000286142,1,0.000000000,-0.000000000,0.050000010,0.000000000,0.000000000,0.050000000,-0.000000000,-0.000000000,0.000000010,0.000000010,0.000000133
7.155789972,TRACKING,,0.000358568,1,0.000000000,0.000000001,0.050000010,0.000000000,0.000000000,0.050000000,-0.000000000,0.000000001,0.000000010,0.000000010,0.000000228
7.165745574,TRACKING,,0.000395374,1,0.000000000,0.000000003,0.050000010,0.000000000,0.000000000,0.050000000,-0.000000000,0.000000003,0.000000010,0.000000010,0.000000493
7.175800910,TRACKING,,0.000438118,1,0.000000000,0.000000004,0.050000010,0.000000000,0.000000000,0.050000000,-0.000000000,0.000000004,0.000000010,0.000000010,0.000000738
7.185834875,TRACKING,,0.000471363,1,0.000000000,0.000000005,0.050000010,0.000000000,0.000000000,0.050000000,-0.000000000,0.000000005,0.000000010,0.000000011,0.000000963
7.195908021,TRACKING,,0.000485610,1,0.000000000,0.000000006,0.050000010,0.000000000,0.000000000,0.050000000,-0.000000000,0.000000006,0.000000010,0.000000011,0.000001171
7.206036970,TRACKING,,0.000571097,1,0.000000000,0.000000007,0.050000010,0.000000000,0.000000000,0.050000000,-0.000000000,0.000000007,0.000000010,0.000000012,0.000001363
7.216055500,TRACKING,,0.000846553,1,0.000000000,0.000000007,0.050000010,0.000000000,0.000000000,0.050000000,-0.000000000,0.000000007,0.000000010,0.000000012,0.000001363
7.226122709,TRACKING,,0.001087577,1,0.000000000,0.000000008,0.050000010,0.000000000,0.000000000,0.050000000,-0.000000000,0.000000008,0.000000010,0.000000012,0.000001578
7.236197042,TRACKING,,0.001070954,1,0.000000000,0.000000009,0.050000010,0.000000000,0.000000000,0.050000000,-0.000000000,0.000000009,0.000000010,0.000000013,0.000001772
7.246260690,TRACKING,,0.001105387,1,0.000000000,0.000000010,0.050000010,0.000000000,0.000000000,0.050000000,-0.000000000,0.000000010,0.000000010,0.000000014,0.000001918
7.256339772,TRACKING,,0.001171876,1,0.000000000,0.000000010,0.050000010,0.000000000,0.000000000,0.050000000,-0.000000000,0.000000010,0.000000010,0.000000014,0.000002052
7.266416480,TRACKING,,0.001222930,1,0.000000000,0.000000011,0.050000010,0.000000000,0.000000000,0.050000000,-0.000000000,0.000000011,0.000000010,0.000000015,0.000002175
7.276525245,TRACKING,,0.001257362,1,0.000000000,0.000000012,0.050000010,0.000000000,0.000000000,0.050000000,-0.000000000,0.000000012,0.000000010,0.000000015,0.000002289
7.286603140,TRACKING,,0.001395090,1,0.000000000,0.000000012,0.050000010,0.000000000,0.000000000,0.050000000,-0.000000000,0.000000012,0.000000010,0.000000015,0.000002395
7.296784331,TRACKING,,0.001378468,1,0.000000000,0.000000013,0.050000010,0.000000000,0.000000000,0.050000000,-0.000000000,0.000000013,0.000000010,0.000000016,0.000002514
7.306747057,TRACKING,,0.001456831,1,0.000000000,0.000000013,0.050000010,0.000000000,0.000000000,0.050000000,-0.000000000,0.000000013,0.000000010,0.000000016,0.000002602
7.316898565,TRACKING,,0.001642051,1,0.000000000,0.000000014,0.050000010,0.000000000,0.000000000,0.050000000,-0.000000000,0.000000014,0.000000010,0.000000017,0.000002702
7.326901660,TRACKING,,0.001336912,1,0.000000000,0.000000014,0.050000010,0.000000000,0.000000000,0.050000000,-0.000000000,0.000000014,0.000000010,0.000000017,0.000002776
7.336981930,TRACKING,,0.001041272,1,0.000000000,0.000000014,0.050000010,0.000000000,0.000000000,0.050000000,-0.000000000,0.000000014,0.000000010,0.000000017,0.000002845
7.347139374,TRACKING,,0.001036523,1,0.000000000,0.000000015,0.050000010,0.000000000,0.000000000,0.050000000,-0.000000000,0.000000015,0.000000010,0.000000017,0.000002908
7.357125847,TRACKING,,0.000820432,1,0.000000000,0.000000015,0.050000010,0.000000000,0.000000000,0.050000000,-0.000000000,0.000000015,0.000000010,0.000000018,0.000002967
7.367195430,TRACKING,,0.000814495,1,0.000000000,0.000000015,0.050000010,0.000000000,0.000000000,0.050000000,-0.000000000,0.000000015,0.000000010,0.000000018,0.000003020
7.377268576,TRACKING,,0.000783625,1,0.000000000,0.000000015,0.050000010,0.000000000,0.000000000,0.050000000,-0.000000000,0.000000015,0.000000010,0.000000018,0.000003069
7.387344097,TRACKING,,0.000483235,1,0.000000000,0.000000016,0.050000010,0.000000000,0.000000000,0.050000000,-0.000000000,0.000000016,0.000000010,0.000000018,0.000003115
7.397424366,TRACKING,,0.000414372,1,0.000000000,0.000000016,0.050000010,0.000000000,0.000000000,0.050000000,-0.000000000,0.000000016,0.000000010,0.000000018,0.000003156
7.407548567,TRACKING,,0.000119918,1,0.000000000,0.000000016,0.050000010,0.000000000,0.000000000,0.050000000,-0.000000000,0.000000016,0.000000010,0.000000019,0.000003194
7.417715510,TRACKING,,0.000066489,1,0.000000000,0.000000016,0.050000010,0.000000000,0.000000000,0.050000000,-0.000000000,0.000000016,0.000000010,0.000000019,0.000003230
7.427937070,TRACKING,,0.002404305,1,0.000000000,0.000000016,0.050000010,0.000000000,0.000000000,0.050000000,-0.000000000,0.000000016,0.000000010,0.000000019,0.000003230
7.437981720,TRACKING,,0.002272513,1,0.000000000,0.000000016,0.050000010,0.000000000,0.000000000,0.050000000,-0.000000000,0.000000016,0.000000010,0.000000019,0.000003263
7.448056053,TRACKING,,0.001560126,1,0.000000000,0.000000016,0.050000010,0.000000000,0.000000000,0.050000000,-0.000000000,0.000000016,0.000000010,0.000000019,0.000003293
7.458180254,TRACKING,,0.000588906,1,0.000000000,0.000000017,0.050000010,0.000000000,0.000000000,0.050000000,-0.000000000,0.000000017,0.000000010,0.000000019,0.000003322
7.468341260,TRACKING,,0.002323567,1,0.000000000,0.000000017,0.050000010,0.000000000,0.000000000,0.050000000,-0.000000000,0.000000017,0.000000010,0.000000019,0.000003349
7.478370476,TRACKING,,0.001279921,1,0.000000000,0.000000017,0.050000010,0.000000000,0.000000000,0.050000000,-0.000000000,0.000000017,0.000000010,0.000000019,0.000003374
7.488475679,TRACKING,,0.000155538,1,0.000000000,0.000000017,0.050000010,0.000000000,0.000000000,0.050000000,-0.000000000,0.000000017,0.000000010,0.000000019,0.000003397
7.498580882,TRACKING,,0.001908009,1,0.000000000,0.000000017,0.050000010,0.000000000,0.000000000,0.050000000,-0.000000000,0.000000017,0.000000010,0.000000020,0.000003419
7.508687273,TRACKING,,0.000872673,1,0.000000000,0.000000017,0.050000010,0.000000000,0.000000000,0.050000000,-0.000000000,0.000000017,0.000000010,0.000000020,0.000003438
7.519077431,TRACKING,,0.002622770,1,0.000000000,0.000000017,0.050000010,0.000000000,0.000000000,0.050000000,-0.000000000,0.000000017,0.000000010,0.000000020,0.000003455
7.528865622,TRACKING,,0.001524507,1,0.000000000,0.000000017,0.050000010,0.000000000,0.000000000,0.050000000,-0.000000000,0.000000017,0.000000010,0.000000020,0.000003472
7.538942330,TRACKING,,0.000406061,1,0.000000000,0.000000017,0.050000010,0.000000000,0.000000000,0.050000000,-0.000000000,0.000000017,0.000000010,0.000000020,0.000003486
7.549143705,TRACKING,,0.002061172,1,0.000000000,0.000000017,0.050000010,0.000000000,0.000000000,0.050000000,-0.000000000,0.000000017,0.000000010,0.000000020,0.000003486
7.559023319,TRACKING,,0.000743256,1,0.000000000,0.000000017,0.050000010,0.000000000,0.000000000,0.050000000,-0.000000000,0.000000017,0.000000010,0.000000020,0.000003500
7.569090528,TRACKING,,0.002506413,1,0.000000000,0.000000018,0.050000010,0.000000000,0.000000000,0.050000000,-0.000000000,0.000000018,0.000000010,0.000000020,0.000003512
7.579218290,TRACKING,,0.001836770,1,0.000000000,0.000000018,0.050000010,0.000000000,0.000000000,0.050000000,-0.000000000,0.000000018,0.000000010,0.000000020,0.000003523
7.589366237,TRACKING,,0.000696952,1,0.000000000,0.000000018,0.050000010,0.000000000,0.000000000,0.050000000,-0.000000000,0.000000018,0.000000010,0.000000020,0.000003533
7.599446507,TRACKING,,0.002445861,1,0.000000000,0.000000018,0.050000010,0.000000000,0.000000000,0.050000000,-0.000000000,0.000000018,0.000000010,0.000000020,0.000003543
7.609516090,TRACKING,,0.001399840,1,0.000000000,0.000000018,0.050000010,0.000000000,0.000000000,0.050000000,-0.000000000,0.000000018,0.000000010,0.000000020,0.000003551
7.619611795,TRACKING,,0.000295641,1,0.000000000,0.000000018,0.050000010,0.000000000,0.000000000,0.050000000,-0.000000000,0.000000018,0.000000010,0.000000020,0.000003559
7.629689690,TRACKING,,0.002038613,1,0.000000000,0.000000018,0.050000010,0.000000000,0.000000000,0.050000000,-0.000000000,0.000000018,0.000000010,0.000000020,0.000003566
7.639791331,TRACKING,,0.000968846,1,0.000000000,0.000000018,0.050000010,0.000000000,0.000000000,0.050000000,-0.000000000,0.000000018,0.000000010,0.000000020,0.000003573
7.649940465,TRACKING,,0.002627519,1,0.000000000,0.000000018,0.050000010,0.000000000,0.000000000,0.050000000,-0.000000000,0.000000018,0.000000010,0.000000020,0.000003573
7.659969681,TRACKING,,0.001670547,1,0.000000000,0.000000018,0.050000010,0.000000000,0.000000000,0.050000000,-0.000000000,0.000000018,0.000000010,0.000000020,0.000003579
7.670052325,TRACKING,,0.000630462,1,0.000000000,0.000000018,0.050000010,0.000000000,0.000000000,0.050000000,-0.000000000,0.000000018,0.000000010,0.000000020,0.000003584
7.680136156,TRACKING,,0.002232144,1,0.000000000,0.000000018,0.050000010,0.000000000,0.000000000,0.050000000,-0.000000000,0.000000018,0.000000010,0.000000020,0.000003589
7.690196242,TRACKING,,0.001179000,1,0.000000000,0.000000018,0.050000010,0.000000000,0.000000000,0.050000000,-0.000000000,0.000000018,0.000000010,0.000000020,0.000003594
7.700388119,TRACKING,,0.000905919,1,0.000000000,0.000000018,0.050000010,0.000000000,0.000000000,0.050000000,-0.000000000,0.000000018,0.000000010,0.000000020,0.000003599
7.710442268,TRACKING,,0.002574090,1,0.000000000,0.000000018,0.050000010,0.000000000,0.000000000,0.050000000,-0.000000000,0.000000018,0.000000010,0.000000020,0.000003603
7.720471483,TRACKING,,0.001519758,1,0.000000000,0.000000018,0.050000010,0.000000000,0.000000000,0.050000000,-0.000000000,0.000000018,0.000000010,0.000000020,0.000003606
7.730665734,TRACKING,,0.000042744,1,0.000000000,0.000000018,0.050000010,0.000000000,0.000000000,0.050000000,-0.000000000,0.000000018,0.000000010,0.000000020,0.000003606
7.740805370,TRACKING,,0.001946003,1,0.000000000,0.000000018,0.050000010,0.000000000,0.000000000,0.050000000,-0.000000000,0.000000018,0.000000010,0.000000020,0.000003609
7.750870204,TRACKING,,0.001298918,1,0.000000000,0.000000018,0.050000010,0.000000000,0.000000000,0.050000000,-0.000000000,0.000000018,0.000000010,0.000000020,0.000003612
7.761024087,TRACKING,,0.000283767,1,0.000000000,0.000000018,0.050000010,0.000000000,0.000000000,0.050000000,-0.000000000,0.000000018,0.000000010,0.000000020,0.000003615
7.771080611,TRACKING,,0.002010118,1,0.000000000,0.000000018,0.050000010,0.000000000,0.000000000,0.050000000,-0.000000000,0.000000018,0.000000010,0.000000020,0.000003617
7.781113388,TRACKING,,0.001341661,1,0.000000000,0.000000018,0.050000010,0.000000000,0.000000000,0.050000000,-0.000000000,0.000000018,0.000000010,0.000000020,0.000003619
7.791152102,TRACKING,,0.000850115,1,0.000000000,0.000000018,0.050000010,0.000000000,0.000000000,0.050000000,-0.000000000,0.000000018,0.000000010,0.000000020,0.000003621
7.801188441,TRACKING,,0.000324136,1,0.000000000,0.000000018,0.050000010,0.000000000,0.000000000,0.050000000,-0.000000000,0.000000018,0.000000010,0.000000020,0.000003623
7.811296019,TRACKING,,0.002437549,1,0.000000000,0.000000018,0.050000010,0.000000000,0.000000000,0.050000000,-0.000000000,0.000000018,0.000000010,0.000000020,0.000003624
7.821364415,TRACKING,,0.001803526,1,0.000000000,0.000000018,0.050000010,0.000000000,0.000000000,0.050000000,-0.000000000,0.000000018,0.000000010,0.000000020,0.000003626
7.831463682,TRACKING,,0.001200372,1,0.000000000,0.000000018,0.050000010,0.000000000,0.000000000,0.050000000,-0.000000000,0.000000018,0.000000010,0.000000020,0.000003627
7.841557012,TRACKING,,0.000752755,1,0.000000000,0.000000018,0.050000010,0.000000000,0.000000000,0.050000000,-0.000000000,0.000000018,0.000000010,0.000000020,0.000003629
7.851695460,TRACKING,,0.002689259,1,0.000000000,0.000000018,0.050000010,0.000000000,0.000000000,0.050000000,-0.000000000,0.000000018,0.000000010,0.000000020,0.000003630
7.861751984,TRACKING,,0.001727537,1,0.000000000,0.000000018,0.050000010,0.000000000,0.000000000,0.050000000,-0.000000000,0.000000018,0.000000010,0.000000020,0.000003631
7.871998477,TRACKING,,0.000539039,1,0.000000000,0.000000018,0.050000010,0.000000000,0.000000000,0.050000000,-0.000000000,0.000000018,0.000000010,0.000000020,0.000003632
7.881905399,TRACKING,,0.002227395,1,0.000000000,0.000000018,0.050000010,0.000000000,0.000000000,0.050000000,-0.000000000,0.000000018,0.000000010,0.000000020,0.000003632
7.892166140,TRACKING,,0.001173063,1,0.000000000,0.000000018,0.050000010,0.000000000,0.000000000,0.050000000,-0.000000000,0.000000018,0.000000010,0.000000020,0.000003633
7.902103932,TRACKING,,0.001395090,1,0.000000000,0.000000018,0.050000010,0.000000000,0.000000000,0.050000000,-0.000000000,0.000000018,0.000000010,0.000000020,0.000003634
7.912185389,TRACKING,,0.000871486,1,0.000000000,0.000000018,0.050000010,0.000000000,0.000000000,0.050000000,-0.000000000,0.000000018,0.000000010,0.000000020,0.000003634
7.922297716,TRACKING,,0.000324136,1,0.000000000,0.000000018,0.050000010,0.000000000,0.000000000,0.050000000,-0.000000000,0.000000018,0.000000010,0.000000020,0.000003635
7.932800669,TRACKING,,0.002423302,1,0.000000000,0.000000018,0.050000010,0.000000000,0.000000000,0.050000000,-0.000000000,0.000000018,0.000000010,0.000000020,0.000003636
7.942438072,TRACKING,,0.001363033,1,0.000000000,0.000000018,0.050000010,0.000000000,0.000000000,0.050000000,-0.000000000,0.000000018,0.000000010,0.000000020,0.000003636
7.952549211,TRACKING,,0.000417934,1,0.000000000,0.000000018,0.050000010,0.000000000,0.000000000,0.050000000,-0.000000000,0.000000018,0.000000010,0.000000020,0.000003637
7.962679348,TRACKING,,0.002417365,1,0.000000000,0.000000018,0.050000010,0.000000000,0.000000000,0.050000000,-0.000000000,0.000000018,0.000000010,0.000000020,0.000003637
7.972745370,TRACKING,,0.001627803,1,0.000000000,0.000000018,0.050000010,0.000000000,0.000000000,0.050000000,-0.000000000,0.000000018,0.000000010,0.000000020,0.000003638
7.982725906,TRACKING,,0.001060268,1,0.000000000,0.000000018,0.050000010,0.000000000,0.000000000,0.050000000,-0.000000000,0.000000018,0.000000010,0.000000020,0.000003638
7.992873852,TRACKING,,0.000375191,1,0.000000000,0.000000018,0.050000010,0.000000000,0.000000000,0.050000000,-0.000000000,0.000000018,0.000000010,0.000000020,0.000003638
8.003112034,TRACKING,,0.002432800,1,0.000000000,0.000000018,0.050000010,0.000000000,0.000000000,0.050000000,-0.000000000,0.000000018,0.000000010,0.000000020,0.000003638
8.012903787,TRACKING,,0.001889011,1,0.000000000,0.000000018,0.050000010,0.000000000,0.000000000,0.050000000,-0.000000000,0.000000018,0.000000010,0.000000020,0.000003639
8.022973371,TRACKING,,0.001155253,1,0.000000000,0.000000018,0.050000010,0.000000000,0.000000000,0.050000000,-0.000000000,0.000000018,0.000000010,0.000000020,0.000003639
8.033167623,TRACKING,,0.000540227,1,0.000000000,0.000000018,0.050000010,0.000000000,0.000000000,0.050000000,-0.000000000,0.000000018,0.000000010,0.000000020,0.000003639
8.043307258,TRACKING,,0.000032057,1,0.000000000,0.000000018,0.050000010,0.000000000,0.000000000,0.050000000,-0.000000000,0.000000018,0.000000010,0.000000020,0.000003640
8.053464703,TRACKING,,0.001969749,1,0.000000000,0.000000018,0.050000010,0.000000000,0.000000000,0.050000000,-0.000000000,0.000000018,0.000000010,0.000000020,0.000003640
8.063534287,TRACKING,,0.001433084,1,0.000000000,0.000000018,0.050000010,0.000000000,0.000000000,0.050000000,-0.000000000,0.000000018,0.000000010,0.000000020,0.000003640
8.073644239,TRACKING,,0.000762253,1,0.000000000,0.000000018,0.050000010,0.000000000,0.000000000,0.050000000,-0.000000000,0.000000018,0.000000010,0.000000020,0.000003640
8.083760128,TRACKING,,0.000239837,1,0.000000000,0.000000018,0.050000010,0.000000000,0.000000000,0.050000000,-0.000000000,0.000000018,0.000000010,0.000000020,0.000003640
8.094062425,TRACKING,,0.002378184,1,0.000000000,0.000000018,0.050000010,0.000000000,0.000000000,0.050000000,-0.000000000,0.000000018,0.000000010,0.000000020,0.000003641
8.103895734,TRACKING,,0.001909196,1,0.000000000,0.000000018,0.050000010,0.000000000,0.000000000,0.050000000,-0.000000000,0.000000018,0.000000010,0.000000020,0.000003641
8.113979565,TRACKING,,0.000617402,1,0.000000000,0.000000018,0.050000010,0.000000000,0.000000000,0.050000000,-0.000000000,0.000000018,0.000000010,0.000000020,0.000003641
8.124070521,TRACKING,,0.000075988,1,0.000000000,0.000000018,0.050000010,0.000000000,0.000000000,0.050000000,-0.000000000,0.000000018,0.000000010,0.000000020,0.000003641
8.134157914,TRACKING,,0.002208398,1,0.000000000,0.000000018,0.050000010,0.000000000,0.000000000,0.050000000,-0.000000000,0.000000018,0.000000010,0.000000020,0.000003641
8.144180006,TRACKING,,0.001693105,1,0.000000000,0.000000018,0.050000010,0.000000000,0.000000000,0.050000000,-0.000000000,0.000000018,0.000000010,0.000000020,0.000003641
8.154266212,TRACKING,,0.001145755,1,0.000000000,0.000000018,0.050000010,0.000000000,0.000000000,0.050000000,-0.000000000,0.000000018,0.000000010,0.000000020,0.000003641
8.164364292,TRACKING,,0.000599592,1,0.000000000,0.000000018,0.050000010,0.000000000,0.000000000,0.050000000,-0.000000000,0.000000018,0.000000010,0.000000020,0.000003641
8.175306549,TRACKING,,0.000341945,1,0.000000000,0.000000018,0.050000010,0.000000000,0.000000000,0.050000000,-0.000000000,0.000000018,0.000000010,0.000000020,0.000003642
8.185190912,TRACKING,,0.001688356,1,0.000000000,0.000000018,0.050000010,0.000000000,0.000000000,0.050000000,-0.000000000,0.000000018,0.000000010,0.000000020,0.000003642
8.195239125,TRACKING,,0.000670831,1,0.000000000,0.000000018,0.050000010,0.000000000,0.000000000,0.050000000,-0.000000000,0.000000018,0.000000010,0.000000020,0.000003642
8.205899989,TRACKING,,0.002379371,1,0.000000000,0.000000018,0.050000010,0.000000000,0.000000000,0.050000000,-0.000000000,0.000000018,0.000000010,0.000000020,0.000003642
8.215582510,TRACKING,,0.001258550,1,0.000000000,0.000000018,0.050000010,0.000000000,0.000000000,0.050000000,-0.000000000,0.000000018,0.000000010,0.000000020,0.000003642
8.225787447,TRACKING,,0.000048680,1,0.000000000,0.000000018,0.050000010,0.000000000,0.000000000,0.050000000,-0.000000000,0.000000018,0.000000010,0.000000020,0.000003642
8.236025629,TRACKING,,0.001550628,1,0.000000000,0.000000018,0.050000010,0.000000000,0.000000000,0.050000000,-0.000000000,0.000000018,0.000000010,0.000000020,0.000003642
8.245952736,TRACKING,,0.000590094,1,0.000000000,0.000000018,0.050000010,0.000000000,0.000000000,0.050000000,-0.000000000,0.000000018,0.000000010,0.000000020,0.000003642
8.256088809,TRACKING,,0.000034432,1,0.000000000,0.000000018,0.050000010,0.000000000,0.000000000,0.050000000,-0.000000000,0.000000018,0.000000010,0.000000020,0.000003642
8.266481342,TRACKING,,0.002216709,1,0.000000000,0.000000018,0.050000010,0.000000000,0.000000000,0.050000000,-0.000000000,0.000000018,0.000000010,0.000000020,0.000003642
8.276193545,TRACKING,,0.001675296,1,0.000000000,0.000000018,0.050000010,0.000000000,0.000000000,0.050000000,-0.000000000,0.000000018,0.000000010,0.000000020,0.000003642
8.286293999,TRACKING,,0.001155254,1,0.000000000,0.000000018,0.050000010,0.000000000,0.000000000,0.050000000,-0.000000000,0.000000018,0.000000010,0.000000020,0.000003642
8.296367145,TRACKING,,0.000559224,1,0.000000000,0.000000018,0.050000010,0.000000000,0.000000000,0.050000000,-0.000000000,0.000000018,0.000000010,0.000000020,0.000003642
8.306456913,TRACKING,,0.000026121,1,0.000000000,0.000000018,0.050000010,0.000000000,0.000000000,0.050000000,-0.000000000,0.000000018,0.000000010,0.000000020,0.000003642
8.316469506,TRACKING,,0.002187026,1,0.000000000,0.000000018,0.050000010,0.000000000,0.000000000,0.050000000,-0.000000000,0.000000018,0.000000010,0.000000020,0.000003642
8.326520093,TRACKING,,0.001685982,1,0.000000000,0.000000018,0.050000010,0.000000000,0.000000000,0.050000000,-0.000000000,0.000000018,0.000000010,0.000000020,0.000003642
8.336593239,TRACKING,,0.001199184,1,0.000000000,0.000000018,0.050000010,0.000000000,0.000000000,0.050000000,-0.000000000,0.000000018,0.000000010,0.000000020,0.000003642
8.346813611,TRACKING,,0.000739694,1,0.000000000,0.000000018,0.050000010,0.000000000,0.000000000,0.050000000,-0.000000000,0.000000018,0.000000010,0.000000020,0.000003642
8.356819080,TRACKING,,0.000270707,1,0.000000000,0.000000018,0.050000010,0.000000000,0.000000000,0.050000000,-0.000000000,0.000000018,0.000000010,0.000000020,0.000003642
8.367191428,TRACKING,,0.002436362,1,0.000000000,0.000000018,0.050000010,0.000000000,0.000000000,0.050000000,-0.000000000,0.000000018,0.000000010,0.000000020,0.000003642
8.377029486,TRACKING,,0.001461580,1,0.000000000,0.000000018,0.050000010,0.000000000,0.000000000,0.050000000,-0.000000000,0.000000018,0.000000010,0.000000020,0.000003642
8.387482572,TRACKING,,0.002638205,1,0.000000000,0.000000018,0.050000010,0.000000000,0.000000000,0.050000000,-0.000000000,0.000000018,0.000000010,0.000000020,0.000003642
8.397512974,TRACKING,,0.000037994,1,0.000000000,0.000000018,0.050000010,0.000000000,0.000000000,0.050000000,-0.000000000,0.000000018,0.000000010,0.000000020,0.000003642
8.407533878,TRACKING,,0.001785715,1,0.000000000,0.000000018,0.050000010,0.000000000,0.000000000,0.050000000,-0.000000000,0.000000018,0.000000010,0.000000020,0.000003642
8.417519163,TRACKING,,0.001245489,1,0.000000000,0.000000018,0.050000010,0.000000000,0.000000000,0.050000000,-0.000000000,0.000000018,0.000000010,0.000000020,0.000003642
8.427681357,TRACKING,,0.000580595,1,0.000000000,0.000000018,0.050000010,0.000000000,0.000000000,0.050000000,-0.000000000,0.000000018,0.000000010,0.000000020,0.000003642
8.437819805,TRACKING,,0.000067677,1,0.000000000,0.000000018,0.050000010,0.000000000,0.000000000,0.050000000,-0.000000000,0.000000018,0.000000010,0.000000020,0.000003642
8.447877516,TRACKING,,0.002273700,1,0.000000000,0.000000018,0.050000010,0.000000000,0.000000000,0.050000000,-0.000000000,0.000000018,0.000000010,0.000000020,0.000003642
8.457911481,TRACKING,,0.001802338,1,0.000000000,0.000000018,0.050000010,0.000000000,0.000000000,0.050000000,-0.000000000,0.000000018,0.000000010,0.000000020,0.000003642
8.468085548,TRACKING,,0.000989030,1,0.000000000,0.000000018,0.050000010,0.000000000,0.000000000,0.050000000,-0.000000000,0.000000018,0.000000010,0.000000020,0.000003642
8.478101703,TRACKING,,0.000306326,1,0.000000000,0.000000018,0.050000010,0.000000000,0.000000000,0.050000000,-0.000000000,0.000000018,0.000000010,0.000000020,0.000003642
8.488221154,TRACKING,,0.001621867,1,0.000000000,0.000000018,0.050000010,0.000000000,0.000000000,0.050000000,-0.000000000,0.000000018,0.000000010,0.000000020,0.000003642
8.498168445,TRACKING,,0.001019900,1,0.000000000,0.000000018,0.050000010,0.000000000,0.000000000,0.050000000,-0.000000000,0.000000018,0.000000010,0.000000020,0.000003642
8.508361509,TRACKING,,0.000407248,1,0.000000000,0.000000018,0.050000010,0.000000000,0.000000000,0.050000000,-0.000000000,0.000000018,0.000000010,0.000000020,0.000003642
8.518735044,TRACKING,,0.002335441,1,0.000000000,0.000000018,0.050000010,0.000000000,0.000000000,0.050000000,-0.000000000,0.000000018,0.000000010,0.000000020,0.000003642
8.528489991,TRACKING,,0.001184936,1,0.000000000,0.000000018,0.050000010,0.000000000,0.000000000,0.050000000,-0.000000000,0.000000018,0.000000010,0.000000020,0.000003642
8.538700865,TRACKING,,0.000258834,1,0.000000000,0.000000018,0.050000010,0.000000000,0.000000000,0.050000000,-0.000000000,0.000000018,0.000000010,0.000000020,0.000003642
8.548660029,TRACKING,,0.001916320,1,0.000000000,0.000000018,0.050000010,0.000000000,0.000000000,0.050000000,-0.000000000,0.000000018,0.000000010,0.000000020,0.000003642
8.558716552,TRACKING,,0.000290892,1,0.000000000,0.000000018,0.050000010,0.000000000,0.000000000,0.050000000,-0.000000000,0.000000018,0.000000010,0.000000020,0.000003642
8.568985604,TRACKING,,0.002287948,1,0.000000000,0.000000018,0.050000010,0.000000000,0.000000000,0.050000000,-0.000000000,0.000000018,0.000000010,0.000000020,0.000003642
8.578974451,TRACKING,,0.001256175,1,0.000000000,0.000000018,0.050000010,0.000000000,0.000000000,0.050000000,-0.000000000,0.000000018,0.000000010,0.000000020,0.000003642
8.588856440,TRACKING,,0.000550912,1,0.000000000,0.000000018,0.050000010,0.000000000,0.000000000,0.050000000,-0.000000000,0.000000018,0.000000010,0.000000020,0.000003642
8.598999637,TRACKING,,0.000227964,1,0.000000000,0.000000018,0.050000010,0.000000000,0.000000000,0.050000000,-0.000000000,0.000000018,0.000000010,0.000000020,0.000003642
8.608905372,TRACKING,,0.002318818,1,0.000000000,0.000000018,0.050000010,0.000000000,0.000000000,0.050000000,-0.000000000,0.000000018,0.000000010,0.000000020,0.000003642
8.618907279,TRACKING,,0.002150220,1,0.000000000,0.000000018,0.050000010,0.000000000,0.000000000,0.050000000,-0.000000000,0.000000018,0.000000010,0.000000020,0.000003642
8.628919872,TRACKING,,0.001769093,1,0.000000000,0.000000018,0.050000010,0.000000000,0.000000000,0.050000000,-0.000000000,0.000000018,0.000000010,0.000000020,0.000003642
8.638976395,TRACKING,,0.001707353,1,0.000000000,0.000000018,0.050000010,0.000000000,0.000000000,0.050000000,-0.000000000,0.000000018,0.000000010,0.000000020,0.000003642
8.649003236,TRACKING,,0.001392715,1,0.000000000,0.000000018,0.050000010,0.000000000,0.000000000,0.050000000,-0.000000000,0.000000018,0.000000010,0.000000020,0.000003642
8.659106065,TRACKING,,0.001155254,1,0.000000000,0.000000018,0.050000010,0.000000000,0.000000000,0.050000000,-0.000000000,0.000000018,0.000000010,0.000000020,0.000003642
8.669126969,TRACKING,,0.001205120,1,0.000000000,0.000000018,0.050000010,0.000000000,0.000000000,0.050000000,-0.000000000,0.000000018,0.000000010,0.000000020,0.000003642
8.679209613,TRACKING,,0.001278734,1,0.000000000,0.000000018,0.050000010,0.000000000,0.000000000,0.050000000,-0.000000000,0.000000018,0.000000010,0.000000020,0.000003642
8.689235266,TRACKING,,0.001487701,1,0.000000000,0.000000018,0.050000010,0.000000000,0.000000000,0.050000000,-0.000000000,0.000000018,0.000000010,0.000000020,0.000003642
8.699297726,TRACKING,,0.001770280,1,0.000000000,0.000000018,0.050000010,0.000000000,0.000000000,0.050000000,-0.000000000,0.000000018,0.000000010,0.000000020,0.000003642
8.709516911,TRACKING,,0.002023178,1,0.000000000,0.000000018,0.050000010,0.000000000,0.000000000,0.050000000,-0.000000000,0.000000018,0.000000010,0.000000020,0.000003642
8.719478450,TRACKING,,0.002184652,1,0.000000000,0.000000018,0.050000010,0.000000000,0.000000000,0.050000000,-0.000000000,0.000000018,0.000000010,0.000000020,0.000003642
8.729708321,TRACKING,,0.001813024,1,0.000000000,0.000000018,0.050000010,0.000000000,0.000000000,0.050000000,-0.000000000,0.000000018,0.000000010,0.000000020,0.000003642
8.739661548,TRACKING,,0.001670547,1,0.000000000,0.000000018,0.050000010,0.000000000,0.000000000,0.050000000,-0.000000000,0.000000018,0.000000010,0.000000020,0.000003642
8.749735881,TRACKING,,0.001581499,1,0.000000000,0.000000018,0.050000010,0.000000000,0.000000000,0.050000000,-0.000000000,0.000000018,0.000000010,0.000000020,0.000003642
8.759816151,TRACKING,,0.001650362,1,0.000000000,0.000000018,0.050000010,0.000000000,0.000000000,0.050000000,-0.000000000,0.000000018,0.000000010,0.000000020,0.000003642
8.769981907,TRACKING,,0.001577936,1,0.000000000,0.000000018,0.050000010,0.000000000,0.000000000,0.050000000,-0.000000000,0.000000018,0.000000010,0.000000020,0.000003642
8.779899515,TRACKING,,0.001785716,1,0.000000000,0.000000018,0.050000010,0.000000000,0.000000000,0.050000000,-0.000000000,0.000000018,0.000000010,0.000000020,0.000003642
8.789966724,TRACKING,,0.001081640,1,0.000000000,0.000000018,0.050000010,0.000000000,0.000000000,0.050000000,-0.000000000,0.000000018,0.000000010,0.000000020,0.000003642
8.800166912,TRACKING,,0.001152879,1,0.000000000,0.000000018,0.050000010,0.000000000,0.000000000,0.050000000,-0.000000000,0.000000018,0.000000010,0.000000020,0.000003642
8.810105892,TRACKING,,0.000876235,1,0.000000000,0.000000018,0.050000010,0.000000000,0.000000000,0.050000000,-0.000000000,0.000000018,0.000000010,0.000000020,0.000003642
8.820246715,TRACKING,,0.001168314,1,0.000000000,0.000000018,0.050000010,0.000000000,0.000000000,0.050000000,-0.000000000,0.000000018,0.000000010,0.000000020,0.000003642
8.830343607,TRACKING,,0.000994967,1,0.000000000,0.000000018,0.050000010,0.000000000,0.000000000,0.050000000,-0.000000000,0.000000018,0.000000010,0.000000020,0.000003642
8.840254091,TRACKING,,0.001066206,1,0.000000000,0.000000018,0.050000010,0.000000000,0.000000000,0.050000000,-0.000000000,0.000000018,0.000000010,0.000000020,0.000003642
8.850444780,TRACKING,,0.001349973,1,0.000000000,0.000000018,0.050000010,0.000000000,0.000000000,0.050000000,-0.000000000,0.000000018,0.000000010,0.000000020,0.000003642
8.860421754,TRACKING,,0.001485326,1,0.000000000,0.000000018,0.050000010,0.000000000,0.000000000,0.050000000,-0.000000000,0.000000018,0.000000010,0.000000020,0.000003642
8.870655187,TRACKING,,0.001385592,1,0.000000000,0.000000018,0.050000010,0.000000000,0.000000000,0.050000000,-0.000000000,0.000000018,0.000000010,0.000000020,0.000003642
8.880530052,TRACKING,,0.001525695,1,0.000000000,0.000000018,0.050000010,0.000000000,0.000000000,0.050000000,-0.000000000,0.000000018,0.000000010,0.000000020,0.000003642
8.890605572,TRACKING,,0.001253800,1,0.000000000,0.000000018,0.050000010,0.000000000,0.000000000,0.050000000,-0.000000000,0.000000018,0.000000010,0.000000020,0.000003642
8.900738083,TRACKING,,0.001329788,1,0.000000000,0.000000018,0.050000010,0.000000000,0.000000000,0.050000000,-0.000000000,0.000000018,0.000000010,0.000000020,0.000003642
8.910973891,TRACKING,,0.001190873,1,0.000000000,0.000000018,0.050000010,0.000000000,0.000000000,0.050000000,-0.000000000,0.000000018,0.000000010,0.000000020,0.000003642
8.920821448,TRACKING,,0.001107762,1,0.000000000,0.000000018,0.050000010,0.000000000,0.000000000,0.050000000,-0.000000000,0.000000018,0.000000010,0.000000020,0.000003642
8.930835228,TRACKING,,0.001107762,1,0.000000000,0.000000018,0.050000010,0.000000000,0.000000000,0.050000000,-0.000000000,0.000000018,0.000000010,0.000000020,0.000003642
8.940903624,TRACKING,,0.001152879,1,0.000000000,0.000000018,0.050000010,0.000000000,0.000000000,0.050000000,-0.000000000,0.000000018,0.000000010,0.000000020,0.000003642
8.951080066,TRACKING,,0.001259737,1,0.000000000,0.000000018,0.050000010,0.000000000,0.000000000,0.050000000,-0.000000000,0.000000018,0.000000010,0.000000020,0.000003642
8.961046354,TRACKING,,0.001257362,1,0.000000000,0.000000018,0.050000010,0.000000000,0.000000000,0.050000000,-0.000000000,0.000000018,0.000000010,0.000000020,0.000003642
8.971110001,TRACKING,,0.001320289,1,0.000000000,0.000000018,0.050000010,0.000000000,0.000000000,0.050000000,-0.000000000,0.000000018,0.000000010,0.000000020,0.000003642
8.981200957,TRACKING,,0.001271610,1,0.000000000,0.000000018,0.050000010,0.000000000,0.000000000,0.050000000,-0.000000000,0.000000018,0.000000010,0.000000020,0.000003642
8.991266979,TRACKING,,0.001206308,1,0.000000000,0.000000018,0.050000010,0.000000000,0.000000000,0.050000000,-0.000000000,0.000000018,0.000000010,0.000000020,0.000003642
9.001340125,TRACKING,,0.001111323,1,0.000000000,0.000000018,0.050000010,0.000000000,0.000000000,0.050000000,-0.000000000,0.000000018,0.000000010,0.000000020,0.000003642
9.011394273,TRACKING,,0.001091139,1,0.000000000,0.000000018,0.050000010,0.000000000,0.000000000,0.050000000,-0.000000000,0.000000018,0.000000010,0.000000020,0.000003642
9.021459108,TRACKING,,0.001107761,1,0.000000000,0.000000018,0.050000010,0.000000000,0.000000000,0.050000000,-0.000000000,0.000000018,0.000000010,0.000000020,0.000003642
9.031546502,TRACKING,,0.001167127,1,0.000000000,0.000000018,0.050000010,0.000000000,0.000000000,0.050000000,-0.000000000,0.000000018,0.000000010,0.000000020,0.000003642
9.041612524,TRACKING,,0.001213431,1,0.000000000,0.000000018,0.050000010,0.000000000,0.000000000,0.050000000,-0.000000000,0.000000018,0.000000010,0.000000020,0.000003642
9.051688044,TRACKING,,0.001444957,1,0.000000000,0.000000018,0.050000010,0.000000000,0.000000000,0.050000000,-0.000000000,0.000000018,0.000000010,0.000000020,0.000003642
9.061796809,TRACKING,,0.001418836,1,0.000000000,0.000000018,0.050000010,0.000000000,0.000000000,0.050000000,-0.000000000,0.000000018,0.000000010,0.000000020,0.000003642
9.071987499,TRACKING,,0.001731099,1,0.000000000,0.000000018,0.050000010,0.000000000,0.000000000,0.050000000,-0.000000000,0.000000018,0.000000010,0.000000020,0.000003642
9.082070143,TRACKING,,0.001896136,1,0.000000000,0.000000018,0.050000010,0.000000000,0.000000000,0.050000000,-0.000000000,0.000000018,0.000000010,0.000000020,0.000003642
9.091998437,TRACKING,,0.001668172,1,0.000000000,0.000000018,0.050000010,0.000000000,0.000000000,0.050000000,-0.000000000,0.000000018,0.000000010,0.000000020,0.000003642
9.102133323,TRACKING,,0.001935316,1,0.000000000,0.000000018,0.050000010,0.000000000,0.000000000,0.050000000,-0.000000000,0.000000018,0.000000010,0.000000020,0.000003642
9.112107922,TRACKING,,0.001418836,1,0.000000000,0.000000018,0.050000010,0.000000000,0.000000000,0.050000000,-0.000000000,0.000000018,0.000000010,0.000000020,0.000003642
9.122166820,TRACKING,,0.001828459,1,0.000000000,0.000000018,0.050000010,0.000000000,0.000000000,0.050000000,-0.000000000,0.000000018,0.000000010,0.000000020,0.000003642
9.132229280,TRACKING,,0.001684794,1,0.000000000,0.000000018,0.050000010,0.000000000,0.000000000,0.050000000,-0.000000000,0.000000018,0.000000010,0.000000020,0.000003642
9.142303613,TRACKING,,0.001351160,1,0.000000000,0.000000018,0.050000010,0.000000000,0.000000000,0.050000000,-0.000000000,0.000000018,0.000000010,0.000000020,0.000003642
9.152540608,TRACKING,,0.000033245,1,0.000000000,0.000000018,0.050000010,0.000000000,0.000000000,0.050000000,-0.000000000,0.000000018,0.000000010,0.000000020,0.000003642
9.162530642,TRACKING,,0.000013060,1,0.000000000,0.000000018,0.050000010,0.000000000,0.000000000,0.050000000,-0.000000000,0.000000018,0.000000010,0.000000020,0.000003642
9.172576479,TRACKING,,0.000327698,1,0.000000000,0.000000018,0.050000010,0.000000000,0.000000000,0.050000000,-0.000000000,0.000000018,0.000000010,0.000000020,0.000003642
9.182701867,TRACKING,,0.000203030,1,0.000000000,0.000000018,0.050000010,0.000000000,0.000000000,0.050000000,-0.000000000,0.000000018,0.000000010,0.000000020,0.000003642
9.192811819,TRACKING,,0.000509357,1,0.000000000,0.000000018,0.050000010,0.000000000,0.000000000,0.050000000,-0.000000000,0.000000018,0.000000010,0.000000020,0.000003642
9.202844597,TRACKING,,0.000568722,1,0.000000000,0.000000018,0.050000010,0.000000000,0.000000000,0.050000000,-0.000000000,0.000000018,0.000000010,0.000000020,0.000003642
9.213036473,TRACKING,,0.000588907,1,0.000000000,0.000000018,0.050000010,0.000000000,0.000000000,0.050000000,-0.000000000,0.000000018,0.000000010,0.000000020,0.000003642
9.223044317,TRACKING,,0.000578221,1,0.000000000,0.000000018,0.050000010,0.000000000,0.000000000,0.050000000,-0.000000000,0.000000018,0.000000010,0.000000020,0.000003642
9.233017729,TRACKING,,0.000577033,1,0.000000000,0.000000018,0.050000010,0.000000000,0.000000000,0.050000000,-0.000000000,0.000000018,0.000000010,0.000000020,0.000003642
9.243206044,TRACKING,,0.000786000,1,0.000000000,0.000000018,0.050000010,0.000000000,0.000000000,0.050000000,-0.000000000,0.000000018,0.000000010,0.000000020,0.000003642
9.253089220,TRACKING,,0.001022275,1,0.000000000,0.000000018,0.050000010,0.000000000,0.000000000,0.050000000,-0.000000000,0.000000018,0.000000010,0.000000020,0.000003642
9.263282284,TRACKING,,0.000390625,1,0.000000000,0.000000018,0.050000010,0.000000000,0.000000000,0.050000000,-0.000000000,0.000000018,0.000000010,0.000000020,0.000003642
9.273528777,TRACKING,,0.000617402,1,0.000000000,0.000000018,0.050000010,0.000000000,0.000000000,0.050000000,-0.000000000,0.000000018,0.000000010,0.000000020,0.000003642
9.283486754,TRACKING,,0.000670830,1,0.000000000,0.000000018,0.050000010,0.000000000,0.000000000,0.050000000,-0.000000000,0.000000018,0.000000010,0.000000020,0.000003642
9.293428108,TRACKING,,0.000978344,1,0.000000000,0.000000018,0.050000010,0.000000000,0.000000000,0.050000000,-0.000000000,0.000000018,0.000000010,0.000000020,0.000003642
9.303603363,TRACKING,,0.001114884,1,0.000000000,0.000000018,0.050000010,0.000000000,0.000000000,0.050000000,-0.000000000,0.000000018,0.000000010,0.000000020,0.000003642
9.313580336,TRACKING,,0.001290607,1,0.000000000,0.000000018,0.050000010,0.000000000,0.000000000,0.050000000,-0.000000000,0.000000018,0.000000010,0.000000020,0.000003642
9.324217455,TRACKING,,0.001493637,1,0.000000000,0.000000018,0.050000010,0.000000000,0.000000000,0.050000000,-0.000000000,0.000000018,0.000000010,0.000000020,0.000003642
9.333727815,TRACKING,,0.001139818,1,0.000000000,0.000000018,0.050000010,0.000000000,0.000000000,0.050000000,-0.000000000,0.000000018,0.000000010,0.000000020,0.000003642
9.343784339,TRACKING,,0.000841803,1,0.000000000,0.000000018,0.050000010,0.000000000,0.000000000,0.050000000,-0.000000000,0.000000018,0.000000010,0.000000020,0.000003642
9.353813554,TRACKING,,0.001028211,1,0.000000000,0.000000018,0.050000010,0.000000000,0.000000000,0.050000000,-0.000000000,0.000000018,0.000000010,0.000000020,0.000003642
9.365022956,TRACKING,,0.003177244,1,0.000000000,0.000000018,0.050000010,0.000000000,0.000000000,0.050000000,-0.000000000,0.000000018,0.000000010,0.000000020,0.000003642
9.375058108,TRACKING,,0.001814211,1,0.000000000,0.000000018,0.050000010,0.000000000,0.000000000,0.050000000,-0.000000000,0.000000018,0.000000010,0.000000020,0.000003642
9.385113444,TRACKING,,0.001227679,1,0.000000000,0.000000018,0.050000010,0.000000000,0.000000000,0.050000000,-0.000000000,0.000000018,0.000000010,0.000000020,0.000003642
9.395280388,TRACKING,,0.001344036,1,0.000000000,0.000000018,0.050000010,0.000000000,0.000000000,0.050000000,-0.000000000,0.000000018,0.000000010,0.000000020,0.000003642
9.405304854,TRACKING,,0.001406964,1,0.000000000,0.000000018,0.050000010,0.000000000,0.000000000,0.050000000,-0.000000000,0.000000018,0.000000010,0.000000020,0.000003642
9.415382749,TRACKING,,0.001632552,1,0.000000000,0.000000018,0.050000010,0.000000000,0.000000000,0.050000000,-0.000000000,0.000000018,0.000000010,0.000000020,0.000003642
9.425369221,TRACKING,,0.002100353,1,0.000000000,0.000000018,0.050000010,0.000000000,0.000000000,0.050000000,-0.000000000,0.000000018,0.000000010,0.000000020,0.000003642
9.435450678,TRACKING,,0.000022559,1,0.000000000,0.000000018,0.050000010,0.000000000,0.000000000,0.050000000,-0.000000000,0.000000018,0.000000010,0.000000020,0.000003642
9.445756537,TRACKING,,0.002055236,1,0.000000000,0.000000018,0.050000010,0.000000000,0.000000000,0.050000000,-0.000000000,0.000000018,0.000000010,0.000000020,0.000003642
9.455974534,TRACKING,,0.001988746,1,0.000000000,0.000000018,0.050000010,0.000000000,0.000000000,0.050000000,-0.000000000,0.000000018,0.000000010,0.000000020,0.000003642
9.465771037,TRACKING,,0.001649175,1,0.000000000,0.000000018,0.050000010,0.000000000,0.000000000,0.050000000,-0.000000000,0.000000018,0.000000010,0.000000020,0.000003642
9.475847744,TRACKING,,0.001403401,1,0.000000000,0.000000018,0.050000010,0.000000000,0.000000000,0.050000000,-0.000000000,0.000000018,0.000000010,0.000000020,0.000003642
9.486374443,TRACKING,,0.001657486,1,0.000000000,0.000000018,0.050000010,0.000000000,0.000000000,0.050000000,-0.000000000,0.000000018,0.000000010,0.000000020,0.000003642
9.495914486,TRACKING,,0.000945099,1,0.000000000,0.000000018,0.050000010,0.000000000,0.000000000,0.050000000,-0.000000000,0.000000018,0.000000010,0.000000020,0.000003642
9.506051747,TRACKING,,0.001157628,1,0.000000000,0.000000018,0.050000010,0.000000000,0.000000000,0.050000000,-0.000000000,0.000000018,0.000000010,0.000000020,0.000003642
9.516071464,TRACKING,,0.000816870,1,0.000000000,0.000000018,0.050000010,0.000000000,0.000000000,0.050000000,-0.000000000,0.000000018,0.000000010,0.000000020,0.000003642
9.526056748,TRACKING,,0.001043646,1,0.000000000,0.000000018,0.050000010,0.000000000,0.000000000,0.050000000,-0.000000000,0.000000018,0.000000010,0.000000020,0.000003642
9.536122770,TRACKING,,0.001386779,1,0.000000000,0.000000018,0.050000010,0.000000000,0.000000000,0.050000000,-0.000000000,0.000000018,0.000000010,0.000000020,0.000003642
9.546345517,TRACKING,,0.001683607,1,0.000000000,0.000000018,0.050000010,0.000000000,0.000000000,0.050000000,-0.000000000,0.000000018,0.000000010,0.000000020,0.000003642
9.556295183,TRACKING,,0.001452082,1,0.000000000,0.000000018,0.050000010,0.000000000,0.000000000,0.050000000,-0.000000000,0.000000018,0.000000010,0.000000020,0.000003642
9.566257909,TRACKING,,0.001589809,1,0.000000000,0.000000018,0.050000010,0.000000000,0.000000000,0.050000000,-0.000000000,0.000000018,0.000000010,0.000000020,0.000003642
9.576431976,TRACKING,,0.001615930,1,0.000000000,0.000000018,0.050000010,0.000000000,0.000000000,0.050000000,-0.000000000,0.000000018,0.000000010,0.000000020,0.000003642
9.586537179,TRACKING,,0.001817773,1,0.000000000,0.000000018,0.050000010,0.000000000,0.000000000,0.050000000,-0.000000000,0.000000018,0.000000010,0.000000020,0.000003642
9.596757551,TRACKING,,0.001472265,1,0.000000000,0.000000018,0.050000010,0.000000000,0.000000000,0.050000000,-0.000000000,0.000000018,0.000000010,0.000000020,0.000003642
9.606669223,TRACKING,,0.000187595,1,0.000000000,0.000000018,0.050000010,0.000000000,0.000000000,0.050000000,-0.000000000,0.000000018,0.000000010,0.000000020,0.000003642
9.616722184,TRACKING,,0.000403686,1,0.000000000,0.000000018,0.050000010,0.000000000,0.000000000,0.050000000,-0.000000000,0.000000018,0.000000010,0.000000020,0.000003642
9.627238197,TRACKING,,0.000829930,1,0.000000000,0.000000015,0.050000010,0.000000000,0.000000000,0.050000000,-0.000000000,0.000000015,0.000000010,0.000000018,0.000003116
9.636850666,TRACKING,,0.001029399,1,0.000000000,0.000000013,0.050000010,0.000000000,0.000000000,0.050000000,-0.000000000,0.000000013,0.000000010,0.000000016,0.000002669
9.646965368,TRACKING,,0.001124383,1,0.000000000,0.000000014,0.050000010,0.000000000,0.000000000,0.050000000,-0.000000000,0.000000014,0.000000010,0.000000017,0.000002761
9.656942341,TRACKING,,0.001138631,1,0.000000000,0.000000014,0.050000010,0.000000000,0.000000000,0.050000000,-0.000000000,0.000000014,0.000000010,0.000000017,0.000002830
9.666986992,TRACKING,,0.001365408,1,0.000000000,0.000000014,0.050000010,0.000000000,0.000000000,0.050000000,-0.000000000,0.000000014,0.000000010,0.000000017,0.000002830
9.677060138,TRACKING,,0.001605245,1,0.000000000,0.000000014,0.050000010,0.000000000,0.000000000,0.050000000,-0.000000000,0.000000014,0.000000010,0.000000017,0.000002907
9.687128534,TRACKING,,0.001758407,1,0.000000000,0.000000015,0.050000010,0.000000000,0.000000000,0.050000000,-0.000000000,0.000000015,0.000000010,0.000000018,0.000002976
9.697356030,TRACKING,,0.002119350,1,0.000000000,0.000000015,0.050000010,0.000000000,0.000000000,0.050000000,-0.000000000,0.000000015,0.000000010,0.000000018,0.000003039
9.707437487,TRACKING,,0.001646801,1,0.000000000,0.000000015,0.050000010,0.000000000,0.000000000,0.050000000,-0.000000000,0.000000015,0.000000010,0.000000018,0.000003096
9.717407337,TRACKING,,0.001764344,1,0.000000000,0.000000016,0.050000010,0.000000000,0.000000000,0.050000000,-0.000000000,0.000000016,0.000000010,0.000000018,0.000003141
9.727693011,TRACKING,,0.001790465,1,0.000000000,0.000000016,0.050000010,0.000000000,0.000000000,0.050000000,-0.000000000,0.000000016,0.000000010,0.000000018,0.000003180
9.737705604,TRACKING,,0.001462767,1,0.000000000,0.000000016,0.050000010,0.000000000,0.000000000,0.050000000,-0.000000000,0.000000016,0.000000010,0.000000019,0.000003217
9.747724134,TRACKING,,0.001308417,1,0.000000000,0.000000016,0.050000010,0.000000000,0.000000000,0.050000000,-0.000000000,0.000000016,0.000000010,0.000000019,0.000003250
9.757685672,TRACKING,,0.001275172,1,0.000000000,0.000000016,0.050000010,0.000000000,0.000000000,0.050000000,-0.000000000,0.000000016,0.000000010,0.000000019,0.000003250
9.767710138,TRACKING,,0.001668171,1,0.000000000,0.000000016,0.050000010,0.000000000,0.000000000,0.050000000,-0.000000000,0.000000016,0.000000010,0.000000019,0.000003288
9.777821278,TRACKING,,0.001860516,1,0.000000000,0.000000016,0.050000010,0.000000000,0.000000000,0.050000000,-0.000000000,0.000000016,0.000000010,0.000000019,0.000003321
9.788158007,TRACKING,,0.002140722,1,0.000000000,0.000000017,0.050000010,0.000000000,0.000000000,0.050000000,-0.000000000,0.000000017,0.000000010,0.000000019,0.000003352
9.798326138,TRACKING,,0.000108045,1,0.000000000,0.000000017,0.050000010,0.000000000,0.000000000,0.050000000,-0.000000000,0.000000017,0.000000010,0.000000019,0.000003379
9.807946918,TRACKING,,0.000522417,1,0.000000000,0.000000017,0.050000010,0.000000000,0.000000000,0.050000000,-0.000000000,0.000000017,0.000000010,0.000000019,0.000003403
9.818094864,TRACKING,,0.001002091,1,0.000000000,0.000000017,0.050000010,0.000000000,0.000000000,0.050000000,-0.000000000,0.000000017,0.000000010,0.000000019,0.000003403
9.828074213,TRACKING,,0.001342848,1,0.000000000,0.000000011,0.050000010,0.000000000,0.000000000,0.050000000,-0.000000000,0.000000011,0.000000010,0.000000014,0.000002164
9.838256591,TRACKING,,0.001566063,1,0.000000000,0.000000008,0.050000010,0.000000000,0.000000000,0.050000000,-0.000000000,0.000000008,0.000000010,0.000000012,0.000001551
9.848611129,TRACKING,,0.001896136,1,0.000000000,0.000000009,0.050000010,0.000000000,0.000000000,0.050000000,-0.000000000,0.000000009,0.000000010,0.000000013,0.000001747
9.858286526,TRACKING,,0.002128848,1,0.000000000,0.000000010,0.050000010,0.000000000,0.000000000,0.050000000,-0.000000000,0.000000010,0.000000010,0.000000013,0.000001925
9.868504524,TRACKING,,0.002344939,1,0.000000000,0.000000010,0.050000010,0.000000000,0.000000000,0.050000000,-0.000000000,0.000000010,0.000000010,0.000000013,0.000001925
9.878453002,TRACKING,,0.000333634,1,0.000000000,0.000000010,0.050000010,0.000000000,0.000000000,0.050000000,-0.000000000,0.000000010,0.000000010,0.000000014,0.000002088
9.888534459,TRACKING,,0.000661332,1,0.000000000,0.000000011,0.050000010,0.000000000,0.000000000,0.050000000,-0.000000000,0.000000011,0.000000010,0.000000015,0.000002232
9.898896121,TRACKING,,0.000364505,1,0.000000000,0.000000012,0.050000010,0.000000000,0.000000000,0.050000000,-0.000000000,0.000000012,0.000000010,0.000000015,0.000002364
9.908705684,TRACKING,,0.000584157,1,0.000000000,0.000000012,0.050000010,0.000000000,0.000000000,0.050000000,-0.000000000,0.000000012,0.000000010,0.000000016,0.000002467
9.918723026,TRACKING,,0.000549725,1,0.000000000,0.000000013,0.050000010,0.000000000,0.000000000,0.050000000,-0.000000000,0.000000013,0.000000010,0.000000016,0.000002578
9.928784299,TRACKING,,0.000756317,1,0.000000000,0.000000013,0.050000010,0.000000000,0.000000000,0.050000000,-0.000000000,0.000000013,0.000000010,0.000000016,0.000002679
9.938872880,TRACKING,,0.000796685,1,0.000000000,0.000000014,0.050000010,0.000000000,0.000000000,0.050000000,-0.000000000,0.000000014,0.000000010,0.000000017,0.000002754
9.948946025,TRACKING,,0.001023462,1,0.000000000,0.000000014,0.050000010,0.000000000,0.000000000,0.050000000,-0.000000000,0.000000014,0.000000010,0.000000017,0.000002754
9.959009673,TRACKING,,0.001320290,1,0.000000000,0.000000014,0.050000010,0.000000000,0.000000000,0.050000000,-0.000000000,0.000000014,0.000000010,0.000000017,0.000002838
9.969082819,TRACKING,,0.001485326,1,0.000000000,0.000000014,0.050000010,0.000000000,0.000000000,0.050000000,-0.000000000,0.000000014,0.000000010,0.000000017,0.000002914
9.979303191,TRACKING,,0.001566063,1,0.000000000,0.000000015,0.050000010,0.000000000,0.000000000,0.050000000,-0.000000000,0.000000015,0.000000010,0.000000018,0.000002983
9.989218424,TRACKING,,0.001335725,1,0.000000000,0.000000015,0.050000010,0.000000000,0.000000000,0.050000000,-0.000000000,0.000000015,0.000000010,0.000000018,0.000003035
9.999284446,TRACKING,,0.000924915,1,0.000000000,0.000000015,0.050000010,0.000000000,0.000000000,0.050000000,-0.000000000,0.000000015,0.000000010,0.000000018,0.000003084
10.009356405,TRACKING,,0.000624526,1,0.000000000,0.000000016,0.050000010,0.000000000,0.000000000,0.050000000,-0.000000000,0.000000016,0.000000010,0.000000018,0.000003129
10.019397493,TRACKING,,0.000804997,1,0.000000000,0.000000016,0.050000010,0.000000000,0.000000000,0.050000000,-0.000000000,0.000000016,0.000000010,0.000000018,0.000003170
10.029477763,TRACKING,,0.000917791,1,0.000000000,0.000000011,0.050000010,0.000000000,0.000000000,0.050000000,-0.000000000,0.000000011,0.000000010,0.000000014,0.000002162
10.039522413,TRACKING,,0.000989030,1,0.000000000,0.000000011,0.050000010,0.000000000,0.000000000,0.050000000,-0.000000000,0.000000011,0.000000010,0.000000014,0.000002162
10.049602683,TRACKING,,0.001111323,1,0.000000000,0.000000011,0.050000010,0.000000000,0.000000000,0.050000000,-0.000000000,0.000000011,0.000000010,0.000000015,0.000002302
10.059677016,TRACKING,,0.001091139,1,0.000000000,0.000000012,0.050000010,0.000000000,0.000000000,0.050000000,-0.000000000,0.000000012,0.000000010,0.000000015,0.000002430
10.069748974,TRACKING,,0.001244301,1,0.000000000,0.000000013,0.050000010,0.000000000,0.000000000,0.050000000,-0.000000000,0.000000013,0.000000010,0.000000016,0.000002524
10.079818558,TRACKING,,0.001238366,1,0.000000000,0.000000013,0.050000010,0.000000000,0.000000000,0.050000000,-0.000000000,0.000000013,0.000000010,0.000000016,0.000002631
10.089953444,TRACKING,,0.001004465,1,0.000000000,0.000000013,0.050000010,0.000000000,0.000000000,0.050000000,-0.000000000,0.000000013,0.000000010,0.000000016,0.000002711
10.100036088,TRACKING,,0.001054332,1,0.000000000,0.000000014,0.050000010,0.000000000,0.000000000,0.050000000,-0.000000000,0.000000014,0.000000010,0.000000017,0.000002784
10.110452367,TRACKING,,0.001158816,1,0.000000000,0.000000014,0.050000010,0.000000000,0.000000000,0.050000000,-0.000000000,0.000000014,0.000000010,0.000000017,0.000002867
10.120095706,TRACKING,,0.001313166,1,0.000000000,0.000000014,0.050000010,0.000000000,0.000000000,0.050000000,-0.000000000,0.000000014,0.000000010,0.000000017,0.000002867
10.130118985,TRACKING,,0.001449707,1,0.000000000,0.000000015,0.050000010,0.000000000,0.000000000,0.050000000,-0.000000000,0.000000015,0.000000010,0.000000017,0.000002940
10.140696738,TRACKING,,0.001675296,1,0.000000000,0.000000015,0.050000010,0.000000000,0.000000000,0.050000000,-0.000000000,0.000000015,0.000000010,0.000000018,0.000003007
10.150367385,TRACKING,,0.001493637,1,0.000000000,0.000000014,0.050000010,0.000000000,0.000000000,0.050000000,-0.000000000,0.000000014,0.000000010,0.000000017,0.000002759
10.160553326,TRACKING,,0.001748909,1,0.000000000,0.000000012,0.050000005,0.000000000,0.000000000,0.050000000,-0.000000000,0.000000012,0.000000005,0.000000013,0.000002335
10.170619347,TRACKING,,0.001714477,1,0.000000000,0.000000012,0.050000003,0.000000000,0.000000000,0.050000000,-0.000000000,0.000000012,0.000000003,0.000000013,0.000002458
10.180588010,TRACKING,,0.001612369,1,0.000000000,0.000000013,0.050000004,0.000000000,0.000000000,0.050000000,-0.000000000,0.000000013,0.000000004,0.000000013,0.000002553
10.190610101,TRACKING,,0.001612368,1,0.000000000,0.000000013,0.050000004,0.000000000,0.000000000,0.050000000,-0.000000000,0.000000013,0.000000004,0.000000014,0.000002639
10.200788918,TRACKING,,0.001531631,1,0.000000000,0.000000013,0.050000005,0.000000000,0.000000000,0.050000000,-0.000000000,0.000000013,0.000000005,0.000000014,0.000002717
10.210831193,TRACKING,,0.001361845,1,0.000000000,0.000000014,0.050000005,0.000000000,0.000000000,0.050000000,-0.000000000,0.000000014,0.000000005,0.000000015,0.000002791
10.220848536,TRACKING,,0.001239553,1,0.000000000,0.000000014,0.050000006,0.000000000,0.000000000,0.050000000,-0.000000000,0.000000014,0.000000006,0.000000015,0.000002858
10.230945428,TRACKING,,0.001363033,1,0.000000000,0.000000014,0.050000006,0.000000000,0.000000000,0.050000000,-0.000000000,0.000000014,0.000000006,0.000000015,0.000002858
10.240901030,TRACKING,,0.001259736,1,0.000000000,0.000000008,0.050000006,0.000000000,0.000000000,0.050000000,-0.000000000,0.000000008,0.000000006,0.000000010,0.000001634
10.250956366,TRACKING,,0.001458017,1,0.000000000,0.000000005,0.050000006,0.000000000,0.000000000,0.050000000,-0.000000000,0.000000005,0.000000006,0.000000008,0.000000994
10.261104312,TRACKING,,0.001894949,1,0.000000000,0.000000006,0.050000007,0.000000000,0.000000000,0.050000000,-0.000000000,0.000000006,0.000000007,0.000000009,0.000001243
10.271255820,TRACKING,,0.001924631,1,0.000000000,0.000000007,0.050000007,0.000000000,0.000000000,0.050000000,-0.000000000,0.000000007,0.000000007,0.000000010,0.000001468
10.281325404,TRACKING,,0.001846269,1,0.000000000,0.000000008,0.050000007,0.000000000,0.000000000,0.050000000,-0.000000000,0.000000008,0.000000007,0.000000011,0.000001639
10.291397363,TRACKING,,0.001792839,1,-0.000000000,0.000000009,0.050000008,0.000000000,0.000000000,0.050000000,0.000000000,0.000000009,0.000000008,0.000000012,0.000001794
10.302028545,TRACKING,,0.002204837,1,-0.000000000,0.000000010,0.050000008,0.000000000,0.000000000,0.050000000,0.000000000,0.000000010,0.000000008,0.000000012,0.000001942
10.311994833,TRACKING,,0.000217278,1,-0.000000000,0.000000010,0.050000008,0.000000000,0.000000000,0.050000000,0.000000000,0.000000010,0.000000008,0.000000013,0.000002103
10.322252011,TRACKING,,0.000717136,1,-0.000000000,0.000000011,0.050000008,0.000000000,0.000000000,0.050000000,0.000000000,0.000000011,0.000000008,0.000000014,0.000002246
10.332288351,TRACKING,,0.000866737,1,-0.000000000,0.000000011,0.050000008,0.000000000,0.000000000,0.050000000,0.000000000,0.000000011,0.000000008,0.000000014,0.000002246
10.342398303,TRACKING,,0.000896420,1,0.000000000,0.000000012,0.050000002,0.000000000,0.000000000,0.050000000,-0.000000000,0.000000012,0.000000002,0.000000012,0.000002378
10.352461950,TRACKING,,0.000993779,1,0.000000000,0.000000012,0.049999998,0.000000000,0.000000000,0.050000000,-0.000000000,0.000000012,-0.000000002,0.000000012,0.000002476
10.362536283,TRACKING,,0.000778876,1,0.000000000,0.000000013,0.050000000,0.000000000,0.000000000,0.050000000,-0.000000000,0.000000013,-0.000000000,0.000000013,0.000002588
10.372597556,TRACKING,,0.000448804,1,0.000000000,0.000000013,0.050000000,0.000000000,0.000000000,0.050000000,-0.000000000,0.000000013,0.000000000,0.000000013,0.000002672
10.382749064,TRACKING,,0.000459490,1,0.000000000,0.000000011,0.050000001,0.000000000,0.000000000,0.050000000,-0.000000000,0.000000011,0.000000001,0.000000011,0.000002204
10.392728413,TRACKING,,0.000371629,1,0.000000000,0.000000006,0.050000002,0.000000000,0.000000000,0.050000000,-0.000000000,0.000000006,0.000000002,0.000000007,0.000001252
10.403155377,TRACKING,,0.000953411,1,0.000000000,0.000000005,0.050000003,0.000000000,0.000000000,0.050000000,-0.000000000,0.000000005,0.000000003,0.000000005,0.000000923
10.415015426,TRACKING,,0.000201843,1,0.000000000,0.000000006,0.050000004,0.000000000,0.000000000,0.050000000,-0.000000000,0.000000006,0.000000004,0.000000007,0.000001168
10.424976964,TRACKING,,0.000112795,1,0.000000000,0.000000007,0.050000004,0.000000000,0.000000000,0.050000000,-0.000000000,0.000000007,0.000000004,0.000000008,0.000001363
10.435148657,TRACKING,,0.000301577,1,-0.000000000,0.000000008,0.050000005,0.000000000,0.000000000,0.050000000,0.000000000,0.000000008,0.000000005,0.000000009,0.000001541
10.445085262,TRACKING,,0.000015435,1,-0.000000000,0.000000008,0.050000005,0.000000000,0.000000000,0.050000000,0.000000000,0.000000008,0.000000005,0.000000010,0.000001706
10.455236770,TRACKING,,0.002375809,1,-0.000000000,0.000000009,0.050000005,0.000000000,0.000000000,0.050000000,0.000000000,0.000000009,0.000000005,0.000000011,0.000001858
10.465171001,TRACKING,,0.000103296,1,-0.000000000,0.000000010,0.050000006,0.000000000,0.000000000,0.050000000,0.000000000,0.000000010,0.000000006,0.000000012,0.000001997
10.475280953,TRACKING,,0.000140102,1,-0.000000000,0.000000011,0.050000006,0.000000000,0.000000000,0.050000000,0.000000000,0.000000011,0.000000006,0.000000012,0.000002152
10.487799959,TRACKING,,0.005164803,1,-0.000000000,0.000000011,0.050000006,0.000000000,0.000000000,0.050000000,0.000000000,0.000000011,0.000000006,0.000000012,0.000002152
10.495727634,TRACKING,,0.002287948,1,-0.000000000,0.000000011,0.050000007,0.000000000,0.000000000,0.050000000,0.000000000,0.000000011,0.000000007,0.000000013,0.000002300
10.505593001,TRACKING,,0.000030871,1,-0.000000000,0.000000012,0.050000007,0.000000000,0.000000000,0.050000000,0.000000000,0.000000012,0.000000007,0.000000014,0.000002407
10.515687518,TRACKING,,0.000117544,1,0.000000000,0.000000013,0.050000004,0.000000000,0.000000000,0.050000000,-0.000000000,0.000000013,0.000000004,0.000000013,0.000002546
10.525683489,TRACKING,,0.000353819,1,0.000000000,0.000000010,0.049999999,0.000000000,0.000000000,0.050000000,-0.000000000,0.000000010,-0.000000001,0.000000010,0.000002096
10.535830248,TRACKING,,0.000568722,1,0.000000000,0.000000005,0.049999998,0.000000000,0.000000000,0.050000000,-0.000000000,0.000000005,-0.000000002,0.000000005,0.000000960
10.545914079,TRACKING,,0.000654209,1,0.000000000,0.000000005,0.049999999,0.000000000,0.000000000,0.050000000,-0.000000000,0.000000005,-0.000000001,0.000000005,0.000000959
10.555873243,TRACKING,,0.000544976,1,0.000000000,0.000000006,0.050000000,0.000000000,0.000000000,0.050000000,-0.000000000,0.000000006,0.000000000,0.000000006,0.000001173
10.565927392,TRACKING,,0.000856051,1,0.000000000,0.000000006,0.050000000,0.000000000,0.000000000,0.050000000,-0.000000000,0.000000006,0.000000000,0.000000006,0.000001173
10.576034970,TRACKING,,0.001019900,1,0.000000000,0.000000007,0.050000001,0.000000000,0.000000000,0.050000000,-0.000000000,0.000000007,0.000000001,0.000000007,0.000001402
10.586100992,TRACKING,,0.000942725,1,0.000000000,0.000000008,0.050000002,0.000000000,0.000000000,0.050000000,-0.000000000,0.000000008,0.000000002,0.000000008,0.000001617
10.596132582,TRACKING,,0.000781251,1,0.000000000,0.000000009,0.050000003,0.000000000,0.000000000,0.050000000,-0.000000000,0.000000009,0.000000003,0.000000009,0.000001777
10.606176045,TRACKING,,0.000962910,1,-0.000000000,0.000000010,0.050000003,0.000000000,0.000000000,0.050000000,0.000000000,0.000000010,0.000000003,0.000000010,0.000001922
10.616359610,TRACKING,,0.000850115,1,-0.000000000,0.000000010,0.050000004,0.000000000,0.000000000,0.050000000,0.000000000,0.000000010,0.000000004,0.000000011,0.000002088
10.626308088,TRACKING,,0.000383501,1,-0.000000000,0.000000011,0.050000005,0.000000000,0.000000000,0.050000000,0.000000000,0.000000011,0.000000005,0.000000012,0.000002211
10.636613947,TRACKING,,0.000020184,1,-0.000000000,0.000000012,0.050000005,0.000000000,0.000000000,0.050000000,0.000000000,0.000000012,0.000000005,0.000000013,0.000002328
10.646587359,TRACKING,,0.002395994,1,-0.000000000,0.000000012,0.050000006,0.000000000,0.000000000,0.050000000,0.000000000,0.000000012,0.000000006,0.000000013,0.000002433
10.656782797,TRACKING,,0.002102728,1,-0.000000000,0.000000008,0.050000006,0.000000000,0.000000000,0.050000000,0.000000000,0.000000008,0.000000006,0.000000010,0.000001696
10.666990109,TRACKING,,0.001701416,1,-0.000000000,0.000000008,0.050000006,0.000000000,0.000000000,0.050000000,0.000000000,0.000000008,0.000000006,0.000000010,0.000001585
10.676946899,TRACKING,,0.001332162,1,-0.000000000,0.000000009,0.050000007,0.000000000,0.000000000,0.050000000,0.000000000,0.000000009,0.000000007,0.000000011,0.000001751
10.687016483,TRACKING,,0.001098262,1,0.000000000,0.000000009,0.050000001,0.000000000,0.000000000,0.050000000,-0.000000000,0.000000009,0.000000001,0.000000010,0.000001903
10.696917468,TRACKING,,0.000936788,1,0.000000000,0.000000010,0.050000002,0.000000000,0.000000000,0.050000000,-0.000000000,0.000000010,0.000000002,0.000000010,0.000002041
10.706978741,TRACKING,,0.000895232,1,0.000000000,0.000000011,0.050000003,0.000000000,0.000000000,0.050000000,-0.000000000,0.000000011,0.000000003,0.000000011,0.000002166
10.717036452,TRACKING,,0.000902356,1,0.000000000,0.000000011,0.050000003,0.000000000,0.000000000,0.050000000,-0.000000000,0.000000011,0.000000003,0.000000012,0.000002281
10.727205770,TRACKING,,0.000835867,1,0.000000000,0.000000007,0.050000004,0.000000000,0.000000000,0.050000000,-0.000000000,0.000000007,0.000000004,0.000000008,0.000001323
10.737306223,TRACKING,,0.000677955,1,-0.000000000,0.000000007,0.050000004,0.000000000,0.000000000,0.050000000,0.000000000,0.000000007,0.000000004,0.000000009,0.000001510
10.749878659,TRACKING,,0.004257697,1,-0.000000000,0.000000007,0.050000004,0.000000000,0.000000000,0.050000000,0.000000000,0.000000007,0.000000004,0.000000009,0.000001510
10.759824762,TRACKING,,0.004507033,1,-0.000000000,0.000000009,0.050000005,0.000000000,0.000000000,0.050000000,0.000000000,0.000000009,0.000000005,0.000000010,0.000001728
10.769780364,TRACKING,,0.002189401,1,-0.000000000,0.000000009,0.050000005,0.000000000,0.000000000,0.050000000,0.000000000,0.000000009,0.000000005,0.000000011,0.000001884
10.779985301,TRACKING,,0.001671734,1,-0.000000000,0.000000010,0.050000006,0.000000000,0.000000000,0.050000000,0.000000000,0.000000010,0.000000006,0.000000012,0.000002047
10.793080154,TRACKING,,0.002280824,1,-0.000000000,0.000000011,0.050000005,0.000000000,0.000000000,0.050000000,0.000000000,0.000000011,0.000000005,0.000000012,0.000002176
10.803160423,TRACKING,,0.000028496,1,0.000000000,0.000000011,0.050000000,0.000000000,0.000000000,0.050000000,-0.000000000,0.000000011,-0.000000000,0.000000011,0.000002292
10.813197950,TRACKING,,0.002441111,1,0.000000000,0.000000012,0.049999996,0.000000000,0.000000000,0.050000000,-0.000000000,0.000000012,-0.000000004,0.000000013,0.000002421
10.823282968,TRACKING,,0.001748909,1,0.000000000,0.000000011,0.049999997,0.000000000,0.000000000,0.050000000,-0.000000000,0.000000011,-0.000000003,0.000000012,0.000002240
10.833238570,TRACKING,,0.001503136,1,0.000000000,0.000000006,0.049999998,0.000000000,0.000000000,0.050000000,-0.000000000,0.000000006,-0.000000002,0.000000006,0.000001222
10.843805638,TRACKING,,0.001931755,1,0.000000000,0.000000004,0.049999999,0.000000000,0.000000000,0.050000000,-0.000000000,0.000000004,-0.000000001,0.000000004,0.000000893
10.853603327,TRACKING,,0.002184652,1,0.000000000,0.000000006,0.050000000,0.000000000,0.000000000,0.050000000,-0.000000000,0.000000006,0.000000000,0.000000006,0.000001151
10.863699032,TRACKING,,0.002267764,1,0.000000000,0.000000007,0.050000001,0.000000000,0.000000000,0.050000000,-0.000000000,0.000000007,0.000000001,0.000000007,0.000001388
10.873670069,TRACKING,,0.000099734,1,-0.000000000,0.000000008,0.050000002,0.000000000,0.000000000,0.050000000,0.000000000,0.000000008,0.000000002,0.000000008,0.000001603
10.883819203,TRACKING,,0.000155537,1,-0.000000000,0.000000008,0.050000002,0.000000000,0.000000000,0.050000000,0.000000000,0.000000008,0.000000002,0.000000008,0.000001603
10.893837732,TRACKING,,0.000208967,1,-0.000000000,0.000000009,0.050000003,0.000000000,0.000000000,0.050000000,0.000000000,0.000000009,0.000000003,0.000000009,0.000001797
10.903847950,TRACKING,,0.000122293,1,-0.000000000,0.000000010,0.050000004,0.000000000,0.000000000,0.050000000,0.000000000,0.000000010,0.000000004,0.000000010,0.000001972
10.913929407,TRACKING,,0.000067676,1,-0.000000000,0.000000010,0.050000004,0.000000000,0.000000000,0.050000000,0.000000000,0.000000010,0.000000004,0.000000011,0.000002104
10.923981181,TRACKING,,0.000059365,1,-0.000000000,0.000000011,0.050000005,0.000000000,0.000000000,0.050000000,0.000000000,0.000000011,0.000000005,0.000000012,0.000002224
10.934032956,TRACKING,,0.000127043,1,-0.000000000,0.000000012,0.050000005,0.000000000,0.000000000,0.050000000,0.000000000,0.000000012,0.000000005,0.000000013,0.000002334
10.944107289,TRACKING,,0.000017810,1,-0.000000000,0.000000012,0.050000006,0.000000000,0.000000000,0.050000000,0.000000000,0.000000012,0.000000006,0.000000013,0.000002437
10.954642298,TRACKING,,0.002310507,1,0.000000000,0.000000010,0.050000003,0.000000000,0.000000000,0.050000000,-0.000000000,0.000000010,0.000000003,0.000000010,0.000001985
10.964677450,TRACKING,,0.002479105,1,0.000000000,0.000000005,0.049999998,0.000000000,0.000000000,0.050000000,-0.000000000,0.000000005,-0.000000002,0.000000005,0.000001046
10.974405088,TRACKING,,0.002392431,1,0.000000000,0.000000004,0.049999997,0.000000000,0.000000000,0.050000000,-0.000000000,0.000000004,-0.000000003,0.000000005,0.000000725
10.984632585,TRACKING,,0.002314069,1,0.000000000,0.000000005,0.049999998,0.000000000,0.000000000,0.050000000,-0.000000000,0.000000005,-0.000000002,0.000000005,0.000000954
10.994546631,TRACKING,,0.002458921,1,0.000000000,0.000000006,0.049999999,0.000000000,0.000000000,0.050000000,-0.000000000,0.000000006,-0.000000001,0.000000006,0.000001165
11.004810934,TRACKING,,0.000024934,1,0.000000000,0.000000007,0.050000000,0.000000000,0.000000000,0.050000000,-0.000000000,0.000000007,0.000000000,0.000000007,0.000001402
11.014746351,TRACKING,,0.000199469,1,0.000000000,0.000000008,0.050000001,0.000000000,0.000000000,0.050000000,-0.000000000,0.000000008,0.000000001,0.000000008,0.000001576
11.024918044,TRACKING,,0.000347883,1,-0.000000000,0.000000009,0.050000002,0.000000000,0.000000000,0.050000000,0.000000000,0.000000009,0.000000002,0.000000009,0.000001772
11.034924700,TRACKING,,0.000550913,1,-0.000000000,0.000000009,0.050000002,0.000000000,0.000000000,0.050000000,0.000000000,0.000000009,0.000000002,0.000000009,0.000001772
11.045010906,TRACKING,,0.000667269,1,-0.000000000,0.000000010,0.050000003,0.000000000,0.000000000,0.050000000,0.000000000,0.000000010,0.000000003,0.000000010,0.000001949
11.055006877,TRACKING,,0.000866736,1,-0.000000000,0.000000010,0.050000004,0.000000000,0.000000000,0.050000000,0.000000000,0.000000010,0.000000004,0.000000011,0.000002109
11.065061026,TRACKING,,0.001011589,1,-0.000000000,0.000000011,0.050000004,0.000000000,0.000000000,0.050000000,0.000000000,0.000000011,0.000000004,0.000000012,0.000002255
11.075175727,TRACKING,,0.001418837,1,-0.000000000,0.000000012,0.050000005,0.000000000,0.000000000,0.050000000,0.000000000,0.000000012,0.000000005,0.000000013,0.000002385
11.085237000,TRACKING,,0.000189970,1,-0.000000000,0.000000012,0.050000005,0.000000000,0.000000000,0.050000000,0.000000000,0.000000012,0.000000005,0.000000013,0.000002495
11.095527424,TRACKING,,0.000011873,1,-0.000000000,0.000000012,0.050000005,0.000000000,0.000000000,0.050000000,0.000000000,0.000000012,0.000000005,0.000000013,0.000002495
11.107718732,TRACKING,,0.001934130,1,-0.000000000,0.000000007,0.050000006,0.000000000,0.000000000,0.050000000,0.000000000,0.000000007,0.000000006,0.000000009,0.000001495
11.117706392,TRACKING,,0.002208398,1,0.000000000,0.000000002,0.049999999,0.000000000,0.000000000,0.050000000,-0.000000000,0.000000002,-0.000000001,0.000000002,0.000000383
11.127881646,TRACKING,,0.002315257,1,0.000000000,-0.000000002,0.049999995,0.000000000,0.000000000,0.050000000,-0.000000000,-0.000000002,-0.000000005,0.000000005,0.000000333
11.137807565,TRACKING,,0.002322380,1,0.000000000,0.000000000,0.049999997,0.000000000,0.000000000,0.050000000,-0.000000000,0.000000000,-0.000000003,0.000000003,0.000000048
11.148170415,TRACKING,,0.001796402,1,0.000000000,0.000000002,0.049999998,0.000000000,0.000000000,0.050000000,-0.000000000,0.000000002,-0.000000002,0.000000003,0.000000332
11.159018875,TRACKING,,0.003009833,1,0.000000000,0.000000003,0.049999999,0.000000000,0.000000000,0.050000000,-0.000000000,0.000000003,-0.000000001,0.000000003,0.000000595
11.169023156,TRACKING,,0.001022275,1,0.000000000,0.000000004,0.050000000,0.000000000,0.000000000,0.050000000,-0.000000000,0.000000004,0.000000000,0.000000004,0.000000877
11.179137858,TRACKING,,0.001339287,1,-0.000000000,0.000000006,0.050000001,0.000000000,0.000000000,0.050000000,0.000000000,0.000000006,0.000000001,0.000000006,0.000001139
11.189786850,TRACKING,,0.003002709,1,-0.000000000,0.000000006,0.050000001,0.000000000,0.000000000,0.050000000,0.000000000,0.000000006,0.000000001,0.000000006,0.000001139
11.199728204,TRACKING,,0.004564023,1,-0.000000000,0.000000007,0.050000002,0.000000000,0.000000000,0.050000000,0.000000000,0.000000007,0.000000002,0.000000007,0.000001378
11.209783540,TRACKING,,0.001845081,1,-0.000000000,0.000000008,0.050000003,0.000000000,0.000000000,0.050000000,0.000000000,0.000000008,0.000000003,0.000000008,0.000001558
11.219784260,TRACKING,,0.001718039,1,-0.000000000,0.000000009,0.050000004,0.000000000,0.000000000,0.050000000,0.000000000,0.000000009,0.000000004,0.000000009,0.000001759
11.229978511,TRACKING,,0.001308417,1,-0.000000000,0.000000009,0.050000004,0.000000000,0.000000000,0.050000000,0.000000000,0.000000009,0.000000004,0.000000010,0.000001907
11.239972107,TRACKING,,0.000962909,1,0.000000000,0.000000010,0.050000002,0.000000000,0.000000000,0.050000000,-0.000000000,0.000000010,0.000000002,0.000000010,0.000002047
11.250020319,TRACKING,,0.002074233,1,0.000000000,0.000000011,0.050000000,0.000000000,0.000000000,0.050000000,-0.000000000,0.000000011,-0.000000000,0.000000011,0.000002189
11.260543456,TRACKING,,0.002156156,1,0.000000000,0.000000009,0.050000001,0.000000000,0.000000000,0.050000000,-0.000000000,0.000000009,0.000000001,0.000000009,0.000001764
11.270350644,TRACKING,,0.002401930,1,-0.000000000,0.000000003,0.050000002,0.000000000,0.000000000,0.050000000,0.000000000,0.000000003,0.000000002,0.000000004,0.000000640
11.281075624,TRACKING,,0.000422682,1,-0.000000000,0.000000003,0.050000003,0.000000000,0.000000000,0.050000000,0.000000000,0.000000003,0.000000003,0.000000004,0.000000684
11.291070407,TRACKING,,0.002316444,1,-0.000000000,0.000000003,0.050000003,0.000000000,0.000000000,0.050000000,0.000000000,0.000000003,0.000000003,0.000000004,0.000000684
11.303835186,TRACKING,,0.004850165,1,-0.000000000,0.000000005,0.050000003,0.000000000,0.000000000,0.050000000,0.000000000,0.000000005,0.000000003,0.000000006,0.000000929
11.313825220,TRACKING,,0.001902072,1,-0.000000000,0.000000006,0.050000004,0.000000000,0.000000000,0.050000000,0.000000000,0.000000006,0.000000004,0.000000007,0.000001202
11.323886493,TRACKING,,0.001693106,1,0.000000000,0.000000007,0.049999999,0.000000000,0.000000000,0.050000000,-0.000000000,0.000000007,-0.000000001,0.000000007,0.000001394
11.333973887,TRACKING,,0.000749193,1,0.000000000,0.000000008,0.049999994,0.000000000,0.000000000,0.050000000,-0.000000000,0.000000008,-0.000000006,0.000000010,0.000001572
11.344047032,TRACKING,,0.000244586,1,0.000000000,0.000000009,0.049999996,0.000000000,0.000000000,0.050000000,-0.000000000,0.000000009,-0.000000004,0.000000010,0.000001749
11.354046565,TRACKING,,0.001573187,1,0.000000000,0.000000009,0.049999997,0.000000000,0.000000000,0.050000000,-0.000000000,0.000000009,-0.000000003,0.000000010,0.000001903
11.364066282,TRACKING,,0.001595746,1,0.000000000,0.000000010,0.049999999,0.000000000,0.000000000,0.050000000,-0.000000000,0.000000010,-0.000000001,0.000000010,0.000002054
11.374085998,TRACKING,,0.001543504,1,0.000000000,0.000000011,0.050000000,0.000000000,0.000000000,0.050000000,-0.000000000,0.000000011,-0.000000000,0.000000011,0.000002177
11.384096217,TRACKING,,0.001519758,1,-0.000000000,0.000000009,0.050000000,0.000000000,0.000000000,0.050000000,0.000000000,0.000000009,0.000000000,0.000000009,0.000001749
11.394294030,TRACKING,,0.001493637,1,-0.000000000,0.000000004,0.050000001,0.000000000,0.000000000,0.050000000,0.000000000,0.000000004,0.000000001,0.000000004,0.000000831
11.404513215,TRACKING,,0.000996154,1,-0.000000000,0.000000003,0.050000002,0.000000000,0.000000000,0.050000000,0.000000000,0.000000003,0.000000002,0.000000003,0.000000519
11.414563802,TRACKING,,0.000624525,1,-0.000000000,0.000000004,0.050000003,0.000000000,0.000000000,0.050000000,0.000000000,0.000000004,0.000000003,0.000000005,0.000000774
11.424714123,TRACKING,,0.000320574,1,-0.000000000,0.000000005,0.050000003,0.000000000,0.000000000,0.050000000,0.000000000,0.000000005,0.000000003,0.000000006,0.000001003
11.434689909,TRACKING,,0.000165036,1,-0.000000000,0.000000006,0.050000004,0.000000000,0.000000000,0.050000000,0.000000000,0.000000006,0.000000004,0.000000007,0.000001214
11.444972022,TRACKING,,0.002487416,1,-0.000000000,0.000000007,0.050000005,0.000000000,0.000000000,0.050000000,0.000000000,0.000000007,0.000000005,0.000000008,0.000001407
11.454723406,TRACKING,,0.000018997,1,-0.000000000,0.000000008,0.050000002,0.000000000,0.000000000,0.050000000,0.000000000,0.000000008,0.000000002,0.000000008,0.000001586
11.464978211,TRACKING,,0.002296259,1,0.000000000,0.000000009,0.049999997,0.000000000,0.000000000,0.050000000,-0.000000000,0.000000009,-0.000000003,0.000000009,0.000001745
11.474983680,TRACKING,,0.002200087,1,0.000000000,0.000000009,0.049999996,0.000000000,0.000000000,0.050000000,-0.000000000,0.000000009,-0.000000004,0.000000010,0.000001899
11.485008146,TRACKING,,0.002452985,1,0.000000000,0.000000010,0.049999997,0.000000000,0.000000000,0.050000000,-0.000000000,0.000000010,-0.000000003,0.000000011,0.000002065
11.495128784,TRACKING,,0.002273701,1,0.000000000,0.000000011,0.049999998,0.000000000,0.000000000,0.050000000,-0.000000000,0.000000011,-0.000000002,0.000000011,0.000002188
11.505190057,TRACKING,,0.001904447,1,0.000000000,0.000000007,0.049999999,0.000000000,0.000000000,0.050000000,-0.000000000,0.000000007,-0.000000001,0.000000007,0.000001469
11.515231145,TRACKING,,0.001846268,1,-0.000000000,0.000000007,0.050000000,0.000000000,0.000000000,0.050000000,0.000000000,0.000000007,0.000000000,0.000000007,0.000001376
11.525304291,TRACKING,,0.001503136,1,-0.000000000,0.000000008,0.050000001,0.000000000,0.000000000,0.050000000,0.000000000,0.000000008,0.000000001,0.000000008,0.000001555
11.535384560,TRACKING,,0.001624241,1,-0.000000000,0.000000009,0.050000002,0.000000000,0.000000000,0.050000000,0.000000000,0.000000009,0.000000002,0.000000009,0.000001719
11.545398341,TRACKING,,0.001490075,1,-0.000000000,0.000000009,0.050000003,0.000000000,0.000000000,0.050000000,0.000000000,0.000000009,0.000000003,0.000000010,0.000001870
11.555875172,TRACKING,,0.001050770,1,-0.000000000,0.000000004,0.050000003,0.000000000,0.000000000,0.050000000,0.000000000,0.000000004,0.000000003,0.000000006,0.000000887
11.565835523,TRACKING,,0.000847740,1,-0.000000000,0.000000005,0.050000004,0.000000000,0.000000000,0.050000000,0.000000000,0.000000005,0.000000004,0.000000007,0.000001106
11.576039273,TRACKING,,0.000831118,1,-0.000000000,0.000000006,0.050000005,0.000000000,0.000000000,0.050000000,0.000000000,0.000000006,0.000000005,0.000000008,0.000001305
11.586081549,TRACKING,,0.002162094,1,-0.000000000,0.000000006,0.050000005,0.000000000,0.000000000,0.050000000,0.000000000,0.000000006,0.000000005,0.000000008,0.000001305
11.596268676,TRACKING,,0.002414991,1,0.000000000,0.000000007,0.049999999,0.000000000,0.000000000,0.050000000,-0.000000000,0.000000007,-0.000000001,0.000000008,0.000001509
11.606237339,TRACKING,,0.001650362,1,0.000000000,0.000000008,0.049999994,0.000000000,0.000000000,0.050000000,-0.000000000,0.000000008,-0.000000006,0.000000010,0.000001683
11.616216687,TRACKING,,0.001176626,1,0.000000000,0.000000009,0.049999996,0.000000000,0.000000000,0.050000000,-0.000000000,0.000000009,-0.000000004,0.000000010,0.000001839
11.626218594,TRACKING,,0.001467516,1,0.000000000,0.000000010,0.049999997,0.000000000,0.000000000,0.050000000,-0.000000000,0.000000010,-0.000000003,0.000000010,0.000001983
11.636424719,TRACKING,,0.001328601,1,0.000000000,0.000000008,0.049999998,0.000000000,0.000000000,0.050000000,-0.000000000,0.000000008,-0.000000002,0.000000008,0.000001584
11.646451559,TRACKING,,0.000010686,1,0.000000000,0.000000003,0.050000000,0.000000000,0.000000000,0.050000000,-0.000000000,0.000000003,-0.000000000,0.000000003,0.000000576
11.656671932,TRACKING,,0.000129417,1,-0.000000000,0.000000001,0.050000000,0.000000000,0.000000000,0.050000000,0.000000000,0.000000001,0.000000000,0.000000001,0.000000290
11.666709458,TRACKING,,0.002147846,1,-0.000000000,0.000000003,0.050000002,0.000000000,0.000000000,0.050000000,0.000000000,0.000000003,0.000000002,0.000000003,0.000000623
11.676724426,TRACKING,,0.002368686,1,-0.000000000,0.000000003,0.050000002,0.000000000,0.000000000,0.050000000,0.000000000,0.000000003,0.000000002,0.000000003,0.000000623
11.687016036,TRACKING,,0.002366310,1,-0.000000000,0.000000004,0.050000002,0.000000000,0.000000000,0.050000000,0.000000000,0.000000004,0.000000002,0.000000005,0.000000910
11.696836285,TRACKING,,0.000020184,1,-0.000000000,0.000000006,0.050000003,0.000000000,0.000000000,0.050000000,0.000000000,0.000000006,0.000000003,0.000000006,0.000001123
11.706916555,TRACKING,,0.001777404,1,-0.000000000,0.000000007,0.050000004,0.000000000,0.000000000,0.050000000,0.000000000,0.000000007,0.000000004,0.000000008,0.000001363
11.717078749,TRACKING,,0.001881888,1,-0.000000000,0.000000008,0.050000003,0.000000000,0.000000000,0.050000000,0.000000000,0.000000008,0.000000003,0.000000008,0.000001556
11.727073532,TRACKING,,0.001526882,1,0.000000000,0.000000009,0.049999997,0.000000000,0.000000000,0.050000000,-0.000000000,0.000000009,-0.000000003,0.000000009,0.000001758
11.737252348,TRACKING,,0.000876236,1,0.000000000,0.000000009,0.049999997,0.000000000,0.000000000,0.050000000,-0.000000000,0.000000009,-0.000000003,0.000000010,0.000001914
11.747367050,TRACKING,,0.000826369,1,0.000000000,0.000000010,0.049999998,0.000000000,0.000000000,0.050000000,-0.000000000,0.000000010,-0.000000002,0.000000010,0.000002050
11.757411700,TRACKING,,0.000955785,1,0.000000000,0.000000011,0.049999999,0.000000000,0.000000000,0.050000000,-0.000000000,0.000000011,-0.000000001,0.000000011,0.000002175
11.767478909,TRACKING,,0.000901169,1,0.000000000,0.000000007,0.050000000,0.000000000,0.000000000,0.050000000,-0.000000000,0.000000007,0.000000000,0.000000007,0.000001479
11.777768146,TRACKING,,0.000936788,1,-0.000000000,0.000000002,0.050000001,0.000000000,0.000000000,0.050000000,0.000000000,0.000000002,0.000000001,0.000000002,0.000000389
11.787638261,TRACKING,,0.000577034,1,-0.000000000,0.000000003,0.050000002,0.000000000,0.000000000,0.050000000,0.000000000,0.000000003,0.000000002,0.000000004,0.000000652
11.797560619,TRACKING,,0.001643238,1,-0.000000000,0.000000003,0.050000002,0.000000000,0.000000000,0.050000000,0.000000000,0.000000003,0.000000002,0.000000004,0.000000652
11.807840356,TRACKING,,0.001662236,1,-0.000000000,0.000000005,0.050000003,0.000000000,0.000000000,0.050000000,0.000000000,0.000000005,0.000000003,0.000000005,0.000000921
11.817854137,TRACKING,,0.001645613,1,0.000000000,0.000000006,0.049999998,0.000000000,0.000000000,0.050000000,-0.000000000,0.000000006,-0.000000002,0.000000006,0.000001133
11.827889288,TRACKING,,0.001739411,1,0.000000000,0.000000007,0.049999993,0.000000000,0.000000000,0.050000000,-0.000000000,0.000000007,-0.000000007,0.000000009,0.000001329
11.837875761,TRACKING,,0.001712102,1,0.000000000,0.000000008,0.049999995,0.000000000,0.000000000,0.050000000,-0.000000000,0.000000008,-0.000000005,0.000000009,0.000001550
11.848720658,TRACKING,,0.002489791,1,0.000000000,0.000000008,0.049999997,0.000000000,0.000000000,0.050000000,-0.000000000,0.000000008,-0.000000003,0.000000009,0.000001713
11.858684572,TRACKING,,0.001358284,1,0.000000000,0.000000009,0.049999998,0.000000000,0.000000000,0.050000000,-0.000000000,0.000000009,-0.000000002,0.000000010,0.000001879
11.868760092,TRACKING,,0.001345223,1,0.000000000,0.000000010,0.049999999,0.000000000,0.000000000,0.050000000,-0.000000000,0.000000010,-0.000000001,0.000000010,0.000002016
11.878943658,TRACKING,,0.001359471,1,-0.000000000,0.000000011,0.050000000,0.000000000,0.000000000,0.050000000,0.000000000,0.000000011,-0.000000000,0.000000011,0.000002142
11.888885012,TRACKING,,0.002251141,1,-0.000000000,0.000000008,0.050000001,0.000000000,0.000000000,0.050000000,0.000000000,0.000000008,0.000000001,0.000000008,0.000001573
11.899151689,TRACKING,,0.002342564,1,-0.000000000,0.000000002,0.050000002,0.000000000,0.000000000,0.050000000,0.000000000,0.000000002,0.000000002,0.000000003,0.000000457
11.909994212,TRACKING,,0.000819245,1,-0.000000000,0.000000002,0.050000002,0.000000000,0.000000000,0.050000000,0.000000000,0.000000002,0.000000002,0.000000003,0.000000457
11.919962875,TRACKING,,0.000807371,1,-0.000000000,0.000000004,0.050000003,0.000000000,0.000000000,0.050000000,0.000000000,0.000000004,0.000000003,0.000000005,0.000000754
11.930013462,TRACKING,,0.000921353,1,-0.000000000,0.000000004,0.050000003,0.000000000,0.000000000,0.050000000,0.000000000,0.000000004,0.000000003,0.000000005,0.000000754
11.942044483,TRACKING,,0.005494874,1,0.000000000,0.000000005,0.049999997,0.000000000,0.000000000,0.050000000,-0.000000000,0.000000005,-0.000000003,0.000000006,0.000001029
11.952096257,TRACKING,,0.002080169,1,0.000000000,0.000000006,0.049999993,0.000000000,0.000000000,0.050000000,-0.000000000,0.000000006,-0.000000007,0.000000010,0.000001248
11.962646702,TRACKING,,0.002109852,1,0.000000000,0.000000007,0.049999995,0.000000000,0.000000000,0.050000000,-0.000000000,0.000000007,-0.000000005,0.000000009,0.000001478
11.972243736,TRACKING,,0.001879513,1,0.000000000,0.000000008,0.049999996,0.000000000,0.000000000,0.050000000,-0.000000000,0.000000008,-0.000000004,0.000000009,0.000001651
11.982391682,TRACKING,,0.001934130,1,0.000000000,0.000000009,0.049999998,0.000000000,0.000000000,0.050000000,-0.000000000,0.000000009,-0.000000002,0.000000009,0.000001842
11.992431583,TRACKING,,0.001798776,1,-0.000000000,0.000000010,0.049999999,0.000000000,0.000000000,0.050000000,0.000000000,0.000000010,-0.000000001,0.000000010,0.000001985
12.002377687,TRACKING,,0.002185839,1,-0.000000000,0.000000011,0.050000000,0.000000000,0.000000000,0.050000000,0.000000000,0.000000011,-0.000000000,0.000000011,0.000002140
12.012441334,TRACKING,,0.002187026,1,-0.000000000,0.000000011,0.050000000,0.000000000,0.000000000,0.050000000,0.000000000,0.000000011,-0.000000000,0.000000011,0.000002140
12.022704450,TRACKING,,0.002225021,1,-0.000000000,0.000000011,0.050000001,0.000000000,0.000000000,0.050000000,0.000000000,0.000000011,0.000000001,0.000000011,0.000002284
12.032535384,TRACKING,,0.002610897,1,-0.000000000,0.000000012,0.050000002,0.000000000,0.000000000,0.050000000,0.000000000,0.000000012,0.000000002,0.000000012,0.000002389
12.042793750,TRACKING,,0.002467232,1,-0.000000000,0.000000011,0.050000003,0.000000000,0.000000000,0.050000000,0.000000000,0.000000011,0.000000003,0.000000011,0.000002223
12.052656742,TRACKING,,0.000211341,1,-0.000000000,0.000000005,0.050000001,0.000000000,0.000000000,0.050000000,0.000000000,0.000000005,0.000000001,0.000000005,0.000001072
12.062726326,TRACKING,,0.000295641,1,0.000000000,0.000000004,0.049999995,0.000000000,0.000000000,0.050000000,-0.000000000,0.000000004,-0.000000005,0.000000006,0.000000807
12.072883771,TRACKING,,0.000883359,1,0.000000000,0.000000005,0.049999995,0.000000000,0.000000000,0.050000000,-0.000000000,0.000000005,-0.000000005,0.000000007,0.000001069
12.082827499,TRACKING,,0.001119635,1,0.000000000,0.000000005,0.049999995,0.000000000,0.000000000,0.050000000,-0.000000000,0.000000005,-0.000000005,0.000000007,0.000001069
12.092887585,TRACKING,,0.000934413,1,0.000000000,0.000000007,0.049999997,0.000000000,0.000000000,0.050000000,-0.000000000,0.000000007,-0.000000003,0.000000007,0.000001313
12.103067589,TRACKING,,0.000885734,1,0.000000000,0.000000007,0.049999998,0.000000000,0.000000000,0.050000000,-0.000000000,0.000000007,-0.000000002,0.000000008,0.000001498
12.113001819,TRACKING,,0.000909481,1,-0.000000000,0.000000008,0.049999999,0.000000000,0.000000000,0.050000000,0.000000000,0.000000008,-0.000000001,0.000000008,0.000001666
12.123054780,TRACKING,,0.000749193,1,-0.000000000,0.000000009,0.050000000,0.000000000,0.000000000,0.050000000,0.000000000,0.000000009,0.000000000,0.000000009,0.000001820
12.133409319,TRACKING,,0.001009215,1,-0.000000000,0.000000010,0.050000001,0.000000000,0.000000000,0.050000000,0.000000000,0.000000010,0.000000001,0.000000010,0.000001964
12.143852906,TRACKING,,0.001265673,1,-0.000000000,0.000000011,0.050000002,0.000000000,0.000000000,0.050000000,0.000000000,0.000000011,0.000000002,0.000000011,0.000002126
12.153701650,TRACKING,,0.001430710,1,-0.000000000,0.000000007,0.050000003,0.000000000,0.000000000,0.050000000,0.000000000,0.000000007,0.000000003,0.000000008,0.000001475
12.163958829,TRACKING,,0.001452082,1,0.000000000,0.000000007,0.049999998,0.000000000,0.000000000,0.050000000,-0.000000000,0.000000007,-0.000000002,0.000000007,0.000001438
12.173914430,TRACKING,,0.001727538,1,0.000000000,0.000000007,0.049999998,0.000000000,0.000000000,0.050000000,-0.000000000,0.000000007,-0.000000002,0.000000007,0.000001438
12.183935335,TRACKING,,0.001589809,1,0.000000000,0.000000008,0.049999999,0.000000000,0.000000000,0.050000000,-0.000000000,0.000000008,-0.000000001,0.000000008,0.000001648
12.194121275,TRACKING,,0.001301293,1,-0.000000000,0.000000009,0.050000000,0.000000000,0.000000000,0.050000000,0.000000000,0.000000009,0.000000000,0.000000009,0.000001804
12.204169487,TRACKING,,0.001632552,1,-0.000000000,0.000000010,0.050000001,0.000000000,0.000000000,0.050000000,0.000000000,0.000000010,0.000000001,0.000000010,0.000001952
12.214250944,TRACKING,,0.001519758,1,-0.000000000,0.000000009,0.050000002,0.000000000,0.000000000,0.050000000,0.000000000,0.000000009,0.000000002,0.000000009,0.000001830
12.224414325,TRACKING,,0.001600495,1,0.000000000,0.000000004,0.050000000,0.000000000,0.000000000,0.050000000,-0.000000000,0.000000004,0.000000000,0.000000004,0.000000905
12.234323622,TRACKING,,0.001243114,1,0.000000000,0.000000002,0.049999995,0.000000000,0.000000000,0.050000000,-0.000000000,0.000000002,-0.000000005,0.000000005,0.000000332
12.244667475,TRACKING,,0.000978345,1,0.000000000,0.000000003,0.049999994,0.000000000,0.000000000,0.050000000,-0.000000000,0.000000003,-0.000000006,0.000000007,0.000000594
12.254531654,TRACKING,,0.000916604,1,0.000000000,0.000000004,0.049999995,0.000000000,0.000000000,0.050000000,-0.000000000,0.000000004,-0.000000005,0.000000006,0.000000844
12.264667727,TRACKING,,0.001298918,1,0.000000000,0.000000005,0.049999997,0.000000000,0.000000000,0.050000000,-0.000000000,0.000000005,-0.000000003,0.000000006,0.000001106
12.274664885,TRACKING,,0.000635212,1,0.000000000,0.000000006,0.049999998,0.000000000,0.000000000,0.050000000,-0.000000000,0.000000006,-0.000000002,0.000000007,0.000001305
12.284758215,TRACKING,,0.000734945,1,-0.000000000,0.000000007,0.049999999,0.000000000,0.000000000,0.050000000,0.000000000,0.000000007,-0.000000001,0.000000007,0.000001494
12.294819488,TRACKING,,0.000689827,1,-0.000000000,0.000000008,0.050000000,0.000000000,0.000000000,0.050000000,0.000000000,0.000000008,0.000000000,0.000000008,0.000001661
12.306996548,TRACKING,,0.005316778,1,-0.000000000,0.000000009,0.050000001,0.000000000,0.000000000,0.050000000,0.000000000,0.000000009,0.000000001,0.000000009,0.000001815
12.317108875,TRACKING,,0.001938879,1,-0.000000000,0.000000010,0.050000002,0.000000000,0.000000000,0.050000000,0.000000000,0.000000010,0.000000002,0.000000010,0.000001969
12.327149964,TRACKING,,0.001954314,1,-0.000000000,0.000000010,0.050000003,0.000000000,0.000000000,0.050000000,0.000000000,0.000000010,0.000000003,0.000000011,0.000002099
12.337348964,TRACKING,,0.001943628,1,-0.000000000,0.000000008,0.050000003,0.000000000,0.000000000,0.050000000,0.000000000,0.000000008,0.000000003,0.000000009,0.000001675
12.347242826,TRACKING,,0.001904447,1,-0.000000000,0.000000004,0.050000001,0.000000000,0.000000000,0.050000000,0.000000000,0.000000004,0.000000001,0.000000004,0.000000757
12.357196054,TRACKING,,0.002228583,1,0.000000000,0.000000003,0.049999995,0.000000000,0.000000000,0.050000000,-0.000000000,0.000000003,-0.000000005,0.000000005,0.000000518
12.367346374,TRACKING,,0.002295072,1,0.000000000,0.000000003,0.049999995,0.000000000,0.000000000,0.050000000,-0.000000000,0.000000003,-0.000000005,0.000000005,0.000000518
12.377691414,TRACKING,,0.003312598,1,0.000000000,0.000000004,0.049999996,0.000000000,0.000000000,0.050000000,-0.000000000,0.000000004,-0.000000004,0.000000006,0.000000852
12.387535409,TRACKING,,0.002290322,1,0.000000000,0.000000005,0.049999997,0.000000000,0.000000000,0.050000000,-0.000000000,0.000000005,-0.000000003,0.000000006,0.000001091
12.397680981,TRACKING,,0.000224402,1,0.000000000,0.000000007,0.049999999,0.000000000,0.000000000,0.050000000,-0.000000000,0.000000007,-0.000000001,0.000000007,0.000001332
12.408728909,TRACKING,,0.003827890,1,-0.000000000,0.000000008,0.050000000,0.000000000,0.000000000,0.050000000,0.000000000,0.000000008,-0.000000000,0.000000008,0.000001550
12.418929097,TRACKING,,0.002304571,1,-0.000000000,0.000000009,0.050000001,0.000000000,0.000000000,0.050000000,0.000000000,0.000000009,0.000000001,0.000000009,0.000001739
12.429283635,TRACKING,,0.001985184,1,-0.000000000,0.000000009,0.050000002,0.000000000,0.000000000,0.050000000,0.000000000,0.000000009,0.000000002,0.000000010,0.000001892
12.439579996,TRACKING,,0.001801151,1,-0.000000000,0.000000010,0.050000002,0.000000000,0.000000000,0.050000000,0.000000000,0.000000010,0.000000002,0.000000010,0.000002031
12.448989435,TRACKING,,0.001053145,1,-0.000000000,0.000000010,0.050000002,0.000000000,0.000000000,0.050000000,0.000000000,0.000000010,0.000000002,0.000000010,0.000002031
12.459021024,TRACKING,,0.001192060,1,-0.000000000,0.000000011,0.050000004,0.000000000,0.000000000,0.050000000,0.000000000,0.000000011,0.000000004,0.000000012,0.000002279
12.469047865,TRACKING,,0.001436646,1,-0.000000000,0.000000011,0.050000004,0.000000000,0.000000000,0.050000000,0.000000000,0.000000011,0.000000004,0.000000012,0.000002279
12.479173252,TRACKING,,0.001373719,1,-0.000000000,0.000000011,0.050000003,0.000000000,0.000000000,0.050000000,0.000000000,0.000000011,0.000000003,0.000000011,0.000002146
12.489282018,TRACKING,,0.001258550,1,0.000000000,0.000000006,0.049999998,0.000000000,0.000000000,0.050000000,-0.000000000,0.000000006,-0.000000002,0.000000006,0.000001190
12.499269677,TRACKING,,0.000561598,1,0.000000000,0.000000003,0.049999995,0.000000000,0.000000000,0.050000000,-0.000000000,0.000000003,-0.000000005,0.000000006,0.000000605
12.509325013,TRACKING,,0.000840616,1,0.000000000,0.000000004,0.049999996,0.000000000,0.000000000,0.050000000,-0.000000000,0.000000004,-0.000000004,0.000000005,0.000000840
12.519448026,TRACKING,,0.000340758,1,0.000000000,0.000000006,0.049999998,0.000000000,0.000000000,0.050000000,-0.000000000,0.000000006,-0.000000002,0.000000006,0.000001116
12.529584099,TRACKING,,0.003234235,1,0.000000000,0.000000007,0.049999999,0.000000000,0.000000000,0.050000000,-0.000000000,0.000000007,-0.000000001,0.000000007,0.000001354
12.539596692,TRACKING,,0.002214335,1,-0.000000000,0.000000008,0.050000000,0.000000000,0.000000000,0.050000000,0.000000000,0.000000008,0.000000000,0.000000008,0.000001548
12.549643717,TRACKING,,0.000013061,1,-0.000000000,0.000000008,0.050000000,0.000000000,0.000000000,0.050000000,0.000000000,0.000000008,0.000000000,0.000000008,0.000001548
12.559707364,TRACKING,,0.002230958,1,-0.000000000,0.000000009,0.050000001,0.000000000,0.000000000,0.050000000,0.000000000,0.000000009,0.000000001,0.000000009,0.000001746
12.570305301,TRACKING,,0.004602017,1,-0.000000000,0.000000009,0.050000002,0.000000000,0.000000000,0.050000000,0.000000000,0.000000009,0.000000002,0.000000010,0.000001897
12.579935580,TRACKING,,0.002208398,1,-0.000000000,0.000000010,0.050000003,0.000000000,0.000000000,0.050000000,0.000000000,0.000000010,0.000000003,0.000000010,0.000002033
12.589905430,TRACKING,,0.001772656,1,-0.000000000,0.000000011,0.050000003,0.000000000,0.000000000,0.050000000,0.000000000,0.000000011,0.000000003,0.000000011,0.000002159
12.599944143,TRACKING,,0.001720414,1,0.000000000,0.000000006,0.049999998,0.000000000,0.000000000,0.050000000,-0.000000000,0.000000006,-0.000000002,0.000000006,0.000001172
12.610012540,TRACKING,,0.001706165,1,0.000000000,0.000000001,0.049999994,0.000000000,0.000000000,0.050000000,-0.000000000,0.000000001,-0.000000006,0.000000006,0.000000294
12.620054815,TRACKING,,0.001754845,1,0.000000000,-0.000000001,0.049999991,0.000000000,0.000000000,0.050000000,-0.000000000,-0.000000001,-0.000000009,0.000000009,0.000000235
12.630150520,TRACKING,,0.001699042,1,0.000000000,0.000000000,0.049999993,0.000000000,0.000000000,0.050000000,-0.000000000,0.000000000,-0.000000007,0.000000007,0.000000066
12.640214167,TRACKING,,0.000876235,1,0.000000000,0.000000002,0.049999994,0.000000000,0.000000000,0.050000000,-0.000000000,0.000000002,-0.000000006,0.000000006,0.000000346
12.650340742,TRACKING,,0.001023462,1,0.000000000,0.000000003,0.049999996,0.000000000,0.000000000,0.050000000,-0.000000000,0.000000003,-0.000000004,0.000000005,0.000000623
12.660377081,TRACKING,,0.001298918,1,0.000000000,0.000000004,0.049999997,0.000000000,0.000000000,0.050000000,-0.000000000,0.000000004,-0.000000003,0.000000005,0.000000908
12.670554710,TRACKING,,0.001921069,1,-0.000000000,0.000000006,0.049999999,0.000000000,0.000000000,0.050000000,0.000000000,0.000000006,-0.000000001,0.000000006,0.000001206
12.680541182,TRACKING,,0.002084918,1,-0.000000000,0.000000006,0.049999999,0.000000000,0.000000000,0.050000000,0.000000000,0.000000006,-0.000000001,0.000000006,0.000001206
12.690674881,TRACKING,,0.001836770,1,-0.000000000,0.000000007,0.050000000,0.000000000,0.000000000,0.050000000,0.000000000,0.000000007,0.000000000,0.000000007,0.000001439
12.701127966,TRACKING,,0.002436362,1,-0.000000000,0.000000008,0.050000001,0.000000000,0.000000000,0.050000000,0.000000000,0.000000008,0.000000001,0.000000008,0.000001614
12.711279474,TRACKING,,0.001753658,1,-0.000000000,0.000000009,0.050000002,0.000000000,0.000000000,0.050000000,0.000000000,0.000000009,0.000000002,0.000000009,0.000001808
12.721268321,TRACKING,,0.002116975,1,-0.000000000,0.000000010,0.050000003,0.000000000,0.000000000,0.050000000,0.000000000,0.000000010,0.000000003,0.000000010,0.000001957
12.732037231,TRACKING,,0.001936504,1,-0.000000000,0.000000010,0.050000003,0.000000000,0.000000000,0.050000000,0.000000000,0.000000010,0.000000003,0.000000011,0.000002092
12.741988084,TRACKING,,0.001475827,1,-0.000000000,0.000000008,0.050000001,0.000000000,0.000000000,0.050000000,0.000000000,0.000000008,0.000000001,0.000000008,0.000001617
12.754014356,TRACKING,,0.003173683,1,0.000000000,0.000000003,0.049999999,0.000000000,0.000000000,0.050000000,-0.000000000,0.000000003,-0.000000001,0.000000003,0.000000514
12.765993136,TRACKING,,0.000631650,1,-0.000000000,0.000000001,0.050000000,0.000000000,0.000000000,0.050000000,0.000000000,0.000000001,0.000000000,0.000000001,0.000000130
12.776028287,TRACKING,,0.000860801,1,-0.000000000,0.000000002,0.050000001,0.000000000,0.000000000,0.050000000,0.000000000,0.000000002,0.000000001,0.000000002,0.000000409
12.786097871,TRACKING,,0.000885734,1,-0.000000000,0.000000004,0.050000002,0.000000000,0.000000000,0.050000000,0.000000000,0.000000004,0.000000002,0.000000004,0.000000716
12.796263627,TRACKING,,0.000151976,1,0.000000000,0.000000005,0.049999998,0.000000000,0.000000000,0.050000000,-0.000000000,0.000000005,-0.000000002,0.000000005,0.000000957
12.806069628,TRACKING,,0.000385876,1,0.000000000,0.000000006,0.049999998,0.000000000,0.000000000,0.050000000,-0.000000000,0.000000006,-0.000000002,0.000000006,0.000001170
12.816351740,TRACKING,,0.002325942,1,0.000000000,0.000000007,0.049999999,0.000000000,0.000000000,0.050000000,-0.000000000,0.000000007,-0.000000001,0.000000007,0.000001372
12.826242040,TRACKING,,0.002143097,1,-0.000000000,0.000000008,0.050000000,0.000000000,0.000000000,0.050000000,0.000000000,0.000000008,0.000000000,0.000000008,0.000001550
12.836400672,TRACKING,,0.002320006,1,-0.000000000,0.000000008,0.050000001,0.000000000,0.000000000,0.050000000,0.000000000,0.000000008,0.000000001,0.000000009,0.000001712
12.846331341,TRACKING,,0.000124667,1,-0.000000000,0.000000009,0.050000002,0.000000000,0.000000000,0.050000000,0.000000000,0.000000009,0.000000002,0.000000010,0.000001896
12.856398550,TRACKING,,0.000217278,1,-0.000000000,0.000000009,0.050000002,0.000000000,0.000000000,0.050000000,0.000000000,0.000000009,0.000000002,0.000000010,0.000001896
12.866542934,TRACKING,,0.000327698,1,-0.000000000,0.000000004,0.050000003,0.000000000,0.000000000,0.050000000,0.000000000,0.000000004,0.000000003,0.000000005,0.000000767
12.876746684,TRACKING,,0.000089048,1,-0.000000000,-0.000000001,0.050000004,0.000000000,0.000000000,0.050000000,0.000000000,-0.000000001,0.000000004,0.000000004,0.000000259
12.886761652,TRACKING,,0.000024933,1,-0.000000000,-0.000000002,0.050000001,0.000000000,0.000000000,0.050000000,0.000000000,-0.000000002,0.000000001,0.000000003,0.000000484
12.897232547,TRACKING,,0.002321193,1,0.000000000,-0.000000001,0.049999996,0.000000000,0.000000000,0.050000000,-0.000000000,-0.000000001,-0.000000004,0.000000004,0.000000157
12.907049233,TRACKING,,0.002143097,1,0.000000000,0.000000001,0.049999995,0.000000000,0.000000000,0.050000000,-0.000000000,0.000000001,-0.000000005,0.000000005,0.000000147
12.917143751,TRACKING,,0.002027927,1,0.000000000,0.000000002,0.049999996,0.000000000,0.000000000,0.050000000,-0.000000000,0.000000002,-0.000000004,0.000000004,0.000000422
12.927226395,TRACKING,,0.001532819,1,0.000000000,0.000000003,0.049999998,0.000000000,0.000000000,0.050000000,-0.000000000,0.000000003,-0.000000002,0.000000004,0.000000684
12.937303102,TRACKING,,0.001155254,1,0.000000000,0.000000005,0.049999999,0.000000000,0.000000000,0.050000000,-0.000000000,0.000000005,-0.000000001,0.000000005,0.000000924
12.947348940,TRACKING,,0.001101824,1,-0.000000000,0.000000006,0.050000000,0.000000000,0.000000000,0.050000000,0.000000000,0.000000006,-0.000000000,0.000000006,0.000001142
12.957458892,TRACKING,,0.000822807,1,-0.000000000,0.000000007,0.050000001,0.000000000,0.000000000,0.050000000,0.000000000,0.000000007,0.000000001,0.000000007,0.000001341
12.967533225,TRACKING,,0.000432181,1,-0.000000000,0.000000008,0.050000001,0.000000000,0.000000000,0.050000000,0.000000000,0.000000008,0.000000001,0.000000008,0.000001525
12.977457957,TRACKING,,0.000319387,1,-0.000000000,0.000000004,0.050000002,0.000000000,0.000000000,0.050000000,0.000000000,0.000000004,0.000000002,0.000000005,0.000000869
12.987778064,TRACKING,,0.000425058,1,-0.000000000,-0.000000001,0.050000003,0.000000000,0.000000000,0.050000000,0.000000000,-0.000000001,0.000000003,0.000000003,0.000000176
12.997695672,TRACKING,,0.000535477,1,-0.000000000,-0.000000001,0.050000003,0.000000000,0.000000000,0.050000000,0.000000000,-0.000000001,0.000000003,0.000000003,0.000000176
13.007956413,TRACKING,,0.000483235,1,-0.000000000,0.000000001,0.050000004,0.000000000,0.000000000,0.050000000,0.000000000,0.000000001,0.000000004,0.000000004,0.000000190
13.017921513,TRACKING,,0.000167411,1,-0.000000000,0.000000002,0.050000003,0.000000000,0.000000000,0.050000000,0.000000000,0.000000002,0.000000003,0.000000004,0.000000461
13.027815375,TRACKING,,0.000250523,1,0.000000000,0.000000004,0.049999998,0.000000000,0.000000000,0.050000000,-0.000000000,0.000000004,-0.000000002,0.000000004,0.000000717
13.038028623,TRACKING,,0.000319387,1,0.000000000,0.000000005,0.049999995,0.000000000,0.000000000,0.050000000,-0.000000000,0.000000005,-0.000000005,0.000000007,0.000000997
13.048038841,TRACKING,,0.000581782,1,0.000000000,0.000000006,0.049999997,0.000000000,0.000000000,0.050000000,-0.000000000,0.000000006,-0.000000003,0.000000007,0.000001247
13.058196286,TRACKING,,0.000699326,1,0.000000000,0.000000007,0.049999998,0.000000000,0.000000000,0.050000000,-0.000000000,0.000000007,-0.000000002,0.000000007,0.000001432
13.068278931,TRACKING,,0.002902976,1,0.000000000,0.000000008,0.049999999,0.000000000,0.000000000,0.050000000,-0.000000000,0.000000008,-0.000000001,0.000000008,0.000001610
13.078308146,TRACKING,,0.000020184,1,-0.000000000,0.000000005,0.050000000,0.000000000,0.000000000,0.050000000,0.000000000,0.000000005,0.000000000,0.000000005,0.000000952
13.088293430,TRACKING,,0.000383502,1,-0.000000000,0.000000000,0.050000001,0.000000000,0.000000000,0.050000000,0.000000000,0.000000000,0.000000001,0.000000001,0.000000102
13.098529238,TRACKING,,0.002450610,1,-0.000000000,0.000000001,0.050000002,0.000000000,0.000000000,0.050000000,0.000000000,0.000000001,0.000000002,0.000000002,0.000000139
13.108425474,TRACKING,,0.000108046,1,-0.000000000,0.000000002,0.050000003,0.000000000,0.000000000,0.050000000,0.000000000,0.000000002,0.000000003,0.000000004,0.000000473
13.118630411,TRACKING,,0.000109232,1,-0.000000000,0.000000002,0.050000003,0.000000000,0.000000000,0.050000000,0.000000000,0.000000002,0.000000003,0.000000004,0.000000473
13.128741551,TRACKING,,0.002609709,1,-0.000000000,0.000000004,0.050000002,0.000000000,0.000000000,0.050000000,0.000000000,0.000000004,0.000000002,0.000000004,0.000000777
13.138871688,TRACKING,,0.002331878,1,0.000000000,0.000000005,0.049999997,0.000000000,0.000000000,0.050000000,-0.000000000,0.000000005,-0.000000003,0.000000006,0.000001009
13.148892592,TRACKING,,0.000011873,1,0.000000000,0.000000006,0.049999994,0.000000000,0.000000000,0.050000000,-0.000000000,0.000000006,-0.000000006,0.000000008,0.000001259
13.158979985,TRACKING,,0.000034432,1,0.000000000,0.000000007,0.049999996,0.000000000,0.000000000,0.050000000,-0.000000000,0.000000007,-0.000000004,0.000000008,0.000001486
13.169024636,TRACKING,,0.002404305,1,0.000000000,0.000000008,0.049999997,0.000000000,0.000000000,0.050000000,-0.000000000,0.000000008,-0.000000003,0.000000009,0.000001656
13.179012295,TRACKING,,0.000159099,1,0.000000000,0.000000009,0.049999999,0.000000000,0.000000000,0.050000000,-0.000000000,0.000000009,-0.000000001,0.000000009,0.000001810
13.189167365,TRACKING,,0.000053429,1,-0.000000000,0.000000005,0.050000000,0.000000000,0.000000000,0.050000000,0.000000000,0.000000005,-0.000000000,0.000000005,0.000000932
13.199172834,TRACKING,,0.000081924,1,-0.000000000,0.000000000,0.050000001,0.000000000,0.000000000,0.050000000,0.000000000,0.000000000,0.000000001,0.000000001,0.000000070
13.209349276,TRACKING,,0.000181658,1,-0.000000000,0.000000002,0.050000001,0.000000000,0.000000000,0.050000000,0.000000000,0.000000002,0.000000001,0.000000002,0.000000349
13.219249074,TRACKING,,0.002109852,1,-0.000000000,0.000000002,0.050000001,0.000000000,0.000000000,0.050000000,0.000000000,0.000000002,0.000000001,0.000000002,0.000000349
13.229361401,TRACKING,,0.002160906,1,-0.000000000,0.000000003,0.050000002,0.000000000,0.000000000,0.050000000,0.000000000,0.000000003,0.000000002,0.000000004,0.000000616
13.239637577,TRACKING,,0.001802338,1,-0.000000000,0.000000004,0.050000003,0.000000000,0.000000000,0.050000000,0.000000000,0.000000004,0.000000003,0.000000005,0.000000851
13.249482759,TRACKING,,0.001570812,1,0.000000000,0.000000005,0.049999998,0.000000000,0.000000000,0.050000000,-0.000000000,0.000000005,-0.000000002,0.000000006,0.000001077
13.259742313,TRACKING,,0.001839145,1,0.000000000,0.000000006,0.049999993,0.000000000,0.000000000,0.050000000,-0.000000000,0.000000006,-0.000000007,0.000000009,0.000001280
13.269563749,TRACKING,,0.002035051,1,0.000000000,0.000000007,0.049999990,0.000000000,0.000000000,0.050000000,-0.000000000,0.000000007,-0.000000010,0.000000013,0.000001505
13.280008523,TRACKING,,0.001713289,1,0.000000000,0.000000008,0.049999992,0.000000000,0.000000000,0.050000000,-0.000000000,0.000000008,-0.000000008,0.000000012,0.000001707
13.290529285,TRACKING,,0.002711818,1,0.000000000,0.000000007,0.049999994,0.000000000,0.000000000,0.050000000,-0.000000000,0.000000007,-0.000000006,0.000000009,0.000001331
13.300511007,TRACKING,,0.001813024,1,0.000000000,0.000000002,0.049999995,0.000000000,0.000000000,0.050000000,-0.000000000,0.000000002,-0.000000005,0.000000005,0.000000394
13.311329784,TRACKING,,0.002346126,1,0.000000000,0.000000001,0.049999997,0.000000000,0.000000000,0.050000000,-0.000000000,0.000000001,-0.000000003,0.000000003,0.000000115
13.321298447,TRACKING,,0.002260640,1,-0.000000000,0.000000002,0.049999998,0.000000000,0.000000000,0.050000000,0.000000000,0.000000002,-0.000000002,0.000000003,0.000000456
13.332163529,TRACKING,,0.002485041,1,-0.000000000,0.000000004,0.049999999,0.000000000,0.000000000,0.050000000,0.000000000,0.000000004,-0.000000001,0.000000004,0.000000714
13.342234300,TRACKING,,0.001589809,1,-0.000000000,0.000000005,0.050000000,0.000000000,0.000000000,0.050000000,0.000000000,0.000000005,0.000000000,0.000000005,0.000000961
13.352185153,TRACKING,,0.001506698,1,-0.000000000,0.000000006,0.050000001,0.000000000,0.000000000,0.050000000,0.000000000,0.000000006,0.000000001,0.000000006,0.000001175
13.362311727,TRACKING,,0.003051389,1,-0.000000000,0.000000006,0.050000001,0.000000000,0.000000000,0.050000000,0.000000000,0.000000006,0.000000001,0.000000006,0.000001175
13.372332631,TRACKING,,0.000271894,1,-0.000000000,0.000000007,0.050000002,0.000000000,0.000000000,0.050000000,0.000000000,0.000000007,0.000000002,0.000000007,0.000001417
13.382411714,TRACKING,,0.000704075,1,-0.000000000,0.000000008,0.050000003,0.000000000,0.000000000,0.050000000,0.000000000,0.000000008,0.000000003,0.000000008,0.000001598
13.392671267,TRACKING,,0.002096791,1,-0.000000000,0.000000009,0.050000002,0.000000000,0.000000000,0.050000000,0.000000000,0.000000009,0.000000002,0.000000009,0.000001758
13.402644679,TRACKING,,0.002111039,1,0.000000000,0.000000008,0.049999997,0.000000000,0.000000000,0.050000000,-0.000000000,0.000000008,-0.000000003,0.000000009,0.000001648
13.412703577,TRACKING,,0.001740598,1,0.000000000,0.000000003,0.049999991,0.000000000,0.000000000,0.050000000,-0.000000000,0.000000003,-0.000000009,0.000000009,0.000000528
13.422786221,TRACKING,,0.001777405,1,0.000000000,-0.000000002,0.049999990,0.000000000,0.000000000,0.050000000,-0.000000000,-0.000000002,-0.000000010,0.000000010,0.000000333
13.433073083,TRACKING,,0.001617118,1,0.000000000,-0.000000002,0.049999992,0.000000000,0.000000000,0.050000000,-0.000000000,-0.000000002,-0.000000008,0.000000008,0.000000438
13.442902830,TRACKING,,0.001372531,1,0.000000000,-0.000000001,0.049999994,0.000000000,0.000000000,0.050000000,-0.000000000,-0.000000001,-0.000000006,0.000000006,0.000000113
13.452926108,TRACKING,,0.001511447,1,0.000000000,-0.000000001,0.049999994,0.000000000,0.000000000,0.050000000,-0.000000000,-0.000000001,-0.000000006,0.000000006,0.000000113
13.463096614,TRACKING,,0.001415274,1,0.000000000,0.000000001,0.049999996,0.000000000,0.000000000,0.050000000,-0.000000000,0.000000001,-0.000000004,0.000000004,0.000000245
13.473059339,TRACKING,,0.000861988,1,-0.000000000,0.000000003,0.049999997,0.000000000,0.000000000,0.050000000,0.000000000,0.000000003,-0.000000003,0.000000004,0.000000523
13.483219159,TRACKING,,0.001019900,1,-0.000000000,0.000000004,0.049999998,0.000000000,0.000000000,0.050000000,0.000000000,0.000000004,-0.000000002,0.000000004,0.000000769
13.493190196,TRACKING,,0.001025836,1,-0.000000000,0.000000005,0.050000000,0.000000000,0.000000000,0.050000000,0.000000000,0.000000005,-0.000000000,0.000000005,0.000001043
13.503263342,TRACKING,,0.000755130,1,-0.000000000,0.000000006,0.050000001,0.000000000,0.000000000,0.050000000,0.000000000,0.000000006,0.000000001,0.000000006,0.000001292
13.513328176,TRACKING,,0.000869112,1,-0.000000000,0.000000007,0.050000002,0.000000000,0.000000000,0.050000000,0.000000000,0.000000007,0.000000002,0.000000008,0.000001480
13.523512929,TRACKING,,0.001143380,1,-0.000000000,0.000000008,0.050000002,0.000000000,0.000000000,0.050000000,0.000000000,0.000000008,0.000000002,0.000000009,0.000001684
13.533440036,TRACKING,,0.001304854,1,-0.000000000,0.000000008,0.050000002,0.000000000,0.000000000,0.050000000,0.000000000,0.000000008,0.000000002,0.000000009,0.000001684
13.543631912,TRACKING,,0.001523320,1,-0.000000000,0.000000008,0.050000002,0.000000000,0.000000000,0.050000000,0.000000000,0.000000008,0.000000002,0.000000008,0.000001601
13.553726430,TRACKING,,0.001091139,1,0.000000000,0.000000002,0.049999996,0.000000000,0.000000000,0.050000000,-0.000000000,0.000000002,-0.000000004,0.000000005,0.000000467
13.563699841,TRACKING,,0.000034432,1,0.000000000,-0.000000002,0.049999994,0.000000000,0.000000000,0.050000000,-0.000000000,-0.000000002,-0.000000006,0.000000006,0.000000359
13.573838289,TRACKING,,0.000026121,1,0.000000000,-0.000000003,0.049999996,0.000000000,0.000000000,0.050000000,-0.000000000,-0.000000003,-0.000000004,0.000000005,0.000000647
13.584416042,TRACKING,,0.002818676,1,0.000000000,-0.000000002,0.049999997,0.000000000,0.000000000,0.050000000,-0.000000000,-0.000000002,-0.000000003,0.000000003,0.000000305
13.594605544,TRACKING,,0.002395993,1,-0.000000000,0.000000000,0.049999998,0.000000000,0.000000000,0.050000000,0.000000000,0.000000000,-0.000000002,0.000000002,0.000000018
13.604432917,TRACKING,,0.000096172,1,-0.000000000,0.000000001,0.049999999,0.000000000,0.000000000,0.050000000,0.000000000,0.000000001,-0.000000001,0.000000002,0.000000300
13.614507250,TRACKING,,0.000420308,1,-0.000000000,0.000000003,0.050000001,0.000000000,0.000000000,0.050000000,0.000000000,0.000000003,0.000000001,0.000000003,0.000000611
13.624769178,TRACKING,,0.000534290,1,-0.000000000,0.000000004,0.050000002,0.000000000,0.000000000,0.050000000,0.000000000,0.000000004,0.000000002,0.000000005,0.000000900
13.634672538,TRACKING,,0.000762254,1,-0.000000000,0.000000004,0.050000002,0.000000000,0.000000000,0.050000000,0.000000000,0.000000004,0.000000002,0.000000005,0.000000900
13.644790802,TRACKING,,0.000860801,1,0.000000000,0.000000006,0.049999996,0.000000000,0.000000000,0.050000000,-0.000000000,0.000000006,-0.000000004,0.000000007,0.000001158
13.657255191,TRACKING,,0.002376996,1,0.000000000,0.000000007,0.049999992,0.000000000,0.000000000,0.050000000,-0.000000000,0.000000007,-0.000000008,0.000000011,0.000001351
13.666969769,TRACKING,,0.000617402,1,0.000000000,0.000000008,0.049999988,0.000000000,0.000000000,0.050000000,-0.000000000,0.000000008,-0.000000012,0.000000015,0.000001538
13.676995422,TRACKING,,0.001803525,1,0.000000000,0.000000002,0.049999990,0.000000000,0.000000000,0.050000000,-0.000000000,0.000000002,-0.000000010,0.000000010,0.000000483
13.687200360,TRACKING,,0.001878326,1,0.000000000,-0.000000002,0.049999992,0.000000000,0.000000000,0.050000000,-0.000000000,-0.000000002,-0.000000008,0.000000008,0.000000440
13.697246197,TRACKING,,0.001680045,1,0.000000000,-0.000000004,0.049999994,0.000000000,0.000000000,0.050000000,-0.000000000,-0.000000004,-0.000000006,0.000000007,0.000000812
13.707202987,TRACKING,,0.000244586,1,-0.000000000,-0.000000002,0.049999996,0.000000000,0.000000000,0.050000000,0.000000000,-0.000000002,-0.000000004,0.000000005,0.000000413
13.717368742,TRACKING,,0.000022559,1,-0.000000000,-0.000000000,0.049999997,0.000000000,0.000000000,0.050000000,0.000000000,-0.000000000,-0.000000003,0.000000003,0.000000090
13.727407456,TRACKING,,0.001658673,1,-0.000000000,0.000000001,0.049999998,0.000000000,0.000000000,0.050000000,0.000000000,0.000000001,-0.000000002,0.000000002,0.000000226
13.737630203,TRACKING,,0.001475828,1,-0.000000000,0.000000002,0.049999999,0.000000000,0.000000000,0.050000000,0.000000000,0.000000002,-0.000000001,0.000000003,0.000000496
13.747588180,TRACKING,,0.001070954,1,-0.000000000,0.000000004,0.050000000,0.000000000,0.000000000,0.050000000,0.000000000,0.000000004,0.000000000,0.000000004,0.000000754
13.758671727,TRACKING,,0.001921069,1,-0.000000000,0.000000005,0.050000001,0.000000000,0.000000000,0.050000000,0.000000000,0.000000005,0.000000001,0.000000005,0.000000978
13.768646326,TRACKING,,0.001605245,1,-0.000000000,0.000000006,0.050000002,0.000000000,0.000000000,0.050000000,0.000000000,0.000000006,0.000000002,0.000000006,0.000001193
13.779233577,TRACKING,,0.001809462,1,-0.000000000,0.000000006,0.050000002,0.000000000,0.000000000,0.050000000,0.000000000,0.000000006,0.000000002,0.000000006,0.000001193
13.788823487,TRACKING,,0.000400124,1,0.000000000,0.000000000,0.049999995,0.000000000,0.000000000,0.050000000,-0.000000000,0.000000000,-0.000000005,0.000000005,0.000000007
13.798895446,TRACKING,,0.000710012,1,0.000000000,-0.000000004,0.049999991,0.000000000,0.000000000,0.050000000,-0.000000000,-0.000000004,-0.000000009,0.000000010,0.000000782
13.808954344,TRACKING,,0.000691015,1,0.000000000,-0.000000006,0.049999989,0.000000000,0.000000000,0.050000000,-0.000000000,-0.000000006,-0.000000011,0.000000012,0.000001128
13.819251891,TRACKING,,0.000411996,1,0.000000000,-0.000000004,0.049999991,0.000000000,0.000000000,0.050000000,-0.000000000,-0.000000004,-0.000000009,0.000000010,0.000000756
13.829221741,TRACKING,,0.000736133,1,0.000000000,-0.000000002,0.049999993,0.000000000,0.000000000,0.050000000,-0.000000000,-0.000000002,-0.000000007,0.000000007,0.000000401
13.839399370,TRACKING,,0.000701701,1,0.000000000,-0.000000000,0.049999995,0.000000000,0.000000000,0.050000000,-0.000000000,-0.000000000,-0.000000005,0.000000005,0.000000025
13.849426211,TRACKING,,0.000522416,1,-0.000000000,0.000000001,0.049999996,0.000000000,0.000000000,0.050000000,0.000000000,0.000000001,-0.000000004,0.000000004,0.000000267
13.859929163,TRACKING,,0.003360090,1,-0.000000000,0.000000003,0.049999997,0.000000000,0.000000000,0.050000000,0.000000000,0.000000003,-0.000000003,0.000000004,0.000000536
13.869979750,TRACKING,,0.000582969,1,-0.000000000,0.000000004,0.049999999,0.000000000,0.000000000,0.050000000,0.000000000,0.000000004,-0.000000001,0.000000004,0.000000780
13.880216744,TRACKING,,0.000047492,1,-0.000000000,0.000000001,0.050000000,0.000000000,0.000000000,0.050000000,0.000000000,0.000000001,-0.000000000,0.000000001,0.000000206
13.890332633,TRACKING,,0.002210773,1,-0.000000000,-0.000000003,0.050000001,0.000000000,0.000000000,0.050000000,0.000000000,-0.000000003,0.000000001,0.000000003,0.000000668
13.900227682,TRACKING,,0.002295072,1,-0.000000000,-0.000000003,0.050000001,0.000000000,0.000000000,0.050000000,0.000000000,-0.000000003,0.000000001,0.000000003,0.000000668
13.910378003,TRACKING,,0.002296259,1,0.000000000,-0.000000003,0.049999996,0.000000000,0.000000000,0.050000000,-0.000000000,-0.000000003,-0.000000004,0.000000005,0.000000512
13.921411683,TRACKING,,0.002249954,1,0.000000000,-0.000000001,0.049999992,0.000000000,0.000000000,0.050000000,-0.000000000,-0.000000001,-0.000000008,0.000000008,0.000000188
13.930396065,TRACKING,,0.001925818,1,0.000000000,0.000000001,0.049999988,0.000000000,0.000000000,0.050000000,-0.000000000,0.000000001,-0.000000012,0.000000012,0.000000112
13.940536887,TRACKING,,0.001719226,1,0.000000000,0.000000002,0.049999990,0.000000000,0.000000000,0.050000000,-0.000000000,0.000000002,-0.000000010,0.000000010,0.000000395
13.950697894,TRACKING,,0.001634928,1,0.000000000,0.000000003,0.049999992,0.000000000,0.000000000,0.050000000,-0.000000000,0.000000003,-0.000000008,0.000000009,0.000000653
13.960671306,TRACKING,,0.001651550,1,0.000000000,0.000000004,0.049999994,0.000000000,0.000000000,0.050000000,-0.000000000,0.000000004,-0.000000006,0.000000008,0.000000889
13.970945107,TRACKING,,0.001161190,1,-0.000000000,0.000000004,0.049999995,0.000000000,0.000000000,0.050000000,0.000000000,0.000000004,-0.000000005,0.000000006,0.000000806
13.983170847,TRACKING,,0.003267480,1,-0.000000000,-0.000000000,0.049999996,0.000000000,0.000000000,0.050000000,0.000000000,-0.000000000,-0.000000004,0.000000004,0.000000060
13.993020779,TRACKING,,0.000847740,1,-0.000000000,-0.000000005,0.049999998,0.000000000,0.000000000,0.050000000,0.000000000,-0.000000005,-0.000000002,0.000000005,0.000001012
14.003523731,TRACKING,,0.000327698,1,-0.000000000,-0.000000007,0.049999999,0.000000000,0.000000000,0.050000000,0.000000000,-0.000000007,-0.000000001,0.000000007,0.000001459
14.013296487,TRACKING,,0.000459490,1,-0.000000000,-0.000000005,0.049999999,0.000000000,0.000000000,0.050000000,0.000000000,-0.000000005,-0.000000001,0.000000005,0.000001040
14.023285334,TRACKING,,0.000609090,1,0.000000000,-0.000000003,0.049999993,0.000000000,0.000000000,0.050000000,-0.000000000,-0.000000003,-0.000000007,0.000000007,0.000000601
14.033319298,TRACKING,,0.000556849,1,0.000000000,-0.000000001,0.049999992,0.000000000,0.000000000,0.050000000,-0.000000000,-0.000000001,-0.000000008,0.000000008,0.000000270
14.043721329,TRACKING,,0.000090236,1,0.000000000,0.000000000,0.049999994,0.000000000,0.000000000,0.050000000,-0.000000000,0.000000000,-0.000000006,0.000000006,0.000000040
14.053612816,TRACKING,,0.000026121,1,-0.000000000,0.000000002,0.049999995,0.000000000,0.000000000,0.050000000,0.000000000,0.000000002,-0.000000005,0.000000005,0.000000333
14.063691898,TRACKING,,0.001916320,1,-0.000000000,0.000000003,0.049999997,0.000000000,0.000000000,0.050000000,0.000000000,0.000000003,-0.000000003,0.000000005,0.000000602
14.074129549,TRACKING,,0.002469607,1,-0.000000000,0.000000004,0.049999998,0.000000000,0.000000000,0.050000000,0.000000000,0.000000004,-0.000000002,0.000000005,0.000000845
14.084142141,TRACKING,,0.000328885,1,-0.000000000,0.000000002,0.049999999,0.000000000,0.000000000,0.050000000,0.000000000,0.000000002,-0.000000001,0.000000002,0.000000354
14.094186792,TRACKING,,0.001434272,1,0.000000000,-0.000000003,0.049999995,0.000000000,0.000000000,0.050000000,-0.000000000,-0.000000003,-0.000000005,0.000000006,0.000000588
14.104409539,TRACKING,,0.000956972,1,0.000000000,-0.000000001,0.049999991,0.000000000,0.000000000,0.050000000,-0.000000000,-0.000000001,-0.000000009,0.000000009,0.000000257
14.114426881,TRACKING,,0.000688641,1,0.000000000,0.000000000,0.049999993,0.000000000,0.000000000,0.050000000,-0.000000000,0.000000000,-0.000000007,0.000000007,0.000000063
14.124372984,TRACKING,,0.000624526,1,0.000000000,0.000000002,0.049999994,0.000000000,0.000000000,0.050000000,-0.000000000,0.000000002,-0.000000006,0.000000006,0.000000345
14.134435444,TRACKING,,0.001627804,1,0.000000000,0.000000002,0.049999994,0.000000000,0.000000000,0.050000000,-0.000000000,0.000000002,-0.000000006,0.000000006,0.000000345
14.144503840,TRACKING,,0.001207496,1,-0.000000000,-0.000000003,0.049999996,0.000000000,0.000000000,0.050000000,0.000000000,-0.000000003,-0.000000004,0.000000005,0.000000583
14.154966424,TRACKING,,0.001706166,1,-0.000000000,-0.000000007,0.049999997,0.000000000,0.000000000,0.050000000,0.000000000,-0.000000007,-0.000000003,0.000000007,0.000001350
14.164941023,TRACKING,,0.001528069,1,-0.000000000,-0.000000009,0.049999999,0.000000000,0.000000000,0.050000000,0.000000000,-0.000000009,-0.000000001,0.000000010,0.000001901
14.175683812,TRACKING,,0.001887824,1,-0.000000000,-0.000000007,0.049999997,0.000000000,0.000000000,0.050000000,0.000000000,-0.000000007,-0.000000003,0.000000008,0.000001463
14.185309342,TRACKING,,0.000930851,1,0.000000000,-0.000000005,0.049999992,0.000000000,0.000000000,0.050000000,-0.000000000,-0.000000005,-0.000000008,0.000000009,0.000001041
14.195270880,TRACKING,,0.000914230,1,0.000000000,-0.000000003,0.049999991,0.000000000,0.000000000,0.050000000,-0.000000000,-0.000000003,-0.000000009,0.000000010,0.000000674
14.205325029,TRACKING,,0.001189686,1,0.000000000,-0.000000002,0.049999993,0.000000000,0.000000000,0.050000000,-0.000000000,-0.000000002,-0.000000007,0.000000007,0.000000336
14.215601205,TRACKING,,0.000616214,1,0.000000000,0.000000000,0.049999995,0.000000000,0.000000000,0.050000000,-0.000000000,0.000000000,-0.000000005,0.000000005,0.000000047
14.226017483,TRACKING,,0.000588906,1,-0.000000000,0.000000002,0.049999996,0.000000000,0.000000000,0.050000000,0.000000000,0.000000002,-0.000000004,0.000000004,0.000000338
14.235657261,TRACKING,,0.001279921,1,-0.000000000,0.000000003,0.049999998,0.000000000,0.000000000,0.050000000,0.000000000,0.000000003,-0.000000002,0.000000004,0.000000639
14.245622361,TRACKING,,0.001363033,1,-0.000000000,-0.000000001,0.049999999,0.000000000,0.000000000,0.050000000,0.000000000,-0.000000001,-0.000000001,0.000000002,0.000000194
14.255821362,TRACKING,,0.001082828,1,-0.000000000,-0.000000001,0.049999999,0.000000000,0.000000000,0.050000000,0.000000000,-0.000000001,-0.000000001,0.000000002,0.000000194
14.265919441,TRACKING,,0.000942724,1,-0.000000000,-0.000000006,0.049999998,0.000000000,0.000000000,0.050000000,0.000000000,-0.000000006,-0.000000002,0.000000006,0.000001154
14.275985463,TRACKING,,0.000877423,1,0.000000000,-0.000000008,0.049999994,0.000000000,0.000000000,0.050000000,-0.000000000,-0.000000008,-0.000000006,0.000000010,0.000001587
14.286091853,TRACKING,,0.000966471,1,0.000000000,-0.000000006,0.049999990,0.000000000,0.000000000,0.050000000,-0.000000000,-0.000000006,-0.000000010,0.000000012,0.000001176
14.296182809,TRACKING,,0.000978344,1,0.000000000,-0.000000004,0.049999987,0.000000000,0.000000000,0.050000000,-0.000000000,-0.000000004,-0.000000013,0.000000013,0.000000802
14.306250018,TRACKING,,0.000829931,1,0.000000000,-0.000000002,0.049999989,0.000000000,0.000000000,0.050000000,-0.000000000,-0.000000002,-0.000000011,0.000000011,0.000000455
14.316439520,TRACKING,,0.000861987,1,0.000000000,-0.000000001,0.049999991,0.000000000,0.000000000,0.050000000,-0.000000000,-0.000000001,-0.000000009,0.000000009,0.000000132
14.326543536,TRACKING,,0.000667269,1,0.000000000,0.000000001,0.049999993,0.000000000,0.000000000,0.050000000,-0.000000000,0.000000001,-0.000000007,0.000000007,0.000000163
14.336464706,TRACKING,,0.000501046,1,-0.000000000,0.000000002,0.049999995,0.000000000,0.000000000,0.050000000,0.000000000,0.000000002,-0.000000005,0.000000006,0.000000439
14.346730196,TRACKING,,0.000137728,1,-0.000000000,0.000000002,0.049999996,0.000000000,0.000000000,0.050000000,0.000000000,0.000000002,-0.000000004,0.000000004,0.000000412
14.356893577,TRACKING,,0.002255891,1,-0.000000000,-0.000000002,0.049999997,0.000000000,0.000000000,0.050000000,0.000000000,-0.000000002,-0.000000003,0.000000003,0.000000432
14.366647336,TRACKING,,0.000248148,1,-0.000000000,-0.000000006,0.049999998,0.000000000,0.000000000,0.050000000,0.000000000,-0.000000006,-0.000000002,0.000000006,0.000001203
14.376728793,TRACKING,,0.000511731,1,-0.000000000,-0.000000007,0.050000000,0.000000000,0.000000000,0.050000000,0.000000000,-0.000000007,-0.000000000,0.000000007,0.000001503
14.386750884,TRACKING,,0.000916604,1,-0.000000000,-0.000000005,0.050000001,0.000000000,0.000000000,0.050000000,0.000000000,-0.000000005,0.000000001,0.000000005,0.000001021
14.396879834,TRACKING,,0.000795498,1,-0.000000000,-0.000000003,0.049999996,0.000000000,0.000000000,0.050000000,0.000000000,-0.000000003,-0.000000004,0.000000005,0.000000571
14.406809315,TRACKING,,0.001263299,1,-0.000000000,-0.000000003,0.049999996,0.000000000,0.000000000,0.050000000,0.000000000,-0.000000003,-0.000000004,0.000000005,0.000000571
14.416995255,TRACKING,,0.001721600,1,0.000000000,-0.000000001,0.049999991,0.000000000,0.000000000,0.050000000,-0.000000000,-0.000000001,-0.000000009,0.000000009,0.000000183
14.426981727,TRACKING,,0.001680045,1,0.000000000,0.000000001,0.049999988,0.000000000,0.000000000,0.050000000,-0.000000000,0.000000001,-0.000000012,0.000000012,0.000000173
14.437171229,TRACKING,,0.001751284,1,0.000000000,0.000000002,0.049999990,0.000000000,0.000000000,0.050000000,-0.000000000,0.000000002,-0.000000010,0.000000010,0.000000443
14.447321550,TRACKING,,0.001915132,1,0.000000000,0.000000002,0.049999992,0.000000000,0.000000000,0.050000000,-0.000000000,0.000000002,-0.000000008,0.000000008,0.000000422
14.457381635,TRACKING,,0.001834395,1,0.000000000,-0.000000003,0.049999994,0.000000000,0.000000000,0.050000000,-0.000000000,-0.000000003,-0.000000006,0.000000007,0.000000576
14.467312304,TRACKING,,0.001917507,1,-0.000000000,-0.000000007,0.049999995,0.000000000,0.000000000,0.050000000,0.000000000,-0.000000007,-0.000000005,0.000000008,0.000001310
14.477402072,TRACKING,,0.001917507,1,-0.000000000,-0.000000007,0.049999997,0.000000000,0.000000000,0.050000000,0.000000000,-0.000000007,-0.000000003,0.000000008,0.000001443
14.487573764,TRACKING,,0.001957876,1,-0.000000000,-0.000000005,0.049999998,0.000000000,0.000000000,0.050000000,0.000000000,-0.000000005,-0.000000002,0.000000005,0.000000954
14.497751394,TRACKING,,0.001986372,1,-0.000000000,-0.000000003,0.049999999,0.000000000,0.000000000,0.050000000,0.000000000,-0.000000003,-0.000000001,0.000000003,0.000000596
14.507716494,TRACKING,,0.002061172,1,-0.000000000,-0.000000001,0.050000000,0.000000000,0.000000000,0.050000000,0.000000000,-0.000000001,0.000000000,0.000000001,0.000000266
14.518061534,TRACKING,,0.002211960,1,-0.000000000,-0.000000001,0.050000000,0.000000000,0.000000000,0.050000000,0.000000000,-0.000000001,0.000000000,0.000000001,0.000000266
14.527839039,TRACKING,,0.002226208,1,0.000000000,0.000000001,0.049999996,0.000000000,0.000000000,0.050000000,-0.000000000,0.000000001,-0.000000004,0.000000004,0.000000106
14.538052288,TRACKING,,0.002399556,1,0.000000000,0.000000002,0.049999992,0.000000000,0.000000000,0.050000000,-0.000000000,0.000000002,-0.000000008,0.000000009,0.000000381
14.547980581,TRACKING,,0.000020184,1,0.000000000,0.000000002,0.049999987,0.000000000,0.000000000,0.050000000,-0.000000000,0.000000002,-0.000000013,0.000000013,0.000000418
14.558325621,TRACKING,,0.002543220,1,0.000000000,-0.000000002,0.049999985,0.000000000,0.000000000,0.050000000,-0.000000000,-0.000000002,-0.000000015,0.000000015,0.000000395
14.568306157,TRACKING,,0.002334253,1,0.000000000,-0.000000006,0.049999987,0.000000000,0.000000000,0.050000000,-0.000000000,-0.000000006,-0.000000013,0.000000014,0.000001150
14.578227327,TRACKING,,0.001936504,1,0.000000000,-0.000000008,0.049999989,0.000000000,0.000000000,0.050000000,-0.000000000,-0.000000008,-0.000000011,0.000000013,0.000001567
14.590011387,TRACKING,,0.001144567,1,0.000000000,-0.000000006,0.049999991,0.000000000,0.000000000,0.050000000,-0.000000000,-0.000000006,-0.000000009,0.000000011,0.000001159
14.599934932,TRACKING,,0.001152879,1,-0.000000000,-0.000000004,0.049999993,0.000000000,0.000000000,0.050000000,0.000000000,-0.000000004,-0.000000007,0.000000008,0.000000786
14.609974833,TRACKING,,0.001275172,1,-0.000000000,-0.000000002,0.049999994,0.000000000,0.000000000,0.050000000,0.000000000,-0.000000002,-0.000000006,0.000000006,0.000000441
14.620280691,TRACKING,,0.001182561,1,-0.000000000,-0.000000000,0.049999996,0.000000000,0.000000000,0.050000000,0.000000000,-0.000000000,-0.000000004,0.000000004,0.000000051
14.630368085,TRACKING,,0.001401027,1,-0.000000000,0.000000001,0.049999997,0.000000000,0.000000000,0.050000000,0.000000000,0.000000001,-0.000000003,0.000000003,0.000000238
14.640270258,TRACKING,,0.001529256,1,-0.000000000,0.000000003,0.049999999,0.000000000,0.000000000,0.050000000,0.000000000,0.000000003,-0.000000001,0.000000003,0.000000561
14.650348153,TRACKING,,0.001490075,1,-0.000000000,-0.000000000,0.049999996,0.000000000,0.000000000,0.050000000,0.000000000,-0.000000000,-0.000000004,0.000000004,0.000000003
14.660629078,TRACKING,,0.001420023,1,0.000000000,-0.000000004,0.049999991,0.000000000,0.000000000,0.050000000,-0.000000000,-0.000000004,-0.000000009,0.000000010,0.000000785
14.670725970,TRACKING,,0.001184936,1,0.000000000,-0.000000003,0.049999992,0.000000000,0.000000000,0.050000000,-0.000000000,-0.000000003,-0.000000008,0.000000009,0.000000690
14.680700569,TRACKING,,0.000650647,1,0.000000000,-0.000000002,0.049999993,0.000000000,0.000000000,0.050000000,-0.000000000,-0.000000002,-0.000000007,0.000000007,0.000000346
14.690703663,TRACKING,,0.000428619,1,-0.000000000,-0.000000000,0.049999995,0.000000000,0.000000000,0.050000000,0.000000000,-0.000000000,-0.000000005,0.000000005,0.000000025
14.700905038,TRACKING,,0.000130604,1,-0.000000000,0.000000001,0.049999996,0.000000000,0.000000000,0.050000000,0.000000000,0.000000001,-0.000000004,0.000000004,0.000000270
14.711038737,TRACKING,,0.002456546,1,-0.000000000,0.000000003,0.049999998,0.000000000,0.000000000,0.050000000,0.000000000,0.000000003,-0.000000002,0.000000004,0.000000541
14.721025209,TRACKING,,0.002038612,1,-0.000000000,-0.000000000,0.049999999,0.000000000,0.000000000,0.050000000,0.000000000,-0.000000000,-0.000000001,0.000000001,0.000000048
14.731174342,TRACKING,,0.001631365,1,-0.000000000,-0.000000004,0.049999995,0.000000000,0.000000000,0.050000000,0.000000000,-0.000000004,-0.000000005,0.000000006,0.000000854
14.741351972,TRACKING,,0.000674393,1,0.000000000,-0.000000004,0.049999991,0.000000000,0.000000000,0.050000000,-0.000000000,-0.000000004,-0.000000009,0.000000010,0.000000749
14.751181718,TRACKING,,0.001002091,1,0.000000000,-0.000000002,0.049999993,0.000000000,0.000000000,0.050000000,-0.000000000,-0.000000002,-0.000000007,0.000000008,0.000000405
14.761188375,TRACKING,,0.001107761,1,0.000000000,-0.000000002,0.049999993,0.000000000,0.000000000,0.050000000,-0.000000000,-0.000000002,-0.000000007,0.000000008,0.000000405
14.771278143,TRACKING,,0.001163564,1,-0.000000000,-0.000000000,0.049999995,0.000000000,0.000000000,0.050000000,0.000000000,-0.000000000,-0.000000005,0.000000005,0.000000020
14.781532947,TRACKING,,0.001289420,1,-0.000000000,0.000000002,0.049999996,0.000000000,0.000000000,0.050000000,0.000000000,0.000000002,-0.000000004,0.000000004,0.000000328
14.791551476,TRACKING,,0.001279921,1,-0.000000000,0.000000003,0.049999998,0.000000000,0.000000000,0.050000000,0.000000000,0.000000003,-0.000000002,0.000000004,0.000000589
14.801510640,TRACKING,,0.001569625,1,-0.000000000,0.000000000,0.049999999,0.000000000,0.000000000,0.050000000,0.000000000,0.000000000,-0.000000001,0.000000001,0.000000084
14.811575475,TRACKING,,0.001699042,1,-0.000000000,-0.000000004,0.050000000,0.000000000,0.000000000,0.050000000,0.000000000,-0.000000004,0.000000000,0.000000004,0.000000874
14.821623687,TRACKING,,0.001680045,1,0.000000000,-0.000000003,0.049999995,0.000000000,0.000000000,0.050000000,-0.000000000,-0.000000003,-0.000000005,0.000000005,0.000000523
14.831791818,TRACKING,,0.001760782,1,0.000000000,-0.000000003,0.049999995,0.000000000,0.000000000,0.050000000,-0.000000000,-0.000000003,-0.000000005,0.000000005,0.000000523
14.841736734,TRACKING,,0.001276359,1,-0.000000000,-0.000000001,0.049999997,0.000000000,0.000000000,0.050000000,0.000000000,-0.000000001,-0.000000003,0.000000003,0.000000125
14.851777822,TRACKING,,0.000998529,1,-0.000000000,0.000000001,0.049999998,0.000000000,0.000000000,0.050000000,0.000000000,0.000000001,-0.000000002,0.000000002,0.000000184
14.861852155,TRACKING,,0.000691015,1,-0.000000000,0.000000002,0.049999999,0.000000000,0.000000000,0.050000000,0.000000000,0.000000002,-0.000000001,0.000000002,0.000000461
14.871906304,TRACKING,,0.000355006,1,-0.000000000,0.000000002,0.050000000,0.000000000,0.000000000,0.050000000,0.000000000,0.000000002,0.000000000,0.000000002,0.000000428
14.882238283,TRACKING,,0.000027308,1,-0.000000000,-0.000000002,0.050000000,0.000000000,0.000000000,0.050000000,0.000000000,-0.000000002,-0.000000000,0.000000002,0.000000414
14.892195072,TRACKING,,0.002280824,1,0.000000000,-0.000000006,0.049999995,0.000000000,0.000000000,0.050000000,-0.000000000,-0.000000006,-0.000000005,0.000000008,0.000001188
14.902362016,TRACKING,,0.001872389,1,0.000000000,-0.000000008,0.049999992,0.000000000,0.000000000,0.050000000,-0.000000000,-0.000000008,-0.000000008,0.000000011,0.000001616
14.912545581,TRACKING,,0.001410525,1,0.000000000,-0.000000006,0.049999994,0.000000000,0.000000000,0.050000000,-0.000000000,-0.000000006,-0.000000006,0.000000009,0.000001191
14.922698277,TRACKING,,0.000993779,1,0.000000000,-0.000000004,0.049999995,0.000000000,0.000000000,0.050000000,-0.000000000,-0.000000004,-0.000000005,0.000000006,0.000000796
14.932557707,TRACKING,,0.000757504,1,-0.000000000,-0.000000002,0.049999997,0.000000000,0.000000000,0.050000000,0.000000000,-0.000000002,-0.000000003,0.000000004,0.000000442
14.942662910,TRACKING,,0.000464239,1,-0.000000000,-0.000000001,0.049999998,0.000000000,0.000000000,0.050000000,0.000000000,-0.000000001,-0.000000002,0.000000002,0.000000114
14.952726557,TRACKING,,0.000208967,1,-0.000000000,0.000000001,0.049999999,0.000000000,0.000000000,0.050000000,0.000000000,0.000000001,-0.000000001,0.000000001,0.000000186
14.962813950,TRACKING,,0.002335440,1,-0.000000000,0.000000002,0.050000000,0.000000000,0.000000000,0.050000000,0.000000000,0.000000002,0.000000000,0.000000002,0.000000467
14.973023637,TRACKING,,0.001943628,1,-0.000000000,0.000000004,0.050000001,0.000000000,0.000000000,0.050000000,0.000000000,0.000000004,0.000000001,0.000000004,0.000000724
14.982878317,TRACKING,,0.001503135,1,-0.000000000,0.000000002,0.050000002,0.000000000,0.000000000,0.050000000,0.000000000,0.000000002,0.000000002,0.000000003,0.000000401
14.993128372,TRACKING,,0.000993779,1,-0.000000000,-0.000000002,0.049999998,0.000000000,0.000000000,0.050000000,0.000000000,-0.000000002,-0.000000002,0.000000003,0.000000449
15.003138591,TRACKING,,0.001376093,1,0.000000000,-0.000000006,0.049999994,0.000000000,0.000000000,0.050000000,-0.000000000,-0.000000006,-0.000000006,0.000000009,0.000001204
15.013196301,TRACKING,,0.001264486,1,0.000000000,-0.000000005,0.049999994,0.000000000,0.000000000,0.050000000,-0.000000000,-0.000000005,-0.000000006,0.000000008,0.000000990
15.023167338,TRACKING,,0.001171876,1,0.000000000,-0.000000003,0.049999996,0.000000000,0.000000000,0.050000000,-0.000000000,-0.000000003,-0.000000004,0.000000005,0.000000626
15.033372275,TRACKING,,0.000744444,1,0.000000000,-0.000000001,0.049999997,0.000000000,0.000000000,0.050000000,-0.000000000,-0.000000001,-0.000000003,0.000000003,0.000000276
15.043486977,TRACKING,,0.000471362,1,-0.000000000,0.000000000,0.049999998,0.000000000,0.000000000,0.050000000,0.000000000,0.000000000,-0.000000002,0.000000002,0.000000032
15.053405772,TRACKING,,0.000245773,1,-0.000000000,0.000000002,0.049999999,0.000000000,0.000000000,0.050000000,0.000000000,0.000000002,-0.000000001,0.000000002,0.000000325
15.063702132,TRACKING,,0.000078363,1,-0.000000000,0.000000003,0.050000000,0.000000000,0.000000000,0.050000000,0.000000000,0.000000003,0.000000000,0.000000003,0.000000586
15.073901133,TRACKING,,0.002499289,1,-0.000000000,0.000000003,0.050000000,0.000000000,0.000000000,0.050000000,0.000000000,0.000000003,0.000000000,0.000000003,0.000000586
15.084168998,TRACKING,,0.002297447,1,-0.000000000,-0.000000001,0.050000001,0.000000000,0.000000000,0.050000000,0.000000000,-0.000000001,0.000000001,0.000000002,0.000000259
15.094014180,TRACKING,,0.002143097,1,-0.000000000,-0.000000005,0.050000002,0.000000000,0.000000000,0.050000000,0.000000000,-0.000000005,0.000000002,0.000000006,0.000001041
15.104045770,TRACKING,,0.001696667,1,0.000000000,-0.000000009,0.049999997,0.000000000,0.000000000,0.050000000,-0.000000000,-0.000000009,-0.000000003,0.000000009,0.000001750
15.113953879,TRACKING,,0.001439020,1,0.000000000,-0.000000007,0.049999992,0.000000000,0.000000000,0.050000000,-0.000000000,-0.000000007,-0.000000008,0.000000010,0.000001311
15.124046022,TRACKING,,0.001376094,1,0.000000000,-0.000000005,0.049999990,0.000000000,0.000000000,0.050000000,-0.000000000,-0.000000005,-0.000000010,0.000000011,0.000000917
15.134101358,TRACKING,,0.001395091,1,0.000000000,-0.000000003,0.049999992,0.000000000,0.000000000,0.050000000,-0.000000000,-0.000000003,-0.000000008,0.000000009,0.000000558
15.144416715,TRACKING,,0.001517384,1,0.000000000,-0.000000001,0.049999993,0.000000000,0.000000000,0.050000000,-0.000000000,-0.000000001,-0.000000007,0.000000007,0.000000232
15.155113199,TRACKING,,0.001764344,1,0.000000000,0.000000000,0.049999995,0.000000000,0.000000000,0.050000000,-0.000000000,0.000000000,-0.000000005,0.000000005,0.000000068
15.164580816,TRACKING,,0.001225305,1,-0.000000000,0.000000002,0.049999996,0.000000000,0.000000000,0.050000000,0.000000000,0.000000002,-0.000000004,0.000000004,0.000000347
15.174687206,TRACKING,,0.001135069,1,-0.000000000,0.000000003,0.049999997,0.000000000,0.000000000,0.050000000,0.000000000,0.000000003,-0.000000003,0.000000004,0.000000616
15.184772225,TRACKING,,0.000793124,1,-0.000000000,0.000000003,0.049999999,0.000000000,0.000000000,0.050000000,0.000000000,0.000000003,-0.000000001,0.000000003,0.000000567
15.194955791,TRACKING,,0.000034432,1,-0.000000000,-0.000000001,0.050000000,0.000000000,0.000000000,0.050000000,0.000000000,-0.000000001,-0.000000000,0.000000001,0.000000287
15.205231967,TRACKING,,0.002381746,1,-0.000000000,-0.000000005,0.050000001,0.000000000,0.000000000,0.050000000,0.000000000,-0.000000005,0.000000001,0.000000006,0.000001103
15.215320547,TRACKING,,0.000030870,1,-0.000000000,-0.000000008,0.050000002,0.000000000,0.000000000,0.050000000,0.000000000,-0.000000008,0.000000002,0.000000008,0.000001536
15.225391318,TRACKING,,0.000015435,1,-0.000000000,-0.000000005,0.050000002,0.000000000,0.000000000,0.050000000,0.000000000,-0.000000005,0.000000002,0.000000006,0.000001043
15.235478712,TRACKING,,0.000028495,1,-0.000000000,-0.000000003,0.050000000,0.000000000,0.000000000,0.050000000,0.000000000,-0.000000003,0.000000000,0.000000003,0.000000679
15.245600537,TRACKING,,0.000274269,1,0.000000000,-0.000000002,0.049999996,0.000000000,0.000000000,0.050000000,-0.000000000,-0.000000002,-0.000000004,0.000000005,0.000000340
15.255735423,TRACKING,,0.000230338,1,0.000000000,0.000000000,0.049999995,0.000000000,0.000000000,0.050000000,-0.000000000,0.000000000,-0.000000005,0.000000005,0.000000035
15.265818067,TRACKING,,0.000289703,1,0.000000000,0.000000002,0.049999996,0.000000000,0.000000000,0.050000000,-0.000000000,0.000000002,-0.000000004,0.000000004,0.000000320
15.275905461,TRACKING,,0.000377565,1,-0.000000000,0.000000003,0.049999998,0.000000000,0.000000000,0.050000000,0.000000000,0.000000003,-0.000000002,0.000000004,0.000000638
15.285989292,TRACKING,,0.000125855,1,-0.000000000,-0.000000001,0.049999999,0.000000000,0.000000000,0.050000000,0.000000000,-0.000000001,-0.000000001,0.000000002,0.000000214
15.296089746,TRACKING,,0.002340190,1,-0.000000000,-0.000000001,0.049999999,0.000000000,0.000000000,0.050000000,0.000000000,-0.000000001,-0.000000001,0.000000002,0.000000214
15.306420538,TRACKING,,0.002537284,1,-0.000000000,-0.000000005,0.050000000,0.000000000,0.000000000,0.050000000,0.000000000,-0.000000005,-0.000000000,0.000000005,0.000001001
15.316276406,TRACKING,,0.002437549,1,-0.000000000,-0.000000003,0.050000001,0.000000000,0.000000000,0.050000000,0.000000000,-0.000000003,0.000000001,0.000000003,0.000000555
15.326194014,TRACKING,,0.002438736,1,-0.000000000,-0.000000001,0.050000002,0.000000000,0.000000000,0.050000000,0.000000000,-0.000000001,0.000000002,0.000000002,0.000000227
15.336336024,TRACKING,,0.002204837,1,-0.000000000,0.000000000,0.050000002,0.000000000,0.000000000,0.050000000,0.000000000,0.000000000,0.000000002,0.000000002,0.000000077
15.346416293,TRACKING,,0.001872389,1,-0.000000000,0.000000002,0.050000002,0.000000000,0.000000000,0.050000000,0.000000000,0.000000002,0.000000002,0.000000002,0.000000363
15.356565427,TRACKING,,0.001728724,1,0.000000000,0.000000003,0.049999997,0.000000000,0.000000000,0.050000000,-0.000000000,0.000000003,-0.000000003,0.000000005,0.000000623
15.366751367,TRACKING,,0.001352347,1,0.000000000,0.000000003,0.049999994,0.000000000,0.000000000,0.050000000,-0.000000000,0.000000003,-0.000000006,0.000000007,0.000000576
15.376547869,TRACKING,,0.001146943,1,0.000000000,-0.000000001,0.049999995,0.000000000,0.000000000,0.050000000,-0.000000000,-0.000000001,-0.000000005,0.000000005,0.000000269
15.386632888,TRACKING,,0.000787188,1,0.000000000,-0.000000005,0.049999997,0.000000000,0.000000000,0.050000000,-0.000000000,-0.000000005,-0.000000003,0.000000006,0.000001042
15.396679913,TRACKING,,0.000666081,1,0.000000000,-0.000000006,0.049999998,0.000000000,0.000000000,0.050000000,-0.000000000,-0.000000006,-0.000000002,0.000000006,0.000001224
15.406744748,TRACKING,,0.000429807,1,-0.000000000,-0.000000004,0.049999999,0.000000000,0.000000000,0.050000000,0.000000000,-0.000000004,-0.000000001,0.000000004,0.000000838
15.416840452,TRACKING,,0.000492734,1,-0.000000000,-0.000000002,0.050000000,0.000000000,0.000000000,0.050000000,0.000000000,-0.000000002,-0.000000000,0.000000002,0.000000482
15.427088133,TRACKING,,0.000341946,1,-0.000000000,-0.000000001,0.050000001,0.000000000,0.000000000,0.050000000,0.000000000,-0.000000001,0.000000001,0.000000001,0.000000151
15.437111411,TRACKING,,0.000284954,1,-0.000000000,0.000000001,0.050000002,0.000000000,0.000000000,0.050000000,0.000000000,0.000000001,0.000000002,0.000000002,0.000000208
15.447051578,TRACKING,,0.000010686,1,-0.000000000,0.000000002,0.050000003,0.000000000,0.000000000,0.050000000,0.000000000,0.000000002,0.000000003,0.000000004,0.000000483
15.457321817,TRACKING,,0.002572903,1,0.000000000,0.000000004,0.049999999,0.000000000,0.000000000,0.050000000,-0.000000000,0.000000004,-0.000000001,0.000000004,0.000000733
15.467384277,TRACKING,,0.002369873,1,0.000000000,0.000000001,0.049999999,0.000000000,0.000000000,0.050000000,-0.000000000,0.000000001,-0.000000001,0.000000002,0.000000142
15.477544097,TRACKING,,0.002354437,1,-0.000000000,-0.000000003,0.050000000,0.000000000,0.000000000,0.050000000,0.000000000,-0.000000003,-0.000000000,0.000000003,0.000000654
15.487549566,TRACKING,,0.002291510,1,-0.000000000,-0.000000003,0.050000001,0.000000000,0.000000000,0.050000000,0.000000000,-0.000000003,0.000000001,0.000000003,0.000000579
15.497804370,TRACKING,,0.002163281,1,-0.000000000,-0.000000001,0.050000001,0.000000000,0.000000000,0.050000000,0.000000000,-0.000000001,0.000000001,0.000000002,0.000000246
15.507641241,TRACKING,,0.001969749,1,-0.000000000,0.000000000,0.050000002,0.000000000,0.000000000,0.050000000,0.000000000,0.000000000,0.000000002,0.000000002,0.000000061
15.517678767,TRACKING,,0.001796401,1,0.000000000,0.000000002,0.049999999,0.000000000,0.000000000,0.050000000,-0.000000000,0.000000002,-0.000000001,0.000000002,0.000000345
15.527754288,TRACKING,,0.001644425,1,0.000000000,0.000000003,0.049999998,0.000000000,0.000000000,0.050000000,-0.000000000,0.000000003,-0.000000002,0.000000003,0.000000607
15.537828621,TRACKING,,0.001393903,1,0.000000000,-0.000000001,0.049999999,0.000000000,0.000000000,0.050000000,-0.000000000,-0.000000001,-0.000000001,0.000000001,0.000000243
15.547921950,TRACKING,,0.001177813,1,-0.000000000,0.000000000,0.050000000,0.000000000,0.000000000,0.050000000,0.000000000,0.000000000,0.000000000,0.000000000,0.000000065
15.558001033,TRACKING,,0.000837054,1,-0.000000000,0.000000002,0.050000001,0.000000000,0.000000000,0.050000000,0.000000000,0.000000002,0.000000001,0.000000002,0.000000350
15.568144230,TRACKING,,0.000461864,1,-0.000000000,-0.000000002,0.050000002,0.000000000,0.000000000,0.050000000,0.000000000,-0.000000002,0.000000002,0.000000003,0.000000491
15.579846366,TRACKING,,0.000958160,1,0.000000000,-0.000000001,0.049999997,0.000000000,0.000000000,0.050000000,-0.000000000,-0.000000001,-0.000000003,0.000000003,0.000000143
15.589953944,TRACKING,,0.000122293,1,0.000000000,0.000000001,0.049999998,0.000000000,0.000000000,0.050000000,-0.000000000,0.000000001,-0.000000002,0.000000002,0.000000175
15.599977222,TRACKING,,0.002207211,1,0.000000000,0.000000001,0.049999998,0.000000000,0.000000000,0.050000000,-0.000000000,0.000000001,-0.000000002,0.000000002,0.000000175
15.610175036,TRACKING,,0.001411713,1,0.000000000,0.000000002,0.049999999,0.000000000,0.000000000,0.050000000,-0.000000000,0.000000002,-0.000000001,0.000000002,0.000000464
15.620168631,TRACKING,,0.000628088,1,-0.000000000,0.000000004,0.050000000,0.000000000,0.000000000,0.050000000,0.000000000,0.000000004,0.000000000,0.000000004,0.000000730
15.630295206,TRACKING,,0.002219084,1,-0.000000000,-0.000000001,0.050000001,0.000000000,0.000000000,0.050000000,0.000000000,-0.000000001,0.000000001,0.000000001,0.000000173
15.640474022,TRACKING,,0.001156441,1,-0.000000000,-0.000000005,0.050000002,0.000000000,0.000000000,0.050000000,0.000000000,-0.000000005,0.000000002,0.000000005,0.000001021
15.650626718,TRACKING,,0.000034432,1,-0.000000000,-0.000000007,0.050000003,0.000000000,0.000000000,0.050000000,0.000000000,-0.000000007,0.000000003,0.000000008,0.000001485
15.660547888,TRACKING,,0.002046924,1,0.000000000,-0.000000005,0.050000000,0.000000000,0.000000000,0.050000000,-0.000000000,-0.000000005,0.000000000,0.000000005,0.000001045
15.670714831,TRACKING,,0.001219368,1,0.000000000,-0.000000003,0.049999995,0.000000000,0.000000000,0.050000000,-0.000000000,-0.000000003,-0.000000005,0.000000006,0.000000661
15.680796288,TRACKING,,0.000683891,1,0.000000000,-0.000000001,0.049999995,0.000000000,0.000000000,0.050000000,-0.000000000,-0.000000001,-0.000000005,0.000000005,0.000000297
15.690875370,TRACKING,,0.000174535,1,0.000000000,0.000000000,0.049999997,0.000000000,0.000000000,0.050000000,-0.000000000,0.000000000,-0.000000003,0.000000003,0.000000026
15.701032815,TRACKING,,0.002078981,1,0.000000000,0.000000002,0.049999998,0.000000000,0.000000000,0.050000000,-0.000000000,0.000000002,-0.000000002,0.000000003,0.000000326
15.711082214,TRACKING,,0.000909480,1,-0.000000000,0.000000003,0.049999999,0.000000000,0.000000000,0.050000000,0.000000000,0.000000003,-0.000000001,0.000000003,0.000000614
15.721071061,TRACKING,,0.000169785,1,-0.000000000,0.000000004,0.050000000,0.000000000,0.000000000,0.050000000,0.000000000,0.000000004,0.000000000,0.000000004,0.000000871
15.731251065,TRACKING,,0.002382933,1,-0.000000000,0.000000004,0.050000000,0.000000000,0.000000000,0.050000000,0.000000000,0.000000004,0.000000000,0.000000004,0.000000871
15.741176984,TRACKING,,0.001303668,1,-0.000000000,-0.000000000,0.050000001,0.000000000,0.000000000,0.050000000,0.000000000,-0.000000000,0.000000001,0.000000001,0.000000014
15.751333241,TRACKING,,0.000474924,1,-0.000000000,-0.000000004,0.050000002,0.000000000,0.000000000,0.050000000,0.000000000,-0.000000004,0.000000002,0.000000005,0.000000877
15.761414698,TRACKING,,0.000029683,1,-0.000000000,-0.000000008,0.050000003,0.000000000,0.000000000,0.050000000,0.000000000,-0.000000008,0.000000003,0.000000009,0.000001645
15.771478345,TRACKING,,0.002134785,1,-0.000000000,-0.000000010,0.050000002,0.000000000,0.000000000,0.050000000,0.000000000,-0.000000010,0.000000002,0.000000010,0.000002041
15.781610857,TRACKING,,0.001594559,1,0.000000000,-0.000000008,0.049999997,0.000000000,0.000000000,0.050000000,-0.000000000,-0.000000008,-0.000000003,0.000000008,0.000001574
15.791617513,TRACKING,,0.000920165,1,0.000000000,-0.000000006,0.049999994,0.000000000,0.000000000,0.050000000,-0.000000000,-0.000000006,-0.000000006,0.000000008,0.000001145
15.801685909,TRACKING,,0.000022559,1,0.000000000,-0.000000004,0.049999995,0.000000000,0.000000000,0.050000000,-0.000000000,-0.000000004,-0.000000005,0.000000006,0.000000744
15.811773303,TRACKING,,0.002107476,1,0.000000000,-0.000000002,0.049999997,0.000000000,0.000000000,0.050000000,-0.000000000,-0.000000002,-0.000000003,0.000000004,0.000000377
15.821956868,TRACKING,,0.001439021,1,0.000000000,-0.000000000,0.049999998,0.000000000,0.000000000,0.050000000,-0.000000000,-0.000000000,-0.000000002,0.000000002,0.000000044
15.832039512,TRACKING,,0.000856051,1,-0.000000000,0.000000001,0.049999999,0.000000000,0.000000000,0.050000000,0.000000000,0.000000001,-0.000000001,0.000000002,0.000000259
15.842115033,TRACKING,,0.000333634,1,-0.000000000,0.000000003,0.050000000,0.000000000,0.000000000,0.050000000,0.000000000,0.000000003,0.000000000,0.000000003,0.000000539
15.852429203,TRACKING,,0.002475544,1,-0.000000000,0.000000004,0.050000001,0.000000000,0.000000000,0.050000000,0.000000000,0.000000004,0.000000001,0.000000004,0.000000791
15.862317128,TRACKING,,0.001746535,1,-0.000000000,0.000000001,0.050000002,0.000000000,0.000000000,0.050000000,0.000000000,0.000000001,0.000000002,0.000000002,0.000000176
15.872361778,TRACKING,,0.000691015,1,-0.000000000,-0.000000003,0.050000003,0.000000000,0.000000000,0.050000000,0.000000000,-0.000000003,0.000000003,0.000000004,0.000000704
15.882309069,TRACKING,,0.001756033,1,-0.000000000,-0.000000003,0.050000003,0.000000000,0.000000000,0.050000000,0.000000000,-0.000000003,0.000000003,0.000000004,0.000000704
15.892530628,TRACKING,,0.000615028,1,-0.000000000,-0.000000008,0.050000003,0.000000000,0.000000000,0.050000000,0.000000000,-0.000000008,0.000000003,0.000000008,0.000001544
15.903031206,TRACKING,,0.002291511,1,0.000000000,-0.000000005,0.049999998,0.000000000,0.000000000,0.050000000,-0.000000000,-0.000000005,-0.000000002,0.000000006,0.000001094
15.912758844,TRACKING,,0.001107761,1,0.000000000,-0.000000003,0.049999993,0.000000000,0.000000000,0.050000000,-0.000000000,-0.000000003,-0.000000007,0.000000008,0.000000687
15.922980404,TRACKING,,0.000056991,1,0.000000000,-0.000000002,0.049999992,0.000000000,0.000000000,0.050000000,-0.000000000,-0.000000002,-0.000000008,0.000000008,0.000000305
15.933072546,TRACKING,,0.001718039,1,0.000000000,0.000000000,0.049999994,0.000000000,0.000000000,0.050000000,-0.000000000,0.000000000,-0.000000006,0.000000006,0.000000037
15.943156378,TRACKING,,0.000525978,1,0.000000000,0.000000002,0.049999995,0.000000000,0.000000000,0.050000000,-0.000000000,0.000000002,-0.000000005,0.000000005,0.000000349
15.953250895,TRACKING,,0.002298634,1,0.000000000,0.000000003,0.049999997,0.000000000,0.000000000,0.050000000,-0.000000000,0.000000003,-0.000000003,0.000000005,0.000000634
15.963345412,TRACKING,,0.001161190,1,-0.000000000,0.000000004,0.049999998,0.000000000,0.000000000,0.050000000,0.000000000,0.000000004,-0.000000002,0.000000005,0.000000895
15.973448241,TRACKING,,0.000042743,1,-0.000000000,0.000000004,0.049999998,0.000000000,0.000000000,0.050000000,0.000000000,0.000000004,-0.000000002,0.000000005,0.000000895
15.983536821,TRACKING,,0.001338099,1,-0.000000000,-0.000000000,0.049999999,0.000000000,0.000000000,0.050000000,0.000000000,-0.000000000,-0.000000001,0.000000001,0.000000050
15.993633713,TRACKING,,0.000246961,1,-0.000000000,-0.000000005,0.050000000,0.000000000,0.000000000,0.050000000,0.000000000,-0.000000005,0.000000000,0.000000005,0.000000937
16.003734167,TRACKING,,0.001949564,1,-0.000000000,-0.000000009,0.050000001,0.000000000,0.000000000,0.050000000,0.000000000,-0.000000009,0.000000001,0.000000009,0.000001723
16.013835808,TRACKING,,0.000899982,1,-0.000000000,-0.000000011,0.050000002,0.000000000,0.000000000,0.050000000,0.000000000,-0.000000011,0.000000002,0.000000011,0.000002134
16.023944573,TRACKING,,0.002589525,1,-0.000000000,-0.000000008,0.050000003,0.000000000,0.000000000,0.050000000,0.000000000,-0.000000008,0.000000003,0.000000009,0.000001636
16.034022468,TRACKING,,0.001497199,1,-0.000000000,-0.000000006,0.050000000,0.000000000,0.000000000,0.050000000,0.000000000,-0.000000006,0.000000000,0.000000006,0.000001182
16.044105112,TRACKING,,0.000434556,1,0.000000000,-0.000000004,0.049999995,0.000000000,0.000000000,0.050000000,-0.000000000,-0.000000004,-0.000000005,0.000000006,0.000000766
16.054311237,TRACKING,,0.002460108,1,0.000000000,-0.000000002,0.049999995,0.000000000,0.000000000,0.050000000,-0.000000000,-0.000000002,-0.000000005,0.000000005,0.000000394
16.064110114,TRACKING,,0.001655111,1,0.000000000,-0.000000000,0.049999997,0.000000000,0.000000000,0.050000000,-0.000000000,-0.000000000,-0.000000003,0.000000003,0.000000053
16.074117957,TRACKING,,0.001205120,1,0.000000000,0.000000001,0.049999998,0.000000000,0.000000000,0.050000000,-0.000000000,0.000000001,-0.000000002,0.000000002,0.000000250
16.084189916,TRACKING,,0.000537851,1,-0.000000000,0.000000003,0.049999999,0.000000000,0.000000000,0.050000000,0.000000000,0.000000003,-0.000000001,0.000000003,0.000000528
16.094486276,TRACKING,,0.002549157,1,-0.000000000,0.000000003,0.049999999,0.000000000,0.000000000,0.050000000,0.000000000,0.000000003,-0.000000001,0.000000003,0.000000528
16.104485808,TRACKING,,0.001905634,1,-0.000000000,-0.000000002,0.050000000,0.000000000,0.000000000,0.050000000,0.000000000,-0.000000002,0.000000000,0.000000002,0.000000347
16.114618320,TRACKING,,0.001029399,1,-0.000000000,-0.000000006,0.050000001,0.000000000,0.000000000,0.050000000,0.000000000,-0.000000006,0.000000001,0.000000006,0.000001156
16.124706900,TRACKING,,0.000211341,1,-0.000000000,-0.000000009,0.050000002,0.000000000,0.000000000,0.050000000,0.000000000,-0.000000009,0.000000002,0.000000010,0.000001900
16.134778859,TRACKING,,0.001979248,1,-0.000000000,-0.000000011,0.050000001,0.000000000,0.000000000,0.050000000,0.000000000,-0.000000011,0.000000001,0.000000011,0.000002282
16.144881687,TRACKING,,0.000890483,1,0.000000000,-0.000000009,0.049999996,0.000000000,0.000000000,0.050000000,-0.000000000,-0.000000009,-0.000000004,0.000000010,0.000001774
16.155005887,TRACKING,,0.002486229,1,0.000000000,-0.000000006,0.049999994,0.000000000,0.000000000,0.050000000,-0.000000000,-0.000000006,-0.000000006,0.000000009,0.000001307
16.165076658,TRACKING,,0.001509072,1,0.000000000,-0.000000004,0.049999996,0.000000000,0.000000000,0.050000000,-0.000000000,-0.000000004,-0.000000004,0.000000006,0.000000878
16.175131994,TRACKING,,0.000314637,1,0.000000000,-0.000000002,0.049999997,0.000000000,0.000000000,0.050000000,-0.000000000,-0.000000002,-0.000000003,0.000000004,0.000000487
16.185175457,TRACKING,,0.002018428,1,-0.000000000,-0.000000001,0.049999998,0.000000000,0.000000000,0.050000000,0.000000000,-0.000000001,-0.000000002,0.000000002,0.000000131
16.195280660,TRACKING,,0.000978344,1,-0.000000000,0.000000001,0.050000000,0.000000000,0.000000000,0.050000000,0.000000000,0.000000001,-0.000000000,0.000000001,0.000000195
16.205440480,TRACKING,,0.002663139,1,-0.000000000,0.000000001,0.050000000,0.000000000,0.000000000,0.050000000,0.000000000,0.000000001,-0.000000000,0.000000001,0.000000195
16.215462571,TRACKING,,0.001606431,1,-0.000000000,0.000000002,0.050000001,0.000000000,0.000000000,0.050000000,0.000000000,0.000000002,0.000000001,0.000000003,0.000000492
16.225697191,TRACKING,,0.000497483,1,-0.000000000,-0.000000002,0.050000002,0.000000000,0.000000000,0.050000000,0.000000000,-0.000000002,0.000000002,0.000000003,0.000000413
16.235848699,TRACKING,,0.002081356,1,-0.000000000,-0.000000006,0.050000001,0.000000000,0.000000000,0.050000000,0.000000000,-0.000000006,0.000000001,0.000000006,0.000001242
16.245768682,TRACKING,,0.000458302,1,0.000000000,-0.000000010,0.049999995,0.000000000,0.000000000,0.050000000,-0.000000000,-0.000000010,-0.000000005,0.000000011,0.000002025
16.255902380,TRACKING,,0.002039800,1,0.000000000,-0.000000011,0.049999994,0.000000000,0.000000000,0.050000000,-0.000000000,-0.000000011,-0.000000006,0.000000012,0.000002130
16.265957716,TRACKING,,0.000927290,1,0.000000000,-0.000000008,0.049999995,0.000000000,0.000000000,0.050000000,-0.000000000,-0.000000008,-0.000000005,0.000000009,0.000001628
16.276349061,TRACKING,,0.000035619,1,0.000000000,-0.000000006,0.049999997,0.000000000,0.000000000,0.050000000,-0.000000000,-0.000000006,-0.000000003,0.000000007,0.000001173
16.286276168,TRACKING,,0.001810649,1,-0.000000000,-0.000000004,0.049999998,0.000000000,0.000000000,0.050000000,0.000000000,-0.000000004,-0.000000002,0.000000004,0.000000756
16.296310132,TRACKING,,0.000796686,1,-0.000000000,-0.000000002,0.049999999,0.000000000,0.000000000,0.050000000,0.000000000,-0.000000002,-0.000000001,0.000000002,0.000000380
16.306536441,TRACKING,,0.002227395,1,-0.000000000,-0.000000002,0.049999999,0.000000000,0.000000000,0.050000000,0.000000000,-0.000000002,-0.000000001,0.000000002,0.000000380
16.316670139,TRACKING,,0.001145755,1,-0.000000000,-0.000000000,0.050000000,0.000000000,0.000000000,0.050000000,0.000000000,-0.000000000,0.000000000,0.000000000,0.000000026
16.327065046,TRACKING,,0.002811552,1,-0.000000000,0.000000001,0.050000001,0.000000000,0.000000000,0.050000000,0.000000000,0.000000001,0.000000001,0.000000002,0.000000291
16.336800996,TRACKING,,0.001244302,1,-0.000000000,0.000000001,0.050000000,0.000000000,0.000000000,0.050000000,0.000000000,0.000000001,0.000000000,0.000000001,0.000000244
16.346895513,TRACKING,,0.000161475,1,0.000000000,-0.000000003,0.049999995,0.000000000,0.000000000,0.050000000,-0.000000000,-0.000000003,-0.000000005,0.000000006,0.000000648
16.357024462,TRACKING,,0.001864078,1,0.000000000,-0.000000007,0.049999994,0.000000000,0.000000000,0.050000000,-0.000000000,-0.000000007,-0.000000006,0.000000010,0.000001457
16.367085735,TRACKING,,0.000818058,1,0.000000000,-0.000000011,0.049999995,0.000000000,0.000000000,0.050000000,-0.000000000,-0.000000011,-0.000000005,0.000000012,0.000002192
16.377217059,TRACKING,,0.002612084,1,0.000000000,-0.000000010,0.049999997,0.000000000,0.000000000,0.050000000,-0.000000000,-0.000000010,-0.000000003,0.000000010,0.000001979
16.387191658,TRACKING,,0.001501949,1,-0.000000000,-0.000000007,0.049999998,0.000000000,0.000000000,0.050000000,0.000000000,-0.000000007,-0.000000002,0.000000008,0.000001494
16.397178130,TRACKING,,0.000870299,1,-0.000000000,-0.000000005,0.049999999,0.000000000,0.000000000,0.050000000,0.000000000,-0.000000005,-0.000000001,0.000000005,0.000001064
16.407253650,TRACKING,,0.000394188,1,-0.000000000,-0.000000003,0.050000000,0.000000000,0.000000000,0.050000000,0.000000000,-0.000000003,0.000000000,0.000000003,0.000000680
16.417457400,TRACKING,,0.002495728,1,-0.000000000,-0.000000003,0.050000000,0.000000000,0.000000000,0.050000000,0.000000000,-0.000000003,0.000000000,0.000000003,0.000000680
16.427366697,TRACKING,,0.001975686,1,-0.000000000,-0.000000002,0.050000001,0.000000000,0.000000000,0.050000000,0.000000000,-0.000000002,0.000000001,0.000000002,0.000000326
16.437412534,TRACKING,,0.001472265,1,-0.000000000,0.000000000,0.050000002,0.000000000,0.000000000,0.050000000,0.000000000,0.000000000,0.000000002,0.000000002,0.000000004
16.447512988,TRACKING,,0.000945100,1,0.000000000,0.000000000,0.049999997,0.000000000,0.000000000,0.050000000,-0.000000000,0.000000000,-0.000000003,0.000000003,0.000000011
16.457593257,TRACKING,,0.000465426,1,0.000000000,-0.000000004,0.049999992,0.000000000,0.000000000,0.050000000,-0.000000000,-0.000000004,-0.000000008,0.000000009,0.000000811
16.467759013,TRACKING,,0.000030870,1,0.000000000,-0.000000008,0.049999990,0.000000000,0.000000000,0.050000000,-0.000000000,-0.000000008,-0.000000010,0.000000013,0.000001563
16.477955639,TRACKING,,0.002055235,1,0.000000000,-0.000000010,0.049999992,0.000000000,0.000000000,0.050000000,-0.000000000,-0.000000010,-0.000000008,0.000000013,0.000001966
16.487972982,TRACKING,,0.001136257,1,0.000000000,-0.000000007,0.049999993,0.000000000,0.000000000,0.050000000,-0.000000000,-0.000000007,-0.000000007,0.000000010,0.000001493
16.497974889,TRACKING,,0.000724259,1,0.000000000,-0.000000005,0.049999995,0.000000000,0.000000000,0.050000000,-0.000000000,-0.000000005,-0.000000005,0.000000007,0.000001066
16.508064657,TRACKING,,0.000233900,1,-0.000000000,-0.000000003,0.049999996,0.000000000,0.000000000,0.050000000,0.000000000,-0.000000003,-0.000000004,0.000000005,0.000000684
16.518095059,TRACKING,,0.002210773,1,-0.000000000,-0.000000002,0.049999998,0.000000000,0.000000000,0.050000000,0.000000000,-0.000000002,-0.000000002,0.000000003,0.000000328
16.528291685,TRACKING,,0.001298918,1,-0.000000000,0.000000000,0.049999999,0.000000000,0.000000000,0.050000000,0.000000000,0.000000000,-0.000000001,0.000000001,0.000000003
16.538381453,TRACKING,,0.000163849,1,-0.000000000,-0.000000003,0.050000000,0.000000000,0.000000000,0.050000000,0.000000000,-0.000000003,-0.000000000,0.000000003,0.000000574
16.548479532,TRACKING,,0.001966187,1,-0.000000000,-0.000000007,0.050000001,0.000000000,0.000000000,0.050000000,0.000000000,-0.000000007,0.000000001,0.000000007,0.000001388
16.558597796,TRACKING,,0.000890483,1,-0.000000000,-0.000000006,0.050000002,0.000000000,0.000000000,0.050000000,0.000000000,-0.000000006,0.000000002,0.000000006,0.000001243
16.568837165,TRACKING,,0.002580026,1,-0.000000000,-0.000000006,0.050000002,0.000000000,0.000000000,0.050000000,0.000000000,-0.000000006,0.000000002,0.000000006,0.000001243
16.578671661,TRACKING,,0.001574374,1,0.000000000,-0.000000004,0.049999996,0.000000000,0.000000000,0.050000000,-0.000000000,-0.000000004,-0.000000004,0.000000005,0.000000822
16.588844541,TRACKING,,0.000489172,1,0.000000000,-0.000000002,0.049999992,0.000000000,0.000000000,0.050000000,-0.000000000,-0.000000002,-0.000000008,0.000000009,0.000000438
16.598975865,TRACKING,,0.002137160,1,0.000000000,-0.000000000,0.049999989,0.000000000,0.000000000,0.050000000,-0.000000000,-0.000000000,-0.000000011,0.000000011,0.000000086
16.609021702,TRACKING,,0.001050770,1,0.000000000,-0.000000000,0.049999991,0.000000000,0.000000000,0.050000000,-0.000000000,-0.000000000,-0.000000009,0.000000009,0.000000069
16.619168461,TRACKING,,0.000034432,1,0.000000000,-0.000000005,0.049999993,0.000000000,0.000000000,0.050000000,-0.000000000,-0.000000005,-0.000000007,0.000000008,0.000000927
16.629249918,TRACKING,,0.001709728,1,0.000000000,-0.000000008,0.049999995,0.000000000,0.000000000,0.050000000,-0.000000000,-0.000000008,-0.000000005,0.000000010,0.000001711
16.639359870,TRACKING,,0.000620964,1,-0.000000000,-0.000000009,0.049999996,0.000000000,0.000000000,0.050000000,0.000000000,-0.000000009,-0.000000004,0.000000010,0.000001829
16.649777336,TRACKING,,0.002429238,1,-0.000000000,-0.000000007,0.049999998,0.000000000,0.000000000,0.050000000,0.000000000,-0.000000007,-0.000000002,0.000000007,0.000001358
16.659769745,TRACKING,,0.001359471,1,-0.000000000,-0.000000005,0.049999999,0.000000000,0.000000000,0.050000000,0.000000000,-0.000000005,-0.000000001,0.000000005,0.000000927
16.670446044,TRACKING,,0.000029683,1,-0.000000000,-0.000000002,0.050000000,0.000000000,0.000000000,0.050000000,0.000000000,-0.000000002,-0.000000000,0.000000002,0.000000504
16.680706785,TRACKING,,0.002235706,1,-0.000000000,-0.000000002,0.050000000,0.000000000,0.000000000,0.050000000,0.000000000,-0.000000002,-0.000000000,0.000000002,0.000000504
16.690525846,TRACKING,,0.001278733,1,-0.000000000,-0.000000001,0.050000001,0.000000000,0.000000000,0.050000000,0.000000000,-0.000000001,0.000000001,0.000000001,0.000000157
16.700766403,TRACKING,,0.000510544,1,-0.000000000,-0.000000001,0.050000000,0.000000000,0.000000000,0.050000000,0.000000000,-0.000000001,0.000000000,0.000000001,0.000000127
16.710675700,TRACKING,,0.002303383,1,0.000000000,-0.000000005,0.049999995,0.000000000,0.000000000,0.050000000,-0.000000000,-0.000000005,-0.000000005,0.000000007,0.000000961
16.720804649,TRACKING,,0.001937691,1,0.000000000,-0.000000009,0.049999992,0.000000000,0.000000000,0.050000000,-0.000000000,-0.000000009,-0.000000008,0.000000012,0.000001718
16.730797057,TRACKING,,0.001404589,1,0.000000000,-0.000000010,0.049999994,0.000000000,0.000000000,0.050000000,-0.000000000,-0.000000010,-0.000000006,0.000000012,0.000002108
16.741009118,TRACKING,,0.002650078,1,0.000000000,-0.000000008,0.049999995,0.000000000,0.000000000,0.050000000,-0.000000000,-0.000000008,-0.000000005,0.000000009,0.000001635
16.751002714,TRACKING,,0.001529256,1,-0.000000000,-0.000000006,0.049999997,0.000000000,0.000000000,0.050000000,0.000000000,-0.000000006,-0.000000003,0.000000007,0.000001159
16.761039053,TRACKING,,0.000921353,1,-0.000000000,-0.000000004,0.049999998,0.000000000,0.000000000,0.050000000,0.000000000,-0.000000004,-0.000000002,0.000000004,0.000000757
16.771050459,TRACKING,,0.000282580,1,-0.000000000,-0.000000002,0.049999999,0.000000000,0.000000000,0.050000000,0.000000000,-0.000000002,-0.000000001,0.000000002,0.000000393
16.781223339,TRACKING,,0.001905634,1,-0.000000000,-0.000000000,0.050000000,0.000000000,0.000000000,0.050000000,0.000000000,-0.000000000,0.000000000,0.000000000,0.000000045
16.791169442,TRACKING,,0.000761067,1,-0.000000000,0.000000001,0.050000001,0.000000000,0.000000000,0.050000000,0.000000000,0.000000001,0.000000001,0.000000002,0.000000272
16.801437307,TRACKING,,0.002477917,1,-0.000000000,0.000000001,0.050000001,0.000000000,0.000000000,0.050000000,0.000000000,0.000000001,0.000000001,0.000000002,0.000000272
16.811455836,TRACKING,,0.001535193,1,0.000000000,-0.000000003,0.049999996,0.000000000,0.000000000,0.050000000,-0.000000000,-0.000000003,-0.000000004,0.000000005,0.000000612
16.821576474,TRACKING,,0.000417933,1,0.000000000,-0.000000007,0.049999991,0.000000000,0.000000000,0.050000000,-0.000000000,-0.000000007,-0.000000009,0.000000011,0.000001419
16.831659118,TRACKING,,0.001887825,1,0.000000000,-0.000000011,0.049999989,0.000000000,0.000000000,0.050000000,-0.000000000,-0.000000011,-0.000000011,0.000000016,0.000002163
16.841739388,TRACKING,,0.001243114,1,0.000000000,-0.000000013,0.049999991,0.000000000,0.000000000,0.050000000,-0.000000000,-0.000000013,-0.000000009,0.000000016,0.000002548
16.851825594,TRACKING,,0.000416747,1,0.000000000,-0.000000010,0.049999993,0.000000000,0.000000000,0.050000000,-0.000000000,-0.000000010,-0.000000007,0.000000012,0.000002034
16.861923673,TRACKING,,0.002450610,1,0.000000000,-0.000000008,0.049999994,0.000000000,0.000000000,0.050000000,-0.000000000,-0.000000008,-0.000000006,0.000000010,0.000001558
16.872001568,TRACKING,,0.002026739,1,-0.000000000,-0.000000006,0.049999996,0.000000000,0.000000000,0.050000000,0.000000000,-0.000000006,-0.000000004,0.000000007,0.000001129
16.882224315,TRACKING,,0.001587434,1,-0.000000000,-0.000000004,0.049999997,0.000000000,0.000000000,0.050000000,0.000000000,-0.000000004,-0.000000003,0.000000005,0.000000742
16.892144297,TRACKING,,0.000898795,1,-0.000000000,-0.000000002,0.049999998,0.000000000,0.000000000,0.050000000,0.000000000,-0.000000002,-0.000000002,0.000000002,0.000000379
16.902275621,TRACKING,,0.000015435,1,-0.000000000,-0.000000000,0.049999999,0.000000000,0.000000000,0.050000000,0.000000000,-0.000000000,-0.000000001,0.000000001,0.000000046
16.912367764,TRACKING,,0.001723976,1,-0.000000000,-0.000000003,0.050000000,0.000000000,0.000000000,0.050000000,0.000000000,-0.000000003,0.000000000,0.000000003,0.000000610
16.922212946,TRACKING,,0.000932039,1,-0.000000000,-0.000000007,0.050000001,0.000000000,0.000000000,0.050000000,0.000000000,-0.000000007,0.000000001,0.000000007,0.000001416
16.932573421,TRACKING,,0.002660764,1,-0.000000000,-0.000000007,0.050000001,0.000000000,0.000000000,0.050000000,0.000000000,-0.000000007,0.000000001,0.000000007,0.000001416
16.942363986,TRACKING,,0.002008930,1,0.000000000,-0.000000005,0.049999996,0.000000000,0.000000000,0.050000000,-0.000000000,-0.000000005,-0.000000004,0.000000006,0.000000990
16.952572485,TRACKING,,0.001478202,1,0.000000000,-0.000000003,0.049999992,0.000000000,0.000000000,0.050000000,-0.000000000,-0.000000003,-0.000000008,0.000000009,0.000000604
16.962834414,TRACKING,,0.000775314,1,0.000000000,-0.000000001,0.049999988,0.000000000,0.000000000,0.050000000,-0.000000000,-0.000000001,-0.000000012,0.000000012,0.000000255
16.972773393,TRACKING,,0.000280205,1,0.000000000,-0.000000001,0.049999990,0.000000000,0.000000000,0.050000000,-0.000000000,-0.000000001,-0.000000010,0.000000010,0.000000219
16.983136243,TRACKING,,0.002401930,1,0.000000000,-0.000000005,0.049999992,0.000000000,0.000000000,0.050000000,-0.000000000,-0.000000005,-0.000000008,0.000000010,0.000001020
16.992926808,TRACKING,,0.001520945,1,0.000000000,-0.000000009,0.049999993,0.000000000,0.000000000,0.050000000,-0.000000000,-0.000000009,-0.000000007,0.000000011,0.000001757
17.003005891,TRACKING,,0.000313450,1,-0.000000000,-0.000000011,0.049999995,0.000000000,0.000000000,0.050000000,0.000000000,-0.000000011,-0.000000005,0.000000012,0.000002167
17.013279692,TRACKING,,0.002016054,1,-0.000000000,-0.000000008,0.049999997,0.000000000,0.000000000,0.050000000,0.000000000,-0.000000008,-0.000000003,0.000000009,0.000001664
17.023165242,TRACKING,,0.000884547,1,-0.000000000,-0.000000006,0.049999998,0.000000000,0.000000000,0.050000000,0.000000000,-0.000000006,-0.000000002,0.000000006,0.000001205
17.033339309,TRACKING,,0.002631081,1,-0.000000000,-0.000000004,0.049999999,0.000000000,0.000000000,0.050000000,0.000000000,-0.000000004,-0.000000001,0.000000004,0.000000788
17.043329343,TRACKING,,0.001583873,1,-0.000000000,-0.000000002,0.050000000,0.000000000,0.000000000,0.050000000,0.000000000,-0.000000002,0.000000000,0.000000002,0.000000407
17.053432172,TRACKING,,0.000518855,1,-0.000000000,-0.000000000,0.050000001,0.000000000,0.000000000,0.050000000,0.000000000,-0.000000000,0.000000001,0.000000001,0.000000056
17.063948184,TRACKING,,0.002454172,1,-0.000000000,-0.000000000,0.050000001,0.000000000,0.000000000,0.050000000,0.000000000,-0.000000000,0.000000001,0.000000001,0.000000056
17.073627143,TRACKING,,0.001751284,1,0.000000000,0.000000001,0.049999996,0.000000000,0.000000000,0.050000000,-0.000000000,0.000000001,-0.000000004,0.000000004,0.000000254
17.083721660,TRACKING,,0.000978344,1,0.000000000,-0.000000003,0.049999991,0.000000000,0.000000000,0.050000000,-0.000000000,-0.000000003,-0.000000009,0.000000009,0.000000603
17.093795993,TRACKING,,0.000191157,1,0.000000000,-0.000000007,0.049999989,0.000000000,0.000000000,0.050000000,-0.000000000,-0.000000007,-0.000000011,0.000000013,0.000001392
17.103922568,TRACKING,,0.002257078,1,0.000000000,-0.000000011,0.049999991,0.000000000,0.000000000,0.050000000,-0.000000000,-0.000000011,-0.000000009,0.000000014,0.000002116
17.113875795,TRACKING,,0.001482951,1,0.000000000,-0.000000012,0.049999993,0.000000000,0.000000000,0.050000000,-0.000000000,-0.000000012,-0.000000007,0.000000014,0.000002477
17.124037989,TRACKING,,0.000714761,1,0.000000000,-0.000000010,0.049999994,0.000000000,0.000000000,0.050000000,-0.000000000,-0.000000010,-0.000000006,0.000000011,0.000001962
17.134165751,TRACKING,,0.000136540,1,-0.000000000,-0.000000007,0.049999996,0.000000000,0.000000000,0.050000000,0.000000000,-0.000000007,-0.000000004,0.000000008,0.000001494
17.144193779,TRACKING,,0.002166842,1,-0.000000000,-0.000000005,0.049999997,0.000000000,0.000000000,0.050000000,0.000000000,-0.000000005,-0.000000003,0.000000006,0.000001068
17.154285921,TRACKING,,0.001600495,1,-0.000000000,-0.000000003,0.049999998,0.000000000,0.000000000,0.050000000,0.000000000,-0.000000003,-0.000000002,0.000000004,0.000000679
17.164381626,TRACKING,,0.000756317,1,-0.000000000,-0.000000002,0.050000000,0.000000000,0.000000000,0.050000000,0.000000000,-0.000000002,-0.000000000,0.000000002,0.000000324
17.174488016,TRACKING,,0.000087861,1,-0.000000000,0.000000000,0.050000001,0.000000000,0.000000000,0.050000000,0.000000000,0.000000000,0.000000001,0.000000001,0.000000012
17.184590845,TRACKING,,0.001854579,1,-0.000000000,-0.000000003,0.049999997,0.000000000,0.000000000,0.050000000,0.000000000,-0.000000003,-0.000000003,0.000000004,0.000000566
17.194704359,TRACKING,,0.000630462,1,0.000000000,-0.000000007,0.049999992,0.000000000,0.000000000,0.050000000,-0.000000000,-0.000000007,-0.000000008,0.000000010,0.000001382
17.204817873,TRACKING,,0.002184652,1,0.000000000,-0.000000007,0.049999992,0.000000000,0.000000000,0.050000000,-0.000000000,-0.000000007,-0.000000008,0.000000010,0.000001382
17.215084551,TRACKING,,0.001676483,1,0.000000000,-0.000000011,0.049999994,0.000000000,0.000000000,0.050000000,-0.000000000,-0.000000011,-0.000000006,0.000000012,0.000002130
17.224927358,TRACKING,,0.001173063,1,0.000000000,-0.000000008,0.049999995,0.000000000,0.000000000,0.050000000,-0.000000000,-0.000000008,-0.000000005,0.000000009,0.000001650
17.235122797,TRACKING,,0.000575846,1,-0.000000000,-0.000000006,0.049999997,0.000000000,0.000000000,0.050000000,0.000000000,-0.000000006,-0.000000003,0.000000007,0.000001217
17.245191193,TRACKING,,0.000040369,1,-0.000000000,-0.000000004,0.049999998,0.000000000,0.000000000,0.050000000,0.000000000,-0.000000004,-0.000000002,0.000000004,0.000000816
17.255269088,TRACKING,,0.002135972,1,-0.000000000,-0.000000002,0.049999999,0.000000000,0.000000000,0.050000000,0.000000000,-0.000000002,-0.000000001,0.000000002,0.000000449
17.265351732,TRACKING,,0.001259737,1,-0.000000000,-0.000000001,0.050000000,0.000000000,0.000000000,0.050000000,0.000000000,-0.000000001,0.000000000,0.000000001,0.000000112
17.275449811,TRACKING,,0.000644710,1,-0.000000000,-0.000000002,0.050000001,0.000000000,0.000000000,0.050000000,0.000000000,-0.000000002,0.000000001,0.000000002,0.000000382
17.285641688,TRACKING,,0.002590713,1,-0.000000000,-0.000000006,0.049999999,0.000000000,0.000000000,0.050000000,0.000000000,-0.000000006,-0.000000001,0.000000006,0.000001183
17.295648344,TRACKING,,0.001621866,1,0.000000000,-0.000000009,0.049999994,0.000000000,0.000000000,0.050000000,-0.000000000,-0.000000009,-0.000000006,0.000000011,0.000001912
17.305709617,TRACKING,,0.000426245,1,0.000000000,-0.000000010,0.049999993,0.000000000,0.000000000,0.050000000,-0.000000000,-0.000000010,-0.000000007,0.000000012,0.000002015
17.315861125,TRACKING,,0.001626616,1,0.000000000,-0.000000008,0.049999994,0.000000000,0.000000000,0.050000000,-0.000000000,-0.000000008,-0.000000006,0.000000009,0.000001513
17.325796543,TRACKING,,0.000598405,1,0.000000000,-0.000000005,0.049999996,0.000000000,0.000000000,0.050000000,-0.000000000,-0.000000005,-0.000000004,0.000000007,0.000001055
17.335949238,TRACKING,,0.002570528,1,0.000000000,-0.000000005,0.049999996,0.000000000,0.000000000,0.050000000,-0.000000000,-0.000000005,-0.000000004,0.000000007,0.000001055
17.346131616,TRACKING,,0.001421211,1,-0.000000000,-0.000000003,0.049999997,0.000000000,0.000000000,0.050000000,0.000000000,-0.000000003,-0.000000003,0.000000004,0.000000663
17.356241569,TRACKING,,0.000821619,1,-0.000000000,-0.000000001,0.049999999,0.000000000,0.000000000,0.050000000,0.000000000,-0.000000001,-0.000000001,0.000000002,0.000000290
17.366224479,TRACKING,,0.000327698,1,-0.000000000,0.000000000,0.050000000,0.000000000,0.000000000,0.050000000,0.000000000,0.000000000,-0.000000000,0.000000000,0.000000035
17.376314247,TRACKING,,0.002246392,1,-0.000000000,0.000000000,0.050000001,0.000000000,0.000000000,0.050000000,0.000000000,0.000000000,0.000000001,0.000000001,0.000000045
17.386408764,TRACKING,,0.001101825,1,-0.000000000,-0.000000004,0.050000002,0.000000000,0.000000000,0.050000000,0.000000000,-0.000000004,0.000000002,0.000000004,0.000000806
17.396770426,TRACKING,,0.000046305,1,-0.000000000,-0.000000008,0.049999999,0.000000000,0.000000000,0.050000000,0.000000000,-0.000000008,-0.000000001,0.000000008,0.000001608
17.406873255,TRACKING,,0.001761969,1,0.000000000,-0.000000009,0.049999994,0.000000000,0.000000000,0.050000000,-0.000000000,-0.000000009,-0.000000006,0.000000010,0.000001735
17.416837168,TRACKING,,0.000776502,1,0.000000000,-0.000000006,0.049999993,0.000000000,0.000000000,0.050000000,-0.000000000,-0.000000006,-0.000000007,0.000000010,0.000001271
17.427141839,TRACKING,,0.002385308,1,0.000000000,-0.000000004,0.049999994,0.000000000,0.000000000,0.050000000,-0.000000000,-0.000000004,-0.000000006,0.000000007,0.000000848
17.437155619,TRACKING,,0.000877422,1,0.000000000,-0.000000002,0.049999996,0.000000000,0.000000000,0.050000000,-0.000000000,-0.000000002,-0.000000004,0.000000004,0.000000437
17.446971118,TRACKING,,0.000018997,1,0.000000000,-0.000000002,0.049999996,0.000000000,0.000000000,0.050000000,-0.000000000,-0.000000002,-0.000000004,0.000000004,0.000000437
17.457002708,TRACKING,,0.002064734,1,-0.000000000,-0.000000000,0.049999997,0.000000000,0.000000000,0.050000000,0.000000000,-0.000000000,-0.000000003,0.000000003,0.000000096
17.467167277,TRACKING,,0.001512634,1,-0.000000000,-0.000000005,0.049999999,0.000000000,0.000000000,0.050000000,0.000000000,-0.000000005,-0.000000001,0.000000005,0.000000913
17.477243984,TRACKING,,0.000863175,1,-0.000000000,-0.000000008,0.050000000,0.000000000,0.000000000,0.050000000,0.000000000,-0.000000008,-0.000000000,0.000000008,0.000001665
17.487522535,TRACKING,,0.002640580,1,-0.000000000,-0.000000010,0.050000001,0.000000000,0.000000000,0.050000000,0.000000000,-0.000000010,0.000000001,0.000000010,0.000002064
17.497454390,TRACKING,,0.001668171,1,-0.000000000,-0.000000008,0.050000002,0.000000000,0.000000000,0.050000000,0.000000000,-0.000000008,0.000000002,0.000000008,0.000001576
17.507482418,TRACKING,,0.000537852,1,-0.000000000,-0.000000006,0.050000001,0.000000000,0.000000000,0.050000000,0.000000000,-0.000000006,0.000000001,0.000000006,0.000001131
17.517756220,TRACKING,,0.002301008,1,0.000000000,-0.000000004,0.049999996,0.000000000,0.000000000,0.050000000,-0.000000000,-0.000000004,-0.000000004,0.000000006,0.000000720
17.527536099,TRACKING,,0.001777404,1,0.000000000,-0.000000002,0.049999994,0.000000000,0.000000000,0.050000000,-0.000000000,-0.000000002,-0.000000006,0.000000006,0.000000353
17.537672173,TRACKING,,0.001091139,1,0.000000000,-0.000000000,0.049999996,0.000000000,0.000000000,0.050000000,-0.000000000,-0.000000000,-0.000000004,0.000000004,0.000000023
17.547785687,TRACKING,,0.000542601,1,0.000000000,-0.000000003,0.049999997,0.000000000,0.000000000,0.050000000,-0.000000000,-0.000000003,-0.000000003,0.000000004,0.000000569
17.557823213,TRACKING,,0.000037994,1,-0.000000000,-0.000000007,0.049999998,0.000000000,0.000000000,0.050000000,0.000000000,-0.000000007,-0.000000002,0.000000007,0.000001349
17.567920105,TRACKING,,0.001937691,1,-0.000000000,-0.000000006,0.049999999,0.000000000,0.000000000,0.050000000,0.000000000,-0.000000006,-0.000000001,0.000000006,0.000001209
17.577931510,TRACKING,,0.001095888,1,-0.000000000,-0.000000004,0.050000000,0.000000000,0.000000000,0.050000000,0.000000000,-0.000000004,0.000000000,0.000000004,0.000000803
17.587972599,TRACKING,,0.000098547,1,-0.000000000,-0.000000002,0.050000001,0.000000000,0.000000000,0.050000000,0.000000000,-0.000000002,0.000000001,0.000000002,0.000000420
17.597975693,TRACKING,,0.001766719,1,-0.000000000,-0.000000002,0.050000001,0.000000000,0.000000000,0.050000000,0.000000000,-0.000000002,0.000000001,0.000000002,0.000000420
17.608019156,TRACKING,,0.000515292,1,0.000000000,-0.000000000,0.049999996,0.000000000,0.000000000,0.050000000,-0.000000000,-0.000000000,-0.000000004,0.000000004,0.000000071
17.618080428,TRACKING,,0.002120537,1,0.000000000,-0.000000005,0.049999991,0.000000000,0.000000000,0.050000000,-0.000000000,-0.000000005,-0.000000009,0.000000010,0.000000935
17.628169009,TRACKING,,0.000956973,1,0.000000000,-0.000000009,0.049999989,0.000000000,0.000000000,0.050000000,-0.000000000,-0.000000009,-0.000000011,0.000000014,0.000001722
17.638372759,TRACKING,,0.000024933,1,0.000000000,-0.000000009,0.049999991,0.000000000,0.000000000,0.050000000,-0.000000000,-0.000000009,-0.000000009,0.000000013,0.000001840
17.648639436,TRACKING,,0.002044549,1,0.000000000,-0.000000007,0.049999993,0.000000000,0.000000000,0.050000000,-0.000000000,-0.000000007,-0.000000007,0.000000010,0.000001376
17.658599787,TRACKING,,0.001493637,1,0.000000000,-0.000000005,0.049999994,0.000000000,0.000000000,0.050000000,-0.000000000,-0.000000005,-0.000000006,0.000000007,0.000000961
17.668729924,TRACKING,,0.000715949,1,-0.000000000,-0.000000003,0.049999996,0.000000000,0.000000000,0.050000000,0.000000000,-0.000000003,-0.000000004,0.000000005,0.000000583
17.679133142,TRACKING,,0.002495728,1,-0.000000000,-0.000000001,0.049999997,0.000000000,0.000000000,0.050000000,0.000000000,-0.000000001,-0.000000003,0.000000003,0.000000220
17.688895212,TRACKING,,0.001361846,1,-0.000000000,0.000000001,0.049999998,0.000000000,0.000000000,0.050000000,0.000000000,0.000000001,-0.000000002,0.000000002,0.000000114
17.698974294,TRACKING,,0.000232713,1,-0.000000000,-0.000000004,0.050000000,0.000000000,0.000000000,0.050000000,0.000000000,-0.000000004,-0.000000000,0.000000004,0.000000763
17.708965516,TRACKING,,0.001949565,1,-0.000000000,-0.000000004,0.050000000,0.000000000,0.000000000,0.050000000,0.000000000,-0.000000004,-0.000000000,0.000000004,0.000000763
17.719183513,TRACKING,,0.001107761,1,-0.000000000,-0.000000008,0.050000001,0.000000000,0.000000000,0.050000000,0.000000000,-0.000000008,0.000000001,0.000000008,0.000001556
17.729098746,TRACKING,,0.000144851,1,-0.000000000,-0.000000010,0.050000000,0.000000000,0.000000000,0.050000000,0.000000000,-0.000000010,-0.000000000,0.000000010,0.000001962
17.739155270,TRACKING,,0.002325942,1,0.000000000,-0.000000007,0.049999995,0.000000000,0.000000000,0.050000000,-0.000000000,-0.000000007,-0.000000005,0.000000009,0.000001485
17.749185672,TRACKING,,0.001300106,1,0.000000000,-0.000000005,0.049999992,0.000000000,0.000000000,0.050000000,-0.000000000,-0.000000005,-0.000000008,0.000000010,0.000001046
17.759334806,TRACKING,,0.000359755,1,0.000000000,-0.000000003,0.049999993,0.000000000,0.000000000,0.050000000,-0.000000000,-0.000000003,-0.000000007,0.000000007,0.000000662
17.769317716,TRACKING,,0.002037426,1,0.000000000,-0.000000001,0.049999995,0.000000000,0.000000000,0.050000000,-0.000000000,-0.000000001,-0.000000005,0.000000005,0.000000290
17.779389674,TRACKING,,0.000935601,1,-0.000000000,0.000000000,0.049999997,0.000000000,0.000000000,0.050000000,0.000000000,0.000000000,-0.000000003,0.000000003,0.000000048
17.789524560,TRACKING,,0.002702320,1,-0.000000000,-0.000000003,0.049999998,0.000000000,0.000000000,0.050000000,0.000000000,-0.000000003,-0.000000002,0.000000003,0.000000530
17.799724748,TRACKING,,0.001376093,1,-0.000000000,-0.000000007,0.049999999,0.000000000,0.000000000,0.050000000,0.000000000,-0.000000007,-0.000000001,0.000000007,0.000001355
17.809825202,TRACKING,,0.000345507,1,-0.000000000,-0.000000006,0.050000000,0.000000000,0.000000000,0.050000000,0.000000000,-0.000000006,0.000000000,0.000000006,0.000001212
17.819866290,TRACKING,,0.002025553,1,-0.000000000,-0.000000006,0.050000000,0.000000000,0.000000000,0.050000000,0.000000000,-0.000000006,0.000000000,0.000000006,0.000001212
17.830001176,TRACKING,,0.001093513,1,0.000000000,-0.000000004,0.049999995,0.000000000,0.000000000,0.050000000,-0.000000000,-0.000000004,-0.000000005,0.000000006,0.000000793
17.840086194,TRACKING,,0.000219653,1,0.000000000,-0.000000002,0.049999990,0.000000000,0.000000000,0.050000000,-0.000000000,-0.000000002,-0.000000010,0.000000010,0.000000416
17.850198521,TRACKING,,0.002217897,1,0.000000000,-0.000000000,0.049999988,0.000000000,0.000000000,0.050000000,-0.000000000,-0.000000000,-0.000000012,0.000000012,0.000000073
17.860205178,TRACKING,,0.001201559,1,0.000000000,-0.000000000,0.049999990,0.000000000,0.000000000,0.050000000,-0.000000000,-0.000000000,-0.000000010,0.000000010,0.000000057
17.870281885,TRACKING,,0.000072426,1,0.000000000,-0.000000005,0.049999992,0.000000000,0.000000000,0.050000000,-0.000000000,-0.000000005,-0.000000008,0.000000009,0.000000914
17.880374028,TRACKING,,0.001813023,1,0.000000000,-0.000000008,0.049999994,0.000000000,0.000000000,0.050000000,-0.000000000,-0.000000008,-0.000000006,0.000000010,0.000001695
17.890473294,TRACKING,,0.000721885,1,-0.000000000,-0.000000009,0.049999995,0.000000000,0.000000000,0.050000000,0.000000000,-0.000000009,-0.000000005,0.000000010,0.000001814
17.900608180,TRACKING,,0.000030870,1,-0.000000000,-0.000000007,0.049999997,0.000000000,0.000000000,0.050000000,0.000000000,-0.000000007,-0.000000003,0.000000007,0.000001349
17.910669453,TRACKING,,0.002143097,1,-0.000000000,-0.000000005,0.049999998,0.000000000,0.000000000,0.050000000,0.000000000,-0.000000005,-0.000000002,0.000000005,0.000000938
17.920753284,TRACKING,,0.001363033,1,-0.000000000,-0.000000003,0.049999999,0.000000000,0.000000000,0.050000000,0.000000000,-0.000000003,-0.000000001,0.000000003,0.000000553
17.930862049,TRACKING,,0.001973310,1,-0.000000000,-0.000000003,0.049999999,0.000000000,0.000000000,0.050000000,0.000000000,-0.000000003,-0.000000001,0.000000003,0.000000553
17.940818838,TRACKING,,0.000974782,1,-0.000000000,-0.000000001,0.050000000,0.000000000,0.000000000,0.050000000,0.000000000,-0.000000001,0.000000000,0.000000001,0.000000160
17.950996467,TRACKING,,0.000192345,1,-0.000000000,0.000000001,0.050000000,0.000000000,0.000000000,0.050000000,0.000000000,0.000000001,-0.000000000,0.000000001,0.000000163
17.961069613,TRACKING,,0.001651549,1,0.000000000,0.000000001,0.049999995,0.000000000,0.000000000,0.050000000,-0.000000000,0.000000001,-0.000000005,0.000000005,0.000000155
17.971159381,TRACKING,,0.000613840,1,0.000000000,-0.000000004,0.049999990,0.000000000,0.000000000,0.050000000,-0.000000000,-0.000000004,-0.000000010,0.000000011,0.000000738
17.981572097,TRACKING,,0.002306945,1,0.000000000,-0.000000008,0.049999989,0.000000000,0.000000000,0.050000000,-0.000000000,-0.000000008,-0.000000011,0.000000013,0.000001538
17.991309234,TRACKING,,0.001225305,1,0.000000000,-0.000000011,0.049999991,0.000000000,0.000000000,0.050000000,-0.000000000,-0.000000011,-0.000000009,0.000000014,0.000002269
18.001334887,TRACKING,,0.000100922,1,0.000000000,-0.000000010,0.049999993,0.000000000,0.000000000,0.050000000,-0.000000000,-0.000000010,-0.000000007,0.000000012,0.000002048
18.011466211,TRACKING,,0.001881888,1,-0.000000000,-0.000000008,0.049999995,0.000000000,0.000000000,0.050000000,0.000000000,-0.000000008,-0.000000005,0.000000009,0.000001558
18.021588037,TRACKING,,0.000769378,1,-0.000000000,-0.000000005,0.049999996,0.000000000,0.000000000,0.050000000,0.000000000,-0.000000005,-0.000000004,0.000000007,0.000001109
18.033248617,TRACKING,,0.003976304,1,-0.000000000,-0.000000005,0.049999996,0.000000000,0.000000000,0.050000000,0.000000000,-0.000000005,-0.000000004,0.000000007,0.000001109
18.043300391,TRACKING,,0.000866737,1,-0.000000000,-0.000000003,0.049999998,0.000000000,0.000000000,0.050000000,0.000000000,-0.000000003,-0.000000002,0.000000004,0.000000627
18.053253618,TRACKING,,0.000032057,1,-0.000000000,-0.000000001,0.049999999,0.000000000,0.000000000,0.050000000,0.000000000,-0.000000001,-0.000000001,0.000000002,0.000000258
18.063449057,TRACKING,,0.002289135,1,-0.000000000,0.000000000,0.050000000,0.000000000,0.000000000,0.050000000,0.000000000,0.000000000,0.000000000,0.000000000,0.000000067
18.073519828,TRACKING,,0.001905634,1,-0.000000000,0.000000000,0.050000000,0.000000000,0.000000000,0.050000000,0.000000000,0.000000000,-0.000000000,0.000000001,0.000000072
18.083617907,TRACKING,,0.001275172,1,0.000000000,-0.000000004,0.049999995,0.000000000,0.000000000,0.050000000,-0.000000000,-0.000000004,-0.000000005,0.000000006,0.000000751
18.093710050,TRACKING,,0.000853676,1,0.000000000,-0.000000007,0.049999990,0.000000000,0.000000000,0.050000000,-0.000000000,-0.000000007,-0.000000010,0.000000012,0.000001511
18.103728579,TRACKING,,0.000397749,1,0.000000000,-0.000000008,0.049999989,0.000000000,0.000000000,0.050000000,-0.000000000,-0.000000008,-0.000000011,0.000000013,0.000001636
18.113870589,TRACKING,,0.002181090,1,0.000000000,-0.000000006,0.049999991,0.000000000,0.000000000,0.050000000,-0.000000000,-0.000000006,-0.000000009,0.000000011,0.000001206
18.123906928,TRACKING,,0.000901169,1,0.000000000,-0.000000004,0.049999993,0.000000000,0.000000000,0.050000000,-0.000000000,-0.000000004,-0.000000007,0.000000008,0.000000787
18.134003820,TRACKING,,0.002740314,1,-0.000000000,-0.000000002,0.049999995,0.000000000,0.000000000,0.050000000,0.000000000,-0.000000002,-0.000000005,0.000000005,0.000000404
18.143953485,TRACKING,,0.001472266,1,-0.000000000,-0.000000000,0.049999996,0.000000000,0.000000000,0.050000000,0.000000000,-0.000000000,-0.000000004,0.000000004,0.000000046
18.154150111,TRACKING,,0.000336009,1,-0.000000000,0.000000001,0.049999998,0.000000000,0.000000000,0.050000000,0.000000000,0.000000001,-0.000000002,0.000000003,0.000000272
18.164231568,TRACKING,,0.001898511,1,-0.000000000,0.000000001,0.049999998,0.000000000,0.000000000,0.050000000,0.000000000,0.000000001,-0.000000002,0.000000003,0.000000272
18.174364079,TRACKING,,0.000940350,1,-0.000000000,-0.000000003,0.049999999,0.000000000,0.000000000,0.050000000,0.000000000,-0.000000003,-0.000000001,0.000000003,0.000000624
18.184770859,TRACKING,,0.002823425,1,-0.000000000,-0.000000007,0.050000000,0.000000000,0.000000000,0.050000000,0.000000000,-0.000000007,0.000000000,0.000000007,0.000001426
18.194528180,TRACKING,,0.001618305,1,-0.000000000,-0.000000011,0.049999999,0.000000000,0.000000000,0.050000000,0.000000000,-0.000000011,-0.000000001,0.000000011,0.000002169
18.204610824,TRACKING,,0.000430994,1,0.000000000,-0.000000013,0.049999994,0.000000000,0.000000000,0.050000000,-0.000000000,-0.000000013,-0.000000006,0.000000014,0.000002539
18.214870377,TRACKING,,0.002223834,1,0.000000000,-0.000000010,0.049999993,0.000000000,0.000000000,0.050000000,-0.000000000,-0.000000010,-0.000000007,0.000000012,0.000002008
18.224791547,TRACKING,,0.001078078,1,0.000000000,-0.000000008,0.049999995,0.000000000,0.000000000,0.050000000,-0.000000000,-0.000000008,-0.000000005,0.000000009,0.000001519
18.235002421,TRACKING,,0.000049867,1,-0.000000000,-0.000000005,0.049999996,0.000000000,0.000000000,0.050000000,0.000000000,-0.000000005,-0.000000004,0.000000007,0.000001073
18.245095751,TRACKING,,0.001790465,1,-0.000000000,-0.000000003,0.049999997,0.000000000,0.000000000,0.050000000,0.000000000,-0.000000003,-0.000000003,0.000000004,0.000000666
18.255167709,TRACKING,,0.000658958,1,-0.000000000,-0.000000001,0.049999999,0.000000000,0.000000000,0.050000000,0.000000000,-0.000000001,-0.000000001,0.000000002,0.000000293
18.265218296,TRACKING,,0.002309320,1,-0.000000000,-0.000000001,0.049999999,0.000000000,0.000000000,0.050000000,0.000000000,-0.000000001,-0.000000001,0.000000002,0.000000293
18.275341309,TRACKING,,0.001568437,1,-0.000000000,0.000000000,0.050000000,0.000000000,0.000000000,0.050000000,0.000000000,0.000000000,-0.000000000,0.000000000,0.000000048
18.285425140,TRACKING,,0.000832305,1,0.000000000,-0.000000004,0.049999995,0.000000000,0.000000000,0.050000000,-0.000000000,-0.000000004,-0.000000005,0.000000007,0.000000799
18.295909095,TRACKING,,0.000049867,1,0.000000000,-0.000000008,0.049999990,0.000000000,0.000000000,0.050000000,-0.000000000,-0.000000008,-0.000000010,0.000000012,0.000001565
18.305768525,TRACKING,,0.001766718,1,0.000000000,-0.000000011,0.049999988,0.000000000,0.000000000,0.050000000,-0.000000000,-0.000000011,-0.000000012,0.000000017,0.000002283
18.315852357,TRACKING,,0.000505794,1,0.000000000,-0.000000013,0.049999990,0.000000000,0.000000000,0.050000000,-0.000000000,-0.000000013,-0.000000010,0.000000016,0.000002645
18.325995554,TRACKING,,0.002310507,1,0.000000000,-0.000000010,0.049999992,0.000000000,0.000000000,0.050000000,-0.000000000,-0.000000010,-0.000000008,0.000000013,0.000002102
18.335963029,TRACKING,,0.001124384,1,0.000000000,-0.000000008,0.049999994,0.000000000,0.000000000,0.050000000,-0.000000000,-0.000000008,-0.000000006,0.000000010,0.000001612
18.345938815,TRACKING,,0.000636399,1,-0.000000000,-0.000000006,0.049999995,0.000000000,0.000000000,0.050000000,0.000000000,-0.000000006,-0.000000005,0.000000007,0.000001159
18.356154438,TRACKING,,0.000040369,1,-0.000000000,-0.000000004,0.049999997,0.000000000,0.000000000,0.050000000,0.000000000,-0.000000004,-0.000000003,0.000000005,0.000000767
18.366180091,TRACKING,,0.002192963,1,-0.000000000,-0.000000002,0.049999998,0.000000000,0.000000000,0.050000000,0.000000000,-0.000000002,-0.000000002,0.000000003,0.000000405
18.376267484,TRACKING,,0.001562501,1,-0.000000000,-0.000000000,0.049999999,0.000000000,0.000000000,0.050000000,0.000000000,-0.000000000,-0.000000001,0.000000001,0.000000071
18.386354878,TRACKING,,0.000973595,1,-0.000000000,-0.000000003,0.050000000,0.000000000,0.000000000,0.050000000,0.000000000,-0.000000003,0.000000000,0.000000003,0.000000616
18.396524195,TRACKING,,0.000109233,1,-0.000000000,-0.000000007,0.050000001,0.000000000,0.000000000,0.050000000,0.000000000,-0.000000007,0.000000001,0.000000007,0.000001408
18.406565284,TRACKING,,0.001823710,1,-0.000000000,-0.000000007,0.050000001,0.000000000,0.000000000,0.050000000,0.000000000,-0.000000007,0.000000001,0.000000007,0.000001408
18.416700170,TRACKING,,0.000767003,1,0.000000000,-0.000000005,0.049999996,0.000000000,0.000000000,0.050000000,-0.000000000,-0.000000005,-0.000000004,0.000000006,0.000000973
18.426817246,TRACKING,,0.002401930,1,0.000000000,-0.000000003,0.049999991,0.000000000,0.000000000,0.050000000,-0.000000000,-0.000000003,-0.000000009,0.000000009,0.000000576
18.436858334,TRACKING,,0.001347598,1,0.000000000,-0.000000001,0.049999989,0.000000000,0.000000000,0.050000000,-0.000000000,-0.000000001,-0.000000011,0.000000011,0.000000214
18.446845993,TRACKING,,0.000490359,1,0.000000000,-0.000000001,0.049999991,0.000000000,0.000000000,0.050000000,-0.000000000,-0.000000001,-0.000000009,0.000000009,0.000000190
18.457011749,TRACKING,,0.002409054,1,0.000000000,-0.000000005,0.049999993,0.000000000,0.000000000,0.050000000,-0.000000000,-0.000000005,-0.000000007,0.000000009,0.000001008
18.467026716,TRACKING,,0.001924631,1,0.000000000,-0.000000009,0.049999994,0.000000000,0.000000000,0.050000000,-0.000000000,-0.000000009,-0.000000006,0.000000010,0.000001758
18.477084427,TRACKING,,0.001446145,1,-0.000000000,-0.000000009,0.049999996,0.000000000,0.000000000,0.050000000,0.000000000,-0.000000009,-0.000000004,0.000000010,0.000001865
18.487108893,TRACKING,,0.000885734,1,-0.000000000,-0.000000007,0.049999997,0.000000000,0.000000000,0.050000000,0.000000000,-0.000000007,-0.000000003,0.000000008,0.000001415
18.497122673,TRACKING,,0.000155537,1,-0.000000000,-0.000000005,0.049999998,0.000000000,0.000000000,0.050000000,0.000000000,-0.000000005,-0.000000002,0.000000005,0.000000996
18.507257559,TRACKING,,0.002301009,1,-0.000000000,-0.000000003,0.049999999,0.000000000,0.000000000,0.050000000,0.000000000,-0.000000003,-0.000000001,0.000000003,0.000000612
18.517279650,TRACKING,,0.001031774,1,-0.000000000,-0.000000001,0.050000000,0.000000000,0.000000000,0.050000000,0.000000000,-0.000000001,0.000000000,0.000000001,0.000000248
18.527475089,TRACKING,,0.000163849,1,0.000000000,0.000000000,0.049999995,0.000000000,0.000000000,0.050000000,-0.000000000,0.000000000,-0.000000005,0.000000005,0.000000087
18.537602851,TRACKING,,0.001795214,1,0.000000000,0.000000000,0.049999995,0.000000000,0.000000000,0.050000000,-0.000000000,0.000000000,-0.000000005,0.000000005,0.000000087
18.548543921,TRACKING,,0.002682136,1,0.000000000,-0.000000004,0.049999990,0.000000000,0.000000000,0.050000000,-0.000000000,-0.000000004,-0.000000010,0.000000010,0.000000824
18.558290556,TRACKING,,0.001385592,1,0.000000000,-0.000000008,0.049999993,0.000000000,0.000000000,0.050000000,-0.000000000,-0.000000008,-0.000000007,0.000000011,0.000001674
18.568470559,TRACKING,,0.000317012,1,0.000000000,-0.000000012,0.049999994,0.000000000,0.000000000,0.050000000,-0.000000000,-0.000000012,-0.000000006,0.000000013,0.000002402
18.578650563,TRACKING,,0.002006556,1,-0.000000000,-0.000000012,0.049999996,0.000000000,0.000000000,0.050000000,0.000000000,-0.000000012,-0.000000004,0.000000013,0.000002464
18.588704712,TRACKING,,0.000901169,1,-0.000000000,-0.000000010,0.049999997,0.000000000,0.000000000,0.050000000,0.000000000,-0.000000010,-0.000000003,0.000000010,0.000001936
18.599109117,TRACKING,,0.002690446,1,-0.000000000,-0.000000007,0.049999999,0.000000000,0.000000000,0.050000000,0.000000000,-0.000000007,-0.000000001,0.000000007,0.000001455
18.608837943,TRACKING,,0.001277546,1,-0.000000000,-0.000000005,0.050000000,0.000000000,0.000000000,0.050000000,0.000000000,-0.000000005,-0.000000000,0.000000005,0.000001004
18.618880218,TRACKING,,0.000123480,1,-0.000000000,-0.000000003,0.050000001,0.000000000,0.000000000,0.050000000,0.000000000,-0.000000003,0.000000001,0.000000003,0.000000602
18.629072095,TRACKING,,0.001803525,1,-0.000000000,-0.000000003,0.050000001,0.000000000,0.000000000,0.050000000,0.000000000,-0.000000003,0.000000001,0.000000003,0.000000602
18.639002763,TRACKING,,0.000719510,1,0.000000000,-0.000000001,0.049999995,0.000000000,0.000000000,0.050000000,-0.000000000,-0.000000001,-0.000000005,0.000000005,0.000000237
18.649072347,TRACKING,,0.000026121,1,0.000000000,-0.000000001,0.049999991,0.000000000,0.000000000,0.050000000,-0.000000000,-0.000000001,-0.000000009,0.000000009,0.000000189
18.659200109,TRACKING,,0.001883075,1,0.000000000,-0.000000005,0.049999988,0.000000000,0.000000000,0.050000000,-0.000000000,-0.000000005,-0.000000012,0.000000013,0.000001004
18.669286315,TRACKING,,0.000783625,1,0.000000000,-0.000000009,0.049999990,0.000000000,0.000000000,0.050000000,-0.000000000,-0.000000009,-0.000000010,0.000000013,0.000001762
18.679447321,TRACKING,,0.002536096,1,0.000000000,-0.000000012,0.049999992,0.000000000,0.000000000,0.050000000,-0.000000000,-0.000000012,-0.000000008,0.000000014,0.000002475
18.689480099,TRACKING,,0.001485326,1,0.000000000,-0.000000013,0.049999994,0.000000000,0.000000000,0.050000000,-0.000000000,-0.000000013,-0.000000006,0.000000014,0.000002529
18.699605486,TRACKING,,0.000274269,1,-0.000000000,-0.000000010,0.049999996,0.000000000,0.000000000,0.050000000,0.000000000,-0.000000010,-0.000000004,0.000000011,0.000001996
18.709834169,TRACKING,,0.002102727,1,-0.000000000,-0.000000007,0.049999997,0.000000000,0.000000000,0.050000000,0.000000000,-0.000000007,-0.000000003,0.000000008,0.000001511
18.719771961,TRACKING,,0.001114885,1,-0.000000000,-0.000000005,0.049999998,0.000000000,0.000000000,0.050000000,0.000000000,-0.000000005,-0.000000002,0.000000006,0.000001067
18.729991146,TRACKING,,0.000113982,1,-0.000000000,-0.000000003,0.050000000,0.000000000,0.000000000,0.050000000,0.000000000,-0.000000003,-0.000000000,0.000000003,0.000000661
18.740022736,TRACKING,,0.001826085,1,-0.000000000,-0.000000003,0.050000000,0.000000000,0.000000000,0.050000000,0.000000000,-0.000000003,-0.000000000,0.000000003,0.000000661
18.750156434,TRACKING,,0.000260021,1,-0.000000000,-0.000000001,0.050000001,0.000000000,0.000000000,0.050000000,0.000000000,-0.000000001,0.000000001,0.000000001,0.000000273
18.760102538,TRACKING,,0.001475827,1,-0.000000000,-0.000000001,0.050000000,0.000000000,0.000000000,0.050000000,0.000000000,-0.000000001,-0.000000000,0.000000001,0.000000229
18.770205366,TRACKING,,0.000946286,1,0.000000000,-0.000000005,0.049999995,0.000000000,0.000000000,0.050000000,-0.000000000,-0.000000005,-0.000000005,0.000000008,0.000001101
18.780187089,TRACKING,,0.000154351,1,0.000000000,-0.000000009,0.049999990,0.000000000,0.000000000,0.050000000,-0.000000000,-0.000000009,-0.000000010,0.000000013,0.000001827
18.790390839,TRACKING,,0.001772656,1,0.000000000,-0.000000013,0.049999989,0.000000000,0.000000000,0.050000000,-0.000000000,-0.000000013,-0.000000011,0.000000016,0.000002528
18.800487731,TRACKING,,0.000712387,1,0.000000000,-0.000000013,0.049999991,0.000000000,0.000000000,0.050000000,-0.000000000,-0.000000013,-0.000000009,0.000000015,0.000002576
18.810680795,TRACKING,,0.002512350,1,0.000000000,-0.000000010,0.049999993,0.000000000,0.000000000,0.050000000,-0.000000000,-0.000000010,-0.000000007,0.000000012,0.000002040
18.820691013,TRACKING,,0.001493637,1,-0.000000000,-0.000000008,0.049999995,0.000000000,0.000000000,0.050000000,0.000000000,-0.000000008,-0.000000005,0.000000009,0.000001550
18.830786717,TRACKING,,0.000312263,1,-0.000000000,-0.000000005,0.049999996,0.000000000,0.000000000,0.050000000,0.000000000,-0.000000005,-0.000000004,0.000000006,0.000001102
18.841009464,TRACKING,,0.002024365,1,-0.000000000,-0.000000005,0.049999996,0.000000000,0.000000000,0.050000000,0.000000000,-0.000000005,-0.000000004,0.000000006,0.000001102
18.850969815,TRACKING,,0.000961722,1,-0.000000000,-0.000000003,0.049999998,0.000000000,0.000000000,0.050000000,0.000000000,-0.000000003,-0.000000002,0.000000004,0.000000694
18.861121323,TRACKING,,0.002606148,1,-0.000000000,-0.000000002,0.049999999,0.000000000,0.000000000,0.050000000,0.000000000,-0.000000002,-0.000000001,0.000000002,0.000000321
18.871222964,TRACKING,,0.001638489,1,-0.000000000,-0.000000001,0.050000000,0.000000000,0.000000000,0.050000000,0.000000000,-0.000000001,0.000000000,0.000000001,0.000000278
18.881221310,TRACKING,,0.000485610,1,-0.000000000,-0.000000006,0.049999999,0.000000000,0.000000000,0.050000000,0.000000000,-0.000000006,-0.000000001,0.000000006,0.000001118
18.891321763,TRACKING,,0.002150220,1,0.000000000,-0.000000009,0.049999994,0.000000000,0.000000000,0.050000000,-0.000000000,-0.000000009,-0.000000006,0.000000011,0.000001886
18.901415093,TRACKING,,0.001081640,1,0.000000000,-0.000000013,0.049999993,0.000000000,0.000000000,0.050000000,-0.000000000,-0.000000013,-0.000000007,0.000000015,0.000002586
18.911541668,TRACKING,,0.000032057,1,0.000000000,-0.000000012,0.049999995,0.000000000,0.000000000,0.050000000,-0.000000000,-0.000000012,-0.000000005,0.000000013,0.000002340
18.921638560,TRACKING,,0.001804712,1,-0.000000000,-0.000000009,0.049999996,0.000000000,0.000000000,0.050000000,0.000000000,-0.000000009,-0.000000004,0.000000010,0.000001824
18.931811439,TRACKING,,0.001861703,1,-0.000000000,-0.000000009,0.049999996,0.000000000,0.000000000,0.050000000,0.000000000,-0.000000009,-0.000000004,0.000000010,0.000001824
18.941778914,TRACKING,,0.000840617,1,-0.000000000,-0.000000006,0.049999998,0.000000000,0.000000000,0.050000000,0.000000000,-0.000000006,-0.000000002,0.000000007,0.000001293
18.951880556,TRACKING,,0.000203031,1,-0.000000000,-0.000000004,0.049999999,0.000000000,0.000000000,0.050000000,0.000000000,-0.000000004,-0.000000001,0.000000004,0.000000865
18.962750387,TRACKING,,0.002710631,1,-0.000000000,-0.000000002,0.050000000,0.000000000,0.000000000,0.050000000,0.000000000,-0.000000002,0.000000000,0.000000002,0.000000405
18.972609816,TRACKING,,0.001632552,1,-0.000000000,-0.000000000,0.049999998,0.000000000,0.000000000,0.050000000,0.000000000,-0.000000000,-0.000000002,0.000000002,0.000000056
18.982845624,TRACKING,,0.001011588,1,0.000000000,-0.000000002,0.049999993,0.000000000,0.000000000,0.050000000,-0.000000000,-0.000000002,-0.000000007,0.000000007,0.000000326
18.992750171,TRACKING,,0.000295640,1,0.000000000,-0.000000006,0.049999993,0.000000000,0.000000000,0.050000000,-0.000000000,-0.000000006,-0.000000007,0.000000009,0.000001123
19.002888619,TRACKING,,0.002362749,1,0.000000000,-0.000000009,0.049999995,0.000000000,0.000000000,0.050000000,-0.000000000,-0.000000009,-0.000000005,0.000000011,0.000001862
19.012952266,TRACKING,,0.001950751,1,-0.000000000,-0.000000008,0.049999996,0.000000000,0.000000000,0.050000000,0.000000000,-0.000000008,-0.000000004,0.000000009,0.000001686
19.023059844,TRACKING,,0.000668456,1,-0.000000000,-0.000000006,0.049999998,0.000000000,0.000000000,0.050000000,0.000000000,-0.000000006,-0.000000002,0.000000006,0.000001228
19.033157923,TRACKING,,0.002356812,1,-0.000000000,-0.000000006,0.049999998,0.000000000,0.000000000,0.050000000,0.000000000,-0.000000006,-0.000000002,0.000000006,0.000001228
19.043195449,TRACKING,,0.001411712,1,-0.000000000,-0.000000004,0.049999999,0.000000000,0.000000000,0.050000000,0.000000000,-0.000000004,-0.000000001,0.000000004,0.000000808
19.053275719,TRACKING,,0.000427432,1,-0.000000000,-0.000000002,0.050000000,0.000000000,0.000000000,0.050000000,0.000000000,-0.000000002,0.000000000,0.000000002,0.000000426
19.063393982,TRACKING,,0.002168030,1,-0.000000000,-0.000000002,0.049999999,0.000000000,0.000000000,0.050000000,0.000000000,-0.000000002,-0.000000001,0.000000002,0.000000381
19.073468315,TRACKING,,0.000935601,1,0.000000000,-0.000000006,0.049999994,0.000000000,0.000000000,0.050000000,-0.000000000,-0.000000006,-0.000000006,0.000000008,0.000001211
19.083707684,TRACKING,,0.002659576,1,0.000000000,-0.000000010,0.049999993,0.000000000,0.000000000,0.050000000,-0.000000000,-0.000000010,-0.000000007,0.000000012,0.000001971
19.093558803,TRACKING,,0.001657486,1,0.000000000,-0.000000010,0.049999995,0.000000000,0.000000000,0.050000000,-0.000000000,-0.000000010,-0.000000005,0.000000012,0.000002065
19.103593954,TRACKING,,0.000609091,1,0.000000000,-0.000000008,0.049999996,0.000000000,0.000000000,0.050000000,-0.000000000,-0.000000008,-0.000000004,0.000000009,0.000001575
19.113832136,TRACKING,,0.002410241,1,-0.000000000,-0.000000006,0.049999997,0.000000000,0.000000000,0.050000000,0.000000000,-0.000000006,-0.000000003,0.000000006,0.000001128
19.123886285,TRACKING,,0.001916320,1,-0.000000000,-0.000000004,0.049999999,0.000000000,0.000000000,0.050000000,0.000000000,-0.000000004,-0.000000001,0.000000004,0.000000733
19.133984364,TRACKING,,0.001183749,1,-0.000000000,-0.000000002,0.050000000,0.000000000,0.000000000,0.050000000,0.000000000,-0.000000002,-0.000000000,0.000000002,0.000000370
19.143975585,TRACKING,,0.000379939,1,0.000000000,-0.000000000,0.049999995,0.000000000,0.000000000,0.050000000,-0.000000000,-0.000000000,-0.000000005,0.000000005,0.000000036
19.154550963,TRACKING,,0.002182278,1,0.000000000,-0.000000000,0.049999995,0.000000000,0.000000000,0.050000000,-0.000000000,-0.000000000,-0.000000005,0.000000005,0.000000036
19.164346278,TRACKING,,0.001995870,1,0.000000000,-0.000000005,0.049999996,0.000000000,0.000000000,0.050000000,-0.000000000,-0.000000005,-0.000000004,0.000000006,0.000000999
19.174426548,TRACKING,,0.000708825,1,-0.000000000,-0.000000009,0.049999998,0.000000000,0.000000000,0.050000000,0.000000000,-0.000000009,-0.000000002,0.000000009,0.000001800
19.184534125,TRACKING,,0.002303383,1,-0.000000000,-0.000000013,0.049999999,0.000000000,0.000000000,0.050000000,0.000000000,-0.000000013,-0.000000001,0.000000013,0.000002532
19.194641703,TRACKING,,0.001228867,1,-0.000000000,-0.000000013,0.050000000,0.000000000,0.000000000,0.050000000,0.000000000,-0.000000013,0.000000000,0.000000013,0.000002578
19.205067480,TRACKING,,0.000086674,1,-0.000000000,-0.000000010,0.050000001,0.000000000,0.000000000,0.050000000,0.000000000,-0.000000010,0.000000001,0.000000010,0.000002038
19.214829550,TRACKING,,0.001855767,1,0.000000000,-0.000000008,0.049999997,0.000000000,0.000000000,0.050000000,-0.000000000,-0.000000008,-0.000000003,0.000000008,0.000001549
19.224938315,TRACKING,,0.000617401,1,0.000000000,-0.000000005,0.049999997,0.000000000,0.000000000,0.050000000,-0.000000000,-0.000000005,-0.000000003,0.000000006,0.000001096
19.234927162,TRACKING,,0.000352631,1,0.000000000,-0.000000005,0.049999997,0.000000000,0.000000000,0.050000000,-0.000000000,-0.000000005,-0.000000003,0.000000006,0.000001096
19.245084606,TRACKING,,0.002253516,1,-0.000000000,-0.000000003,0.049999999,0.000000000,0.000000000,0.050000000,0.000000000,-0.000000003,-0.000000001,0.000000003,0.000000618
19.255135193,TRACKING,,0.001631365,1,-0.000000000,-0.000000003,0.050000000,0.000000000,0.000000000,0.050000000,0.000000000,-0.000000003,-0.000000000,0.000000003,0.000000552
19.265200028,TRACKING,,0.000932039,1,-0.000000000,-0.000000007,0.050000001,0.000000000,0.000000000,0.050000000,0.000000000,-0.000000007,0.000000001,0.000000007,0.000001338
19.275298107,TRACKING,,0.000439305,1,-0.000000000,-0.000000010,0.050000002,0.000000000,0.000000000,0.050000000,0.000000000,-0.000000010,0.000000002,0.000000010,0.000002061
19.285451989,TRACKING,,0.002494540,1,-0.000000000,-0.000000011,0.049999999,0.000000000,0.000000000,0.050000000,0.000000000,-0.000000011,-0.000000001,0.000000011,0.000002145
19.295481205,TRACKING,,0.001404589,1,0.000000000,-0.000000008,0.049999994,0.000000000,0.000000000,0.050000000,-0.000000000,-0.000000008,-0.000000006,0.000000010,0.000001658
19.305603030,TRACKING,,0.000299202,1,0.000000000,-0.000000006,0.049999993,0.000000000,0.000000000,0.050000000,-0.000000000,-0.000000006,-0.000000007,0.000000009,0.000001200
19.315680925,TRACKING,,0.002069482,1,0.000000000,-0.000000004,0.049999995,0.000000000,0.000000000,0.050000000,-0.000000000,-0.000000004,-0.000000005,0.000000007,0.000000784
19.325782566,TRACKING,,0.000990217,1,0.000000000,-0.000000002,0.049999996,0.000000000,0.000000000,0.050000000,-0.000000000,-0.000000002,-0.000000004,0.000000004,0.000000402
19.336163225,TRACKING,,0.000047493,1,0.000000000,-0.000000002,0.049999996,0.000000000,0.000000000,0.050000000,-0.000000000,-0.000000002,-0.000000004,0.000000004,0.000000402
19.346118827,TRACKING,,0.001757220,1,-0.000000000,-0.000000006,0.049999998,0.000000000,0.000000000,0.050000000,0.000000000,-0.000000006,-0.000000002,0.000000007,0.000001231
19.356199096,TRACKING,,0.000676767,1,-0.000000000,-0.000000010,0.049999999,0.000000000,0.000000000,0.050000000,0.000000000,-0.000000010,-0.000000001,0.000000010,0.000001989
19.366409970,TRACKING,,0.002416177,1,-0.000000000,-0.000000013,0.050000000,0.000000000,0.000000000,0.050000000,0.000000000,-0.000000013,-0.000000000,0.000000013,0.000002681
19.376442747,TRACKING,,0.001273984,1,-0.000000000,-0.000000015,0.050000001,0.000000000,0.000000000,0.050000000,0.000000000,-0.000000015,0.000000001,0.000000015,0.000003008
19.386379352,TRACKING,,0.000216091,1,-0.000000000,-0.000000012,0.050000002,0.000000000,0.000000000,0.050000000,0.000000000,-0.000000012,0.000000002,0.000000012,0.000002425
19.396689960,TRACKING,,0.002220271,1,-0.000000000,-0.000000009,0.050000003,0.000000000,0.000000000,0.050000000,0.000000000,-0.000000009,0.000000003,0.000000010,0.000001916
19.406697803,TRACKING,,0.001437833,1,-0.000000000,-0.000000007,0.050000000,0.000000000,0.000000000,0.050000000,0.000000000,-0.000000007,0.000000000,0.000000007,0.000001454
19.416716333,TRACKING,,0.000339571,1,0.000000000,-0.000000005,0.049999995,0.000000000,0.000000000,0.050000000,-0.000000000,-0.000000005,-0.000000005,0.000000007,0.000001015
19.426806101,TRACKING,,0.002109851,1,0.000000000,-0.000000003,0.049999995,0.000000000,0.000000000,0.050000000,-0.000000000,-0.000000003,-0.000000005,0.000000006,0.000000613
19.436900618,TRACKING,,0.000983093,1,0.000000000,-0.000000001,0.049999997,0.000000000,0.000000000,0.050000000,-0.000000000,-0.000000001,-0.000000003,0.000000004,0.000000247
19.447186292,TRACKING,,0.000020184,1,0.000000000,-0.000000001,0.049999997,0.000000000,0.000000000,0.050000000,-0.000000000,-0.000000001,-0.000000003,0.000000004,0.000000247
19.457089652,TRACKING,,0.001691918,1,0.000000000,-0.000000005,0.049999998,0.000000000,0.000000000,0.050000000,-0.000000000,-0.000000005,-0.000000002,0.000000006,0.000001087
19.467109369,TRACKING,,0.000547351,1,-0.000000000,-0.000000009,0.049999999,0.000000000,0.000000000,0.050000000,0.000000000,-0.000000009,-0.000000001,0.000000009,0.000001856
19.477264439,TRACKING,,0.000030870,1,-0.000000000,-0.000000013,0.050000000,0.000000000,0.000000000,0.050000000,0.000000000,-0.000000013,0.000000000,0.000000013,0.000002558
19.487350645,TRACKING,,0.002024365,1,-0.000000000,-0.000000016,0.050000001,0.000000000,0.000000000,0.050000000,0.000000000,-0.000000016,0.000000001,0.000000016,0.000003175
19.497442788,TRACKING,,0.001560126,1,-0.000000000,-0.000000018,0.050000002,0.000000000,0.000000000,0.050000000,0.000000000,-0.000000018,0.000000002,0.000000018,0.000003529
19.507557489,TRACKING,,0.000699326,1,-0.000000000,-0.000000018,0.050000003,0.000000000,0.000000000,0.050000000,0.000000000,-0.000000018,0.000000003,0.000000018,0.000003538
19.517642508,TRACKING,,0.000016622,1,-0.000000000,-0.000000022,0.050000000,0.000000000,0.000000000,0.050000000,0.000000000,-0.000000022,0.000000000,0.000000022,0.000004387
19.527722778,TRACKING,,0.001815398,1,0.000000000,-0.000000026,0.049999995,0.000000000,0.000000000,0.050000000,-0.000000000,-0.000000026,-0.000000005,0.000000026,0.000005158
19.537822044,TRACKING,,0.000788374,1,0.000000000,-0.000000029,0.049999994,0.000000000,0.000000000,0.050000000,-0.000000000,-0.000000029,-0.000000006,0.000000030,0.000005893
19.547928434,TRACKING,,0.002623957,1,0.000000000,-0.000000033,0.049999995,0.000000000,0.000000000,0.050000000,-0.000000000,-0.000000033,-0.000000005,0.000000033,0.000006555
19.557892347,TRACKING,,0.001947190,1,0.000000000,-0.000000031,0.049999997,0.000000000,0.000000000,0.050000000,-0.000000000,-0.000000031,-0.000000003,0.000000031,0.000006291
19.568118656,TRACKING,,0.000828743,1,-0.000000000,-0.000000032,0.049999998,0.000000000,0.000000000,0.050000000,0.000000000,-0.000000032,-0.000000002,0.000000032,0.000006407
19.578252354,TRACKING,,0.002467232,1,-0.000000000,-0.000000032,0.049999998,0.000000000,0.000000000,0.050000000,0.000000000,-0.000000032,-0.000000002,0.000000032,0.000006407
19.588174712,TRACKING,,0.001655112,1,-0.000000000,-0.000000033,0.049999999,0.000000000,0.000000000,0.050000000,0.000000000,-0.000000033,-0.000000001,0.000000033,0.000006718
19.598257356,TRACKING,,0.001076891,1,-0.000000000,-0.000000035,0.050000000,0.000000000,0.000000000,0.050000000,0.000000000,-0.000000035,0.000000000,0.000000035,0.000006996
19.608345936,TRACKING,,0.000387063,1,-0.000000000,-0.000000031,0.050000001,0.000000000,0.000000000,0.050000000,0.000000000,-0.000000031,0.000000001,0.000000031,0.000006341
19.618718284,TRACKING,,0.002376996,1,-0.000000000,-0.000000027,0.050000002,0.000000000,0.000000000,0.050000000,0.000000000,-0.000000027,0.000000002,0.000000027,0.000005509
19.628523098,TRACKING,,0.001761969,1,-0.000000000,-0.000000024,0.050000003,0.000000000,0.000000000,0.050000000,0.000000000,-0.000000024,0.000000003,0.000000024,0.000004748
19.638571310,TRACKING,,0.000657770,1,-0.000000000,-0.000000020,0.050000002,0.000000000,0.000000000,0.050000000,0.000000000,-0.000000020,0.000000002,0.000000020,0.000004045
19.648938908,TRACKING,,0.002280824,1,0.000000000,-0.000000020,0.049999997,0.000000000,0.000000000,0.050000000,-0.000000000,-0.000000020,-0.000000003,0.000000020,0.000003979
19.658962187,TRACKING,,0.001675296,1,0.000000000,-0.000000022,0.049999995,0.000000000,0.000000000,0.050000000,-0.000000000,-0.000000022,-0.000000005,0.000000023,0.000004492
19.668905916,TRACKING,,0.001050770,1,0.000000000,-0.000000022,0.049999996,0.000000000,0.000000000,0.050000000,-0.000000000,-0.000000022,-0.000000004,0.000000023,0.000004528
19.678981436,TRACKING,,0.000527166,1,0.000000000,-0.000000021,0.049999998,0.000000000,0.000000000,0.050000000,-0.000000000,-0.000000021,-0.000000002,0.000000021,0.000004154
19.689105636,TRACKING,,0.002506413,1,-0.000000000,-0.000000019,0.049999999,0.000000000,0.000000000,0.050000000,0.000000000,-0.000000019,-0.000000001,0.000000019,0.000003810
19.699147912,TRACKING,,0.002100353,1,-0.000000000,-0.000000017,0.050000000,0.000000000,0.000000000,0.050000000,0.000000000,-0.000000017,-0.000000000,0.000000017,0.000003498
19.709219870,TRACKING,,0.001519758,1,-0.000000000,-0.000000020,0.050000001,0.000000000,0.000000000,0.050000000,0.000000000,-0.000000020,0.000000001,0.000000020,0.000004062
19.719317949,TRACKING,,0.000498671,1,-0.000000000,-0.000000024,0.050000002,0.000000000,0.000000000,0.050000000,0.000000000,-0.000000024,0.000000002,0.000000024,0.000004867
19.729369723,TRACKING,,0.002208398,1,-0.000000000,-0.000000024,0.050000002,0.000000000,0.000000000,0.050000000,0.000000000,-0.000000024,0.000000002,0.000000024,0.000004867
19.739487986,TRACKING,,0.001139818,1,-0.000000000,-0.000000028,0.050000002,0.000000000,0.000000000,0.050000000,0.000000000,-0.000000028,0.000000002,0.000000028,0.000005631
19.749666803,TRACKING,,0.002143096,1,0.000000000,-0.000000031,0.049999997,0.000000000,0.000000000,0.050000000,-0.000000000,-0.000000031,-0.000000003,0.000000031,0.000006258
19.759684145,TRACKING,,0.001208682,1,0.000000000,-0.000000031,0.049999992,0.000000000,0.000000000,0.050000000,-0.000000000,-0.000000031,-0.000000008,0.000000032,0.000006282
19.769771538,TRACKING,,0.000227964,1,0.000000000,-0.000000027,0.049999991,0.000000000,0.000000000,0.050000000,-0.000000000,-0.000000027,-0.000000009,0.000000028,0.000005436
19.779869617,TRACKING,,0.002115788,1,0.000000000,-0.000000023,0.049999993,0.000000000,0.000000000,0.050000000,-0.000000000,-0.000000023,-0.000000007,0.000000024,0.000004660
19.789998566,TRACKING,,0.000940350,1,0.000000000,-0.000000020,0.049999994,0.000000000,0.000000000,0.050000000,-0.000000000,-0.000000020,-0.000000006,0.000000020,0.000003952
19.800081211,TRACKING,,0.000737320,1,0.000000000,-0.000000021,0.049999996,0.000000000,0.000000000,0.050000000,-0.000000000,-0.000000021,-0.000000004,0.000000021,0.000004255
19.810040374,TRACKING,,0.000553287,1,-0.000000000,-0.000000023,0.049999998,0.000000000,0.000000000,0.050000000,0.000000000,-0.000000023,-0.000000002,0.000000024,0.000004741
19.820310614,TRACKING,,0.002511163,1,-0.000000000,-0.000000023,0.049999998,0.000000000,0.000000000,0.050000000,0.000000000,-0.000000023,-0.000000002,0.000000024,0.000004741
19.830265028,TRACKING,,0.001923443,1,-0.000000000,-0.000000021,0.049999999,0.000000000,0.000000000,0.050000000,0.000000000,-0.000000021,-0.000000001,0.000000022,0.000004345
19.840282370,TRACKING,,0.000951036,1,-0.000000000,-0.000000020,0.050000000,0.000000000,0.000000000,0.050000000,0.000000000,-0.000000020,-0.000000000,0.000000020,0.000003987
19.850375700,TRACKING,,0.000305139,1,-0.000000000,-0.000000018,0.050000001,0.000000000,0.000000000,0.050000000,0.000000000,-0.000000018,0.000000001,0.000000018,0.000003647
19.860729051,TRACKING,,0.002314069,1,-0.000000000,-0.000000018,0.050000002,0.000000000,0.000000000,0.050000000,0.000000000,-0.000000018,0.000000002,0.000000018,0.000003634
19.870668030,TRACKING,,0.001454456,1,-0.000000000,-0.000000022,0.050000002,0.000000000,0.000000000,0.050000000,0.000000000,-0.000000022,0.000000002,0.000000022,0.000004476
19.880668750,TRACKING,,0.000658958,1,-0.000000000,-0.000000026,0.050000002,0.000000000,0.000000000,0.050000000,0.000000000,-0.000000026,0.000000002,0.000000026,0.000005251
19.890770391,TRACKING,,0.000036807,1,0.000000000,-0.000000027,0.049999996,0.000000000,0.000000000,0.050000000,-0.000000000,-0.000000027,-0.000000004,0.000000027,0.000005384
19.900931398,TRACKING,,0.002027927,1,0.000000000,-0.000000027,0.049999992,0.000000000,0.000000000,0.050000000,-0.000000000,-0.000000027,-0.000000008,0.000000028,0.000005358
19.911009293,TRACKING,,0.001387967,1,0.000000000,-0.000000026,0.049999991,0.000000000,0.000000000,0.050000000,-0.000000000,-0.000000026,-0.000000009,0.000000027,0.000005169
19.921104997,TRACKING,,0.000575846,1,0.000000000,-0.000000025,0.049999993,0.000000000,0.000000000,0.050000000,-0.000000000,-0.000000025,-0.000000007,0.000000026,0.000005014
19.931485656,TRACKING,,0.002623957,1,0.000000000,-0.000000023,0.049999994,0.000000000,0.000000000,0.050000000,-0.000000000,-0.000000023,-0.000000006,0.000000023,0.000004576
19.941257225,TRACKING,,0.001866453,1,0.000000000,-0.000000023,0.049999996,0.000000000,0.000000000,0.050000000,-0.000000000,-0.000000023,-0.000000004,0.000000024,0.000004747
19.951349368,TRACKING,,0.001156440,1,-0.000000000,-0.000000026,0.049999997,0.000000000,0.000000000,0.050000000,0.000000000,-0.000000026,-0.000000003,0.000000026,0.000005187
19.961436761,TRACKING,,0.000459490,1,-0.000000000,-0.000000022,0.049999998,0.000000000,0.000000000,0.050000000,0.000000000,-0.000000022,-0.000000002,0.000000022,0.000004449
19.972062006,TRACKING,,0.002443486,1,-0.000000000,-0.000000022,0.049999998,0.000000000,0.000000000,0.050000000,0.000000000,-0.000000022,-0.000000002,0.000000022,0.000004449
19.981612735,TRACKING,,0.001706166,1,-0.000000000,-0.000000024,0.049999999,0.000000000,0.000000000,0.050000000,0.000000000,-0.000000024,-0.000000001,0.000000024,0.000004911
19.991649074,TRACKING,,0.000744443,1,-0.000000000,-0.000000022,0.050000000,0.000000000,0.000000000,0.050000000,0.000000000,-0.000000022,0.000000000,0.000000022,0.000004501
20.001776836,TRACKING,,0.000070052,1,-0.000000000,-0.000000022,0.050000001,0.000000000,0.000000000,0.050000000,0.000000000,-0.000000022,0.000000001,0.000000022,0.000004406
20.011858293,TRACKING,,0.002007743,1,-0.000000000,-0.000000026,0.050000002,0.000000000,0.000000000,0.050000000,0.000000000,-0.000000026,0.000000002,0.000000026,0.000005176
20.021952810,TRACKING,,0.001156441,1,-0.000000000,-0.000000028,0.050000001,0.000000000,0.000000000,0.050000000,0.000000000,-0.000000028,0.000000001,0.000000028,0.000005592
20.032046140,TRACKING,,0.000482048,1,0.000000000,-0.000000027,0.049999996,0.000000000,0.000000000,0.050000000,-0.000000000,-0.000000027,-0.000000004,0.000000028,0.000005544
20.042162028,TRACKING,,0.002431613,1,0.000000000,-0.000000026,0.049999992,0.000000000,0.000000000,0.050000000,-0.000000000,-0.000000026,-0.000000008,0.000000028,0.000005340
20.052188869,TRACKING,,0.001694293,1,0.000000000,-0.000000023,0.049999991,0.000000000,0.000000000,0.050000000,-0.000000000,-0.000000023,-0.000000009,0.000000025,0.000004589
20.062285761,TRACKING,,0.000932039,1,0.000000000,-0.000000022,0.049999992,0.000000000,0.000000000,0.050000000,-0.000000000,-0.000000022,-0.000000008,0.000000023,0.000004479
20.072431332,TRACKING,,0.000229151,1,0.000000000,-0.000000024,0.049999994,0.000000000,0.000000000,0.050000000,-0.000000000,-0.000000024,-0.000000006,0.000000025,0.000004941
20.082528224,TRACKING,,0.002276075,1,0.000000000,-0.000000027,0.049999996,0.000000000,0.000000000,0.050000000,-0.000000000,-0.000000027,-0.000000004,0.000000027,0.000005365
20.092669047,TRACKING,,0.001531631,1,-0.000000000,-0.000000024,0.049999997,0.000000000,0.000000000,0.050000000,0.000000000,-0.000000024,-0.000000003,0.000000024,0.000004892
20.102584280,TRACKING,,0.000867924,1,-0.000000000,-0.000000025,0.049999998,0.000000000,0.000000000,0.050000000,0.000000000,-0.000000025,-0.000000002,0.000000025,0.000005038
20.112665737,TRACKING,,0.000169785,1,-0.000000000,-0.000000021,0.049999999,0.000000000,0.000000000,0.050000000,0.000000000,-0.000000021,-0.000000001,0.000000021,0.000004317
20.122831492,TRACKING,,0.002081356,1,-0.000000000,-0.000000021,0.049999999,0.000000000,0.000000000,0.050000000,0.000000000,-0.000000021,-0.000000001,0.000000021,0.000004317
20.132883266,TRACKING,,0.001386779,1,-0.000000000,-0.000000024,0.050000000,0.000000000,0.000000000,0.050000000,0.000000000,-0.000000024,0.000000000,0.000000024,0.000004795
20.143008654,TRACKING,,0.000696952,1,-0.000000000,-0.000000022,0.050000001,0.000000000,0.000000000,0.050000000,0.000000000,-0.000000022,0.000000001,0.000000022,0.000004395
20.153069926,TRACKING,,0.000033244,1,-0.000000000,-0.000000026,0.050000001,0.000000000,0.000000000,0.050000000,0.000000000,-0.000000026,0.000000001,0.000000026,0.000005166
20.163149008,TRACKING,,0.002011304,1,0.000000000,-0.000000028,0.049999996,0.000000000,0.000000000,0.050000000,-0.000000000,-0.000000028,-0.000000004,0.000000028,0.000005584
20.173510671,TRACKING,,0.001283483,1,0.000000000,-0.000000026,0.049999993,0.000000000,0.000000000,0.050000000,-0.000000000,-0.000000026,-0.000000007,0.000000027,0.000005334
20.183250182,TRACKING,,0.000515292,1,0.000000000,-0.000000028,0.049999994,0.000000000,0.000000000,0.050000000,-0.000000000,-0.000000028,-0.000000006,0.000000029,0.000005724
20.193430185,TRACKING,,0.002394807,1,0.000000000,-0.000000027,0.049999996,0.000000000,0.000000000,0.050000000,-0.000000000,-0.000000027,-0.000000004,0.000000028,0.000005506
20.203341857,TRACKING,,0.000140103,1,-0.000000000,-0.000000023,0.049999997,0.000000000,0.000000000,0.050000000,0.000000000,-0.000000023,-0.000000003,0.000000023,0.000004637
20.213348513,TRACKING,,0.002219084,1,-0.000000000,-0.000000024,0.049999999,0.000000000,0.000000000,0.050000000,0.000000000,-0.000000024,-0.000000001,0.000000024,0.000004793
20.223579571,TRACKING,,0.001016338,1,-0.000000000,-0.000000026,0.050000000,0.000000000,0.000000000,0.050000000,0.000000000,-0.000000026,-0.000000000,0.000000026,0.000005241
20.233769073,TRACKING,,0.000052242,1,-0.000000000,-0.000000026,0.050000000,0.000000000,0.000000000,0.050000000,0.000000000,-0.000000026,-0.000000000,0.000000026,0.000005241
20.243960950,TRACKING,,0.001709727,1,-0.000000000,-0.000000028,0.050000001,0.000000000,0.000000000,0.050000000,0.000000000,-0.000000028,0.000000001,0.000000028,0.000005656
20.253988978,TRACKING,,0.000477299,1,-0.000000000,-0.000000024,0.050000002,0.000000000,0.000000000,0.050000000,0.000000000,-0.000000024,0.000000002,0.000000024,0.000004853
20.264088244,TRACKING,,0.002108665,1,-0.000000000,-0.000000020,0.050000001,0.000000000,0.000000000,0.050000000,0.000000000,-0.000000020,0.000000001,0.000000020,0.000004109
20.274155453,TRACKING,,0.001044834,1,0.000000000,-0.000000018,0.049999996,0.000000000,0.000000000,0.050000000,-0.000000000,-0.000000018,-0.000000004,0.000000019,0.000003741
20.284549173,TRACKING,,0.002656015,1,0.000000000,-0.000000019,0.049999991,0.000000000,0.000000000,0.050000000,-0.000000000,-0.000000019,-0.000000009,0.000000021,0.000003842
20.294591448,TRACKING,,0.001550628,1,0.000000000,-0.000000017,0.049999990,0.000000000,0.000000000,0.050000000,-0.000000000,-0.000000017,-0.000000010,0.000000020,0.000003510
20.304418820,TRACKING,,0.000115169,1,0.000000000,-0.000000016,0.049999992,0.000000000,0.000000000,0.050000000,-0.000000000,-0.000000016,-0.000000008,0.000000018,0.000003200
20.314958579,TRACKING,,0.001908008,1,0.000000000,-0.000000018,0.049999994,0.000000000,0.000000000,0.050000000,-0.000000000,-0.000000018,-0.000000006,0.000000019,0.000003572
20.324635163,TRACKING,,0.000438118,1,0.000000000,-0.000000017,0.049999995,0.000000000,0.000000000,0.050000000,-0.000000000,-0.000000017,-0.000000005,0.000000018,0.000003466
20.334716620,TRACKING,,0.002145471,1,0.000000000,-0.000000017,0.049999995,0.000000000,0.000000000,0.050000000,-0.000000000,-0.000000017,-0.000000005,0.000000018,0.000003466
20.344815886,TRACKING,,0.001059081,1,-0.000000000,-0.000000016,0.049999997,0.000000000,0.000000000,0.050000000,0.000000000,-0.000000016,-0.000000003,0.000000016,0.000003167
20.354980455,TRACKING,,0.000047493,1,-0.000000000,-0.000000020,0.049999998,0.000000000,0.000000000,0.050000000,0.000000000,-0.000000020,-0.000000002,0.000000020,0.000004072
20.365441851,TRACKING,,0.001690731,1,-0.000000000,-0.000000024,0.049999999,0.000000000,0.000000000,0.050000000,0.000000000,-0.000000024,-0.000000001,0.000000024,0.000004901
20.375537556,TRACKING,,0.000553287,1,-0.000000000,-0.000000026,0.050000000,0.000000000,0.000000000,0.050000000,0.000000000,-0.000000026,0.000000000,0.000000026,0.000005345
20.385865973,TRACKING,,0.002455359,1,-0.000000000,-0.000000026,0.050000001,0.000000000,0.000000000,0.050000000,0.000000000,-0.000000026,0.000000001,0.000000026,0.000005321
20.395337152,TRACKING,,0.001636115,1,-0.000000000,-0.000000025,0.050000002,0.000000000,0.000000000,0.050000000,0.000000000,-0.000000025,0.000000002,0.000000026,0.000005133
20.405334310,TRACKING,,0.000812120,1,-0.000000000,-0.000000025,0.050000000,0.000000000,0.000000000,0.050000000,0.000000000,-0.000000025,-0.000000000,0.000000025,0.000004975
20.415374211,TRACKING,,0.000023746,1,0.000000000,-0.000000023,0.049999995,0.000000000,0.000000000,0.050000000,-0.000000000,-0.000000023,-0.000000005,0.000000023,0.000004548
20.425599332,TRACKING,,0.002082543,1,0.000000000,-0.000000023,0.049999995,0.000000000,0.000000000,0.050000000,-0.000000000,-0.000000023,-0.000000005,0.000000024,0.000004719
20.435689100,TRACKING,,0.001230054,1,0.000000000,-0.000000022,0.049999996,0.000000000,0.000000000,0.050000000,-0.000000000,-0.000000022,-0.000000004,0.000000023,0.000004535
20.445653013,TRACKING,,0.000501045,1,-0.000000000,-0.000000021,0.049999998,0.000000000,0.000000000,0.050000000,0.000000000,-0.000000021,-0.000000002,0.000000021,0.000004149
20.455844890,TRACKING,,0.000029683,1,-0.000000000,-0.000000021,0.049999998,0.000000000,0.000000000,0.050000000,0.000000000,-0.000000021,-0.000000002,0.000000021,0.000004149
20.465948905,TRACKING,,0.001663423,1,-0.000000000,-0.000000024,0.049999999,0.000000000,0.000000000,0.050000000,0.000000000,-0.000000024,-0.000000001,0.000000024,0.000004932
20.476081417,TRACKING,,0.000345507,1,-0.000000000,-0.000000028,0.050000000,0.000000000,0.000000000,0.050000000,0.000000000,-0.000000028,-0.000000000,0.000000028,0.000005677
20.486232925,TRACKING,,0.002404305,1,-0.000000000,-0.000000027,0.050000001,0.000000000,0.000000000,0.050000000,0.000000000,-0.000000027,0.000000001,0.000000027,0.000005394
20.496165968,TRACKING,,0.001824896,1,-0.000000000,-0.000000029,0.050000002,0.000000000,0.000000000,0.050000000,0.000000000,-0.000000029,0.000000002,0.000000029,0.000005778
20.506198745,TRACKING,,0.001156441,1,-0.000000000,-0.000000029,0.050000001,0.000000000,0.000000000,0.050000000,0.000000000,-0.000000029,0.000000001,0.000000029,0.000005836
20.516214899,TRACKING,,0.000445242,1,0.000000000,-0.000000025,0.049999996,0.000000000,0.000000000,0.050000000,-0.000000000,-0.000000025,-0.000000004,0.000000025,0.000005055
20.526396090,TRACKING,,0.002556280,1,0.000000000,-0.000000024,0.049999994,0.000000000,0.000000000,0.050000000,-0.000000000,-0.000000024,-0.000000006,0.000000025,0.000004904
20.536509604,TRACKING,,0.002051673,1,0.000000000,-0.000000024,0.049999996,0.000000000,0.000000000,0.050000000,-0.000000000,-0.000000024,-0.000000004,0.000000024,0.000004752
20.546596998,TRACKING,,0.001302480,1,0.000000000,-0.000000023,0.049999997,0.000000000,0.000000000,0.050000000,-0.000000000,-0.000000023,-0.000000003,0.000000023,0.000004635
20.556588219,TRACKING,,0.000733758,1,-0.000000000,-0.000000023,0.049999998,0.000000000,0.000000000,0.050000000,0.000000000,-0.000000023,-0.000000002,0.000000023,0.000004658
20.568324787,TRACKING,,0.001840332,1,-0.000000000,-0.000000025,0.050000000,0.000000000,0.000000000,0.050000000,0.000000000,-0.000000025,-0.000000000,0.000000025,0.000005116
20.578467984,TRACKING,,0.001069768,1,-0.000000000,-0.000000026,0.050000001,0.000000000,0.000000000,0.050000000,0.000000000,-0.000000026,0.000000001,0.000000026,0.000005238
20.588507885,TRACKING,,0.000468988,1,-0.000000000,-0.000000027,0.050000001,0.000000000,0.000000000,0.050000000,0.000000000,-0.000000027,0.000000001,0.000000027,0.000005429
20.598653456,TRACKING,,0.002219084,1,0.000000000,-0.000000024,0.049999998,0.000000000,0.000000000,0.050000000,-0.000000000,-0.000000024,-0.000000002,0.000000025,0.000004947
20.608819212,TRACKING,,0.001100637,1,0.000000000,-0.000000025,0.049999997,0.000000000,0.000000000,0.050000000,-0.000000000,-0.000000025,-0.000000003,0.000000025,0.000005088
20.618694077,TRACKING,,0.000302764,1,-0.000000000,-0.000000022,0.049999999,0.000000000,0.000000000,0.050000000,0.000000000,-0.000000022,-0.000000001,0.000000022,0.000004346
20.628749413,TRACKING,,0.002457733,1,-0.000000000,-0.000000022,0.049999999,0.000000000,0.000000000,0.050000000,0.000000000,-0.000000022,-0.000000001,0.000000022,0.000004346
20.638988782,TRACKING,,0.001727537,1,-0.000000000,-0.000000024,0.050000000,0.000000000,0.000000000,0.050000000,0.000000000,-0.000000024,-0.000000000,0.000000024,0.000004809
20.649082112,TRACKING,,0.001075704,1,-0.000000000,-0.000000022,0.050000001,0.000000000,0.000000000,0.050000000,0.000000000,-0.000000022,0.000000001,0.000000022,0.000004410
20.659158819,TRACKING,,0.000326510,1,-0.000000000,-0.000000026,0.050000000,0.000000000,0.000000000,0.050000000,0.000000000,-0.000000026,0.000000000,0.000000026,0.000005180
20.669545415,TRACKING,,0.002296259,1,0.000000000,-0.000000028,0.049999995,0.000000000,0.000000000,0.050000000,-0.000000000,-0.000000028,-0.000000005,0.000000028,0.000005601
20.679318171,TRACKING,,0.001570812,1,0.000000000,-0.000000025,0.049999992,0.000000000,0.000000000,0.050000000,-0.000000000,-0.000000025,-0.000000008,0.000000027,0.000005134
20.689406752,TRACKING,,0.000828743,1,0.000000000,-0.000000023,0.049999994,0.000000000,0.000000000,0.050000000,-0.000000000,-0.000000023,-0.000000006,0.000000024,0.000004703
20.699527390,TRACKING,,0.000174535,1,0.000000000,-0.000000024,0.049999995,0.000000000,0.000000000,0.050000000,-0.000000000,-0.000000024,-0.000000005,0.000000025,0.000004889
20.709618345,TRACKING,,0.002143096,1,0.000000000,-0.000000025,0.049999997,0.000000000,0.000000000,0.050000000,-0.000000000,-0.000000025,-0.000000003,0.000000025,0.000005043
20.719696240,TRACKING,,0.001349973,1,-0.000000000,-0.000000026,0.049999998,0.000000000,0.000000000,0.050000000,0.000000000,-0.000000026,-0.000000002,0.000000026,0.000005200
20.729790757,TRACKING,,0.000632837,1,-0.000000000,-0.000000026,0.049999999,0.000000000,0.000000000,0.050000000,0.000000000,-0.000000026,-0.000000001,0.000000026,0.000005332
20.739963637,TRACKING,,0.000041556,1,-0.000000000,-0.000000027,0.050000000,0.000000000,0.000000000,0.050000000,0.000000000,-0.000000027,0.000000000,0.000000027,0.000005514
20.750035595,TRACKING,,0.001415275,1,-0.000000000,-0.000000029,0.050000001,0.000000000,0.000000000,0.050000000,0.000000000,-0.000000029,0.000000001,0.000000029,0.000005909
20.760030378,TRACKING,,0.000565160,1,-0.000000000,-0.000000027,0.050000002,0.000000000,0.000000000,0.050000000,0.000000000,-0.000000027,0.000000002,0.000000027,0.000005388
20.770229379,TRACKING,,0.002547969,1,-0.000000000,-0.000000027,0.050000002,0.000000000,0.000000000,0.050000000,0.000000000,-0.000000027,0.000000002,0.000000027,0.000005388
20.780132739,TRACKING,,0.001439021,1,0.000000000,-0.000000023,0.049999997,0.000000000,0.000000000,0.050000000,-0.000000000,-0.000000023,-0.000000003,0.000000023,0.000004635
20.790189262,TRACKING,,0.000293266,1,0.000000000,-0.000000021,0.049999992,0.000000000,0.000000000,0.050000000,-0.000000000,-0.000000021,-0.000000008,0.000000022,0.000004231
20.800338396,TRACKING,,0.002121724,1,0.000000000,-0.000000022,0.049999989,0.000000000,0.000000000,0.050000000,-0.000000000,-0.000000022,-0.000000011,0.000000025,0.000004513
20.810681061,TRACKING,,0.002640580,1,0.000000000,-0.000000020,0.049999992,0.000000000,0.000000000,0.050000000,-0.000000000,-0.000000020,-0.000000008,0.000000022,0.000004090
20.820604605,TRACKING,,0.001701417,1,0.000000000,-0.000000021,0.049999993,0.000000000,0.000000000,0.050000000,-0.000000000,-0.000000021,-0.000000007,0.000000022,0.000004336
20.830693186,TRACKING,,0.000579407,1,0.000000000,-0.000000025,0.049999995,0.000000000,0.000000000,0.050000000,-0.000000000,-0.000000025,-0.000000005,0.000000026,0.000005135
20.840819760,TRACKING,,0.002306945,1,-0.000000000,-0.000000025,0.049999996,0.000000000,0.000000000,0.050000000,0.000000000,-0.000000025,-0.000000004,0.000000025,0.000004982
20.850886969,TRACKING,,0.001300106,1,-0.000000000,-0.000000027,0.049999998,0.000000000,0.000000000,0.050000000,0.000000000,-0.000000027,-0.000000002,0.000000027,0.000005438
20.860966052,TRACKING,,0.000243399,1,-0.000000000,-0.000000025,0.049999999,0.000000000,0.000000000,0.050000000,0.000000000,-0.000000025,-0.000000001,0.000000025,0.000004969
20.871007140,TRACKING,,0.001746534,1,-0.000000000,-0.000000025,0.049999999,0.000000000,0.000000000,0.050000000,0.000000000,-0.000000025,-0.000000001,0.000000025,0.000004969
20.881152711,TRACKING,,0.000636398,1,-0.000000000,-0.000000022,0.050000000,0.000000000,0.000000000,0.050000000,0.000000000,-0.000000022,0.000000000,0.000000022,0.000004537
20.891218733,TRACKING,,0.002310507,1,-0.000000000,-0.000000025,0.050000001,0.000000000,0.000000000,0.050000000,0.000000000,-0.000000025,0.000000001,0.000000025,0.000005028
20.901277631,TRACKING,,0.001245489,1,-0.000000000,-0.000000024,0.050000002,0.000000000,0.000000000,0.050000000,0.000000000,-0.000000024,0.000000002,0.000000024,0.000004897
20.911375710,TRACKING,,0.000066489,1,-0.000000000,-0.000000025,0.050000000,0.000000000,0.000000000,0.050000000,0.000000000,-0.000000025,-0.000000000,0.000000025,0.000005053
20.921474976,TRACKING,,0.001823710,1,0.000000000,-0.000000023,0.049999995,0.000000000,0.000000000,0.050000000,-0.000000000,-0.000000023,-0.000000005,0.000000024,0.000004618
20.931594427,TRACKING,,0.000706450,1,0.000000000,-0.000000024,0.049999993,0.000000000,0.000000000,0.050000000,-0.000000000,-0.000000024,-0.000000007,0.000000025,0.000004821
20.942009518,TRACKING,,0.002451797,1,0.000000000,-0.000000023,0.049999995,0.000000000,0.000000000,0.050000000,-0.000000000,-0.000000023,-0.000000005,0.000000024,0.000004694
20.951785836,TRACKING,,0.001345223,1,0.000000000,-0.000000026,0.049999996,0.000000000,0.000000000,0.050000000,-0.000000000,-0.000000026,-0.000000004,0.000000026,0.000005176
20.961867293,TRACKING,,0.000346695,1,-0.000000000,-0.000000023,0.049999998,0.000000000,0.000000000,0.050000000,0.000000000,-0.000000023,-0.000000002,0.000000024,0.000004731
20.971926191,TRACKING,,0.002039800,1,-0.000000000,-0.000000023,0.049999998,0.000000000,0.000000000,0.050000000,0.000000000,-0.000000023,-0.000000002,0.000000024,0.000004731
20.982043267,TRACKING,,0.000932039,1,-0.000000000,-0.000000021,0.049999999,0.000000000,0.000000000,0.050000000,0.000000000,-0.000000021,-0.000000001,0.000000021,0.000004323
20.992184089,TRACKING,,0.002593087,1,-0.000000000,-0.000000025,0.050000000,0.000000000,0.000000000,0.050000000,0.000000000,-0.000000025,-0.000000000,0.000000025,0.000005130
21.002202619,TRACKING,,0.001517383,1,-0.000000000,-0.000000029,0.050000001,0.000000000,0.000000000,0.050000000,0.000000000,-0.000000029,0.000000001,0.000000029,0.000005875
21.012367187,TRACKING,,0.000447616,1,-0.000000000,-0.000000031,0.050000000,0.000000000,0.000000000,0.050000000,0.000000000,-0.000000031,0.000000000,0.000000031,0.000006243
21.023472106,TRACKING,,0.002761685,1,0.000000000,-0.000000030,0.049999995,0.000000000,0.000000000,0.050000000,-0.000000000,-0.000000030,-0.000000005,0.000000031,0.000006141
21.034952215,TRACKING,,0.003529875,1,0.000000000,-0.000000032,0.049999994,0.000000000,0.000000000,0.050000000,-0.000000000,-0.000000032,-0.000000006,0.000000033,0.000006477
21.044865073,TRACKING,,0.000432181,1,0.000000000,-0.000000029,0.049999995,0.000000000,0.000000000,0.050000000,-0.000000000,-0.000000029,-0.000000005,0.000000030,0.000005924
21.055230298,TRACKING,,0.002597836,1,0.000000000,-0.000000025,0.049999997,0.000000000,0.000000000,0.050000000,-0.000000000,-0.000000025,-0.000000003,0.000000026,0.000005141
21.064925878,TRACKING,,0.001899698,1,-0.000000000,-0.000000025,0.049999998,0.000000000,0.000000000,0.050000000,0.000000000,-0.000000025,-0.000000002,0.000000025,0.000004994
21.075113006,TRACKING,,0.001380842,1,-0.000000000,-0.000000027,0.049999999,0.000000000,0.000000000,0.050000000,0.000000000,-0.000000027,-0.000000001,0.000000027,0.000005405
21.085157656,TRACKING,,0.000654208,1,-0.000000000,-0.000000029,0.050000000,0.000000000,0.000000000,0.050000000,0.000000000,-0.000000029,-0.000000000,0.000000029,0.000005788
21.095253360,TRACKING,,0.002587150,1,-0.000000000,-0.000000026,0.050000001,0.000000000,0.000000000,0.050000000,0.000000000,-0.000000026,0.000000001,0.000000026,0.000005285
21.105185216,TRACKING,,0.001557752,1,0.000000000,-0.000000022,0.049999997,0.000000000,0.000000000,0.050000000,-0.000000000,-0.000000022,-0.000000003,0.000000023,0.000004519
21.115359283,TRACKING,,0.000300389,1,-0.000000000,-0.000000025,0.049999998,0.000000000,0.000000000,0.050000000,0.000000000,-0.000000025,-0.000000002,0.000000025,0.000004996
21.125397997,TRACKING,,0.001959063,1,-0.000000000,-0.000000025,0.049999998,0.000000000,0.000000000,0.050000000,0.000000000,-0.000000025,-0.000000002,0.000000025,0.000004996
21.135559003,TRACKING,,0.000815682,1,-0.000000000,-0.000000023,0.050000000,0.000000000,0.000000000,0.050000000,0.000000000,-0.000000023,-0.000000000,0.000000023,0.000004562
21.145844677,TRACKING,,0.002524223,1,-0.000000000,-0.000000025,0.049999999,0.000000000,0.000000000,0.050000000,0.000000000,-0.000000025,-0.000000001,0.000000025,0.000005046
21.155749225,TRACKING,,0.001387966,1,0.000000000,-0.000000024,0.049999994,0.000000000,0.000000000,0.050000000,-0.000000000,-0.000000024,-0.000000006,0.000000025,0.000004913
21.165842555,TRACKING,,0.000237462,1,0.000000000,-0.000000028,0.049999991,0.000000000,0.000000000,0.050000000,-0.000000000,-0.000000028,-0.000000009,0.000000029,0.000005674
21.175945383,TRACKING,,0.001944815,1,0.000000000,-0.000000029,0.049999993,0.000000000,0.000000000,0.050000000,-0.000000000,-0.000000029,-0.000000007,0.000000029,0.000005763
21.186058897,TRACKING,,0.000774126,1,0.000000000,-0.000000026,0.049999995,0.000000000,0.000000000,0.050000000,-0.000000000,-0.000000026,-0.000000005,0.000000027,0.000005266
21.196451430,TRACKING,,0.002580026,1,0.000000000,-0.000000027,0.049999996,0.000000000,0.000000000,0.050000000,-0.000000000,-0.000000027,-0.000000004,0.000000027,0.000005462
21.206190941,TRACKING,,0.001558939,1,-0.000000000,-0.000000029,0.049999998,0.000000000,0.000000000,0.050000000,0.000000000,-0.000000029,-0.000000002,0.000000029,0.000005855
21.216274772,TRACKING,,0.000688640,1,-0.000000000,-0.000000031,0.049999999,0.000000000,0.000000000,0.050000000,0.000000000,-0.000000031,-0.000000001,0.000000031,0.000006211
21.226319422,TRACKING,,0.000839429,1,-0.000000000,-0.000000031,0.049999999,0.000000000,0.000000000,0.050000000,0.000000000,-0.000000031,-0.000000001,0.000000031,0.000006211
21.236457870,TRACKING,,0.000053429,1,-0.000000000,-0.000000031,0.050000000,0.000000000,0.000000000,0.050000000,0.000000000,-0.000000031,0.000000000,0.000000031,0.000006295
21.246585632,TRACKING,,0.001689544,1,-0.000000000,-0.000000027,0.050000001,0.000000000,0.000000000,0.050000000,0.000000000,-0.000000027,0.000000001,0.000000027,0.000005458
21.256665901,TRACKING,,0.000442867,1,-0.000000000,-0.000000023,0.050000000,0.000000000,0.000000000,0.050000000,0.000000000,-0.000000023,0.000000000,0.000000023,0.000004665
21.266774666,TRACKING,,0.002036239,1,0.000000000,-0.000000022,0.049999995,0.000000000,0.000000000,0.050000000,-0.000000000,-0.000000022,-0.000000005,0.000000023,0.000004545
21.276862060,TRACKING,,0.000990217,1,0.000000000,-0.000000023,0.049999993,0.000000000,0.000000000,0.050000000,-0.000000000,-0.000000023,-0.000000007,0.000000024,0.000004583
21.287118051,TRACKING,,0.000048680,1,0.000000000,-0.000000025,0.049999995,0.000000000,0.000000000,0.050000000,-0.000000000,-0.000000025,-0.000000005,0.000000026,0.000005078
21.297176949,TRACKING,,0.001792839,1,0.000000000,-0.000000024,0.049999997,0.000000000,0.000000000,0.050000000,-0.000000000,-0.000000024,-0.000000003,0.000000025,0.000004930
21.307277403,TRACKING,,0.000681517,1,-0.000000000,-0.000000027,0.049999998,0.000000000,0.000000000,0.050000000,0.000000000,-0.000000027,-0.000000002,0.000000027,0.000005394
21.317357672,TRACKING,,0.002296259,1,-0.000000000,-0.000000027,0.049999998,0.000000000,0.000000000,0.050000000,0.000000000,-0.000000027,-0.000000002,0.000000027,0.000005394
21.327449815,TRACKING,,0.001142193,1,-0.000000000,-0.000000024,0.049999999,0.000000000,0.000000000,0.050000000,0.000000000,-0.000000024,-0.000000001,0.000000024,0.000004926
21.337486154,TRACKING,,0.000042744,1,-0.000000000,-0.000000027,0.050000000,0.000000000,0.000000000,0.050000000,0.000000000,-0.000000027,0.000000000,0.000000027,0.000005365
21.347637662,TRACKING,,0.001761969,1,-0.000000000,-0.000000027,0.050000001,0.000000000,0.000000000,0.050000000,0.000000000,-0.000000027,0.000000001,0.000000027,0.000005465
21.357733366,TRACKING,,0.000676767,1,-0.000000000,-0.000000023,0.050000000,0.000000000,0.000000000,0.050000000,0.000000000,-0.000000023,0.000000000,0.000000023,0.000004681
21.367871814,TRACKING,,0.002333066,1,0.000000000,-0.000000023,0.049999995,0.000000000,0.000000000,0.050000000,-0.000000000,-0.000000023,-0.000000005,0.000000023,0.000004561
21.377909340,TRACKING,,0.001277547,1,0.000000000,-0.000000023,0.049999991,0.000000000,0.000000000,0.050000000,-0.000000000,-0.000000023,-0.000000009,0.000000025,0.000004595
21.388002670,TRACKING,,0.000153164,1,0.000000000,-0.000000025,0.049999991,0.000000000,0.000000000,0.050000000,-0.000000000,-0.000000025,-0.000000009,0.000000027,0.000005089
21.398090063,TRACKING,,0.001885450,1,0.000000000,-0.000000024,0.049999993,0.000000000,0.000000000,0.050000000,-0.000000000,-0.000000024,-0.000000007,0.000000025,0.000004937
21.408309248,TRACKING,,0.000895232,1,0.000000000,-0.000000022,0.049999995,0.000000000,0.000000000,0.050000000,-0.000000000,-0.000000022,-0.000000005,0.000000023,0.000004514
21.418251790,TRACKING,,0.000143665,1,-0.000000000,-0.000000026,0.049999996,0.000000000,0.000000000,0.050000000,0.000000000,-0.000000026,-0.000000004,0.000000026,0.000005291
21.428375990,TRACKING,,0.001904447,1,-0.000000000,-0.000000026,0.049999996,0.000000000,0.000000000,0.050000000,0.000000000,-0.000000026,-0.000000004,0.000000026,0.000005291
21.438344652,TRACKING,,0.000808558,1,-0.000000000,-0.000000024,0.049999997,0.000000000,0.000000000,0.050000000,0.000000000,-0.000000024,-0.000000003,0.000000024,0.000004845
21.448407112,TRACKING,,0.000153163,1,-0.000000000,-0.000000025,0.049999999,0.000000000,0.000000000,0.050000000,0.000000000,-0.000000025,-0.000000001,0.000000025,0.000004998
21.458781834,TRACKING,,0.002096791,1,-0.000000000,-0.000000023,0.050000000,0.000000000,0.000000000,0.050000000,0.000000000,-0.000000023,-0.000000000,0.000000023,0.000004577
21.468678071,TRACKING,,0.001567250,1,-0.000000000,-0.000000025,0.050000001,0.000000000,0.000000000,0.050000000,0.000000000,-0.000000025,0.000000001,0.000000025,0.000005027
21.478755965,TRACKING,,0.000951036,1,-0.000000000,-0.000000027,0.050000002,0.000000000,0.000000000,0.050000000,0.000000000,-0.000000027,0.000000002,0.000000027,0.000005438
21.488848108,TRACKING,,0.000163849,1,-0.000000000,-0.000000026,0.049999999,0.000000000,0.000000000,0.050000000,0.000000000,-0.000000026,-0.000000001,0.000000026,0.000005245
21.498935501,TRACKING,,0.002084918,1,0.000000000,-0.000000025,0.049999994,0.000000000,0.000000000,0.050000000,-0.000000000,-0.000000025,-0.000000006,0.000000026,0.000005090
21.509025269,TRACKING,,0.001507885,1,0.000000000,-0.000000024,0.049999993,0.000000000,0.000000000,0.050000000,-0.000000000,-0.000000024,-0.000000007,0.000000025,0.000004921
21.519111475,TRACKING,,0.000892858,1,0.000000000,-0.000000024,0.049999995,0.000000000,0.000000000,0.050000000,-0.000000000,-0.000000024,-0.000000005,0.000000024,0.000004790
21.529175122,TRACKING,,0.000414372,1,0.000000000,-0.000000026,0.049999996,0.000000000,0.000000000,0.050000000,-0.000000000,-0.000000026,-0.000000004,0.000000026,0.000005221
21.539598525,TRACKING,,0.002584775,1,-0.000000000,-0.000000024,0.049999997,0.000000000,0.000000000,0.050000000,0.000000000,-0.000000024,-0.000000003,0.000000024,0.000004771
21.549360595,TRACKING,,0.001868827,1,-0.000000000,-0.000000024,0.049999999,0.000000000,0.000000000,0.050000000,0.000000000,-0.000000024,-0.000000001,0.000000024,0.000004931
21.559452737,TRACKING,,0.000599592,1,-0.000000000,-0.000000023,0.050000000,0.000000000,0.000000000,0.050000000,0.000000000,-0.000000023,-0.000000000,0.000000023,0.000004714
21.569547255,TRACKING,,0.002291510,1,-0.000000000,-0.000000023,0.050000000,0.000000000,0.000000000,0.050000000,0.000000000,-0.000000023,-0.000000000,0.000000023,0.000004714
21.579654832,TRACKING,,0.001820148,1,-0.000000000,-0.000000021,0.050000001,0.000000000,0.000000000,0.050000000,0.000000000,-0.000000021,0.000000001,0.000000021,0.000004308
21.589744600,TRACKING,,0.000820432,1,0.000000000,-0.000000020,0.049999996,0.000000000,0.000000000,0.050000000,-0.000000000,-0.000000020,-0.000000004,0.000000020,0.000003954
21.600164440,TRACKING,,0.002487416,1,0.000000000,-0.000000024,0.049999993,0.000000000,0.000000000,0.050000000,-0.000000000,-0.000000024,-0.000000007,0.000000025,0.000004781
21.609926511,TRACKING,,0.001428335,1,0.000000000,-0.000000026,0.049999994,0.000000000,0.000000000,0.050000000,-0.000000000,-0.000000026,-0.000000006,0.000000027,0.000005247
21.619993720,TRACKING,,0.000255272,1,0.000000000,-0.000000025,0.049999996,0.000000000,0.000000000,0.050000000,-0.000000000,-0.000000025,-0.000000004,0.000000025,0.000005015
21.630065678,TRACKING,,0.002083731,1,-0.000000000,-0.000000024,0.049999997,0.000000000,0.000000000,0.050000000,0.000000000,-0.000000024,-0.000000003,0.000000024,0.000004866
21.640131700,TRACKING,,0.001183749,1,-0.000000000,-0.000000023,0.049999999,0.000000000,0.000000000,0.050000000,0.000000000,-0.000000023,-0.000000001,0.000000023,0.000004726
21.650096800,TRACKING,,0.000701701,1,-0.000000000,-0.000000022,0.050000000,0.000000000,0.000000000,0.050000000,0.000000000,-0.000000022,-0.000000000,0.000000022,0.000004540
21.660351604,TRACKING,,0.000030870,1,-0.000000000,-0.000000021,0.050000001,0.000000000,0.000000000,0.050000000,0.000000000,-0.000000021,0.000000001,0.000000021,0.000004164
21.670441372,TRACKING,,0.002007743,1,0.000000000,-0.000000023,0.049999997,0.000000000,0.000000000,0.050000000,-0.000000000,-0.000000023,-0.000000003,0.000000023,0.000004679
21.680481273,TRACKING,,0.001340474,1,0.000000000,-0.000000027,0.049999997,0.000000000,0.000000000,0.050000000,-0.000000000,-0.000000027,-0.000000003,0.000000027,0.000005429
21.690515237,TRACKING,,0.000810933,1,-0.000000000,-0.000000025,0.049999998,0.000000000,0.000000000,0.050000000,0.000000000,-0.000000025,-0.000000002,0.000000025,0.000004984
21.700635875,TRACKING,,0.002603773,1,-0.000000000,-0.000000025,0.049999998,0.000000000,0.000000000,0.050000000,0.000000000,-0.000000025,-0.000000002,0.000000025,0.000004984
21.710736329,TRACKING,,0.001839145,1,-0.000000000,-0.000000023,0.049999999,0.000000000,0.000000000,0.050000000,0.000000000,-0.000000023,-0.000000001,0.000000023,0.000004563
21.720879526,TRACKING,,0.001177812,1,-0.000000000,-0.000000026,0.050000000,0.000000000,0.000000000,0.050000000,0.000000000,-0.000000026,0.000000000,0.000000026,0.000005324
21.730956233,TRACKING,,0.000629275,1,-0.000000000,-0.000000024,0.050000000,0.000000000,0.000000000,0.050000000,0.000000000,-0.000000024,-0.000000000,0.000000024,0.000004885
21.740970013,TRACKING,,0.000212528,1,0.000000000,-0.000000024,0.049999995,0.000000000,0.000000000,0.050000000,-0.000000000,-0.000000024,-0.000000005,0.000000024,0.000004770
21.754307077,TRACKING,,0.002062359,1,0.000000000,-0.000000026,0.049999992,0.000000000,0.000000000,0.050000000,-0.000000000,-0.000000026,-0.000000008,0.000000027,0.000005187
21.764294736,TRACKING,,0.003778023,1,0.000000000,-0.000000024,0.049999994,0.000000000,0.000000000,0.050000000,-0.000000000,-0.000000024,-0.000000006,0.000000024,0.000004753
21.774196909,TRACKING,,0.000281392,1,0.000000000,-0.000000024,0.049999995,0.000000000,0.000000000,0.050000000,-0.000000000,-0.000000024,-0.000000005,0.000000025,0.000004922
21.784448151,TRACKING,,0.002412616,1,-0.000000000,-0.000000024,0.049999997,0.000000000,0.000000000,0.050000000,0.000000000,-0.000000024,-0.000000003,0.000000024,0.000004793
21.794338450,TRACKING,,0.001798776,1,-0.000000000,-0.000000026,0.049999998,0.000000000,0.000000000,0.050000000,0.000000000,-0.000000026,-0.000000002,0.000000026,0.000005229
21.804404472,TRACKING,,0.001275172,1,-0.000000000,-0.000000025,0.049999999,0.000000000,0.000000000,0.050000000,0.000000000,-0.000000025,-0.000000001,0.000000025,0.000005014
21.814665213,TRACKING,,0.000654208,1,-0.000000000,-0.000000027,0.050000000,0.000000000,0.000000000,0.050000000,0.000000000,-0.000000027,0.000000000,0.000000027,0.000005424
21.824815534,TRACKING,,0.000085486,1,-0.000000000,-0.000000026,0.050000001,0.000000000,0.000000000,0.050000000,0.000000000,-0.000000026,0.000000001,0.000000026,0.000005222
21.834710583,TRACKING,,0.001434272,1,-0.000000000,-0.000000025,0.050000002,0.000000000,0.000000000,0.050000000,0.000000000,-0.000000025,0.000000002,0.000000025,0.000005094
21.844793227,TRACKING,,0.000650646,1,0.000000000,-0.000000027,0.049999998,0.000000000,0.000000000,0.050000000,-0.000000000,-0.000000027,-0.000000002,0.000000027,0.000005508
21.854972043,TRACKING,,0.000052241,1,-0.000000001,0.000014759,0.049999993,0.000000000,0.000000000,0.050000000,0.000000001,0.000014759,-0.000000007,0.000014759,0.000005881
21.865364575,TRACKING,,0.002264202,1,-0.000000001,0.000014487,0.049999994,0.000000000,0.000000000,0.050000000,0.000000001,0.000014487,-0.000000006,0.000014487,0.000005397
21.875123083,TRACKING,,0.001782154,1,-0.000000001,0.000013944,0.049999995,0.000000000,0.000000000,0.050000000,0.000000001,0.000013944,-0.000000005,0.000013944,0.000004700
21.885197416,TRACKING,,0.001291794,1,-0.000000006,0.000056983,0.049999997,0.000000000,0.000000000,0.050000000,0.000000006,0.000056983,-0.000000003,0.000056983,0.000004918
21.895221882,TRACKING,,0.000125855,1,-0.000000005,0.000054932,0.049999998,0.000000000,0.000000000,0.050000000,0.000000005,0.000054932,-0.000000002,0.000054932,0.000004701
21.905306901,TRACKING,,0.001829646,1,-0.000000005,0.000054932,0.049999998,0.000000000,0.000000000,0.050000000,0.000000005,0.000054932,-0.000000002,0.000054932,0.000004701
21.915448910,TRACKING,,0.000670830,1,-0.000000005,0.000052095,0.049999999,0.000000000,0.000000000,0.050000000,0.000000005,0.000052095,-0.000000001,0.000052095,0.000005789
21.925892497,TRACKING,,0.002355625,1,-0.000000012,0.000120385,0.050000000,0.000000000,0.000000000,0.050000000,0.000000012,0.000120385,0.000000000,0.000120385,0.000006950
21.935633195,TRACKING,,0.001271610,1,-0.000000012,0.000115793,0.050000001,0.000000000,0.000000000,0.050000000,0.000000012,0.000115793,0.000000001,0.000115793,0.000008164
21.945746710,TRACKING,,0.000257647,1,-0.000000011,0.000108941,0.050000002,0.000000000,0.000000000,0.050000000,0.000000011,0.000108941,0.000000002,0.000108941,0.000009701
21.955984891,TRACKING,,0.002217897,1,-0.000000020,0.000200994,0.050000000,0.000000000,0.000000000,0.050000000,0.000000020,0.000200994,-0.000000000,0.000200994,0.000011315
21.965813451,TRACKING,,0.001784528,1,-0.000000019,0.000191923,0.049999995,0.000000000,0.000000000,0.050000000,0.000000019,0.000191923,-0.000000005,0.000191923,0.000013130
21.975985143,TRACKING,,0.001152879,1,-0.000000018,0.000180754,0.049999993,0.000000000,0.000000000,0.050000000,0.000000018,0.000180754,-0.000000007,0.000180754,0.000015291
21.986071349,TRACKING,,0.000569909,1,-0.000000017,0.000167981,0.049999995,0.000000000,0.000000000,0.050000000,0.000000017,0.000167981,-0.000000005,0.000167981,0.000017684
21.996292909,TRACKING,,0.002622769,1,-0.000000028,0.000281485,0.049999996,0.000000000,0.000000000,0.050000000,0.000000028,0.000281485,-0.000000004,0.000281485,0.000020014
22.006109595,TRACKING,,0.001624241,1,-0.000000027,0.000265357,0.049999997,0.000000000,0.000000000,0.050000000,0.000000027,0.000265357,-0.000000002,0.000265357,0.000022833
22.016173242,TRACKING,,0.000504607,1,-0.000000025,0.000247247,0.049999999,0.000000000,0.000000000,0.050000000,0.000000025,0.000247247,-0.000000001,0.000247247,0.000025912
22.026194146,TRACKING,,0.002183464,1,-0.000000025,0.000247247,0.049999999,0.000000000,0.000000000,0.050000000,0.000000025,0.000247247,-0.000000001,0.000247247,0.000025912
22.036380086,TRACKING,,0.001141005,1,-0.000000038,0.000380658,0.049999999,0.000000000,0.000000000,0.050000000,0.000000039,0.000380658,-0.000000000,0.000380658,0.000029118
22.046588585,TRACKING,,0.000135353,1,-0.000000037,0.000359206,0.050000000,0.000000000,0.000000000,0.050000000,0.000000037,0.000359206,0.000000000,0.000359206,0.000031912
22.056678353,TRACKING,,0.001750096,1,-0.000000035,0.000334087,0.050000001,0.000000000,0.000000000,0.050000000,0.000000035,0.000334087,0.000000001,0.000334087,0.000035563
22.066585275,TRACKING,,0.002562217,1,-0.000000050,0.000481648,0.050000001,0.000000000,0.000000000,0.050000000,0.000000050,0.000481648,0.000000002,0.000481648,0.000040437
22.076672669,TRACKING,,0.002052861,1,-0.000000047,0.000453315,0.049999999,0.000000000,0.000000000,0.050000000,0.000000048,0.000453315,-0.000000001,0.000453315,0.000044697
22.086809929,TRACKING,,0.001702604,1,-0.000000045,0.000422447,0.049999993,0.000000000,0.000000000,0.050000000,0.000000045,0.000422447,-0.000000006,0.000422447,0.000049107
22.096897322,TRACKING,,0.000768190,1,-0.000000062,0.000593614,0.049999992,0.000000000,0.000000000,0.050000000,0.000000063,0.000593614,-0.000000008,0.000593614,0.000053633
22.107156876,TRACKING,,0.002650078,1,-0.000000060,0.000555378,0.049999992,0.000000000,0.000000000,0.050000000,0.000000060,0.000555378,-0.000000007,0.000555378,0.000059332
22.117192027,TRACKING,,0.001582686,1,-0.000000057,0.000514209,0.049999993,0.000000000,0.000000000,0.050000000,0.000000058,0.000514209,-0.000000007,0.000514209,0.000065251
22.127196309,TRACKING,,0.000463051,1,-0.000000077,0.000700363,0.049999993,0.000000000,0.000000000,0.050000000,0.000000078,0.000700363,-0.000000006,0.000700363,0.000070840
22.137254019,TRACKING,,0.002244018,1,-0.000000077,0.000700363,0.049999993,0.000000000,0.000000000,0.050000000,0.000000078,0.000700363,-0.000000006,0.000700363,0.000070840
22.147366346,TRACKING,,0.001161190,1,-0.000000074,0.000652693,0.049999994,0.000000000,0.000000000,0.050000000,0.000000075,0.000652693,-0.000000006,0.000652693,0.000077000
22.157457302,TRACKING,,0.000042743,1,-0.000000071,0.000598620,0.049999993,0.000000000,0.000000000,0.050000000,0.000000072,0.000598620,-0.000000007,0.000598620,0.000084305
22.167572003,TRACKING,,0.001695480,1,-0.000000093,0.000793927,0.049999992,0.000000000,0.000000000,0.050000000,0.000000094,0.000793927,-0.000000007,0.000793927,0.000091615
22.177672457,TRACKING,,0.000651833,1,-0.000000090,0.000736459,0.049999992,0.000000000,0.000000000,0.050000000,0.000000091,0.000736459,-0.000000008,0.000736459,0.000098854
22.187783596,TRACKING,,0.002305758,1,-0.000000087,0.000673131,0.049999990,0.000000000,0.000000000,0.050000000,0.000000088,0.000673131,-0.000000009,0.000673131,0.000107006
22.197847243,TRACKING,,0.001357097,1,-0.000000111,0.000884190,0.049999989,0.000000000,0.000000000,0.050000000,0.000000113,0.000884190,-0.000000011,0.000884190,0.000114411
22.207934637,TRACKING,,0.000163849,1,-0.000000108,0.000815298,0.049999987,0.000000000,0.000000000,0.050000000,0.000000110,0.000815298,-0.000000013,0.000815298,0.000121912
22.218022030,TRACKING,,0.001917507,1,-0.000000106,0.000744508,0.049999984,0.000000000,0.000000000,0.050000000,0.000000107,0.000744508,-0.000000015,0.000744508,0.000129164
22.228095176,TRACKING,,0.000788375,1,-0.000000132,0.000970574,0.049999982,0.000000000,0.000000000,0.050000000,0.000000134,0.000970574,-0.000000018,0.000970574,0.000135935
22.238275179,TRACKING,,0.002479105,1,-0.000000132,0.000970574,0.049999982,0.000000000,0.000000000,0.050000000,0.000000134,0.000970574,-0.000000018,0.000970574,0.000135935
22.248183288,TRACKING,,0.001088764,1,-0.000000130,0.000894145,0.049999979,0.000000000,0.000000000,0.050000000,0.000000132,0.000894145,-0.000000021,0.000894145,0.000143713
22.258340733,TRACKING,,0.000596030,1,-0.000000159,0.001127220,0.049999975,0.000000000,0.000000000,0.050000000,0.000000162,0.001127220,-0.000000024,0.001127220,0.000152481
22.268352139,TRACKING,,0.000098547,1,-0.000000158,0.001045102,0.049999969,0.000000000,0.000000000,0.050000000,0.000000161,0.001045102,-0.000000030,0.001045102,0.000160741
22.278566574,TRACKING,,0.002211960,1,-0.000000156,0.000956746,0.049999959,0.000000000,0.000000000,0.050000000,0.000000159,0.000956746,-0.000000040,0.000956746,0.000170045
22.288753702,TRACKING,,0.001871202,1,-0.000000155,0.000865520,0.049999948,0.000000000,0.000000000,0.050000000,0.000000158,0.000865520,-0.000000051,0.000865520,0.000179480
22.298715240,TRACKING,,0.000974782,1,-0.000000188,0.001115167,0.049999939,0.000000000,0.000000000,0.050000000,0.000000191,0.001115167,-0.000000060,0.001115167,0.000187904
22.308911866,TRACKING,,0.002704694,1,-0.000000187,0.001017565,0.049999928,0.000000000,0.000000000,0.050000000,0.000000191,0.001017565,-0.000000071,0.001017565,0.000196525
22.318749924,TRACKING,,0.001861703,1,-0.000000187,0.000918971,0.049999921,0.000000000,0.000000000,0.050000000,0.000000190,0.000918971,-0.000000078,0.000918971,0.000204292
22.328798136,TRACKING,,0.001272798,1,-0.000000222,0.001185474,0.049999917,0.000000000,0.000000000,0.050000000,0.000000226,0.001185474,-0.000000081,0.001185474,0.000210528
22.338859408,TRACKING,,0.000542601,1,-0.000000222,0.001087104,0.049999913,0.000000000,0.000000000,0.050000000,0.000000226,0.001087104,-0.000000086,0.001087104,0.000217409
22.349086904,TRACKING,,0.002596649,1,-0.000000223,0.000987551,0.049999907,0.000000000,0.000000000,0.050000000,0.000000226,0.000987551,-0.000000092,0.000987551,0.000224027
22.359154113,TRACKING,,0.002000619,1,-0.000000260,0.001270405,0.049999898,0.000000000,0.000000000,0.050000000,0.000000265,0.001270405,-0.000000101,0.001270405,0.000229593
22.369251005,TRACKING,,0.000832305,1,-0.000000261,0.001166364,0.049999890,0.000000000,0.000000000,0.050000000,0.000000265,0.001166364,-0.000000108,0.001166364,0.000235115
22.379425072,TRACKING,,0.002544407,1,-0.000000261,0.001166364,0.049999890,0.000000000,0.000000000,0.050000000,0.000000265,0.001166364,-0.000000108,0.001166364,0.000235115
22.389413919,TRACKING,,0.001418836,1,-0.000000262,0.001058841,0.049999884,0.000000000,0.000000000,0.050000000,0.000000266,0.001058841,-0.000000115,0.001058841,0.000240903
22.399568989,TRACKING,,0.000317012,1,-0.000000302,0.001350246,0.049999878,0.000000000,0.000000000,0.050000000,0.000000308,0.001350246,-0.000000121,0.001350246,0.000246130
22.409656382,TRACKING,,0.002018428,1,-0.000000304,0.001239270,0.049999870,0.000000000,0.000000000,0.050000000,0.000000309,0.001239270,-0.000000128,0.001239270,0.000251759
22.419747337,TRACKING,,0.000935601,1,-0.000000307,0.001125197,0.049999862,0.000000000,0.000000000,0.050000000,0.000000311,0.001125197,-0.000000137,0.001125197,0.000257786
22.429934465,TRACKING,,0.002572902,1,-0.000000350,0.001427400,0.049999853,0.000000000,0.000000000,0.050000000,0.000000357,0.001427400,-0.000000145,0.001427401,0.000263384
22.439922124,TRACKING,,0.001906822,1,-0.000000353,0.001313422,0.049999844,0.000000000,0.000000000,0.050000000,0.000000359,0.001313422,-0.000000154,0.001313422,0.000268205
22.449890786,TRACKING,,0.000420308,1,-0.000000356,0.001191416,0.049999834,0.000000000,0.000000000,0.050000000,0.000000362,0.001191416,-0.000000164,0.001191416,0.000273320
22.460098098,TRACKING,,0.002675012,1,-0.000000402,0.001515502,0.049999825,0.000000000,0.000000000,0.050000000,0.000000409,0.001515502,-0.000000173,0.001515502,0.000277518
22.470089319,TRACKING,,0.002014867,1,-0.000000405,0.001400557,0.049999815,0.000000000,0.000000000,0.050000000,0.000000412,0.001400557,-0.000000183,0.001400557,0.000281983
22.480152966,TRACKING,,0.000954598,1,-0.000000409,0.001283093,0.049999805,0.000000000,0.000000000,0.050000000,0.000000415,0.001283093,-0.000000193,0.001283093,0.000285866
22.490261731,TRACKING,,0.000393000,1,-0.000000456,0.001620800,0.049999795,0.000000000,0.000000000,0.050000000,0.000000464,0.001620800,-0.000000203,0.001620800,0.000289105
22.500428674,TRACKING,,0.002442298,1,-0.000000456,0.001620800,0.049999795,0.000000000,0.000000000,0.050000000,0.000000464,0.001620800,-0.000000203,0.001620800,0.000289105
22.510427019,TRACKING,,0.002012492,1,-0.000000454,0.001503220,0.049999784,0.000000000,0.000000000,0.050000000,0.000000462,0.001503220,-0.000000214,0.001503220,0.000292923
22.520481168,TRACKING,,0.001475827,1,-0.000000454,0.001383445,0.049999772,0.000000000,0.000000000,0.050000000,0.000000461,0.001383445,-0.000000226,0.001383445,0.000297187
22.530521069,TRACKING,,0.000759879,1,-0.000000501,0.001730971,0.049999760,0.000000000,0.000000000,0.050000000,0.000000509,0.001730971,-0.000000238,0.001730971,0.000301464
22.540560969,TRACKING,,0.000258833,1,-0.000000502,0.001605545,0.049999747,0.000000000,0.000000000,0.050000000,0.000000510,0.001605545,-0.000000251,0.001605545,0.000305530
22.550695855,TRACKING,,0.002311694,1,-0.000000505,0.001479666,0.049999733,0.000000000,0.000000000,0.050000000,0.000000513,0.001479666,-0.000000265,0.001479666,0.000309855
22.560732194,TRACKING,,0.001804712,1,-0.000000555,0.001839188,0.049999720,0.000000000,0.000000000,0.050000000,0.000000565,0.001839188,-0.000000277,0.001839188,0.000313446
22.570918134,TRACKING,,0.001265673,1,-0.000000557,0.001716087,0.049999707,0.000000000,0.000000000,0.050000000,0.000000566,0.001716087,-0.000000290,0.001716087,0.000315913
22.581001966,TRACKING,,0.000617402,1,-0.000000561,0.001588746,0.049999693,0.000000000,0.000000000,0.050000000,0.000000569,0.001588746,-0.000000304,0.001588746,0.000319209
22.591084610,TRACKING,,0.000132979,1,-0.000000613,0.001963526,0.049999680,0.000000000,0.000000000,0.050000000,0.000000624,0.001963526,-0.000000317,0.001963526,0.000321577
22.601212371,TRACKING,,0.002216709,1,-0.000000616,0.001839567,0.049999667,0.000000000,0.000000000,0.050000000,0.000000626,0.001839567,-0.000000330,0.001839567,0.000323644
22.611246336,TRACKING,,0.001718039,1,-0.000000619,0.001714261,0.049999654,0.000000000,0.000000000,0.050000000,0.000000629,0.001714261,-0.000000343,0.001714261,0.000325411
22.621311170,TRACKING,,0.000529541,1,-0.000000672,0.002102281,0.049999645,0.000000000,0.000000000,0.050000000,0.000000684,0.002102281,-0.000000352,0.002102281,0.000326067
22.631421122,TRACKING,,0.002329504,1,-0.000000676,0.001971056,0.049999637,0.000000000,0.000000000,0.050000000,0.000000687,0.001971056,-0.000000360,0.001971056,0.000327368
22.641590440,TRACKING,,0.001303668,1,-0.000000680,0.001839632,0.049999629,0.000000000,0.000000000,0.050000000,0.000000690,0.001839632,-0.000000368,0.001839632,0.000328187
22.651629154,TRACKING,,0.000350256,1,-0.000000734,0.002242955,0.049999622,0.000000000,0.000000000,0.050000000,0.000000746,0.002242955,-0.000000375,0.002242955,0.000327491
22.661580006,TRACKING,,0.002347314,1,-0.000000734,0.002242955,0.049999622,0.000000000,0.000000000,0.050000000,0.000000746,0.002242955,-0.000000375,0.002242955,0.000327491
22.671844309,TRACKING,,0.001740598,1,-0.000000732,0.002116786,0.049999613,0.000000000,0.000000000,0.050000000,0.000000743,0.002116786,-0.000000384,0.002116786,0.000327473
22.682033811,TRACKING,,0.001151691,1,-0.000000731,0.001989640,0.049999603,0.000000000,0.000000000,0.050000000,0.000000742,0.001989640,-0.000000394,0.001989640,0.000328034
22.691952606,TRACKING,,0.000433369,1,-0.000000786,0.002400296,0.049999590,0.000000000,0.000000000,0.050000000,0.000000800,0.002400296,-0.000000406,0.002400296,0.000329427
22.702094616,TRACKING,,0.000032057,1,-0.000000788,0.002269869,0.049999578,0.000000000,0.000000000,0.050000000,0.000000801,0.002269869,-0.000000418,0.002269869,0.000330094
22.712202193,TRACKING,,0.002163281,1,-0.000000792,0.002138947,0.049999565,0.000000000,0.000000000,0.050000000,0.000000804,0.002138947,-0.000000431,0.002138947,0.000331371
22.722250405,TRACKING,,0.001651549,1,-0.000000795,0.002008530,0.049999553,0.000000000,0.000000000,0.050000000,0.000000806,0.002008530,-0.000000444,0.002008530,0.000332269
22.732347297,TRACKING,,0.001162377,1,-0.000000850,0.002436367,0.049999542,0.000000000,0.000000000,0.050000000,0.000000864,0.002436367,-0.000000454,0.002436367,0.000332001
22.742440627,TRACKING,,0.000362130,1,-0.000000852,0.002309743,0.049999533,0.000000000,0.000000000,0.050000000,0.000000865,0.002309743,-0.000000463,0.002309743,0.000331517
22.752714428,TRACKING,,0.001710915,1,-0.000000854,0.002172855,0.049999527,0.000000000,0.000000000,0.050000000,0.000000866,0.002172855,-0.000000469,0.002172855,0.000330670
22.762648658,TRACKING,,0.002568153,1,-0.000000911,0.002597738,0.049999521,0.000000000,0.000000000,0.050000000,0.000000925,0.002597738,-0.000000475,0.002597738,0.000329111
22.772632755,TRACKING,,0.002120537,1,-0.000000911,0.002476081,0.049999516,0.000000000,0.000000000,0.050000000,0.000000925,0.002476081,-0.000000480,0.002476082,0.000327316
22.782716587,TRACKING,,0.001612368,1,-0.000000908,0.002353873,0.049999509,0.000000000,0.000000000,0.050000000,0.000000920,0.002353873,-0.000000487,0.002353874,0.000325525
22.792790920,TRACKING,,0.001030586,1,-0.000000958,0.002810589,0.049999503,0.000000000,0.000000000,0.050000000,0.000000973,0.002810589,-0.000000492,0.002810589,0.000323196
22.802826071,TRACKING,,0.000460677,1,-0.000000957,0.002685021,0.049999494,0.000000000,0.000000000,0.050000000,0.000000971,0.002685021,-0.000000501,0.002685021,0.000322507
22.812805419,TRACKING,,0.002271326,1,-0.000000957,0.002685021,0.049999494,0.000000000,0.000000000,0.050000000,0.000000971,0.002685021,-0.000000501,0.002685021,0.000322507
22.823059036,TRACKING,,0.001119635,1,-0.000000956,0.002554404,0.049999485,0.000000000,0.000000000,0.050000000,0.000000969,0.002554404,-0.000000511,0.002554404,0.000321115
22.833164239,TRACKING,,0.000045117,1,-0.000001014,0.003007689,0.049999473,0.000000000,0.000000000,0.050000000,0.000001031,0.003007689,-0.000000522,0.003007689,0.000320441
22.843129339,TRACKING,,0.001499574,1,-0.000001016,0.002873156,0.049999462,0.000000000,0.000000000,0.050000000,0.000001031,0.002873156,-0.000000534,0.002873156,0.000319818
22.853216733,TRACKING,,0.000933227,1,-0.000001018,0.002734528,0.049999448,0.000000000,0.000000000,0.050000000,0.000001033,0.002734528,-0.000000548,0.002734528,0.000320042
22.863445416,TRACKING,,0.000015435,1,-0.000001077,0.003199270,0.049999434,0.000000000,0.000000000,0.050000000,0.000001094,0.003199270,-0.000000561,0.003199270,0.000320383
22.873315531,TRACKING,,0.001726350,1,-0.000001077,0.003062454,0.049999419,0.000000000,0.000000000,0.050000000,0.000001093,0.003062454,-0.000000576,0.003062455,0.000320453
22.883329311,TRACKING,,0.001015151,1,-0.000001078,0.002924318,0.049999404,0.000000000,0.000000000,0.050000000,0.000001094,0.002924318,-0.000000592,0.002924319,0.000320659
22.893755088,TRACKING,,0.000472550,1,-0.000001139,0.003397866,0.049999394,0.000000000,0.000000000,0.050000000,0.000001157,0.003397866,-0.000000601,0.003397866,0.000320807
22.903755808,TRACKING,,0.000030870,1,-0.000001142,0.003263965,0.049999384,0.000000000,0.000000000,0.050000000,0.000001160,0.003263965,-0.000000611,0.003263966,0.000321304
22.913870509,TRACKING,,0.002074232,1,-0.000001146,0.003128655,0.049999373,0.000000000,0.000000000,0.050000000,0.000001162,0.003128655,-0.000000622,0.003128655,0.000321446
22.923915159,TRACKING,,0.001376093,1,-0.000001203,0.003612119,0.049999364,0.000000000,0.000000000,0.050000000,0.000001222,0.003612119,-0.000000630,0.003612119,0.000320609
22.933890945,TRACKING,,0.000601967,1,-0.000001204,0.003471917,0.049999351,0.000000000,0.000000000,0.050000000,0.000001222,0.003471917,-0.000000643,0.003471917,0.000321149
22.944351154,TRACKING,,0.002507601,1,-0.000001204,0.003471917,0.049999351,0.000000000,0.000000000,0.050000000,0.000001222,0.003471917,-0.000000643,0.003471917,0.000321149
22.954160717,TRACKING,,0.001822522,1,-0.000001204,0.003334104,0.049999338,0.000000000,0.000000000,0.050000000,0.000001222,0.003334104,-0.000000656,0.003334105,0.000321315
22.964250485,TRACKING,,0.001327414,1,-0.000001265,0.003821363,0.049999326,0.000000000,0.000000000,0.050000000,0.000001285,0.003821363,-0.000000667,0.003821363,0.000320336
22.974359250,TRACKING,,0.000549725,1,-0.000001264,0.003688579,0.049999315,0.000000000,0.000000000,0.050000000,0.000001284,0.003688579,-0.000000679,0.003688579,0.000319211
22.984457329,TRACKING,,0.002234519,1,-0.000001273,0.003543217,0.049999297,0.000000000,0.000000000,0.050000000,0.000001292,0.003543217,-0.000000698,0.003543218,0.000320548
22.994627834,TRACKING,,0.001135070,1,-0.000001342,0.004025375,0.049999280,0.000000000,0.000000000,0.050000000,0.000001364,0.004025375,-0.000000713,0.004025376,0.000321520
23.004658236,TRACKING,,0.000058178,1,-0.000001349,0.003874447,0.049999266,0.000000000,0.000000000,0.050000000,0.000001370,0.003874447,-0.000000727,0.003874447,0.000322753
23.014743255,TRACKING,,0.001805900,1,-0.000001354,0.003723740,0.049999252,0.000000000,0.000000000,0.050000000,0.000001374,0.003723740,-0.000000742,0.003723741,0.000323713
23.024835397,TRACKING,,0.000411997,1,-0.000001419,0.004210129,0.049999239,0.000000000,0.000000000,0.050000000,0.000001441,0.004210129,-0.000000754,0.004210129,0.000323758
23.034961972,TRACKING,,0.002208398,1,-0.000001424,0.004059585,0.049999224,0.000000000,0.000000000,0.050000000,0.000001446,0.004059585,-0.000000770,0.004059586,0.000324124
23.045035118,TRACKING,,0.001211057,1,-0.000001428,0.003910539,0.049999210,0.000000000,0.000000000,0.050000000,0.000001449,0.003910539,-0.000000784,0.003910539,0.000323932
23.055308919,TRACKING,,0.000249335,1,-0.000001494,0.004407517,0.049999196,0.000000000,0.000000000,0.050000000,0.000001518,0.004407517,-0.000000796,0.004407517,0.000323362
23.065057928,TRACKING,,0.002111039,1,-0.000001494,0.004407517,0.049999196,0.000000000,0.000000000,0.050000000,0.000001518,0.004407517,-0.000000796,0.004407517,0.000323362
23.075118013,TRACKING,,0.001544692,1,-0.000001500,0.004259844,0.049999187,0.000000000,0.000000000,0.050000000,0.000001523,0.004259844,-0.000000806,0.004259844,0.000323451
23.085131793,TRACKING,,0.001030586,1,-0.000001502,0.004115367,0.049999175,0.000000000,0.000000000,0.050000000,0.000001525,0.004115367,-0.000000818,0.004115367,0.000323586
23.095269054,TRACKING,,0.000562785,1,-0.000001574,0.004614227,0.049999159,0.000000000,0.000000000,0.050000000,0.000001599,0.004614227,-0.000000833,0.004614227,0.000325020
23.105418187,TRACKING,,0.000061740,1,-0.000001582,0.004465378,0.049999143,0.000000000,0.000000000,0.050000000,0.000001606,0.004465378,-0.000000850,0.004465378,0.000326261
23.115511517,TRACKING,,0.001841520,1,-0.000001593,0.004313193,0.049999124,0.000000000,0.000000000,0.050000000,0.000001617,0.004313193,-0.000000869,0.004313193,0.000328179
23.125611971,TRACKING,,0.000586532,1,-0.000001666,0.004806498,0.049999105,0.000000000,0.000000000,0.050000000,0.000001693,0.004806498,-0.000000887,0.004806499,0.000329556
23.136094739,TRACKING,,0.002398368,1,-0.000001673,0.004644547,0.049999087,0.000000000,0.000000000,0.050000000,0.000001699,0.004644547,-0.000000905,0.004644548,0.000330897
23.145797443,TRACKING,,0.001336912,1,-0.000001680,0.004485363,0.049999073,0.000000000,0.000000000,0.050000000,0.000001705,0.004485363,-0.000000920,0.004485363,0.000331990
23.155880087,TRACKING,,0.000224402,1,-0.000001744,0.004985261,0.049999061,0.000000000,0.000000000,0.050000000,0.000001772,0.004985261,-0.000000931,0.004985261,0.000331996
23.165963919,TRACKING,,0.002027927,1,-0.000001746,0.004825266,0.049999045,0.000000000,0.000000000,0.050000000,0.000001773,0.004825266,-0.000000947,0.004825266,0.000332430
23.176064372,TRACKING,,0.000946287,1,-0.000001746,0.004666717,0.049999031,0.000000000,0.000000000,0.050000000,0.000001772,0.004666717,-0.000000962,0.004666718,0.000332257
23.186225379,TRACKING,,0.002614458,1,-0.000001746,0.004666717,0.049999031,0.000000000,0.000000000,0.050000000,0.000001772,0.004666717,-0.000000962,0.004666718,0.000332257
23.196229660,TRACKING,,0.001664610,1,-0.000001805,0.005170135,0.049999017,0.000000000,0.000000000,0.050000000,0.000001833,0.005170135,-0.000000975,0.005170135,0.000331670
23.206324178,TRACKING,,0.000534290,1,-0.000001794,0.005018318,0.049999013,0.000000000,0.000000000,0.050000000,0.000001822,0.005018318,-0.000000979,0.005018318,0.000329889
23.216428193,TRACKING,,0.002144284,1,-0.000001792,0.004860023,0.049999002,0.000000000,0.000000000,0.050000000,0.000001819,0.004860022,-0.000000990,0.004860023,0.000329096
23.226563079,TRACKING,,0.001110136,1,-0.000001849,0.005366305,0.049998992,0.000000000,0.000000000,0.050000000,0.000001879,0.005366305,-0.000001000,0.005366305,0.000327722
23.236651660,TRACKING,,0.000026121,1,-0.000001845,0.005207775,0.049998979,0.000000000,0.000000000,0.050000000,0.000001873,0.005207775,-0.000001013,0.005207775,0.000326922
23.246727180,TRACKING,,0.001747721,1,-0.000001839,0.005049766,0.049998969,0.000000000,0.000000000,0.050000000,0.000001867,0.005049766,-0.000001023,0.005049766,0.000326226
23.256900059,TRACKING,,0.000224401,1,-0.000001893,0.005556994,0.049998964,0.000000000,0.000000000,0.050000000,0.000001924,0.005556994,-0.000001028,0.005556995,0.000324427
23.266901966,TRACKING,,0.002062359,1,-0.000001888,0.005396489,0.049998954,0.000000000,0.000000000,0.050000000,0.000001917,0.005396489,-0.000001037,0.005396490,0.000323287
23.276975112,TRACKING,,0.001135070,1,-0.000001879,0.005244433,0.049998945,0.000000000,0.000000000,0.050000000,0.000001907,0.005244433,-0.000001047,0.005244433,0.000322008
23.286993641,TRACKING,,0.000485610,1,-0.000001934,0.005757500,0.049998941,0.000000000,0.000000000,0.050000000,0.000001965,0.005757500,-0.000001050,0.005757501,0.000320651
23.297192642,TRACKING,,0.002494540,1,-0.000001934,0.005757500,0.049998941,0.000000000,0.000000000,0.050000000,0.000001965,0.005757500,-0.000001050,0.005757501,0.000320651
23.307194549,TRACKING,,0.002075420,1,-0.000001930,0.005605024,0.049998934,0.000000000,0.000000000,0.050000000,0.000001960,0.005605024,-0.000001058,0.005605024,0.000319627
23.317277193,TRACKING,,0.001550628,1,-0.000001931,0.005451756,0.049998922,0.000000000,0.000000000,0.050000000,0.000001960,0.005451756,-0.000001069,0.005451756,0.000319424
23.327461945,TRACKING,,0.001025836,1,-0.000002001,0.005963583,0.049998908,0.000000000,0.000000000,0.050000000,0.000002032,0.005963583,-0.000001083,0.005963583,0.000319773
23.337440106,TRACKING,,0.000650646,1,-0.000002006,0.005804572,0.049998894,0.000000000,0.000000000,0.050000000,0.000002037,0.005804572,-0.000001097,0.005804572,0.000321176
23.347642669,TRACKING,,0.000175722,1,-0.000002016,0.005641973,0.049998876,0.000000000,0.000000000,0.050000000,0.000002047,0.005641973,-0.000001115,0.005641974,0.000323193
23.357594708,TRACKING,,0.002235707,1,-0.000002092,0.006146424,0.049998858,0.000000000,0.000000000,0.050000000,0.000002125,0.006146424,-0.000001132,0.006146424,0.000324538
23.367587117,TRACKING,,0.001754845,1,-0.000002101,0.005984169,0.049998843,0.000000000,0.000000000,0.050000000,0.000002134,0.005984169,-0.000001148,0.005984169,0.000325535
23.377665012,TRACKING,,0.001252613,1,-0.000002113,0.005820494,0.049998828,0.000000000,0.000000000,0.050000000,0.000002145,0.005820494,-0.000001163,0.005820495,0.000327150
23.387720348,TRACKING,,0.000744444,1,-0.000002125,0.005654088,0.049998809,0.000000000,0.000000000,0.050000000,0.000002156,0.005654088,-0.000001182,0.005654088,0.000329303
23.397811303,TRACKING,,0.002425676,1,-0.000002195,0.006155398,0.049998794,0.000000000,0.000000000,0.050000000,0.000002229,0.006155398,-0.000001196,0.006155399,0.000329901
23.407870201,TRACKING,,0.001433084,1,-0.000002199,0.005988435,0.049998781,0.000000000,0.000000000,0.050000000,0.000002232,0.005988435,-0.000001209,0.005988435,0.000329685
23.418078700,TRACKING,,0.000578221,1,-0.000002204,0.005816782,0.049998763,0.000000000,0.000000000,0.050000000,0.000002237,0.005816782,-0.000001228,0.005816783,0.000330385
23.428174404,TRACKING,,0.000036807,1,-0.000002268,0.006319474,0.049998753,0.000000000,0.000000000,0.050000000,0.000002303,0.006319474,-0.000001237,0.006319475,0.000329595
23.438461266,TRACKING,,0.002147845,1,-0.000002270,0.006157175,0.049998743,0.000000000,0.000000000,0.050000000,0.000002304,0.006157175,-0.000001247,0.006157176,0.000329085
23.448371750,TRACKING,,0.001357097,1,-0.000002268,0.005993194,0.049998731,0.000000000,0.000000000,0.050000000,0.000002301,0.005993194,-0.000001259,0.005993195,0.000328450
23.458243052,TRACKING,,0.000433368,1,-0.000002324,0.006491578,0.049998723,0.000000000,0.000000000,0.050000000,0.000002360,0.006491578,-0.000001266,0.006491579,0.000326842
23.468541787,TRACKING,,0.002451797,1,-0.000002324,0.006491578,0.049998723,0.000000000,0.000000000,0.050000000,0.000002360,0.006491578,-0.000001266,0.006491579,0.000326842
23.478447522,TRACKING,,0.001520945,1,-0.000002327,0.006327106,0.049998714,0.000000000,0.000000000,0.050000000,0.000002362,0.006327106,-0.000001276,0.006327106,0.000326885
23.488454178,TRACKING,,0.000777689,1,-0.000002335,0.006155708,0.049998700,0.000000000,0.000000000,0.050000000,0.000002368,0.006155708,-0.000001290,0.006155709,0.000327535
23.498481018,TRACKING,,0.000322948,1,-0.000002411,0.006642715,0.049998677,0.000000000,0.000000000,0.050000000,0.000002448,0.006642715,-0.000001312,0.006642716,0.000329056
23.508826058,TRACKING,,0.002299821,1,-0.000002422,0.006472854,0.049998657,0.000000000,0.000000000,0.050000000,0.000002458,0.006472854,-0.000001332,0.006472854,0.000330351
23.518686675,TRACKING,,0.001699042,1,-0.000002439,0.006297492,0.049998638,0.000000000,0.000000000,0.050000000,0.000002473,0.006297492,-0.000001352,0.006297492,0.000332273
23.528839370,TRACKING,,0.001095888,1,-0.000002515,0.006781562,0.049998620,0.000000000,0.000000000,0.050000000,0.000002552,0.006781562,-0.000001369,0.006781562,0.000333345
23.538903017,TRACKING,,0.000360943,1,-0.000002528,0.006605264,0.049998600,0.000000000,0.000000000,0.050000000,0.000002565,0.006605264,-0.000001389,0.006605264,0.000334546
23.549148323,TRACKING,,0.002422114,1,-0.000002543,0.006427502,0.049998581,0.000000000,0.000000000,0.050000000,0.000002579,0.006427502,-0.000001408,0.006427503,0.000335770
23.559100363,TRACKING,,0.001808275,1,-0.000002613,0.006908477,0.049998566,0.000000000,0.000000000,0.050000000,0.000002652,0.006908477,-0.000001422,0.006908478,0.000336084
23.569135514,TRACKING,,0.001276359,1,-0.000002615,0.006736245,0.049998552,0.000000000,0.000000000,0.050000000,0.000002653,0.006736245,-0.000001437,0.006736246,0.000335812
23.579138609,TRACKING,,0.000617402,1,-0.000002627,0.006560481,0.049998531,0.000000000,0.000000000,0.050000000,0.000002664,0.006560481,-0.000001459,0.006560482,0.000336452
23.589155951,TRACKING,,0.000167410,1,-0.000002692,0.007037274,0.049998518,0.000000000,0.000000000,0.050000000,0.000002731,0.007037274,-0.000001471,0.007037274,0.000336162
23.599235033,TRACKING,,0.002371059,1,-0.000002695,0.006864517,0.049998504,0.000000000,0.000000000,0.050000000,0.000002734,0.006864517,-0.000001485,0.006864517,0.000336190
23.609348547,TRACKING,,0.001671734,1,-0.000002699,0.006693312,0.049998490,0.000000000,0.000000000,0.050000000,0.000002736,0.006693312,-0.000001499,0.006693313,0.000335645
23.619565357,TRACKING,,0.000496296,1,-0.000002755,0.007156931,0.049998484,0.000000000,0.000000000,0.050000000,0.000002795,0.007156930,-0.000001504,0.007156931,0.000333905
23.629610007,TRACKING,,0.002172779,1,-0.000002755,0.007156931,0.049998484,0.000000000,0.000000000,0.050000000,0.000002795,0.007156930,-0.000001504,0.007156931,0.000333905
23.641769258,TRACKING,,0.002800866,1,-0.000002759,0.006974362,0.049998471,0.000000000,0.000000000,0.050000000,0.000002797,0.006974362,-0.000001518,0.006974363,0.000333663
23.651468400,TRACKING,,0.000132979,1,-0.000002760,0.006778089,0.049998453,0.000000000,0.000000000,0.050000000,0.000002797,0.006778089,-0.000001536,0.006778090,0.000333686
23.661539171,TRACKING,,0.001954314,1,-0.000002840,0.007214522,0.049998425,0.000000000,0.000000000,0.050000000,0.000002881,0.007214522,-0.000001563,0.007214523,0.000335798
23.672257027,TRACKING,,0.002198900,1,-0.000002854,0.007029167,0.049998406,0.000000000,0.000000000,0.050000000,0.000002893,0.007029167,-0.000001583,0.007029167,0.000337004
23.682169885,TRACKING,,0.001380843,1,-0.000002877,0.006846099,0.049998380,0.000000000,0.000000000,0.050000000,0.000002915,0.006846099,-0.000001609,0.006846100,0.000338841
23.692202662,TRACKING,,0.000977156,1,-0.000002959,0.007285752,0.049998350,0.000000000,0.000000000,0.050000000,0.000003000,0.007285752,-0.000001638,0.007285753,0.000341093
23.702408787,TRACKING,,0.000419121,1,-0.000002977,0.007102153,0.049998324,0.000000000,0.000000000,0.050000000,0.000003018,0.007102153,-0.000001664,0.007102154,0.000342784
23.712536549,TRACKING,,0.002543220,1,-0.000002995,0.006915630,0.049998299,0.000000000,0.000000000,0.050000000,0.000003035,0.006915630,-0.000001689,0.006915631,0.000344313
23.722615631,TRACKING,,0.001659861,1,-0.000003066,0.007351586,0.049998278,0.000000000,0.000000000,0.050000000,0.000003108,0.007351586,-0.000001710,0.007351587,0.000344940
23.732701837,TRACKING,,0.000484423,1,-0.000003073,0.007160673,0.049998262,0.000000000,0.000000000,0.050000000,0.000003114,0.007160673,-0.000001726,0.007160674,0.000345003
23.742989885,TRACKING,,0.002258265,1,-0.000003083,0.006966184,0.049998242,0.000000000,0.000000000,0.050000000,0.000003123,0.006966184,-0.000001746,0.006966184,0.000345527
23.753009602,TRACKING,,0.000559223,1,-0.000003142,0.007383893,0.049998230,0.000000000,0.000000000,0.050000000,0.000003184,0.007383893,-0.000001758,0.007383894,0.000344245
23.762853597,TRACKING,,0.002430425,1,-0.000003142,0.007383893,0.049998230,0.000000000,0.000000000,0.050000000,0.000003184,0.007383893,-0.000001758,0.007383894,0.000344245
23.772957612,TRACKING,,0.001785716,1,-0.000003142,0.007193103,0.049998211,0.000000000,0.000000000,0.050000000,0.000003183,0.007193103,-0.000001777,0.007193104,0.000343654
23.782967830,TRACKING,,0.000660145,1,-0.000003146,0.007009319,0.049998197,0.000000000,0.000000000,0.050000000,0.000003186,0.007009319,-0.000001791,0.007009320,0.000343334
23.793046912,TRACKING,,0.000102109,1,-0.000003216,0.007417337,0.049998172,0.000000000,0.000000000,0.050000000,0.000003259,0.007417337,-0.000001815,0.007417338,0.000343831
23.803254224,TRACKING,,0.002226208,1,-0.000003223,0.007230225,0.049998151,0.000000000,0.000000000,0.050000000,0.000003264,0.007230225,-0.000001837,0.007230226,0.000343897
23.813300061,TRACKING,,0.001700229,1,-0.000003231,0.007041361,0.049998126,0.000000000,0.000000000,0.050000000,0.000003271,0.007041361,-0.000001862,0.007041362,0.000344531
23.823414763,TRACKING,,0.000858426,1,-0.000003293,0.007452568,0.049998109,0.000000000,0.000000000,0.050000000,0.000003336,0.007452568,-0.000001879,0.007452569,0.000344345
23.833848851,TRACKING,,0.002572903,1,-0.000003303,0.007255722,0.049998086,0.000000000,0.000000000,0.050000000,0.000003344,0.007255722,-0.000001902,0.007255723,0.000344463
23.843590737,TRACKING,,0.001520945,1,-0.000003303,0.007059172,0.049998067,0.000000000,0.000000000,0.050000000,0.000003344,0.007059172,-0.000001921,0.007059174,0.000344152
23.853695940,TRACKING,,0.000312263,1,-0.000003350,0.007453160,0.049998059,0.000000000,0.000000000,0.050000000,0.000003392,0.007453160,-0.000001929,0.007453161,0.000342545
23.863797581,TRACKING,,0.002156156,1,-0.000003347,0.007258788,0.049998044,0.000000000,0.000000000,0.050000000,0.000003389,0.007258788,-0.000001944,0.007258789,0.000341768
23.874228107,TRACKING,,0.004543839,1,-0.000003347,0.007258788,0.049998044,0.000000000,0.000000000,0.050000000,0.000003389,0.007258788,-0.000001944,0.007258789,0.000341768
23.884214579,TRACKING,,0.001080453,1,-0.000003335,0.007030243,0.049998032,0.000000000,0.000000000,0.050000000,0.000003375,0.007030243,-0.000001957,0.007030244,0.000339340
23.894278226,TRACKING,,0.000425057,1,-0.000003380,0.007416928,0.049998022,0.000000000,0.000000000,0.050000000,0.000003421,0.007416928,-0.000001966,0.007416929,0.000337884
23.904613767,TRACKING,,0.002456547,1,-0.000003367,0.007233770,0.049998015,0.000000000,0.000000000,0.050000000,0.000003407,0.007233770,-0.000001974,0.007233771,0.000336290
23.914873320,TRACKING,,0.001725163,1,-0.000003358,0.007047155,0.049998006,0.000000000,0.000000000,0.050000000,0.000003397,0.007047155,-0.000001983,0.007047156,0.000335256
23.924609270,TRACKING,,0.000334822,1,-0.000003401,0.007421987,0.049997999,0.000000000,0.000000000,0.050000000,0.000003442,0.007421987,-0.000001989,0.007421988,0.000333228
23.934856950,TRACKING,,0.002010118,1,-0.000003393,0.007226723,0.049997986,0.000000000,0.000000000,0.050000000,0.000003433,0.007226723,-0.000002002,0.007226724,0.000331818
23.944792367,TRACKING,,0.000918978,1,-0.000003382,0.007034496,0.049997977,0.000000000,0.000000000,0.050000000,0.000003421,0.007034496,-0.000002011,0.007034497,0.000330216
23.955203896,TRACKING,,0.002571716,1,-0.000003421,0.007394773,0.049997972,0.000000000,0.000000000,0.050000000,0.000003461,0.007394773,-0.000002017,0.007394774,0.000327979
23.964970716,TRACKING,,0.001562501,1,-0.000003405,0.007205262,0.049997966,0.000000000,0.000000000,0.050000000,0.000003444,0.007205262,-0.000002023,0.007205264,0.000325587
23.975068795,TRACKING,,0.000325323,1,-0.000003384,0.007015614,0.049997965,0.000000000,0.000000000,0.050000000,0.000003422,0.007015614,-0.000002024,0.007015615,0.000322949
23.985111070,TRACKING,,0.001918694,1,-0.000003384,0.007015614,0.049997965,0.000000000,0.000000000,0.050000000,0.000003422,0.007015614,-0.000002024,0.007015615,0.000322949
23.995187778,TRACKING,,0.000780063,1,-0.000003410,0.007368331,0.049997965,0.000000000,0.000000000,0.050000000,0.000003449,0.007368331,-0.000002024,0.007368332,0.000320259
24.005313165,TRACKING,,0.002493353,1,-0.000003388,0.007179840,0.049997967,0.000000000,0.000000000,0.050000000,0.000003426,0.007179840,-0.000002022,0.007179841,0.000317850
24.015364939,TRACKING,,0.001479389,1,-0.000003366,0.006992497,0.049997965,0.000000000,0.000000000,0.050000000,0.000003403,0.006992497,-0.000002024,0.006992498,0.000315330
24.025463018,TRACKING,,0.000350257,1,-0.000003389,0.007335939,0.049997970,0.000000000,0.000000000,0.050000000,0.000003427,0.007335939,-0.000002019,0.007335940,0.000312048
24.035575345,TRACKING,,0.002031489,1,-0.000003365,0.007150121,0.049997973,0.000000000,0.000000000,0.050000000,0.000003402,0.007150121,-0.000002016,0.007150122,0.000309520
24.045755348,TRACKING,,0.001478202,1,-0.000003338,0.006928190,0.049997974,0.000000000,0.000000000,0.050000000,0.000003372,0.006928190,-0.000002015,0.006928191,0.000306096
24.055948412,TRACKING,,0.000034432,1,-0.000003348,0.007261912,0.049997989,0.000000000,0.000000000,0.050000000,0.000003384,0.007261912,-0.000002000,0.007261913,0.000301516
24.065890954,TRACKING,,0.002062359,1,-0.000003348,0.007261912,0.049997989,0.000000000,0.000000000,0.050000000,0.000003384,0.007261912,-0.000002000,0.007261913,0.000301516
24.075991407,TRACKING,,0.004239887,1,-0.000003313,0.007087715,0.049998003,0.000000000,0.000000000,0.050000000,0.000003348,0.007087715,-0.000001987,0.007087716,0.000297138
24.085958882,TRACKING,,0.001266861,1,-0.000003303,0.006868405,0.049997991,0.000000000,0.000000000,0.050000000,0.000003337,0.006868405,-0.000001999,0.006868406,0.000295312
24.096172130,TRACKING,,0.000807371,1,-0.000003343,0.007182962,0.049997982,0.000000000,0.000000000,0.050000000,0.000003378,0.007182962,-0.000002008,0.007182963,0.000294118
24.106245276,TRACKING,,0.000201843,1,-0.000003332,0.007004272,0.049997973,0.000000000,0.000000000,0.050000000,0.000003365,0.007004272,-0.000002017,0.007004273,0.000292797
24.116365914,TRACKING,,0.002342565,1,-0.000003323,0.006824074,0.049997963,0.000000000,0.000000000,0.050000000,0.000003356,0.006824074,-0.000002027,0.006824075,0.000291614
24.126417688,TRACKING,,0.001870015,1,-0.000003358,0.007131255,0.049997960,0.000000000,0.000000000,0.050000000,0.000003392,0.007131255,-0.000002030,0.007131256,0.000289844
24.136521704,TRACKING,,0.001411713,1,-0.000003342,0.006955706,0.049997957,0.000000000,0.000000000,0.050000000,0.000003375,0.006955706,-0.000002034,0.006955707,0.000287982
24.146629281,TRACKING,,0.000771752,1,-0.000003328,0.006778445,0.049997953,0.000000000,0.000000000,0.050000000,0.000003360,0.006778445,-0.000002037,0.006778446,0.000286394
24.156891209,TRACKING,,0.000047493,1,-0.000003361,0.007064299,0.049997949,0.000000000,0.000000000,0.050000000,0.000003394,0.007064299,-0.000002042,0.007064301,0.000284670
24.166952482,TRACKING,,0.001835583,1,-0.000003350,0.006878260,0.049997941,0.000000000,0.000000000,0.050000000,0.000003382,0.006878260,-0.000002050,0.006878261,0.000283063
24.177057684,TRACKING,,0.000675580,1,-0.000003331,0.006691510,0.049997940,0.000000000,0.000000000,0.050000000,0.000003362,0.006691510,-0.000002051,0.006691511,0.000280993
24.187479899,TRACKING,,0.002367498,1,-0.000003331,0.006691510,0.049997940,0.000000000,0.000000000,0.050000000,0.000003362,0.006691510,-0.000002051,0.006691511,0.000280993
24.197218223,TRACKING,,0.001306042,1,-0.000003354,0.006960222,0.049997943,0.000000000,0.000000000,0.050000000,0.000003386,0.006960222,-0.000002048,0.006960223,0.000278636
24.207319864,TRACKING,,0.000204218,1,-0.000003331,0.006776665,0.049997943,0.000000000,0.000000000,0.050000000,0.000003362,0.006776665,-0.000002048,0.006776667,0.000276374
24.217409632,TRACKING,,0.001913945,1,-0.000003311,0.006591962,0.049997945,0.000000000,0.000000000,0.050000000,0.000003341,0.006591962,-0.000002046,0.006591963,0.000273942
24.227570639,TRACKING,,0.000869112,1,-0.000003323,0.006847033,0.049997951,0.000000000,0.000000000,0.050000000,0.000003354,0.006847033,-0.000002040,0.006847034,0.000270877
24.237934675,TRACKING,,0.002607335,1,-0.000003298,0.006665144,0.049997955,0.000000000,0.000000000,0.050000000,0.000003328,0.006665144,-0.000002037,0.006665145,0.000268401
24.247703869,TRACKING,,0.001515009,1,-0.000003271,0.006484946,0.049997961,0.000000000,0.000000000,0.050000000,0.000003299,0.006484946,-0.000002030,0.006484947,0.000265771
24.257816196,TRACKING,,0.000419121,1,-0.000003272,0.006726691,0.049997978,0.000000000,0.000000000,0.050000000,0.000003300,0.006726691,-0.000002013,0.006726692,0.000261867
24.267946333,TRACKING,,0.002069483,1,-0.000003243,0.006548222,0.049997987,0.000000000,0.000000000,0.050000000,0.000003271,0.006548222,-0.000002005,0.006548223,0.000258827
24.278032539,TRACKING,,0.000032057,1,-0.000003243,0.006548222,0.049997987,0.000000000,0.000000000,0.050000000,0.000003271,0.006548222,-0.000002005,0.006548223,0.000258827
24.288038008,TRACKING,,0.002057610,1,-0.000003205,0.006359846,0.049997999,0.000000000,0.000000000,0.050000000,0.000003231,0.006359846,-0.000001993,0.006359847,0.000255140
24.298266691,TRACKING,,0.001493638,1,-0.000003211,0.006581828,0.049998007,0.000000000,0.000000000,0.050000000,0.000003238,0.006581828,-0.000001984,0.006581829,0.000251921
24.308221105,TRACKING,,0.000901169,1,-0.000003177,0.006416440,0.049998023,0.000000000,0.000000000,0.050000000,0.000003203,0.006416440,-0.000001969,0.006416441,0.000248560
24.318232511,TRACKING,,0.000445242,1,-0.000003167,0.006241552,0.049998017,0.000000000,0.000000000,0.050000000,0.000003192,0.006241552,-0.000001976,0.006241553,0.000247767
24.328343650,TRACKING,,0.002479105,1,-0.000003189,0.006450211,0.049998015,0.000000000,0.000000000,0.050000000,0.000003215,0.006450211,-0.000001977,0.006450212,0.000246675
24.338490409,TRACKING,,0.001403401,1,-0.000003172,0.006275344,0.049998014,0.000000000,0.000000000,0.050000000,0.000003197,0.006275344,-0.000001979,0.006275346,0.000244889
24.348632419,TRACKING,,0.000265958,1,-0.000003157,0.006092741,0.049998007,0.000000000,0.000000000,0.050000000,0.000003181,0.006092741,-0.000001986,0.006092742,0.000243560
24.358688942,TRACKING,,0.001962625,1,-0.000003182,0.006270021,0.049997998,0.000000000,0.000000000,0.050000000,0.000003206,0.006270021,-0.000001994,0.006270022,0.000242671
24.368798894,TRACKING,,0.000897607,1,-0.000003165,0.006088748,0.049997995,0.000000000,0.000000000,0.050000000,0.000003189,0.006088748,-0.000001997,0.006088749,0.000241413
24.378927843,TRACKING,,0.002580027,1,-0.000003163,0.005903868,0.049997982,0.000000000,0.000000000,0.050000000,0.000003186,0.005903868,-0.000002011,0.005903869,0.000241150
24.388967744,TRACKING,,0.001640864,1,-0.000003173,0.006064700,0.049997985,0.000000000,0.000000000,0.050000000,0.000003197,0.006064700,-0.000002007,0.006064701,0.000238736
24.399057512,TRACKING,,0.000473737,1,-0.000003149,0.005886722,0.049997990,0.000000000,0.000000000,0.050000000,0.000003172,0.005886722,-0.000002003,0.005886723,0.000236056
24.409112848,TRACKING,,0.002166843,1,-0.000003149,0.005886722,0.049997990,0.000000000,0.000000000,0.050000000,0.000003172,0.005886722,-0.000002003,0.005886723,0.000236056
24.419219238,TRACKING,,0.001101824,1,-0.000003129,0.005706938,0.049997987,0.000000000,0.000000000,0.050000000,0.000003151,0.005706938,-0.000002006,0.005706939,0.000234071
24.429323254,TRACKING,,0.000021372,1,-0.000003148,0.005845265,0.049997985,0.000000000,0.000000000,0.050000000,0.000003171,0.005845265,-0.000002008,0.005845266,0.000232960
24.439404710,TRACKING,,0.001719226,1,-0.000003134,0.005665172,0.049997984,0.000000000,0.000000000,0.050000000,0.000003155,0.005665172,-0.000002010,0.005665173,0.000231505
24.449517037,TRACKING,,0.000606716,1,-0.000003123,0.005483106,0.049997977,0.000000000,0.000000000,0.050000000,0.000003144,0.005483106,-0.000002016,0.005483107,0.000230167
24.459915506,TRACKING,,0.002290323,1,-0.000003142,0.005598615,0.049997973,0.000000000,0.000000000,0.050000000,0.000003163,0.005598615,-0.000002020,0.005598616,0.000229018
24.469754751,TRACKING,,0.001080453,1,-0.000003121,0.005420622,0.049997974,0.000000000,0.000000000,0.050000000,0.000003141,0.005420622,-0.000002019,0.005420623,0.000227145
24.479792277,TRACKING,,0.000058178,1,-0.000003103,0.005241173,0.049997975,0.000000000,0.000000000,0.050000000,0.000003122,0.005241173,-0.000002019,0.005241174,0.000225466
24.489889169,TRACKING,,0.001908009,1,-0.000003101,0.005343728,0.049997986,0.000000000,0.000000000,0.050000000,0.000003120,0.005343728,-0.000002007,0.005343729,0.000222603
24.499767596,TRACKING,,0.000275457,1,-0.000003051,0.005163610,0.049998008,0.000000000,0.000000000,0.050000000,0.000003069,0.005163610,-0.000001987,0.005163612,0.000218469
24.509788500,TRACKING,,0.001929380,1,-0.000003051,0.005163610,0.049998008,0.000000000,0.000000000,0.050000000,0.000003069,0.005163610,-0.000001987,0.005163612,0.000218469
24.520070612,TRACKING,,0.000783626,1,-0.000002998,0.004994473,0.049998032,0.000000000,0.000000000,0.050000000,0.000003015,0.004994473,-0.000001963,0.004994475,0.000214461
24.530334914,TRACKING,,0.002550344,1,-0.000002973,0.005077925,0.049998053,0.000000000,0.000000000,0.050000000,0.000002990,0.005077925,-0.000001941,0.005077927,0.000210662
24.540106483,TRACKING,,0.001475828,1,-0.000002917,0.004913652,0.049998078,0.000000000,0.000000000,0.050000000,0.000002933,0.004913652,-0.000001917,0.004913653,0.000206528
24.550206937,TRACKING,,0.000784812,1,-0.000002862,0.004750094,0.049998106,0.000000000,0.000000000,0.050000000,0.000002877,0.004750094,-0.000001889,0.004750095,0.000202454
24.560231402,TRACKING,,0.000261208,1,-0.000002831,0.004821922,0.049998130,0.000000000,0.000000000,0.050000000,0.000002847,0.004821922,-0.000001865,0.004821924,0.000198266
24.570458898,TRACKING,,0.002378183,1,-0.000002773,0.004669230,0.049998159,0.000000000,0.000000000,0.050000000,0.000002787,0.004669230,-0.000001836,0.004669231,0.000193323
24.580448932,TRACKING,,0.001744159,1,-0.000002710,0.004518756,0.049998193,0.000000000,0.000000000,0.050000000,0.000002724,0.004518756,-0.000001802,0.004518757,0.000188199
24.590438966,TRACKING,,0.001106574,1,-0.000002657,0.004574577,0.049998236,0.000000000,0.000000000,0.050000000,0.000002670,0.004574577,-0.000001760,0.004574578,0.000182141
24.600485991,TRACKING,,0.000617401,1,-0.000002587,0.004429298,0.049998276,0.000000000,0.000000000,0.050000000,0.000002600,0.004429298,-0.000001720,0.004429300,0.000176639
24.610584070,TRACKING,,0.000128229,1,-0.000002513,0.004287901,0.049998322,0.000000000,0.000000000,0.050000000,0.000002525,0.004287901,-0.000001675,0.004287902,0.000170782
24.620847185,TRACKING,,0.002340190,1,-0.000002444,0.004329758,0.049998373,0.000000000,0.000000000,0.050000000,0.000002455,0.004329758,-0.000001623,0.004329759,0.000164186
24.630906083,TRACKING,,0.001981622,1,-0.000002355,0.004195942,0.049998431,0.000000000,0.000000000,0.050000000,0.000002365,0.004195942,-0.000001566,0.004195943,0.000157389
24.641134766,TRACKING,,0.000725447,1,-0.000002258,0.004059289,0.049998496,0.000000000,0.000000000,0.050000000,0.000002267,0.004059289,-0.000001501,0.004059290,0.000149879
24.651159232,TRACKING,,0.000042743,1,-0.000002258,0.004059289,0.049998496,0.000000000,0.000000000,0.050000000,0.000002267,0.004059289,-0.000001501,0.004059290,0.000149879
24.661234752,TRACKING,,0.002175154,1,-0.000002167,0.004079626,0.049998563,0.000000000,0.000000000,0.050000000,0.000002176,0.004079626,-0.000001434,0.004079627,0.000142092
24.671324520,TRACKING,,0.001557752,1,-0.000002058,0.003956821,0.049998639,0.000000000,0.000000000,0.050000000,0.000002066,0.003956821,-0.000001358,0.003956822,0.000133937
24.681643439,TRACKING,,0.000497483,1,-0.000001954,0.003833029,0.049998707,0.000000000,0.000000000,0.050000000,0.000001961,0.003833029,-0.000001290,0.003833030,0.000126431
24.691874497,TRACKING,,0.002277263,1,-0.000001869,0.003831236,0.049998772,0.000000000,0.000000000,0.050000000,0.000001876,0.003831236,-0.000001226,0.003831237,0.000118775
24.701515461,TRACKING,,0.001613555,1,-0.000001766,0.003708030,0.049998844,0.000000000,0.000000000,0.050000000,0.000001772,0.003708030,-0.000001153,0.003708031,0.000110816
24.711587419,TRACKING,,0.001012776,1,-0.000001662,0.003592495,0.049998915,0.000000000,0.000000000,0.050000000,0.000001667,0.003592495,-0.000001083,0.003592495,0.000103027
24.721667689,TRACKING,,0.000511731,1,-0.000001560,0.003479897,0.049998984,0.000000000,0.000000000,0.050000000,0.000001565,0.003479897,-0.000001015,0.003479897,0.000095378
24.731675532,TRACKING,,0.000090236,1,-0.000001459,0.003471717,0.049999059,0.000000000,0.000000000,0.050000000,0.000001464,0.003471717,-0.000000939,0.003471718,0.000087093
24.741728493,TRACKING,,0.002102728,1,-0.000001342,0.003368578,0.049999138,0.000000000,0.000000000,0.050000000,0.000001346,0.003368578,-0.000000860,0.003368578,0.000078588
24.752030790,TRACKING,,0.000520042,1,-0.000001209,0.003260175,0.049999227,0.000000000,0.000000000,0.050000000,0.000001212,0.003260175,-0.000000772,0.003260176,0.000069181
24.762608542,TRACKING,,0.002680948,1,-0.000001084,0.003231966,0.049999320,0.000000000,0.000000000,0.050000000,0.000001087,0.003231966,-0.000000679,0.003231966,0.000060065
24.772644881,TRACKING,,0.001427148,1,-0.000000945,0.003133694,0.049999416,0.000000000,0.000000000,0.050000000,0.000000947,0.003133694,-0.000000583,0.003133695,0.000050772
24.782757208,TRACKING,,0.000782438,1,-0.000000813,0.003043250,0.049999506,0.000000000,0.000000000,0.050000000,0.000000814,0.003043250,-0.000000493,0.003043250,0.000042515
24.792803045,TRACKING,,0.000210154,1,-0.000000684,0.003003512,0.049999604,0.000000000,0.000000000,0.050000000,0.000000685,0.003003512,-0.000000395,0.003003512,0.000035305
24.803018668,TRACKING,,0.002316443,1,-0.000000684,0.003003512,0.049999604,0.000000000,0.000000000,0.050000000,0.000000685,0.003003512,-0.000000395,0.003003512,0.000035305
24.813091814,TRACKING,,0.001905634,1,-0.000000552,0.002923831,0.049999701,0.000000000,0.000000000,0.050000000,0.000000552,0.002923831,-0.000000298,0.002923831,0.000030036
24.823055727,TRACKING,,0.000745631,1,-0.000000422,0.002847224,0.049999797,0.000000000,0.000000000,0.050000000,0.000000422,0.002847224,-0.000000203,0.002847224,0.000027802
24.833227419,TRACKING,,0.002454172,1,-0.000000295,0.002781560,0.049999890,0.000000000,0.000000000,0.050000000,0.000000294,0.002781560,-0.000000110,0.002781560,0.000029245
24.843137903,TRACKING,,0.001953126,1,-0.000000164,0.002705874,0.049999982,0.000000000,0.000000000,0.050000000,0.000000163,0.002705874,-0.000000018,0.002705874,0.000034124
24.853125562,TRACKING,,0.000922540,1,-0.000000037,0.002635510,0.050000072,0.000000000,0.000000000,0.050000000,0.000000035,0.002635510,0.000000072,0.002635510,0.000041000
24.863186835,TRACKING,,0.000555662,1,-0.000014692,0.002566833,0.050000162,0.000000000,0.000000000,0.050000000,0.000014690,0.002566833,0.000000161,0.002566875,0.000049071
24.873249294,TRACKING,,0.000071239,1,-0.000014389,0.002503235,0.050000244,0.000000000,0.000000000,0.050000000,0.000014387,0.002503235,0.000000243,0.002503276,0.000057778
24.883327189,TRACKING,,0.001782154,1,-0.000013788,0.002442618,0.050000315,0.000000000,0.000000000,0.050000000,0.000013785,0.002442618,0.000000315,0.002442657,0.000067068
24.893420519,TRACKING,,0.000664895,1,-0.000056711,0.002383156,0.050000385,0.000000000,0.000000000,0.050000000,0.000056708,0.002383156,0.000000385,0.002383831,0.000077137
24.903520973,TRACKING,,0.002353251,1,-0.000054925,0.002326490,0.050000418,0.000000000,0.000000000,0.050000000,0.000054922,0.002326490,0.000000417,0.002327138,0.000087048
24.913594118,TRACKING,,0.001334537,1,-0.000052370,0.002274585,0.050000423,0.000000000,0.000000000,0.050000000,0.000052367,0.002274585,0.000000422,0.002275188,0.000096897
24.923820427,TRACKING,,0.000123480,1,-0.000121156,0.002224600,0.050000409,0.000000000,0.000000000,0.050000000,0.000121152,0.002224601,0.000000408,0.002227897,0.000106907
24.933849642,TRACKING,,0.001826084,1,-0.000121156,0.002224600,0.050000409,0.000000000,0.000000000,0.050000000,0.000121152,0.002224601,0.000000408,0.002227897,0.000106907
24.943989277,TRACKING,,0.000656583,1,-0.000116001,0.002178161,0.050000318,0.000000000,0.000000000,0.050000000,0.000115996,0.002178161,0.000000317,0.002181248,0.000116938
24.954405555,TRACKING,,0.002438737,1,-0.000108651,0.002133663,0.050000149,0.000000000,0.000000000,0.050000000,0.000108646,0.002133663,0.000000148,0.002136428,0.000126817
24.964160501,TRACKING,,0.001391529,1,-0.000200137,0.002091147,0.049999961,0.000000000,0.000000000,0.050000000,0.000200132,0.002091147,-0.000000040,0.002100702,0.000136397
24.974259768,TRACKING,,0.000283768,1,-0.000190747,0.002050611,0.049999746,0.000000000,0.000000000,0.050000000,0.000190742,0.002050611,-0.000000255,0.002059463,0.000145822
24.984344786,TRACKING,,0.001955501,1,-0.000178427,0.002011572,0.049999433,0.000000000,0.000000000,0.050000000,0.000178422,0.002011573,-0.000000568,0.002019470,0.000155141
24.994433367,TRACKING,,0.000920166,1,-0.000291735,0.001974633,0.049999113,0.000000000,0.000000000,0.050000000,0.000291729,0.001974634,-0.000000888,0.001996068,0.000164354
25.004614558,TRACKING,,0.002705882,1,-0.000275300,0.001939135,0.049998699,0.000000000,0.000000000,0.050000000,0.000275295,0.001939136,-0.000001302,0.001958580,0.000173274
25.014640211,TRACKING,,0.001746535,1,-0.000256872,0.001905678,0.049998252,0.000000000,0.000000000,0.050000000,0.000256866,0.001905679,-0.000001749,0.001922913,0.000182225
25.024735915,TRACKING,,0.000539039,1,-0.000390395,0.001873785,0.049997815,0.000000000,0.000000000,0.050000000,0.000390389,0.001873787,-0.000002186,0.001914023,0.000191201
25.034793626,TRACKING,,0.002255890,1,-0.000390395,0.001873785,0.049997815,0.000000000,0.000000000,0.050000000,0.000390389,0.001873787,-0.000002186,0.001914023,0.000191201
25.044902391,TRACKING,,0.001256175,1,-0.000366760,0.001843197,0.049997254,0.000000000,0.000000000,0.050000000,0.000366754,0.001843198,-0.000002747,0.001879333,0.000200675
25.055002844,TRACKING,,0.000100922,1,-0.000338756,0.001813484,0.049996563,0.000000000,0.000000000,0.050000000,0.000338750,0.001813485,-0.000003438,0.001844855,0.000210835
25.065083114,TRACKING,,0.001765531,1,-0.000487708,0.001784401,0.049995865,0.000000000,0.000000000,0.050000000,0.000487701,0.001784403,-0.000004136,0.001849855,0.000221214
25.075176443,TRACKING,,0.000699326,1,-0.000456467,0.001756331,0.049995174,0.000000000,0.000000000,0.050000000,0.000456461,0.001756333,-0.000004827,0.001814686,0.000231568
25.085634278,TRACKING,,0.002386495,1,-0.000420605,0.001728880,0.049994362,0.000000000,0.000000000,0.050000000,0.000420599,0.001728881,-0.000005638,0.001779316,0.000242608
25.095265744,TRACKING,,0.001285857,1,-0.000587319,0.001702440,0.049993596,0.000000000,0.000000000,0.050000000,0.000587313,0.001702442,-0.000006404,0.001800913,0.000253710
25.106217499,TRACKING,,0.001117260,1,-0.000536862,0.001671015,0.049992559,0.000000000,0.000000000,0.050000000,0.000536855,0.001671017,-0.000007441,0.001755155,0.000268634
25.116393941,TRACKING,,0.000105670,1,-0.000493019,0.001646669,0.049991713,0.000000000,0.000000000,0.050000000,0.000493013,0.001646671,-0.000008287,0.001718912,0.000281256
25.126288990,TRACKING,,0.002046924,1,-0.000493019,0.001646669,0.049991713,0.000000000,0.000000000,0.050000000,0.000493013,0.001646671,-0.000008287,0.001718912,0.000281256
25.136369259,TRACKING,,0.001448519,1,-0.000679766,0.001623564,0.049990974,0.000000000,0.000000000,0.050000000,0.000679759,0.001623567,-0.000009025,0.001760149,0.000292695
25.146606254,TRACKING,,0.000288517,1,-0.000635205,0.001601480,0.049990227,0.000000000,0.000000000,0.050000000,0.000635199,0.001601483,-0.000009772,0.001722881,0.000304288
25.156681774,TRACKING,,0.001957876,1,-0.000583969,0.001578758,0.049989331,0.000000000,0.000000000,0.050000000,0.000583962,0.001578760,-0.000010669,0.001683333,0.000317921
25.166792913,TRACKING,,0.000916604,1,-0.000780880,0.001556619,0.049988450,0.000000000,0.000000000,0.050000000,0.000780874,0.001556622,-0.000011548,0.001741542,0.000331731
25.176906427,TRACKING,,0.002524223,1,-0.000724046,0.001534760,0.049987499,0.000000000,0.000000000,0.050000000,0.000724039,0.001534763,-0.000012499,0.001697022,0.000346457
25.186984322,TRACKING,,0.001623054,1,-0.000664139,0.001513620,0.049986528,0.000000000,0.000000000,0.050000000,0.000664133,0.001513623,-0.000013470,0.001652969,0.000361692
25.197066966,TRACKING,,0.000457115,1,-0.000878478,0.001493143,0.049985647,0.000000000,0.000000000,0.050000000,0.000878472,0.001493147,-0.000014349,0.001732457,0.000376310
25.207149610,TRACKING,,0.002235707,1,-0.000813131,0.001473033,0.049984668,0.000000000,0.000000000,0.050000000,0.000813125,0.001473037,-0.000015329,0.001682630,0.000392510
25.217222756,TRACKING,,0.001195622,1,-0.000745500,0.001453583,0.049983720,0.000000000,0.000000000,0.050000000,0.000745494,0.001453586,-0.000016277,0.001633689,0.000408785
25.227341019,TRACKING,,0.000109232,1,-0.000973758,0.001434400,0.049982841,0.000000000,0.000000000,0.050000000,0.000973752,0.001434404,-0.000017155,0.001733782,0.000424145
25.237379732,TRACKING,,0.001820147,1,-0.000973758,0.001434400,0.049982841,0.000000000,0.000000000,0.050000000,0.000973752,0.001434404,-0.000017155,0.001733782,0.000424145
25.247526491,TRACKING,,0.000689827,1,-0.000900301,0.001415941,0.049981871,0.000000000,0.000000000,0.050000000,0.000900295,0.001415945,-0.000018124,0.001678023,0.000441077
25.257670875,TRACKING,,0.002336628,1,-0.000819095,0.001397409,0.049980704,0.000000000,0.000000000,0.050000000,0.000819089,0.001397412,-0.000019292,0.001619889,0.000461026
25.267732148,TRACKING,,0.001376093,1,-0.001055853,0.001379187,0.049979605,0.000000000,0.000000000,0.050000000,0.001055847,0.001379192,-0.000020388,0.001737066,0.000480497
25.277800544,TRACKING,,0.000156725,1,-0.000969060,0.001360904,0.049978444,0.000000000,0.000000000,0.050000000,0.000969054,0.001360909,-0.000021550,0.001670809,0.000501035
25.287886750,TRACKING,,0.001845081,1,-0.000879635,0.001343149,0.049977293,0.000000000,0.000000000,0.050000000,0.000879629,0.001343153,-0.000022701,0.001605715,0.000521713
25.297904092,TRACKING,,0.000717135,1,-0.001130515,0.001325847,0.049976294,0.000000000,0.000000000,0.050000000,0.001130509,0.001325852,-0.000023697,0.001742555,0.000540634
25.308047289,TRACKING,,0.002525411,1,-0.001037956,0.001308978,0.049975208,0.000000000,0.000000000,0.050000000,0.001037950,0.001308983,-0.000024784,0.001670746,0.000561049
25.318011202,TRACKING,,0.001872389,1,-0.000943095,0.001292483,0.049974218,0.000000000,0.000000000,0.050000000,0.000943089,0.001292487,-0.000025775,0.001600189,0.000580333
25.328100970,TRACKING,,0.001221743,1,-0.001213245,0.001276983,0.049973433,0.000000000,0.000000000,0.050000000,0.001213240,0.001276989,-0.000026556,0.001761634,0.000596605
25.338247728,TRACKING,,0.000479673,1,-0.001117069,0.001261658,0.049972499,0.000000000,0.000000000,0.050000000,0.001117064,0.001261663,-0.000027491,0.001685343,0.000615345
25.348300690,TRACKING,,0.002116975,1,-0.001117069,0.001261658,0.049972499,0.000000000,0.000000000,0.050000000,0.001117064,0.001261663,-0.000027491,0.001685343,0.000615345
25.358319219,TRACKING,,0.001136256,1,-0.001014906,0.001245866,0.049971610,0.000000000,0.000000000,0.050000000,0.001014901,0.001245870,-0.000028381,0.001607178,0.000633917
25.368388803,TRACKING,,0.000419121,1,-0.001291875,0.001230281,0.049970730,0.000000000,0.000000000,0.050000000,0.001291870,0.001230286,-0.000029257,0.001784205,0.000652451
25.378617486,TRACKING,,0.002333066,1,-0.001189557,0.001215130,0.049969925,0.000000000,0.000000000,0.050000000,0.001189552,0.001215136,-0.000030063,0.001700733,0.000669942
25.388714378,TRACKING,,0.001630178,1,-0.001083154,0.001200155,0.049969045,0.000000000,0.000000000,0.050000000,0.001083149,0.001200160,-0.000030943,0.001616958,0.000688713
25.398773275,TRACKING,,0.000867924,1,-0.001375482,0.001185351,0.049968274,0.000000000,0.000000000,0.050000000,0.001375477,0.001185357,-0.000031711,0.001816044,0.000705959
25.408922409,TRACKING,,0.002657202,1,-0.001266352,0.001170651,0.049967479,0.000000000,0.000000000,0.050000000,0.001266347,0.001170657,-0.000032507,0.001724856,0.000723554
25.419107162,TRACKING,,0.001604057,1,-0.001151755,0.001155787,0.049966703,0.000000000,0.000000000,0.050000000,0.001151750,0.001155793,-0.000033283,0.001632021,0.000741177
25.428932159,TRACKING,,0.002201275,1,-0.001442323,0.001139375,0.049965994,0.000000000,0.000000000,0.050000000,0.001442318,0.001139381,-0.000033988,0.001838376,0.000758581
25.439095540,TRACKING,,0.001593371,1,-0.001333578,0.001125972,0.049965465,0.000000000,0.000000000,0.050000000,0.001333573,0.001125978,-0.000034518,0.001745691,0.000772152
25.449192432,TRACKING,,0.000413184,1,-0.001218085,0.001112169,0.049964968,0.000000000,0.000000000,0.050000000,0.001218081,0.001112174,-0.000035016,0.001649812,0.000785494
25.459219272,TRACKING,,0.002039800,1,-0.001218085,0.001112169,0.049964968,0.000000000,0.000000000,0.050000000,0.001218081,0.001112174,-0.000035016,0.001649812,0.000785494
25.469355345,TRACKING,,0.001281109,1,-0.001538399,0.001098389,0.049964591,0.000000000,0.000000000,0.050000000,0.001538394,0.001098396,-0.000035389,0.001890604,0.000797084
25.479443926,TRACKING,,0.000566347,1,-0.001425306,0.001084974,0.049964263,0.000000000,0.000000000,0.050000000,0.001425301,0.001084980,-0.000035718,0.001791631,0.000807731
25.489590685,TRACKING,,0.002526597,1,-0.001310979,0.001071849,0.049963899,0.000000000,0.000000000,0.050000000,0.001310975,0.001071855,-0.000036083,0.001693762,0.000818931
25.499545099,TRACKING,,0.001516196,1,-0.001650085,0.001058825,0.049963646,0.000000000,0.000000000,0.050000000,0.001650080,0.001058833,-0.000036332,0.001960921,0.000828402
25.509770221,TRACKING,,0.000701701,1,-0.001536093,0.001045848,0.049963529,0.000000000,0.000000000,0.050000000,0.001536088,0.001045855,-0.000036450,0.001858685,0.000835673
25.519747194,TRACKING,,0.002411429,1,-0.001418274,0.001032988,0.049963256,0.000000000,0.000000000,0.050000000,0.001418270,0.001032994,-0.000036724,0.001754969,0.000845309
25.529795406,TRACKING,,0.001706166,1,-0.001771305,0.001020313,0.049963154,0.000000000,0.000000000,0.050000000,0.001771300,0.001020321,-0.000036821,0.002044484,0.000852275
25.539798500,TRACKING,,0.001035336,1,-0.001658462,0.001008295,0.049963109,0.000000000,0.000000000,0.050000000,0.001658458,0.001008303,-0.000036867,0.001941267,0.000858134
25.550002250,TRACKING,,0.000503420,1,-0.001543170,0.000996437,0.049962948,0.000000000,0.000000000,0.050000000,0.001543166,0.000996443,-0.000037030,0.001837289,0.000865549
25.560149009,TRACKING,,0.000032057,1,-0.001914672,0.000984687,0.049962934,0.000000000,0.000000000,0.050000000,0.001914668,0.000984696,-0.000037038,0.002153358,0.000870540
25.570228091,TRACKING,,0.002208398,1,-0.001800058,0.000973280,0.049962871,0.000000000,0.000000000,0.050000000,0.001800054,0.000973288,-0.000037102,0.002046671,0.000876169
25.580278677,TRACKING,,0.001737036,1,-0.001685782,0.000962169,0.049962835,0.000000000,0.000000000,0.050000000,0.001685778,0.000962176,-0.000037140,0.001941394,0.000881273
25.590380318,TRACKING,,0.001186124,1,-0.002072662,0.000951095,0.049962939,0.000000000,0.000000000,0.050000000,0.002072658,0.000951104,-0.000037031,0.002280763,0.000883981
25.600473648,TRACKING,,0.000562786,1,-0.001954784,0.000940107,0.049962850,0.000000000,0.000000000,0.050000000,0.001954780,0.000940116,-0.000037121,0.002169415,0.000889662
25.610551543,TRACKING,,0.002226208,1,-0.001954784,0.000940107,0.049962850,0.000000000,0.000000000,0.050000000,0.001954780,0.000940116,-0.000037121,0.002169415,0.000889662
25.620693552,TRACKING,,0.001131507,1,-0.001830976,0.000928738,0.049962824,0.000000000,0.000000000,0.050000000,0.001830973,0.000928746,-0.000037148,0.002053390,0.000894493
25.630803504,TRACKING,,0.000029683,1,-0.002219354,0.000917235,0.049962753,0.000000000,0.000000000,0.050000000,0.002219351,0.000917244,-0.000037213,0.002401716,0.000900005
25.640883774,TRACKING,,0.001735849,1,-0.002093714,0.000905876,0.049962728,0.000000000,0.000000000,0.050000000,0.002093710,0.000905885,-0.000037240,0.002281587,0.000904805
25.650992539,TRACKING,,0.000558036,1,-0.001964530,0.000894613,0.049962603,0.000000000,0.000000000,0.050000000,0.001964527,0.000894621,-0.000037367,0.002158960,0.000911131
25.661341140,TRACKING,,0.002135972,1,-0.002363420,0.000883320,0.049962481,0.000000000,0.000000000,0.050000000,0.002363416,0.000883330,-0.000037482,0.002523374,0.000917292
25.671068778,TRACKING,,0.001385592,1,-0.002232672,0.000872206,0.049962415,0.000000000,0.000000000,0.050000000,0.002232669,0.000872216,-0.000037550,0.002397286,0.000922488
25.681092057,TRACKING,,0.000707638,1,-0.002104670,0.000861702,0.049962226,0.000000000,0.000000000,0.050000000,0.002104667,0.000861711,-0.000037741,0.002274554,0.000929452
25.691131958,TRACKING,,0.000250523,1,-0.002521919,0.000851486,0.049962200,0.000000000,0.000000000,0.050000000,0.002521916,0.000851497,-0.000037760,0.002662054,0.000933797
25.701345206,TRACKING,,0.002220272,1,-0.002394757,0.000841371,0.049962131,0.000000000,0.000000000,0.050000000,0.002394754,0.000841381,-0.000037831,0.002538543,0.000938741
25.711370859,TRACKING,,0.001785716,1,-0.002269382,0.000831607,0.049962105,0.000000000,0.000000000,0.050000000,0.002269379,0.000831616,-0.000037859,0.002417251,0.000942869
25.721452316,TRACKING,,0.000802623,1,-0.002698277,0.000821783,0.049962236,0.000000000,0.000000000,0.050000000,0.002698274,0.000821794,-0.000037721,0.002820895,0.000944501
25.731588389,TRACKING,,0.000080737,1,-0.002565081,0.000811809,0.049962180,0.000000000,0.000000000,0.050000000,0.002565078,0.000811820,-0.000037779,0.002690744,0.000949115
25.741471564,TRACKING,,0.002203649,1,-0.002565081,0.000811809,0.049962180,0.000000000,0.000000000,0.050000000,0.002565078,0.000811820,-0.000037779,0.002690744,0.000949115
25.751754864,TRACKING,,0.001093513,1,-0.002437925,0.000802408,0.049962202,0.000000000,0.000000000,0.050000000,0.002437922,0.000802418,-0.000037759,0.002566859,0.000952287
25.761950302,TRACKING,,0.003119065,1,-0.002868741,0.000792436,0.049962164,0.000000000,0.000000000,0.050000000,0.002868738,0.000792448,-0.000037790,0.002976417,0.000956484
25.772216980,TRACKING,,0.000955785,1,-0.002719900,0.000781578,0.049962208,0.000000000,0.000000000,0.050000000,0.002719897,0.000781589,-0.000037748,0.002830221,0.000959732
25.782379173,TRACKING,,0.000028495,1,-0.002580540,0.000771834,0.049962005,0.000000000,0.000000000,0.050000000,0.002580538,0.000771844,-0.000037953,0.002693763,0.000966545
25.792603107,TRACKING,,0.002210773,1,-0.003021177,0.000762297,0.049961914,0.000000000,0.000000000,0.050000000,0.003021174,0.000762309,-0.000038036,0.003116096,0.000971546
25.802369927,TRACKING,,0.001383217,1,-0.002884049,0.000752938,0.049961834,0.000000000,0.000000000,0.050000000,0.002884046,0.000752950,-0.000038118,0.002980958,0.000976394
25.812446634,TRACKING,,0.000677954,1,-0.002745062,0.000743758,0.049961615,0.000000000,0.000000000,0.050000000,0.002745059,0.000743769,-0.000038340,0.002844295,0.000983434
25.822558961,TRACKING,,0.000042743,1,-0.003196596,0.000734701,0.049961567,0.000000000,0.000000000,0.050000000,0.003196594,0.000734714,-0.000038380,0.003280166,0.000987713
25.832880254,TRACKING,,0.002147846,1,-0.003059286,0.000725889,0.049961486,0.000000000,0.000000000,0.050000000,0.003059284,0.000725902,-0.000038462,0.003144460,0.000992422
25.842645886,TRACKING,,0.000955786,1,-0.002916400,0.000716898,0.049961468,0.000000000,0.000000000,0.050000000,0.002916398,0.000716910,-0.000038483,0.003003468,0.000996312
25.853033669,TRACKING,,0.002551531,1,-0.002916400,0.000716898,0.049961468,0.000000000,0.000000000,0.050000000,0.002916398,0.000716910,-0.000038483,0.003003468,0.000996312
25.862845606,TRACKING,,0.001614742,1,-0.003371766,0.000707839,0.049961568,0.000000000,0.000000000,0.050000000,0.003371764,0.000707852,-0.000038374,0.003445478,0.000998328
25.872898568,TRACKING,,0.000390625,1,-0.003234840,0.000699122,0.049961887,0.000000000,0.000000000,0.050000000,0.003234838,0.000699135,-0.000038058,0.003309746,0.000996662
25.882996647,TRACKING,,0.002095604,1,-0.003091157,0.000690296,0.049961949,0.000000000,0.000000000,0.050000000,0.003091155,0.000690309,-0.000037998,0.003167524,0.000998988
25.893070980,TRACKING,,0.001200372,1,-0.003556899,0.000681633,0.049962143,0.000000000,0.000000000,0.050000000,0.003556897,0.000681648,-0.000037796,0.003621821,0.000999189
25.903132252,TRACKING,,0.000505795,1,-0.003417792,0.000673217,0.049962292,0.000000000,0.000000000,0.050000000,0.003417790,0.000673230,-0.000037650,0.003483669,0.000999946
25.913237455,TRACKING,,0.002525410,1,-0.003280768,0.000665138,0.049962434,0.000000000,0.000000000,0.050000000,0.003280766,0.000665151,-0.000037510,0.003347724,0.001000701
25.923302289,TRACKING,,0.001742973,1,-0.003761810,0.000657180,0.049962711,0.000000000,0.000000000,0.050000000,0.003761808,0.000657195,-0.000037224,0.003818965,0.000999191
25.933311320,TRACKING,,0.000922540,1,-0.003626461,0.000649362,0.049963025,0.000000000,0.000000000,0.050000000,0.003626459,0.000649377,-0.000036913,0.003684326,0.000996936
25.943395151,TRACKING,,0.000440492,1,-0.003488252,0.000641631,0.049963173,0.000000000,0.000000000,0.050000000,0.003488250,0.000641645,-0.000036768,0.003546963,0.000997263
25.953614336,TRACKING,,0.000028495,1,-0.003978784,0.000634149,0.049963445,0.000000000,0.000000000,0.050000000,0.003978782,0.000634165,-0.000036487,0.004029169,0.000995473
25.963845394,TRACKING,,0.002225021,1,-0.003843793,0.000626837,0.049963630,0.000000000,0.000000000,0.050000000,0.003843791,0.000626852,-0.000036305,0.003894739,0.000994963
25.973893606,TRACKING,,0.001767906,1,-0.003708649,0.000619675,0.049963822,0.000000000,0.000000000,0.050000000,0.003708647,0.000619689,-0.000036115,0.003760237,0.000994297
25.983984561,TRACKING,,0.000617401,1,-0.003570290,0.000612338,0.049964156,0.000000000,0.000000000,0.050000000,0.003570289,0.000612352,-0.000035783,0.003622598,0.000991405
25.994095701,TRACKING,,0.002306946,1,-0.003570290,0.000612338,0.049964156,0.000000000,0.000000000,0.050000000,0.003570289,0.000612352,-0.000035783,0.003622598,0.000991405
26.004147474,TRACKING,,0.001252613,1,-0.004063519,0.000604849,0.049964635,0.000000000,0.000000000,0.050000000,0.004063517,0.000604864,-0.000035297,0.004108440,0.000985972
26.014231306,TRACKING,,0.000187595,1,-0.003928098,0.000597441,0.049965148,0.000000000,0.000000000,0.050000000,0.003928096,0.000597456,-0.000034786,0.003973425,0.000979851
26.024321074,TRACKING,,0.001604057,1,-0.004427935,0.000590050,0.049965596,0.000000000,0.000000000,0.050000000,0.004427934,0.000590067,-0.000034330,0.004467209,0.000974584
26.034269551,TRACKING,,0.000864362,1,-0.004289573,0.000582794,0.049966033,0.000000000,0.000000000,0.050000000,0.004289571,0.000582810,-0.000033896,0.004329115,0.000969432
26.044540978,TRACKING,,0.002607335,1,-0.004148782,0.000575820,0.049966087,0.000000000,0.000000000,0.050000000,0.004148780,0.000575835,-0.000033844,0.004188688,0.000970122
26.054605812,TRACKING,,0.001656298,1,-0.004648718,0.000568767,0.049966226,0.000000000,0.000000000,0.050000000,0.004648716,0.000568784,-0.000033697,0.004683504,0.000969451
26.067877573,TRACKING,,0.003218800,1,-0.004505039,0.000561924,0.049966358,0.000000000,0.000000000,0.050000000,0.004505038,0.000561941,-0.000033567,0.004540074,0.000968857
26.077539909,TRACKING,,0.000200655,1,-0.004371816,0.000555784,0.049966426,0.000000000,0.000000000,0.050000000,0.004371814,0.000555800,-0.000033502,0.004407130,0.000969150
26.087677170,TRACKING,,0.001843894,1,-0.004222268,0.000549001,0.049966350,0.000000000,0.000000000,0.050000000,0.004222266,0.000549017,-0.000033580,0.004257943,0.000971992
26.097736067,TRACKING,,0.000772940,1,-0.004724773,0.000542254,0.049966488,0.000000000,0.000000000,0.050000000,0.004724772,0.000542272,-0.000033434,0.004755906,0.000971406
26.108058548,TRACKING,,0.002504039,1,-0.004577272,0.000535631,0.049966527,0.000000000,0.000000000,0.050000000,0.004577270,0.000535648,-0.000033397,0.004608626,0.000972368
26.117792123,TRACKING,,0.001469891,1,-0.004431276,0.000529183,0.049966650,0.000000000,0.000000000,0.050000000,0.004431275,0.000529199,-0.000033276,0.004462886,0.000971990
26.128116978,TRACKING,,0.000444055,1,-0.004939062,0.000522711,0.049966851,0.000000000,0.000000000,0.050000000,0.004939060,0.000522729,-0.000033067,0.004966755,0.000970380
26.138001341,TRACKING,,0.002287948,1,-0.004939062,0.000522711,0.049966851,0.000000000,0.000000000,0.050000000,0.004939060,0.000522729,-0.000033067,0.004966755,0.000970380
26.148139789,TRACKING,,0.000974782,1,-0.004794303,0.000516560,0.049966938,0.000000000,0.000000000,0.050000000,0.004794302,0.000516577,-0.000032982,0.004822165,0.000970597
26.158328103,TRACKING,,0.002530160,1,-0.004637839,0.000510190,0.049966747,0.000000000,0.000000000,0.050000000,0.004637838,0.000510207,-0.000033176,0.004665935,0.000975294
26.168110358,TRACKING,,0.001745347,1,-0.005150434,0.000503778,0.049966643,0.000000000,0.000000000,0.050000000,0.005150432,0.000503797,-0.000033271,0.005175120,0.000978631
26.178321231,TRACKING,,0.001268048,1,-0.005007418,0.000498023,0.049966663,0.000000000,0.000000000,0.050000000,0.005007417,0.000498041,-0.000033253,0.005032234,0.000979964
26.188408625,TRACKING,,0.000619777,1,-0.004857032,0.000492205,0.049966418,0.000000000,0.000000000,0.050000000,0.004857031,0.000492222,-0.000033500,0.004882024,0.000985610
26.198773849,TRACKING,,0.002508788,1,-0.005353705,0.000486343,0.049966291,0.000000000,0.000000000,0.050000000,0.005353704,0.000486362,-0.000033618,0.005375856,0.000989489
26.208596472,TRACKING,,0.001420023,1,-0.005200671,0.000480568,0.049966184,0.000000000,0.000000000,0.050000000,0.005200670,0.000480586,-0.000033727,0.005222937,0.000993122
26.218706424,TRACKING,,0.000319387,1,-0.005043108,0.000474794,0.049966060,0.000000000,0.000000000,0.050000000,0.005043107,0.000474812,-0.000033854,0.005065523,0.000997114
26.228804503,TRACKING,,0.002088480,1,-0.005547835,0.000468967,0.049965939,0.000000000,0.000000000,0.050000000,0.005547834,0.000468987,-0.000033965,0.005567726,0.001001043
26.238883585,TRACKING,,0.001003277,1,-0.005387861,0.000463332,0.049965789,0.000000000,0.000000000,0.050000000,0.005387860,0.000463350,-0.000034118,0.005407854,0.001005431
26.249051715,TRACKING,,0.000032057,1,-0.005387861,0.000463332,0.049965789,0.000000000,0.000000000,0.050000000,0.005387860,0.000463350,-0.000034118,0.005407854,0.001005431
26.259178290,TRACKING,,0.001740598,1,-0.005224005,0.000457720,0.049965516,0.000000000,0.000000000,0.050000000,0.005224004,0.000457738,-0.000034393,0.005244132,0.001011931
26.269298928,TRACKING,,0.000573471,1,-0.005724995,0.000452175,0.049965342,0.000000000,0.000000000,0.050000000,0.005724994,0.000452195,-0.000034558,0.005742928,0.001016956
26.279436188,TRACKING,,0.002266577,1,-0.005556604,0.000446535,0.049964996,0.000000000,0.000000000,0.050000000,0.005556603,0.000446554,-0.000034906,0.005574627,0.001024857
26.289473714,TRACKING,,0.001138631,1,-0.005386845,0.000441025,0.049964581,0.000000000,0.000000000,0.050000000,0.005386844,0.000441043,-0.000035323,0.005404985,0.001034012
26.299558733,TRACKING,,0.000028496,1,-0.005881618,0.000435410,0.049964160,0.000000000,0.000000000,0.050000000,0.005881617,0.000435430,-0.000035735,0.005897821,0.001043455
26.309668685,TRACKING,,0.001738224,1,-0.005710782,0.000429992,0.049963841,0.000000000,0.000000000,0.050000000,0.005710781,0.000430011,-0.000036056,0.005727061,0.001051273
26.319777450,TRACKING,,0.000544975,1,-0.005539201,0.000424677,0.049963580,0.000000000,0.000000000,0.050000000,0.005539200,0.000424696,-0.000036320,0.005555576,0.001058203
26.330185417,TRACKING,,0.002286761,1,-0.006035401,0.000419346,0.049963408,0.000000000,0.000000000,0.050000000,0.006035400,0.000419366,-0.000036482,0.006050063,0.001063745
26.339937989,TRACKING,,0.001579123,1,-0.005867817,0.000414312,0.049963269,0.000000000,0.000000000,0.050000000,0.005867816,0.000414332,-0.000036623,0.005882540,0.001068753
26.350164297,TRACKING,,0.000916604,1,-0.005704293,0.000409499,0.049963188,0.000000000,0.000000000,0.050000000,0.005704293,0.000409518,-0.000036706,0.005719091,0.001072779
26.360097340,TRACKING,,0.000295641,1,-0.006207806,0.000404645,0.049963139,0.000000000,0.000000000,0.050000000,0.006207805,0.000404665,-0.000036746,0.006221089,0.001076282
26.370120618,TRACKING,,0.002387683,1,-0.006207806,0.000404645,0.049963139,0.000000000,0.000000000,0.050000000,0.006207805,0.000404665,-0.000036746,0.006221089,0.001076282
26.380085719,TRACKING,,0.001792840,1,-0.006042555,0.000399963,0.049962994,0.000000000,0.000000000,0.050000000,0.006042554,0.000399983,-0.000036894,0.006055891,0.001081405
26.390262160,TRACKING,,0.001284671,1,-0.005875663,0.000395394,0.049962766,0.000000000,0.000000000,0.050000000,0.005875662,0.000395414,-0.000037124,0.005889069,0.001087749
26.400356677,TRACKING,,0.000506982,1,-0.006368592,0.000390640,0.049962314,0.000000000,0.000000000,0.050000000,0.006368591,0.000390661,-0.000037566,0.006380673,0.001097802
26.410440509,TRACKING,,0.002230957,1,-0.006191842,0.000385867,0.049961936,0.000000000,0.000000000,0.050000000,0.006191841,0.000385887,-0.000037946,0.006203970,0.001106870
26.420540962,TRACKING,,0.001093514,1,-0.006009310,0.000381068,0.049961521,0.000000000,0.000000000,0.050000000,0.006009310,0.000381087,-0.000038363,0.006021504,0.001116643
26.430654476,TRACKING,,0.000108046,1,-0.006489743,0.000376187,0.049961137,0.000000000,0.000000000,0.050000000,0.006489743,0.000376208,-0.000038737,0.006500753,0.001126024
26.440740682,TRACKING,,0.001723975,1,-0.006307328,0.000371468,0.049960889,0.000000000,0.000000000,0.050000000,0.006307328,0.000371488,-0.000038987,0.006318378,0.001133236
26.450830450,TRACKING,,0.000492734,1,-0.006124456,0.000366831,0.049960728,0.000000000,0.000000000,0.050000000,0.006124455,0.000366851,-0.000039151,0.006135557,0.001139011
26.460999768,TRACKING,,0.002310507,1,-0.006606863,0.000362184,0.049960675,0.000000000,0.000000000,0.050000000,0.006606862,0.000362205,-0.000039194,0.006616899,0.001143037
26.470918563,TRACKING,,0.001250239,1,-0.006426830,0.000357736,0.049960672,0.000000000,0.000000000,0.050000000,0.006426830,0.000357757,-0.000039201,0.006436899,0.001146209
26.480950153,TRACKING,,0.000241025,1,-0.006243932,0.000353322,0.049960590,0.000000000,0.000000000,0.050000000,0.006243932,0.000353341,-0.000039286,0.006254045,0.001150702
26.490997177,TRACKING,,0.001898510,1,-0.006243932,0.000353322,0.049960590,0.000000000,0.000000000,0.050000000,0.006243932,0.000353341,-0.000039286,0.006254045,0.001150702
26.501063199,TRACKING,,0.000815682,1,-0.006726169,0.000348938,0.049960777,0.000000000,0.000000000,0.050000000,0.006726169,0.000348959,-0.000039089,0.006735328,0.001150713
26.511297819,TRACKING,,0.002501664,1,-0.006546886,0.000344597,0.049960945,0.000000000,0.000000000,0.050000000,0.006546886,0.000344617,-0.000038925,0.006556065,0.001150945
26.521236798,TRACKING,,0.001389154,1,-0.006367792,0.000340355,0.049961096,0.000000000,0.000000000,0.050000000,0.006367791,0.000340375,-0.000038778,0.006377000,0.001151294
26.531300445,TRACKING,,0.000355006,1,-0.006845473,0.000336061,0.049961266,0.000000000,0.000000000,0.050000000,0.006845473,0.000336082,-0.000038598,0.006853827,0.001151290
26.541830705,TRACKING,,0.001954314,1,-0.006668126,0.000331917,0.049961526,0.000000000,0.000000000,0.050000000,0.006668125,0.000331938,-0.000038342,0.006676492,0.001149688
26.551577340,TRACKING,,0.001228867,1,-0.006492488,0.000327899,0.049961814,0.000000000,0.000000000,0.050000000,0.006492488,0.000327919,-0.000038058,0.006500875,0.001147479
26.561973434,TRACKING,,0.000486798,1,-0.006971794,0.000323904,0.049962119,0.000000000,0.000000000,0.050000000,0.006971794,0.000323925,-0.000037743,0.006979417,0.001144829
26.572044205,TRACKING,,0.002595462,1,-0.006802134,0.000320131,0.049962386,0.000000000,0.000000000,0.050000000,0.006802134,0.000320151,-0.000037480,0.006809767,0.001142604
26.581784904,TRACKING,,0.001752471,1,-0.006631431,0.000316401,0.049962694,0.000000000,0.000000000,0.050000000,0.006631431,0.000316421,-0.000037176,0.006639079,0.001139569
26.591829554,TRACKING,,0.000962909,1,-0.007111913,0.000312641,0.049963187,0.000000000,0.000000000,0.050000000,0.007111912,0.000312662,-0.000036674,0.007118876,0.001133417
26.601842146,TRACKING,,0.000396562,1,-0.006941677,0.000309057,0.049963388,0.000000000,0.000000000,0.050000000,0.006941676,0.000309078,-0.000036477,0.006948650,0.001131894
26.611899857,TRACKING,,0.002287948,1,-0.006941677,0.000309057,0.049963388,0.000000000,0.000000000,0.050000000,0.006941676,0.000309078,-0.000036477,0.006948650,0.001131894
26.622034742,TRACKING,,0.001594559,1,-0.006770919,0.000305505,0.049963639,0.000000000,0.000000000,0.050000000,0.006770919,0.000305525,-0.000036229,0.006777905,0.001129510
26.632105513,TRACKING,,0.000833492,1,-0.007243754,0.000301944,0.049963936,0.000000000,0.000000000,0.050000000,0.007243754,0.000301965,-0.000035923,0.007250134,0.001126337
26.642276018,TRACKING,,0.002531346,1,-0.007067715,0.000298356,0.049963978,0.000000000,0.000000000,0.050000000,0.007067715,0.000298377,-0.000035884,0.007074101,0.001127215
26.652231620,TRACKING,,0.002031489,1,-0.006885502,0.000294753,0.049963888,0.000000000,0.000000000,0.050000000,0.006885502,0.000294773,-0.000035977,0.006891902,0.001130307
26.662270334,TRACKING,,0.001589810,1,-0.007349063,0.000291284,0.049963890,0.000000000,0.000000000,0.050000000,0.007349063,0.000291306,-0.000035966,0.007354922,0.001131945
26.672379098,TRACKING,,0.000530728,1,-0.007174452,0.000287871,0.049963959,0.000000000,0.000000000,0.050000000,0.007174452,0.000287891,-0.000035901,0.007180316,0.001132510
26.682416625,TRACKING,,0.002141909,1,-0.006986802,0.000284333,0.049963749,0.000000000,0.000000000,0.050000000,0.006986802,0.000284354,-0.000036114,0.006992679,0.001137644
26.692486208,TRACKING,,0.000993779,1,-0.007430974,0.000280758,0.049963757,0.000000000,0.000000000,0.050000000,0.007430973,0.000280779,-0.000036096,0.007436364,0.001139357
26.702798003,TRACKING,,0.002726066,1,-0.007240983,0.000277269,0.049963635,0.000000000,0.000000000,0.050000000,0.007240982,0.000277290,-0.000036222,0.007246380,0.001143220
26.712683553,TRACKING,,0.001609994,1,-0.007055273,0.000273908,0.049963661,0.000000000,0.000000000,0.050000000,0.007055273,0.000273928,-0.000036200,0.007060682,0.001144701
26.722761448,TRACKING,,0.000463051,1,-0.007497569,0.000270558,0.049963938,0.000000000,0.000000000,0.050000000,0.007497569,0.000270579,-0.000035914,0.007502536,0.001142061
26.732775228,TRACKING,,0.002248767,1,-0.007497569,0.000270558,0.049963938,0.000000000,0.000000000,0.050000000,0.007497569,0.000270579,-0.000035914,0.007502536,0.001142061
26.742900615,TRACKING,,0.001190873,1,-0.007311556,0.000267301,0.049963979,0.000000000,0.000000000,0.050000000,0.007311556,0.000267322,-0.000035876,0.007316529,0.001143234
26.753126924,TRACKING,,0.002918410,1,-0.007121123,0.000264097,0.049963725,0.000000000,0.000000000,0.050000000,0.007121123,0.000264117,-0.000036133,0.007126111,0.001149189
26.763362731,TRACKING,,0.001430710,1,-0.007535566,0.000260690,0.049963551,0.000000000,0.000000000,0.050000000,0.007535566,0.000260712,-0.000036299,0.007540162,0.001154014
26.773091556,TRACKING,,0.000649459,1,-0.007348559,0.000257555,0.049963536,0.000000000,0.000000000,0.050000000,0.007348559,0.000257575,-0.000036317,0.007353161,0.001156197
26.783335675,TRACKING,,0.000032058,1,-0.007160816,0.000254512,0.049963249,0.000000000,0.000000000,0.050000000,0.007160816,0.000254532,-0.000036607,0.007165432,0.001162779
26.793419506,TRACKING,,0.002023178,1,-0.007582632,0.000251432,0.049963129,0.000000000,0.000000000,0.050000000,0.007582632,0.000251453,-0.000036718,0.007586889,0.001166698
26.803529458,TRACKING,,0.001379656,1,-0.007397234,0.000248462,0.049963064,0.000000000,0.000000000,0.050000000,0.007397234,0.000248483,-0.000036787,0.007401498,0.001169708
26.813631099,TRACKING,,0.000669643,1,-0.007210491,0.000245540,0.049962990,0.000000000,0.000000000,0.050000000,0.007210491,0.000245559,-0.000036863,0.007214765,0.001172855
26.823727991,TRACKING,,0.000017809,1,-0.007620926,0.000242565,0.049962906,0.000000000,0.000000000,0.050000000,0.007620926,0.000242586,-0.000036939,0.007624876,0.001176217
26.833804698,TRACKING,,0.002087292,1,-0.007433614,0.000239712,0.049962815,0.000000000,0.000000000,0.050000000,0.007433615,0.000239732,-0.000037034,0.007437571,0.001179733
26.843898028,TRACKING,,0.001425961,1,-0.007247586,0.000236914,0.049962819,0.000000000,0.000000000,0.050000000,0.007247586,0.000236934,-0.000037033,0.007251553,0.001181651
26.853983047,TRACKING,,0.000484423,1,-0.007647546,0.000234015,0.049963057,0.000000000,0.000000000,0.050000000,0.007647546,0.000234036,-0.000036787,0.007651215,0.001179750
26.864064503,TRACKING,,0.000030870,1,-0.007647546,0.000234015,0.049963057,0.000000000,0.000000000,0.050000000,0.007647546,0.000234036,-0.000036787,0.007651215,0.001179750
26.874164957,TRACKING,,0.002147846,1,-0.007462061,0.000231305,0.049963051,0.000000000,0.000000000,0.050000000,0.007462061,0.000231325,-0.000036797,0.007465737,0.001181734
26.884179924,TRACKING,,0.001370157,1,-0.007276112,0.000228669,0.049962976,0.000000000,0.000000000,0.050000000,0.007276113,0.000228689,-0.000036874,0.007279799,0.001184800
26.894275629,TRACKING,,0.000575846,1,-0.007658110,0.000225885,0.049962642,0.000000000,0.000000000,0.050000000,0.007658110,0.000225905,-0.000037200,0.007661532,0.001192226
26.904439010,TRACKING,,0.002568154,1,-0.007463289,0.000223154,0.049962425,0.000000000,0.000000000,0.050000000,0.007463289,0.000223174,-0.000037421,0.007466719,0.001197817
26.914452790,TRACKING,,0.001899697,1,-0.007268382,0.000220485,0.049962164,0.000000000,0.000000000,0.050000000,0.007268383,0.000220504,-0.000037684,0.007271824,0.001204151
26.924597174,TRACKING,,0.001238365,1,-0.007642559,0.000217802,0.049962086,0.000000000,0.000000000,0.050000000,0.007642559,0.000217822,-0.000037754,0.007645756,0.001207598
26.934659633,TRACKING,,0.000479673,1,-0.007447988,0.000215166,0.049961922,0.000000000,0.000000000,0.050000000,0.007447989,0.000215186,-0.000037921,0.007451193,0.001212483
26.944779084,TRACKING,,0.002411428,1,-0.007252363,0.000212559,0.049961816,0.000000000,0.000000000,0.050000000,0.007252363,0.000212578,-0.000038031,0.007255577,0.001216434
26.954855792,TRACKING,,0.001932942,1,-0.007615914,0.000209953,0.049961953,0.000000000,0.000000000,0.050000000,0.007615914,0.000209973,-0.000037886,0.007618902,0.001216403
26.964983553,TRACKING,,0.001086389,1,-0.007425932,0.000207430,0.049962190,0.000000000,0.000000000,0.050000000,0.007425932,0.000207449,-0.000037653,0.007428925,0.001214640
26.975430702,TRACKING,,0.002965902,1,-0.007227663,0.000204862,0.049962284,0.000000000,0.000000000,0.050000000,0.007227663,0.000204881,-0.000037563,0.007230664,0.001215226
26.985393427,TRACKING,,0.001588622,1,-0.007569912,0.000202198,0.049962715,0.000000000,0.000000000,0.050000000,0.007569913,0.000202218,-0.000037127,0.007572704,0.001210259
26.995383461,TRACKING,,0.000825181,1,-0.007383308,0.000199800,0.049963153,0.000000000,0.000000000,0.050000000,0.007383308,0.000199818,-0.000036693,0.007386103,0.001204845
27.005570588,TRACKING,,0.000160287,1,-0.007198614,0.000197474,0.049963446,0.000000000,0.000000000,0.050000000,0.007198614,0.000197492,-0.000036405,0.007201415,0.001201690
27.015695976,TRACKING,,0.002312882,1,-0.007198614,0.000197474,0.049963446,0.000000000,0.000000000,0.050000000,0.007198614,0.000197492,-0.000036405,0.007201415,0.001201690
27.025773870,TRACKING,,0.001881888,1,-0.007019210,0.000195185,0.049963952,0.000000000,0.000000000,0.050000000,0.007019210,0.000195203,-0.000035902,0.007022015,0.001194995
27.035851765,TRACKING,,0.001326226,1,-0.007371279,0.000192860,0.049964628,0.000000000,0.000000000,0.050000000,0.007371279,0.000192879,-0.000035221,0.007373886,0.001185357
27.045953406,TRACKING,,0.000645897,1,-0.007198032,0.000190583,0.049965379,0.000000000,0.000000000,0.050000000,0.007198032,0.000190601,-0.000034475,0.007200638,0.001174173
27.056091854,TRACKING,,0.002551531,1,-0.007013332,0.000188254,0.049965690,0.000000000,0.000000000,0.050000000,0.007013333,0.000188272,-0.000034168,0.007015942,0.001170112
27.066125818,TRACKING,,0.001501948,1,-0.007342311,0.000185867,0.049966089,0.000000000,0.000000000,0.050000000,0.007342311,0.000185885,-0.000033763,0.007344741,0.001164504
27.076198963,TRACKING,,0.000419120,1,-0.007155875,0.000183515,0.049966640,0.000000000,0.000000000,0.050000000,0.007155875,0.000183532,-0.000033217,0.007158306,0.001156203
27.086293480,TRACKING,,0.002087293,1,-0.006965179,0.000181194,0.049966911,0.000000000,0.000000000,0.050000000,0.006965180,0.000181211,-0.000032950,0.006967614,0.001152354
27.096370188,TRACKING,,0.001034148,1,-0.007279326,0.000178869,0.049967393,0.000000000,0.000000000,0.050000000,0.007279326,0.000178887,-0.000032463,0.007281597,0.001144967
27.106551379,TRACKING,,0.000034432,1,-0.007090730,0.000176619,0.049967721,0.000000000,0.000000000,0.050000000,0.007090730,0.000176636,-0.000032139,0.007093003,0.001140089
27.116631648,TRACKING,,0.001817773,1,-0.006903786,0.000174416,0.049968126,0.000000000,0.000000000,0.050000000,0.006903786,0.000174433,-0.000031738,0.006906062,0.001133892
27.126751099,TRACKING,,0.000757504,1,-0.007206501,0.000172201,0.049968769,0.000000000,0.000000000,0.050000000,0.007206501,0.000172218,-0.000031090,0.007208625,0.001123624
27.136837305,TRACKING,,0.002420926,1,-0.007206501,0.000172201,0.049968769,0.000000000,0.000000000,0.050000000,0.007206501,0.000172218,-0.000031090,0.007208625,0.001123624
27.146912825,TRACKING,,0.001460392,1,-0.007019801,0.000170070,0.049969162,0.000000000,0.000000000,0.050000000,0.007019801,0.000170086,-0.000030702,0.007021928,0.001117284
27.157293484,TRACKING,,0.000231525,1,-0.006833773,0.000168013,0.049969498,0.000000000,0.000000000,0.050000000,0.006833773,0.000168029,-0.000030371,0.006835906,0.001111830
27.168572937,TRACKING,,0.000804996,1,-0.007110361,0.000165882,0.049969570,0.000000000,0.000000000,0.050000000,0.007110361,0.000165899,-0.000030293,0.007112360,0.001110544
27.178568907,TRACKING,,0.000141290,1,-0.006923032,0.000163858,0.049969677,0.000000000,0.000000000,0.050000000,0.006923032,0.000163874,-0.000030190,0.006925037,0.001108735
27.189014868,TRACKING,,0.002203649,1,-0.006736161,0.000161906,0.049969591,0.000000000,0.000000000,0.050000000,0.006736161,0.000161922,-0.000030280,0.006738175,0.001110155
27.198963346,TRACKING,,0.001666985,1,-0.007005979,0.000159938,0.049969621,0.000000000,0.000000000,0.050000000,0.007005980,0.000159954,-0.000030245,0.007007871,0.001109793
27.208904700,TRACKING,,0.001131508,1,-0.006825553,0.000158047,0.049969802,0.000000000,0.000000000,0.050000000,0.006825553,0.000158063,-0.000030067,0.006827449,0.001106921
27.219018214,TRACKING,,0.000024933,1,-0.006637602,0.000156150,0.049969720,0.000000000,0.000000000,0.050000000,0.006637602,0.000156165,-0.000030153,0.006639507,0.001108398
27.229091360,TRACKING,,0.001628991,1,-0.006879308,0.000154151,0.049969868,0.000000000,0.000000000,0.050000000,0.006879308,0.000154167,-0.000030000,0.006881101,0.001106157
27.239158569,TRACKING,,0.000758691,1,-0.006692960,0.000152270,0.049970126,0.000000000,0.000000000,0.050000000,0.006692960,0.000152286,-0.000029746,0.006694759,0.001102055
27.249313639,TRACKING,,0.002546782,1,-0.006501458,0.000150404,0.049970179,0.000000000,0.000000000,0.050000000,0.006501458,0.000150419,-0.000029697,0.006503266,0.001101296
27.259336917,TRACKING,,0.001480577,1,-0.006732186,0.000148517,0.049970534,0.000000000,0.000000000,0.050000000,0.006732186,0.000148532,-0.000029339,0.006733889,0.001095648
27.269419561,TRACKING,,0.000381127,1,-0.006545650,0.000146710,0.049970926,0.000000000,0.000000000,0.050000000,0.006545651,0.000146724,-0.000028950,0.006547359,0.001089310
27.279451151,TRACKING,,0.002046924,1,-0.006545650,0.000146710,0.049970926,0.000000000,0.000000000,0.050000000,0.006545651,0.000146724,-0.000028950,0.006547359,0.001089310
27.289768882,TRACKING,,0.000972408,1,-0.006357903,0.000144929,0.049971205,0.000000000,0.000000000,0.050000000,0.006357904,0.000144943,-0.000028675,0.006359620,0.001084740
27.299863399,TRACKING,,0.000049867,1,-0.006568012,0.000143112,0.049971397,0.000000000,0.000000000,0.050000000,0.006568012,0.000143127,-0.000028480,0.006569633,0.001081569
27.309932983,TRACKING,,0.001733474,1,-0.006380894,0.000141353,0.049971632,0.000000000,0.000000000,0.050000000,0.006380894,0.000141367,-0.000028248,0.006382522,0.001077640
27.320019189,TRACKING,,0.000990217,1,-0.006191364,0.000139620,0.049971763,0.000000000,0.000000000,0.050000000,0.006191364,0.000139634,-0.000028122,0.006193002,0.001075481
27.330104207,TRACKING,,0.000154351,1,-0.006388584,0.000137914,0.049971848,0.000000000,0.000000000,0.050000000,0.006388584,0.000137928,-0.000028033,0.006390135,0.001074094
27.340180915,TRACKING,,0.001862891,1,-0.006201127,0.000136218,0.049972011,0.000000000,0.000000000,0.050000000,0.006201127,0.000136231,-0.000027874,0.006202686,0.001071350
27.350268308,TRACKING,,0.000757504,1,-0.006014165,0.000134549,0.049972250,0.000000000,0.000000000,0.050000000,0.006014166,0.000134562,-0.000027639,0.006015734,0.001067328
27.360392508,TRACKING,,0.002536096,1,-0.006187973,0.000132834,0.049972571,0.000000000,0.000000000,0.050000000,0.006187973,0.000132847,-0.000027315,0.006189460,0.001061935
27.370399164,TRACKING,,0.001441395,1,-0.006001271,0.000131178,0.049972962,0.000000000,0.000000000,0.050000000,0.006001271,0.000131191,-0.000026928,0.006002765,0.001055374
27.380548297,TRACKING,,0.001509073,1,-0.006001271,0.000131178,0.049972962,0.000000000,0.000000000,0.050000000,0.006001271,0.000131191,-0.000026928,0.006002765,0.001055374
27.390554954,TRACKING,,0.000286142,1,-0.005792156,0.000129354,0.049973369,0.000000000,0.000000000,0.050000000,0.005792156,0.000129366,-0.000026525,0.005793661,0.001048428
27.400651845,TRACKING,,0.002394806,1,-0.005947412,0.000127715,0.049973762,0.000000000,0.000000000,0.050000000,0.005947412,0.000127728,-0.000026130,0.005948841,0.001041645
27.410748737,TRACKING,,0.001935317,1,-0.005773557,0.000126201,0.049974188,0.000000000,0.000000000,0.050000000,0.005773557,0.000126213,-0.000025709,0.005774994,0.001034267
27.420846816,TRACKING,,0.001398652,1,-0.005599546,0.000124727,0.049974506,0.000000000,0.000000000,0.050000000,0.005599546,0.000124739,-0.000025394,0.005600993,0.001028607
27.430938959,TRACKING,,0.000515293,1,-0.005745879,0.000123230,0.049974912,0.000000000,0.000000000,0.050000000,0.005745879,0.000123242,-0.000024986,0.005747255,0.001021456
27.441041787,TRACKING,,0.002486229,1,-0.005566304,0.000121725,0.049975191,0.000000000,0.000000000,0.050000000,0.005566304,0.000121736,-0.000024711,0.005567690,0.001016291
27.451097123,TRACKING,,0.001801151,1,-0.005390143,0.000120270,0.049975506,0.000000000,0.000000000,0.050000000,0.005390143,0.000120281,-0.000024399,0.005391540,0.001010485
27.461173830,TRACKING,,0.000863175,1,-0.005515901,0.000118804,0.049976030,0.000000000,0.000000000,0.050000000,0.005515901,0.000118816,-0.000023875,0.005517232,0.001001197
27.471409637,TRACKING,,0.002663139,1,-0.005334635,0.000117309,0.049976449,0.000000000,0.000000000,0.050000000,0.005334635,0.000117319,-0.000023459,0.005335977,0.000993443
27.481372363,TRACKING,,0.001561314,1,-0.005159559,0.000115858,0.049977031,0.000000000,0.000000000,0.050000000,0.005159560,0.000115868,-0.000022881,0.005160911,0.000983007
27.491427699,TRACKING,,0.000593656,1,-0.005267083,0.000114409,0.049977873,0.000000000,0.000000000,0.050000000,0.005267083,0.000114419,-0.000022038,0.005268372,0.000968138
27.501488971,TRACKING,,0.002184652,1,-0.005267083,0.000114409,0.049977873,0.000000000,0.000000000,0.050000000,0.005267083,0.000114419,-0.000022038,0.005268372,0.000968138
27.511787705,TRACKING,,0.001262112,1,-0.005091524,0.000112952,0.049978568,0.000000000,0.000000000,0.050000000,0.005091525,0.000112962,-0.000021347,0.005092822,0.000955389
27.521740933,TRACKING,,0.000480861,1,-0.004923523,0.000111580,0.049979250,0.000000000,0.000000000,0.050000000,0.004923524,0.000111590,-0.000020670,0.004924831,0.000942842
27.531994549,TRACKING,,0.002349688,1,-0.005007716,0.000110196,0.049979719,0.000000000,0.000000000,0.050000000,0.005007716,0.000110205,-0.000020200,0.005008969,0.000933651
27.542085504,TRACKING,,0.001241927,1,-0.004838721,0.000108801,0.049980330,0.000000000,0.000000000,0.050000000,0.004838721,0.000108810,-0.000019593,0.004839984,0.000921999
27.552019735,TRACKING,,0.000465426,1,-0.004671200,0.000107426,0.049980983,0.000000000,0.000000000,0.050000000,0.004671200,0.000107435,-0.000018944,0.004672474,0.000909558
27.562127312,TRACKING,,0.002405492,1,-0.004738039,0.000106063,0.049981634,0.000000000,0.000000000,0.050000000,0.004738039,0.000106072,-0.000018293,0.004739261,0.000897055
27.572169587,TRACKING,,0.001704978,1,-0.004579379,0.000104725,0.049982443,0.000000000,0.000000000,0.050000000,0.004579379,0.000104734,-0.000017487,0.004580610,0.000881826
27.582182180,TRACKING,,0.000618589,1,-0.004424373,0.000103413,0.049983358,0.000000000,0.000000000,0.050000000,0.004424373,0.000103421,-0.000016576,0.004425613,0.000864700
27.592191211,TRACKING,,0.001410525,1,-0.004458885,0.000101930,0.049984485,0.000000000,0.000000000,0.050000000,0.004458885,0.000101938,-0.000015450,0.004460077,0.000843571
27.602220426,TRACKING,,0.000835867,1,-0.004308087,0.000100618,0.049985545,0.000000000,0.000000000,0.050000000,0.004308087,0.000100626,-0.000014394,0.004309286,0.000823505
27.612282885,TRACKING,,0.000295640,1,-0.004166356,0.000099354,0.049986757,0.000000000,0.000000000,0.050000000,0.004166356,0.000099362,-0.000013185,0.004167562,0.000800731
27.622836892,TRACKING,,0.002432800,1,-0.004166356,0.000099354,0.049986757,0.000000000,0.000000000,0.050000000,0.004166356,0.000099362,-0.000013185,0.004167562,0.000800731
27.632598962,TRACKING,,0.001681232,1,-0.004209417,0.000098081,0.049988168,0.000000000,0.000000000,0.050000000,0.004209417,0.000098089,-0.000011776,0.004210577,0.000774464
27.642689917,TRACKING,,0.000470175,1,-0.004075578,0.000096798,0.049989780,0.000000000,0.000000000,0.050000000,0.004075578,0.000096806,-0.000010168,0.004076740,0.000744512
27.652818866,TRACKING,,0.002150220,1,-0.003933371,0.000095467,0.049991127,0.000000000,0.000000000,0.050000000,0.003933371,0.000095474,-0.000008825,0.003934540,0.000718293
27.662795839,TRACKING,,0.000952223,1,-0.003948321,0.000094135,0.049992548,0.000000000,0.000000000,0.050000000,0.003948321,0.000094142,-0.000007405,0.003949450,0.000690685
27.672855924,TRACKING,,0.000156725,1,-0.003812470,0.000092820,0.049993930,0.000000000,0.000000000,0.050000000,0.003812470,0.000092827,-0.000006026,0.003813604,0.000663387
27.682919571,TRACKING,,0.001731099,1,-0.003681392,0.000091536,0.049995370,0.000000000,0.000000000,0.050000000,0.003681391,0.000091542,-0.000004590,0.003682532,0.000634992
27.692979657,TRACKING,,0.000596030,1,-0.003681686,0.000090248,0.049996975,0.000000000,0.000000000,0.050000000,0.003681686,0.000090254,-0.000002987,0.003682794,0.000603672
27.703090796,TRACKING,,0.002450610,1,-0.003558218,0.000088983,0.049998555,0.000000000,0.000000000,0.050000000,0.003558217,0.000088989,-0.000001410,0.003559330,0.000572427
27.713091515,TRACKING,,0.001387966,1,-0.003439570,0.000087737,0.050000254,0.000000000,0.000000000,0.050000000,0.003439570,0.000087743,0.000000285,0.003440689,0.000538981
27.723142102,TRACKING,,0.000340758,1,-0.003424819,0.000086486,0.050002012,0.000000000,0.000000000,0.050000000,0.003424819,0.000086492,0.000002041,0.003425912,0.000504211
27.733208124,TRACKING,,0.002030302,1,-0.003424819,0.000086486,0.050002012,0.000000000,0.000000000,0.050000000,0.003424819,0.000086492,0.000002041,0.003425912,0.000504211
27.743335885,TRACKING,,0.000832305,1,-0.003314520,0.000085271,0.050003804,0.000000000,0.000000000,0.050000000,0.003314520,0.000085277,0.000003830,0.003315619,0.000468703
27.753603750,TRACKING,,0.002625144,1,-0.003204912,0.000084056,0.050005494,0.000000000,0.000000000,0.050000000,0.003204912,0.000084062,0.000005517,0.003206019,0.000434488
27.763711327,TRACKING,,0.000996153,1,-0.003166952,0.000082800,0.050007284,0.000000000,0.000000000,0.050000000,0.003166952,0.000082806,0.000007305,0.003168043,0.000398336
27.773619437,TRACKING,,0.000207780,1,-0.003063787,0.000081597,0.050008965,0.000000000,0.000000000,0.050000000,0.003063787,0.000081603,0.000008983,0.003064887,0.000363961
27.783725827,TRACKING,,0.001975685,1,-0.002967933,0.000080452,0.050010630,0.000000000,0.000000000,0.050000000,0.002967933,0.000080457,0.000010646,0.002969042,0.000330025
27.793855963,TRACKING,,0.001117260,1,-0.002918660,0.000079300,0.050012392,0.000000000,0.000000000,0.050000000,0.002918660,0.000079305,0.000012406,0.002919764,0.000294525
27.804423030,TRACKING,,0.000032057,1,-0.002824818,0.000078100,0.050014238,0.000000000,0.000000000,0.050000000,0.002824818,0.000078104,0.000014250,0.002825933,0.000257573
27.814354886,TRACKING,,0.001885449,1,-0.002736298,0.000076925,0.050016147,0.000000000,0.000000000,0.050000000,0.002736298,0.000076929,0.000016156,0.002737427,0.000220317
27.824447028,TRACKING,,0.001421211,1,-0.002673397,0.000075849,0.050017986,0.000000000,0.000000000,0.050000000,0.002673396,0.000075853,0.000017993,0.002674533,0.000185823
27.834738639,TRACKING,,0.000908292,1,-0.002598802,0.000074774,0.050019809,0.000000000,0.000000000,0.050000000,0.002598802,0.000074778,0.000019814,0.002599953,0.000153434
27.844626564,TRACKING,,0.000081925,1,-0.002526591,0.000073690,0.050021706,0.000000000,0.000000000,0.050000000,0.002526591,0.000073694,0.000021709,0.002527759,0.000123968
27.854670026,TRACKING,,0.000070051,1,-0.002526591,0.000073690,0.050021706,0.000000000,0.000000000,0.050000000,0.002526591,0.000073694,0.000021709,0.002527759,0.000123968
27.864914145,TRACKING,,0.002090855,1,-0.002446929,0.000072438,0.050009121,0.000000000,0.000000000,0.050000000,0.002446929,0.000072442,0.000009122,0.002448018,0.000100484
27.875046656,TRACKING,,0.001566063,1,-0.002383664,0.000071400,0.050011071,0.000000000,0.000000000,0.050000000,0.002383664,0.000071404,0.000011070,0.002384759,0.000096169
27.885007007,TRACKING,,0.001036522,1,-0.002323964,0.000070385,0.050013240,0.000000000,0.000000000,0.050000000,0.002323963,0.000070388,0.000013238,0.002325067,0.000107896
27.895170388,TRACKING,,0.000048680,1,-0.002265112,0.000069342,0.049971836,0.000000000,0.000000000,0.050000000,0.002265112,0.000069345,-0.000028167,0.002266348,0.000130869
27.905230473,TRACKING,,0.001708540,1,-0.002207548,0.000068283,0.049974925,0.000000000,0.000000000,0.050000000,0.002207548,0.000068286,-0.000025080,0.002208746,0.000161075
27.915333301,TRACKING,,0.000609090,1,-0.002153167,0.000067244,0.049978949,0.000000000,0.000000000,0.050000000,0.002153167,0.000067247,-0.000021057,0.002154320,0.000194243
27.925432567,TRACKING,,0.002430425,1,-0.002101825,0.000066222,0.049911588,0.000000000,0.000000000,0.050000000,0.002101825,0.000066225,-0.000088420,0.002104726,0.000227948
27.935512837,TRACKING,,0.001425960,1,-0.002053727,0.000065231,0.049917851,0.000000000,0.000000000,0.050000000,0.002053726,0.000065234,-0.000082158,0.002056404,0.000261185
27.945615665,TRACKING,,0.000232713,1,-0.002008206,0.000064251,0.049925850,0.000000000,0.000000000,0.050000000,0.002008205,0.000064254,-0.000074159,0.002010601,0.000292487
27.955656753,TRACKING,,0.001949564,1,-0.002008206,0.000064251,0.049925850,0.000000000,0.000000000,0.050000000,0.002008205,0.000064254,-0.000074159,0.002010601,0.000292487
27.965807074,TRACKING,,0.000897607,1,-0.001965496,0.000063307,0.049834700,0.000000000,0.000000000,0.050000000,0.001965495,0.000063310,-0.000165311,0.001973450,0.000323436
27.976219790,TRACKING,,0.002584776,1,-0.001924586,0.000062373,0.049844720,0.000000000,0.000000000,0.050000000,0.001924585,0.000062376,-0.000155292,0.001931847,0.000352124
27.985990171,TRACKING,,0.001554190,1,-0.001885545,0.000061462,0.049857061,0.000000000,0.000000000,0.050000000,0.001885544,0.000061465,-0.000142951,0.001891954,0.000377937
27.996072815,TRACKING,,0.000521230,1,-0.001848182,0.000060568,0.049744114,0.000000000,0.000000000,0.050000000,0.001848180,0.000060570,-0.000255898,0.001866795,0.000402173
28.006255193,TRACKING,,0.005228917,1,-0.001812593,0.000059692,0.049760186,0.000000000,0.000000000,0.050000000,0.001812591,0.000059695,-0.000239827,0.001829363,0.000422651
28.016328339,TRACKING,,0.002419739,1,-0.001773486,0.000058707,0.049781888,0.000000000,0.000000000,0.050000000,0.001773484,0.000058709,-0.000218126,0.001787812,0.000442970
28.026243572,TRACKING,,0.001281108,1,-0.001741249,0.000057871,0.049649202,0.000000000,0.000000000,0.050000000,0.001741246,0.000057873,-0.000350811,0.001777176,0.000459867
28.036276349,TRACKING,,0.000772939,1,-0.001712479,0.000057114,0.049672246,0.000000000,0.000000000,0.050000000,0.001712476,0.000057116,-0.000327768,0.001744497,0.000471043
28.046516905,TRACKING,,0.000280205,1,-0.001685041,0.000056379,0.049697186,0.000000000,0.000000000,0.050000000,0.001685038,0.000056381,-0.000302828,0.001712961,0.000480377
28.056637543,TRACKING,,0.002499289,1,-0.001685041,0.000056379,0.049697186,0.000000000,0.000000000,0.050000000,0.001685038,0.000056381,-0.000302828,0.001712961,0.000480377
28.066708314,TRACKING,,0.001447332,1,-0.001658820,0.000055663,0.049543980,0.000000000,0.000000000,0.050000000,0.001658816,0.000055665,-0.000456034,0.001721260,0.000489014
28.076805206,TRACKING,,0.000339571,1,-0.001632083,0.000054920,0.049571861,0.000000000,0.000000000,0.050000000,0.001632080,0.000054922,-0.000428153,0.001688199,0.000497608
28.086884288,TRACKING,,0.002000619,1,-0.001605839,0.000054190,0.049605612,0.000000000,0.000000000,0.050000000,0.001605835,0.000054192,-0.000394402,0.001654448,0.000499281
28.096977617,TRACKING,,0.000940350,1,-0.001580494,0.000053476,0.049437425,0.000000000,0.000000000,0.050000000,0.001580490,0.000053478,-0.000562589,0.001678485,0.000499480
28.107127938,TRACKING,,0.002601398,1,-0.001555843,0.000052777,0.049476546,0.000000000,0.000000000,0.050000000,0.001555839,0.000052778,-0.000523467,0.001642388,0.000496121
28.117139343,TRACKING,,0.001646800,1,-0.001532294,0.000052102,0.049518692,0.000000000,0.000000000,0.050000000,0.001532290,0.000052104,-0.000481321,0.001606952,0.000490675
28.127195867,TRACKING,,0.000485610,1,-0.001509646,0.000051444,0.049333893,0.000000000,0.000000000,0.050000000,0.001509640,0.000051446,-0.000666119,0.001650871,0.000485282
28.137322441,TRACKING,,0.002297447,1,-0.001487748,0.000050806,0.049381718,0.000000000,0.000000000,0.050000000,0.001487743,0.000050808,-0.000618294,0.001611908,0.000475831
28.147394399,TRACKING,,0.001338100,1,-0.001466818,0.000050191,0.049431862,0.000000000,0.000000000,0.050000000,0.001466813,0.000050192,-0.000568149,0.001573802,0.000465466
28.157477043,TRACKING,,0.000124668,1,-0.001446309,0.000049580,0.049231931,0.000000000,0.000000000,0.050000000,0.001446303,0.000049581,-0.000768080,0.001638352,0.000454592
28.167543065,TRACKING,,0.001841519,1,-0.001446309,0.000049580,0.049231931,0.000000000,0.000000000,0.050000000,0.001446303,0.000049581,-0.000768080,0.001638352,0.000454592
28.177691011,TRACKING,,0.000674393,1,-0.001426763,0.000048998,0.049288392,0.000000000,0.000000000,0.050000000,0.001426757,0.000048999,-0.000711619,0.001595130,0.000440522
28.187819960,TRACKING,,0.002363936,1,-0.001407565,0.000048432,0.049351654,0.000000000,0.000000000,0.050000000,0.001407560,0.000048433,-0.000648356,0.001550463,0.000420951
28.198022522,TRACKING,,0.001234803,1,-0.001388906,0.000047876,0.049141096,0.000000000,0.000000000,0.050000000,0.001388900,0.000047877,-0.000858913,0.001633728,0.000401475
28.207906885,TRACKING,,0.000311076,1,-0.001370559,0.000047324,0.049206912,0.000000000,0.000000000,0.050000000,0.001370554,0.000047325,-0.000793097,0.001584191,0.000382481
28.217999028,TRACKING,,0.002470794,1,-0.001353119,0.000046805,0.049276825,0.000000000,0.000000000,0.050000000,0.001353115,0.000046806,-0.000723183,0.001534961,0.000359159
28.228074548,TRACKING,,0.001980435,1,-0.001336624,0.000046307,0.049047699,0.000000000,0.000000000,0.050000000,0.001336619,0.000046307,-0.000952309,0.001641824,0.000338200
28.238164316,TRACKING,,0.001285858,1,-0.001320507,0.000045818,0.049118578,0.000000000,0.000000000,0.050000000,0.001320502,0.000045819,-0.000881430,0.001588314,0.000316663
28.248233899,TRACKING,,0.000179284,1,-0.001303894,0.000045319,0.049199055,0.000000000,0.000000000,0.050000000,0.001303890,0.000045320,-0.000800951,0.001530917,0.000290040
28.258318918,TRACKING,,0.001924631,1,-0.001287658,0.000044823,0.048960143,0.000000000,0.000000000,0.050000000,0.001287654,0.000044824,-0.001039863,0.001655710,0.000266414
28.268412248,TRACKING,,0.000844178,1,-0.001271983,0.000044344,0.049043677,0.000000000,0.000000000,0.050000000,0.001271979,0.000044345,-0.000956328,0.001591999,0.000241939
28.278513889,TRACKING,,0.002466045,1,-0.001271983,0.000044344,0.049043677,0.000000000,0.000000000,0.050000000,0.001271979,0.000044345,-0.000956328,0.001591999,0.000241939
28.288610780,TRACKING,,0.001380843,1,-0.001256657,0.000043877,0.049131422,0.000000000,0.000000000,0.050000000,0.001256654,0.000043878,-0.000868582,0.001528248,0.000215658
28.298714796,TRACKING,,0.000248148,1,-0.001241682,0.000043410,0.048880376,0.000000000,0.000000000,0.050000000,0.001241678,0.000043411,-0.001119628,0.001672488,0.000191060
28.308837808,TRACKING,,0.001998244,1,-0.001226547,0.000042942,0.048973371,0.000000000,0.000000000,0.050000000,0.001226545,0.000042943,-0.001026633,0.001600072,0.000164408
28.318900268,TRACKING,,0.000888108,1,-0.001211906,0.000042492,0.049070184,0.000000000,0.000000000,0.050000000,0.001211905,0.000042493,-0.000929818,0.001528097,0.000136890
28.329314172,TRACKING,,0.002551531,1,-0.001197315,0.000042043,0.048809096,0.000000000,0.000000000,0.050000000,0.001197313,0.000042044,-0.001190906,0.001689255,0.000110977
28.339080991,TRACKING,,0.001479389,1,-0.001183064,0.000041601,0.048909942,0.000000000,0.000000000,0.050000000,0.001183063,0.000041602,-0.001090060,0.001609223,0.000089316
28.349179070,TRACKING,,0.000388251,1,-0.001169206,0.000041170,0.049013572,0.000000000,0.000000000,0.050000000,0.001169206,0.000041171,-0.000986429,0.001530287,0.000073643
28.359234406,TRACKING,,0.002122912,1,-0.001155413,0.000040738,0.048737994,0.000000000,0.000000000,0.050000000,0.001155413,0.000040738,-0.001262006,0.001711519,0.000067954
28.369326548,TRACKING,,0.001043646,1,-0.001142101,0.000040320,0.048844980,0.000000000,0.000000000,0.050000000,0.001142102,0.000040320,-0.001155019,0.001624836,0.000073542
28.379791506,TRACKING,,0.002786619,1,-0.001142101,0.000040320,0.048844980,0.000000000,0.000000000,0.050000000,0.001142102,0.000040320,-0.001155019,0.001624836,0.000073542
28.389572573,TRACKING,,0.000181659,1,-0.001128073,0.000039887,0.048963403,0.000000000,0.000000000,0.050000000,0.001128074,0.000039887,-0.001036596,0.001532538,0.000090455
28.399664716,TRACKING,,0.001878326,1,-0.001114271,0.000039458,0.048683393,0.000000000,0.000000000,0.050000000,0.001114273,0.000039459,-0.001316605,0.001725286,0.000112634
28.409714115,TRACKING,,0.000810933,1,-0.001101308,0.000039049,0.048796515,0.000000000,0.000000000,0.050000000,0.001101310,0.000039050,-0.001203483,0.001631803,0.000134549
28.419706523,TRACKING,,0.000188782,1,-0.001088836,0.000038660,0.048913810,0.000000000,0.000000000,0.050000000,0.001088839,0.000038661,-0.001086187,0.001538463,0.000161576
28.429741675,TRACKING,,0.002137159,1,-0.001076726,0.000038278,0.048609804,0.000000000,0.000000000,0.050000000,0.001076730,0.000038279,-0.001390192,0.001758820,0.000185797
28.440005978,TRACKING,,0.001250239,1,-0.001065007,0.000037909,0.048722265,0.000000000,0.000000000,0.050000000,0.001065012,0.000037910,-0.001277731,0.001663816,0.000208816
28.450715522,TRACKING,,0.000459489,1,-0.001052428,0.000037511,0.048847363,0.000000000,0.000000000,0.050000000,0.001052433,0.000037512,-0.001152633,0.001561277,0.000233629
28.460915709,TRACKING,,0.002609709,1,-0.001040294,0.000037123,0.048532517,0.000000000,0.000000000,0.050000000,0.001040300,0.000037123,-0.001467479,0.001799193,0.000256026
28.470912867,TRACKING,,0.002131223,1,-0.001029019,0.000036761,0.048648950,0.000000000,0.000000000,0.050000000,0.001029025,0.000036762,-0.001351045,0.001698696,0.000277216
28.480991949,TRACKING,,0.001632552,1,-0.001017921,0.000036403,0.048765991,0.000000000,0.000000000,0.050000000,0.001017927,0.000036404,-0.001234004,0.001600083,0.000297082
28.491091215,TRACKING,,0.000609090,1,-0.001006513,0.000036026,0.048431336,0.000000000,0.000000000,0.050000000,0.001006521,0.000036027,-0.001568659,0.001864155,0.000313280
28.501172672,TRACKING,,0.002339002,1,-0.001006513,0.000036026,0.048431336,0.000000000,0.000000000,0.050000000,0.001006521,0.000036027,-0.001568659,0.001864155,0.000313280
28.511243443,TRACKING,,0.001276360,1,-0.000995048,0.000035648,0.048557193,0.000000000,0.000000000,0.050000000,0.000995056,0.000035649,-0.001442802,0.001753022,0.000333452
28.521254848,TRACKING,,0.000037994,1,-0.000983779,0.000035285,0.048688791,0.000000000,0.000000000,0.050000000,0.000983787,0.000035286,-0.001311203,0.001639615,0.000358076
28.531403982,TRACKING,,0.001770280,1,-0.000972333,0.000034912,0.048352480,0.000000000,0.000000000,0.050000000,0.000972344,0.000034913,-0.001647514,0.001913367,0.000380562
28.541510372,TRACKING,,0.000654208,1,-0.000960926,0.000034536,0.048483168,0.000000000,0.000000000,0.050000000,0.000960936,0.000034537,-0.001516826,0.001795926,0.000399838
28.551650007,TRACKING,,0.002367498,1,-0.000949751,0.000034179,0.048618229,0.000000000,0.000000000,0.050000000,0.000949761,0.000034180,-0.001381765,0.001677047,0.000422734
28.561711279,TRACKING,,0.001303667,1,-0.000938624,0.000033810,0.048264801,0.000000000,0.000000000,0.050000000,0.000938637,0.000033811,-0.001735192,0.001973088,0.000440250
28.571805796,TRACKING,,0.000189970,1,-0.000927514,0.000033444,0.048399736,0.000000000,0.000000000,0.050000000,0.000927527,0.000033446,-0.001600256,0.001849931,0.000458716
28.581901500,TRACKING,,0.001978060,1,-0.000916597,0.000033081,0.048532759,0.000000000,0.000000000,0.050000000,0.000916609,0.000033082,-0.001467234,0.001730330,0.000473910
28.591948525,TRACKING,,0.001111323,1,-0.000905730,0.000032703,0.048160593,0.000000000,0.000000000,0.050000000,0.000905745,0.000032704,-0.001839399,0.002050569,0.000482790
28.602047791,TRACKING,,0.000374003,1,-0.000895381,0.000032347,0.048288653,0.000000000,0.000000000,0.050000000,0.000895396,0.000032348,-0.001711340,0.001931700,0.000494187
28.612231357,TRACKING,,0.002298634,1,-0.000895381,0.000032347,0.048288653,0.000000000,0.000000000,0.050000000,0.000895396,0.000032348,-0.001711340,0.001931700,0.000494187
28.622113345,TRACKING,,0.001624241,1,-0.000885073,0.000031987,0.048415578,0.000000000,0.000000000,0.050000000,0.000885087,0.000031988,-0.001584415,0.001815151,0.000502642
28.632156808,TRACKING,,0.000987842,1,-0.000874884,0.000031628,0.048026310,0.000000000,0.000000000,0.050000000,0.000874902,0.000031629,-0.001973682,0.002159137,0.000508472
28.642228766,TRACKING,,0.000195906,1,-0.000864679,0.000031272,0.048152722,0.000000000,0.000000000,0.050000000,0.000864696,0.000031274,-0.001847270,0.002039874,0.000516663
28.652288851,TRACKING,,0.002240455,1,-0.000854548,0.000030924,0.048283484,0.000000000,0.000000000,0.050000000,0.000854564,0.000030925,-0.001716508,0.001917716,0.000526997
28.662339438,TRACKING,,0.001776218,1,-0.000844638,0.000030579,0.047882489,0.000000000,0.000000000,0.050000000,0.000844658,0.000030580,-0.002117503,0.002279956,0.000535059
28.672614426,TRACKING,,0.001275172,1,-0.000834821,0.000030234,0.048007037,0.000000000,0.000000000,0.050000000,0.000834839,0.000030236,-0.001992956,0.002160959,0.000540287
28.682691133,TRACKING,,0.000211341,1,-0.000825056,0.000029904,0.048138369,0.000000000,0.000000000,0.050000000,0.000825073,0.000029905,-0.001861623,0.002036487,0.000550106
28.692779714,TRACKING,,0.001862891,1,-0.000814953,0.000029554,0.047729858,0.000000000,0.000000000,0.050000000,0.000814975,0.000029556,-0.002270134,0.002412171,0.000556150
28.702861170,TRACKING,,0.000846553,1,-0.000804980,0.000029206,0.047862654,0.000000000,0.000000000,0.050000000,0.000805001,0.000029208,-0.002137338,0.002284095,0.000560553
28.713285760,TRACKING,,0.002645329,1,-0.000795269,0.000028873,0.047998228,0.000000000,0.000000000,0.050000000,0.000795289,0.000028874,-0.002001764,0.002154154,0.000567920
28.723054954,TRACKING,,0.001823709,1,-0.000785605,0.000028531,0.047575098,0.000000000,0.000000000,0.050000000,0.000785629,0.000028532,-0.002424894,0.002549145,0.000569923
28.733147096,TRACKING,,0.001032960,1,-0.000776497,0.000028208,0.047702477,0.000000000,0.000000000,0.050000000,0.000776520,0.000028210,-0.002297515,0.002425357,0.000571960
28.743192933,TRACKING,,0.000347882,1,-0.000767379,0.000027890,0.047834488,0.000000000,0.000000000,0.050000000,0.000767401,0.000027891,-0.002165504,0.002297627,0.000576250
28.753238771,TRACKING,,0.002092042,1,-0.000767379,0.000027890,0.047834488,0.000000000,0.000000000,0.050000000,0.000767401,0.000027891,-0.002165504,0.002297627,0.000576250
28.763379593,TRACKING,,0.000504608,1,-0.000757767,0.000027544,0.047402866,0.000000000,0.000000000,0.050000000,0.000757793,0.000027546,-0.002597126,0.002705563,0.000575433
28.773573844,TRACKING,,0.002576465,1,-0.000748358,0.000027206,0.047534350,0.000000000,0.000000000,0.050000000,0.000748382,0.000027207,-0.002465642,0.002576860,0.000574536
28.783395280,TRACKING,,0.002064734,1,-0.000739592,0.000026893,0.047661196,0.000000000,0.000000000,0.050000000,0.000739615,0.000026894,-0.002338796,0.002453105,0.000575012
28.793480298,TRACKING,,0.001560127,1,-0.000730962,0.000026581,0.047207756,0.000000000,0.000000000,0.050000000,0.000730990,0.000026582,-0.002792237,0.002886458,0.000573297
28.803547507,TRACKING,,0.001062643,1,-0.000722358,0.000026266,0.047329900,0.000000000,0.000000000,0.050000000,0.000722384,0.000026268,-0.002670093,0.002766211,0.000569722
28.813916293,TRACKING,,0.000441679,1,-0.000714038,0.000025973,0.047456779,0.000000000,0.000000000,0.050000000,0.000714064,0.000025974,-0.002543214,0.002641685,0.000571742
28.823997750,TRACKING,,0.000047493,1,-0.000705743,0.000025675,0.046994264,0.000000000,0.000000000,0.050000000,0.000705773,0.000025677,-0.003005729,0.003087585,0.000571483
28.834148070,TRACKING,,0.001840332,1,-0.000697466,0.000025379,0.047121518,0.000000000,0.000000000,0.050000000,0.000697494,0.000025380,-0.002878475,0.002961885,0.000571329
28.845079642,TRACKING,,0.003449138,1,-0.000688414,0.000025055,0.047264791,0.000000000,0.000000000,0.050000000,0.000688441,0.000025056,-0.002735202,0.002820622,0.000571152
28.854870207,TRACKING,,0.001923443,1,-0.000679588,0.000024736,0.046806055,0.000000000,0.000000000,0.050000000,0.000679619,0.000024737,-0.003193938,0.003265537,0.000569139
28.864895860,TRACKING,,0.001192060,1,-0.000671685,0.000024451,0.046935037,0.000000000,0.000000000,0.050000000,0.000671715,0.000024453,-0.003064956,0.003137795,0.000568126
28.875004625,TRACKING,,0.000230339,1,-0.000663907,0.000024177,0.047067787,0.000000000,0.000000000,0.050000000,0.000663936,0.000024178,-0.002932207,0.003006532,0.000570016
28.885096767,TRACKING,,0.002210773,1,-0.000663907,0.000024177,0.047067787,0.000000000,0.000000000,0.050000000,0.000663936,0.000024178,-0.002932207,0.003006532,0.000570016
28.895154478,TRACKING,,0.001758408,1,-0.000656167,0.000023896,0.046588847,0.000000000,0.000000000,0.050000000,0.000656201,0.000023897,-0.003411147,0.003473772,0.000567855
28.905272741,TRACKING,,0.001518571,1,-0.000648605,0.000023616,0.046710515,0.000000000,0.000000000,0.050000000,0.000648637,0.000023618,-0.003289479,0.003352903,0.000562746
28.915304331,TRACKING,,0.001054332,1,-0.000641459,0.000023360,0.046833690,0.000000000,0.000000000,0.050000000,0.000641490,0.000023361,-0.003166304,0.003230717,0.000562005
28.925334733,TRACKING,,0.000845366,1,-0.000634243,0.000023107,0.046962224,0.000000000,0.000000000,0.050000000,0.000634273,0.000023108,-0.003037770,0.003103366,0.000564586
28.935544419,TRACKING,,0.000699326,1,-0.000627098,0.000022851,0.046469957,0.000000000,0.000000000,0.050000000,0.000627133,0.000022852,-0.003530037,0.003585384,0.000563880
28.945320737,TRACKING,,0.000626900,1,-0.000619946,0.000022590,0.046590228,0.000000000,0.000000000,0.050000000,0.000619979,0.000022592,-0.003409766,0.003465745,0.000560953
28.955433064,TRACKING,,0.000613840,1,-0.000613061,0.000022344,0.046711451,0.000000000,0.000000000,0.050000000,0.000613093,0.000022345,-0.003288543,0.003345280,0.000560318
28.965483650,TRACKING,,0.000708824,1,-0.000606269,0.000022099,0.046207949,0.000000000,0.000000000,0.050000000,0.000606305,0.000022100,-0.003792045,0.003840274,0.000558963
28.975630409,TRACKING,,0.000761066,1,-0.000597996,0.000021802,0.046356124,0.000000000,0.000000000,0.050000000,0.000598031,0.000021804,-0.003643871,0.003692683,0.000557918
28.985597884,TRACKING,,0.000742069,1,-0.000591544,0.000021575,0.046478087,0.000000000,0.000000000,0.050000000,0.000591578,0.000021576,-0.003521908,0.003571311,0.000559408
28.995665093,TRACKING,,0.000782438,1,-0.000585093,0.000021345,0.045969397,0.000000000,0.000000000,0.050000000,0.000585132,0.000021347,-0.004030597,0.004072904,0.000559707
29.005737051,TRACKING,,0.000851301,1,-0.000578824,0.000021124,0.046091488,0.000000000,0.000000000,0.050000000,0.000578863,0.000021126,-0.003908506,0.003951196,0.000561080
29.015804260,TRACKING,,0.000905918,1,-0.000571240,0.000020862,0.046247264,0.000000000,0.000000000,0.050000000,0.000571277,0.000020863,-0.003752730,0.003796021,0.000565529
29.025993762,TRACKING,,0.000891671,1,-0.000563671,0.000020593,0.045763319,0.000000000,0.000000000,0.050000000,0.000563713,0.000020595,-0.004236675,0.004274063,0.000566695
29.035990919,TRACKING,,0.000299202,1,-0.000557519,0.000020383,0.045899047,0.000000000,0.000000000,0.050000000,0.000557560,0.000020385,-0.004100948,0.004138727,0.000572240
29.045927524,TRACKING,,0.000572283,1,-0.000557519,0.000020383,0.045899047,0.000000000,0.000000000,0.050000000,0.000557560,0.000020385,-0.004100948,0.004138727,0.000572240
29.056019666,TRACKING,,0.000797873,1,-0.000550574,0.000020149,0.046057298,0.000000000,0.000000000,0.050000000,0.000550613,0.000020150,-0.003942696,0.003981009,0.000579781
29.066071440,TRACKING,,0.000827556,1,-0.000543698,0.000019915,0.045572218,0.000000000,0.000000000,0.050000000,0.000543743,0.000019917,-0.004427776,0.004461083,0.000586621
29.076137462,TRACKING,,0.000877423,1,-0.000538259,0.000019734,0.045703158,0.000000000,0.000000000,0.050000000,0.000538303,0.000019736,-0.004296837,0.004330470,0.000594664
29.086233166,TRACKING,,0.000828743,1,-0.000533003,0.000019566,0.045837531,0.000000000,0.000000000,0.050000000,0.000533047,0.000019568,-0.004162463,0.004196501,0.000605758
29.096268318,TRACKING,,0.000840617,1,-0.000527676,0.000019393,0.045325746,0.000000000,0.000000000,0.050000000,0.000527727,0.000019396,-0.004674248,0.004703984,0.000616136
29.106345025,TRACKING,,0.000885733,1,-0.000522530,0.000019229,0.045461611,0.000000000,0.000000000,0.050000000,0.000522579,0.000019231,-0.004538383,0.004568411,0.000627552
29.116536902,TRACKING,,0.000743256,1,-0.000517532,0.000019073,0.045600086,0.000000000,0.000000000,0.050000000,0.000517581,0.000019076,-0.004399908,0.004430288,0.000640964
29.126601736,TRACKING,,0.000582970,1,-0.000512391,0.000018910,0.045088197,0.000000000,0.000000000,0.050000000,0.000512447,0.000018912,-0.004911797,0.004938493,0.000653028
29.136685567,TRACKING,,0.000271894,1,-0.000507336,0.000018749,0.045230080,0.000000000,0.000000000,0.050000000,0.000507391,0.000018752,-0.004769914,0.004796861,0.000665434
29.146900003,TRACKING,,0.000045117,1,-0.000502343,0.000018593,0.045375782,0.000000000,0.000000000,0.050000000,0.000502398,0.000018596,-0.004624212,0.004651461,0.000679154
29.156879350,TRACKING,,0.002234519,1,-0.000497223,0.000018429,0.044865995,0.000000000,0.000000000,0.050000000,0.000497285,0.000018432,-0.005133999,0.005158059,0.000690863
29.167033233,TRACKING,,0.001949564,1,-0.000492137,0.000018266,0.045014622,0.000000000,0.000000000,0.050000000,0.000492198,0.000018269,-0.004985372,0.005009643,0.000702444
29.177127750,TRACKING,,0.001505510,1,-0.000487263,0.000018111,0.045163063,0.000000000,0.000000000,0.050000000,0.000487323,0.000018114,-0.004836931,0.004861452,0.000714930
29.187231766,TRACKING,,0.000978344,1,-0.000482336,0.000017956,0.045314723,0.000000000,0.000000000,0.050000000,0.000482395,0.000017959,-0.004685271,0.004710073,0.000728140
29.197294225,TRACKING,,0.000791936,1,-0.000477245,0.000017784,0.044800513,0.000000000,0.000000000,0.050000000,0.000477311,0.000017787,-0.005199480,0.005221373,0.000735534
29.207379244,TRACKING,,0.000865550,1,-0.000472354,0.000017619,0.044943712,0.000000000,0.000000000,0.050000000,0.000472420,0.000017622,-0.005056282,0.005078334,0.000742797
29.217466637,TRACKING,,0.000918979,1,-0.000466375,0.000017414,0.045119039,0.000000000,0.000000000,0.050000000,0.000466439,0.000017417,-0.004880955,0.004903223,0.000750001
29.227530284,TRACKING,,0.001114885,1,-0.000466375,0.000017414,0.045119039,0.000000000,0.000000000,0.050000000,0.000466439,0.000017417,-0.004880955,0.004903223,0.000750001
29.237609366,TRACKING,,0.001156441,1,-0.000460329,0.000017201,0.044628131,0.000000000,0.000000000,0.050000000,0.000460400,0.000017205,-0.005371863,0.005391584,0.000754140
29.247881980,TRACKING,,0.002259452,1,-0.000454605,0.000016996,0.044788730,0.000000000,0.000000000,0.050000000,0.000454674,0.000016999,-0.005211264,0.005231089,0.000755897
29.257948001,TRACKING,,0.000026121,1,-0.000448674,0.000016781,0.044293487,0.000000000,0.000000000,0.050000000,0.000448750,0.000016785,-0.005706507,0.005724149,0.000756807
29.267885793,TRACKING,,0.000024934,1,-0.000442993,0.000016582,0.044467471,0.000000000,0.000000000,0.050000000,0.000443067,0.000016586,-0.005532523,0.005550261,0.000761174
29.277989809,TRACKING,,0.000027308,1,-0.000438608,0.000016434,0.044611625,0.000000000,0.000000000,0.050000000,0.000438680,0.000016438,-0.005388369,0.005406222,0.000767597
29.288043957,TRACKING,,0.000055804,1,-0.000434202,0.000016282,0.044088744,0.000000000,0.000000000,0.050000000,0.000434281,0.000016286,-0.005911250,0.005927204,0.000772350
29.298066049,TRACKING,,0.000017810,1,-0.000434202,0.000016282,0.044088744,0.000000000,0.000000000,0.050000000,0.000434281,0.000016286,-0.005911250,0.005927204,0.000772350
29.308305418,TRACKING,,0.002156156,1,-0.000428919,0.000016104,0.044270412,0.000000000,0.000000000,0.050000000,0.000428997,0.000016108,-0.005729583,0.005745643,0.000780469
29.318608901,TRACKING,,0.001777405,1,-0.000424851,0.000015978,0.044427904,0.000000000,0.000000000,0.050000000,0.000424928,0.000015982,-0.005572090,0.005588292,0.000792897
29.328883890,TRACKING,,0.002210773,1,-0.000420858,0.000015856,0.043919214,0.000000000,0.000000000,0.050000000,0.000420943,0.000015860,-0.006080780,0.006095353,0.000805931
29.338864425,TRACKING,,0.001896135,1,-0.000416204,0.000015716,0.044106656,0.000000000,0.000000000,0.050000000,0.000416289,0.000015720,-0.005893338,0.005908043,0.000822483
29.348454335,TRACKING,,0.001284670,1,-0.000412352,0.000015602,0.044269431,0.000000000,0.000000000,0.050000000,0.000412436,0.000015607,-0.005730563,0.005745407,0.000837752
29.358876550,TRACKING,,0.001004465,1,-0.000408579,0.000015492,0.043764977,0.000000000,0.000000000,0.050000000,0.000408671,0.000015497,-0.006235017,0.006248415,0.000853730
29.368827402,TRACKING,,0.000721885,1,-0.000404785,0.000015379,0.043927891,0.000000000,0.000000000,0.050000000,0.000404877,0.000015384,-0.006072103,0.006085606,0.000868503
29.378912421,TRACKING,,0.000410810,1,-0.000401091,0.000015270,0.044091097,0.000000000,0.000000000,0.050000000,0.000401181,0.000015275,-0.005908897,0.005922520,0.000883432
29.388831216,TRACKING,,0.000188782,1,-0.000397268,0.000015150,0.044253575,0.000000000,0.000000000,0.050000000,0.000397358,0.000015155,-0.005746419,0.005760161,0.000895377
29.399065835,TRACKING,,0.000122293,1,-0.000393239,0.000015013,0.043745570,0.000000000,0.000000000,0.050000000,0.000393337,0.000015018,-0.006254424,0.006266798,0.000901910
29.409185286,TRACKING,,0.002456546,1,-0.000389261,0.000014874,0.043899689,0.000000000,0.000000000,0.050000000,0.000389357,0.000014880,-0.006100304,0.006112735,0.000906912
29.419412782,TRACKING,,0.002016054,1,-0.000385202,0.000014733,0.044059471,0.000000000,0.000000000,0.050000000,0.000385297,0.000014739,-0.005940523,0.005953023,0.000911863
29.429202160,TRACKING,,0.001625429,1,-0.000380920,0.000014577,0.043555262,0.000000000,0.000000000,0.050000000,0.000381022,0.000014583,-0.006444732,0.006456002,0.000912847
29.439240874,TRACKING,,0.000734945,1,-0.000376946,0.000014430,0.043705285,0.000000000,0.000000000,0.050000000,0.000377046,0.000014436,-0.006294709,0.006306008,0.000913150
29.449412566,TRACKING,,0.000834680,1,-0.000372896,0.000014290,0.043872168,0.000000000,0.000000000,0.050000000,0.000372994,0.000014296,-0.006127826,0.006139184,0.000918192
29.459628189,TRACKING,,0.000629275,1,-0.000369059,0.000014152,0.043362859,0.000000000,0.000000000,0.050000000,0.000369165,0.000014159,-0.006637135,0.006647409,0.000920485
29.469715582,TRACKING,,0.000647084,1,-0.000365361,0.000014023,0.043519157,0.000000000,0.000000000,0.050000000,0.000365465,0.000014030,-0.006480837,0.006491149,0.000924834
29.479653374,TRACKING,,0.000713573,1,-0.000361788,0.000013900,0.043674951,0.000000000,0.000000000,0.050000000,0.000361890,0.000013906,-0.006325044,0.006335403,0.000929925
29.489713459,TRACKING,,0.000748006,1,-0.000358157,0.000013771,0.043168771,0.000000000,0.000000000,0.050000000,0.000358268,0.000013778,-0.006831223,0.006840626,0.000932988
29.499812725,TRACKING,,0.000852490,1,-0.000353809,0.000013621,0.043363123,0.000000000,0.000000000,0.050000000,0.000353918,0.000013628,-0.006636872,0.006646315,0.000938615
29.509914366,TRACKING,,0.000774127,1,-0.000350426,0.000013506,0.043521083,0.000000000,0.000000000,0.050000000,0.000350533,0.000013513,-0.006478911,0.006488401,0.000944555
29.519988699,TRACKING,,0.000566347,1,-0.000346844,0.000013378,0.043022730,0.000000000,0.000000000,0.050000000,0.000346959,0.000013385,-0.006977264,0.006985898,0.000947096
29.530225693,TRACKING,,0.000255272,1,-0.000343442,0.000013263,0.043187792,0.000000000,0.000000000,0.050000000,0.000343555,0.000013270,-0.006812202,0.006820872,0.000953279
29.540296464,TRACKING,,0.002191775,1,-0.000343442,0.000013263,0.043187792,0.000000000,0.000000000,0.050000000,0.000343555,0.000013270,-0.006812202,0.006820872,0.000953279
29.550318555,TRACKING,,0.001846269,1,-0.000339945,0.000013143,0.043356868,0.000000000,0.000000000,0.050000000,0.000340056,0.000013150,-0.006643126,0.006651837,0.000958548
29.560445130,TRACKING,,0.001488888,1,-0.000336552,0.000013024,0.042867928,0.000000000,0.000000000,0.050000000,0.000336672,0.000013032,-0.007132066,0.007140020,0.000962657
29.570593076,TRACKING,,0.001100637,1,-0.000333147,0.000012911,0.043031602,0.000000000,0.000000000,0.050000000,0.000333264,0.000012919,-0.006968393,0.006976369,0.000966678
29.580742209,TRACKING,,0.000535477,1,-0.000330260,0.000012837,0.043206222,0.000000000,0.000000000,0.050000000,0.000330376,0.000012845,-0.006793773,0.006801813,0.000982146
29.590848599,TRACKING,,0.002239268,1,-0.000327291,0.000012758,0.043383758,0.000000000,0.000000000,0.050000000,0.000327406,0.000012766,-0.006616236,0.006624345,0.000996888
29.600937180,TRACKING,,0.001161190,1,-0.000323909,0.000012655,0.042918991,0.000000000,0.000000000,0.050000000,0.000324033,0.000012663,-0.007081003,0.007088424,0.001006789
29.611029322,TRACKING,,0.000060553,1,-0.000320515,0.000012548,0.043102173,0.000000000,0.000000000,0.050000000,0.000320638,0.000012556,-0.006897821,0.006905281,0.001016297
29.621097718,TRACKING,,0.001745347,1,-0.000317089,0.000012431,0.043284137,0.000000000,0.000000000,0.050000000,0.000317209,0.000012439,-0.006715857,0.006723356,0.001023552
29.631173238,TRACKING,,0.000499858,1,-0.000313318,0.000012292,0.042824883,0.000000000,0.000000000,0.050000000,0.000313446,0.000012300,-0.007175111,0.007181965,0.001025058
29.641329495,TRACKING,,0.002610897,1,-0.000309971,0.000012172,0.042997788,0.000000000,0.000000000,0.050000000,0.000310097,0.000012180,-0.007002206,0.007009080,0.001028579
29.652432039,TRACKING,,0.002540845,1,-0.000306597,0.000012050,0.043173662,0.000000000,0.000000000,0.050000000,0.000306720,0.000012058,-0.006826332,0.006833230,0.001031297
29.662277221,TRACKING,,0.001737035,1,-0.000302968,0.000011907,0.042709305,0.000000000,0.000000000,0.050000000,0.000303098,0.000011916,-0.007290689,0.007296997,0.001027972
29.672393110,TRACKING,,0.001218181,1,-0.000299601,0.000011777,0.042876926,0.000000000,0.000000000,0.050000000,0.000299728,0.000011786,-0.007123068,0.007129381,0.001025973
29.682461506,TRACKING,,0.000698139,1,-0.000296488,0.000011664,0.043047861,0.000000000,0.000000000,0.050000000,0.000296613,0.000011673,-0.006952133,0.006958468,0.001028399
29.692773301,TRACKING,,0.000096172,1,-0.000293205,0.000011544,0.042584936,0.000000000,0.000000000,0.050000000,0.000293338,0.000011553,-0.007415058,0.007420867,0.001026584
29.702690909,TRACKING,,0.002184652,1,-0.000293205,0.000011544,0.042584936,0.000000000,0.000000000,0.050000000,0.000293338,0.000011553,-0.007415058,0.007420867,0.001026584
29.712772365,TRACKING,,0.001671734,1,-0.000290175,0.000011439,0.042756399,0.000000000,0.000000000,0.050000000,0.000290304,0.000011448,-0.007243596,0.007249420,0.001028519
29.722871632,TRACKING,,0.001119634,1,-0.000287375,0.000011347,0.042929962,0.000000000,0.000000000,0.050000000,0.000287502,0.000011356,-0.007070033,0.007075885,0.001033493
29.732955463,TRACKING,,0.000553287,1,-0.000284874,0.000011281,0.042488134,0.000000000,0.000000000,0.050000000,0.000285010,0.000011290,-0.007511861,0.007517274,0.001045905
29.743051167,TRACKING,,0.000056991,1,-0.000282342,0.000011210,0.042668358,0.000000000,0.000000000,0.050000000,0.000282477,0.000011219,-0.007331637,0.007337085,0.001057247
29.753460322,TRACKING,,0.002169217,1,-0.000279991,0.000011150,0.042850867,0.000000000,0.000000000,0.050000000,0.000280124,0.000011159,-0.007149127,0.007154622,0.001071250
29.763136905,TRACKING,,0.000746818,1,-0.000277433,0.000011080,0.042427552,0.000000000,0.000000000,0.050000000,0.000277576,0.000011090,-0.007572443,0.007577537,0.001084081
29.773339468,TRACKING,,0.000024934,1,-0.000274954,0.000011014,0.042619009,0.000000000,0.000000000,0.050000000,0.000275095,0.000011023,-0.007380986,0.007386119,0.001097548
29.783373432,TRACKING,,0.002055235,1,-0.000272498,0.000010945,0.042806964,0.000000000,0.000000000,0.050000000,0.000272637,0.000010954,-0.007193031,0.007198204,0.001109318
29.793515441,TRACKING,,0.001149316,1,-0.000269867,0.000010859,0.042382359,0.000000000,0.000000000,0.050000000,0.000270015,0.000010869,-0.007617636,0.007622428,0.001116011
29.803746499,TRACKING,,0.000085486,1,-0.000267295,0.000010782,0.042575843,0.000000000,0.000000000,0.050000000,0.000267441,0.000010791,-0.007424152,0.007428975,0.001125895
29.813800648,TRACKING,,0.001875951,1,-0.000264611,0.000010693,0.042767579,0.000000000,0.000000000,0.050000000,0.000264754,0.000010703,-0.007232415,0.007237267,0.001132417
29.823675512,TRACKING,,0.000657770,1,-0.000261599,0.000010580,0.042358443,0.000000000,0.000000000,0.050000000,0.000261750,0.000010590,-0.007641552,0.007646041,0.001131888
29.833711851,TRACKING,,0.002353250,1,-0.000261599,0.000010580,0.042358443,0.000000000,0.000000000,0.050000000,0.000261750,0.000010590,-0.007641552,0.007646041,0.001131888
29.843890667,TRACKING,,0.001123197,1,-0.000258908,0.000010486,0.042547757,0.000000000,0.000000000,0.050000000,0.000259055,0.000010496,-0.007452238,0.007456746,0.001135835
29.853954314,TRACKING,,0.000033245,1,-0.000256567,0.000010417,0.042744033,0.000000000,0.000000000,0.050000000,0.000256711,0.000010427,-0.007255962,0.007260509,0.001146329
29.863930100,TRACKING,,0.002116976,1,-0.000254154,0.000010342,0.042351146,0.000000000,0.000000000,0.050000000,0.000254308,0.000010352,-0.007648849,0.007653082,0.001154867
29.874289387,TRACKING,,0.001625428,1,-0.000251774,0.000010263,0.042535094,0.000000000,0.000000000,0.050000000,0.000251925,0.000010273,-0.007464901,0.007469158,0.001160999
29.884325726,TRACKING,,0.000949849,1,-0.000249571,0.000010196,0.042721215,0.000000000,0.000000000,0.050000000,0.000249719,0.000010206,-0.007278780,0.007283069,0.001169618
29.894420243,TRACKING,,0.000416746,1,-0.000247453,0.000010135,0.042334721,0.000000000,0.000000000,0.050000000,0.000247611,0.000010146,-0.007665274,0.007669279,0.001180734
29.904647739,TRACKING,,0.002464858,1,-0.000245302,0.000010071,0.042524021,0.000000000,0.000000000,0.050000000,0.000245457,0.000010081,-0.007475974,0.007480009,0.001190255
29.914394374,TRACKING,,0.001902072,1,-0.000243154,0.000010004,0.042712938,0.000000000,0.000000000,0.050000000,0.000243306,0.000010015,-0.007287057,0.007291124,0.001198886
29.924625432,TRACKING,,0.001276359,1,-0.000240786,0.000009921,0.042333312,0.000000000,0.000000000,0.050000000,0.000240947,0.000009932,-0.007666682,0.007670474,0.001202659
29.934482487,TRACKING,,0.000713574,1,-0.000238359,0.000009832,0.042518691,0.000000000,0.000000000,0.050000000,0.000238516,0.000009843,-0.007481304,0.007485111,0.001204559
29.944802593,TRACKING,,0.000105671,1,-0.000236195,0.000009761,0.042707784,0.000000000,0.000000000,0.050000000,0.000236349,0.000009772,-0.007292211,0.007296047,0.001211126
29.954932729,TRACKING,,0.002232144,1,-0.000233795,0.000009672,0.042339184,0.000000000,0.000000000,0.050000000,0.000233956,0.000009683,-0.007660811,0.007664389,0.001212540
29.964876458,TRACKING,,0.001693105,1,-0.000231473,0.000009587,0.042524696,0.000000000,0.000000000,0.050000000,0.000231631,0.000009598,-0.007475299,0.007478893,0.001214385
29.974994721,TRACKING,,0.001043646,1,-0.000229135,0.000009499,0.042711113,0.000000000,0.000000000,0.050000000,0.000229289,0.000009510,-0.007288882,0.007292493,0.001215344
29.984868398,TRACKING,,0.000479674,1,-0.000226804,0.000009417,0.042354325,0.000000000,0.000000000,0.050000000,0.000226965,0.000009428,-0.007645670,0.007649044,0.001216023
29.995247870,TRACKING,,0.000028495,1,-0.000226804,0.000009417,0.042354325,0.000000000,0.000000000,0.050000000,0.000226965,0.000009428,-0.007645670,0.007649044,0.001216023
30.005312704,TRACKING,,0.002108664,1,-0.000224636,0.000009345,0.042542350,0.000000000,0.000000000,0.050000000,0.000224794,0.000009355,-0.007457645,0.007461038,0.001219067
30.015292052,TRACKING,,0.001532818,1,-0.000222638,0.000009282,0.042731419,0.000000000,0.000000000,0.050000000,0.000222793,0.000009293,-0.007268576,0.007271996,0.001224281
30.025468493,TRACKING,,0.000890484,1,-0.000220705,0.000009224,0.042922273,0.000000000,0.000000000,0.050000000,0.000220857,0.000009235,-0.007077722,0.007081173,0.001230879
30.035293491,TRACKING,,0.000369254,1,-0.000218801,0.000009170,0.042587432,0.000000000,0.000000000,0.050000000,0.000218960,0.000009181,-0.007412564,0.007415803,0.001238962
30.045615972,TRACKING,,0.002356812,1,-0.000216683,0.000009098,0.042775662,0.000000000,0.000000000,0.050000000,0.000216840,0.000009109,-0.007224333,0.007227592,0.001242418
30.055557326,TRACKING,,0.002305758,1,-0.000214245,0.000009019,0.043002413,0.000000000,0.000000000,0.050000000,0.000214397,0.000009029,-0.006997583,0.007000872,0.001247676
30.065594852,TRACKING,,0.001835582,1,-0.000211843,0.000008925,0.042664501,0.000000000,0.000000000,0.050000000,0.000212002,0.000008936,-0.007335494,0.007338563,0.001245306
30.075561139,TRACKING,,0.001670546,1,-0.000209413,0.000008826,0.042843769,0.000000000,0.000000000,0.050000000,0.000209568,0.000008836,-0.007156227,0.007159300,0.001240128
30.085709085,TRACKING,,0.001740598,1,-0.000207106,0.000008732,0.043017134,0.000000000,0.000000000,0.050000000,0.000207256,0.000008742,-0.006982861,0.006985942,0.001235126
30.095556642,TRACKING,,0.001583873,1,-0.000204690,0.000008628,0.042699605,0.000000000,0.000000000,0.050000000,0.000204846,0.000008639,-0.007300391,0.007303269,0.001227536
30.105621476,TRACKING,,0.001306042,1,-0.000202549,0.000008545,0.042876576,0.000000000,0.000000000,0.050000000,0.000202701,0.000008555,-0.007123419,0.007126308,0.001225294
30.115621008,TRACKING,,0.001677671,1,-0.000200436,0.000008462,0.043051298,0.000000000,0.000000000,0.050000000,0.000200584,0.000008472,-0.006948698,0.006951598,0.001222582
30.125954175,TRACKING,,0.001771468,1,-0.000197590,0.000008340,0.042776265,0.000000000,0.000000000,0.050000000,0.000197742,0.000008350,-0.007223730,0.007226441,0.001213726
30.135907402,TRACKING,,0.001382030,1,-0.000195238,0.000008238,0.042950384,0.000000000,0.000000000,0.050000000,0.000195386,0.000008248,-0.007049612,0.007052324,0.001205541
30.146019728,TRACKING,,0.001398653,1,-0.000193243,0.000008158,0.043122533,0.000000000,0.000000000,0.050000000,0.000193387,0.000008168,-0.006877463,0.006880186,0.001202637
30.156060816,TRACKING,,0.001477015,1,-0.000191063,0.000008066,0.042824550,0.000000000,0.000000000,0.050000000,0.000191213,0.000008076,-0.007175446,0.007177997,0.001196204
30.166104279,TRACKING,,0.001351159,1,-0.000189131,0.000007990,0.042997967,0.000000000,0.000000000,0.050000000,0.000189276,0.000008000,-0.007002029,0.007004592,0.001193642
30.176157240,TRACKING,,0.001259737,1,-0.000187167,0.000007911,0.043172492,0.000000000,0.000000000,0.050000000,0.000187309,0.000007921,-0.006827504,0.006830077,0.001190366
30.186252945,TRACKING,,0.001003278,1,-0.000184992,0.000007817,0.042893423,0.000000000,0.000000000,0.050000000,0.000185139,0.000007827,-0.007106573,0.007108988,0.001183216
30.196196673,TRACKING,,0.000699326,1,-0.000183035,0.000007738,0.043070948,0.000000000,0.000000000,0.050000000,0.000183177,0.000007748,-0.006929048,0.006931473,0.001179662
30.206369553,TRACKING,,0.000345508,1,-0.000181042,0.000007656,0.043247662,0.000000000,0.000000000,0.050000000,0.000181180,0.000007666,-0.006752334,0.006754769,0.001175062
30.216730027,TRACKING,,0.000034432,1,-0.000181042,0.000007656,0.043247662,0.000000000,0.000000000,0.050000000,0.000181180,0.000007666,-0.006752334,0.006754769,0.001175062
30.226798424,TRACKING,,0.002411429,1,-0.000178836,0.000007559,0.043422213,0.000000000,0.000000000,0.050000000,0.000178970,0.000007568,-0.006577783,0.006580222,0.001166356
30.236757587,TRACKING,,0.000137728,1,-0.000176524,0.000007452,0.043154971,0.000000000,0.000000000,0.050000000,0.000176662,0.000007462,-0.006845025,0.006847308,0.001154728
30.246843793,TRACKING,,0.000229151,1,-0.000173829,0.000007331,0.043358097,0.000000000,0.000000000,0.050000000,0.000173961,0.000007340,-0.006641900,0.006644181,0.001142562
30.256870633,TRACKING,,0.000441680,1,-0.000171848,0.000007246,0.043524765,0.000000000,0.000000000,0.050000000,0.000171976,0.000007255,-0.006475232,0.006477519,0.001136084
30.266834546,TRACKING,,0.000899982,1,-0.000169380,0.000007139,0.043310481,0.000000000,0.000000000,0.050000000,0.000169511,0.000007148,-0.006689516,0.006691667,0.001127217
30.276897006,TRACKING,,0.001197997,1,-0.000167010,0.000007037,0.043512006,0.000000000,0.000000000,0.050000000,0.000167137,0.000007046,-0.006487991,0.006490147,0.001119131
30.286971339,TRACKING,,0.001408151,1,-0.000164688,0.000006938,0.043315596,0.000000000,0.000000000,0.050000000,0.000164817,0.000006947,-0.006684400,0.006686436,0.001111235
30.297027862,TRACKING,,0.001543504,1,-0.000164688,0.000006938,0.043315596,0.000000000,0.000000000,0.050000000,0.000164817,0.000006947,-0.006684400,0.006686436,0.001111235
30.307055889,TRACKING,,0.001655112,1,-0.000163042,0.000006885,0.043528030,0.000000000,0.000000000,0.050000000,0.000163167,0.000006894,-0.006471967,0.006474027,0.001114994
30.317315443,TRACKING,,0.001733474,1,-0.000161395,0.000006831,0.043741696,0.000000000,0.000000000,0.050000000,0.000161516,0.000006840,-0.006258300,0.006260388,0.001117880
30.327425395,TRACKING,,0.002103915,1,-0.000159804,0.000006780,0.043575462,0.000000000,0.000000000,0.050000000,0.000159930,0.000006789,-0.006424535,0.006426529,0.001121494
30.337472419,TRACKING,,0.002075420,1,-0.000158200,0.000006726,0.043788178,0.000000000,0.000000000,0.050000000,0.000158322,0.000006735,-0.006211818,0.006213839,0.001124317
30.347576435,TRACKING,,0.001930567,1,-0.000156792,0.000006676,0.043965271,0.000000000,0.000000000,0.050000000,0.000156910,0.000006685,-0.006034726,0.006036769,0.001125144
30.357646018,TRACKING,,0.002039800,1,-0.000155145,0.000006607,0.043773072,0.000000000,0.000000000,0.050000000,0.000155266,0.000006616,-0.006226925,0.006228864,0.001120601
30.367714415,TRACKING,,0.000144852,1,-0.000153171,0.000006528,0.043974618,0.000000000,0.000000000,0.050000000,0.000153288,0.000006537,-0.006025379,0.006027332,0.001114498
30.377763814,TRACKING,,0.000225589,1,-0.000153171,0.000006528,0.043974618,0.000000000,0.000000000,0.050000000,0.000153288,0.000006537,-0.006025379,0.006027332,0.001114498
30.387714666,TRACKING,,0.000428619,1,-0.000151325,0.000006460,0.044181801,0.000000000,0.000000000,0.050000000,0.000151438,0.000006468,-0.005818196,0.005820170,0.001111161
30.397826993,TRACKING,,0.000168598,1,-0.000149346,0.000006382,0.044047389,0.000000000,0.000000000,0.050000000,0.000149461,0.000006390,-0.005952608,0.005954488,0.001105227
30.407874017,TRACKING,,0.000051055,1,-0.000147687,0.000006315,0.044219544,0.000000000,0.000000000,0.050000000,0.000147798,0.000006323,-0.005780453,0.005782346,0.001100042
30.417934102,TRACKING,,0.000018997,1,-0.000146109,0.000006253,0.044388300,0.000000000,0.000000000,0.050000000,0.000146216,0.000006260,-0.005611697,0.005613605,0.001095525
30.428133103,TRACKING,,0.000264770,1,-0.000144411,0.000006180,0.044234201,0.000000000,0.000000000,0.050000000,0.000144520,0.000006188,-0.005765796,0.005767611,0.001088420
30.438208623,TRACKING,,0.000352631,1,-0.000142727,0.000006109,0.044398814,0.000000000,0.000000000,0.050000000,0.000142832,0.000006116,-0.005601183,0.005603008,0.001081313
30.451030393,TRACKING,,0.003001522,1,-0.000140719,0.000006024,0.044603217,0.000000000,0.000000000,0.050000000,0.000140820,0.000006032,-0.005396780,0.005398621,0.001073498
30.460970560,TRACKING,,0.001860516,1,-0.000138309,0.000005904,0.044467772,0.000000000,0.000000000,0.050000000,0.000138411,0.000005911,-0.005532226,0.005533960,0.001054351
30.471128004,TRACKING,,0.002245205,1,-0.000136034,0.000005797,0.044662108,0.000000000,0.000000000,0.050000000,0.000136131,0.000005804,-0.005337890,0.005339629,0.001039870
30.481248642,TRACKING,,0.002344939,1,-0.000136034,0.000005797,0.044662108,0.000000000,0.000000000,0.050000000,0.000136131,0.000005804,-0.005337890,0.005339629,0.001039870
30.491241050,TRACKING,,0.002378184,1,-0.000133686,0.000005684,0.044857194,0.000000000,0.000000000,0.050000000,0.000133777,0.000005691,-0.005142804,0.005144546,0.001023688
30.501442425,TRACKING,,0.002461296,1,-0.000131763,0.000005591,0.044751435,0.000000000,0.000000000,0.050000000,0.000131855,0.000005598,-0.005248562,0.005250221,0.001009797
30.511595121,TRACKING,,0.000022559,1,-0.000129766,0.000005492,0.044905157,0.000000000,0.000000000,0.050000000,0.000129854,0.000005499,-0.005094840,0.005096498,0.000994353
30.521455738,TRACKING,,0.000232713,1,-0.000126343,0.000005334,0.044965993,0.000000000,0.000000000,0.050000000,0.000126428,0.000005340,-0.005034004,0.005035595,0.000972869
30.531587061,TRACKING,,0.000306327,1,-0.000126343,0.000005334,0.044965993,0.000000000,0.000000000,0.050000000,0.000126428,0.000005340,-0.005034004,0.005035595,0.000972869
30.541838303,TRACKING,,0.000407248,1,-0.000124321,0.000005241,0.045159169,0.000000000,0.000000000,0.050000000,0.000124402,0.000005247,-0.004840829,0.004842430,0.000960817
30.551871080,TRACKING,,0.000503420,1,-0.000122200,0.000005141,0.045349700,0.000000000,0.000000000,0.050000000,0.000122277,0.000005146,-0.004650298,0.004651908,0.000946480
30.561787501,TRACKING,,0.000883359,1,-0.000119802,0.000005021,0.045307643,0.000000000,0.000000000,0.050000000,0.000119878,0.000005026,-0.004692355,0.004693889,0.000926985
30.571852335,TRACKING,,0.001270423,1,-0.000117275,0.000004890,0.045487020,0.000000000,0.000000000,0.050000000,0.000117346,0.000004895,-0.004512978,0.004514506,0.000904176
30.582050148,TRACKING,,0.001672921,1,-0.000117275,0.000004890,0.045487020,0.000000000,0.000000000,0.050000000,0.000117346,0.000004895,-0.004512978,0.004514506,0.000904176
30.592173160,TRACKING,,0.001757220,1,-0.000114509,0.000004740,0.045658823,0.000000000,0.000000000,0.050000000,0.000114575,0.000004745,-0.004341176,0.004342690,0.000876111
30.602246306,TRACKING,,0.001699041,1,-0.000111403,0.000004569,0.045628338,0.000000000,0.000000000,0.050000000,0.000111467,0.000004573,-0.004371660,0.004373084,0.000842124
30.612333699,TRACKING,,0.001949564,1,-0.000108803,0.000004423,0.045762967,0.000000000,0.000000000,0.050000000,0.000108863,0.000004427,-0.004237031,0.004238432,0.000812344
30.622253681,TRACKING,,0.002181090,1,-0.000105648,0.000004245,0.045749458,0.000000000,0.000000000,0.050000000,0.000105705,0.000004250,-0.004250541,0.004251857,0.000775969
30.632362446,TRACKING,,0.002474356,1,-0.000102511,0.000004068,0.045908255,0.000000000,0.000000000,0.050000000,0.000102564,0.000004072,-0.004091743,0.004093031,0.000738790
30.642327546,TRACKING,,0.000370441,1,-0.000099264,0.000003882,0.046063310,0.000000000,0.000000000,0.050000000,0.000099312,0.000003886,-0.003936689,0.003937943,0.000698785
30.652365072,TRACKING,,0.000851302,1,-0.000099264,0.000003882,0.046063310,0.000000000,0.000000000,0.050000000,0.000099312,0.000003886,-0.003936689,0.003937943,0.000698785
30.662527266,TRACKING,,0.001000903,1,-0.000095957,0.000003691,0.046057948,0.000000000,0.000000000,0.050000000,0.000096002,0.000003695,-0.003942051,0.003943221,0.000656811
30.672649091,TRACKING,,0.000892858,1,-0.000092359,0.000003482,0.046210884,0.000000000,0.000000000,0.050000000,0.000092400,0.000003485,-0.003789115,0.003790243,0.000609985
30.682639125,TRACKING,,0.001393903,1,-0.000088957,0.000003284,0.046352903,0.000000000,0.000000000,0.050000000,0.000088992,0.000003287,-0.003647096,0.003648183,0.000564985
30.692641032,TRACKING,,0.001729912,1,-0.000085433,0.000003076,0.046361967,0.000000000,0.000000000,0.050000000,0.000085466,0.000003079,-0.003638032,0.003639037,0.000517017
30.702787790,TRACKING,,0.002122912,1,-0.000085433,0.000003076,0.046361967,0.000000000,0.000000000,0.050000000,0.000085466,0.000003079,-0.003638032,0.003639037,0.000517017
30.712974918,TRACKING,,0.002445861,1,-0.000081831,0.000002863,0.046494809,0.000000000,0.000000000,0.050000000,0.000081860,0.000002865,-0.003505191,0.003506147,0.000466839
30.722994634,TRACKING,,0.000028495,1,-0.000078237,0.000002649,0.046625245,0.000000000,0.000000000,0.050000000,0.000078262,0.000002651,-0.003374755,0.003375663,0.000415971
30.733004852,TRACKING,,0.000051054,1,-0.000074574,0.000002431,0.046654135,0.000000000,0.000000000,0.050000000,0.000074595,0.000002432,-0.003345865,0.003346697,0.000363485
30.743066124,TRACKING,,0.000441679,1,-0.000070874,0.000002209,0.046777822,0.000000000,0.000000000,0.050000000,0.000070892,0.000002211,-0.003222177,0.003222958,0.000309572
30.753142832,TRACKING,,0.000605529,1,-0.000067086,0.000001981,0.046824977,0.000000000,0.000000000,0.050000000,0.000067100,0.000001982,-0.003175022,0.003175732,0.000253300
30.763772826,TRACKING,,0.002670262,1,-0.000067086,0.000001981,0.046824977,0.000000000,0.000000000,0.050000000,0.000067100,0.000001982,-0.003175022,0.003175732,0.000253300
30.773600198,TRACKING,,0.000086674,1,-0.000060808,0.000001602,0.047013938,0.000000000,0.000000000,0.050000000,0.000060816,0.000001603,-0.002986062,0.002986681,0.000158245
30.783616352,TRACKING,,0.000167411,1,-0.000060808,0.000001602,0.047013938,0.000000000,0.000000000,0.050000000,0.000060816,0.000001603,-0.002986062,0.002986681,0.000158245
30.793747676,TRACKING,,0.000130604,1,-0.000057046,0.000001374,0.047077526,0.000000000,0.000000000,0.050000000,0.000057051,0.000001375,-0.002922474,0.002923031,0.000100463
30.803804199,TRACKING,,0.000102109,1,-0.000053968,0.000001187,0.047161492,0.000000000,0.000000000,0.050000000,0.000053970,0.000001187,-0.002838508,0.002839021,0.000053438
30.814176547,TRACKING,,0.002318819,1,-0.000050957,0.000001006,0.047243594,0.000000000,0.000000000,0.050000000,0.000050957,0.000001006,-0.002756406,0.002756877,0.000017365
30.823997983,TRACKING,,0.001814211,1,-0.000047829,0.000000822,0.047326346,0.000000000,0.000000000,0.050000000,0.000047827,0.000000822,-0.002673654,0.002674082,0.000049861
30.833942898,TRACKING,,0.000666081,1,-0.000044439,0.000000622,0.047398617,0.000000000,0.000000000,0.050000000,0.000044435,0.000000622,-0.002601383,0.002601762,0.000102668
30.843884252,TRACKING,,0.001035335,1,-0.000040795,0.000000406,0.047484419,0.000000000,0.000000000,0.050000000,0.000040788,0.000000405,-0.002515581,0.002515912,0.000161464
30.853987081,TRACKING,,0.001251426,1,-0.000037619,0.000000216,0.047554219,0.000000000,0.000000000,0.050000000,0.000037610,0.000000215,-0.002445781,0.002446070,0.000213525
30.864205078,TRACKING,,0.001550628,1,-0.000033759,-0.000000015,0.047632826,0.000000000,0.000000000,0.050000000,0.000033748,-0.000000018,-0.002367174,0.002367414,0.003688517
30.875739803,TRACKING,,0.000276643,1,-0.000029819,-0.000000251,0.047705744,0.000000000,0.000000000,0.050000000,0.000029806,-0.000000254,-0.002294256,0.002294450,0.003634144
30.885740522,TRACKING,,0.000606716,1,-0.000029819,-0.000000251,0.047705744,0.000000000,0.000000000,0.050000000,0.000029806,-0.000000254,-0.002294256,0.002294450,0.003634144
30.895863535,TRACKING,,0.000664894,1,-0.000025935,-0.000000473,0.047774823,0.000000000,0.000000000,0.050000000,0.000025919,-0.000000481,-0.002225177,0.002225328,0.014413941
30.906053037,TRACKING,,0.000578220,1,-0.000022107,-0.000000691,0.047839526,0.000000000,0.000000000,0.050000000,0.000022089,-0.000000698,-0.002160474,0.002160587,0.014130376
30.916047820,TRACKING,,0.000689828,1,-0.000019042,-0.000000850,0.047889723,0.000000000,0.000000000,0.050000000,0.000019023,-0.000000856,-0.002110277,0.002110363,0.013708662
30.926109092,TRACKING,,0.000680329,1,-0.000015353,-0.000001032,0.047948160,0.000000000,0.000000000,0.050000000,0.000015331,-0.000001042,-0.002051840,0.002051897,0.031044535
30.936175114,TRACKING,,0.000781250,1,-0.000012454,-0.000001162,0.047992685,0.000000000,0.000000000,0.050000000,0.000012431,-0.000001171,-0.002007315,0.002007354,0.030215315
30.946245884,TRACKING,,0.000822807,1,-0.000009640,-0.000001274,0.048034790,0.000000000,0.000000000,0.050000000,0.000009616,-0.000001281,-0.001965211,0.001965234,0.029140126
30.956366522,TRACKING,,0.000389438,1,-0.000006816,-0.000001376,0.048076123,0.000000000,0.000000000,0.050000000,0.000006790,-0.000001384,-0.001923878,0.001923890,0.052811532
30.966535840,TRACKING,,0.000021371,1,-0.000004069,-0.000001450,0.048115500,0.000000000,0.000000000,0.050000000,0.000004041,-0.000001456,-0.001884501,0.001884505,0.051084072
30.976660040,TRACKING,,0.002217897,1,-0.000001373,-0.000001498,0.048153592,0.000000000,0.000000000,0.050000000,0.000001345,-0.000001501,-0.001846408,0.001846409,0.048906366
30.986760493,TRACKING,,0.002436362,1,0.000001107,-0.000001534,0.048188111,0.000000000,0.000000000,0.050000000,-0.000001138,-0.000001534,-0.001811889,0.001811890,0.078254234
30.996855010,TRACKING,,0.002412615,1,0.000003469,-0.000001529,0.048220843,0.000000000,0.000000000,0.050000000,-0.000003500,-0.000001527,-0.001779157,0.001779161,0.075343863
31.007185802,TRACKING,,0.002363936,1,0.000005775,-0.000001496,0.048252718,0.000000000,0.000000000,0.050000000,-0.000005806,-0.000001491,-0.001747282,0.001747292,0.071852051
31.017073727,TRACKING,,0.001987559,1,0.000007999,-0.000001450,0.048283627,0.000000000,0.000000000,0.050000000,-0.000008031,-0.000001442,-0.001716373,0.001716392,0.068000421
31.026826299,TRACKING,,0.001516196,1,0.000010137,-0.000001412,0.048313514,0.000000000,0.000000000,0.050000000,-0.000010170,-0.000001396,-0.001686486,0.001686517,0.102235448
31.036885196,TRACKING,,0.001142193,1,0.000012120,-0.000001317,0.048342345,0.000000000,0.000000000,0.050000000,-0.000012154,-0.000001299,-0.001657655,0.001657700,0.097393207
31.046972590,TRACKING,,0.000675580,1,0.000014027,-0.000001207,0.048370352,0.000000000,0.000000000,0.050000000,-0.000014061,-0.000001187,-0.001629647,0.001629709,0.092070034
31.057225019,TRACKING,,0.000362130,1,0.000015806,-0.000001113,0.048396948,0.000000000,0.000000000,0.050000000,-0.000015842,-0.000001079,-0.001603051,0.001603130,0.131318317
31.067103445,TRACKING,,0.000327698,1,0.000017464,-0.000000959,0.048422210,0.000000000,0.000000000,0.050000000,-0.000017499,-0.000000924,-0.001577790,0.001577887,0.125042039
31.077423551,TRACKING,,0.002633456,1,0.000017464,-0.000000959,0.048422210,0.000000000,0.000000000,0.050000000,-0.000017499,-0.000000924,-0.001577790,0.001577887,0.125042039
31.087478887,TRACKING,,0.000023746,1,0.000019030,-0.000000788,0.048446689,0.000000000,0.000000000,0.050000000,-0.000019065,-0.000000751,-0.001553310,0.001553428,0.118231028
31.097633957,TRACKING,,0.000068865,1,0.000021830,-0.000000433,0.048493294,0.000000000,0.000000000,0.050000000,-0.000021865,-0.000000377,-0.001506706,0.001506864,0.154395035
31.107556314,TRACKING,,0.000156725,1,0.000023076,-0.000000226,0.048515595,0.000000000,0.000000000,0.050000000,-0.000023111,-0.000000170,-0.001484404,0.001484584,0.146409801
31.117697136,TRACKING,,0.000364505,1,0.000023076,-0.000000226,0.048515595,0.000000000,0.000000000,0.050000000,-0.000023111,-0.000000170,-0.001484404,0.001484584,0.146409801
31.127753659,TRACKING,,0.000518855,1,0.000024491,0.000000005,0.048542463,0.000000000,0.000000000,0.050000000,-0.000024525,0.000000085,-0.001457537,0.001457743,0.193208046
31.137784061,TRACKING,,0.000768191,1,0.000025792,0.000000277,0.048568549,0.000000000,0.000000000,0.050000000,-0.000025825,0.000000356,-0.001431450,0.001431683,0.182265259
31.147838210,TRACKING,,0.000861987,1,0.000026983,0.000000593,0.048594013,0.000000000,0.000000000,0.050000000,-0.000027015,0.000000671,-0.001405987,0.001406246,0.170247574
31.157905419,TRACKING,,0.001060269,1,0.000028090,0.000000863,0.048618794,0.000000000,0.000000000,0.050000000,-0.000028121,0.000000968,-0.001381205,0.001381492,0.220751652
31.167970253,TRACKING,,0.001093513,1,0.000028911,0.000001145,0.048638301,0.000000000,0.000000000,0.050000000,-0.000028941,0.000001248,-0.001361698,0.001362006,0.209691721
31.178043399,TRACKING,,0.001135069,1,0.000029674,0.000001424,0.048657243,0.000000000,0.000000000,0.050000000,-0.000029703,0.000001524,-0.001342756,0.001343086,0.198216877
31.188128417,TRACKING,,0.001175438,1,0.000029674,0.000001424,0.048657243,0.000000000,0.000000000,0.050000000,-0.000029703,0.000001524,-0.001342756,0.001343086,0.198216877
31.198234807,TRACKING,,0.000981906,1,0.000030545,0.000001709,0.048680404,0.000000000,0.000000000,0.050000000,-0.000030572,0.000001841,-0.001319595,0.001319950,0.252324733
31.208309140,TRACKING,,0.001130320,1,0.000031197,0.000001956,0.048698638,0.000000000,0.000000000,0.050000000,-0.000031223,0.000002084,-0.001301362,0.001301738,0.240208411
31.218392971,TRACKING,,0.001214619,1,0.000031903,0.000002310,0.048720483,0.000000000,0.000000000,0.050000000,-0.000031927,0.000002432,-0.001279517,0.001279917,0.224273186
31.228474428,TRACKING,,0.001108948,1,0.000032422,0.000002542,0.048737738,0.000000000,0.000000000,0.050000000,-0.000032442,0.000002701,-0.001262261,0.001262681,0.285409377
31.238548760,TRACKING,,0.001024649,1,0.000032900,0.000002831,0.048754957,0.000000000,0.000000000,0.050000000,-0.000032919,0.000002984,-0.001245042,0.001245481,0.271433844
31.248631404,TRACKING,,0.000920166,1,0.000033333,0.000003135,0.048771634,0.000000000,0.000000000,0.050000000,-0.000033351,0.000003282,-0.001228365,0.001228822,0.256875678
31.258690302,TRACKING,,0.000711199,1,0.000033732,0.000003380,0.048788127,0.000000000,0.000000000,0.050000000,-0.000033745,0.000003567,-0.001211872,0.001212347,0.321579126
31.268781257,TRACKING,,0.000649459,1,0.000034090,0.000003675,0.048804237,0.000000000,0.000000000,0.050000000,-0.000034102,0.000003854,-0.001195762,0.001196255,0.306105247
31.278938702,TRACKING,,0.000540226,1,0.000034412,0.000003981,0.048819872,0.000000000,0.000000000,0.050000000,-0.000034424,0.000004152,-0.001180127,0.001180637,0.290080228
31.289081898,TRACKING,,0.000263583,1,0.000034699,0.000004267,0.048835276,0.000000000,0.000000000,0.050000000,-0.000034710,0.000004430,-0.001164723,0.001165248,0.273753084
31.299090929,TRACKING,,0.000105671,1,0.000034962,0.000004459,0.048850660,0.000000000,0.000000000,0.050000000,-0.000034966,0.000004665,-0.001149339,0.001149880,0.342287003
31.309012099,TRACKING,,0.000560410,1,0.000035177,0.000004681,0.048865227,0.000000000,0.000000000,0.050000000,-0.000035181,0.000004879,-0.001134772,0.001135328,0.326127737
31.319040126,TRACKING,,0.000457115,1,0.000035401,0.000004952,0.048882538,0.000000000,0.000000000,0.050000000,-0.000035406,0.000005139,-0.001117462,0.001118034,0.305918696
31.329106148,TRACKING,,0.000439305,1,0.000035561,0.000005085,0.048896563,0.000000000,0.000000000,0.050000000,-0.000035558,0.000005318,-0.001103436,0.001104022,0.379352387
31.339192354,TRACKING,,0.000432181,1,0.000035688,0.000005284,0.048910201,0.000000000,0.000000000,0.050000000,-0.000035684,0.000005507,-0.001089798,0.001090396,0.362215848
31.349254813,TRACKING,,0.000575846,1,0.000035825,0.000005517,0.048926632,0.000000000,0.000000000,0.050000000,-0.000035822,0.000005727,-0.001073367,0.001073980,0.340643522
31.359317273,TRACKING,,0.000510543,1,0.000035911,0.000005609,0.048939571,0.000000000,0.000000000,0.050000000,-0.000035898,0.000005869,-0.001060428,0.001061052,0.418394198
31.369373796,TRACKING,,0.000302765,1,0.000035969,0.000005795,0.048952527,0.000000000,0.000000000,0.050000000,-0.000035957,0.000006044,-0.001047472,0.001048106,0.399972977
31.379441005,TRACKING,,0.000094985,1,0.000036010,0.000005967,0.048965141,0.000000000,0.000000000,0.050000000,-0.000035998,0.000006204,-0.001034858,0.001035502,0.381483572
31.389543833,TRACKING,,0.000078362,1,0.000036036,0.000006034,0.048977313,0.000000000,0.000000000,0.050000000,-0.000036015,0.000006323,-0.001022686,0.001023339,0.463343050
31.399576610,TRACKING,,0.002361561,1,0.000036036,0.000006034,0.048977313,0.000000000,0.000000000,0.050000000,-0.000036015,0.000006323,-0.001022686,0.001023339,0.463343050
31.409802919,TRACKING,,0.001860516,1,0.000036033,0.000006203,0.048989578,0.000000000,0.000000000,0.050000000,-0.000036012,0.000006480,-0.001010421,0.001011083,0.444141188
31.419993608,TRACKING,,0.001865266,1,0.000036015,0.000006400,0.049001808,0.000000000,0.000000000,0.050000000,-0.000035995,0.000006664,-0.000998191,0.000998862,0.423957351
31.430593919,TRACKING,,0.001385592,1,0.000035973,0.000006533,0.049013676,0.000000000,0.000000000,0.050000000,-0.000035942,0.000006849,-0.000986323,0.000987002,0.508440391
31.439959427,TRACKING,,0.001372532,1,0.000035892,0.000006708,0.049025917,0.000000000,0.000000000,0.050000000,-0.000035861,0.000007011,-0.000974082,0.000974767,0.487840648
31.450083627,TRACKING,,0.001444957,1,0.000035764,0.000006948,0.049037859,0.000000000,0.000000000,0.050000000,-0.000035734,0.000007237,-0.000962140,0.000962830,0.466733135
31.460110468,TRACKING,,0.000984281,1,0.000035594,0.000007148,0.049052566,0.000000000,0.000000000,0.050000000,-0.000035551,0.000007486,-0.000947433,0.000948129,0.549201421
31.470356960,TRACKING,,0.000584157,1,0.000035437,0.000007347,0.049064559,0.000000000,0.000000000,0.050000000,-0.000035394,0.000007671,-0.000935440,0.000936141,0.527124126
31.480362429,TRACKING,,0.000118731,1,0.000035277,0.000007543,0.049076426,0.000000000,0.000000000,0.050000000,-0.000035235,0.000007851,-0.000923573,0.000924278,0.504476047
31.490446260,TRACKING,,0.002447048,1,0.000035134,0.000007624,0.049087815,0.000000000,0.000000000,0.050000000,-0.000035078,0.000007987,-0.000912184,0.000912893,0.595684234
31.500635762,TRACKING,,0.002385307,1,0.000034973,0.000007760,0.049098969,0.000000000,0.000000000,0.050000000,-0.000034918,0.000008107,-0.000901030,0.000901743,0.573541192
31.510611548,TRACKING,,0.000134166,1,0.000034816,0.000007891,0.049109500,0.000000000,0.000000000,0.050000000,-0.000034763,0.000008224,-0.000890499,0.000891216,0.551850198
31.520595645,TRACKING,,0.000277831,1,0.000034628,0.000007943,0.049122308,0.000000000,0.000000000,0.050000000,-0.000034561,0.000008329,-0.000877691,0.000878411,0.642361600
31.530658105,TRACKING,,0.000477299,1,0.000034424,0.000008071,0.049134764,0.000000000,0.000000000,0.050000000,-0.000034359,0.000008439,-0.000865235,0.000865958,0.615355189
31.540698006,TRACKING,,0.000446429,1,0.000034247,0.000008175,0.049144779,0.000000000,0.000000000,0.050000000,-0.000034184,0.000008527,-0.000855220,0.000855945,0.593003833
31.550761653,TRACKING,,0.000408435,1,0.000034065,0.000008231,0.049154648,0.000000000,0.000000000,0.050000000,-0.000034005,0.000008569,-0.000845351,0.000846078,0.570958579
31.560820550,TRACKING,,0.000483235,1,0.000033893,0.000008154,0.049164391,0.000000000,0.000000000,0.050000000,-0.000033818,0.000008549,-0.000835609,0.000836336,0.670733373
31.570810584,TRACKING,,0.000449991,1,0.000033893,0.000008154,0.049164391,0.000000000,0.000000000,0.050000000,-0.000033818,0.000008549,-0.000835609,0.000836336,0.670733373
31.580897977,TRACKING,,0.000503420,1,0.000033645,0.000008193,0.049176324,0.000000000,0.000000000,0.050000000,-0.000033573,0.000008568,-0.000823675,0.000824404,0.643368299
31.590965186,TRACKING,,0.000635211,1,0.000033444,0.000008225,0.049185708,0.000000000,0.000000000,0.050000000,-0.000033375,0.000008585,-0.000814291,0.000815020,0.621263338
31.601037144,TRACKING,,0.000736133,1,0.000033185,0.000008181,0.049197341,0.000000000,0.000000000,0.050000000,-0.000033102,0.000008595,-0.000802658,0.000803386,0.718821178
31.611105540,TRACKING,,0.000781250,1,0.000032899,0.000008210,0.049208912,0.000000000,0.000000000,0.050000000,-0.000032819,0.000008605,-0.000791087,0.000791814,0.691020198
31.621175124,TRACKING,,0.000804997,1,0.000032685,0.000008168,0.049218070,0.000000000,0.000000000,0.050000000,-0.000032589,0.000008620,-0.000781929,0.000782655,0.797048994
31.631243520,TRACKING,,0.000877423,1,0.000032456,0.000008234,0.049227117,0.000000000,0.000000000,0.050000000,-0.000032363,0.000008670,-0.000772882,0.000773608,0.773750844
31.641316665,TRACKING,,0.000959347,1,0.000032228,0.000008310,0.049236015,0.000000000,0.000000000,0.050000000,-0.000032137,0.000008730,-0.000763985,0.000764710,0.750157409
31.651379125,TRACKING,,0.000955785,1,0.000031963,0.000008282,0.049246928,0.000000000,0.000000000,0.050000000,-0.000031856,0.000008755,-0.000753071,0.000753796,0.853085784
31.661448708,TRACKING,,0.001067393,1,0.000031736,0.000008358,0.049255553,0.000000000,0.000000000,0.050000000,-0.000031632,0.000008815,-0.000744446,0.000745170,0.828960927
31.671532540,TRACKING,,0.001056707,1,0.000031514,0.000008422,0.049264001,0.000000000,0.000000000,0.050000000,-0.000031412,0.000008862,-0.000735998,0.000736722,0.804883874
31.681603310,TRACKING,,0.001231241,1,0.000031514,0.000008422,0.049264001,0.000000000,0.000000000,0.050000000,-0.000031412,0.000008862,-0.000735998,0.000736722,0.804883874
31.691693078,TRACKING,,0.001227680,1,0.000031221,0.000008457,0.049274405,0.000000000,0.000000000,0.050000000,-0.000031123,0.000008877,-0.000725594,0.000726315,0.775297364
31.702001311,TRACKING,,0.001252613,1,0.000031005,0.000008365,0.049282700,0.000000000,0.000000000,0.050000000,-0.000030891,0.000008842,-0.000717299,0.000718018,0.887077131
31.712034088,TRACKING,,0.001197996,1,0.000030758,0.000008333,0.049290962,0.000000000,0.000000000,0.050000000,-0.000030647,0.000008794,-0.000709037,0.000709754,0.863752665
31.721884019,TRACKING,,0.000883359,1,0.000030502,0.000008328,0.049299245,0.000000000,0.000000000,0.050000000,-0.000030395,0.000008773,-0.000700754,0.000701468,0.839818675
31.732131699,TRACKING,,0.000913042,1,0.000030254,0.000008235,0.049307639,0.000000000,0.000000000,0.050000000,-0.000030131,0.000008736,-0.000692361,0.000693071,0.953994199
31.742227403,TRACKING,,0.000926102,1,0.000029990,0.000008200,0.049315743,0.000000000,0.000000000,0.050000000,-0.000029871,0.000008685,-0.000684256,0.000684963,0.930402198
31.752122452,TRACKING,,0.000540227,1,0.000029727,0.000008194,0.049323787,0.000000000,0.000000000,0.050000000,-0.000029612,0.000008662,-0.000676212,0.000676915,0.906288073
31.762282271,TRACKING,,0.000022558,1,0.000029475,0.000008099,0.049332013,0.000000000,0.000000000,0.050000000,-0.000029343,0.000008623,-0.000667986,0.000668686,1.022859211
31.772609501,TRACKING,,0.002253516,1,0.000029202,0.000008056,0.049340250,0.000000000,0.000000000,0.050000000,-0.000029075,0.000008562,-0.000659749,0.000660445,0.997763076
31.782772882,TRACKING,,0.002077794,1,0.000028947,0.000008040,0.049348067,0.000000000,0.000000000,0.050000000,-0.000028823,0.000008529,-0.000651932,0.000652625,0.973178705
31.792685741,TRACKING,,0.002039800,1,0.000028712,0.000007931,0.049355864,0.000000000,0.000000000,0.050000000,-0.000028572,0.000008475,-0.000644135,0.000644824,1.092740560
31.802633031,TRACKING,,0.001639676,1,0.000028459,0.000007878,0.049363527,0.000000000,0.000000000,0.050000000,-0.000028323,0.000008405,-0.000636472,0.000637157,1.068165685
31.812722799,TRACKING,,0.001408151,1,0.000028218,0.000007847,0.049370891,0.000000000,0.000000000,0.050000000,-0.000028086,0.000008358,-0.000629108,0.000629790,1.043763736
31.822810192,TRACKING,,0.000975969,1,0.000027954,0.000007831,0.049378518,0.000000000,0.000000000,0.050000000,-0.000027826,0.000008325,-0.000621482,0.000622160,1.018290048
31.832904709,TRACKING,,0.000681516,1,0.000027712,0.000007692,0.049386012,0.000000000,0.000000000,0.050000000,-0.000027569,0.000008240,-0.000613988,0.000614662,1.140277071
31.843014661,TRACKING,,0.000474924,1,0.000027455,0.000007611,0.049393307,0.000000000,0.000000000,0.050000000,-0.000027317,0.000008143,-0.000606692,0.000607361,1.115835447
31.853067622,TRACKING,,0.000035619,1,0.000027206,0.000007539,0.049400451,0.000000000,0.000000000,0.050000000,-0.000027073,0.000008055,-0.000599548,0.000600213,1.091400019
31.863241689,TRACKING,,0.002280824,1,0.000026976,0.000007370,0.049407611,0.000000000,0.000000000,0.050000000,-0.000026828,0.000007940,-0.000592388,0.000593049,1.216187680
31.873199665,TRACKING,,0.001662235,1,0.000026731,0.000007277,0.049414689,0.000000000,0.000000000,0.050000000,-0.000026588,0.000007830,-0.000585311,0.000585967,1.191401422
31.883270436,TRACKING,,0.000958160,1,0.000026493,0.000007202,0.049421687,0.000000000,0.000000000,0.050000000,-0.000026355,0.000007738,-0.000578312,0.000578964,1.166120013
31.893362578,TRACKING,,0.000383501,1,0.000026262,0.000007066,0.049428707,0.000000000,0.000000000,0.050000000,-0.000026110,0.000007656,-0.000571292,0.000571940,1.292246901
31.903599573,TRACKING,,0.002410241,1,0.000026021,0.000007022,0.049435590,0.000000000,0.000000000,0.050000000,-0.000025873,0.000007594,-0.000564410,0.000565053,1.266386845
31.913572984,TRACKING,,0.001594559,1,0.000025785,0.000006975,0.049442404,0.000000000,0.000000000,0.050000000,-0.000025642,0.000007530,-0.000557596,0.000558236,1.240162306
31.923728054,TRACKING,,0.000351444,1,0.000025554,0.000006845,0.049449402,0.000000000,0.000000000,0.050000000,-0.000025397,0.000007452,-0.000550597,0.000551233,1.366957918
31.933906870,TRACKING,,0.002027927,1,0.000025554,0.000006845,0.049449402,0.000000000,0.000000000,0.050000000,-0.000025397,0.000007452,-0.000550597,0.000551233,1.366957918
31.944016822,TRACKING,,0.000958160,1,0.000025324,0.000006816,0.049456114,0.000000000,0.000000000,0.050000000,-0.000025171,0.000007405,-0.000543885,0.000544518,1.339937608
31.954087593,TRACKING,,0.000024934,1,0.000025086,0.000006860,0.049462902,0.000000000,0.000000000,0.050000000,-0.000024935,0.000007431,-0.000537098,0.000537727,1.311583100
31.964113246,TRACKING,,0.002153782,1,0.000024864,0.000006822,0.049469579,0.000000000,0.000000000,0.050000000,-0.000024698,0.000007443,-0.000530420,0.000531047,1.439219986
31.974261192,TRACKING,,0.001480577,1,0.000024633,0.000006837,0.049475903,0.000000000,0.000000000,0.050000000,-0.000024469,0.000007441,-0.000524096,0.000524720,1.412352194
31.984350960,TRACKING,,0.000841803,1,0.000024405,0.000006881,0.049482259,0.000000000,0.000000000,0.050000000,-0.000024244,0.000007468,-0.000517741,0.000518362,1.384380317
31.994431229,TRACKING,,0.000262396,1,0.000024189,0.000006874,0.049488490,0.000000000,0.000000000,0.050000000,-0.000024012,0.000007510,-0.000511509,0.000512128,1.514310947
32.004564927,TRACKING,,0.002407866,1,0.000023958,0.000006927,0.049494636,0.000000000,0.000000000,0.050000000,-0.000023782,0.000007545,-0.000505364,0.000505979,1.486433546
32.014629761,TRACKING,,0.001946002,1,0.000023736,0.000006981,0.049500666,0.000000000,0.000000000,0.050000000,-0.000023562,0.000007581,-0.000499333,0.000499947,1.458343808
32.024723091,TRACKING,,0.001389154,1,0.000023541,0.000006929,0.049506520,0.000000000,0.000000000,0.050000000,-0.000023351,0.000007578,-0.000493480,0.000494090,1.590089540
32.034781989,TRACKING,,0.000381127,1,0.000023327,0.000006935,0.049512347,0.000000000,0.000000000,0.050000000,-0.000023141,0.000007567,-0.000487652,0.000488260,1.562242918
32.044923998,TRACKING,,0.002527784,1,0.000023101,0.000006982,0.049518371,0.000000000,0.000000000,0.050000000,-0.000022917,0.000007596,-0.000481629,0.000482234,1.532714079
32.054832107,TRACKING,,0.002023178,1,0.000022904,0.000006911,0.049524029,0.000000000,0.000000000,0.050000000,-0.000022705,0.000007573,-0.000475971,0.000476572,1.665469342
32.064896942,TRACKING,,0.001320290,1,0.000022697,0.000006910,0.049529601,0.000000000,0.000000000,0.050000000,-0.000022501,0.000007555,-0.000470399,0.000470997,1.637311050
32.075043700,TRACKING,,0.000184033,1,0.000022476,0.000006937,0.049535367,0.000000000,0.000000000,0.050000000,-0.000022284,0.000007564,-0.000464633,0.000465228,1.607565201
32.085113284,TRACKING,,0.001871202,1,0.000022476,0.000006937,0.049535367,0.000000000,0.000000000,0.050000000,-0.000022284,0.000007564,-0.000464633,0.000465228,1.607565201
32.095251731,TRACKING,,0.000794311,1,0.000022275,0.000006841,0.049541038,0.000000000,0.000000000,0.050000000,-0.000022067,0.000007514,-0.000458962,0.000459553,1.740489227
32.105596771,TRACKING,,0.002436362,1,0.000022043,0.000006815,0.049546776,0.000000000,0.000000000,0.050000000,-0.000021840,0.000007470,-0.000453223,0.000453810,1.710896606
32.115327971,TRACKING,,0.001431896,1,0.000021809,0.000006800,0.049552473,0.000000000,0.000000000,0.050000000,-0.000021610,0.000007436,-0.000447527,0.000448110,1.681060826
32.125407053,TRACKING,,0.000352631,1,0.000021584,0.000006721,0.049558155,0.000000000,0.000000000,0.050000000,-0.000021370,0.000007400,-0.000441845,0.000442423,1.814579899
32.135606053,TRACKING,,0.002285574,1,0.000021349,0.000006689,0.049563679,0.000000000,0.000000000,0.050000000,-0.000021140,0.000007349,-0.000436321,0.000436894,1.785384695
32.145675637,TRACKING,,0.000989030,1,0.000021117,0.000006658,0.049569220,0.000000000,0.000000000,0.050000000,-0.000020913,0.000007300,-0.000430780,0.000431349,1.755431914
32.155708413,TRACKING,,0.000046305,1,0.000020882,0.000006627,0.049574671,0.000000000,0.000000000,0.050000000,-0.000020683,0.000007252,-0.000425328,0.000425893,1.725886179
32.165699634,TRACKING,,0.002184652,1,0.000020678,0.000006456,0.049579811,0.000000000,0.000000000,0.050000000,-0.000020465,0.000007127,-0.000420189,0.000420747,1.872863178
32.175778716,TRACKING,,0.001595746,1,0.000020465,0.000006361,0.049584782,0.000000000,0.000000000,0.050000000,-0.000020259,0.000007015,-0.000415218,0.000415771,1.845420122
32.185845925,TRACKING,,0.001049583,1,0.000020279,0.000006214,0.049589624,0.000000000,0.000000000,0.050000000,-0.000020062,0.000006907,-0.000410375,0.000410924,1.972642829
32.195977249,TRACKING,,0.000518855,1,0.000020081,0.000006221,0.049594488,0.000000000,0.000000000,0.050000000,-0.000019867,0.000006897,-0.000405511,0.000406056,1.943829417
32.206243926,TRACKING,,0.000086674,1,0.000019885,0.000006231,0.049599230,0.000000000,0.000000000,0.050000000,-0.000019674,0.000006891,-0.000400770,0.000401312,1.915093173
32.216754002,TRACKING,,0.002217896,1,0.000019885,0.000006231,0.049599230,0.000000000,0.000000000,0.050000000,-0.000019674,0.000006891,-0.000400770,0.000401312,1.915093173
32.226418712,TRACKING,,0.001687169,1,0.000019689,0.000006214,0.049603955,0.000000000,0.000000000,0.050000000,-0.000019483,0.000006858,-0.000396044,0.000396582,1.886247668
32.236555972,TRACKING,,0.000958160,1,0.000019515,0.000006115,0.049608576,0.000000000,0.000000000,0.050000000,-0.000019295,0.000006799,-0.000391424,0.000391958,2.023535949
32.246667112,TRACKING,,0.000017810,1,0.000019301,0.000006117,0.049613399,0.000000000,0.000000000,0.050000000,-0.000019084,0.000006784,-0.000386601,0.000387131,1.994021616
32.256742632,TRACKING,,0.001693105,1,0.000019086,0.000006149,0.049618284,0.000000000,0.000000000,0.050000000,-0.000018872,0.000006798,-0.000381716,0.000382242,1.963362081
32.266828838,TRACKING,,0.000508169,1,0.000018891,0.000006105,0.049623166,0.000000000,0.000000000,0.050000000,-0.000018663,0.000006791,-0.000376834,0.000377357,2.098560984
32.276962536,TRACKING,,0.002267764,1,0.000018680,0.000006141,0.049628004,0.000000000,0.000000000,0.050000000,-0.000018454,0.000006810,-0.000371995,0.000372515,2.067402173
32.287095047,TRACKING,,0.001214619,1,0.000018477,0.000006170,0.049632749,0.000000000,0.000000000,0.050000000,-0.000018253,0.000006822,-0.000367251,0.000367767,2.036017915
32.297096954,TRACKING,,0.000382314,1,0.000018289,0.000006135,0.049637434,0.000000000,0.000000000,0.050000000,-0.000018051,0.000006823,-0.000362565,0.000363079,2.171270597
32.307235401,TRACKING,,0.002354437,1,0.000018099,0.000006158,0.049641874,0.000000000,0.000000000,0.050000000,-0.000017864,0.000006829,-0.000358126,0.000358636,2.140798583
32.317244432,TRACKING,,0.001651549,1,0.000017914,0.000006165,0.049646229,0.000000000,0.000000000,0.050000000,-0.000017682,0.000006820,-0.000353770,0.000354277,2.110201988
32.327329450,TRACKING,,0.000924915,1,0.000017752,0.000006077,0.049650468,0.000000000,0.000000000,0.050000000,-0.000017507,0.000006768,-0.000349531,0.000350035,2.246850725
32.337451276,TRACKING,,0.000464238,1,0.000017578,0.000006109,0.049654611,0.000000000,0.000000000,0.050000000,-0.000017336,0.000006783,-0.000345388,0.000345890,2.216500650
32.347405690,TRACKING,,0.002027927,1,0.000017578,0.000006109,0.049654611,0.000000000,0.000000000,0.050000000,-0.000017336,0.000006783,-0.000345388,0.000345890,2.216500650
32.357669992,TRACKING,,0.001092326,1,0.000017399,0.000006123,0.049658868,0.000000000,0.000000000,0.050000000,-0.000017160,0.000006781,-0.000341132,0.000341631,2.184750143
32.367782319,TRACKING,,0.002458921,1,0.000017233,0.000006117,0.049663117,0.000000000,0.000000000,0.050000000,-0.000016978,0.000006808,-0.000336882,0.000337379,2.319277178
32.377679742,TRACKING,,0.001796401,1,0.000017046,0.000006151,0.049667422,0.000000000,0.000000000,0.050000000,-0.000016794,0.000006826,-0.000332578,0.000333072,2.286432193
32.387703021,TRACKING,,0.000822806,1,0.000016873,0.000006221,0.049671520,0.000000000,0.000000000,0.050000000,-0.000016622,0.000006879,-0.000328480,0.000328972,2.254087486
32.397808224,TRACKING,,0.000157913,1,0.000016713,0.000006265,0.049675618,0.000000000,0.000000000,0.050000000,-0.000016444,0.000006955,-0.000324381,0.000324872,2.387799407
32.408083212,TRACKING,,0.002184652,1,0.000016543,0.000006352,0.049679613,0.000000000,0.000000000,0.050000000,-0.000016274,0.000007026,-0.000320387,0.000320877,2.355248948
32.418035252,TRACKING,,0.001645613,1,0.000016381,0.000006436,0.049683484,0.000000000,0.000000000,0.050000000,-0.000016113,0.000007094,-0.000316516,0.000317005,2.322858441
32.428135705,TRACKING,,0.001138631,1,0.000016239,0.000006432,0.049687259,0.000000000,0.000000000,0.050000000,-0.000015954,0.000007122,-0.000312741,0.000313228,2.457079425
32.438200539,TRACKING,,0.000514106,1,0.000016079,0.000006520,0.049691025,0.000000000,0.000000000,0.050000000,-0.000015795,0.000007194,-0.000308974,0.000309461,2.424477059
32.448295056,TRACKING,,0.002163280,1,0.000015917,0.000006597,0.049694884,0.000000000,0.000000000,0.050000000,-0.000015634,0.000007255,-0.000305116,0.000305602,2.390403728
32.458377700,TRACKING,,0.001095888,1,0.000015774,0.000006563,0.049698677,0.000000000,0.000000000,0.050000000,-0.000015476,0.000007250,-0.000301322,0.000301807,2.522345575
32.468459157,TRACKING,,0.000020184,1,0.000015774,0.000006563,0.049698677,0.000000000,0.000000000,0.050000000,-0.000015476,0.000007250,-0.000301322,0.000301807,2.522345575
32.478601166,TRACKING,,0.001847456,1,0.000015613,0.000006624,0.049702449,0.000000000,0.000000000,0.050000000,-0.000015317,0.000007294,-0.000297550,0.000298034,2.487767083
32.488702807,TRACKING,,0.000780064,1,0.000015463,0.000006687,0.049706114,0.000000000,0.000000000,0.050000000,-0.000015168,0.000007342,-0.000293885,0.000294368,2.453047914
32.498828194,TRACKING,,0.002387683,1,0.000015323,0.000006756,0.049709851,0.000000000,0.000000000,0.050000000,-0.000015009,0.000007439,-0.000290149,0.000290632,2.582399737
32.508878781,TRACKING,,0.001315540,1,0.000015163,0.000006838,0.049713535,0.000000000,0.000000000,0.050000000,-0.000014849,0.000007504,-0.000286464,0.000286947,2.546942825
32.518974485,TRACKING,,0.000219653,1,0.000015011,0.000006930,0.049717165,0.000000000,0.000000000,0.050000000,-0.000014699,0.000007581,-0.000282835,0.000283318,2.510889556
32.529055942,TRACKING,,0.001951939,1,0.000014877,0.000006985,0.049720773,0.000000000,0.000000000,0.050000000,-0.000014545,0.000007662,-0.000279226,0.000279710,2.638924725
32.539144522,TRACKING,,0.000845366,1,0.000014725,0.000007055,0.049724295,0.000000000,0.000000000,0.050000000,-0.000014395,0.000007716,-0.000275705,0.000276188,2.602849959
32.549396951,TRACKING,,0.002599024,1,0.000014579,0.000007166,0.049727788,0.000000000,0.000000000,0.050000000,-0.000014248,0.000007811,-0.000272212,0.000272696,2.566013655
32.559264692,TRACKING,,0.001537567,1,0.000014450,0.000007161,0.049731208,0.000000000,0.000000000,0.050000000,-0.000014102,0.000007831,-0.000268792,0.000269275,2.692848622
32.569311717,TRACKING,,0.000619776,1,0.000014310,0.000007182,0.049734440,0.000000000,0.000000000,0.050000000,-0.000013967,0.000007837,-0.000265560,0.000266042,2.657619247
32.579530901,TRACKING,,0.000049867,1,0.000014310,0.000007182,0.049734440,0.000000000,0.000000000,0.050000000,-0.000013967,0.000007837,-0.000265560,0.000266042,2.657619247
32.589655101,TRACKING,,0.002090855,1,0.000014172,0.000007229,0.049737653,0.000000000,0.000000000,0.050000000,-0.000013831,0.000007869,-0.000262347,0.000262829,2.621875291
32.599738932,TRACKING,,0.001285858,1,0.000014057,0.000007205,0.049740748,0.000000000,0.000000000,0.050000000,-0.000013700,0.000007871,-0.000259252,0.000259733,2.748980222
32.609863132,TRACKING,,0.000275456,1,0.000013910,0.000007273,0.049743973,0.000000000,0.000000000,0.050000000,-0.000013555,0.000007923,-0.000256027,0.000256508,2.712614729
32.619920842,TRACKING,,0.001993495,1,0.000013767,0.000007358,0.049747216,0.000000000,0.000000000,0.050000000,-0.000013413,0.000007992,-0.000252784,0.000253265,2.675188104
32.630156649,TRACKING,,0.000949848,1,0.000013644,0.000007369,0.049750421,0.000000000,0.000000000,0.050000000,-0.000013272,0.000008026,-0.000249579,0.000250060,2.798615859
32.640086130,TRACKING,,0.001439021,1,0.000013483,0.000007444,0.049753987,0.000000000,0.000000000,0.050000000,-0.000013114,0.000008084,-0.000246013,0.000246494,2.756516947
32.650161650,TRACKING,,0.000796686,1,0.000013344,0.000007451,0.049757015,0.000000000,0.000000000,0.050000000,-0.000012980,0.000008076,-0.000242985,0.000243465,2.720014363
32.660230046,TRACKING,,0.000460676,1,0.000013224,0.000007408,0.049759941,0.000000000,0.000000000,0.050000000,-0.000012845,0.000008055,-0.000240058,0.000240537,2.843859490
32.670408862,TRACKING,,0.002565779,1,0.000013089,0.000007402,0.049762786,0.000000000,0.000000000,0.050000000,-0.000012715,0.000008034,-0.000237214,0.000237691,2.808657339
32.680263543,TRACKING,,0.002179902,1,0.000012953,0.000007379,0.049765578,0.000000000,0.000000000,0.050000000,-0.000012585,0.000007997,-0.000234422,0.000234895,2.773499845
32.690349748,TRACKING,,0.001735848,1,0.000012838,0.000007273,0.049768302,0.000000000,0.000000000,0.050000000,-0.000012458,0.000007912,-0.000231698,0.000232167,2.896644865
32.700413395,TRACKING,,0.001270423,1,0.000012706,0.000007212,0.049770988,0.000000000,0.000000000,0.050000000,-0.000012334,0.000007837,-0.000229012,0.000229477,2.861989588
32.710452109,TRACKING,,0.000629274,1,0.000012574,0.000007192,0.049773672,0.000000000,0.000000000,0.050000000,-0.000012208,0.000007803,-0.000226328,0.000226791,2.826807083
32.720715224,TRACKING,,0.002520661,1,0.000012574,0.000007192,0.049773672,0.000000000,0.000000000,0.050000000,-0.000012208,0.000007803,-0.000226328,0.000226791,2.826807083
32.730973590,TRACKING,,0.001479389,1,0.000012449,0.000007079,0.049776437,0.000000000,0.000000000,0.050000000,-0.000012073,0.000007709,-0.000223563,0.000224022,2.946352156
32.740900696,TRACKING,,0.000902356,1,0.000012304,0.000006948,0.049779166,0.000000000,0.000000000,0.050000000,-0.000011939,0.000007564,-0.000220834,0.000221286,2.910549713
32.751084261,TRACKING,,0.000338384,1,0.000012167,0.000006909,0.049781848,0.000000000,0.000000000,0.050000000,-0.000011809,0.000007510,-0.000218152,0.000218600,2.874937224
32.761014929,TRACKING,,0.002314069,1,0.000012045,0.000006816,0.049784495,0.000000000,0.000000000,0.050000000,-0.000011676,0.000007435,-0.000215505,0.000215949,2.993599262
32.771191371,TRACKING,,0.000732570,1,0.000011892,0.000006722,0.049787285,0.000000000,0.000000000,0.050000000,-0.000011533,0.000007326,-0.000212715,0.000213153,2.956450301
32.781524537,TRACKING,,0.002678574,1,0.000011749,0.000006703,0.049790018,0.000000000,0.000000000,0.050000000,-0.000011396,0.000007292,-0.000209982,0.000210417,2.919080552
32.791470640,TRACKING,,0.001675296,1,0.000011620,0.000006609,0.049792732,0.000000000,0.000000000,0.050000000,-0.000011257,0.000007214,-0.000207267,0.000207698,3.033294205
32.801851299,TRACKING,,0.000649459,1,0.000011482,0.000006531,0.049795292,0.000000000,0.000000000,0.050000000,-0.000011128,0.000007122,-0.000204708,0.000205134,2.997234657
32.811716665,TRACKING,,0.002549157,1,0.000011350,0.000006502,0.049797859,0.000000000,0.000000000,0.050000000,-0.000011003,0.000007079,-0.000202141,0.000202564,2.960174697
32.821763690,TRACKING,,0.001490075,1,0.000011235,0.000006383,0.049800356,0.000000000,0.000000000,0.050000000,-0.000010880,0.000006976,-0.000199644,0.000200062,3.073229936
32.831857019,TRACKING,,0.000407247,1,0.000011104,0.000006294,0.049802813,0.000000000,0.000000000,0.050000000,-0.000010758,0.000006873,-0.000197186,0.000197599,3.036591476
32.841898107,TRACKING,,0.002024365,1,0.000011104,0.000006294,0.049802813,0.000000000,0.000000000,0.050000000,-0.000010758,0.000006873,-0.000197186,0.000197599,3.036591476
32.852321510,TRACKING,,0.003767338,1,0.000010980,0.000006242,0.049805251,0.000000000,0.000000000,0.050000000,-0.000010642,0.000006808,-0.000194749,0.000195158,2.999467886
32.862147694,TRACKING,,0.000711199,1,0.000010849,0.000006171,0.049808095,0.000000000,0.000000000,0.050000000,-0.000010502,0.000006749,-0.000191905,0.000192310,3.109352412
32.872252897,TRACKING,,0.002400743,1,0.000010726,0.000006163,0.049810535,0.000000000,0.000000000,0.050000000,-0.000010384,0.000006729,-0.000189465,0.000189869,3.071289767
32.882291610,TRACKING,,0.001340474,1,0.000010608,0.000006158,0.049812914,0.000000000,0.000000000,0.050000000,-0.000010271,0.000006710,-0.000187085,0.000187487,3.033321063
32.892376629,TRACKING,,0.000094985,1,0.000010500,0.000006086,0.049815262,0.000000000,0.000000000,0.050000000,-0.000010155,0.000006650,-0.000184737,0.000185136,3.133068046
32.902462835,TRACKING,,0.001764344,1,0.000010383,0.000006086,0.049817611,0.000000000,0.000000000,0.050000000,-0.000010042,0.000006637,-0.000182389,0.000182786,3.094468915
32.912588222,TRACKING,,0.000682703,1,0.000010269,0.000006062,0.049819878,0.000000000,0.000000000,0.050000000,-0.000009934,0.000006601,-0.000180122,0.000180517,3.056469943
32.922667304,TRACKING,,0.002297446,1,0.000010269,0.000006062,0.049819878,0.000000000,0.000000000,0.050000000,-0.000009934,0.000006601,-0.000180122,0.000180517,3.056469943
32.932773694,TRACKING,,0.001221743,1,0.000010161,0.000005994,0.049822141,0.000000000,0.000000000,0.050000000,-0.000009818,0.000006544,-0.000177859,0.000178250,3.159886865
32.942868211,TRACKING,,0.000124667,1,0.000010038,0.000005957,0.049824389,0.000000000,0.000000000,0.050000000,-0.000009701,0.000006494,-0.000175611,0.000175998,3.122057151
32.952949667,TRACKING,,0.001809462,1,0.000009915,0.000005925,0.049826625,0.000000000,0.000000000,0.050000000,-0.000009584,0.000006449,-0.000173374,0.000173759,3.083985192
32.963040623,TRACKING,,0.000605529,1,0.000009804,0.000005832,0.049828837,0.000000000,0.000000000,0.050000000,-0.000009467,0.000006367,-0.000171163,0.000171542,3.184772552
32.973027094,TRACKING,,0.002182277,1,0.000009679,0.000005784,0.049831043,0.000000000,0.000000000,0.050000000,-0.000009349,0.000006306,-0.000168957,0.000169333,3.146879201
32.983033750,TRACKING,,0.001665797,1,0.000009556,0.000005720,0.049833168,0.000000000,0.000000000,0.050000000,-0.000009234,0.000006230,-0.000166832,0.000167203,3.109587261
32.993087899,TRACKING,,0.000856052,1,0.000009450,0.000005599,0.049835156,0.000000000,0.000000000,0.050000000,-0.000009124,0.000006119,-0.000164844,0.000165209,3.209794540
33.003362887,TRACKING,,0.002638205,1,0.000009333,0.000005548,0.049837239,0.000000000,0.000000000,0.050000000,-0.000009014,0.000006055,-0.000162761,0.000163123,3.172239127
33.013246063,TRACKING,,0.001479389,1,0.000009216,0.000005473,0.049839272,0.000000000,0.000000000,0.050000000,-0.000008906,0.000005968,-0.000160727,0.000161085,3.134886302
33.023464060,TRACKING,,0.000376377,1,0.000009110,0.000005366,0.049841295,0.000000000,0.000000000,0.050000000,-0.000008796,0.000005870,-0.000158705,0.000159057,3.229617688
33.033519396,TRACKING,,0.002050486,1,0.000009110,0.000005366,0.049841295,0.000000000,0.000000000,0.050000000,-0.000008796,0.000005870,-0.000158705,0.000159057,3.229617688
33.043664967,TRACKING,,0.000990217,1,0.000009000,0.000005302,0.049843261,0.000000000,0.000000000,0.050000000,-0.000008693,0.000005794,-0.000156739,0.000157086,3.192099812
33.053890088,TRACKING,,0.000047492,1,0.000008904,0.000005323,0.049845223,0.000000000,0.000000000,0.050000000,-0.000008600,0.000005804,-0.000154777,0.000155124,3.153517704
33.063983418,TRACKING,,0.001744159,1,0.000008819,0.000005320,0.049847172,0.000000000,0.000000000,0.050000000,-0.000008506,0.000005810,-0.000152828,0.000153175,3.243501653
33.074073186,TRACKING,,0.000541413,1,0.000008717,0.000005323,0.049849107,0.000000000,0.000000000,0.050000000,-0.000008408,0.000005802,-0.000150893,0.000151238,3.204816171
33.084174826,TRACKING,,0.002277262,1,0.000008628,0.000005407,0.049851053,0.000000000,0.000000000,0.050000000,-0.000008319,0.000005874,-0.000148947,0.000149294,3.164672055
33.094238473,TRACKING,,0.001221743,1,0.000008547,0.000005420,0.049852940,0.000000000,0.000000000,0.050000000,-0.000008228,0.000005896,-0.000147060,0.000147408,3.250350795
33.104340114,TRACKING,,0.000026121,1,0.000008459,0.000005487,0.049854819,0.000000000,0.000000000,0.050000000,-0.000008140,0.000005952,-0.000145181,0.000145531,3.210345403
33.114415634,TRACKING,,0.001894948,1,0.000008369,0.000005522,0.049856646,0.000000000,0.000000000,0.050000000,-0.000008053,0.000005977,-0.000143354,0.000143704,3.170754292
33.124530336,TRACKING,,0.000775314,1,0.000008286,0.000005471,0.049858431,0.000000000,0.000000000,0.050000000,-0.000007964,0.000005932,-0.000141569,0.000141917,3.252914080
33.134725774,TRACKING,,0.002475543,1,0.000008286,0.000005471,0.049858431,0.000000000,0.000000000,0.050000000,-0.000007964,0.000005932,-0.000141569,0.000141917,3.252914080
33.144721744,TRACKING,,0.001484139,1,0.000008200,0.000005486,0.049860199,0.000000000,0.000000000,0.050000000,-0.000007882,0.000005937,-0.000139801,0.000140149,3.213308351
33.154812699,TRACKING,,0.000314638,1,0.000008117,0.000005500,0.049861914,0.000000000,0.000000000,0.050000000,-0.000007802,0.000005941,-0.000138086,0.000138434,3.173785412
33.164850225,TRACKING,,0.002182277,1,0.000008050,0.000005556,0.049863671,0.000000000,0.000000000,0.050000000,-0.000007724,0.000006003,-0.000136329,0.000136679,3.250356142
33.174885377,TRACKING,,0.001146942,1,0.000007970,0.000005598,0.049865372,0.000000000,0.000000000,0.050000000,-0.000007646,0.000006035,-0.000134628,0.000134980,3.210658496
33.184874223,TRACKING,,0.000444054,1,0.000007898,0.000005710,0.049867097,0.000000000,0.000000000,0.050000000,-0.000007572,0.000006137,-0.000132903,0.000133260,3.169269137
33.195142087,TRACKING,,0.002513537,1,0.000007834,0.000005750,0.049868711,0.000000000,0.000000000,0.050000000,-0.000007498,0.000006183,-0.000131289,0.000131648,3.243367673
33.205171302,TRACKING,,0.001966187,1,0.000007759,0.000005788,0.049870299,0.000000000,0.000000000,0.050000000,-0.000007425,0.000006212,-0.000129701,0.000130062,3.204276417
33.215139964,TRACKING,,0.001186124,1,0.000007687,0.000005823,0.049871860,0.000000000,0.000000000,0.050000000,-0.000007355,0.000006238,-0.000128140,0.000128503,3.164896608
33.225317593,TRACKING,,0.000639961,1,0.000007623,0.000005843,0.049873413,0.000000000,0.000000000,0.050000000,-0.000007283,0.000006264,-0.000126587,0.000126951,3.234239783
33.238919426,TRACKING,,0.002549156,1,0.000007548,0.000005874,0.049874929,0.000000000,0.000000000,0.050000000,-0.000007210,0.000006285,-0.000125071,0.000125437,3.194992357
33.245562431,TRACKING,,0.001424773,1,0.000007461,0.000005818,0.049876465,0.000000000,0.000000000,0.050000000,-0.000007131,0.000006219,-0.000123535,0.000123897,3.154563192
33.255515658,TRACKING,,0.000098547,1,0.000007382,0.000005775,0.049878066,0.000000000,0.000000000,0.050000000,-0.000007047,0.000006179,-0.000121934,0.000122294,3.216748248
33.265623235,TRACKING,,0.002187026,1,0.000007382,0.000005775,0.049878066,0.000000000,0.000000000,0.050000000,-0.000007047,0.000006179,-0.000121934,0.000122294,3.216748248
33.275728438,TRACKING,,0.001756033,1,0.000007301,0.000005747,0.049879496,0.000000000,0.000000000,0.050000000,-0.000006973,0.000006143,-0.000120504,0.000120862,3.177980004
33.285895381,TRACKING,,0.001196810,1,0.000007229,0.000005733,0.049880887,0.000000000,0.000000000,0.050000000,-0.000006905,0.000006120,-0.000119113,0.000119469,3.139427566
33.295780931,TRACKING,,0.000700514,1,0.000007172,0.000005774,0.049882329,0.000000000,0.000000000,0.050000000,-0.000006840,0.000006165,-0.000117671,0.000118031,3.199327923
33.305812521,TRACKING,,0.000028495,1,0.000007100,0.000005805,0.049883746,0.000000000,0.000000000,0.050000000,-0.000006771,0.000006187,-0.000116254,0.000116615,3.159892347
33.315882104,TRACKING,,0.002114601,1,0.000007030,0.000005851,0.049885177,0.000000000,0.000000000,0.050000000,-0.000006702,0.000006225,-0.000114823,0.000115186,3.119377106
33.325974246,TRACKING,,0.000937975,1,0.000006963,0.000005852,0.049886593,0.000000000,0.000000000,0.050000000,-0.000006630,0.000006228,-0.000113407,0.000113771,3.174126004
33.336226676,TRACKING,,0.002608522,1,0.000006886,0.000005872,0.049888056,0.000000000,0.000000000,0.050000000,-0.000006557,0.000006240,-0.000111944,0.000112309,3.132209255
33.346273700,TRACKING,,0.001634928,1,0.000006806,0.000005855,0.049889484,0.000000000,0.000000000,0.050000000,-0.000006482,0.000006213,-0.000110516,0.000110880,3.090593965
33.356353970,TRACKING,,0.000406060,1,0.000006723,0.000005755,0.049890882,0.000000000,0.000000000,0.050000000,-0.000006399,0.000006115,-0.000109118,0.000109476,3.139741734
33.366446112,TRACKING,,0.002163281,1,0.000006637,0.000005691,0.049892262,0.000000000,0.000000000,0.050000000,-0.000006321,0.000006041,-0.000107738,0.000108092,3.098728256
33.376577436,TRACKING,,0.001031774,1,0.000006545,0.000005585,0.049893600,0.000000000,0.000000000,0.050000000,-0.000006239,0.000005926,-0.000106400,0.000106747,3.058504230
33.386630397,TRACKING,,0.000084299,1,0.000006457,0.000005443,0.049894925,0.000000000,0.000000000,0.050000000,-0.000006154,0.000005784,-0.000105075,0.000105414,3.107261411
33.396569376,TRACKING,,0.002196525,1,0.000006457,0.000005443,0.049894925,0.000000000,0.000000000,0.050000000,-0.000006154,0.000005784,-0.000105075,0.000105414,3.107261411
33.406666268,TRACKING,,0.001632552,1,0.000006366,0.000005327,0.049896175,0.000000000,0.000000000,0.050000000,-0.000006073,0.000005660,-0.000103825,0.000104156,3.068792762
33.416879516,TRACKING,,0.001094701,1,0.000006284,0.000005228,0.049897388,0.000000000,0.000000000,0.050000000,-0.000006000,0.000005552,-0.000102612,0.000102937,3.030491671
33.426932477,TRACKING,,0.000427432,1,0.000006215,0.000005191,0.049898630,0.000000000,0.000000000,0.050000000,-0.000005929,0.000005515,-0.000101370,0.000101693,3.067507485
33.437338069,TRACKING,,0.002559842,1,0.000006134,0.000005144,0.049899866,0.000000000,0.000000000,0.050000000,-0.000005855,0.000005461,-0.000100134,0.000100454,3.028441115
33.447100139,TRACKING,,0.002035051,1,0.000006061,0.000005115,0.049901084,0.000000000,0.000000000,0.050000000,-0.000005787,0.000005424,-0.000098916,0.000099234,2.989295390
33.457179221,TRACKING,,0.001446144,1,0.000005981,0.000005053,0.049902276,0.000000000,0.000000000,0.050000000,-0.000005714,0.000005354,-0.000097724,0.000098037,2.950774318
33.467257116,TRACKING,,0.000907106,1,0.000005897,0.000004924,0.049903465,0.000000000,0.000000000,0.050000000,-0.000005633,0.000005224,-0.000096535,0.000096840,2.986781477
33.477475113,TRACKING,,0.002642954,1,0.000005805,0.000004814,0.049904658,0.000000000,0.000000000,0.050000000,-0.000005551,0.000005106,-0.000095342,0.000095640,2.948480854
33.487392721,TRACKING,,0.001539942,1,0.000005711,0.000004676,0.049905868,0.000000000,0.000000000,0.050000000,-0.000005467,0.000004960,-0.000094132,0.000094421,2.909115848
33.497489612,TRACKING,,0.000478486,1,0.000005611,0.000004470,0.049907053,0.000000000,0.000000000,0.050000000,-0.000005375,0.000004751,-0.000092947,0.000093223,2.939267671
33.507617374,TRACKING,,0.002242830,1,0.000005512,0.000004305,0.049908227,0.000000000,0.000000000,0.050000000,-0.000005288,0.000004578,-0.000091773,0.000092039,2.900526524
33.517702393,TRACKING,,0.001176625,1,0.000005413,0.000004113,0.049909371,0.000000000,0.000000000,0.050000000,-0.000005201,0.000004378,-0.000090629,0.000090884,2.862267229
33.527844402,TRACKING,,0.000170972,1,0.000005317,0.000003904,0.049910497,0.000000000,0.000000000,0.050000000,-0.000005114,0.000004167,-0.000089503,0.000089746,2.887538755
33.537830874,TRACKING,,0.002042175,1,0.000005317,0.000003904,0.049910497,0.000000000,0.000000000,0.050000000,-0.000005114,0.000004167,-0.000089503,0.000089746,2.887538755
33.547964572,TRACKING,,0.001307230,1,0.000005220,0.000003723,0.049911583,0.000000000,0.000000000,0.050000000,-0.000005029,0.000003978,-0.000088417,0.000088649,2.850321017
33.557974790,TRACKING,,0.000357381,1,0.000005132,0.000003563,0.049912634,0.000000000,0.000000000,0.050000000,-0.000004951,0.000003810,-0.000087366,0.000087589,2.813462743
33.568117987,TRACKING,,0.002106289,1,0.000005057,0.000003471,0.049913729,0.000000000,0.000000000,0.050000000,-0.000004880,0.000003716,-0.000086271,0.000086489,2.832189208
33.578187570,TRACKING,,0.001068580,1,0.000004972,0.000003359,0.049914822,0.000000000,0.000000000,0.050000000,-0.000004803,0.000003597,-0.000085178,0.000085389,2.793963333
33.588223909,TRACKING,,0.000194719,1,0.000004899,0.000003298,0.049915909,0.000000000,0.000000000,0.050000000,-0.000004736,0.000003530,-0.000084091,0.000084299,2.755371592
33.598224628,TRACKING,,0.002175153,1,0.000004820,0.000003184,0.049916962,0.000000000,0.000000000,0.050000000,-0.000004662,0.000003413,-0.000083038,0.000083239,2.768847477
33.608401070,TRACKING,,0.001524507,1,0.000004734,0.000003043,0.049917977,0.000000000,0.000000000,0.050000000,-0.000004584,0.000003265,-0.000082023,0.000082216,2.732619380
33.618480152,TRACKING,,0.000658957,1,0.000004646,0.000002882,0.049918975,0.000000000,0.000000000,0.050000000,-0.000004506,0.000003097,-0.000081025,0.000081210,2.696631602
33.628548548,TRACKING,,0.000018997,1,0.000004557,0.000002706,0.049919990,0.000000000,0.000000000,0.050000000,-0.000004425,0.000002918,-0.000080010,0.000080186,2.704803603
33.638601509,TRACKING,,0.001987558,1,0.000004467,0.000002519,0.049920955,0.000000000,0.000000000,0.050000000,-0.000004346,0.000002724,-0.000079045,0.000079211,2.669839101
33.648747080,TRACKING,,0.000860801,1,0.000004368,0.000002290,0.049921940,0.000000000,0.000000000,0.050000000,-0.000004259,0.000002488,-0.000078060,0.000078215,2.634010960
33.658854658,TRACKING,,0.002461296,1,0.000004368,0.000002290,0.049921940,0.000000000,0.000000000,0.050000000,-0.000004259,0.000002488,-0.000078060,0.000078215,2.634010960
33.668933740,TRACKING,,0.001455643,1,0.000004259,0.000002031,0.049922921,0.000000000,0.000000000,0.050000000,-0.000004162,0.000002225,-0.000077079,0.000077224,2.636923983
33.679033006,TRACKING,,0.000448803,1,0.000004141,0.000001725,0.049923872,0.000000000,0.000000000,0.050000000,-0.000004059,0.000001911,-0.000076128,0.000076260,2.603072201
33.689119212,TRACKING,,0.002094417,1,0.000004036,0.000001492,0.049924836,0.000000000,0.000000000,0.050000000,-0.000003966,0.000001671,-0.000075164,0.000075287,2.568708339
33.699178109,TRACKING,,0.000971221,1,0.000003924,0.000001230,0.049925792,0.000000000,0.000000000,0.050000000,-0.000003866,0.000001405,-0.000074208,0.000074322,2.566416879
33.709329617,TRACKING,,0.002620396,1,0.000003813,0.000000974,0.049926752,0.000000000,0.000000000,0.050000000,-0.000003767,0.000001142,-0.000073248,0.000073353,2.532593624
33.719350521,TRACKING,,0.001537568,1,0.000003697,0.000000688,0.049927683,0.000000000,0.000000000,0.050000000,-0.000003665,0.000000848,-0.000072317,0.000072415,2.499804086
33.729448600,TRACKING,,0.000505794,1,0.000003574,0.000000349,0.049928599,0.000000000,0.000000000,0.050000000,-0.000003556,0.000000504,-0.000071401,0.000071492,2.492674495
33.739558552,TRACKING,,0.002264201,1,0.000003453,0.000000024,0.049929495,0.000000000,0.000000000,0.050000000,-0.000003450,0.000000172,-0.000070505,0.000070590,2.461633618
33.749659005,TRACKING,,0.001549441,1,0.000003329,-0.000000330,0.049930356,0.000000000,0.000000000,0.050000000,-0.000003341,-0.000000189,-0.000069644,0.000069724,2.432005798
33.759748773,TRACKING,,0.000889296,1,0.000003202,-0.000000711,0.049931185,0.000000000,0.000000000,0.050000000,-0.000003230,-0.000000576,-0.000068815,0.000068893,2.421884413
33.770121121,TRACKING,,0.002366310,1,0.000003202,-0.000000711,0.049931185,0.000000000,0.000000000,0.050000000,-0.000003230,-0.000000576,-0.000068815,0.000068893,2.421884413
33.780159834,TRACKING,,0.001254987,1,0.000003068,-0.000001106,0.049932065,0.000000000,0.000000000,0.050000000,-0.000003112,-0.000000977,-0.000067935,0.000068014,2.392161786
33.790088128,TRACKING,,0.000330072,1,0.000002941,-0.000001467,0.049932927,0.000000000,0.000000000,0.050000000,-0.000003000,-0.000001344,-0.000067073,0.000067153,2.363482257
33.800367865,TRACKING,,0.002487416,1,0.000002815,-0.000001829,0.049933761,0.000000000,0.000000000,0.050000000,-0.000002888,-0.000001712,-0.000066239,0.000066324,2.346964773
33.810262914,TRACKING,,0.001758407,1,0.000002689,-0.000002186,0.049934551,0.000000000,0.000000000,0.050000000,-0.000002776,-0.000002075,-0.000065449,0.000065540,2.321263922
33.820302814,TRACKING,,0.001187311,1,0.000002557,-0.000002565,0.049935356,0.000000000,0.000000000,0.050000000,-0.000002659,-0.000002460,-0.000064644,0.000064746,2.295433862
33.830453135,TRACKING,,0.000376378,1,0.000002430,-0.000002926,0.049936147,0.000000000,0.000000000,0.050000000,-0.000002545,-0.000002827,-0.000063853,0.000063966,2.274375004
33.840868226,TRACKING,,0.002418552,1,0.000002295,-0.000003320,0.049936949,0.000000000,0.000000000,0.050000000,-0.000002424,-0.000003228,-0.000063051,0.000063180,2.249678041
33.851529090,TRACKING,,0.002373435,1,0.000002164,-0.000003723,0.049937709,0.000000000,0.000000000,0.050000000,-0.000002308,-0.000003637,-0.000062291,0.000062440,2.226581145
33.861337465,TRACKING,,0.001285858,1,0.000004606,-0.000004156,0.049938482,0.000000000,0.000000000,0.050000000,-0.000004766,-0.000003975,-0.000061518,0.000061830,2.203631441
33.871234889,TRACKING,,0.001473453,1,0.000004392,-0.000004692,0.049939398,0.000000000,0.000000000,0.050000000,-0.000004571,-0.000004522,-0.000060602,0.000060942,2.178144925
33.881253418,TRACKING,,0.000922540,1,0.000004120,-0.000005160,0.049940227,0.000000000,0.000000000,0.050000000,-0.000004314,-0.000005001,-0.000059773,0.000060137,2.157376113
33.891321814,TRACKING,,0.000404873,1,0.000011448,-0.000005639,0.049941040,0.000000000,0.000000000,0.050000000,-0.000011663,-0.000005208,-0.000058957,0.000060325,2.137772642
33.901365276,TRACKING,,0.002430426,1,0.000011448,-0.000005639,0.049941040,0.000000000,0.000000000,0.050000000,-0.000011663,-0.000005208,-0.000058957,0.000060325,2.137772642
33.911659262,TRACKING,,0.001792839,1,0.000010885,-0.000006200,0.049942025,0.000000000,0.000000000,0.050000000,-0.000011119,-0.000005793,-0.000057973,0.000059313,2.118776211
33.921880821,TRACKING,,0.001284670,1,0.000010088,-0.000006821,0.049943136,0.000000000,0.000000000,0.050000000,-0.000010343,-0.000006447,-0.000056862,0.000058153,2.100514178
33.931850670,TRACKING,,0.000184033,1,0.000021705,-0.000007469,0.049944323,0.000000000,0.000000000,0.050000000,-0.000021986,-0.000006674,-0.000055668,0.000060223,2.082838562
33.941934501,TRACKING,,0.001912758,1,0.000020466,-0.000008176,0.049945723,0.000000000,0.000000000,0.050000000,-0.000020771,-0.000007433,-0.000054269,0.000058581,2.064279502
33.952032580,TRACKING,,0.000823993,1,0.000018829,-0.000008980,0.049947334,0.000000000,0.000000000,0.050000000,-0.000019159,-0.000008301,-0.000052658,0.000056647,2.046409533
33.962181714,TRACKING,,0.002515911,1,0.000034242,-0.000009842,0.049949099,0.000000000,0.000000000,0.050000000,-0.000034606,-0.000008622,-0.000050876,0.000062131,2.029178009
33.972199055,TRACKING,,0.001462767,1,0.000031898,-0.000010790,0.049951028,0.000000000,0.000000000,0.050000000,-0.000032291,-0.000009662,-0.000048950,0.000059432,2.012297270
33.982276950,TRACKING,,0.000631650,1,0.000029090,-0.000011841,0.049953154,0.000000000,0.000000000,0.050000000,-0.000029516,-0.000010820,-0.000046827,0.000056401,1.996068760
33.992451017,TRACKING,,0.002518287,1,0.000048087,-0.000012904,0.049955320,0.000000000,0.000000000,0.050000000,-0.000048552,-0.000011233,-0.000044629,0.000066897,1.981351273
34.002465984,TRACKING,,0.001556565,1,0.000044287,-0.000014133,0.049957840,0.000000000,0.000000000,0.050000000,-0.000044789,-0.000012604,-0.000042114,0.000062758,1.966040816
34.012575936,TRACKING,,0.000458302,1,0.000040010,-0.000015446,0.049960506,0.000000000,0.000000000,0.050000000,-0.000040550,-0.000014073,-0.000039455,0.000058302,1.951305053
34.022643145,TRACKING,,0.002183464,1,0.000040010,-0.000015446,0.049960506,0.000000000,0.000000000,0.050000000,-0.000040550,-0.000014073,-0.000039455,0.000058302,1.951305053
34.032889638,TRACKING,,0.001416462,1,0.000064013,-0.000016791,0.049963231,0.000000000,0.000000000,0.050000000,-0.000064599,-0.000014617,-0.000036674,0.000075707,1.937997793
34.042783499,TRACKING,,0.000334822,1,0.000059285,-0.000018093,0.049965811,0.000000000,0.000000000,0.050000000,-0.000059907,-0.000016092,-0.000034104,0.000070788,1.924216723
34.052887514,TRACKING,,0.001913945,1,0.000053135,-0.000019709,0.049969197,0.000000000,0.000000000,0.050000000,-0.000053803,-0.000017927,-0.000030732,0.000064502,1.910052869
34.062908418,TRACKING,,0.001105386,1,0.000075710,-0.000021381,0.049972617,0.000000000,0.000000000,0.050000000,-0.000076426,-0.000018864,-0.000027244,0.000083301,1.897746673
34.072955443,TRACKING,,0.000305139,1,0.000068550,-0.000023125,0.049976245,0.000000000,0.000000000,0.050000000,-0.000069314,-0.000020859,-0.000023635,0.000076146,1.884330231
34.083020277,TRACKING,,0.002216710,1,0.000060660,-0.000024995,0.049980085,0.000000000,0.000000000,0.050000000,-0.000061476,-0.000023002,-0.000019815,0.000068564,1.871088250
34.093177721,TRACKING,,0.001165940,1,0.000087945,-0.000026878,0.049983790,0.000000000,0.000000000,0.050000000,-0.000088806,-0.000024014,-0.000016012,0.000093378,1.860382559
34.103287673,TRACKING,,0.000043931,1,0.000078587,-0.000028950,0.049987949,0.000000000,0.000000000,0.050000000,-0.000079503,-0.000026406,-0.000011883,0.000084612,1.847146222
34.113373879,TRACKING,,0.001957876,1,0.000068732,-0.000031069,0.049992109,0.000000000,0.000000000,0.050000000,-0.000069705,-0.000028857,-0.000007753,0.000075839,1.834314013
34.123473145,TRACKING,,0.000909480,1,0.000098623,-0.000033113,0.049995902,0.000000000,0.000000000,0.050000000,-0.000099635,-0.000029966,-0.000003835,0.000104115,1.825174388
34.133676895,TRACKING,,0.002602585,1,0.000098623,-0.000033113,0.049995902,0.000000000,0.000000000,0.050000000,-0.000099635,-0.000029966,-0.000003835,0.000104115,1.825174388
34.143660992,TRACKING,,0.001601683,1,0.000087256,-0.000035414,0.050000334,0.000000000,0.000000000,0.050000000,-0.000088328,-0.000032645,0.000000553,0.000094169,1.812544952
34.153959726,TRACKING,,0.000384688,1,0.000075033,-0.000037855,0.050004977,0.000000000,0.000000000,0.050000000,-0.000076170,-0.000035487,0.000005154,0.000084189,1.800233696
34.163885645,TRACKING,,0.002219084,1,0.000105760,-0.000040446,0.050009836,0.000000000,0.000000000,0.050000000,-0.000106936,-0.000037136,0.000010160,0.000113656,1.792003047
34.173933857,TRACKING,,0.001181375,1,0.000092371,-0.000042989,0.050014542,0.000000000,0.000000000,0.050000000,-0.000093613,-0.000040114,0.000014808,0.000102917,1.779592785
34.184014126,TRACKING,,0.000574659,1,0.000077680,-0.000045750,0.050019707,0.000000000,0.000000000,0.050000000,-0.000078995,-0.000043344,0.000019915,0.000092280,1.767211099
34.194087272,TRACKING,,0.000052242,1,0.000111454,-0.000048323,0.050024238,0.000000000,0.000000000,0.050000000,-0.000112792,-0.000044902,0.000024623,0.000123873,1.760948986
34.204207910,TRACKING,,0.002289135,1,0.000096640,-0.000050957,0.050028873,0.000000000,0.000000000,0.050000000,-0.000098047,-0.000048006,0.000029187,0.000113003,1.749122593
34.214589756,TRACKING,,0.001683606,1,0.000081217,-0.000053669,0.050033582,0.000000000,0.000000000,0.050000000,-0.000082695,-0.000051200,0.000033829,0.000102977,1.737564012
34.224290086,TRACKING,,0.000648271,1,0.000116629,-0.000056463,0.050038120,0.000000000,0.000000000,0.050000000,-0.000118119,-0.000052949,0.000038570,0.000135068,1.732195718
34.234253998,TRACKING,,0.000283767,1,0.000100104,-0.000059253,0.050042800,0.000000000,0.000000000,0.050000000,-0.000101668,-0.000056253,0.000043162,0.000123950,1.720500926
34.244515926,TRACKING,,0.002445861,1,0.000083226,-0.000062068,0.050047404,0.000000000,0.000000000,0.050000000,-0.000084865,-0.000059585,0.000047685,0.000114133,1.709033939
34.254519020,TRACKING,,0.001995870,1,0.000122232,-0.000064736,0.050051407,0.000000000,0.000000000,0.050000000,-0.000123862,-0.000061119,0.000051930,0.000147560,1.705925988
34.264621848,TRACKING,,0.001054332,1,0.000104868,-0.000067617,0.050055809,0.000000000,0.000000000,0.050000000,-0.000106574,-0.000064530,0.000056229,0.000136689,1.693949182
34.274699743,TRACKING,,0.000151976,1,0.000087200,-0.000070655,0.050060438,0.000000000,0.000000000,0.050000000,-0.000088989,-0.000068101,0.000060761,0.000127470,1.681804762
34.285101773,TRACKING,,0.002315257,1,0.000087200,-0.000070655,0.050060438,0.000000000,0.000000000,0.050000000,-0.000088989,-0.000068101,0.000060761,0.000127470,1.681804762
34.294886402,TRACKING,,0.001873576,1,0.000130466,-0.000073370,0.050064108,0.000000000,0.000000000,0.050000000,-0.000132230,-0.000069580,0.000064716,0.000162832,1.680124313
34.304958360,TRACKING,,0.001390341,1,0.000114918,-0.000075921,0.050067396,0.000000000,0.000000000,0.050000000,-0.000116752,-0.000072600,0.000067900,0.000153337,1.668555791
34.315042192,TRACKING,,0.000734945,1,0.000099336,-0.000078712,0.050071111,0.000000000,0.000000000,0.050000000,-0.000101248,-0.000075856,0.000071517,0.000145327,1.656889765
34.325053597,TRACKING,,0.000349069,1,0.000083667,-0.000081626,0.050075006,0.000000000,0.000000000,0.050000000,-0.000085661,-0.000079233,0.000075322,0.000138885,1.644994106
34.335108933,TRACKING,,0.002552718,1,0.000131844,-0.000084319,0.050078120,0.000000000,0.000000000,0.050000000,-0.000133792,-0.000080580,0.000078751,0.000174915,1.644174499
34.345253317,TRACKING,,0.001951939,1,0.000117629,-0.000086856,0.050080862,0.000000000,0.000000000,0.050000000,-0.000119651,-0.000083538,0.000081389,0.000167090,1.632228826
34.355333586,TRACKING,,0.001377280,1,0.000103497,-0.000089488,0.050083686,0.000000000,0.000000000,0.050000000,-0.000105596,-0.000086585,0.000084117,0.000160384,1.620323126
34.365423354,TRACKING,,0.000901169,1,0.000156278,-0.000092026,0.050085994,0.000000000,0.000000000,0.050000000,-0.000158313,-0.000087676,0.000086812,0.000200715,1.621250902
34.375520245,TRACKING,,0.000514106,1,0.000142805,-0.000094584,0.050088558,0.000000000,0.000000000,0.050000000,-0.000144916,-0.000090631,0.000089260,0.000192826,1.609045817
34.385627823,TRACKING,,0.000039181,1,0.000129455,-0.000097194,0.050091143,0.000000000,0.000000000,0.050000000,-0.000131643,-0.000093630,0.000091737,0.000185775,1.596991252
34.396006107,TRACKING,,0.002203649,1,0.000186189,-0.000099703,0.050093141,0.000000000,0.000000000,0.050000000,-0.000188298,-0.000094614,0.000094202,0.000230829,1.599806663
34.405780050,TRACKING,,0.001843893,1,0.000173401,-0.000102180,0.050095242,0.000000000,0.000000000,0.050000000,-0.000175586,-0.000097467,0.000096174,0.000222665,1.587486966
34.416070473,TRACKING,,0.001328601,1,0.000160571,-0.000104720,0.050097411,0.000000000,0.000000000,0.050000000,-0.000162834,-0.000100380,0.000098219,0.000215030,1.575313340
34.426018951,TRACKING,,0.000448804,1,0.000220708,-0.000107203,0.050098985,0.000000000,0.000000000,0.050000000,-0.000222879,-0.000101277,0.000100350,0.000264580,1.580069649
34.436031543,TRACKING,,0.002311694,1,0.000207189,-0.000109868,0.050101194,0.000000000,0.000000000,0.050000000,-0.000209443,-0.000104339,0.000102400,0.000255418,1.566745273
34.446164054,TRACKING,,0.001925818,1,0.000194130,-0.000112409,0.050103100,0.000000000,0.000000000,0.050000000,-0.000196465,-0.000107258,0.000104159,0.000246884,1.554042859
34.456061478,TRACKING,,0.001484138,1,0.000257802,-0.000114710,0.050104104,0.000000000,0.000000000,0.050000000,-0.000260028,-0.000107910,0.000105824,0.000300762,1.561320575
34.466043200,TRACKING,,0.000949848,1,0.000244592,-0.000117229,0.050105971,0.000000000,0.000000000,0.050000000,-0.000246898,-0.000110815,0.000107513,0.000291200,1.548104716
34.476073602,TRACKING,,0.000656583,1,0.000231639,-0.000119622,0.050107526,0.000000000,0.000000000,0.050000000,-0.000234024,-0.000113581,0.000108902,0.000282007,1.535381414
34.486126563,TRACKING,,0.000531916,1,0.000298270,-0.000121785,0.050108113,0.000000000,0.000000000,0.050000000,-0.000300532,-0.000114052,0.000110262,0.000339831,1.545255916
34.496189023,TRACKING,,0.000292079,1,0.000285342,-0.000124085,0.050109440,0.000000000,0.000000000,0.050000000,-0.000287682,-0.000116727,0.000111393,0.000329840,1.532209259
34.506225362,TRACKING,,0.000242212,1,0.000272416,-0.000126313,0.050110586,0.000000000,0.000000000,0.050000000,-0.000274832,-0.000119326,0.000112353,0.000319992,1.519500525
34.516271199,TRACKING,,0.000175722,1,0.000259598,-0.000128368,0.050111266,0.000000000,0.000000000,0.050000000,-0.000262089,-0.000121746,0.000112858,0.000310241,1.507128566
34.526280230,TRACKING,,0.000166224,1,0.000329073,-0.000130169,0.050110843,0.000000000,0.000000000,0.050000000,-0.000331425,-0.000121821,0.000113298,0.000370836,1.519258784
34.536301133,TRACKING,,0.000468988,1,0.000329073,-0.000130169,0.050110843,0.000000000,0.000000000,0.050000000,-0.000331425,-0.000121821,0.000113298,0.000370836,1.519258784
34.546386152,TRACKING,,0.000649460,1,0.000312889,-0.000132584,0.050111444,0.000000000,0.000000000,0.050000000,-0.000315331,-0.000124699,0.000113642,0.000357628,1.503352460
34.556446237,TRACKING,,0.000842991,1,0.000296250,-0.000135076,0.050112195,0.000000000,0.000000000,0.050000000,-0.000298783,-0.000127659,0.000114145,0.000344379,1.487653250
34.566533630,TRACKING,,0.001068580,1,0.000364286,-0.000137439,0.050112010,0.000000000,0.000000000,0.050000000,-0.000366690,-0.000128381,0.000114875,0.000405141,1.499018174
34.576596089,TRACKING,,0.001241927,1,0.000347079,-0.000139858,0.050112480,0.000000000,0.000000000,0.050000000,-0.000349574,-0.000131285,0.000115055,0.000390737,1.482564497
34.586631241,TRACKING,,0.001386779,1,0.000347079,-0.000139858,0.050112480,0.000000000,0.000000000,0.050000000,-0.000349574,-0.000131285,0.000115055,0.000390737,1.482564497
34.596724570,TRACKING,,0.001425960,1,0.000416481,-0.000142341,0.050112451,0.000000000,0.000000000,0.050000000,-0.000418843,-0.000132125,0.000116087,0.000454271,1.496924703
34.606790592,TRACKING,,0.001543504,1,0.000401860,-0.000144302,0.050112856,0.000000000,0.000000000,0.050000000,-0.000404296,-0.000134498,0.000116215,0.000441646,1.482844013
34.616856613,TRACKING,,0.001753659,1,0.000383026,-0.000146937,0.050113848,0.000000000,0.000000000,0.050000000,-0.000385557,-0.000137656,0.000116868,0.000425748,1.465438687
34.627068674,TRACKING,,0.002017241,1,0.000454604,-0.000149331,0.050113401,0.000000000,0.000000000,0.050000000,-0.000456993,-0.000138389,0.000117601,0.000491756,1.482796657
34.637273611,TRACKING,,0.002251141,1,0.000435732,-0.000151708,0.050113653,0.000000000,0.000000000,0.050000000,-0.000438214,-0.000141290,0.000117474,0.000475179,1.464934311
34.647307575,TRACKING,,0.002297447,1,0.000435732,-0.000151708,0.050113653,0.000000000,0.000000000,0.050000000,-0.000438214,-0.000141290,0.000117474,0.000475179,1.464934311
34.657308295,TRACKING,,0.000137728,1,0.000416561,-0.000154038,0.050113814,0.000000000,0.000000000,0.050000000,-0.000419136,-0.000144144,0.000117269,0.000458481,1.447491906
34.667358881,TRACKING,,0.000497483,1,0.000489250,-0.000156330,0.050113184,0.000000000,0.000000000,0.050000000,-0.000491677,-0.000144785,0.000117924,0.000525943,1.467560036
34.677416591,TRACKING,,0.000449991,1,0.000468714,-0.000158666,0.050113412,0.000000000,0.000000000,0.050000000,-0.000471233,-0.000147680,0.000117726,0.000507671,1.449026074
34.687413749,TRACKING,,0.000842991,1,0.000542527,-0.000161048,0.050112826,0.000000000,0.000000000,0.050000000,-0.000544894,-0.000148416,0.000118593,0.000577063,1.472855974
34.697466710,TRACKING,,0.001297731,1,0.000520879,-0.000163573,0.050113604,0.000000000,0.000000000,0.050000000,-0.000523339,-0.000151525,0.000118882,0.000557653,1.453468525
34.707511360,TRACKING,,0.001744160,1,0.000520879,-0.000163573,0.050113604,0.000000000,0.000000000,0.050000000,-0.000523339,-0.000151525,0.000118882,0.000557653,1.453468525
34.717757852,TRACKING,,0.002115788,1,0.000498322,-0.000166174,0.050114673,0.000000000,0.000000000,0.050000000,-0.000500876,-0.000154723,0.000119470,0.000537670,1.434280031
34.727660025,TRACKING,,0.000034432,1,0.000572556,-0.000168599,0.050114113,0.000000000,0.000000000,0.050000000,-0.000574952,-0.000155528,0.000120452,0.000607674,1.460679958
34.737729609,TRACKING,,0.000366879,1,0.000549518,-0.000171009,0.050114587,0.000000000,0.000000000,0.050000000,-0.000552009,-0.000158545,0.000120393,0.000586809,1.440813631
34.747798005,TRACKING,,0.000448804,1,0.000525307,-0.000173533,0.050115203,0.000000000,0.000000000,0.050000000,-0.000527894,-0.000161697,0.000120478,0.000565095,1.420763318
34.757845029,TRACKING,,0.000662519,1,0.000600080,-0.000175791,0.050114024,0.000000000,0.000000000,0.050000000,-0.000602506,-0.000162359,0.000120939,0.000635610,1.449880056
34.769167226,TRACKING,,0.003931186,1,0.000600080,-0.000175791,0.050114024,0.000000000,0.000000000,0.050000000,-0.000602506,-0.000162359,0.000120939,0.000635610,1.449880056
34.779095519,TRACKING,,0.001816586,1,0.000575314,-0.000178072,0.050114087,0.000000000,0.000000000,0.050000000,-0.000577837,-0.000165278,0.000120416,0.000612953,1.429154406
34.789109299,TRACKING,,0.001802338,1,0.000554141,-0.000180024,0.050114225,0.000000000,0.000000000,0.050000000,-0.000556744,-0.000167769,0.000120074,0.000593741,1.411967224
34.799210940,TRACKING,,0.001820148,1,0.000633817,-0.000181940,0.050113137,0.000000000,0.000000000,0.050000000,-0.000636240,-0.000167997,0.000120839,0.000669048,1.447796966
34.809544106,TRACKING,,0.001867640,1,0.000612482,-0.000183699,0.050112873,0.000000000,0.000000000,0.050000000,-0.000614984,-0.000170298,0.000120052,0.000649322,1.430222448
34.819350107,TRACKING,,0.001839145,1,0.000590388,-0.000185585,0.050112908,0.000000000,0.000000000,0.050000000,-0.000592970,-0.000172738,0.000119566,0.000629085,1.412597928
34.829660714,TRACKING,,0.002031489,1,0.000670547,-0.000187425,0.050111508,0.000000000,0.000000000,0.050000000,-0.000672947,-0.000172912,0.000120161,0.000705121,1.451988323
34.841914949,TRACKING,,0.004178147,1,0.000641735,-0.000189590,0.050111075,0.000000000,0.000000000,0.050000000,-0.000644236,-0.000175797,0.000119002,0.000678312,1.428843642
34.851913294,TRACKING,,0.002175154,1,0.000613746,-0.000191632,0.050110471,0.000000000,0.000000000,0.050000000,-0.000616344,-0.000178528,0.000117723,0.000652389,1.406933847
34.861822591,TRACKING,,0.000018997,1,0.000689838,-0.000193505,0.050108190,0.000000000,0.000000000,0.050000000,-0.000692272,-0.000178871,0.000117429,0.000724586,1.445970671
34.871881488,TRACKING,,0.000370441,1,0.000661407,-0.000195254,0.050107072,0.000000000,0.000000000,0.050000000,-0.000663938,-0.000181315,0.000115584,0.000697888,1.423623821
34.881884582,TRACKING,,0.000765815,1,0.000632528,-0.000196936,0.050105780,0.000000000,0.000000000,0.050000000,-0.000635153,-0.000183693,0.000113587,0.000670869,1.401557837
34.892047963,TRACKING,,0.001266861,1,0.000632528,-0.000196936,0.050105780,0.000000000,0.000000000,0.050000000,-0.000635153,-0.000183693,0.000113587,0.000670869,1.401557837
34.902165039,TRACKING,,0.001056707,1,0.000709634,-0.000198349,0.050102632,0.000000000,0.000000000,0.050000000,-0.000712100,-0.000183585,0.000112545,0.000743947,1.444541522
34.912070774,TRACKING,,0.000783625,1,0.000685178,-0.000199373,0.050100786,0.000000000,0.000000000,0.050000000,-0.000687724,-0.000185196,0.000110062,0.000720678,1.425687384
34.922323203,TRACKING,,0.000619777,1,0.000660262,-0.000200447,0.050099045,0.000000000,0.000000000,0.050000000,-0.000662887,-0.000186860,0.000107697,0.000697090,1.406850948
34.932403472,TRACKING,,0.000283767,1,0.000743004,-0.000201424,0.050095639,0.000000000,0.000000000,0.050000000,-0.000745465,-0.000186216,0.000106669,0.000775740,1.457529121
34.942556168,TRACKING,,0.000023746,1,0.000717817,-0.000202318,0.050093560,0.000000000,0.000000000,0.050000000,-0.000720359,-0.000187706,0.000103910,0.000751630,1.438219187
34.952846591,TRACKING,,0.002240455,1,0.000691991,-0.000203304,0.050091710,0.000000000,0.000000000,0.050000000,-0.000694610,-0.000189294,0.000101387,0.000727045,1.418867996
34.962715519,TRACKING,,0.002067108,1,0.000774750,-0.000204218,0.050088133,0.000000000,0.000000000,0.050000000,-0.000777217,-0.000188618,0.000100334,0.000806046,1.473406388
34.972899084,TRACKING,,0.002068295,1,0.000748917,-0.000205019,0.050086033,0.000000000,0.000000000,0.050000000,-0.000751461,-0.000190020,0.000097514,0.000781224,1.453922141
34.982908115,TRACKING,,0.002220271,1,0.000716852,-0.000206105,0.050083871,0.000000000,0.000000000,0.050000000,-0.000719485,-0.000191842,0.000094490,0.000750593,1.430386103
34.992949202,TRACKING,,0.002371060,1,0.000794899,-0.000207038,0.050079772,0.000000000,0.000000000,0.050000000,-0.000797406,-0.000191321,0.000092911,0.000825284,1.485347905
35.003000976,TRACKING,,0.002387683,1,0.000768116,-0.000207851,0.050078047,0.000000000,0.000000000,0.050000000,-0.000770694,-0.000192743,0.000090425,0.000799560,1.465789430
35.013071747,TRACKING,,0.002357999,1,0.000740902,-0.000208677,0.050076406,0.000000000,0.000000000,0.050000000,-0.000743548,-0.000194179,0.000088036,0.000773511,1.446373466
35.023432222,TRACKING,,0.002542032,1,0.000740902,-0.000208677,0.050076406,0.000000000,0.000000000,0.050000000,-0.000743548,-0.000194179,0.000088036,0.000773511,1.446373466
35.033476871,TRACKING,,0.002369872,1,0.000818688,-0.000209522,0.050072300,0.000000000,0.000000000,0.050000000,-0.000821218,-0.000193603,0.000086576,0.000848161,1.505238168
35.043146331,TRACKING,,0.002191775,1,0.000790504,-0.000210124,0.050070219,0.000000000,0.000000000,0.050000000,-0.000793106,-0.000194833,0.000083678,0.000820963,1.485357451
35.055012316,TRACKING,,0.000945100,1,0.000761525,-0.000210893,0.050068565,0.000000000,0.000000000,0.050000000,-0.000764193,-0.000196241,0.000081209,0.000793156,1.465229278
35.065047467,TRACKING,,0.001517383,1,0.000838117,-0.000211880,0.050064984,0.000000000,0.000000000,0.050000000,-0.000840675,-0.000195858,0.000080376,0.000866923,1.527589137
35.075171667,TRACKING,,0.001544692,1,0.000800331,-0.000212925,0.050063429,0.000000000,0.000000000,0.050000000,-0.000802967,-0.000197727,0.000077707,0.000830596,1.501882424
35.085293492,TRACKING,,0.001530443,1,0.000769070,-0.000213858,0.050062373,0.000000000,0.000000000,0.050000000,-0.000771765,-0.000199332,0.000075760,0.000800683,1.480988049
35.095369012,TRACKING,,0.001513821,1,0.000843922,-0.000214801,0.050058718,0.000000000,0.000000000,0.050000000,-0.000846520,-0.000198964,0.000074888,0.000872807,1.545618216
35.105455218,TRACKING,,0.001477015,1,0.000812582,-0.000215577,0.050057291,0.000000000,0.000000000,0.050000000,-0.000815244,-0.000200409,0.000072515,0.000842641,1.524533964
35.115370451,TRACKING,,0.001434271,1,0.000779657,-0.000216528,0.050056411,0.000000000,0.000000000,0.050000000,-0.000782376,-0.000202053,0.000070675,0.000811130,1.502975615
35.125451908,TRACKING,,0.001515008,1,0.000853480,-0.000217512,0.050053047,0.000000000,0.000000000,0.050000000,-0.000856107,-0.000201769,0.000070174,0.000882357,1.570881137
35.135617663,TRACKING,,0.001332163,1,0.000818827,-0.000218491,0.050052236,0.000000000,0.000000000,0.050000000,-0.000821511,-0.000203470,0.000068297,0.000849085,1.548219576
35.145642129,TRACKING,,0.000992592,1,0.000784167,-0.000219420,0.050051334,0.000000000,0.000000000,0.050000000,-0.000786908,-0.000205112,0.000066362,0.000815904,1.525913980
35.155723585,TRACKING,,0.000894045,1,0.000864237,-0.000220210,0.050048239,0.000000000,0.000000000,0.050000000,-0.000866881,-0.000204526,0.000066422,0.000893155,1.601332580
35.165778921,TRACKING,,0.000751567,1,0.000828825,-0.000221135,0.050047388,0.000000000,0.000000000,0.050000000,-0.000831526,-0.000206174,0.000064452,0.000859126,1.578486339
35.175862752,TRACKING,,0.000643522,1,0.000793762,-0.000222016,0.050046489,0.000000000,0.000000000,0.050000000,-0.000796518,-0.000207762,0.000062479,0.000825536,1.556217748
35.185914526,TRACKING,,0.000723072,1,0.000873426,-0.000222779,0.050043399,0.000000000,0.000000000,0.050000000,-0.000876093,-0.000207178,0.000062640,0.000902434,1.634561679
35.196003106,TRACKING,,0.000762254,1,0.000837407,-0.000223671,0.050042601,0.000000000,0.000000000,0.050000000,-0.000840130,-0.000208791,0.000060676,0.000867810,1.611694056
35.206044194,TRACKING,,0.000821619,1,0.000800976,-0.000224547,0.050041751,0.000000000,0.000000000,0.050000000,-0.000803754,-0.000210388,0.000058680,0.000832903,1.588915427
35.216116152,TRACKING,,0.000926102,1,0.000764375,-0.000225299,0.050040609,0.000000000,0.000000000,0.050000000,-0.000767209,-0.000211857,0.000056426,0.000797921,1.566484495
35.226202358,TRACKING,,0.000772940,1,0.000843518,-0.000225863,0.050037215,0.000000000,0.000000000,0.050000000,-0.000846279,-0.000211108,0.000056278,0.000874026,1.647490218
35.236283815,TRACKING,,0.000807372,1,0.000806091,-0.000226530,0.050035960,0.000000000,0.000000000,0.050000000,-0.000808911,-0.000212503,0.000053822,0.000838088,1.624681018
35.246368833,TRACKING,,0.000695764,1,0.000767783,-0.000227164,0.050034590,0.000000000,0.000000000,0.050000000,-0.000770663,-0.000213874,0.000051259,0.000801431,1.601677478
35.256447915,TRACKING,,0.000787187,1,0.000845964,-0.000227664,0.050031105,0.000000000,0.000000000,0.050000000,-0.000848783,-0.000213098,0.000051089,0.000876614,1.685062281
35.266667100,TRACKING,,0.000803810,1,0.000806920,-0.000228308,0.050029851,0.000000000,0.000000000,0.050000000,-0.000809798,-0.000214488,0.000048551,0.000839128,1.661636038
35.276743807,TRACKING,,0.001284670,1,0.000806920,-0.000228308,0.050029851,0.000000000,0.000000000,0.050000000,-0.000809798,-0.000214488,0.000048551,0.000839128,1.661636038
35.286687535,TRACKING,,0.001374906,1,0.000759843,-0.000229104,0.050028518,0.000000000,0.000000000,0.050000000,-0.000762786,-0.000216171,0.000045720,0.000794143,1.633882116
35.296923342,TRACKING,,0.001499574,1,0.000836571,-0.000229732,0.050025485,0.000000000,0.000000000,0.050000000,-0.000839458,-0.000215569,0.000046021,0.000867916,1.718980394
35.306852823,TRACKING,,0.001415275,1,0.000786967,-0.000230460,0.050023807,0.000000000,0.000000000,0.050000000,-0.000789929,-0.000217223,0.000042690,0.000820363,1.689857645
35.316851168,TRACKING,,0.001347598,1,0.000745002,-0.000231300,0.050023104,0.000000000,0.000000000,0.050000000,-0.000748011,-0.000218836,0.000040632,0.000780423,1.665553397
35.326918377,TRACKING,,0.001393903,1,0.000819156,-0.000232071,0.050020445,0.000000000,0.000000000,0.050000000,-0.000822114,-0.000218443,0.000041268,0.000851640,1.751513825
35.337011706,TRACKING,,0.001441395,1,0.000776813,-0.000232843,0.050019642,0.000000000,0.000000000,0.050000000,-0.000779822,-0.000219989,0.000039029,0.000811197,1.726981935
35.347061106,TRACKING,,0.001372531,1,0.000733734,-0.000233673,0.050018937,0.000000000,0.000000000,0.050000000,-0.000736791,-0.000221597,0.000036899,0.000770277,1.702117588
35.357117629,TRACKING,,0.001315540,1,0.000690441,-0.000234427,0.050018029,0.000000000,0.000000000,0.050000000,-0.000693547,-0.000223124,0.000034604,0.000729376,1.677404404
35.367213333,TRACKING,,0.001363033,1,0.000763549,-0.000235020,0.050015086,0.000000000,0.000000000,0.050000000,-0.000766621,-0.000222589,0.000034865,0.000799042,1.764668765
35.377304288,TRACKING,,0.001262111,1,0.000720561,-0.000235559,0.050013775,0.000000000,0.000000000,0.050000000,-0.000723691,-0.000223890,0.000032109,0.000758212,1.740333102
35.387366747,TRACKING,,0.001008027,1,0.000676337,-0.000236135,0.050012490,0.000000000,0.000000000,0.050000000,-0.000679523,-0.000225241,0.000029378,0.000716483,1.715426291
35.397454141,TRACKING,,0.000710011,1,0.000747970,-0.000236613,0.050009335,0.000000000,0.000000000,0.050000000,-0.000751137,-0.000224633,0.000029425,0.000784559,1.803822472
35.407553407,TRACKING,,0.000351444,1,0.000702950,-0.000237085,0.050007855,0.000000000,0.000000000,0.050000000,-0.000706178,-0.000225887,0.000026402,0.000741896,1.778509203
35.417751220,TRACKING,,0.000161475,1,0.000657429,-0.000237605,0.050006455,0.000000000,0.000000000,0.050000000,-0.000660715,-0.000227188,0.000023482,0.000699078,1.752957817
35.427748377,TRACKING,,0.002466044,1,0.000728329,-0.000238047,0.050003330,0.000000000,0.000000000,0.050000000,-0.000731608,-0.000226571,0.000023567,0.000766251,1.842521080
35.437857142,TRACKING,,0.002083730,1,0.000682437,-0.000238507,0.050001877,0.000000000,0.000000000,0.050000000,-0.000685778,-0.000227812,0.000020509,0.000722918,1.816784006
35.448044269,TRACKING,,0.001846269,1,0.000635675,-0.000239026,0.050000503,0.000000000,0.000000000,0.050000000,-0.000639073,-0.000229116,0.000017543,0.000679129,1.790578289
35.458142348,TRACKING,,0.001346411,1,0.000705245,-0.000239469,0.049997495,0.000000000,0.000000000,0.050000000,-0.000708646,-0.000228536,0.000017722,0.000744797,1.880700214
35.468051644,TRACKING,,0.001098263,1,0.000656607,-0.000240072,0.049996517,0.000000000,0.000000000,0.050000000,-0.000660059,-0.000229948,0.000015015,0.000699128,1.853634299
35.478093920,TRACKING,,0.000927290,1,0.000608433,-0.000240666,0.049995496,0.000000000,0.000000000,0.050000000,-0.000611934,-0.000231333,0.000012329,0.000654317,1.826869549
35.488156379,TRACKING,,0.001259737,1,0.000667621,-0.000241189,0.049992430,0.000000000,0.000000000,0.050000000,-0.000671142,-0.000231017,0.000012081,0.000709892,1.912432744
35.498198655,TRACKING,,0.001292982,1,0.000667621,-0.000241189,0.049992430,0.000000000,0.000000000,0.050000000,-0.000671142,-0.000231017,0.000012081,0.000709892,1.912432744
35.508287235,TRACKING,,0.001275171,1,0.000608852,-0.000241986,0.049991576,0.000000000,0.000000000,0.050000000,-0.000612425,-0.000232767,0.000009122,0.000655232,1.879771504
35.518327136,TRACKING,,0.001065018,1,0.000560726,-0.000242693,0.049990930,0.000000000,0.000000000,0.050000000,-0.000564339,-0.000234245,0.000006801,0.000611061,1.852932752
35.528377722,TRACKING,,0.000631649,1,0.000625043,-0.000243439,0.049988936,0.000000000,0.000000000,0.050000000,-0.000628658,-0.000234077,0.000007766,0.000670868,1.942099299
35.538664583,TRACKING,,0.000208966,1,0.000573722,-0.000244155,0.049988184,0.000000000,0.000000000,0.050000000,-0.000577383,-0.000235607,0.000005160,0.000623625,1.913706556
35.548888517,TRACKING,,0.000037994,1,0.000522003,-0.000244952,0.049987540,0.000000000,0.000000000,0.050000000,-0.000525705,-0.000237214,0.000002697,0.000576753,1.885026351
35.559048336,TRACKING,,0.002407867,1,0.000584963,-0.000245676,0.049985496,0.000000000,0.000000000,0.050000000,-0.000588677,-0.000237057,0.000003540,0.000634625,1.974153761
35.569008687,TRACKING,,0.002008930,1,0.000533338,-0.000246340,0.049984569,0.000000000,0.000000000,0.050000000,-0.000537102,-0.000238521,0.000000730,0.000587683,1.945621059
35.579060461,TRACKING,,0.001634927,1,0.000481335,-0.000247054,0.049983690,0.000000000,0.000000000,0.050000000,-0.000485145,-0.000240032,-0.000001993,0.000541280,1.916769179
35.589135981,TRACKING,,0.001125571,1,0.000428855,-0.000247694,0.049982577,0.000000000,0.000000000,0.050000000,-0.000432715,-0.000241466,-0.000004912,0.000495553,1.887798731
35.599310048,TRACKING,,0.001074516,1,0.000489712,-0.000248223,0.049980388,0.000000000,0.000000000,0.050000000,-0.000493599,-0.000241157,-0.000004440,0.000549379,1.976649313
35.609272773,TRACKING,,0.000726634,1,0.000438199,-0.000248657,0.049979065,0.000000000,0.000000000,0.050000000,-0.000442142,-0.000242363,-0.000007598,0.000504269,1.948676300
35.619513329,TRACKING,,0.000283767,1,0.000384860,-0.000249093,0.049977627,0.000000000,0.000000000,0.050000000,-0.000388859,-0.000243590,-0.000010882,0.000458983,1.919698592
35.629643465,TRACKING,,0.002458920,1,0.000444730,-0.000249393,0.049975002,0.000000000,0.000000000,0.050000000,-0.000448779,-0.000243074,-0.000010917,0.000510496,2.008391500
35.640072804,TRACKING,,0.002467232,1,0.000378512,-0.000249749,0.049972856,0.000000000,0.000000000,0.050000000,-0.000382641,-0.000244399,-0.000015430,0.000454294,1.972377723
35.650084209,TRACKING,,0.000089048,1,0.000328414,-0.000249989,0.049971131,0.000000000,0.000000000,0.050000000,-0.000332602,-0.000245362,-0.000018891,0.000413743,1.945018005
35.660181101,TRACKING,,0.000358568,1,0.000379435,-0.000250140,0.049967996,0.000000000,0.000000000,0.050000000,-0.000383703,-0.000244835,-0.000019823,0.000455593,2.028959650
35.670267307,TRACKING,,0.000353819,1,0.000328551,-0.000250423,0.049966486,0.000000000,0.000000000,0.050000000,-0.000332874,-0.000245844,-0.000023154,0.000414465,2.001087849
35.680278712,TRACKING,,0.000459490,1,0.000328551,-0.000250423,0.049966486,0.000000000,0.000000000,0.050000000,-0.000332874,-0.000245844,-0.000023154,0.000414465,2.001087849
35.690471776,TRACKING,,0.000265957,1,0.000265306,-0.000250802,0.049964756,0.000000000,0.000000000,0.050000000,-0.000269689,-0.000247115,-0.000027078,0.000366785,1.966626087
35.700655341,TRACKING,,0.000350257,1,0.000323222,-0.000251051,0.049962505,0.000000000,0.000000000,0.050000000,-0.000327673,-0.000246595,-0.000026957,0.000410980,2.054325594
35.710684556,TRACKING,,0.000030870,1,0.000271691,-0.000251339,0.049961077,0.000000000,0.000000000,0.050000000,-0.000276193,-0.000247600,-0.000030229,0.000372159,2.026337284
35.720821816,TRACKING,,0.002488604,1,0.000217238,-0.000251762,0.049959811,0.000000000,0.000000000,0.050000000,-0.000221784,-0.000248774,-0.000033390,0.000334950,1.996640207
35.730842719,TRACKING,,0.002031489,1,0.000272336,-0.000252152,0.049957987,0.000000000,0.000000000,0.050000000,-0.000276948,-0.000248443,-0.000032990,0.000373514,2.082818581
35.741009662,TRACKING,,0.001627803,1,0.000217640,-0.000252470,0.049956493,0.000000000,0.000000000,0.050000000,-0.000222305,-0.000249506,-0.000036448,0.000336157,2.052947498
35.750822787,TRACKING,,0.001126758,1,0.000163359,-0.000252833,0.049955061,0.000000000,0.000000000,0.050000000,-0.000168071,-0.000250600,-0.000039773,0.000304352,2.023053821
35.760876935,TRACKING,,0.000638774,1,0.000214617,-0.000253211,0.049953395,0.000000000,0.000000000,0.050000000,-0.000219400,-0.000250316,-0.000039416,0.000335184,2.106902459
35.771064062,TRACKING,,0.002192963,1,0.000156584,-0.000253566,0.049951996,0.000000000,0.000000000,0.050000000,-0.000161415,-0.000251443,-0.000042897,0.000301859,2.074970006
35.781187075,TRACKING,,0.002062359,1,0.000102808,-0.000253846,0.049950462,0.000000000,0.000000000,0.050000000,-0.000107687,-0.000252430,-0.000046301,0.000278319,2.045094212
35.791267344,TRACKING,,0.001657486,1,0.000155060,-0.000254009,0.049948434,0.000000000,0.000000000,0.050000000,-0.000160030,-0.000251924,-0.000046343,0.000302032,2.128678238
35.801352362,TRACKING,,0.001315541,1,0.000102088,-0.000254136,0.049946638,0.000000000,0.000000000,0.050000000,-0.000107115,-0.000252740,-0.000050038,0.000279024,2.099048409
35.811431444,TRACKING,,0.001093514,1,0.000047710,-0.000254384,0.049945206,0.000000000,0.000000000,0.050000000,-0.000052778,-0.000253687,-0.000053361,0.000264556,2.068700518
35.821506964,TRACKING,,0.000956972,1,0.000098334,-0.000254504,0.049943365,0.000000000,0.000000000,0.050000000,-0.000103498,-0.000253165,-0.000053336,0.000278656,2.150917137
35.831437632,TRACKING,,0.000585345,1,0.000045872,-0.000254664,0.049941818,0.000000000,0.000000000,0.050000000,-0.000051082,-0.000253992,-0.000056761,0.000265222,2.121435321
35.841620010,TRACKING,,0.000429807,1,-0.000007440,-0.000254818,0.049940180,0.000000000,0.000000000,0.050000000,0.000002184,-0.000254816,-0.000060251,0.000261851,2.091398654
35.851765581,TRACKING,,0.000149601,1,-0.000060457,-0.000254868,0.049938285,0.000000000,0.000000000,0.050000000,0.000055152,-0.000255524,-0.000063930,0.000269112,2.061663802
35.861626198,TRACKING,,0.002411428,1,-0.000010096,-0.000254755,0.049936172,0.000000000,0.000000000,0.050000000,0.000004673,-0.000254779,-0.000064356,0.000262823,2.143167477
35.871941555,TRACKING,,0.002000619,1,-0.000062435,-0.000254656,0.049934053,0.000000000,0.000000000,0.050000000,0.000056955,-0.000255323,-0.000068288,0.000270364,2.113914077
35.881853226,TRACKING,,0.001627803,1,-0.000115339,-0.000254543,0.049931860,0.000000000,0.000000000,0.050000000,0.000109803,-0.000255851,-0.000072260,0.000287642,2.084330387
35.891961991,TRACKING,,0.001906821,1,-0.000115339,-0.000254543,0.049931860,0.000000000,0.000000000,0.050000000,0.000109803,-0.000255851,-0.000072260,0.000287642,2.084330387
35.902057695,TRACKING,,0.001883075,1,-0.000077189,-0.000254347,0.049929527,0.000000000,0.000000000,0.050000000,0.000071519,-0.000255178,-0.000073390,0.000274985,2.158678957
35.912187831,TRACKING,,0.001779779,1,-0.000127145,-0.000254035,0.049927121,0.000000000,0.000000000,0.050000000,0.000121412,-0.000255463,-0.000077514,0.000293276,2.131084044
35.922298970,TRACKING,,0.001805899,1,-0.000177630,-0.000253853,0.049924994,0.000000000,0.000000000,0.050000000,0.000171847,-0.000255879,-0.000081327,0.000318779,2.102930877
35.932204705,TRACKING,,0.001500761,1,-0.000129161,-0.000253683,0.049923261,0.000000000,0.000000000,0.050000000,0.000123249,-0.000255114,-0.000081567,0.000294833,2.182069874
35.942290911,TRACKING,,0.001189686,1,-0.000182173,-0.000253574,0.049921526,0.000000000,0.000000000,0.050000000,0.000176222,-0.000255626,-0.000085123,0.000321939,2.152771374
35.952374742,TRACKING,,0.001046021,1,-0.000235522,-0.000253541,0.049919895,0.000000000,0.000000000,0.050000000,0.000229540,-0.000256211,-0.000088531,0.000355205,2.122992584
35.962659229,TRACKING,,0.000537851,1,-0.000191247,-0.000253468,0.049918614,0.000000000,0.000000000,0.050000000,0.000185143,-0.000255598,-0.000088525,0.000327789,2.198868651
35.972741872,TRACKING,,0.000249335,1,-0.000244626,-0.000253355,0.049916816,0.000000000,0.000000000,0.050000000,0.000238485,-0.000256096,-0.000092142,0.000361870,2.168939493
35.982806707,TRACKING,,0.000134166,1,-0.000297264,-0.000253321,0.049915160,0.000000000,0.000000000,0.050000000,0.000291093,-0.000256657,-0.000095537,0.000399669,2.139126704
35.992916659,TRACKING,,0.002439924,1,-0.000254328,-0.000253258,0.049914015,0.000000000,0.000000000,0.050000000,0.000248032,-0.000256075,-0.000095505,0.000369074,2.212996656
36.002920940,TRACKING,,0.002016053,1,-0.000306535,-0.000253152,0.049912264,0.000000000,0.000000000,0.050000000,0.000300206,-0.000256552,-0.000099019,0.000407121,2.183329056
36.012960841,TRACKING,,0.001568437,1,-0.000359223,-0.000253123,0.049910614,0.000000000,0.000000000,0.050000000,0.000352868,-0.000257105,-0.000102390,0.000448445,2.153096747
36.023185962,TRACKING,,0.001173063,1,-0.000413659,-0.000253140,0.049909165,0.000000000,0.000000000,0.050000000,0.000407288,-0.000257717,-0.000105562,0.000493401,2.122141612
36.033101195,TRACKING,,0.000667269,1,-0.000374184,-0.000253007,0.049908167,0.000000000,0.000000000,0.050000000,0.000367684,-0.000257107,-0.000105658,0.000460933,2.193041475
36.043221832,TRACKING,,0.000104484,1,-0.000427400,-0.000252817,0.049906306,0.000000000,0.000000000,0.050000000,0.000420870,-0.000257491,-0.000109236,0.000505337,2.162781169
36.053606053,TRACKING,,0.002172779,1,-0.000479809,-0.000252630,0.049904421,0.000000000,0.000000000,0.050000000,0.000473253,-0.000257862,-0.000112756,0.000550613,2.132779722
36.063516537,TRACKING,,0.001799963,1,-0.000441700,-0.000252345,0.049903176,0.000000000,0.000000000,0.050000000,0.000435002,-0.000257119,-0.000113205,0.000517834,2.201498179
36.073627676,TRACKING,,0.001234803,1,-0.000493246,-0.000252036,0.049901082,0.000000000,0.000000000,0.050000000,0.000486513,-0.000257351,-0.000116936,0.000562671,2.171729041
36.083640269,TRACKING,,0.000789562,1,-0.000545093,-0.000251850,0.049899382,0.000000000,0.000000000,0.050000000,0.000538343,-0.000257703,-0.000120227,0.000608834,2.141737532
36.093712227,TRACKING,,0.000263583,1,-0.000509096,-0.000251567,0.049898413,0.000000000,0.000000000,0.050000000,0.000502209,-0.000256990,-0.000120528,0.000576875,2.207791924
36.103919538,TRACKING,,0.001479389,1,-0.000565464,-0.000251308,0.049896433,0.000000000,0.000000000,0.050000000,0.000558554,-0.000257308,-0.000124262,0.000627401,2.174732466
36.113930944,TRACKING,,0.001463954,1,-0.000613366,-0.000251039,0.049894547,0.000000000,0.000000000,0.050000000,0.000606435,-0.000257523,-0.000127582,0.000671088,2.146306391
36.123999340,TRACKING,,0.001370157,1,-0.000577932,-0.000250766,0.049893852,0.000000000,0.000000000,0.050000000,0.000570868,-0.000256831,-0.000127686,0.000638871,2.210412161
36.134084358,TRACKING,,0.000733758,1,-0.000628422,-0.000250588,0.049892306,0.000000000,0.000000000,0.050000000,0.000621350,-0.000257157,-0.000130769,0.000685059,2.180246571
36.144197872,TRACKING,,0.000029683,1,-0.000628422,-0.000250588,0.049892306,0.000000000,0.000000000,0.050000000,0.000621350,-0.000257157,-0.000130769,0.000685059,2.180246571
36.154322072,TRACKING,,0.001824897,1,-0.000679544,-0.000250375,0.049890614,0.000000000,0.000000000,0.050000000,0.000672464,-0.000257449,-0.000133960,0.000732416,2.149523465
36.164453395,TRACKING,,0.000733758,1,-0.000649045,-0.000250124,0.049889909,0.000000000,0.000000000,0.050000000,0.000641834,-0.000256831,-0.000134271,0.000704231,2.208585984
36.174879172,TRACKING,,0.002411428,1,-0.000703364,-0.000250008,0.049888519,0.000000000,0.000000000,0.050000000,0.000696156,-0.000257244,-0.000137274,0.000754753,2.176167020
36.184648366,TRACKING,,0.001297731,1,-0.000758202,-0.000249974,0.049887172,0.000000000,0.000000000,0.050000000,0.000751004,-0.000257738,-0.000140181,0.000806280,2.143059889
36.194753568,TRACKING,,0.000162662,1,-0.000734267,-0.000249951,0.049887143,0.000000000,0.000000000,0.050000000,0.000726963,-0.000257417,-0.000140079,0.000783812,2.196985823
36.204849273,TRACKING,,0.001905634,1,-0.000788347,-0.000249882,0.049885769,0.000000000,0.000000000,0.050000000,0.000781052,-0.000257859,-0.000142992,0.000834854,2.164042054
36.214956850,TRACKING,,0.000840616,1,-0.000841487,-0.000249791,0.049884255,0.000000000,0.000000000,0.050000000,0.000834201,-0.000258264,-0.000145951,0.000885378,2.131203300
36.225077488,TRACKING,,0.002476731,1,-0.000819249,-0.000249644,0.049883984,0.000000000,0.000000000,0.050000000,0.000811850,-0.000257836,-0.000146190,0.000864263,2.181884014
36.235101953,TRACKING,,0.001443770,1,-0.000871224,-0.000249485,0.049882389,0.000000000,0.000000000,0.050000000,0.000863832,-0.000258154,-0.000149192,0.000913842,2.149229228
36.245189347,TRACKING,,0.000546163,1,-0.000922066,-0.000249290,0.049880651,0.000000000,0.000000000,0.050000000,0.000914679,-0.000258419,-0.000152241,0.000962598,2.116909587
36.255237558,TRACKING,,0.002154969,1,-0.000922066,-0.000249290,0.049880651,0.000000000,0.000000000,0.050000000,0.000914679,-0.000258419,-0.000152241,0.000962598,2.116909587
36.265421124,TRACKING,,0.001072141,1,-0.000900722,-0.000249045,0.049880266,0.000000000,0.000000000,0.050000000,0.000893219,-0.000257903,-0.000152659,0.000942157,2.164785918
36.275567882,TRACKING,,0.000029683,1,-0.000952322,-0.000248802,0.049878694,0.000000000,0.000000000,0.050000000,0.000944833,-0.000258120,-0.000155566,0.000991733,2.132177794
36.285522297,TRACKING,,0.001754846,1,-0.001003429,-0.000248583,0.049877068,0.000000000,0.000000000,0.050000000,0.000995955,-0.000258349,-0.000158444,0.001041045,2.099328580
36.295691614,TRACKING,,0.000902356,1,-0.000983577,-0.000248271,0.049876614,0.000000000,0.000000000,0.050000000,0.000975988,-0.000257781,-0.000159005,0.001021903,2.143988586
36.305762385,TRACKING,,0.001965000,1,-0.001032905,-0.000247982,0.049874960,0.000000000,0.000000000,0.050000000,0.001025332,-0.000257917,-0.000161855,0.001069590,2.111801917
36.315782101,TRACKING,,0.001122009,1,-0.001083532,-0.000247636,0.049873022,0.000000000,0.000000000,0.050000000,0.001075972,-0.000257999,-0.000164950,0.001118699,2.078151351
36.325981101,TRACKING,,0.000289704,1,-0.001063605,-0.000247263,0.049872689,0.000000000,0.000000000,0.050000000,0.001055935,-0.000257371,-0.000165417,0.001099364,2.120621787
36.336068495,TRACKING,,0.001986371,1,-0.001111316,-0.000246879,0.049870842,0.000000000,0.000000000,0.050000000,0.001103662,-0.000257384,-0.000168336,0.001145711,2.088301181
36.346172510,TRACKING,,0.000882172,1,-0.001157981,-0.000246438,0.049868798,0.000000000,0.000000000,0.050000000,0.001150341,-0.000257325,-0.000171365,0.001191162,2.056174175
36.356173229,TRACKING,,0.002197712,1,-0.001157981,-0.000246438,0.049868798,0.000000000,0.000000000,0.050000000,0.001150341,-0.000257325,-0.000171365,0.001191162,2.056174175
36.366287931,TRACKING,,0.001199184,1,-0.001142577,-0.000245913,0.049868142,0.000000000,0.000000000,0.050000000,0.001134826,-0.000256585,-0.000172266,0.001176155,2.093075377
36.376381260,TRACKING,,0.000112794,1,-0.001188176,-0.000245395,0.049866213,0.000000000,0.000000000,0.050000000,0.001180443,-0.000256432,-0.000175146,0.001220606,2.061630660
36.386467466,TRACKING,,0.001674108,1,-0.001233143,-0.000244912,0.049864291,0.000000000,0.000000000,0.050000000,0.001225433,-0.000256304,-0.000177943,0.001264532,2.030043920
36.396590478,TRACKING,,0.000588907,1,-0.001217992,-0.000244357,0.049863651,0.000000000,0.000000000,0.050000000,0.001210175,-0.000255538,-0.000178836,0.001249722,2.064343841
36.406690932,TRACKING,,0.002264202,1,-0.001261855,-0.000243837,0.049861786,0.000000000,0.000000000,0.050000000,0.001254064,-0.000255357,-0.000181531,0.001292609,2.033023079
36.416768826,TRACKING,,0.001171876,1,-0.001304742,-0.000243314,0.049859853,0.000000000,0.000000000,0.050000000,0.001296978,-0.000255159,-0.000184217,0.001334614,2.001835540
36.426794479,TRACKING,,0.000078363,1,-0.001291842,-0.000242756,0.049859430,0.000000000,0.000000000,0.050000000,0.001283987,-0.000254410,-0.000184934,0.001321948,2.032320339
36.436929365,TRACKING,,0.001840332,1,-0.001333900,-0.000242219,0.049857575,0.000000000,0.000000000,0.050000000,0.001326076,-0.000254186,-0.000187502,0.001363174,2.001341354
36.447023882,TRACKING,,0.000638773,1,-0.001375672,-0.000241642,0.049855586,0.000000000,0.000000000,0.050000000,0.001367878,-0.000253915,-0.000190148,0.001404179,1.970308962
36.457091091,TRACKING,,0.002220271,1,-0.001375672,-0.000241642,0.049855586,0.000000000,0.000000000,0.050000000,0.001367878,-0.000253915,-0.000190148,0.001404179,1.970308962
36.467184420,TRACKING,,0.001165939,1,-0.001365404,-0.000241017,0.049855070,0.000000000,0.000000000,0.050000000,0.001357523,-0.000253124,-0.000190999,0.001394067,1.997051101
36.477400043,TRACKING,,0.000047492,1,-0.001406695,-0.000240405,0.049853316,0.000000000,0.000000000,0.050000000,0.001398852,-0.000252809,-0.000193392,0.001434608,1.966703846
36.487472001,TRACKING,,0.001625428,1,-0.001447839,-0.000239831,0.049851582,0.000000000,0.000000000,0.050000000,0.001440040,-0.000252526,-0.000195706,0.001475054,1.935933751
36.497597388,TRACKING,,0.000447616,1,-0.001440694,-0.000239197,0.049851081,0.000000000,0.000000000,0.050000000,0.001432820,-0.000251750,-0.000196572,0.001467989,1.958177697
36.507900872,TRACKING,,0.002311694,1,-0.001480178,-0.000238605,0.049849436,0.000000000,0.000000000,0.050000000,0.001472349,-0.000251430,-0.000198748,0.001506828,1.928527550
36.517716371,TRACKING,,0.001418836,1,-0.001519486,-0.000238005,0.049847757,0.000000000,0.000000000,0.050000000,0.001511702,-0.000251098,-0.000200918,0.001545530,1.899169112
36.527758646,TRACKING,,0.000725447,1,-0.001514067,-0.000237316,0.049847229,0.000000000,0.000000000,0.050000000,0.001506212,-0.000250286,-0.000201837,0.001540148,1.919151731
36.537837728,TRACKING,,0.002595462,1,-0.001553165,-0.000236706,0.049845713,0.000000000,0.000000000,0.050000000,0.001545359,-0.000249939,-0.000203842,0.001578656,1.890765187
36.547959553,TRACKING,,0.001835582,1,-0.001592494,-0.000236048,0.049844074,0.000000000,0.000000000,0.050000000,0.001584736,-0.000249542,-0.000205940,0.001617427,1.862445062
36.558168052,TRACKING,,0.001091138,1,-0.001591095,-0.000235301,0.049843533,0.000000000,0.000000000,0.050000000,0.001583275,-0.000248705,-0.000206932,0.001615993,1.879018896
36.568171146,TRACKING,,0.000352631,1,-0.001630672,-0.000234651,0.049842091,0.000000000,0.000000000,0.050000000,0.001622903,-0.000248315,-0.000208834,0.001655019,1.851404635
36.578167116,TRACKING,,0.002248767,1,-0.001630672,-0.000234651,0.049842091,0.000000000,0.000000000,0.050000000,0.001622903,-0.000248315,-0.000208834,0.001655019,1.851404635
36.588411234,TRACKING,,0.001137444,1,-0.001670142,-0.000233949,0.049840538,0.000000000,0.000000000,0.050000000,0.001662424,-0.000247868,-0.000210813,0.001693970,1.824074713
36.598249292,TRACKING,,0.000396561,1,-0.001676361,-0.000233259,0.049840385,0.000000000,0.000000000,0.050000000,0.001668608,-0.000247147,-0.000211514,0.001700021,1.835128993
36.608454228,TRACKING,,0.002120537,1,-0.001716805,-0.000232566,0.049839032,0.000000000,0.000000000,0.050000000,0.001709109,-0.000246711,-0.000213296,0.001739947,1.807984397
36.618603362,TRACKING,,0.001060269,1,-0.001758601,-0.000231893,0.049837721,0.000000000,0.000000000,0.050000000,0.001750968,-0.000246300,-0.000215019,0.001781232,1.780210379
36.628909220,TRACKING,,0.000047493,1,-0.001769819,-0.000231202,0.049837616,0.000000000,0.000000000,0.050000000,0.001762167,-0.000245614,-0.000215697,0.001792229,1.786896496
36.638876695,TRACKING,,0.001836770,1,-0.001811216,-0.000230447,0.049836266,0.000000000,0.000000000,0.050000000,0.001803625,-0.000245112,-0.000217426,0.001833144,1.759736728
36.648959338,TRACKING,,0.000537852,1,-0.001852380,-0.000229631,0.049834769,0.000000000,0.000000000,0.050000000,0.001844849,-0.000244542,-0.000219259,0.001873858,1.732689780
36.659056230,TRACKING,,0.002254703,1,-0.001866072,-0.000228742,0.049834228,0.000000000,0.000000000,0.050000000,0.001858523,-0.000243674,-0.000220325,0.001887334,1.735723034
36.669127001,TRACKING,,0.001340474,1,-0.001904512,-0.000227796,0.049832553,0.000000000,0.000000000,0.050000000,0.001897015,-0.000242949,-0.000222271,0.001925382,1.710344010
36.679207270,TRACKING,,0.000619776,1,-0.001941636,-0.000226842,0.049830994,0.000000000,0.000000000,0.050000000,0.001934194,-0.000242205,-0.000224061,0.001962135,1.685904043
36.689375400,TRACKING,,0.002552718,1,-0.001941636,-0.000226842,0.049830994,0.000000000,0.000000000,0.050000000,0.001934194,-0.000242205,-0.000224061,0.001962135,1.685904043
36.699384431,TRACKING,,0.001798776,1,-0.001955302,-0.000225777,0.049830073,0.000000000,0.000000000,0.050000000,0.001947842,-0.000241159,-0.000225416,0.001975616,1.686547039
36.709468262,TRACKING,,0.000281393,1,-0.001989499,-0.000224635,0.049828149,0.000000000,0.000000000,0.050000000,0.001982080,-0.000240200,-0.000227508,0.002009502,1.663658520
36.719705256,TRACKING,,0.002355624,1,-0.002026976,-0.000223501,0.049826485,0.000000000,0.000000000,0.050000000,0.002019616,-0.000239264,-0.000229336,0.002046630,1.638943611
36.729544501,TRACKING,,0.001775030,1,-0.002043165,-0.000222419,0.049825606,0.000000000,0.000000000,0.050000000,0.002035803,-0.000238217,-0.000230572,0.002062621,1.635891242
36.739576090,TRACKING,,0.001075704,1,-0.002075913,-0.000221276,0.049823929,0.000000000,0.000000000,0.050000000,0.002068601,-0.000237238,-0.000232351,0.002095084,1.614044079
36.749646861,TRACKING,,0.000420308,1,-0.002108557,-0.000220146,0.049822452,0.000000000,0.000000000,0.050000000,0.002101301,-0.000236266,-0.000233906,0.002127440,1.592321899
36.759904040,TRACKING,,0.002403117,1,-0.002127421,-0.000218949,0.049821394,0.000000000,0.000000000,0.050000000,0.002120178,-0.000235120,-0.000235212,0.002146103,1.585012207
36.770024677,TRACKING,,0.001099450,1,-0.002159221,-0.000217629,0.049819621,0.000000000,0.000000000,0.050000000,0.002152030,-0.000233943,-0.000237008,0.002177644,1.563333517
36.780078826,TRACKING,,0.000128230,1,-0.002188817,-0.000216328,0.049817970,0.000000000,0.000000000,0.050000000,0.002181677,-0.000232770,-0.000238651,0.002207000,1.542983109
36.790142473,TRACKING,,0.001828459,1,-0.002209662,-0.000214940,0.049816497,0.000000000,0.000000000,0.050000000,0.002202545,-0.000231441,-0.000240227,0.002227662,1.531449687
36.800121820,TRACKING,,0.000445242,1,-0.002238283,-0.000213446,0.049814653,0.000000000,0.000000000,0.050000000,0.002231217,-0.000230058,-0.000242009,0.002256064,1.511167879
36.810197340,TRACKING,,0.002344939,1,-0.002238283,-0.000213446,0.049814653,0.000000000,0.000000000,0.050000000,0.002231217,-0.000230058,-0.000242009,0.002256064,1.511167879
36.820260987,TRACKING,,0.001821335,1,-0.002262987,-0.000212018,0.049812835,0.000000000,0.000000000,0.050000000,0.002255963,-0.000228720,-0.000243741,0.002280590,1.493272392
36.830474235,TRACKING,,0.000638773,1,-0.002283689,-0.000210566,0.049811118,0.000000000,0.000000000,0.050000000,0.002276697,-0.000227327,-0.000245406,0.002301141,1.478947439
36.840379970,TRACKING,,0.000077175,1,-0.002307799,-0.000209055,0.049809450,0.000000000,0.000000000,0.050000000,0.002300856,-0.000225892,-0.000246953,0.002325070,1.461205360
36.850448366,TRACKING,,0.001981622,1,-0.002329839,-0.000207591,0.049807862,0.000000000,0.000000000,0.050000000,0.002322941,-0.000224492,-0.000248409,0.002346947,1.444746079
36.860456209,TRACKING,,0.001208683,1,-0.002347083,-0.000212478,0.049810908,0.000000000,0.000000000,0.050000000,0.002340306,-0.000229356,-0.000245075,0.002364255,1.427091032
36.870705076,TRACKING,,0.000612653,1,-0.002367122,-0.000210885,0.049809380,0.000000000,0.000000000,0.050000000,0.002360391,-0.000227809,-0.000246443,0.002384130,1.411675269
36.880800781,TRACKING,,0.000112795,1,-0.002385908,-0.000209136,0.049807736,0.000000000,0.000000000,0.050000000,0.002379218,-0.000226098,-0.000247916,0.002402761,1.396936340
36.890898859,TRACKING,,0.002078982,1,-0.002391214,-0.000226304,0.049819820,0.000000000,0.000000000,0.050000000,0.002384777,-0.000243059,-0.000235255,0.002408648,1.378690268
36.900983878,TRACKING,,0.000970033,1,-0.002408335,-0.000224059,0.049817838,0.000000000,0.000000000,0.050000000,0.002401930,-0.000240837,-0.000237045,0.002425585,1.364740894
36.911020217,TRACKING,,0.000015435,1,-0.002424831,-0.000221233,0.049815570,0.000000000,0.000000000,0.050000000,0.002418455,-0.000238031,-0.000239118,0.002441877,1.351268272
36.921119483,TRACKING,,0.001625429,1,-0.002420119,-0.000249611,0.049835912,0.000000000,0.000000000,0.050000000,0.002414113,-0.000266032,-0.000217931,0.002438485,1.331414384
36.931070335,TRACKING,,0.000723072,1,-0.002434335,-0.000245911,0.049833056,0.000000000,0.000000000,0.050000000,0.002428341,-0.000262345,-0.000220599,0.002452413,1.319588879
36.941334637,TRACKING,,0.002428051,1,-0.002434335,-0.000245911,0.049833056,0.000000000,0.000000000,0.050000000,0.002428341,-0.000262345,-0.000220599,0.002452413,1.319588879
36.951336544,TRACKING,,0.001354722,1,-0.002448368,-0.000241330,0.049829738,0.000000000,0.000000000,0.050000000,0.002442382,-0.000257778,-0.000223732,0.002466118,1.308109360
36.961428686,TRACKING,,0.000218465,1,-0.002433547,-0.000280051,0.049857848,0.000000000,0.000000000,0.050000000,0.002428032,-0.000295970,-0.000194559,0.002453730,1.287542565
36.971557635,TRACKING,,0.001930567,1,-0.002447000,-0.000274267,0.049853981,0.000000000,0.000000000,0.050000000,0.002441481,-0.000290201,-0.000198254,0.002466648,1.276854297
36.981649778,TRACKING,,0.000852489,1,-0.002460230,-0.000267430,0.049849438,0.000000000,0.000000000,0.050000000,0.002454699,-0.000283385,-0.000202639,0.002479298,1.266787927
36.991759730,TRACKING,,0.002534909,1,-0.002437527,-0.000315561,0.049884932,0.000000000,0.000000000,0.050000000,0.002432564,-0.000330856,-0.000165893,0.002460560,1.244784477
37.001816253,TRACKING,,0.001460393,1,-0.002450354,-0.000307009,0.049879387,0.000000000,0.000000000,0.050000000,0.002445362,-0.000322333,-0.000171304,0.002472456,1.235682068
37.011921455,TRACKING,,0.000351444,1,-0.002463055,-0.000297330,0.049873082,0.000000000,0.000000000,0.050000000,0.002458023,-0.000312691,-0.000177492,0.002484181,1.227151134
37.022014785,TRACKING,,0.002127661,1,-0.002432117,-0.000354633,0.049915514,0.000000000,0.000000000,0.050000000,0.002427740,-0.000369212,-0.000133634,0.002459288,1.204075455
37.032091492,TRACKING,,0.001081641,1,-0.002444711,-0.000342876,0.049907906,0.000000000,0.000000000,0.050000000,0.002440270,-0.000357505,-0.000141158,0.002470355,1.196571471
37.042275058,TRACKING,,0.000122293,1,-0.002457621,-0.000329600,0.049899364,0.000000000,0.000000000,0.050000000,0.002453107,-0.000344293,-0.000149636,0.002481666,1.189565279
37.052331580,TRACKING,,0.001804713,1,-0.002457621,-0.000329600,0.049899364,0.000000000,0.000000000,0.050000000,0.002453107,-0.000344293,-0.000149636,0.002481666,1.189565279
37.062475964,TRACKING,,0.000729009,1,-0.002419078,-0.000395573,0.049948349,0.000000000,0.000000000,0.050000000,0.002415300,-0.000409378,-0.000099075,0.002451751,1.165440745
37.072650031,TRACKING,,0.002429238,1,-0.002431937,-0.000380948,0.049939061,0.000000000,0.000000000,0.050000000,0.002428072,-0.000394824,-0.000108321,0.002462347,1.159105003
37.082686370,TRACKING,,0.001442582,1,-0.002445330,-0.000364618,0.049928635,0.000000000,0.000000000,0.050000000,0.002441364,-0.000378581,-0.000118729,0.002473394,1.153265721
37.092783261,TRACKING,,0.000267145,1,-0.002400263,-0.000438562,0.049983802,0.000000000,0.000000000,0.050000000,0.002397111,-0.000451545,-0.000061851,0.002440053,1.127817219
37.102855219,TRACKING,,0.001986372,1,-0.002414396,-0.000419738,0.049971803,0.000000000,0.000000000,0.050000000,0.002411118,-0.000432826,-0.000073868,0.002450772,1.122670427
37.112946174,TRACKING,,0.000958160,1,-0.002428827,-0.000399594,0.049958867,0.000000000,0.000000000,0.050000000,0.002425411,-0.000412801,-0.000086844,0.002461822,1.118042080
37.123195042,TRACKING,,0.000034432,1,-0.002377441,-0.000481134,0.050019861,0.000000000,0.000000000,0.050000000,0.002374912,-0.000493280,-0.000024017,0.002425719,1.091409362
37.133259876,TRACKING,,0.001753658,1,-0.002392731,-0.000458254,0.050005084,0.000000000,0.000000000,0.050000000,0.002390035,-0.000470538,-0.000038874,0.002436223,1.087549644
37.143145426,TRACKING,,0.000220839,1,-0.002409095,-0.000433030,0.049988678,0.000000000,0.000000000,0.050000000,0.002406214,-0.000445474,-0.000055382,0.002447730,1.083952601
37.153412103,TRACKING,,0.002376997,1,-0.002409095,-0.000433030,0.049988678,0.000000000,0.000000000,0.050000000,0.002406214,-0.000445474,-0.000055382,0.002447730,1.083952601
37.163340397,TRACKING,,0.001340474,1,-0.002350726,-0.000523448,0.050056221,0.000000000,0.000000000,0.050000000,0.002348811,-0.000534750,0.000014111,0.002408956,1.056324482
37.173488343,TRACKING,,0.000252897,1,-0.002366733,-0.000497828,0.050039658,0.000000000,0.000000000,0.050000000,0.002364624,-0.000509292,-0.000002577,0.002418849,1.053486231
37.183639850,TRACKING,,0.001961437,1,-0.002383896,-0.000469629,0.050021308,0.000000000,0.000000000,0.050000000,0.002381573,-0.000481278,-0.000021081,0.002429808,1.051115991
37.193697561,TRACKING,,0.000895232,1,-0.002320957,-0.000565277,0.050093060,0.000000000,0.000000000,0.050000000,0.002319653,-0.000575733,0.000052712,0.002390615,1.022091030
37.203841945,TRACKING,,0.002572902,1,-0.002339225,-0.000534327,0.050072853,0.000000000,0.000000000,0.050000000,0.002337676,-0.000544988,0.000032312,0.002400580,1.020348864
37.213872347,TRACKING,,0.001853392,1,-0.002357973,-0.000502049,0.050051646,0.000000000,0.000000000,0.050000000,0.002356171,-0.000512930,0.000010892,0.002411381,1.019082069
37.223965676,TRACKING,,0.001046021,1,-0.002288683,-0.000606196,0.050129657,0.000000000,0.000000000,0.050000000,0.002287975,-0.000615819,0.000091042,0.002371150,0.988987924
37.234047133,TRACKING,,0.000550913,1,-0.002308065,-0.000572009,0.050107064,0.000000000,0.000000000,0.050000000,0.002307077,-0.000581864,0.000068204,0.002380299,0.988412524
37.244163021,TRACKING,,0.000034432,1,-0.002327651,-0.000537115,0.050083906,0.000000000,0.000000000,0.050000000,0.002326380,-0.000547214,0.000044785,0.002390292,0.988240511
37.254293158,TRACKING,,0.002139534,1,-0.002252793,-0.000648432,0.050167270,0.000000000,0.000000000,0.050000000,0.002252683,-0.000657223,0.000130374,0.002350217,0.957046785
37.264329496,TRACKING,,0.001488888,1,-0.002273082,-0.000611768,0.050142773,0.000000000,0.000000000,0.050000000,0.002272661,-0.000620812,0.000105589,0.002358293,0.957436841
37.274428763,TRACKING,,0.000344320,1,-0.002295175,-0.000571567,0.050115811,0.000000000,0.000000000,0.050000000,0.002294418,-0.000580896,0.000078301,0.002368106,0.958265664
37.284471038,TRACKING,,0.002016053,1,-0.002295175,-0.000571567,0.050115811,0.000000000,0.000000000,0.050000000,0.002294418,-0.000580896,0.000078301,0.002368106,0.958265664
37.294651041,TRACKING,,0.000929664,1,-0.002216246,-0.000687575,0.050202860,0.000000000,0.000000000,0.050000000,0.002216696,-0.000695571,0.000167630,0.002329304,0.926104983
37.304760993,TRACKING,,0.002635830,1,-0.002239159,-0.000645533,0.050174686,0.000000000,0.000000000,0.050000000,0.002239247,-0.000653819,0.000139111,0.002336891,0.927283745
37.314882818,TRACKING,,0.001703791,1,-0.002263207,-0.000601025,0.050144728,0.000000000,0.000000000,0.050000000,0.002262920,-0.000609628,0.000108775,0.002346121,0.929012030
37.324907284,TRACKING,,0.000771752,1,-0.002179204,-0.000723542,0.050236668,0.000000000,0.000000000,0.050000000,0.002180181,-0.000730775,0.000203063,0.002308345,0.895849885
37.334967369,TRACKING,,0.000111608,1,-0.002204293,-0.000676753,0.050205081,0.000000000,0.000000000,0.050000000,0.002204862,-0.000684311,0.000171072,0.002314943,0.898046099
37.345033390,TRACKING,,0.001950752,1,-0.002229675,-0.000629222,0.050172872,0.000000000,0.000000000,0.050000000,0.002229836,-0.000637118,0.000138442,0.002323199,0.900660897
37.355195584,TRACKING,,0.000707637,1,-0.002256217,-0.000579576,0.050139186,0.000000000,0.000000000,0.050000000,0.002255962,-0.000587833,0.000104313,0.002333623,0.903586863
37.365339968,TRACKING,,0.002549157,1,-0.002167709,-0.000707928,0.050235633,0.000000000,0.000000000,0.050000000,0.002168749,-0.000714770,0.000203171,0.002292520,0.869289315
37.375287258,TRACKING,,0.001355909,1,-0.002194059,-0.000658707,0.050202157,0.000000000,0.000000000,0.050000000,0.002194673,-0.000665898,0.000169254,0.002299708,0.872320327
37.385340219,TRACKING,,0.000147227,1,-0.002100599,-0.000793759,0.050303643,0.000000000,0.000000000,0.050000000,0.002102590,-0.000799528,0.000273202,0.002266003,0.837118210
37.395412177,TRACKING,,0.001706165,1,-0.002100599,-0.000793759,0.050303643,0.000000000,0.000000000,0.050000000,0.002102590,-0.000799528,0.000273202,0.002266003,0.837118210
37.405579120,TRACKING,,0.000670831,1,-0.002129455,-0.000739361,0.050266335,0.000000000,0.000000000,0.050000000,0.002130957,-0.000745505,0.000235397,0.002269838,0.841046929
37.415811365,TRACKING,,0.002518286,1,-0.002160170,-0.000680958,0.050226133,0.000000000,0.000000000,0.050000000,0.002161159,-0.000687515,0.000194649,0.002276219,0.845796018
37.425799024,TRACKING,,0.001310791,1,-0.002063665,-0.000818510,0.050329560,0.000000000,0.000000000,0.050000000,0.002066048,-0.000823652,0.000300538,0.002244389,0.810455522
37.435951719,TRACKING,,0.000812121,1,-0.002095171,-0.000758856,0.050288397,0.000000000,0.000000000,0.050000000,0.002097015,-0.000764405,0.000258819,0.002246948,0.815407792
37.445882387,TRACKING,,0.000055804,1,-0.002127233,-0.000697765,0.050246149,0.000000000,0.000000000,0.050000000,0.002128540,-0.000703743,0.000215992,0.002252241,0.820884075
37.455968593,TRACKING,,0.002054048,1,-0.002159815,-0.000635915,0.050203348,0.000000000,0.000000000,0.050000000,0.002160590,-0.000642338,0.000172598,0.002260650,0.826621919
37.466166406,TRACKING,,0.001003277,1,-0.002058082,-0.000781537,0.050312767,0.000000000,0.000000000,0.050000000,0.002060289,-0.000786487,0.000284554,0.002223583,0.789967830
37.476387965,TRACKING,,0.002777120,1,-0.002091483,-0.000718519,0.050269103,0.000000000,0.000000000,0.050000000,0.002093133,-0.000723906,0.000240293,0.002227776,0.795771457
37.486196340,TRACKING,,0.001672921,1,-0.002124849,-0.000655784,0.050225551,0.000000000,0.000000000,0.050000000,0.002125958,-0.000661620,0.000196139,0.002235153,0.801815513
37.496274235,TRACKING,,0.000579408,1,-0.002017632,-0.000809840,0.050341242,0.000000000,0.000000000,0.050000000,0.002020243,-0.000814175,0.000314427,0.002200710,0.764001534
37.506350942,TRACKING,,0.002297446,1,-0.002017632,-0.000809840,0.050341242,0.000000000,0.000000000,0.050000000,0.002020243,-0.000814175,0.000314427,0.002200710,0.764001534
37.516460894,TRACKING,,0.001386779,1,-0.002051954,-0.000745353,0.050296308,0.000000000,0.000000000,0.050000000,0.002053990,-0.000750131,0.000268879,0.002203149,0.770291252
37.526645647,TRACKING,,0.000491547,1,-0.002086634,-0.000680148,0.050250742,0.000000000,0.000000000,0.050000000,0.002088102,-0.000685387,0.000222681,0.002208962,0.777035762
37.536635680,TRACKING,,0.002236893,1,-0.001976476,-0.000836610,0.050368478,0.000000000,0.000000000,0.050000000,0.001979466,-0.000840361,0.000343011,0.002177648,0.738990282
37.546714762,TRACKING,,0.001409338,1,-0.002013162,-0.000767523,0.050320174,0.000000000,0.000000000,0.050000000,0.002015534,-0.000771738,0.000294052,0.002178170,0.745998449
37.556816403,TRACKING,,0.000786000,1,-0.002049661,-0.000698753,0.050271971,0.000000000,0.000000000,0.050000000,0.002051434,-0.000703444,0.000245187,0.002182506,0.753346891
37.566897859,TRACKING,,0.000182846,1,-0.001934201,-0.000862862,0.050395451,0.000000000,0.000000000,0.050000000,0.001937560,-0.000866049,0.000371307,0.002154541,0.714368127
37.577168098,TRACKING,,0.002274888,1,-0.001971442,-0.000792770,0.050346202,0.000000000,0.000000000,0.050000000,0.001974170,-0.000796419,0.000321394,0.002152888,0.721762824
37.587090455,TRACKING,,0.001794027,1,-0.002009398,-0.000721384,0.050295930,0.000000000,0.000000000,0.050000000,0.002011502,-0.000725517,0.000270437,0.002155377,0.729659885
37.597165975,TRACKING,,0.001382030,1,-0.001888849,-0.000893320,0.050425279,0.000000000,0.000000000,0.050000000,0.001892605,-0.000895940,0.000402458,0.002132284,0.689951630
37.607229622,TRACKING,,0.000213716,1,-0.001929132,-0.000817702,0.050371859,0.000000000,0.000000000,0.050000000,0.001932203,-0.000820809,0.000348324,0.002128019,0.698216618
37.618777407,TRACKING,,0.003006271,1,-0.001970977,-0.000739436,0.050316473,0.000000000,0.000000000,0.050000000,0.001973361,-0.000743065,0.000292186,0.002128772,0.707159027
37.628461114,TRACKING,,0.000452366,1,-0.001849810,-0.000909630,0.050445048,0.000000000,0.000000000,0.050000000,0.001853823,-0.000911792,0.000423398,0.002108860,0.667332267
37.638518825,TRACKING,,0.002116976,1,-0.001849810,-0.000909630,0.050445048,0.000000000,0.000000000,0.050000000,0.001853823,-0.000911792,0.000423398,0.002108860,0.667332267
37.648660834,TRACKING,,0.001044834,1,-0.001892482,-0.000830288,0.050388703,0.000000000,0.000000000,0.050000000,0.001895776,-0.000832953,0.000366303,0.002102844,0.676278828
37.658828964,TRACKING,,0.000034432,1,-0.001937206,-0.000746745,0.050329285,0.000000000,0.000000000,0.050000000,0.001939767,-0.000749958,0.000306085,0.002102100,0.686140830
37.668915170,TRACKING,,0.001696667,1,-0.001816012,-0.000916877,0.050457796,0.000000000,0.000000000,0.050000000,0.001820186,-0.000918671,0.000437154,0.002085219,0.647362360
37.679002563,TRACKING,,0.000531915,1,-0.001860869,-0.000833692,0.050398572,0.000000000,0.000000000,0.050000000,0.001864293,-0.000836004,0.000377150,0.002077675,0.656866539
37.689120826,TRACKING,,0.002248767,1,-0.001907311,-0.000747195,0.050336901,0.000000000,0.000000000,0.050000000,0.001909982,-0.000750064,0.000314660,0.002075967,0.667201823
37.699182098,TRACKING,,0.001190872,1,-0.001777781,-0.000929864,0.050474903,0.000000000,0.000000000,0.050000000,0.001782165,-0.000931264,0.000455320,0.002061718,0.626625320
37.709255244,TRACKING,,0.000042744,1,-0.001824657,-0.000843132,0.050412909,0.000000000,0.000000000,0.050000000,0.001828261,-0.000845059,0.000392521,0.002052008,0.636670303
37.719346199,TRACKING,,0.001835582,1,-0.001871442,-0.000756954,0.050351237,0.000000000,0.000000000,0.050000000,0.001874297,-0.000759428,0.000330036,0.002049059,0.647110510
37.729395598,TRACKING,,0.000677954,1,-0.001736783,-0.000948015,0.050495620,0.000000000,0.000000000,0.050000000,0.001741415,-0.000949016,0.000477105,0.002039801,0.605823682
37.739663462,TRACKING,,0.002445860,1,-0.001736783,-0.000948015,0.050495620,0.000000000,0.000000000,0.050000000,0.001741415,-0.000949016,0.000477105,0.002039801,0.605823682
37.749442154,TRACKING,,0.001884262,1,-0.001783554,-0.000862358,0.050434151,0.000000000,0.000000000,0.050000000,0.001787414,-0.000863868,0.000414847,0.002028106,0.615820304
37.759536671,TRACKING,,0.001197997,1,-0.001829440,-0.000778424,0.050373812,0.000000000,0.000000000,0.050000000,0.001832567,-0.000780455,0.000353721,0.002023001,0.626116373
37.769592007,TRACKING,,0.000117543,1,-0.001690923,-0.000973937,0.050521752,0.000000000,0.000000000,0.050000000,0.001695864,-0.000974517,0.000504340,0.002019901,0.584764313
37.779922799,TRACKING,,0.001936504,1,-0.001739951,-0.000884231,0.050457224,0.000000000,0.000000000,0.050000000,0.001744082,-0.000885325,0.000439002,0.002004582,0.595119686
37.789813098,TRACKING,,0.000965284,1,-0.001788999,-0.000794520,0.050392610,0.000000000,0.000000000,0.050000000,0.001792349,-0.000796152,0.000373564,0.001996477,0.606010919
37.799873183,TRACKING,,0.002721316,1,-0.001647570,-0.000993705,0.050543668,0.000000000,0.000000000,0.050000000,0.001652759,-0.000993916,0.000527283,0.001999377,0.564617640
37.809961763,TRACKING,,0.001714477,1,-0.001697347,-0.000903104,0.050478302,0.000000000,0.000000000,0.050000000,0.001701718,-0.000903819,0.000461112,0.001981251,0.574982115
37.820114459,TRACKING,,0.001065017,1,-0.001745941,-0.000814761,0.050414485,0.000000000,0.000000000,0.050000000,0.001749542,-0.000815991,0.000396496,0.001970773,0.585636850
37.830178105,TRACKING,,0.000423870,1,-0.001596960,-0.001026148,0.050574819,0.000000000,0.000000000,0.050000000,0.001602505,-0.001025949,0.000559538,0.001983350,0.543477085
37.840293994,TRACKING,,0.002589525,1,-0.001645354,-0.000938237,0.050511184,0.000000000,0.000000000,0.050000000,0.001650100,-0.000938505,0.000495139,0.001961832,0.553320769
37.850356453,TRACKING,,0.002087292,1,-0.001693474,-0.000851021,0.050447998,0.000000000,0.000000000,0.050000000,0.001697455,-0.000851776,0.000431182,0.001947510,0.563627457
37.860416538,TRACKING,,0.001478202,1,-0.001538507,-0.001071824,0.050615581,0.000000000,0.000000000,0.050000000,0.001544522,-0.001071177,0.000601482,0.001973512,0.521450838
37.870532427,TRACKING,,0.000885734,1,-0.001585860,-0.000986462,0.050553600,0.000000000,0.000000000,0.050000000,0.001591091,-0.000986247,0.000538774,0.001947955,0.530673731
37.880626944,TRACKING,,0.000273081,1,-0.001634184,-0.000898943,0.050490021,0.000000000,0.000000000,0.050000000,0.001638638,-0.000899192,0.000474443,0.001928413,0.540658005
37.890767766,TRACKING,,0.002369872,1,-0.001634184,-0.000898943,0.050490021,0.000000000,0.000000000,0.050000000,0.001638638,-0.000899192,0.000474443,0.001928413,0.540658005
37.900793419,TRACKING,,0.001735849,1,-0.001474175,-0.001126834,0.050663267,0.000000000,0.000000000,0.050000000,0.001480741,-0.001125731,0.000650388,0.001970500,0.499069739
37.910889123,TRACKING,,0.000882172,1,-0.001520470,-0.001043799,0.050602913,0.000000000,0.000000000,0.050000000,0.001526262,-0.001043091,0.000589351,0.001940322,0.507448281
37.920934960,TRACKING,,0.000108045,1,-0.001569339,-0.000955306,0.050538527,0.000000000,0.000000000,0.050000000,0.001574335,-0.000955038,0.000524229,0.001914535,0.516966830
37.931050848,TRACKING,,0.001055519,1,-0.001405959,-0.001187087,0.050715213,0.000000000,0.000000000,0.050000000,0.001413121,-0.001185544,0.000703562,0.001974190,0.476724077
37.941256973,TRACKING,,0.000074801,1,-0.001459032,-0.001090995,0.050645191,0.000000000,0.000000000,0.050000000,0.001465291,-0.001089874,0.000632781,0.001932696,0.485697031
37.951366925,TRACKING,,0.002285573,1,-0.001506053,-0.001005831,0.050583054,0.000000000,0.000000000,0.050000000,0.001511538,-0.001005107,0.000569960,0.001902589,0.494337759
37.961384266,TRACKING,,0.001264486,1,-0.001339171,-0.001241929,0.050763426,0.000000000,0.000000000,0.050000000,0.001346875,-0.001240008,0.000752923,0.001979542,0.455711623
37.971286439,TRACKING,,0.000396562,1,-0.001388021,-0.001153926,0.050699066,0.000000000,0.000000000,0.050000000,0.001394886,-0.001152363,0.000687892,0.001935676,0.463228777
37.981510373,TRACKING,,0.002392431,1,-0.001435807,-0.001067228,0.050635599,0.000000000,0.000000000,0.050000000,0.001441873,-0.001066037,0.000623754,0.001898553,0.471342261
37.991458850,TRACKING,,0.001550628,1,-0.001261956,-0.001313613,0.050824043,0.000000000,0.000000000,0.050000000,0.001270362,-0.001311295,0.000814766,0.001999289,0.434620600
38.001592548,TRACKING,,0.000686266,1,-0.001309941,-0.001226816,0.050760342,0.000000000,0.000000000,0.050000000,0.001317505,-0.001224816,0.000750431,0.001949139,0.441084498
38.011795111,TRACKING,,0.000047493,1,-0.001309941,-0.001226816,0.050760342,0.000000000,0.000000000,0.050000000,0.001317505,-0.001224816,0.000750431,0.001949139,0.441084498
38.022029730,TRACKING,,0.002040988,1,-0.001357967,-0.001139374,0.050696123,0.000000000,0.000000000,0.050000000,0.001364712,-0.001137715,0.000685566,0.001904425,0.448362173
38.031890347,TRACKING,,0.001122009,1,-0.001179625,-0.001391030,0.050889012,0.000000000,0.000000000,0.050000000,0.001188793,-0.001388351,0.000880951,0.002028996,0.414911613
38.042111906,TRACKING,,0.000548537,1,-0.001228764,-0.001300895,0.050822740,0.000000000,0.000000000,0.050000000,0.001237046,-0.001298505,0.000814060,0.001969541,0.420337473
38.052214734,TRACKING,,0.002467232,1,-0.001277931,-0.001210316,0.050756067,0.000000000,0.000000000,0.050000000,0.001285351,-0.001208239,0.000746753,0.001915622,0.426719445
38.062426795,TRACKING,,0.001639676,1,-0.001096829,-0.001463802,0.050950959,0.000000000,0.000000000,0.050000000,0.001106724,-0.001460829,0.000944041,0.002061571,0.397402289
38.072264853,TRACKING,,0.000769378,1,-0.001146063,-0.001373326,0.050884250,0.000000000,0.000000000,0.050000000,0.001155054,-0.001370605,0.000876742,0.001995341,0.401489019
38.082360557,TRACKING,,0.000256459,1,-0.001195162,-0.001282370,0.050817111,0.000000000,0.000000000,0.050000000,0.001203274,-0.001279924,0.000809000,0.001934051,0.406603943
38.092887255,TRACKING,,0.002380558,1,-0.001008823,-0.001542920,0.051017866,0.000000000,0.000000000,0.050000000,0.001019515,-0.001539701,0.001012071,0.002105796,0.382166959
38.102828609,TRACKING,,0.001572000,1,-0.001057967,-0.001452062,0.050950654,0.000000000,0.000000000,0.050000000,0.001067735,-0.001449054,0.000944302,0.002032615,0.384667626
38.112623923,TRACKING,,0.000363317,1,-0.001109035,-0.001357491,0.050880620,0.000000000,0.000000000,0.050000000,0.001117872,-0.001354728,0.000873675,0.001961691,0.388425546
38.122765933,TRACKING,,0.002430425,1,-0.000919403,-0.001621292,0.051084453,0.000000000,0.000000000,0.050000000,0.000930891,-0.001617898,0.001079712,0.002156369,0.370020660
38.133070604,TRACKING,,0.001833208,1,-0.000968820,-0.001529406,0.051016248,0.000000000,0.000000000,0.050000000,0.000979359,-0.001526183,0.001010978,0.002076164,0.370781177
38.143047577,TRACKING,,0.000748005,1,-0.001019482,-0.001435126,0.050946208,0.000000000,0.000000000,0.050000000,0.001029077,-0.001432104,0.000940383,0.001998560,0.372764057
38.152867825,TRACKING,,0.000073613,1,-0.000825597,-0.001703951,0.051154439,0.000000000,0.000000000,0.050000000,0.000837937,-0.001700449,0.001150706,0.002217609,0.361469041
38.163031206,TRACKING,,0.001953127,1,-0.000825597,-0.001703951,0.051154439,0.000000000,0.000000000,0.050000000,0.000837937,-0.001700449,0.001150706,0.002217609,0.361469041
38.173103164,TRACKING,,0.000813307,1,-0.000875828,-0.001610059,0.051084509,0.000000000,0.000000000,0.050000000,0.000887182,-0.001606687,0.001080274,0.002129677,0.360229380
38.183178684,TRACKING,,0.000091423,1,-0.000929889,-0.001508118,0.051008511,0.000000000,0.000000000,0.050000000,0.000940208,-0.001504914,0.001003718,0.002038678,0.360324378
38.193262515,TRACKING,,0.002046924,1,-0.000734377,-0.001776381,0.051216948,0.000000000,0.000000000,0.050000000,0.000747478,-0.001772859,0.001214104,0.002275039,0.356710796
38.203346346,TRACKING,,0.001396278,1,-0.000785953,-0.001679147,0.051144363,0.000000000,0.000000000,0.050000000,0.000798020,-0.001675715,0.001141038,0.002178721,0.353347079
38.213443237,TRACKING,,0.000674393,1,-0.000838694,-0.001579478,0.051069882,0.000000000,0.000000000,0.050000000,0.000849733,-0.001576166,0.001066049,0.002083940,0.351297842
38.223566250,TRACKING,,0.002595462,1,-0.000891585,-0.001479039,0.050994826,0.000000000,0.000000000,0.050000000,0.000901622,-0.001475875,0.000990470,0.001993028,0.350626322
38.233638208,TRACKING,,0.001878326,1,-0.000691469,-0.001753637,0.051208695,0.000000000,0.000000000,0.050000000,0.000704311,-0.001750215,0.001206237,0.002239267,0.350356087
38.243736287,TRACKING,,0.001181374,1,-0.000741784,-0.001658940,0.051137848,0.000000000,0.000000000,0.050000000,0.000753630,-0.001655587,0.001134944,0.002144067,0.346094922
38.253805870,TRACKING,,0.000423870,1,-0.000792828,-0.001562407,0.051065577,0.000000000,0.000000000,0.050000000,0.000803689,-0.001559149,0.001062207,0.002050645,0.343061177
38.263917009,TRACKING,,0.002460108,1,-0.000587081,-0.001845393,0.051286547,0.000000000,0.000000000,0.050000000,0.000600884,-0.001842062,0.001284947,0.002324939,0.352467334
38.273971158,TRACKING,,0.001732286,1,-0.000636954,-0.001751487,0.051216084,0.000000000,0.000000000,0.050000000,0.000649747,-0.001748174,0.001214081,0.002225371,0.345854119
38.284057363,TRACKING,,0.000809746,1,-0.000687326,-0.001656643,0.051144853,0.000000000,0.000000000,0.050000000,0.000699128,-0.001653374,0.001142430,0.002127809,0.340376644
38.294289608,TRACKING,,0.002527785,1,-0.000687326,-0.001656643,0.051144853,0.000000000,0.000000000,0.050000000,0.000699128,-0.001653374,0.001142430,0.002127809,0.340376644
38.304108669,TRACKING,,0.001738223,1,-0.000478992,-0.001941678,0.051368120,0.000000000,0.000000000,0.050000000,0.000493816,-0.001938540,0.001367299,0.002423076,0.359888117
38.314210310,TRACKING,,0.000959347,1,-0.000526977,-0.001851405,0.051300265,0.000000000,0.000000000,0.050000000,0.000540805,-0.001848235,0.001299097,0.002322950,0.351228596
38.324205093,TRACKING,,0.000403686,1,-0.000576378,-0.001757545,0.051229619,0.000000000,0.000000000,0.050000000,0.000589204,-0.001754366,0.001228078,0.002221067,0.343355505
38.334763848,TRACKING,,0.002493353,1,-0.000362424,-0.002050214,0.051459475,0.000000000,0.000000000,0.050000000,0.000378422,-0.002047394,0.001459374,0.002542597,0.373728305
38.344556788,TRACKING,,0.001742972,1,-0.000410454,-0.001959220,0.051390853,0.000000000,0.000000000,0.050000000,0.000425426,-0.001956314,0.001390445,0.002437517,0.362904751
38.354672677,TRACKING,,0.000839429,1,-0.000460819,-0.001863562,0.051318614,0.000000000,0.000000000,0.050000000,0.000474743,-0.001860591,0.001317870,0.002328940,0.352488833
38.364628278,TRACKING,,0.000113981,1,-0.000245567,-0.002155531,0.051548784,0.000000000,0.000000000,0.050000000,0.000262726,-0.002153153,0.001549277,0.002665586,0.392287610
38.374712109,TRACKING,,0.002130035,1,-0.000294875,-0.002061502,0.051477608,0.000000000,0.000000000,0.050000000,0.000310953,-0.002058981,0.001477828,0.002553443,0.379302414
38.384805439,TRACKING,,0.001609994,1,-0.000344209,-0.001967353,0.051406262,0.000000000,0.000000000,0.050000000,0.000359234,-0.001964713,0.001406195,0.002442648,0.367067234
38.394896394,TRACKING,,0.000922540,1,-0.000123339,-0.002267591,0.051643503,0.000000000,0.000000000,0.050000000,0.000141767,-0.002265801,0.001644486,0.002803263,0.416415410
38.404977850,TRACKING,,0.000238650,1,-0.000173913,-0.002170689,0.051569883,0.000000000,0.000000000,0.050000000,0.000191201,-0.002168692,0.001570632,0.002684524,0.401432305
38.415096114,TRACKING,,0.002305758,1,-0.000224400,-0.002073964,0.051496337,0.000000000,0.000000000,0.050000000,0.000240580,-0.002071788,0.001496838,0.002567238,0.387104890
38.425164510,TRACKING,,0.001561314,1,-0.000000601,-0.002376848,0.051736500,0.000000000,0.000000000,0.050000000,0.000020292,-0.002375782,0.001737840,0.002943610,0.444197212
38.435215096,TRACKING,,0.000869111,1,-0.000050539,-0.002281491,0.051663806,0.000000000,0.000000000,0.050000000,0.000069083,-0.002280162,0.001664961,0.002824183,0.428081061
38.445296553,TRACKING,,0.000199468,1,-0.000101333,-0.002183868,0.051589322,0.000000000,0.000000000,0.050000000,0.000118734,-0.002182297,0.001590275,0.002702868,0.412155253
38.455353075,TRACKING,,0.002198899,1,-0.000101333,-0.002183868,0.051589322,0.000000000,0.000000000,0.050000000,0.000118734,-0.002182297,0.001590275,0.002702868,0.412155253
38.465480837,TRACKING,,0.001556564,1,0.000125860,-0.002490313,0.051833105,0.000000000,0.000000000,0.050000000,-0.000104824,-0.002490130,0.001834676,0.003094798,0.476090291
38.475809254,TRACKING,,0.000837054,1,0.000077431,-0.002397634,0.051762329,0.000000000,0.000000000,0.050000000,-0.000057540,-0.002397137,0.001763767,0.002976651,0.459361704
38.485589134,TRACKING,,0.000111607,1,0.000026549,-0.002299270,0.051687112,0.000000000,0.000000000,0.050000000,-0.000007839,-0.002298468,0.001688395,0.002851963,0.442124756
38.496060028,TRACKING,,0.002061171,1,0.000255930,-0.002606609,0.051932541,0.000000000,0.000000000,0.050000000,-0.000233486,-0.002607482,0.001934206,0.003254939,0.511529745
38.505995445,TRACKING,,0.001251426,1,0.000205027,-0.002508387,0.051857289,0.000000000,0.000000000,0.050000000,-0.000183822,-0.002508865,0.001858862,0.003127869,0.493027854
38.515816881,TRACKING,,0.000657770,1,0.000155034,-0.002411775,0.051783171,0.000000000,0.000000000,0.050000000,-0.000135015,-0.002411891,0.001784641,0.003003397,0.475140122
38.526058624,TRACKING,,0.000029683,1,0.000386508,-0.002719836,0.052030131,0.000000000,0.000000000,0.050000000,-0.000362659,-0.002721918,0.002031740,0.003415893,0.549031523
38.536218443,TRACKING,,0.002042174,1,0.000335504,-0.002620688,0.051953898,0.000000000,0.000000000,0.050000000,-0.000312929,-0.002622311,0.001955467,0.003286075,0.529766222
38.546233410,TRACKING,,0.001522133,1,0.000284181,-0.002520878,0.051877070,0.000000000,0.000000000,0.050000000,-0.000262857,-0.002522065,0.001878583,0.003155785,0.510606569
38.556473967,TRACKING,,0.000661332,1,0.000518177,-0.002831443,0.052126874,0.000000000,0.000000000,0.050000000,-0.000492909,-0.002834896,0.002128279,0.003578990,0.588415187
38.566426006,TRACKING,,0.002569341,1,0.000465379,-0.002728431,0.052047380,0.000000000,0.000000000,0.050000000,-0.000441460,-0.002731342,0.002048795,0.003442772,0.567891220
38.576507463,TRACKING,,0.002121725,1,0.000414429,-0.002629184,0.051970732,0.000000000,0.000000000,0.050000000,-0.000391779,-0.002631597,0.001972143,0.003311819,0.548265231
38.586610291,TRACKING,,0.001365407,1,0.000652452,-0.002944614,0.052225318,0.000000000,0.000000000,0.050000000,-0.000625708,-0.002949622,0.002226366,0.003748131,0.629954563
38.596856783,TRACKING,,0.000281393,1,0.000597759,-0.002837746,0.052142555,0.000000000,0.000000000,0.050000000,-0.000572442,-0.002842122,0.002143669,0.003605643,0.608219329
38.606751832,TRACKING,,0.001946003,1,0.000597759,-0.002837746,0.052142555,0.000000000,0.000000000,0.050000000,-0.000572442,-0.002842122,0.002143669,0.003605643,0.608219329
38.616889092,TRACKING,,0.000822807,1,0.000543641,-0.002732184,0.052060762,0.000000000,0.000000000,0.050000000,-0.000519700,-0.002735963,0.002061925,0.003465128,0.586864358
38.627228195,TRACKING,,0.002392432,1,0.000780072,-0.003040984,0.052311197,0.000000000,0.000000000,0.050000000,-0.000752043,-0.003047618,0.002311750,0.003898427,0.669698949
38.637214667,TRACKING,,0.001580311,1,0.000724559,-0.002931995,0.052226597,0.000000000,0.000000000,0.050000000,-0.000698010,-0.002937917,0.002227271,0.003752241,0.647230516
38.647120401,TRACKING,,0.000770564,1,0.000669179,-0.002823032,0.052141911,0.000000000,0.000000000,0.050000000,-0.000644071,-0.002828276,0.002142690,0.003606257,0.624930855
38.657125870,TRACKING,,0.000108045,1,0.000908822,-0.003134598,0.052395476,0.000000000,0.000000000,0.050000000,-0.000879514,-0.003143015,0.002395387,0.004048452,0.710409683
38.667537399,TRACKING,,0.002030302,1,0.000854218,-0.003026717,0.052311448,0.000000000,0.000000000,0.050000000,-0.000826396,-0.003034366,0.002311534,0.003903011,0.687985296
38.677341024,TRACKING,,0.001110135,1,0.000797785,-0.002915335,0.052224606,0.000000000,0.000000000,0.050000000,-0.000771460,-0.002922222,0.002224855,0.003752933,0.664914567
38.687412982,TRACKING,,0.000081925,1,0.000741873,-0.002804722,0.052138367,0.000000000,0.000000000,0.050000000,-0.000716999,-0.002810886,0.002138758,0.003604089,0.642139144
38.697937306,TRACKING,,0.001993495,1,0.000983456,-0.003118358,0.052394548,0.000000000,0.000000000,0.050000000,-0.000954383,-0.003127872,0.002393904,0.004052802,0.729148133
38.707641197,TRACKING,,0.000673205,1,0.000927337,-0.003008174,0.052308487,0.000000000,0.000000000,0.050000000,-0.000899775,-0.003016858,0.002308060,0.003903610,0.705950803
38.718043228,TRACKING,,0.002399556,1,0.000927337,-0.003008174,0.052308487,0.000000000,0.000000000,0.050000000,-0.000899775,-0.003016858,0.002308060,0.003903610,0.705950803
38.727812422,TRACKING,,0.001214619,1,0.000871596,-0.002898358,0.052222659,0.000000000,0.000000000,0.050000000,-0.000845504,-0.002906251,0.002222430,0.003755046,0.682967248
38.737858259,TRACKING,,0.000028496,1,0.001114166,-0.003210793,0.052478915,0.000000000,0.000000000,0.050000000,-0.001083816,-0.003222337,0.002477391,0.004206611,0.771357264
38.748022827,TRACKING,,0.001771468,1,0.001057774,-0.003099246,0.052391581,0.000000000,0.000000000,0.050000000,-0.001028977,-0.003109885,0.002390332,0.004055104,0.747765693
38.758208767,TRACKING,,0.000891671,1,0.001001366,-0.002987638,0.052304092,0.000000000,0.000000000,0.050000000,-0.000974086,-0.002997406,0.002303101,0.003903531,0.724234804
38.768242731,TRACKING,,0.002594274,1,0.001246828,-0.003302803,0.052563574,0.000000000,0.000000000,0.050000000,-0.001215180,-0.003316558,0.002561012,0.004362912,0.814585085
38.778255323,TRACKING,,0.004116406,1,0.001187551,-0.003185707,0.052471563,0.000000000,0.000000000,0.050000000,-0.001157559,-0.003198435,0.002469352,0.004203288,0.789607974
38.788225172,TRACKING,,0.001161190,1,0.001134456,-0.003080830,0.052389053,0.000000000,0.000000000,0.050000000,-0.001105911,-0.003092669,0.002387139,0.004060305,0.767288149
38.798284070,TRACKING,,0.000711199,1,0.001383568,-0.003401177,0.052653663,0.000000000,0.000000000,0.050000000,-0.001350506,-0.003417371,0.002649887,0.004530364,0.859877118
38.808332282,TRACKING,,0.000248148,1,0.001328683,-0.003292843,0.052568199,0.000000000,0.000000000,0.050000000,-0.001297178,-0.003308012,0.002564809,0.004382220,0.836612328
38.818602521,TRACKING,,0.001861703,1,0.001271437,-0.003179991,0.052479098,0.000000000,0.000000000,0.050000000,-0.001241518,-0.003194124,0.002476091,0.004227863,0.812394852
38.828720784,TRACKING,,0.000780063,1,0.001519562,-0.003496916,0.052742070,0.000000000,0.000000000,0.050000000,-0.001485097,-0.003515695,0.002736934,0.004696428,0.905162115
38.838985086,TRACKING,,0.002469607,1,0.001519562,-0.003496916,0.052742070,0.000000000,0.000000000,0.050000000,-0.001485097,-0.003515695,0.002736934,0.004696428,0.905162115
38.848871824,TRACKING,,0.001510259,1,0.001460632,-0.003381095,0.052650348,0.000000000,0.000000000,0.050000000,-0.001427858,-0.003398698,0.002645690,0.004537576,0.880085051
38.858956842,TRACKING,,0.000318199,1,0.001400855,-0.003263984,0.052557472,0.000000000,0.000000000,0.050000000,-0.001369748,-0.003280429,0.002553277,0.004376831,0.854713350
38.869066794,TRACKING,,0.002036238,1,0.001647124,-0.003574083,0.052816000,0.000000000,0.000000000,0.050000000,-0.001611499,-0.003595426,0.002809434,0.004839105,0.947026337
38.879132815,TRACKING,,0.000932039,1,0.001586466,-0.003454732,0.052721174,0.000000000,0.000000000,0.050000000,-0.001552603,-0.003474790,0.002715160,0.004675130,0.921098650
38.889235644,TRACKING,,0.002637018,1,0.001523755,-0.003330754,0.052622548,0.000000000,0.000000000,0.050000000,-0.001491674,-0.003349522,0.002617083,0.004504832,0.894294476
38.899307602,TRACKING,,0.001652736,1,0.001771411,-0.003641664,0.052882807,0.000000000,0.000000000,0.050000000,-0.001734747,-0.003665636,0.002874710,0.004970934,0.987515926
38.909393807,TRACKING,,0.000473737,1,0.001709700,-0.003520997,0.052786597,0.000000000,0.000000000,0.050000000,-0.001674837,-0.003543587,0.002779124,0.004804750,0.961096662
38.919483575,TRACKING,,0.002233332,1,0.001646962,-0.003398072,0.052688485,0.000000000,0.000000000,0.050000000,-0.001613889,-0.003419297,0.002681623,0.004635443,0.934250849
38.929599463,TRACKING,,0.001130320,1,0.001896893,-0.003712429,0.052952571,0.000000000,0.000000000,0.050000000,-0.001859136,-0.003739188,0.002942804,0.005108621,1.028742965
38.939727225,TRACKING,,0.000105671,1,0.001834224,-0.003590429,0.052854923,0.000000000,0.000000000,0.050000000,-0.001798307,-0.003615708,0.002845854,0.004940257,1.001870822
38.949756440,TRACKING,,0.001817773,1,0.001834224,-0.003590429,0.052854923,0.000000000,0.000000000,0.050000000,-0.001798307,-0.003615708,0.002845854,0.004940257,1.001870822
38.959886576,TRACKING,,0.000691015,1,0.001772222,-0.003470262,0.052758695,0.000000000,0.000000000,0.050000000,-0.001738079,-0.003494118,0.002750293,0.004774295,0.975334010
38.969987029,TRACKING,,0.002525410,1,0.002008214,-0.003755366,0.053000381,0.000000000,0.000000000,0.050000000,-0.001969780,-0.003784690,0.002988991,0.005209413,1.064045384
38.980051864,TRACKING,,0.002052861,1,0.001945808,-0.003634236,0.052903149,0.000000000,0.000000000,0.050000000,-0.001909214,-0.003662020,0.002892512,0.005042035,1.037235241
38.990140444,TRACKING,,0.001529257,1,0.002199992,-0.003952643,0.053172786,0.000000000,0.000000000,0.050000000,-0.002158457,-0.003986764,0.003158591,0.005525389,1.133956203
39.000210027,TRACKING,,0.000922541,1,0.002138421,-0.003833311,0.053076635,0.000000000,0.000000000,0.050000000,-0.002098756,-0.003865796,0.003063273,0.005360299,1.107455754
39.010374595,TRACKING,,0.000033244,1,0.002073488,-0.003706818,0.052974567,0.000000000,0.000000000,0.050000000,-0.002035758,-0.003737620,0.002962058,0.005185354,1.079489256
39.020463176,TRACKING,,0.001791652,1,0.002322859,-0.004014038,0.053236183,0.000000000,0.000000000,0.050000000,-0.002280302,-0.004051338,0.003219928,0.005655179,1.174276730
39.030580252,TRACKING,,0.000644709,1,0.002255254,-0.003883497,0.053130554,0.000000000,0.000000000,0.050000000,-0.002214758,-0.003918923,0.003115280,0.005474311,1.145170715
39.040934790,TRACKING,,0.002336627,1,0.002255254,-0.003883497,0.053130554,0.000000000,0.000000000,0.050000000,-0.002214758,-0.003918923,0.003115280,0.005474311,1.145170715
39.050823902,TRACKING,,0.001244301,1,0.002186976,-0.003751400,0.053023574,0.000000000,0.000000000,0.050000000,-0.002148514,-0.003784982,0.003009262,0.005291300,1.115772663
39.060874488,TRACKING,,0.000115169,1,0.002434761,-0.004053727,0.053282227,0.000000000,0.000000000,0.050000000,-0.002391514,-0.004094017,0.003263965,0.005756195,1.209959708
39.070955945,TRACKING,,0.001836770,1,0.002365541,-0.003919805,0.053173556,0.000000000,0.000000000,0.050000000,-0.002324418,-0.003958102,0.003156362,0.005570647,1.180096403
39.081056398,TRACKING,,0.000680329,1,0.002295628,-0.003784758,0.053063855,0.000000000,0.000000000,0.050000000,-0.002256596,-0.003821092,0.003047710,0.005383448,1.149960541
39.091467927,TRACKING,,0.002378184,1,0.002544154,-0.004086720,0.053323335,0.000000000,0.000000000,0.050000000,-0.002500321,-0.004130025,0.003303005,0.005849663,1.244474370
39.101214562,TRACKING,,0.001329789,1,0.002474686,-0.003953260,0.053214681,0.000000000,0.000000000,0.050000000,-0.002432983,-0.003994491,0.003195488,0.005664495,1.214525052
39.111307891,TRACKING,,0.000172160,1,0.002403652,-0.003816594,0.053103308,0.000000000,0.000000000,0.050000000,-0.002364076,-0.003855757,0.003085245,0.005474893,1.183899700
39.121409532,TRACKING,,0.001935317,1,0.002653901,-0.004121720,0.053366455,0.000000000,0.000000000,0.050000000,-0.002609456,-0.004168150,0.003343958,0.005946830,1.279298352
39.131507611,TRACKING,,0.000898795,1,0.002584956,-0.003990599,0.053259326,0.000000000,0.000000000,0.050000000,-0.002542618,-0.004034899,0.003238020,0.005764555,1.249624954
39.141701862,TRACKING,,0.002606147,1,0.002584956,-0.003990599,0.053259326,0.000000000,0.000000000,0.050000000,-0.002542618,-0.004034899,0.003238020,0.005764555,1.249624954
39.151693083,TRACKING,,0.001547066,1,0.002514975,-0.003857286,0.053150316,0.000000000,0.000000000,0.050000000,-0.002474727,-0.003899474,0.003130188,0.005579269,1.219498456
39.161776914,TRACKING,,0.000374003,1,0.002766098,-0.004163350,0.053415202,0.000000000,0.000000000,0.050000000,-0.002720938,-0.004213086,0.003390398,0.006053792,1.315354632
39.171924860,TRACKING,,0.001094700,1,0.002695377,-0.004028546,0.053304743,0.000000000,0.000000000,0.050000000,-0.002652393,-0.004076019,0.003281225,0.005866478,1.284858807
39.182107238,TRACKING,,0.000072426,1,0.002618515,-0.003882436,0.053184889,0.000000000,0.000000000,0.050000000,-0.002577834,-0.003927511,0.003162734,0.005663343,1.251746806
39.192083023,TRACKING,,0.002192963,1,0.002868980,-0.004185320,0.053448277,0.000000000,0.000000000,0.050000000,-0.002823423,-0.004238152,0.003421244,0.006135027,1.347300950
39.202083743,TRACKING,,0.001544692,1,0.002802678,-0.004059883,0.053345128,0.000000000,0.000000000,0.050000000,-0.002759156,-0.004110528,0.003319361,0.005960498,1.318741150
39.212134329,TRACKING,,0.000540227,1,0.002733396,-0.003929139,0.053237509,0.000000000,0.000000000,0.050000000,-0.002691948,-0.003977548,0.003213033,0.005778499,1.288923475
39.222277526,TRACKING,,0.002348501,1,0.002984942,-0.004233294,0.053503029,0.000000000,0.000000000,0.050000000,-0.002938569,-0.004289759,0.003473421,0.006253149,1.384988926
39.232337611,TRACKING,,0.001197996,1,0.002913586,-0.004099273,0.053392401,0.000000000,0.000000000,0.050000000,-0.002869400,-0.004153307,0.003364223,0.006066417,1.354290230
39.242388197,TRACKING,,0.000091423,1,0.002842931,-0.003966422,0.053282637,0.000000000,0.000000000,0.050000000,-0.002800863,-0.004018100,0.003255841,0.005881366,1.323886556
39.252393666,TRACKING,,0.001722788,1,0.002842931,-0.003966422,0.053282637,0.000000000,0.000000000,0.050000000,-0.002800863,-0.004018100,0.003255841,0.005881366,1.323886556
39.262521427,TRACKING,,0.000654208,1,0.003095833,-0.004272690,0.053550988,0.000000000,0.000000000,0.050000000,-0.003048785,-0.004332722,0.003518807,0.006359998,1.420581834
39.272657500,TRACKING,,0.002316444,1,0.003026490,-0.004142987,0.053443655,0.000000000,0.000000000,0.050000000,-0.002981576,-0.004200581,0.003412927,0.006179219,1.390748729
39.282673654,TRACKING,,0.001269235,1,0.002956801,-0.004013026,0.053335993,0.000000000,0.000000000,0.050000000,-0.002913979,-0.004068219,0.003306693,0.005997991,1.360793500
39.292750362,TRACKING,,0.000229151,1,0.003210098,-0.004319056,0.053605239,0.000000000,0.000000000,0.050000000,-0.003162272,-0.004382879,0.003570312,0.006477401,1.457677258
39.302825882,TRACKING,,0.001934130,1,0.003141379,-0.004191611,0.053499407,0.000000000,0.000000000,0.050000000,-0.003095666,-0.004252941,0.003465985,0.006299501,1.428154031
39.312916837,TRACKING,,0.000799061,1,0.003072576,-0.004064476,0.053393724,0.000000000,0.000000000,0.050000000,-0.003028928,-0.004123360,0.003361778,0.006121932,1.398624375
39.323358048,TRACKING,,0.002596649,1,0.003327945,-0.004373820,0.053666856,0.000000000,0.000000000,0.050000000,-0.003279211,-0.004441679,0.003628996,0.006606917,1.496406070
39.333167611,TRACKING,,0.001510259,1,0.003259707,-0.004248279,0.053562176,0.000000000,0.000000000,0.050000000,-0.003213071,-0.004313585,0.003525878,0.006431381,1.467132967
39.343259753,TRACKING,,0.000458302,1,0.003191713,-0.004123521,0.053458057,0.000000000,0.000000000,0.050000000,-0.003147120,-0.004186332,0.003423284,0.006256885,1.437986394
39.353309152,TRACKING,,0.002059984,1,0.003191713,-0.004123521,0.053458057,0.000000000,0.000000000,0.050000000,-0.003147120,-0.004186332,0.003423284,0.006256885,1.437986394
39.363453536,TRACKING,,0.001035335,1,0.003446918,-0.004432004,0.053731538,0.000000000,0.000000000,0.050000000,-0.003397215,-0.004504065,0.003690610,0.006741534,1.535762917
39.373777204,TRACKING,,0.000256459,1,0.003379614,-0.004308085,0.053627918,0.000000000,0.000000000,0.050000000,-0.003331999,-0.004377549,0.003588596,0.006568346,1.506861198
39.383642570,TRACKING,,0.002179903,1,0.003313580,-0.004186618,0.053526225,0.000000000,0.000000000,0.050000000,-0.003267970,-0.004253579,0.003488450,0.006398582,1.478513279
39.393750147,TRACKING,,0.001632553,1,0.003572006,-0.004499747,0.053804680,0.000000000,0.000000000,0.050000000,-0.003521165,-0.004576373,0.003760419,0.006890757,1.577630379
39.403885032,TRACKING,,0.001049583,1,0.003508034,-0.004382870,0.053706618,0.000000000,0.000000000,0.050000000,-0.003459185,-0.004456948,0.003663950,0.006727174,1.550197463
39.413788392,TRACKING,,0.000428620,1,0.003442461,-0.004262325,0.053605320,0.000000000,0.000000000,0.050000000,-0.003395620,-0.004333834,0.003564257,0.006558680,1.522035241
39.423966021,TRACKING,,0.002553906,1,0.003701534,-0.004575440,0.053884926,0.000000000,0.000000000,0.050000000,-0.003649410,-0.004656949,0.003837094,0.007051854,1.621401000
39.433958429,TRACKING,,0.002008930,1,0.003637022,-0.004457455,0.053785511,0.000000000,0.000000000,0.050000000,-0.003586924,-0.004536313,0.003739353,0.006886721,1.593719872
39.443954399,TRACKING,,0.001460392,1,0.003572533,-0.004339502,0.053685996,0.000000000,0.000000000,0.050000000,-0.003524420,-0.004415753,0.003641486,0.006721669,1.566050702
39.454045354,TRACKING,,0.000397750,1,0.003504948,-0.004215373,0.053581243,0.000000000,0.000000000,0.050000000,-0.003458883,-0.004288937,0.003538428,0.006548231,1.537017758
39.464072194,TRACKING,,0.002168030,1,0.003761688,-0.004523549,0.053857626,0.000000000,0.000000000,0.050000000,-0.003710475,-0.004607151,0.003807966,0.007035202,1.635374046
39.474170273,TRACKING,,0.001055519,1,0.003695173,-0.004402339,0.053755113,0.000000000,0.000000000,0.050000000,-0.003646022,-0.004483172,0.003707217,0.006865549,1.606845517
39.484453572,TRACKING,,0.000028496,1,0.003695173,-0.004402339,0.053755113,0.000000000,0.000000000,0.050000000,-0.003646022,-0.004483172,0.003707217,0.006865549,1.606845517
39.494417485,TRACKING,,0.001896136,1,0.003627622,-0.004278750,0.053650489,0.000000000,0.000000000,0.050000000,-0.003580529,-0.004356816,0.003604356,0.006692788,1.577842599
39.504544059,TRACKING,,0.000839429,1,0.003884694,-0.004586502,0.053927577,0.000000000,0.000000000,0.050000000,-0.003832418,-0.004674912,0.003874336,0.007180022,1.676342719
39.514817860,TRACKING,,0.002587150,1,0.003816920,-0.004461908,0.053821855,0.000000000,0.000000000,0.050000000,-0.003766774,-0.004547413,0.003770482,0.007006004,1.647193243
39.524673728,TRACKING,,0.001815398,1,0.003748183,-0.004335495,0.053714444,0.000000000,0.000000000,0.050000000,-0.003700153,-0.004418103,0.003664932,0.006829531,1.617628909
39.534724314,TRACKING,,0.000802622,1,0.004003878,-0.004639183,0.053989178,0.000000000,0.000000000,0.050000000,-0.003950696,-0.004732359,0.003932350,0.007312086,1.715479318
39.544817644,TRACKING,,0.000113982,1,0.003935484,-0.004513518,0.053882109,0.000000000,0.000000000,0.050000000,-0.003884460,-0.004603683,0.003827234,0.007136571,1.686065753
39.554876541,TRACKING,,0.001921069,1,0.003867010,-0.004387952,0.053775001,0.000000000,0.000000000,0.050000000,-0.003818099,-0.004475152,0.003722049,0.006961215,1.656636373
39.564959185,TRACKING,,0.000829931,1,0.004120676,-0.004687414,0.054047172,0.000000000,0.000000000,0.050000000,-0.004066656,-0.004785372,0.003986720,0.007438509,1.753624081
39.575227049,TRACKING,,0.002528972,1,0.004050183,-0.004558783,0.053937107,0.000000000,0.000000000,0.050000000,-0.003998384,-0.004653561,0.003878736,0.007258602,1.723367779
39.585237267,TRACKING,,0.001252613,1,0.003978898,-0.004429413,0.053826313,0.000000000,0.000000000,0.050000000,-0.003929289,-0.004521028,0.003770011,0.007077570,1.692817915
39.595207116,TRACKING,,0.000382314,1,0.004231890,-0.004727568,0.054098392,0.000000000,0.000000000,0.050000000,-0.004177175,-0.004830174,0.004034382,0.007553517,1.789554969
39.605315881,TRACKING,,0.002530160,1,0.004231890,-0.004727568,0.054098392,0.000000000,0.000000000,0.050000000,-0.004177175,-0.004830174,0.004034382,0.007553517,1.789554969
39.615320162,TRACKING,,0.001975685,1,0.004164720,-0.004606284,0.053994164,0.000000000,0.000000000,0.050000000,-0.004112109,-0.004705789,0.003932200,0.007383501,1.760809616
39.625398057,TRACKING,,0.001165940,1,0.004096759,-0.004483736,0.053888696,0.000000000,0.000000000,0.050000000,-0.004046233,-0.004580151,0.003828771,0.007211746,1.731741856
39.635426084,TRACKING,,0.000727822,1,0.004346638,-0.004775081,0.054155774,0.000000000,0.000000000,0.050000000,-0.004291083,-0.004882618,0.004088003,0.007678875,1.827133624
39.645528912,TRACKING,,0.000054617,1,0.004277116,-0.004649125,0.054047124,0.000000000,0.000000000,0.050000000,-0.004223753,-0.004753375,0.003981538,0.007502486,1.797352700
39.655626991,TRACKING,,0.001944815,1,0.004205632,-0.004519619,0.053935270,0.000000000,0.000000000,0.050000000,-0.004154476,-0.004620540,0.003871895,0.007321246,1.766734251
39.665695387,TRACKING,,0.000981906,1,0.004452799,-0.004806027,0.054199109,0.000000000,0.000000000,0.050000000,-0.004396686,-0.004918192,0.004127757,0.007781891,1.860978497
39.675773282,TRACKING,,0.000245773,1,0.004379550,-0.004673851,0.054084665,0.000000000,0.000000000,0.050000000,-0.004325742,-0.004782479,0.004015679,0.007596699,1.829636951
39.685958034,TRACKING,,0.002214334,1,0.004306956,-0.004543320,0.053971532,0.000000000,0.000000000,0.050000000,-0.004255381,-0.004648499,0.003904854,0.007413818,1.798605477
39.696047802,TRACKING,,0.001468704,1,0.004554450,-0.004830864,0.054237336,0.000000000,0.000000000,0.050000000,-0.004497893,-0.004947536,0.004162466,0.007876247,1.893059759
39.706126884,TRACKING,,0.000719511,1,0.004482911,-0.004703686,0.054126843,0.000000000,0.000000000,0.050000000,-0.004428586,-0.004816836,0.004054344,0.007697531,1.862570350
39.716194092,TRACKING,,0.000016622,1,0.004410418,-0.004574492,0.054014464,0.000000000,0.000000000,0.050000000,-0.004358311,-0.004684127,0.003944333,0.007516228,1.831656188
39.726289796,TRACKING,,0.002093229,1,0.004657218,-0.004861209,0.054280556,0.000000000,0.000000000,0.050000000,-0.004600137,-0.004982542,0.004202049,0.007977732,1.925862868
39.736368878,TRACKING,,0.001414087,1,0.004585414,-0.004734356,0.054169900,0.000000000,0.000000000,0.050000000,-0.004530564,-0.004852084,0.004093836,0.007799245,1.895312588
39.746461021,TRACKING,,0.000639960,1,0.004512138,-0.004604536,0.054056527,0.000000000,0.000000000,0.050000000,-0.004459523,-0.004718639,0.003982919,0.007616860,1.864114269
39.756636275,TRACKING,,0.000032057,1,0.004512138,-0.004604536,0.054056527,0.000000000,0.000000000,0.050000000,-0.004459523,-0.004718639,0.003982919,0.007616860,1.864114269
39.766736728,TRACKING,,0.002048111,1,0.004757311,-0.004888611,0.054321216,0.000000000,0.000000000,0.050000000,-0.004699758,-0.005014566,0.004239085,0.008074864,1.957694605
39.777344163,TRACKING,,0.000711199,1,0.004686917,-0.004765209,0.054213314,0.000000000,0.000000000,0.050000000,-0.004631546,-0.004887562,0.004133636,0.007901039,1.927796319
39.786975629,TRACKING,,0.000464239,1,0.004599245,-0.004610483,0.054077804,0.000000000,0.000000000,0.050000000,-0.004546545,-0.004728419,0.004001134,0.007683625,1.890496989
39.796981097,TRACKING,,0.000853677,1,0.004838073,-0.004883327,0.054333630,0.000000000,0.000000000,0.050000000,-0.004780644,-0.005012979,0.004248490,0.008126142,1.981387030
39.806967569,TRACKING,,0.000193532,1,0.004754791,-0.004737407,0.054205486,0.000000000,0.000000000,0.050000000,-0.004699927,-0.004862738,0.004123304,0.007920680,1.946016227
39.817089394,TRACKING,,0.002251141,1,0.004682544,-0.004611314,0.054094645,0.000000000,0.000000000,0.050000000,-0.004629854,-0.004732956,0.004014989,0.007743162,1.915362897
39.827267023,TRACKING,,0.001391528,1,0.004925974,-0.004893292,0.054359380,0.000000000,0.000000000,0.050000000,-0.004868410,-0.005027082,0.004270920,0.008198398,2.008309935
39.837423280,TRACKING,,0.000053429,1,0.004850200,-0.004762447,0.054244042,0.000000000,0.000000000,0.050000000,-0.004794943,-0.004892242,0.004158332,0.008013566,1.976247618
39.847378881,TRACKING,,0.001954314,1,0.004850200,-0.004762447,0.054244042,0.000000000,0.000000000,0.050000000,-0.004794943,-0.004892242,0.004158332,0.008013566,1.976247618
39.857437779,TRACKING,,0.001262112,1,0.004776415,-0.004634724,0.054131335,0.000000000,0.000000000,0.050000000,-0.004723364,-0.004760685,0.004048264,0.007833437,1.945008373
39.867670024,TRACKING,,0.000623339,1,0.005016050,-0.004909712,0.054390682,0.000000000,0.000000000,0.050000000,-0.004958240,-0.005047831,0.004298764,0.008279137,2.036348047
39.877766915,TRACKING,,0.000104484,1,0.004943629,-0.004784132,0.054279585,0.000000000,0.000000000,0.050000000,-0.004888030,-0.004918367,0.004190355,0.008101990,2.005666973
39.887868556,TRACKING,,0.002171592,1,0.004870403,-0.004656927,0.054166900,0.000000000,0.000000000,0.050000000,-0.004816998,-0.004787289,0.004080348,0.007922805,1.974630550
39.897936952,TRACKING,,0.001441395,1,0.005107781,-0.004927830,0.054423486,0.000000000,0.000000000,0.050000000,-0.005049686,-0.005070437,0.004327992,0.008363024,2.065011786
39.908036218,TRACKING,,0.000468987,1,0.005033931,-0.004800430,0.054310380,0.000000000,0.000000000,0.050000000,-0.004978081,-0.004939012,0.004217682,0.008183151,2.033764598
39.918133110,TRACKING,,0.002202461,1,0.004955512,-0.004664571,0.054189581,0.000000000,0.000000000,0.050000000,-0.004902003,-0.004798940,0.004099812,0.007991740,2.000552366
39.928196756,TRACKING,,0.001131508,1,0.005187835,-0.004927306,0.054439777,0.000000000,0.000000000,0.050000000,-0.005129790,-0.005073829,0.004341095,0.008420427,2.088867126
39.938287711,TRACKING,,0.000045118,1,0.005109717,-0.004792885,0.054319915,0.000000000,0.000000000,0.050000000,-0.005054030,-0.004935093,0.004224246,0.008230591,2.055843681
39.948359669,TRACKING,,0.001848643,1,0.005032230,-0.004660166,0.054201487,0.000000000,0.000000000,0.050000000,-0.004978829,-0.004798158,0.004108760,0.008043195,2.023123983
39.958417380,TRACKING,,0.000732571,1,0.005263432,-0.004922566,0.054452149,0.000000000,0.000000000,0.050000000,-0.005205521,-0.005072822,0.004350406,0.008470951,2.111112719
39.971459989,TRACKING,,0.005160053,1,0.005263432,-0.004922566,0.054452149,0.000000000,0.000000000,0.050000000,-0.005205521,-0.005072822,0.004350406,0.008470951,2.111112719
39.981416778,TRACKING,,0.000910668,1,0.005164197,-0.004754058,0.054301313,0.000000000,0.000000000,0.050000000,-0.005109234,-0.004898776,0.004203452,0.008232332,2.069306186
39.991587283,TRACKING,,0.002723691,1,0.005084348,-0.004617794,0.054179104,0.000000000,0.000000000,0.050000000,-0.005031706,-0.004758130,0.004084318,0.008039871,2.035630429
40.001313733,TRACKING,,0.001542317,1,0.005308990,-0.004868833,0.054420087,0.000000000,0.000000000,0.050000000,-0.005252067,-0.005021169,0.004316448,0.008451513,2.120857701
40.011545978,TRACKING,,0.000411997,1,0.005232201,-0.004739097,0.054303518,0.000000000,0.000000000,0.050000000,-0.005177532,-0.004887109,0.004202924,0.008267723,2.088548696
40.021481396,TRACKING,,0.001975685,1,0.005151334,-0.004601961,0.054180137,0.000000000,0.000000000,0.050000000,-0.005098994,-0.004745485,0.004082703,0.008073898,2.054492854
40.031784879,TRACKING,,0.001222930,1,0.005385222,-0.004866123,0.054434215,0.000000000,0.000000000,0.050000000,-0.005328402,-0.005022305,0.004327425,0.008505411,2.143439285
40.041682302,TRACKING,,0.000199468,1,0.005305174,-0.004731353,0.054312637,0.000000000,0.000000000,0.050000000,-0.005250686,-0.004882971,0.004209074,0.008314410,2.109790797
40.051753073,TRACKING,,0.002197713,1,0.005227896,-0.004601830,0.054195725,0.000000000,0.000000000,0.050000000,-0.005175608,-0.004749106,0.004095231,0.008130919,2.077341548
40.061815533,TRACKING,,0.001124383,1,0.005441621,-0.004840959,0.054427049,0.000000000,0.000000000,0.050000000,-0.005385305,-0.004999926,0.004317883,0.008523197,2.158458566
40.072045403,TRACKING,,0.000492734,1,0.005364253,-0.004712062,0.054310361,0.000000000,0.000000000,0.050000000,-0.005310159,-0.004866578,0.004204353,0.008340140,2.126023796
40.082055621,TRACKING,,0.002449422,1,0.005364253,-0.004712062,0.054310361,0.000000000,0.000000000,0.050000000,-0.005310159,-0.004866578,0.004204353,0.008340140,2.126023796
40.092062277,TRACKING,,0.001650362,1,0.005287652,-0.004584995,0.054195277,0.000000000,0.000000000,0.050000000,-0.005235710,-0.004735167,0.004092350,0.008159767,2.093941174
40.102114050,TRACKING,,0.000914230,1,0.005509701,-0.004835529,0.054437984,0.000000000,0.000000000,0.050000000,-0.005453558,-0.004997988,0.004325930,0.008569414,2.178405346
40.112323736,TRACKING,,0.000416746,1,0.005433060,-0.004708185,0.054322390,0.000000000,0.000000000,0.050000000,-0.005379107,-0.004866184,0.004213509,0.008388575,2.146286209
40.123004785,TRACKING,,0.002538471,1,0.005355637,-0.004579389,0.054205334,0.000000000,0.000000000,0.050000000,-0.005303855,-0.004732945,0.004099615,0.008206003,2.113830370
40.132361982,TRACKING,,0.002054047,1,0.005574107,-0.004823435,0.054442814,0.000000000,0.000000000,0.050000000,-0.005518248,-0.004989206,0.004327997,0.008606671,2.196764590
40.142376949,TRACKING,,0.001545878,1,0.005498275,-0.004698268,0.054328830,0.000000000,0.000000000,0.050000000,-0.005444563,-0.004859580,0.004217194,0.008428732,2.165034357
40.152435846,TRACKING,,0.000870299,1,0.005421247,-0.004571206,0.054212976,0.000000000,0.000000000,0.050000000,-0.005369672,-0.004728052,0.004104529,0.008248334,2.132809508
40.162734580,TRACKING,,0.002576465,1,0.005634511,-0.004807422,0.054443979,0.000000000,0.000000000,0.050000000,-0.005579013,-0.004976310,0.004326536,0.008637590,2.213642672
40.172791103,TRACKING,,0.001411712,1,0.005553321,-0.004674053,0.054322057,0.000000000,0.000000000,0.050000000,-0.005500097,-0.004838125,0.004208063,0.008447859,2.179711570
40.182863061,TRACKING,,0.000337196,1,0.005472020,-0.004540921,0.054200229,0.000000000,0.000000000,0.050000000,-0.005421023,-0.004700240,0.004089639,0.008258625,2.145761548
40.192968264,TRACKING,,0.002125286,1,0.005680882,-0.004771365,0.054426522,0.000000000,0.000000000,0.050000000,-0.005626093,-0.004942567,0.004307035,0.008639007,2.224870058
40.203043784,TRACKING,,0.001097075,1,0.005598263,-0.004636766,0.054302971,0.000000000,0.000000000,0.050000000,-0.005545751,-0.004803035,0.004187029,0.008447231,2.190416193
40.213300962,TRACKING,,0.000135353,1,0.005516878,-0.004504029,0.054181003,0.000000000,0.000000000,0.050000000,-0.005466565,-0.004665508,0.004068502,0.008258511,2.156468786
40.223220945,TRACKING,,0.001947190,1,0.005516878,-0.004504029,0.054181003,0.000000000,0.000000000,0.050000000,-0.005466565,-0.004665508,0.004068502,0.008258511,2.156468786
40.233399761,TRACKING,,0.000882172,1,0.005727694,-0.004737562,0.054410872,0.000000000,0.000000000,0.050000000,-0.005673574,-0.004911127,0.004289306,0.008643307,2.236414849
40.243851658,TRACKING,,0.002498102,1,0.005646098,-0.004605484,0.054289313,0.000000000,0.000000000,0.050000000,-0.005594201,-0.004774143,0.004171281,0.008455005,2.202436456
40.253589982,TRACKING,,0.001377281,1,0.005564237,-0.004473272,0.054167519,0.000000000,0.000000000,0.050000000,-0.005514522,-0.004637078,0.004052982,0.008266747,2.168364923
40.263680937,TRACKING,,0.000269520,1,0.005763035,-0.004692219,0.054384083,0.000000000,0.000000000,0.050000000,-0.005709793,-0.004867490,0.004260926,0.008628423,2.243643838
40.273780203,TRACKING,,0.001899697,1,0.005681635,-0.004561607,0.054263498,0.000000000,0.000000000,0.050000000,-0.005630575,-0.004731958,0.004143893,0.008441958,2.209811156
40.283878282,TRACKING,,0.000853676,1,0.005600005,-0.004431136,0.054142946,0.000000000,0.000000000,0.050000000,-0.005551084,-0.004596625,0.004026852,0.008255848,2.175913470
40.294401418,TRACKING,,0.002616833,1,0.005800011,-0.004651685,0.054361696,0.000000000,0.000000000,0.050000000,-0.005747574,-0.004828775,0.004236864,0.008619901,2.251686628
40.304053068,TRACKING,,0.001927006,1,0.005721886,-0.004527633,0.054246741,0.000000000,0.000000000,0.050000000,-0.005671507,-0.004699977,0.004125345,0.008442407,2.219296085
40.314142835,TRACKING,,0.001282296,1,0.005644547,-0.004405150,0.054133145,0.000000000,0.000000000,0.050000000,-0.005596163,-0.004572860,0.004015105,0.008267355,2.187250313
40.324217168,TRACKING,,0.000235088,1,0.005842062,-0.004623021,0.054349840,0.000000000,0.000000000,0.050000000,-0.005790234,-0.004802266,0.004223098,0.008626884,2.262089591
40.334264192,TRACKING,,0.002246392,1,0.005842062,-0.004623021,0.054349840,0.000000000,0.000000000,0.050000000,-0.005790234,-0.004802266,0.004223098,0.008626884,2.262089591
40.344396703,TRACKING,,0.001581498,1,0.005763830,-0.004499400,0.054234801,0.000000000,0.000000000,0.050000000,-0.005714035,-0.004673863,0.004111531,0.008449845,2.229693720
40.354486471,TRACKING,,0.000866737,1,0.005684627,-0.004374221,0.054118159,0.000000000,0.000000000,0.050000000,-0.005636848,-0.004543908,0.003998358,0.008270914,2.196898411
40.364711592,TRACKING,,0.000147227,1,0.005877354,-0.004584211,0.054327750,0.000000000,0.000000000,0.050000000,-0.005826276,-0.004765213,0.004199399,0.008619031,2.269772644
40.374905843,TRACKING,,0.002128849,1,0.005795910,-0.004455120,0.054207194,0.000000000,0.000000000,0.050000000,-0.005746930,-0.004631118,0.004082486,0.008434521,2.236020122
40.384793768,TRACKING,,0.001468703,1,0.005713774,-0.004324973,0.054085523,0.000000000,0.000000000,0.050000000,-0.005666867,-0.004495993,0.003964437,0.008248885,2.201983579
40.395092502,TRACKING,,0.000941538,1,0.005903742,-0.004532272,0.054293042,0.000000000,0.000000000,0.050000000,-0.005853620,-0.004714492,0.004163481,0.008592198,2.273833648
40.404956680,TRACKING,,0.000411997,1,0.005822335,-0.004403912,0.054172765,0.000000000,0.000000000,0.050000000,-0.005774278,-0.004581112,0.004046867,0.008408686,2.240138698
40.415071382,TRACKING,,0.002363936,1,0.005741091,-0.004276165,0.054052970,0.000000000,0.000000000,0.050000000,-0.005695050,-0.004448425,0.003930674,0.008226316,2.206533344
40.425083974,TRACKING,,0.001650362,1,0.005926234,-0.004477556,0.054255367,0.000000000,0.000000000,0.050000000,-0.005877111,-0.004660768,0.004124769,0.008560193,2.276522038
40.435034826,TRACKING,,0.001858141,1,0.005831717,-0.004330765,0.054117434,0.000000000,0.000000000,0.050000000,-0.005784936,-0.004508143,0.003991100,0.008349714,2.237539804
40.445014174,TRACKING,,0.001291794,1,0.005751115,-0.004206025,0.054000125,0.000000000,0.000000000,0.050000000,-0.005706283,-0.004378503,0.003877373,0.008171106,2.204322522
40.455087319,TRACKING,,0.000810934,1,0.005935608,-0.004408675,0.054204006,0.000000000,0.000000000,0.050000000,-0.005887722,-0.004592086,0.004072959,0.008505382,2.274209286
40.465422860,TRACKING,,0.002524223,1,0.005935608,-0.004408675,0.054204006,0.000000000,0.000000000,0.050000000,-0.005887722,-0.004592086,0.004072959,0.008505382,2.274209286
40.475240734,TRACKING,,0.001427147,1,0.005852693,-0.004281039,0.054083630,0.000000000,0.000000000,0.050000000,-0.005806819,-0.004459326,0.003956337,0.008322099,2.240082929
40.485298444,TRACKING,,0.000300389,1,0.005766723,-0.004148111,0.053958083,0.000000000,0.000000000,0.050000000,-0.005722897,-0.004321159,0.003834629,0.008131934,2.204667443
40.495375151,TRACKING,,0.002011305,1,0.005939557,-0.004333510,0.054145850,0.000000000,0.000000000,0.050000000,-0.005892981,-0.004516793,0.004014609,0.008440718,2.269834849
40.505442360,TRACKING,,0.000940350,1,0.005854320,-0.004202812,0.054022201,0.000000000,0.000000000,0.050000000,-0.005809773,-0.004380828,0.003894826,0.008253169,2.234779659
40.515580807,TRACKING,,0.002648890,1,0.005766743,-0.004067935,0.053894413,0.000000000,0.000000000,0.050000000,-0.005724242,-0.004240618,0.003770954,0.008060389,2.198729871
40.525625457,TRACKING,,0.001469891,1,0.005935968,-0.004249459,0.054078727,0.000000000,0.000000000,0.050000000,-0.005890822,-0.004432153,0.003947641,0.008362394,2.262530013
40.535710476,TRACKING,,0.000483235,1,0.005850527,-0.004119665,0.053955531,0.000000000,0.000000000,0.050000000,-0.005807367,-0.004297091,0.003828320,0.008175973,2.227466429
40.545879793,TRACKING,,0.002259453,1,0.005763682,-0.003987601,0.053830051,0.000000000,0.000000000,0.050000000,-0.005722498,-0.004159750,0.003706721,0.007986882,2.191819617
40.555833020,TRACKING,,0.001184936,1,0.005930132,-0.004167552,0.054013142,0.000000000,0.000000000,0.050000000,-0.005886377,-0.004349541,0.003882309,0.008284941,2.254688732
40.566010648,TRACKING,,0.000214903,1,0.005843981,-0.004037713,0.053889468,0.000000000,0.000000000,0.050000000,-0.005802181,-0.004214401,0.003762542,0.008098345,2.219400307
40.576119413,TRACKING,,0.002152595,1,0.005843981,-0.004037713,0.053889468,0.000000000,0.000000000,0.050000000,-0.005802181,-0.004214401,0.003762542,0.008098345,2.219400307
40.586223428,TRACKING,,0.001573187,1,0.005761737,-0.003914484,0.053772071,0.000000000,0.000000000,0.050000000,-0.005721759,-0.004086186,0.003648818,0.007921446,2.185751951
40.596313196,TRACKING,,0.000876236,1,0.005927381,-0.004095037,0.053955916,0.000000000,0.000000000,0.050000000,-0.005884864,-0.004276528,0.003825195,0.008219029,2.248410669
40.606451643,TRACKING,,0.002547969,1,0.005844136,-0.003970442,0.053836975,0.000000000,0.000000000,0.050000000,-0.005803473,-0.004146816,0.003710030,0.008039945,2.214354165
40.616534287,TRACKING,,0.001522132,1,0.005757205,-0.003840334,0.053712651,0.000000000,0.000000000,0.050000000,-0.005718436,-0.004011442,0.003589592,0.007853493,2.178789095
40.626590810,TRACKING,,0.000309888,1,0.005913048,-0.004007315,0.053883667,0.000000000,0.000000000,0.050000000,-0.005871980,-0.004187601,0.003753590,0.008130534,2.237535591
40.636687702,TRACKING,,0.000789562,1,0.005816625,-0.003863923,0.053746355,0.000000000,0.000000000,0.050000000,-0.005777651,-0.004038307,0.003620639,0.007924532,2.198141230
40.646712167,TRACKING,,0.001959063,1,0.005726400,-0.003730712,0.053618744,0.000000000,0.000000000,0.050000000,-0.005689331,-0.003899667,0.003497040,0.007733381,2.161336826
40.657951252,TRACKING,,0.002342564,1,0.005882116,-0.003899823,0.053791976,0.000000000,0.000000000,0.050000000,-0.005842771,-0.004077902,0.003663295,0.008011678,2.220177673
40.667930599,TRACKING,,0.001047208,1,0.005795715,-0.003773423,0.053670609,0.000000000,0.000000000,0.050000000,-0.005758187,-0.003946246,0.003545818,0.007829585,2.185002764
40.678070234,TRACKING,,0.002765247,1,0.005795715,-0.003773423,0.053670609,0.000000000,0.000000000,0.050000000,-0.005758187,-0.003946246,0.003545818,0.007829585,2.185002764
40.688165938,TRACKING,,0.002521848,1,0.005693660,-0.003623233,0.053526209,0.000000000,0.000000000,0.050000000,-0.005658234,-0.003789948,0.003405938,0.007614442,2.143403323
40.698196340,TRACKING,,0.001537568,1,0.005843076,-0.003785155,0.053692541,0.000000000,0.000000000,0.050000000,-0.005805525,-0.003960564,0.003565613,0.007880596,2.199851518
40.708214869,TRACKING,,0.000902356,1,0.005759536,-0.003664368,0.053576294,0.000000000,0.000000000,0.050000000,-0.005723689,-0.003834735,0.003453102,0.007706473,2.165920534
40.718758190,TRACKING,,0.000322948,1,0.005676945,-0.003544222,0.053460497,0.000000000,0.000000000,0.050000000,-0.005642751,-0.003709674,0.003340948,0.007534206,2.132332466
40.728342163,TRACKING,,0.002471982,1,0.005824095,-0.003704082,0.053624912,0.000000000,0.000000000,0.050000000,-0.005787842,-0.003878068,0.003498824,0.007796172,2.187951450
40.738433118,TRACKING,,0.001870015,1,0.005742740,-0.003586831,0.053511690,0.000000000,0.000000000,0.050000000,-0.005708109,-0.003755925,0.003389233,0.007627344,2.154927108
40.748698607,TRACKING,,0.001380842,1,0.005662014,-0.003470647,0.053399404,0.000000000,0.000000000,0.050000000,-0.005628958,-0.003634956,0.003280498,0.007460546,2.122169522
40.758615028,TRACKING,,0.000467801,1,0.005801286,-0.003620667,0.053554323,0.000000000,0.000000000,0.050000000,-0.005766339,-0.003793015,0.003429246,0.007706968,2.174704968
40.769051490,TRACKING,,0.002486229,1,0.005718304,-0.003501780,0.053439134,0.000000000,0.000000000,0.050000000,-0.005684971,-0.003669163,0.003317747,0.007535854,2.141063474
40.778794563,TRACKING,,0.001187311,1,0.005632257,-0.003379062,0.053320186,0.000000000,0.000000000,0.050000000,-0.005600557,-0.003541375,0.003202567,0.007359620,2.106212740
40.788845149,TRACKING,,0.000607903,1,0.005768766,-0.003527333,0.053473449,0.000000000,0.000000000,0.050000000,-0.005735238,-0.003697485,0.003349812,0.007601683,2.157796984
40.799132010,TRACKING,,0.002374621,1,0.005768766,-0.003527333,0.053473449,0.000000000,0.000000000,0.050000000,-0.005735238,-0.003697485,0.003349812,0.007601683,2.157796984
40.808936823,TRACKING,,0.001561314,1,0.005684924,-0.003408500,0.053357978,0.000000000,0.000000000,0.050000000,-0.005652979,-0.003573669,0.003238048,0.007430494,2.123882510
40.819042026,TRACKING,,0.000891671,1,0.005601079,-0.003289680,0.053242417,0.000000000,0.000000000,0.050000000,-0.005570682,-0.003449942,0.003126140,0.007259983,2.089972151
40.829459491,TRACKING,,0.000423870,1,0.005731309,-0.003429330,0.053387167,0.000000000,0.000000000,0.050000000,-0.005699225,-0.003597012,0.003265186,0.007488732,2.139039661
40.840277081,TRACKING,,0.003097694,1,0.005648126,-0.003311595,0.053272454,0.000000000,0.000000000,0.050000000,-0.005617576,-0.003474370,0.003154130,0.007319628,2.105399873
40.850251679,TRACKING,,0.000878610,1,0.005552305,-0.003176124,0.053140363,0.000000000,0.000000000,0.050000000,-0.005523479,-0.003333336,0.003026183,0.007125849,2.066658622
40.860288018,TRACKING,,0.000355006,1,0.005673216,-0.003304586,0.053274151,0.000000000,0.000000000,0.050000000,-0.005642887,-0.003468613,0.003154723,0.007336602,2.112129198
40.870349290,TRACKING,,0.002289135,1,0.005589628,-0.003187449,0.053159747,0.000000000,0.000000000,0.050000000,-0.005560790,-0.003346600,0.003043956,0.007168527,2.078394286
40.880510296,TRACKING,,0.001751283,1,0.005506412,-0.003071224,0.053046180,0.000000000,0.000000000,0.050000000,-0.005479020,-0.003225595,0.002933952,0.007002300,2.044833375
40.890608375,TRACKING,,0.001108949,1,0.005628053,-0.003203361,0.053183619,0.000000000,0.000000000,0.050000000,-0.005599153,-0.003364540,0.003066151,0.007216088,2.090769109
40.900705266,TRACKING,,0.000642335,1,0.005545525,-0.003088949,0.053071601,0.000000000,0.000000000,0.050000000,-0.005518050,-0.003245358,0.002957694,0.007051892,2.057535331
40.910808094,TRACKING,,0.000072426,1,0.005463079,-0.002975096,0.052960096,0.000000000,0.000000000,0.050000000,-0.005436994,-0.003126813,0.002849691,0.006889021,2.024359981
40.921219623,TRACKING,,0.002282011,1,0.005580603,-0.003103532,0.053093848,0.000000000,0.000000000,0.050000000,-0.005553089,-0.003261771,0.002978420,0.007095557,2.068789752
40.930965071,TRACKING,,0.001836770,1,0.005500076,-0.002993584,0.052985963,0.000000000,0.000000000,0.050000000,-0.005473906,-0.003147215,0.002873978,0.006937460,2.036458549
40.941039403,TRACKING,,0.001314353,1,0.005419549,-0.002884098,0.052878465,0.000000000,0.000000000,0.050000000,-0.005394688,-0.003033190,0.002769872,0.006780494,2.004154597
40.951132733,TRACKING,,0.000794311,1,0.005338848,-0.002774926,0.052771271,0.000000000,0.000000000,0.050000000,-0.005315269,-0.002919539,0.002666022,0.006624459,1.971810455
40.961192818,TRACKING,,0.000242211,1,0.005452064,-0.002900925,0.052902435,0.000000000,0.000000000,0.050000000,-0.005427149,-0.003051678,0.002792456,0.006823818,2.014750496
40.971346700,TRACKING,,0.002486229,1,0.005452064,-0.002900925,0.052902435,0.000000000,0.000000000,0.050000000,-0.005427149,-0.003051678,0.002792456,0.006823818,2.014750496
40.981356918,TRACKING,,0.001912758,1,0.005373939,-0.002796541,0.052799805,0.000000000,0.000000000,0.050000000,-0.005350252,-0.002942935,0.002693085,0.006673737,1.983507585
40.991439562,TRACKING,,0.000808559,1,0.005294645,-0.002690524,0.052695487,0.000000000,0.000000000,0.050000000,-0.005272178,-0.002832558,0.002592025,0.006522104,1.951793767
41.001903332,TRACKING,,0.002559842,1,0.005395666,-0.002800283,0.052810444,0.000000000,0.000000000,0.050000000,-0.005372072,-0.002947727,0.002702803,0.006697267,1.989864758
41.011647592,TRACKING,,0.001465142,1,0.005311862,-0.002688807,0.052700587,0.000000000,0.000000000,0.050000000,-0.005289546,-0.002831629,0.002596403,0.006537486,1.956370655
41.021667309,TRACKING,,0.000336009,1,0.005226585,-0.002576023,0.052589323,0.000000000,0.000000000,0.050000000,-0.005205533,-0.002714219,0.002488598,0.006376337,1.922330409
41.031777261,TRACKING,,0.001913945,1,0.005322723,-0.002682185,0.052700549,0.000000000,0.000000000,0.050000000,-0.005300617,-0.002825463,0.002595897,0.006543582,1.958657814
41.041910959,TRACKING,,0.001024649,1,0.005238012,-0.002572178,0.052591804,0.000000000,0.000000000,0.050000000,-0.005217136,-0.002710858,0.002490594,0.006385164,1.924960050
41.051982917,TRACKING,,0.000478486,1,0.005153333,-0.002462846,0.052483583,0.000000000,0.000000000,0.050000000,-0.005133651,-0.002597007,0.002385755,0.006228213,1.891316245
41.062094056,TRACKING,,0.002452984,1,0.005246150,-0.002568281,0.052593888,0.000000000,0.000000000,0.050000000,-0.005225455,-0.002707284,0.002492318,0.006391120,1.926553287
41.072182636,TRACKING,,0.001866452,1,0.005165160,-0.002465972,0.052492441,0.000000000,0.000000000,0.050000000,-0.005145581,-0.002600652,0.002394109,0.006242769,1.894504396
41.082126365,TRACKING,,0.000980719,1,0.005083491,-0.002363713,0.052390999,0.000000000,0.000000000,0.050000000,-0.005065005,-0.002494106,0.002295879,0.006094743,1.862240704
41.093093555,TRACKING,,0.002720129,1,0.005083491,-0.002363713,0.052390999,0.000000000,0.000000000,0.050000000,-0.005065005,-0.002494106,0.002295879,0.006094743,1.862240704
41.102751141,TRACKING,,0.000357381,1,0.005169240,-0.002463320,0.052495304,0.000000000,0.000000000,0.050000000,-0.005149833,-0.002598126,0.002396769,0.006246242,1.894908988
41.112401604,TRACKING,,0.001685981,1,0.005076714,-0.002349493,0.052382273,0.000000000,0.000000000,0.050000000,-0.005058521,-0.002479447,0.002287373,0.006080162,1.858460395
41.122487810,TRACKING,,0.001034147,1,0.004992029,-0.002245279,0.052278795,0.000000000,0.000000000,0.050000000,-0.004974920,-0.002370872,0.002187162,0.005929126,1.825094032
41.132619133,TRACKING,,0.000035619,1,0.005074357,-0.002341675,0.052379871,0.000000000,0.000000000,0.050000000,-0.005056389,-0.002471425,0.002285020,0.006074235,1.856471252
41.142864439,TRACKING,,0.000953411,1,0.004988424,-0.002236825,0.052275685,0.000000000,0.000000000,0.050000000,-0.004971542,-0.002362153,0.002184149,0.005921698,1.822651092
41.153010010,TRACKING,,0.002806803,1,0.004906677,-0.002137392,0.052176826,0.000000000,0.000000000,0.050000000,-0.004890801,-0.002258586,0.002088387,0.005777759,1.790496232
41.162865877,TRACKING,,0.001889011,1,0.004984289,-0.002230104,0.052274135,0.000000000,0.000000000,0.050000000,-0.004967618,-0.002355149,0.002182713,0.005915082,1.820149393
41.173152738,TRACKING,,0.000701700,1,0.004904621,-0.002134979,0.052179471,0.000000000,0.000000000,0.050000000,-0.004888911,-0.002256001,0.002091064,0.005776118,1.788906234
41.183240131,TRACKING,,0.000113982,1,0.004828585,-0.002044513,0.052089376,0.000000000,0.000000000,0.050000000,-0.004813766,-0.002161759,0.002003800,0.005644533,1.759104656
41.193315651,TRACKING,,0.002230957,1,0.004828585,-0.002044513,0.052089376,0.000000000,0.000000000,0.050000000,-0.004813766,-0.002161759,0.002003800,0.005644533,1.759104656
41.203318745,TRACKING,,0.001608806,1,0.004904397,-0.002136822,0.052186068,0.000000000,0.000000000,0.050000000,-0.004888808,-0.002257776,0.002097622,0.005779101,1.788194669
41.213301655,TRACKING,,0.000905918,1,0.004831618,-0.002052114,0.052101723,0.000000000,0.000000000,0.050000000,-0.004816867,-0.002169455,0.002015985,0.005654462,1.759762170
41.223480471,TRACKING,,0.000286142,1,0.004755987,-0.001962594,0.052012480,0.000000000,0.000000000,0.050000000,-0.004742096,-0.002076236,0.001929515,0.005524605,1.730127660
41.233827885,TRACKING,,0.002341377,1,0.004825121,-0.002046354,0.052100540,0.000000000,0.000000000,0.050000000,-0.004810557,-0.002163317,0.002014999,0.005646382,1.756574209
41.243914091,TRACKING,,0.001497199,1,0.004751384,-0.001959540,0.052013974,0.000000000,0.000000000,0.050000000,-0.004737651,-0.002072901,0.001931134,0.005520103,1.727695232
41.253894626,TRACKING,,0.001018713,1,0.004676984,-0.001872023,0.051926651,0.000000000,0.000000000,0.050000000,-0.004664069,-0.001981807,0.001846492,0.005393573,1.698562449
41.263853789,TRACKING,,0.000529541,1,0.004740671,-0.001949831,0.052008547,0.000000000,0.000000000,0.050000000,-0.004727153,-0.002062619,0.001926056,0.005505458,1.722923488
41.273964928,TRACKING,,0.000023746,1,0.004668706,-0.001865952,0.051924738,0.000000000,0.000000000,0.050000000,-0.004655966,-0.001975290,0.001844835,0.005383605,1.694783344
41.284036886,TRACKING,,0.001851018,1,0.004596682,-0.001782321,0.051841131,0.000000000,0.000000000,0.050000000,-0.004584701,-0.001888260,0.001763776,0.005262691,1.666639371
41.294143276,TRACKING,,0.000687453,1,0.004651094,-0.001850713,0.051913403,0.000000000,0.000000000,0.050000000,-0.004638610,-0.001959170,0.001834086,0.005359004,1.687488909
41.304246104,TRACKING,,0.002477918,1,0.004576559,-0.001765356,0.051827959,0.000000000,0.000000000,0.050000000,-0.004564843,-0.001870314,0.001751267,0.005234769,1.658427131
41.314434419,TRACKING,,0.001228867,1,0.004503160,-0.001682032,0.051744563,0.000000000,0.000000000,0.050000000,-0.004492179,-0.001783602,0.001670411,0.005113822,1.629847531
41.324417328,TRACKING,,0.000308701,1,0.004555140,-0.001749529,0.051815822,0.000000000,0.000000000,0.050000000,-0.004543681,-0.001853459,0.001739832,0.005206473,1.649891674
41.334399051,TRACKING,,0.002200087,1,0.004555140,-0.001749529,0.051815822,0.000000000,0.000000000,0.050000000,-0.004543681,-0.001853459,0.001739832,0.005206473,1.649891674
41.344593302,TRACKING,,0.001165940,1,0.004484363,-0.001670131,0.051736225,0.000000000,0.000000000,0.050000000,-0.004473597,-0.001770811,0.001662674,0.005090513,1.622381279
41.354708003,TRACKING,,0.000041556,1,0.004410226,-0.001586686,0.051652445,0.000000000,0.000000000,0.050000000,-0.004400169,-0.001684016,0.001581405,0.004969732,1.593554606
41.364798958,TRACKING,,0.001663422,1,0.004451975,-0.001642100,0.051711119,0.000000000,0.000000000,0.050000000,-0.004441546,-0.001741279,0.001638631,0.005044254,1.609622659
41.375268665,TRACKING,,0.000486797,1,0.004379308,-0.001561517,0.051630185,0.000000000,0.000000000,0.050000000,-0.004369558,-0.001657439,0.001560140,0.004926883,1.581426648
41.385258698,TRACKING,,0.002253516,1,0.004306329,-0.001480634,0.051548888,0.000000000,0.000000000,0.050000000,-0.004297242,-0.001573341,0.001481254,0.004809969,1.553113177
41.395013644,TRACKING,,0.001284670,1,0.004343443,-0.001531961,0.051603296,0.000000000,0.000000000,0.050000000,-0.004334028,-0.001626274,0.001534402,0.004876777,1.567485425
41.405102224,TRACKING,,0.000634024,1,0.004273792,-0.001456055,0.051526985,0.000000000,0.000000000,0.050000000,-0.004264994,-0.001547325,0.001460372,0.004766243,1.540527303
41.415304787,TRACKING,,0.000047492,1,0.004206708,-0.001383525,0.051454101,0.000000000,0.000000000,0.050000000,-0.004198488,-0.001471914,0.001389647,0.004661003,1.514590654
41.425453920,TRACKING,,0.001805899,1,0.004240209,-0.001431912,0.051505397,0.000000000,0.000000000,0.050000000,-0.004231694,-0.001521716,0.001439830,0.004721860,1.527620725
41.435510443,TRACKING,,0.000714761,1,0.004173024,-0.001360653,0.051433814,0.000000000,0.000000000,0.050000000,-0.004165072,-0.001447597,0.001370391,0.004617503,1.501708322
41.445615645,TRACKING,,0.002430425,1,0.004173024,-0.001360653,0.051433814,0.000000000,0.000000000,0.050000000,-0.004165072,-0.001447597,0.001370391,0.004617503,1.501708322
41.455662670,TRACKING,,0.001620679,1,0.004106408,-0.001290380,0.051363220,0.000000000,0.000000000,0.050000000,-0.004098998,-0.001374534,0.001301885,0.004515089,1.476033452
41.465716818,TRACKING,,0.000223214,1,0.004136227,-0.001335407,0.051410990,0.000000000,0.000000000,0.050000000,-0.004128556,-0.001420792,0.001348686,0.004569746,1.487726757
41.475886136,TRACKING,,0.002220271,1,0.004068908,-0.001265328,0.051340576,0.000000000,0.000000000,0.050000000,-0.004061772,-0.001347921,0.001280362,0.004467014,1.461820767
41.485893979,TRACKING,,0.001467516,1,0.004006543,-0.001200478,0.051275395,0.000000000,0.000000000,0.050000000,-0.003999890,-0.001280526,0.001217086,0.004372661,1.437824758
41.496161843,TRACKING,,0.000357381,1,0.004029434,-0.001238011,0.051315389,0.000000000,0.000000000,0.050000000,-0.004022579,-0.001318979,0.001256349,0.004415796,1.446859135
41.506091324,TRACKING,,0.002102728,1,0.003965772,-0.001172700,0.051249727,0.000000000,0.000000000,0.050000000,-0.003959398,-0.001251097,0.001192610,0.004320231,1.422401434
41.516147846,TRACKING,,0.001154066,1,0.003903570,-0.001109307,0.051186019,0.000000000,0.000000000,0.050000000,-0.003897651,-0.001185234,0.001130750,0.004227891,1.398523276
41.526218617,TRACKING,,0.000041556,1,0.003920507,-0.001140839,0.051219795,0.000000000,0.000000000,0.050000000,-0.003914433,-0.001217427,0.001163992,0.004261430,1.405303262
41.536306010,TRACKING,,0.001834395,1,0.003860620,-0.001080884,0.051159559,0.000000000,0.000000000,0.050000000,-0.003854972,-0.001155122,0.001105513,0.004173401,1.382360435
41.546387467,TRACKING,,0.000698139,1,0.003802145,-0.001022885,0.051101332,0.000000000,0.000000000,0.050000000,-0.003796901,-0.001094864,0.001048974,0.004088463,1.359981968
41.556540162,TRACKING,,0.002474356,1,0.003802145,-0.001022885,0.051101332,0.000000000,0.000000000,0.050000000,-0.003796901,-0.001094864,0.001048974,0.004088463,1.359981968
41.566576500,TRACKING,,0.001526882,1,0.003815794,-0.001051326,0.051131886,0.000000000,0.000000000,0.050000000,-0.003810418,-0.001123825,0.001079104,0.004116641,1.365540379
41.576675766,TRACKING,,0.000448803,1,0.003760550,-0.000998012,0.051078448,0.000000000,0.000000000,0.050000000,-0.003755544,-0.001068402,0.001027239,0.004037427,1.344460578
41.586765534,TRACKING,,0.002127661,1,0.003704180,-0.000943366,0.051023595,0.000000000,0.000000000,0.050000000,-0.003699542,-0.001011638,0.000973968,0.003957099,1.322936061
41.596848178,TRACKING,,0.001113698,1,0.003711862,-0.000965367,0.051047453,0.000000000,0.000000000,0.050000000,-0.003707135,-0.001033923,0.000997582,0.003975803,1.326227136
41.607016308,TRACKING,,0.000033244,1,0.003657458,-0.000913508,0.050995404,0.000000000,0.000000000,0.050000000,-0.003653075,-0.000980045,0.000947038,0.003899016,1.305487876
41.617104888,TRACKING,,0.001733474,1,0.003604189,-0.000863100,0.050944836,0.000000000,0.000000000,0.050000000,-0.003600133,-0.000927692,0.000897921,0.003824635,1.285195703
41.627521166,TRACKING,,0.000651834,1,0.003607018,-0.000879962,0.050963338,0.000000000,0.000000000,0.050000000,-0.003602904,-0.000944655,0.000916319,0.003835744,1.286638869
41.638151160,TRACKING,,0.000653021,1,0.003556499,-0.000833147,0.050916400,0.000000000,0.000000000,0.050000000,-0.003552685,-0.000896020,0.000870737,0.003765980,1.267433443
41.648556753,TRACKING,,0.002399555,1,0.003506550,-0.000787297,0.050870454,0.000000000,0.000000000,0.050000000,-0.003503024,-0.000848398,0.000826111,0.003697758,1.248460536
41.659611804,TRACKING,,0.002603773,1,0.003505268,-0.000799683,0.050884288,0.000000000,0.000000000,0.050000000,-0.003501710,-0.000860739,0.000839955,0.003702481,1.248346068
41.669408306,TRACKING,,0.001488887,1,0.003458072,-0.000757434,0.050842012,0.000000000,0.000000000,0.050000000,-0.003454776,-0.000816839,0.000798907,0.003638812,1.230460573
41.679424460,TRACKING,,0.000897607,1,0.003413717,-0.000718024,0.050802566,0.000000000,0.000000000,0.050000000,-0.003410660,-0.000775899,0.000760598,0.003579543,1.213661539
41.689628209,TRACKING,,0.000447616,1,0.003409667,-0.000726743,0.050812497,0.000000000,0.000000000,0.050000000,-0.003406595,-0.000784479,0.000770612,0.003579684,1.212463963
41.699765469,TRACKING,,0.002607335,1,0.003409667,-0.000726743,0.050812497,0.000000000,0.000000000,0.050000000,-0.003406595,-0.000784479,0.000770612,0.003579684,1.212463963
41.709811307,TRACKING,,0.001575561,1,0.003367871,-0.000690433,0.050776189,0.000000000,0.000000000,0.050000000,-0.003365016,-0.000746748,0.000735360,0.003524446,1.196666148
41.719907011,TRACKING,,0.000504607,1,0.003324593,-0.000653036,0.050738790,0.000000000,0.000000000,0.050000000,-0.003321958,-0.000707899,0.000699040,0.003467735,1.180313919
41.729980156,TRACKING,,0.002019616,1,0.003311228,-0.000651673,0.050738321,0.000000000,0.000000000,0.050000000,-0.003308628,-0.000706091,0.000698885,0.003454566,1.175552326
41.739957129,TRACKING,,0.001025836,1,0.003268471,-0.000615498,0.050702142,0.000000000,0.000000000,0.050000000,-0.003266080,-0.000668506,0.000663752,0.003399227,1.159425569
41.750116948,TRACKING,,0.002702319,1,0.003226512,-0.000580331,0.050666965,0.000000000,0.000000000,0.050000000,-0.003224320,-0.000631974,0.000629587,0.003345446,1.143612794
41.760078486,TRACKING,,0.001661048,1,0.003207725,-0.000572921,0.050660256,0.000000000,0.000000000,0.050000000,-0.003205593,-0.000623959,0.000623314,0.003324707,1.136781317
41.770254927,TRACKING,,0.000400124,1,0.003168277,-0.000541045,0.050628453,0.000000000,0.000000000,0.050000000,-0.003166323,-0.000590823,0.000592443,0.003275006,1.121958815
41.780382689,TRACKING,,0.001444957,1,0.003127723,-0.000508829,0.050596332,0.000000000,0.000000000,0.050000000,-0.003125945,-0.000557330,0.000561268,0.003224464,1.106742545
41.790645804,TRACKING,,0.000062928,1,0.003102504,-0.000494791,0.050582806,0.000000000,0.000000000,0.050000000,-0.003100814,-0.000542507,0.000548314,0.003195311,1.097470943
41.800531354,TRACKING,,0.001404589,1,0.003102504,-0.000494791,0.050582806,0.000000000,0.000000000,0.050000000,-0.003100814,-0.000542507,0.000548314,0.003195311,1.097470943
41.810737478,TRACKING,,0.000852489,1,0.003065251,-0.000466540,0.050554700,0.000000000,0.000000000,0.050000000,-0.003063712,-0.000513107,0.000521057,0.003149780,1.083542306
41.820797563,TRACKING,,0.002494540,1,0.003032359,-0.000442081,0.050530400,0.000000000,0.000000000,0.050000000,-0.003030950,-0.000487646,0.000497497,0.003109978,1.071261249
41.831182971,TRACKING,,0.001551815,1,0.003003042,-0.000422748,0.050511397,0.000000000,0.000000000,0.050000000,-0.003001739,-0.000467429,0.000479143,0.003075468,1.060384175
41.840997282,TRACKING,,0.001015151,1,0.002970938,-0.000399940,0.050488800,0.000000000,0.000000000,0.050000000,-0.002969753,-0.000443664,0.000457251,0.003037326,1.048437270
41.851025310,TRACKING,,0.000185221,1,0.002940430,-0.000378852,0.050467913,0.000000000,0.000000000,0.050000000,-0.002939354,-0.000421676,0.000437026,0.003001433,1.037106088
41.864266200,TRACKING,,0.000239837,1,0.002909697,-0.000358221,0.050447521,0.000000000,0.000000000,0.050000000,-0.002908725,-0.000400148,0.000417294,0.002965625,1.025713011
41.874347657,TRACKING,,0.001911570,1,0.002882416,-0.000340421,0.050429971,0.000000000,0.000000000,0.050000000,-0.002881534,-0.000381560,0.000400322,0.002934124,1.015618037
41.884259328,TRACKING,,0.000790749,1,0.002852917,-0.000321854,0.050411687,0.000000000,0.000000000,0.050000000,-0.002852128,-0.000362150,0.000382656,0.002900381,1.004727821
41.894277857,TRACKING,,0.000331260,1,0.002825662,-0.000305366,0.050395475,0.000000000,0.000000000,0.050000000,-0.002824955,-0.000344892,0.000367009,0.002869497,0.994690783
41.904412742,TRACKING,,0.002508787,1,0.002800173,-0.000290508,0.050380903,0.000000000,0.000000000,0.050000000,-0.002799539,-0.000329319,0.000352960,0.002840853,0.985323761
41.914583247,TRACKING,,0.002049298,1,0.002775664,-0.000276760,0.050367456,0.000000000,0.000000000,0.050000000,-0.002775098,-0.000314891,0.000340010,0.002813527,0.976335277
41.924670640,TRACKING,,0.001167126,1,0.002751833,-0.000263921,0.050354928,0.000000000,0.000000000,0.050000000,-0.002751330,-0.000301397,0.000327961,0.002787152,0.967612005
41.934753284,TRACKING,,0.000136541,1,0.002727661,-0.000251482,0.050342814,0.000000000,0.000000000,0.050000000,-0.002727219,-0.000288299,0.000316328,0.002760598,0.958786342
41.944837115,TRACKING,,0.002118163,1,0.002704824,-0.000240211,0.050331862,0.000000000,0.000000000,0.050000000,-0.002704436,-0.000276410,0.000305826,0.002735673,0.950461483
41.954912635,TRACKING,,0.001188499,1,0.002682834,-0.000229809,0.050321784,0.000000000,0.000000000,0.050000000,-0.002682496,-0.000265420,0.000296177,0.002711818,0.942459321
41.964991716,TRACKING,,0.000270707,1,0.002661257,-0.000220090,0.050312374,0.000000000,0.000000000,0.050000000,-0.002660966,-0.000255127,0.000287184,0.002688551,0.934624144
41.975014995,TRACKING,,0.002080168,1,0.002661257,-0.000220090,0.050312374,0.000000000,0.000000000,0.050000000,-0.002660966,-0.000255127,0.000287184,0.002688551,0.934624144
41.985121385,TRACKING,,0.001169501,1,0.002640577,-0.000211155,0.050303753,0.000000000,0.000000000,0.050000000,-0.002640330,-0.000245648,0.000278959,0.002666365,0.927125808
41.995200466,TRACKING,,0.000311076,1,0.002620280,-0.000202785,0.050295668,0.000000000,0.000000000,0.050000000,-0.002620072,-0.000236747,0.000271259,0.002644695,0.919781109
42.005293796,TRACKING,,0.001896136,1,0.002600479,-0.000194917,0.050288068,0.000000000,0.000000000,0.050000000,-0.002600308,-0.000228366,0.000264031,0.002623636,0.912625630
42.015364566,TRACKING,,0.001412900,1,0.002581113,-0.000187503,0.050280910,0.000000000,0.000000000,0.050000000,-0.002580977,-0.000220453,0.000257234,0.002603115,0.905635556
42.025446023,TRACKING,,0.000629275,1,0.002562206,-0.000180574,0.050274210,0.000000000,0.000000000,0.050000000,-0.002562102,-0.000213042,0.000250885,0.002583156,0.898823795
42.035602280,TRACKING,,0.002583588,1,0.002543764,-0.000174071,0.050267927,0.000000000,0.000000000,0.050000000,-0.002543690,-0.000206071,0.000244940,0.002563751,0.892186817
42.045643368,TRACKING,,0.001826084,1,0.002525772,-0.000167968,0.050262033,0.000000000,0.000000000,0.050000000,-0.002525726,-0.000199515,0.000239374,0.002544877,0.885718024
42.055730761,TRACKING,,0.000924915,1,0.002508244,-0.000162245,0.050256515,0.000000000,0.000000000,0.050000000,-0.002508225,-0.000193354,0.000234173,0.002526542,0.879420680
42.065803906,TRACKING,,0.000074801,1,0.002491283,-0.000156937,0.050251381,0.000000000,0.000000000,0.050000000,-0.002491287,-0.000187624,0.000229343,0.002508846,0.873334728
42.075996970,TRACKING,,0.002023178,1,0.002474067,-0.000151740,0.050246362,0.000000000,0.000000000,0.050000000,-0.002474094,-0.000182004,0.000224631,0.002490929,0.867162729
42.085911015,TRACKING,,0.001782154,1,0.002458559,-0.000147228,0.050242006,0.000000000,0.000000000,0.050000000,-0.002458607,-0.000177111,0.000220548,0.002474825,0.861607688
42.095985348,TRACKING,,0.001617117,1,0.002443490,-0.000142996,0.050237910,0.000000000,0.000000000,0.050000000,-0.002443556,-0.000172513,0.000216717,0.002459206,0.856213082
42.106073928,TRACKING,,0.001458018,1,0.002428703,-0.000138979,0.050234015,0.000000000,0.000000000,0.050000000,-0.002428786,-0.000168138,0.000213080,0.002443906,0.850922569
42.116142324,TRACKING,,0.000935601,1,0.002413585,-0.000135015,0.050230147,0.000000000,0.000000000,0.050000000,-0.002413685,-0.000163811,0.000209473,0.002428289,0.845520156
42.126226155,TRACKING,,0.000218465,1,0.002398389,-0.000131156,0.050226374,0.000000000,0.000000000,0.050000000,-0.002398505,-0.000159589,0.000205962,0.002412616,0.840092586
42.136274367,TRACKING,,0.002157343,1,0.002398389,-0.000131156,0.050226374,0.000000000,0.000000000,0.050000000,-0.002398505,-0.000159589,0.000205962,0.002412616,0.840092586
42.146391443,TRACKING,,0.001418836,1,0.002383451,-0.000127474,0.050222769,0.000000000,0.000000000,0.050000000,-0.002383583,-0.000155552,0.000202613,0.002397231,0.834761552
42.156512080,TRACKING,,0.000479674,1,0.002368504,-0.000123898,0.050219241,0.000000000,0.000000000,0.050000000,-0.002368650,-0.000151624,0.000199338,0.002381854,0.829432693
42.166738389,TRACKING,,0.002413802,1,0.002353406,-0.000120372,0.050215749,0.000000000,0.000000000,0.050000000,-0.002353566,-0.000147744,0.000196100,0.002366339,0.824053277
42.176712987,TRACKING,,0.001456831,1,0.002338539,-0.000116987,0.050212380,0.000000000,0.000000000,0.050000000,-0.002338712,-0.000144013,0.000192981,0.002351075,0.818758317
42.186822939,TRACKING,,0.000620964,1,0.002323831,-0.000113721,0.050209124,0.000000000,0.000000000,0.050000000,-0.002324016,-0.000140407,0.000189969,0.002335991,0.813521986
42.196962574,TRACKING,,0.002361561,1,0.002309018,-0.000110519,0.050205907,0.000000000,0.000000000,0.050000000,-0.002309216,-0.000136865,0.000186997,0.002320814,0.808253119
42.207014347,TRACKING,,0.001326226,1,0.002294453,-0.000107450,0.050202817,0.000000000,0.000000000,0.050000000,-0.002294662,-0.000133463,0.000184146,0.002305905,0.803072916
42.217105302,TRACKING,,0.000301577,1,0.002279877,-0.000104461,0.050199788,0.000000000,0.000000000,0.050000000,-0.002280096,-0.000130143,0.000181355,0.002290997,0.797893112
42.227172511,TRACKING,,0.002090854,1,0.002265616,-0.000101607,0.050196891,0.000000000,0.000000000,0.050000000,-0.002265846,-0.000126968,0.000178688,0.002276424,0.792826293
42.237290774,TRACKING,,0.000831118,1,0.002265616,-0.000101607,0.050196891,0.000000000,0.000000000,0.050000000,-0.002265846,-0.000126968,0.000178688,0.002276424,0.792826293
42.247685680,TRACKING,,0.002571715,1,0.002251507,-0.000098850,0.050194088,0.000000000,0.000000000,0.050000000,-0.002251746,-0.000123894,0.000176112,0.002262018,0.787813075
42.257288651,TRACKING,,0.001837957,1,0.002237784,-0.000096229,0.050191415,0.000000000,0.000000000,0.050000000,-0.002238032,-0.000120968,0.000173659,0.002248016,0.782939536
42.267343986,TRACKING,,0.000977157,1,0.002224506,-0.000093743,0.050188865,0.000000000,0.000000000,0.050000000,-0.002224762,-0.000118188,0.000171320,0.002234477,0.778225069
42.277427817,TRACKING,,0.000277831,1,0.002210963,-0.000091258,0.050186282,0.000000000,0.000000000,0.050000000,-0.002211227,-0.000115405,0.000168950,0.002220673,0.773420296
42.287758609,TRACKING,,0.002460108,1,0.002197794,-0.000088886,0.050183812,0.000000000,0.000000000,0.050000000,-0.002198065,-0.000112745,0.000166688,0.002207258,0.768749848
42.297673842,TRACKING,,0.001969749,1,0.002185140,-0.000086648,0.050181476,0.000000000,0.000000000,0.050000000,-0.002185418,-0.000110232,0.000164549,0.002194375,0.764263227
42.307703057,TRACKING,,0.001113697,1,0.002172374,-0.000084433,0.050179154,0.000000000,0.000000000,0.050000000,-0.002172658,-0.000107741,0.000162425,0.002181383,0.759736817
42.317887809,TRACKING,,0.000521230,1,0.002159518,-0.000082243,0.050176839,0.000000000,0.000000000,0.050000000,-0.002159808,-0.000105275,0.000160307,0.002168306,0.755181191
42.327909900,TRACKING,,0.002310507,1,0.002159518,-0.000082243,0.050176839,0.000000000,0.000000000,0.050000000,-0.002159808,-0.000105275,0.000160307,0.002168306,0.755181191
42.338011541,TRACKING,,0.001672921,1,0.002159518,-0.000082243,0.050176839,0.000000000,0.000000000,0.050000000,-0.002159808,-0.000105275,0.000160307,0.002168306,0.755181191
42.348128616,TRACKING,,0.000765816,1,0.002159518,-0.000082243,0.050176839,0.000000000,0.000000000,0.050000000,-0.002159808,-0.000105275,0.000160307,0.002168306,0.755181191
42.358067596,TRACKING,,0.000267145,1,0.002159518,-0.000082243,0.050176839,0.000000000,0.000000000,0.050000000,-0.002159808,-0.000105275,0.000160307,0.002168306,0.755181191
42.368099185,TRACKING,,0.002417365,1,0.002159518,-0.000082243,0.050176839,0.000000000,0.000000000,0.050000000,-0.002159808,-0.000105275,0.000160307,0.002168306,0.755181191
42.378139086,TRACKING,,0.001571999,1,0.002159518,-0.000082243,0.050176839,0.000000000,0.000000000,0.050000000,-0.002159808,-0.000105275,0.000160307,0.002168306,0.755181191
42.388140992,TRACKING,,0.000870299,1,0.002159518,-0.000082243,0.050176839,0.000000000,0.000000000,0.050000000,-0.002159808,-0.000105275,0.000160307,0.002168306,0.755181191
42.398220074,TRACKING,,0.000461864,1,0.002159518,-0.000082243,0.050176839,0.000000000,0.000000000,0.050000000,-0.002159808,-0.000105275,0.000160307,0.002168306,0.755181191
42.408395328,TRACKING,,0.000149601,1,0.002159518,-0.000082243,0.050176839,0.000000000,0.000000000,0.050000000,-0.002159808,-0.000105275,0.000160307,0.002168306,0.755181191
42.418202516,HOLD,task_pose_stale,0.002514724,0,0.002159518,-0.000082243,0.050176839,0.000000000,0.000000000,0.050000000,-0.002159808,-0.000105275,0.000160307,0.002168306,0.755181191
42.428276848,HOLD,task_pose_stale,0.001925818,0,0.002159518,-0.000082243,0.050176839,0.000000000,0.000000000,0.050000000,-0.002159808,-0.000105275,0.000160307,0.002168306,0.755181191
42.438354743,HOLD,task_pose_stale,0.001368969,0,0.002159518,-0.000082243,0.050176839,0.000000000,0.000000000,0.050000000,-0.002159808,-0.000105275,0.000160307,0.002168306,0.755181191
42.448442136,HOLD,task_pose_stale,0.000997341,0,0.002159518,-0.000082243,0.050176839,0.000000000,0.000000000,0.050000000,-0.002159808,-0.000105275,0.000160307,0.002168306,0.755181191
42.458485598,HOLD,task_pose_stale,0.000702888,0,0.002159518,-0.000082243,0.050176839,0.000000000,0.000000000,0.050000000,-0.002159808,-0.000105275,0.000160307,0.002168306,0.755181191
42.468621671,HOLD,task_pose_stale,0.000284954,0,0.002159518,-0.000082243,0.050176839,0.000000000,0.000000000,0.050000000,-0.002159808,-0.000105275,0.000160307,0.002168306,0.755181191
42.478663946,HOLD,task_pose_stale,0.000026120,0,0.002159518,-0.000082243,0.050176839,0.000000000,0.000000000,0.050000000,-0.002159808,-0.000105275,0.000160307,0.002168306,0.755181191
42.488762025,HOLD,task_pose_stale,0.002387682,0,0.002159518,-0.000082243,0.050176839,0.000000000,0.000000000,0.050000000,-0.002159808,-0.000105275,0.000160307,0.002168306,0.755181191
42.498752058,HOLD,task_pose_stale,0.002282011,0,0.002159518,-0.000082243,0.050176839,0.000000000,0.000000000,0.050000000,-0.002159808,-0.000105275,0.000160307,0.002168306,0.755181191
42.508805019,HOLD,task_pose_stale,0.002159719,0,0.002159518,-0.000082243,0.050176839,0.000000000,0.000000000,0.050000000,-0.002159808,-0.000105275,0.000160307,0.002168306,0.755181191
42.518890038,HOLD,task_pose_stale,0.001453269,0,0.002159518,-0.000082243,0.050176839,0.000000000,0.000000000,0.050000000,-0.002159808,-0.000105275,0.000160307,0.002168306,0.755181191
42.528921627,HOLD,task_pose_stale,0.001693105,0,0.002159518,-0.000082243,0.050176839,0.000000000,0.000000000,0.050000000,-0.002159808,-0.000105275,0.000160307,0.002168306,0.755181191
42.538980524,HOLD,task_pose_stale,0.001868827,0,0.002159518,-0.000082243,0.050176839,0.000000000,0.000000000,0.050000000,-0.002159808,-0.000105275,0.000160307,0.002168306,0.755181191
42.549168839,HOLD,task_pose_stale,0.001703791,0,0.002159518,-0.000082243,0.050176839,0.000000000,0.000000000,0.050000000,-0.002159808,-0.000105275,0.000160307,0.002168306,0.755181191
42.559107818,HOLD,task_pose_stale,0.001627803,0,0.002159518,-0.000082243,0.050176839,0.000000000,0.000000000,0.050000000,-0.002159808,-0.000105275,0.000160307,0.002168306,0.755181191
42.569232018,HOLD,task_pose_stale,0.001738224,0,0.002159518,-0.000082243,0.050176839,0.000000000,0.000000000,0.050000000,-0.002159808,-0.000105275,0.000160307,0.002168306,0.755181191
42.579389462,HOLD,task_pose_stale,0.001956689,0,0.002159518,-0.000082243,0.050176839,0.000000000,0.000000000,0.050000000,-0.002159808,-0.000105275,0.000160307,0.002168306,0.755181191
42.589390181,HOLD,task_pose_stale,0.002032677,0,0.002159518,-0.000082243,0.050176839,0.000000000,0.000000000,0.050000000,-0.002159808,-0.000105275,0.000160307,0.002168306,0.755181191
42.599506070,HOLD,task_pose_stale,0.001943628,0,0.002159518,-0.000082243,0.050176839,0.000000000,0.000000000,0.050000000,-0.002159808,-0.000105275,0.000160307,0.002168306,0.755181191
42.609467608,HOLD,task_pose_stale,0.001839144,0,0.002159518,-0.000082243,0.050176839,0.000000000,0.000000000,0.050000000,-0.002159808,-0.000105275,0.000160307,0.002168306,0.755181191
42.619603680,HOLD,task_pose_stale,0.002302196,0,0.002159518,-0.000082243,0.050176839,0.000000000,0.000000000,0.050000000,-0.002159808,-0.000105275,0.000160307,0.002168306,0.755181191
42.629642393,HOLD,task_pose_stale,0.000045118,0,0.002159518,-0.000082243,0.050176839,0.000000000,0.000000000,0.050000000,-0.002159808,-0.000105275,0.000160307,0.002168306,0.755181191
42.639761844,HOLD,task_pose_stale,0.000330073,0,0.002159518,-0.000082243,0.050176839,0.000000000,0.000000000,0.050000000,-0.002159808,-0.000105275,0.000160307,0.002168306,0.755181191
42.649826678,HOLD,task_pose_stale,0.000416746,0,0.002159518,-0.000082243,0.050176839,0.000000000,0.000000000,0.050000000,-0.002159808,-0.000105275,0.000160307,0.002168306,0.755181191
42.659806026,HOLD,task_pose_stale,0.000517668,0,0.002159518,-0.000082243,0.050176839,0.000000000,0.000000000,0.050000000,-0.002159808,-0.000105275,0.000160307,0.002168306,0.755181191
42.669861361,HOLD,task_pose_stale,0.000714761,0,0.002159518,-0.000082243,0.050176839,0.000000000,0.000000000,0.050000000,-0.002159808,-0.000105275,0.000160307,0.002168306,0.755181191
42.679922633,HOLD,task_pose_stale,0.000780063,0,0.002159518,-0.000082243,0.050176839,0.000000000,0.000000000,0.050000000,-0.002159808,-0.000105275,0.000160307,0.002168306,0.755181191
42.690145380,HOLD,task_pose_stale,0.000444055,0,0.002159518,-0.000082243,0.050176839,0.000000000,0.000000000,0.050000000,-0.002159808,-0.000105275,0.000160307,0.002168306,0.755181191
42.700281452,HOLD,task_pose_stale,0.000026121,0,0.002159518,-0.000082243,0.050176839,0.000000000,0.000000000,0.050000000,-0.002159808,-0.000105275,0.000160307,0.002168306,0.755181191
42.710393779,HOLD,task_pose_stale,0.000271894,0,0.002159518,-0.000082243,0.050176839,0.000000000,0.000000000,0.050000000,-0.002159808,-0.000105275,0.000160307,0.002168306,0.755181191
42.720519166,HOLD,task_pose_stale,0.000477299,0,0.002159518,-0.000082243,0.050176839,0.000000000,0.000000000,0.050000000,-0.002159808,-0.000105275,0.000160307,0.002168306,0.755181191
42.730662362,HOLD,task_pose_stale,0.000466613,0,0.002159518,-0.000082243,0.050176839,0.000000000,0.000000000,0.050000000,-0.002159808,-0.000105275,0.000160307,0.002168306,0.755181191
42.740615589,HOLD,task_pose_stale,0.000559223,0,0.002159518,-0.000082243,0.050176839,0.000000000,0.000000000,0.050000000,-0.002159808,-0.000105275,0.000160307,0.002168306,0.755181191
42.750651928,HOLD,task_pose_stale,0.000695764,0,0.002159518,-0.000082243,0.050176839,0.000000000,0.000000000,0.050000000,-0.002159808,-0.000105275,0.000160307,0.002168306,0.755181191
42.760777315,HOLD,task_pose_stale,0.000845366,0,0.002159518,-0.000082243,0.050176839,0.000000000,0.000000000,0.050000000,-0.002159808,-0.000105275,0.000160307,0.002168306,0.755181191
42.770821964,HOLD,task_pose_stale,0.000981907,0,0.002159518,-0.000082243,0.050176839,0.000000000,0.000000000,0.050000000,-0.002159808,-0.000105275,0.000160307,0.002168306,0.755181191
42.780934291,HOLD,task_pose_stale,0.000772940,0,0.002159518,-0.000082243,0.050176839,0.000000000,0.000000000,0.050000000,-0.002159808,-0.000105275,0.000160307,0.002168306,0.755181191
42.790886330,HOLD,task_pose_stale,0.000784812,0,0.002159518,-0.000082243,0.050176839,0.000000000,0.000000000,0.050000000,-0.002159808,-0.000105275,0.000160307,0.002168306,0.755181191
42.800947603,HOLD,task_pose_stale,0.000885734,0,0.002159518,-0.000082243,0.050176839,0.000000000,0.000000000,0.050000000,-0.002159808,-0.000105275,0.000160307,0.002168306,0.755181191
42.811012437,HOLD,task_pose_stale,0.001075703,0,0.002159518,-0.000082243,0.050176839,0.000000000,0.000000000,0.050000000,-0.002159808,-0.000105275,0.000160307,0.002168306,0.755181191
42.821084395,HOLD,task_pose_stale,0.001399840,0,0.002159518,-0.000082243,0.050176839,0.000000000,0.000000000,0.050000000,-0.002159808,-0.000105275,0.000160307,0.002168306,0.755181191
42.832894576,HOLD,task_pose_stale,0.000039181,0,0.002159518,-0.000082243,0.050176839,0.000000000,0.000000000,0.050000000,-0.002159808,-0.000105275,0.000160307,0.002168306,0.755181191
42.842927352,HOLD,task_pose_stale,0.001037709,0,0.002159518,-0.000082243,0.050176839,0.000000000,0.000000000,0.050000000,-0.002159808,-0.000105275,0.000160307,0.002168306,0.755181191
42.852956567,HOLD,task_pose_stale,0.000972407,0,0.002159518,-0.000082243,0.050176839,0.000000000,0.000000000,0.050000000,-0.002159808,-0.000105275,0.000160307,0.002168306,0.755181191
42.863007153,HOLD,task_pose_stale,0.001199184,0,0.002159518,-0.000082243,0.050176839,0.000000000,0.000000000,0.050000000,-0.002159808,-0.000105275,0.000160307,0.002168306,0.755181191
42.873080299,HOLD,task_pose_stale,0.001630178,0,0.002159518,-0.000082243,0.050176839,0.000000000,0.000000000,0.050000000,-0.002159808,-0.000105275,0.000160307,0.002168306,0.755181191
42.883141571,HOLD,task_pose_stale,0.001726350,0,0.002159518,-0.000082243,0.050176839,0.000000000,0.000000000,0.050000000,-0.002159808,-0.000105275,0.000160307,0.002168306,0.755181191
42.893296640,HOLD,task_pose_stale,0.001912758,0,0.002159518,-0.000082243,0.050176839,0.000000000,0.000000000,0.050000000,-0.002159808,-0.000105275,0.000160307,0.002168306,0.755181191
42.903526511,HOLD,task_pose_stale,0.001374906,0,0.002159518,-0.000082243,0.050176839,0.000000000,0.000000000,0.050000000,-0.002159808,-0.000105275,0.000160307,0.002168306,0.755181191
42.913435807,HOLD,task_pose_stale,0.001143380,0,0.002159518,-0.000082243,0.050176839,0.000000000,0.000000000,0.050000000,-0.002159808,-0.000105275,0.000160307,0.002168306,0.755181191
42.925276858,HOLD,task_pose_stale,0.003047827,0,0.002159518,-0.000082243,0.050176839,0.000000000,0.000000000,0.050000000,-0.002159808,-0.000105275,0.000160307,0.002168306,0.755181191
42.935325070,HOLD,task_pose_stale,0.004214953,0,0.002159518,-0.000082243,0.050176839,0.000000000,0.000000000,0.050000000,-0.002159808,-0.000105275,0.000160307,0.002168306,0.755181191
42.945309167,HOLD,task_pose_stale,0.002103914,0,0.002159518,-0.000082243,0.050176839,0.000000000,0.000000000,0.050000000,-0.002159808,-0.000105275,0.000160307,0.002168306,0.755181191
42.955430992,HOLD,task_pose_stale,0.002336628,0,0.002159518,-0.000082243,0.050176839,0.000000000,0.000000000,0.050000000,-0.002159808,-0.000105275,0.000160307,0.002168306,0.755181191
42.965620493,HOLD,task_pose_stale,0.000059365,0,0.002159518,-0.000082243,0.050176839,0.000000000,0.000000000,0.050000000,-0.002159808,-0.000105275,0.000160307,0.002168306,0.755181191
42.975630711,HOLD,task_pose_stale,0.000308701,0,0.002159518,-0.000082243,0.050176839,0.000000000,0.000000000,0.050000000,-0.002159808,-0.000105275,0.000160307,0.002168306,0.755181191
42.985667050,HOLD,task_pose_stale,0.000460677,0,0.002159518,-0.000082243,0.050176839,0.000000000,0.000000000,0.050000000,-0.002159808,-0.000105275,0.000160307,0.002168306,0.755181191
42.995765128,HOLD,task_pose_stale,0.000521230,0,0.002159518,-0.000082243,0.050176839,0.000000000,0.000000000,0.050000000,-0.002159808,-0.000105275,0.000160307,0.002168306,0.755181191
43.005870331,HOLD,task_pose_stale,0.000615027,0,0.002159518,-0.000082243,0.050176839,0.000000000,0.000000000,0.050000000,-0.002159808,-0.000105275,0.000160307,0.002168306,0.755181191
43.016469455,HOLD,task_pose_stale,0.001176625,0,0.002159518,-0.000082243,0.050176839,0.000000000,0.000000000,0.050000000,-0.002159808,-0.000105275,0.000160307,0.002168306,0.755181191
43.026184032,HOLD,task_pose_stale,0.001382030,0,0.002159518,-0.000082243,0.050176839,0.000000000,0.000000000,0.050000000,-0.002159808,-0.000105275,0.000160307,0.002168306,0.755181191
43.036263114,HOLD,task_pose_stale,0.001866452,0,0.002159518,-0.000082243,0.050176839,0.000000000,0.000000000,0.050000000,-0.002159808,-0.000105275,0.000160307,0.002168306,0.755181191
43.046291142,HOLD,task_pose_stale,0.001839145,0,0.002159518,-0.000082243,0.050176839,0.000000000,0.000000000,0.050000000,-0.002159808,-0.000105275,0.000160307,0.002168306,0.755181191
43.056426027,HOLD,task_pose_stale,0.002029114,0,0.002159518,-0.000082243,0.050176839,0.000000000,0.000000000,0.050000000,-0.002159808,-0.000105275,0.000160307,0.002168306,0.755181191
43.066540728,HOLD,task_pose_stale,0.001638489,0,0.002159518,-0.000082243,0.050176839,0.000000000,0.000000000,0.050000000,-0.002159808,-0.000105275,0.000160307,0.002168306,0.755181191
43.076572317,HOLD,task_pose_stale,0.002045737,0,0.002159518,-0.000082243,0.050176839,0.000000000,0.000000000,0.050000000,-0.002159808,-0.000105275,0.000160307,0.002168306,0.755181191
43.086684644,HOLD,task_pose_stale,0.002171592,0,0.002159518,-0.000082243,0.050176839,0.000000000,0.000000000,0.050000000,-0.002159808,-0.000105275,0.000160307,0.002168306,0.755181191
43.096679427,HOLD,task_pose_stale,0.002248767,0,0.002159518,-0.000082243,0.050176839,0.000000000,0.000000000,0.050000000,-0.002159808,-0.000105275,0.000160307,0.002168306,0.755181191
43.106963913,HOLD,task_pose_stale,0.001562502,0,0.002159518,-0.000082243,0.050176839,0.000000000,0.000000000,0.050000000,-0.002159808,-0.000105275,0.000160307,0.002168306,0.755181191
43.116832841,HOLD,task_pose_stale,0.001189685,0,0.002159518,-0.000082243,0.050176839,0.000000000,0.000000000,0.050000000,-0.002159808,-0.000105275,0.000160307,0.002168306,0.755181191
43.126892926,HOLD,task_pose_stale,0.000313450,0,0.002159518,-0.000082243,0.050176839,0.000000000,0.000000000,0.050000000,-0.002159808,-0.000105275,0.000160307,0.002168306,0.755181191
43.136956573,HOLD,task_pose_stale,0.000309888,0,0.002159518,-0.000082243,0.050176839,0.000000000,0.000000000,0.050000000,-0.002159808,-0.000105275,0.000160307,0.002168306,0.755181191
43.146994099,HOLD,task_pose_stale,0.000673205,0,0.002159518,-0.000082243,0.050176839,0.000000000,0.000000000,0.050000000,-0.002159808,-0.000105275,0.000160307,0.002168306,0.755181191
43.157120673,HOLD,task_pose_stale,0.000990217,0,0.002159518,-0.000082243,0.050176839,0.000000000,0.000000000,0.050000000,-0.002159808,-0.000105275,0.000160307,0.002168306,0.755181191
43.167126141,HOLD,task_pose_stale,0.001427147,0,0.002159518,-0.000082243,0.050176839,0.000000000,0.000000000,0.050000000,-0.002159808,-0.000105275,0.000160307,0.002168306,0.755181191
43.177175540,HOLD,task_pose_stale,0.001835583,0,0.002159518,-0.000082243,0.050176839,0.000000000,0.000000000,0.050000000,-0.002159808,-0.000105275,0.000160307,0.002168306,0.755181191
43.187245124,HOLD,task_pose_stale,0.002088480,0,0.002159518,-0.000082243,0.050176839,0.000000000,0.000000000,0.050000000,-0.002159808,-0.000105275,0.000160307,0.002168306,0.755181191
43.197304021,HOLD,task_pose_stale,0.002149033,0,0.002159518,-0.000082243,0.050176839,0.000000000,0.000000000,0.050000000,-0.002159808,-0.000105275,0.000160307,0.002168306,0.755181191
43.207932828,HOLD,task_pose_stale,0.002777120,0,0.002159518,-0.000082243,0.050176839,0.000000000,0.000000000,0.050000000,-0.002159808,-0.000105275,0.000160307,0.002168306,0.755181191
43.217953731,HOLD,task_pose_stale,0.001682419,0,0.002159518,-0.000082243,0.050176839,0.000000000,0.000000000,0.050000000,-0.002159808,-0.000105275,0.000160307,0.002168306,0.755181191
43.227978197,HOLD,task_pose_stale,0.001452081,0,0.002159518,-0.000082243,0.050176839,0.000000000,0.000000000,0.050000000,-0.002159808,-0.000105275,0.000160307,0.002168306,0.755181191
43.238128517,HOLD,task_pose_stale,0.000896420,0,0.002159518,-0.000082243,0.050176839,0.000000000,0.000000000,0.050000000,-0.002159808,-0.000105275,0.000160307,0.002168306,0.755181191
43.248095992,HOLD,task_pose_stale,0.001202746,0,0.002159518,-0.000082243,0.050176839,0.000000000,0.000000000,0.050000000,-0.002159808,-0.000105275,0.000160307,0.002168306,0.755181191
43.258238001,HOLD,task_pose_stale,0.001487700,0,0.002159518,-0.000082243,0.050176839,0.000000000,0.000000000,0.050000000,-0.002159808,-0.000105275,0.000160307,0.002168306,0.755181191
43.268242282,HOLD,task_pose_stale,0.001751283,0,0.002159518,-0.000082243,0.050176839,0.000000000,0.000000000,0.050000000,-0.002159808,-0.000105275,0.000160307,0.002168306,0.755181191
43.278299993,HOLD,task_pose_stale,0.002061171,0,0.002159518,-0.000082243,0.050176839,0.000000000,0.000000000,0.050000000,-0.002159808,-0.000105275,0.000160307,0.002168306,0.755181191
43.288532237,HOLD,task_pose_stale,0.002316444,0,0.002159518,-0.000082243,0.050176839,0.000000000,0.000000000,0.050000000,-0.002159808,-0.000105275,0.000160307,0.002168306,0.755181191
43.298483090,HOLD,task_pose_stale,0.002358000,0,0.002159518,-0.000082243,0.050176839,0.000000000,0.000000000,0.050000000,-0.002159808,-0.000105275,0.000160307,0.002168306,0.755181191
43.308836440,HOLD,task_pose_stale,0.002422114,0,0.002159518,-0.000082243,0.050176839,0.000000000,0.000000000,0.050000000,-0.002159808,-0.000105275,0.000160307,0.002168306,0.755181191
43.319005758,HOLD,task_pose_stale,0.002146658,0,0.002159518,-0.000082243,0.050176839,0.000000000,0.000000000,0.050000000,-0.002159808,-0.000105275,0.000160307,0.002168306,0.755181191
43.328752392,HOLD,task_pose_stale,0.002257078,0,0.002159518,-0.000082243,0.050176839,0.000000000,0.000000000,0.050000000,-0.002159808,-0.000105275,0.000160307,0.002168306,0.755181191
43.338759048,HOLD,task_pose_stale,0.002200087,0,0.002159518,-0.000082243,0.050176839,0.000000000,0.000000000,0.050000000,-0.002159808,-0.000105275,0.000160307,0.002168306,0.755181191
43.348832193,HOLD,task_pose_stale,0.002323568,0,0.002159518,-0.000082243,0.050176839,0.000000000,0.000000000,0.050000000,-0.002159808,-0.000105275,0.000160307,0.002168306,0.755181191
43.358967079,HOLD,task_pose_stale,0.001716852,0,0.002159518,-0.000082243,0.050176839,0.000000000,0.000000000,0.050000000,-0.002159808,-0.000105275,0.000160307,0.002168306,0.755181191
43.369042599,HOLD,task_pose_stale,0.001923443,0,0.002159518,-0.000082243,0.050176839,0.000000000,0.000000000,0.050000000,-0.002159808,-0.000105275,0.000160307,0.002168306,0.755181191
43.379157300,HOLD,task_pose_stale,0.001993494,0,0.002159518,-0.000082243,0.050176839,0.000000000,0.000000000,0.050000000,-0.002159808,-0.000105275,0.000160307,0.002168306,0.755181191
43.389250629,HOLD,task_pose_stale,0.002037425,0,0.002159518,-0.000082243,0.050176839,0.000000000,0.000000000,0.050000000,-0.002159808,-0.000105275,0.000160307,0.002168306,0.755181191
43.399239475,HOLD,task_pose_stale,0.001892574,0,0.002159518,-0.000082243,0.050176839,0.000000000,0.000000000,0.050000000,-0.002159808,-0.000105275,0.000160307,0.002168306,0.755181191
43.409412355,HOLD,task_pose_stale,0.001981622,0,0.002159518,-0.000082243,0.050176839,0.000000000,0.000000000,0.050000000,-0.002159808,-0.000105275,0.000160307,0.002168306,0.755181191
43.419528243,HOLD,task_pose_stale,0.001550628,0,0.002159518,-0.000082243,0.050176839,0.000000000,0.000000000,0.050000000,-0.002159808,-0.000105275,0.000160307,0.002168306,0.755181191
43.429512340,HOLD,task_pose_stale,0.001415274,0,0.002159518,-0.000082243,0.050176839,0.000000000,0.000000000,0.050000000,-0.002159808,-0.000105275,0.000160307,0.002168306,0.755181191
43.439655537,HOLD,task_pose_stale,0.001405776,0,0.002159518,-0.000082243,0.050176839,0.000000000,0.000000000,0.050000000,-0.002159808,-0.000105275,0.000160307,0.002168306,0.755181191
43.449769051,HOLD,task_pose_stale,0.001637302,0,0.002159518,-0.000082243,0.050176839,0.000000000,0.000000000,0.050000000,-0.002159808,-0.000105275,0.000160307,0.002168306,0.755181191
43.459839821,HOLD,task_pose_stale,0.001739411,0,0.002159518,-0.000082243,0.050176839,0.000000000,0.000000000,0.050000000,-0.002159808,-0.000105275,0.000160307,0.002168306,0.755181191
43.469930776,HOLD,task_pose_stale,0.001729912,0,0.002159518,-0.000082243,0.050176839,0.000000000,0.000000000,0.050000000,-0.002159808,-0.000105275,0.000160307,0.002168306,0.755181191
43.480019356,HOLD,task_pose_stale,0.001771468,0,0.002159518,-0.000082243,0.050176839,0.000000000,0.000000000,0.050000000,-0.002159808,-0.000105275,0.000160307,0.002168306,0.755181191
43.490119810,HOLD,task_pose_stale,0.001821335,0,0.002159518,-0.000082243,0.050176839,0.000000000,0.000000000,0.050000000,-0.002159808,-0.000105275,0.000160307,0.002168306,0.755181191
43.500100345,HOLD,task_pose_stale,0.001689544,0,0.002159518,-0.000082243,0.050176839,0.000000000,0.000000000,0.050000000,-0.002159808,-0.000105275,0.000160307,0.002168306,0.755181191
43.510274411,HOLD,task_pose_stale,0.001642051,0,0.002159518,-0.000082243,0.050176839,0.000000000,0.000000000,0.050000000,-0.002159808,-0.000105275,0.000160307,0.002168306,0.755181191
43.520329747,HOLD,task_pose_stale,0.001737036,0,0.002159518,-0.000082243,0.050176839,0.000000000,0.000000000,0.050000000,-0.002159808,-0.000105275,0.000160307,0.002168306,0.755181191
43.530375584,HOLD,task_pose_stale,0.001304854,0,0.002159518,-0.000082243,0.050176839,0.000000000,0.000000000,0.050000000,-0.002159808,-0.000105275,0.000160307,0.002168306,0.755181191
43.540426170,HOLD,task_pose_stale,0.001296544,0,0.002159518,-0.000082243,0.050176839,0.000000000,0.000000000,0.050000000,-0.002159808,-0.000105275,0.000160307,0.002168306,0.755181191
43.550575303,HOLD,task_pose_stale,0.002347314,0,0.002159518,-0.000082243,0.050176839,0.000000000,0.000000000,0.050000000,-0.002159808,-0.000105275,0.000160307,0.002168306,0.755181191
43.560704252,HOLD,task_pose_stale,0.002311695,0,0.002159518,-0.000082243,0.050176839,0.000000000,0.000000000,0.050000000,-0.002159808,-0.000105275,0.000160307,0.002168306,0.755181191
43.570656292,HOLD,task_pose_stale,0.001961438,0,0.002159518,-0.000082243,0.050176839,0.000000000,0.000000000,0.050000000,-0.002159808,-0.000105275,0.000160307,0.002168306,0.755181191
43.580851730,HOLD,task_pose_stale,0.001473453,0,0.002159518,-0.000082243,0.050176839,0.000000000,0.000000000,0.050000000,-0.002159808,-0.000105275,0.000160307,0.002168306,0.755181191
43.590902316,HOLD,task_pose_stale,0.001404589,0,0.002159518,-0.000082243,0.050176839,0.000000000,0.000000000,0.050000000,-0.002159808,-0.000105275,0.000160307,0.002168306,0.755181191
43.600999208,HOLD,task_pose_stale,0.001270423,0,0.002159518,-0.000082243,0.050176839,0.000000000,0.000000000,0.050000000,-0.002159808,-0.000105275,0.000160307,0.002168306,0.755181191
43.611102036,HOLD,task_pose_stale,0.001057894,0,0.002159518,-0.000082243,0.050176839,0.000000000,0.000000000,0.050000000,-0.002159808,-0.000105275,0.000160307,0.002168306,0.755181191
43.621137187,HOLD,task_pose_stale,0.000924915,0,0.002159518,-0.000082243,0.050176839,0.000000000,0.000000000,0.050000000,-0.002159808,-0.000105275,0.000160307,0.002168306,0.755181191
43.631234078,HOLD,task_pose_stale,0.000675580,0,0.002159518,-0.000082243,0.050176839,0.000000000,0.000000000,0.050000000,-0.002159808,-0.000105275,0.000160307,0.002168306,0.755181191
43.641336906,HOLD,task_pose_stale,0.000123480,0,0.002159518,-0.000082243,0.050176839,0.000000000,0.000000000,0.050000000,-0.002159808,-0.000105275,0.000160307,0.002168306,0.755181191
43.651437360,HOLD,task_pose_stale,0.002057610,0,0.002159518,-0.000082243,0.050176839,0.000000000,0.000000000,0.050000000,-0.002159808,-0.000105275,0.000160307,0.002168306,0.755181191
43.661580556,HOLD,task_pose_stale,0.001237178,0,0.002159518,-0.000082243,0.050176839,0.000000000,0.000000000,0.050000000,-0.002159808,-0.000105275,0.000160307,0.002168306,0.755181191
43.671676261,HOLD,task_pose_stale,0.000322949,0,0.002159518,-0.000082243,0.050176839,0.000000000,0.000000000,0.050000000,-0.002159808,-0.000105275,0.000160307,0.002168306,0.755181191
43.681739907,HOLD,task_pose_stale,0.002144283,0,0.002159518,-0.000082243,0.050176839,0.000000000,0.000000000,0.050000000,-0.002159808,-0.000105275,0.000160307,0.002168306,0.755181191
43.691837986,HOLD,task_pose_stale,0.001208683,0,0.002159518,-0.000082243,0.050176839,0.000000000,0.000000000,0.050000000,-0.002159808,-0.000105275,0.000160307,0.002168306,0.755181191
43.701913506,HOLD,task_pose_stale,0.000288517,0,0.002159518,-0.000082243,0.050176839,0.000000000,0.000000000,0.050000000,-0.002159808,-0.000105275,0.000160307,0.002168306,0.755181191
43.711994962,HOLD,task_pose_stale,0.002100353,0,0.002159518,-0.000082243,0.050176839,0.000000000,0.000000000,0.050000000,-0.002159808,-0.000105275,0.000160307,0.002168306,0.755181191
43.722165467,HOLD,task_pose_stale,0.000970033,0,0.002159518,-0.000082243,0.050176839,0.000000000,0.000000000,0.050000000,-0.002159808,-0.000105275,0.000160307,0.002168306,0.755181191
43.732212491,HOLD,task_pose_stale,0.000028495,0,0.002159518,-0.000082243,0.050176839,0.000000000,0.000000000,0.050000000,-0.002159808,-0.000105275,0.000160307,0.002168306,0.755181191
43.742171655,HOLD,task_pose_stale,0.002039800,0,0.002159518,-0.000082243,0.050176839,0.000000000,0.000000000,0.050000000,-0.002159808,-0.000105275,0.000160307,0.002168306,0.755181191
43.752251924,HOLD,task_pose_stale,0.001081640,0,0.002159518,-0.000082243,0.050176839,0.000000000,0.000000000,0.050000000,-0.002159808,-0.000105275,0.000160307,0.002168306,0.755181191
43.762310821,HOLD,task_pose_stale,0.000432181,0,0.002159518,-0.000082243,0.050176839,0.000000000,0.000000000,0.050000000,-0.002159808,-0.000105275,0.000160307,0.002168306,0.755181191
43.772386341,HOLD,task_pose_stale,0.002267764,0,0.002159518,-0.000082243,0.050176839,0.000000000,0.000000000,0.050000000,-0.002159808,-0.000105275,0.000160307,0.002168306,0.755181191
43.785076319,HOLD,task_pose_stale,0.000056991,0,0.002159518,-0.000082243,0.050176839,0.000000000,0.000000000,0.050000000,-0.002159808,-0.000105275,0.000160307,0.002168306,0.755181191
43.795106721,HOLD,task_pose_stale,0.001934130,0,0.002159518,-0.000082243,0.050176839,0.000000000,0.000000000,0.050000000,-0.002159808,-0.000105275,0.000160307,0.002168306,0.755181191
43.805272477,HOLD,task_pose_stale,0.000040368,0,0.002159518,-0.000082243,0.050176839,0.000000000,0.000000000,0.050000000,-0.002159808,-0.000105275,0.000160307,0.002168306,0.755181191
43.815320689,HOLD,task_pose_stale,0.002433988,0,0.002159518,-0.000082243,0.050176839,0.000000000,0.000000000,0.050000000,-0.002159808,-0.000105275,0.000160307,0.002168306,0.755181191
43.825703722,HOLD,task_pose_stale,0.002195338,0,0.002159518,-0.000082243,0.050176839,0.000000000,0.000000000,0.050000000,-0.002159808,-0.000105275,0.000160307,0.002168306,0.755181191
43.835472916,HOLD,task_pose_stale,0.001230054,0,0.002159518,-0.000082243,0.050176839,0.000000000,0.000000000,0.050000000,-0.002159808,-0.000105275,0.000160307,0.002168306,0.755181191
43.845528251,HOLD,task_pose_stale,0.000662519,0,0.002159518,-0.000082243,0.050176839,0.000000000,0.000000000,0.050000000,-0.002159808,-0.000105275,0.000160307,0.002168306,0.755181191
43.855694007,HOLD,task_pose_stale,0.000315825,0,0.002159518,-0.000082243,0.050176839,0.000000000,0.000000000,0.050000000,-0.002159808,-0.000105275,0.000160307,0.002168306,0.755181191
43.865750530,HOLD,task_pose_stale,0.002492165,0,0.002159518,-0.000082243,0.050176839,0.000000000,0.000000000,0.050000000,-0.002159808,-0.000105275,0.000160307,0.002168306,0.755181191
43.875763122,HOLD,task_pose_stale,0.001930568,0,0.002159518,-0.000082243,0.050176839,0.000000000,0.000000000,0.050000000,-0.002159808,-0.000105275,0.000160307,0.002168306,0.755181191
43.885789962,HOLD,task_pose_stale,0.001359471,0,0.002159518,-0.000082243,0.050176839,0.000000000,0.000000000,0.050000000,-0.002159808,-0.000105275,0.000160307,0.002168306,0.755181191
43.895842923,HOLD,task_pose_stale,0.000786000,0,0.002159518,-0.000082243,0.050176839,0.000000000,0.000000000,0.050000000,-0.002159808,-0.000105275,0.000160307,0.002168306,0.755181191
43.905911319,HOLD,task_pose_stale,0.000466613,0,0.002159518,-0.000082243,0.050176839,0.000000000,0.000000000,0.050000000,-0.002159808,-0.000105275,0.000160307,0.002168306,0.755181191
43.915982089,HOLD,task_pose_stale,0.000099734,0,0.002159518,-0.000082243,0.050176839,0.000000000,0.000000000,0.050000000,-0.002159808,-0.000105275,0.000160307,0.002168306,0.755181191
43.926182277,HOLD,task_pose_stale,0.002277262,0,0.002159518,-0.000082243,0.050176839,0.000000000,0.000000000,0.050000000,-0.002159808,-0.000105275,0.000160307,0.002168306,0.755181191
43.936247111,HOLD,task_pose_stale,0.001961438,0,0.002159518,-0.000082243,0.050176839,0.000000000,0.000000000,0.050000000,-0.002159808,-0.000105275,0.000160307,0.002168306,0.755181191
43.946376060,HOLD,task_pose_stale,0.000910668,0,0.002159518,-0.000082243,0.050176839,0.000000000,0.000000000,0.050000000,-0.002159808,-0.000105275,0.000160307,0.002168306,0.755181191
43.956353033,HOLD,task_pose_stale,0.000275456,0,0.002159518,-0.000082243,0.050176839,0.000000000,0.000000000,0.050000000,-0.002159808,-0.000105275,0.000160307,0.002168306,0.755181191
43.966517601,HOLD,task_pose_stale,0.002488603,0,0.002159518,-0.000082243,0.050176839,0.000000000,0.000000000,0.050000000,-0.002159808,-0.000105275,0.000160307,0.002168306,0.755181191
43.976595495,HOLD,task_pose_stale,0.002076607,0,0.002159518,-0.000082243,0.050176839,0.000000000,0.000000000,0.050000000,-0.002159808,-0.000105275,0.000160307,0.002168306,0.755181191
43.986688825,HOLD,task_pose_stale,0.001496012,0,0.002159518,-0.000082243,0.050176839,0.000000000,0.000000000,0.050000000,-0.002159808,-0.000105275,0.000160307,0.002168306,0.755181191
43.996889012,HOLD,task_pose_stale,0.000750380,0,0.002159518,-0.000082243,0.050176839,0.000000000,0.000000000,0.050000000,-0.002159808,-0.000105275,0.000160307,0.002168306,0.755181191
44.006855300,HOLD,task_pose_stale,0.002547970,0,0.002159518,-0.000082243,0.050176839,0.000000000,0.000000000,0.050000000,-0.002159808,-0.000105275,0.000160307,0.002168306,0.755181191
44.016929632,HOLD,task_pose_stale,0.001645613,0,0.002159518,-0.000082243,0.050176839,0.000000000,0.000000000,0.050000000,-0.002159808,-0.000105275,0.000160307,0.002168306,0.755181191
44.027014651,HOLD,task_pose_stale,0.000639961,0,0.002159518,-0.000082243,0.050176839,0.000000000,0.000000000,0.050000000,-0.002159808,-0.000105275,0.000160307,0.002168306,0.755181191
44.037121040,HOLD,task_pose_stale,0.002524222,0,0.002159518,-0.000082243,0.050176839,0.000000000,0.000000000,0.050000000,-0.002159808,-0.000105275,0.000160307,0.002168306,0.755181191
44.047209621,HOLD,task_pose_stale,0.001677670,0,0.002159518,-0.000082243,0.050176839,0.000000000,0.000000000,0.050000000,-0.002159808,-0.000105275,0.000160307,0.002168306,0.755181191
44.057318385,HOLD,task_pose_stale,0.000619776,0,0.002159518,-0.000082243,0.050176839,0.000000000,0.000000000,0.050000000,-0.002159808,-0.000105275,0.000160307,0.002168306,0.755181191
44.067402216,HOLD,task_pose_stale,0.002429238,0,0.002159518,-0.000082243,0.050176839,0.000000000,0.000000000,0.050000000,-0.002159808,-0.000105275,0.000160307,0.002168306,0.755181191
44.077463488,HOLD,task_pose_stale,0.001517383,0,0.002159518,-0.000082243,0.050176839,0.000000000,0.000000000,0.050000000,-0.002159808,-0.000105275,0.000160307,0.002168306,0.755181191
44.087572253,HOLD,task_pose_stale,0.000619776,0,0.002159518,-0.000082243,0.050176839,0.000000000,0.000000000,0.050000000,-0.002159808,-0.000105275,0.000160307,0.002168306,0.755181191
44.097666770,HOLD,task_pose_stale,0.002455359,0,0.002159518,-0.000082243,0.050176839,0.000000000,0.000000000,0.050000000,-0.002159808,-0.000105275,0.000160307,0.002168306,0.755181191
44.107814716,HOLD,task_pose_stale,0.001608806,0,0.002159518,-0.000082243,0.050176839,0.000000000,0.000000000,0.050000000,-0.002159808,-0.000105275,0.000160307,0.002168306,0.755181191
44.117750133,HOLD,task_pose_stale,0.000568722,0,0.002159518,-0.000082243,0.050176839,0.000000000,0.000000000,0.050000000,-0.002159808,-0.000105275,0.000160307,0.002168306,0.755181191
44.127920637,HOLD,task_pose_stale,0.002418553,0,0.002159518,-0.000082243,0.050176839,0.000000000,0.000000000,0.050000000,-0.002159808,-0.000105275,0.000160307,0.002168306,0.755181191
44.137961725,HOLD,task_pose_stale,0.001536381,0,0.002159518,-0.000082243,0.050176839,0.000000000,0.000000000,0.050000000,-0.002159808,-0.000105275,0.000160307,0.002168306,0.755181191
44.148021810,HOLD,task_pose_stale,0.000676767,0,0.002159518,-0.000082243,0.050176839,0.000000000,0.000000000,0.050000000,-0.002159808,-0.000105275,0.000160307,0.002168306,0.755181191
44.158056961,HOLD,task_pose_stale,0.000194719,0,0.002159518,-0.000082243,0.050176839,0.000000000,0.000000000,0.050000000,-0.002159808,-0.000105275,0.000160307,0.002168306,0.755181191
44.168086176,HOLD,task_pose_stale,0.002055235,0,0.002159518,-0.000082243,0.050176839,0.000000000,0.000000000,0.050000000,-0.002159808,-0.000105275,0.000160307,0.002168306,0.755181191
44.178257868,HOLD,task_pose_stale,0.001017525,0,0.002159518,-0.000082243,0.050176839,0.000000000,0.000000000,0.050000000,-0.002159808,-0.000105275,0.000160307,0.002168306,0.755181191
44.188339324,HOLD,task_pose_stale,0.000033245,0,0.002159518,-0.000082243,0.050176839,0.000000000,0.000000000,0.050000000,-0.002159808,-0.000105275,0.000160307,0.002168306,0.755181191
44.198368539,HOLD,task_pose_stale,0.001852205,0,0.002159518,-0.000082243,0.050176839,0.000000000,0.000000000,0.050000000,-0.002159808,-0.000105275,0.000160307,0.002168306,0.755181191
44.208484428,HOLD,task_pose_stale,0.001097075,0,0.002159518,-0.000082243,0.050176839,0.000000000,0.000000000,0.050000000,-0.002159808,-0.000105275,0.000160307,0.002168306,0.755181191
44.218593192,HOLD,task_pose_stale,0.000198281,0,0.002159518,-0.000082243,0.050176839,0.000000000,0.000000000,0.050000000,-0.002159808,-0.000105275,0.000160307,0.002168306,0.755181191
44.228675836,HOLD,task_pose_stale,0.002017241,0,0.002159518,-0.000082243,0.050176839,0.000000000,0.000000000,0.050000000,-0.002159808,-0.000105275,0.000160307,0.002168306,0.755181191
44.238769165,HOLD,task_pose_stale,0.001022275,0,0.002159518,-0.000082243,0.050176839,0.000000000,0.000000000,0.050000000,-0.002159808,-0.000105275,0.000160307,0.002168306,0.755181191
44.248842311,HOLD,task_pose_stale,0.000334822,0,0.002159518,-0.000082243,0.050176839,0.000000000,0.000000000,0.050000000,-0.002159808,-0.000105275,0.000160307,0.002168306,0.755181191
44.258932078,HOLD,task_pose_stale,0.002150220,0,0.002159518,-0.000082243,0.050176839,0.000000000,0.000000000,0.050000000,-0.002159808,-0.000105275,0.000160307,0.002168306,0.755181191
44.269032532,HOLD,task_pose_stale,0.001151691,0,0.002159518,-0.000082243,0.050176839,0.000000000,0.000000000,0.050000000,-0.002159808,-0.000105275,0.000160307,0.002168306,0.755181191
44.279124674,HOLD,task_pose_stale,0.000127042,0,0.002159518,-0.000082243,0.050176839,0.000000000,0.000000000,0.050000000,-0.002159808,-0.000105275,0.000160307,0.002168306,0.755181191
44.289199006,HOLD,task_pose_stale,0.002052861,0,0.002159518,-0.000082243,0.050176839,0.000000000,0.000000000,0.050000000,-0.002159808,-0.000105275,0.000160307,0.002168306,0.755181191
44.299294710,HOLD,task_pose_stale,0.001154066,0,0.002159518,-0.000082243,0.050176839,0.000000000,0.000000000,0.050000000,-0.002159808,-0.000105275,0.000160307,0.002168306,0.755181191
44.309393976,HOLD,task_pose_stale,0.000235087,0,0.002159518,-0.000082243,0.050176839,0.000000000,0.000000000,0.050000000,-0.002159808,-0.000105275,0.000160307,0.002168306,0.755181191
44.319478995,HOLD,task_pose_stale,0.001994683,0,0.002159518,-0.000082243,0.050176839,0.000000000,0.000000000,0.050000000,-0.002159808,-0.000105275,0.000160307,0.002168306,0.755181191
44.329587759,HOLD,task_pose_stale,0.001054332,0,0.002159518,-0.000082243,0.050176839,0.000000000,0.000000000,0.050000000,-0.002159808,-0.000105275,0.000160307,0.002168306,0.755181191
44.339690587,HOLD,task_pose_stale,0.000132979,0,0.002159518,-0.000082243,0.050176839,0.000000000,0.000000000,0.050000000,-0.002159808,-0.000105275,0.000160307,0.002168306,0.755181191
44.349755421,HOLD,task_pose_stale,0.001974498,0,0.002159518,-0.000082243,0.050176839,0.000000000,0.000000000,0.050000000,-0.002159808,-0.000105275,0.000160307,0.002168306,0.755181191
44.359854687,HOLD,task_pose_stale,0.001173063,0,0.002159518,-0.000082243,0.050176839,0.000000000,0.000000000,0.050000000,-0.002159808,-0.000105275,0.000160307,0.002168306,0.755181191
