time_s,controller_state,reason,robot_state_age_s,command_sent,measured_x_T_S_m,measured_y_T_S_m,measured_z_T_S_m,desired_x_T_S_m,desired_y_T_S_m,desired_z_T_S_m,error_x_m,error_y_m,error_z_m,position_error_m,orientation_error_deg
7.706230616,READY,waiting_for_consecutive_valid_measurements,0.003672366,1,0.000000000,-0.000000022,0.050000010,0.000000000,0.000000000,0.050000000,-0.000000000,-0.000000022,0.000000010,0.000000024,0.000004570
7.716284801,READY,waiting_for_consecutive_valid_measurements,0.000065302,1,0.000000000,-0.000000022,0.050000010,0.000000000,0.000000000,0.050000000,-0.000000000,-0.000000022,0.000000010,0.000000024,0.000004570
7.726251125,READY,waiting_for_consecutive_valid_measurements,0.004629342,1,0.000000000,-0.000000022,0.050000010,0.000000000,0.000000000,0.050000000,-0.000000000,-0.000000022,0.000000010,0.000000024,0.000004415
7.736302936,READY,waiting_for_consecutive_valid_measurements,0.004010751,1,0.000000000,-0.000000022,0.050000010,0.000000000,0.000000000,0.050000000,-0.000000000,-0.000000022,0.000000010,0.000000024,0.000004476
7.746371369,READY,waiting_for_consecutive_valid_measurements,0.003622499,1,0.000000000,-0.000000026,0.050000010,0.000000000,0.000000000,0.050000000,-0.000000000,-0.000000026,0.000000010,0.000000027,0.000005213
7.756423180,READY,waiting_for_consecutive_valid_measurements,0.003887270,1,0.000000000,-0.000000022,0.050000010,0.000000000,0.000000000,0.050000000,-0.000000000,-0.000000022,0.000000010,0.000000024,0.000004513
7.766571163,READY,waiting_for_consecutive_valid_measurements,0.004391879,1,0.000000000,-0.000000022,0.050000010,0.000000000,0.000000000,0.050000000,-0.000000000,-0.000000022,0.000000010,0.000000024,0.000004513
7.776709648,READY,waiting_for_consecutive_valid_measurements,0.000214904,1,0.000000000,-0.000000024,0.050000010,0.000000000,0.000000000,0.050000000,-0.000000000,-0.000000024,0.000000010,0.000000026,0.000004916
7.786825574,READY,waiting_for_consecutive_valid_measurements,0.000945103,1,0.000000000,-0.000000026,0.050000010,0.000000000,0.000000000,0.050000000,-0.000000000,-0.000000026,0.000000010,0.000000027,0.000005209
7.796718285,READY,waiting_for_consecutive_valid_measurements,0.001934137,1,0.000000000,-0.000000027,0.050000010,0.000000000,0.000000000,0.050000000,-0.000000000,-0.000000027,0.000000010,0.000000029,0.000005521
7.806762971,READY,waiting_for_consecutive_valid_measurements,0.002734387,1,0.000000000,-0.000000027,0.050000010,0.000000000,0.000000000,0.050000000,-0.000000000,-0.000000027,0.000000010,0.000000029,0.000005521
7.817002378,READY,waiting_for_consecutive_valid_measurements,0.003827904,1,0.000000000,-0.000000025,0.050000010,0.000000000,0.000000000,0.050000000,-0.000000000,-0.000000025,0.000000010,0.000000027,0.000005185
7.827075560,READY,waiting_for_consecutive_valid_measurements,0.000270708,1,0.000000000,-0.000000027,0.050000010,0.000000000,0.000000000,0.050000000,-0.000000000,-0.000000027,0.000000010,0.000000028,0.000005435
7.837155867,READY,waiting_for_consecutive_valid_measurements,0.001264491,1,0.000000000,-0.000000022,0.050000010,0.000000000,0.000000000,0.050000000,-0.000000000,-0.000000022,0.000000010,0.000000024,0.000004477
7.847206490,READY,waiting_for_consecutive_valid_measurements,0.002119358,1,0.000000000,-0.000000022,0.050000010,0.000000000,0.000000000,0.050000000,-0.000000000,-0.000000022,0.000000010,0.000000024,0.000004477
7.857329540,READY,waiting_for_consecutive_valid_measurements,0.002902986,1,0.000000000,-0.000000024,0.050000010,0.000000000,0.000000000,0.050000000,-0.000000000,-0.000000024,0.000000010,0.000000025,0.000004819
7.867420532,READY,waiting_for_consecutive_valid_measurements,0.004119984,1,0.000000000,-0.000000025,0.050000010,0.000000000,0.000000000,0.050000000,-0.000000000,-0.000000025,0.000000010,0.000000027,0.000005146
7.877469968,READY,waiting_for_consecutive_valid_measurements,0.000604343,1,0.000000000,-0.000000024,0.050000010,0.000000000,0.000000000,0.050000000,-0.000000000,-0.000000024,0.000000010,0.000000025,0.000004804
7.887515842,READY,waiting_for_consecutive_valid_measurements,0.000981909,1,0.000000000,-0.000000024,0.050000010,0.000000000,0.000000000,0.050000000,-0.000000000,-0.000000024,0.000000010,0.000000025,0.000004804
7.897995086,READY,waiting_for_consecutive_valid_measurements,0.000952227,1,0.000000000,-0.000000025,0.050000010,0.000000000,0.000000000,0.050000000,-0.000000000,-0.000000025,0.000000010,0.000000027,0.000005081
7.907932915,READY,waiting_for_consecutive_valid_measurements,0.000689830,1,0.000000000,-0.000000025,0.050000010,0.000000000,0.000000000,0.050000000,-0.000000000,-0.000000025,0.000000010,0.000000027,0.000005088
7.918085648,READY,waiting_for_consecutive_valid_measurements,0.001371349,1,0.000000000,-0.000000025,0.050000010,0.000000000,0.000000000,0.050000000,-0.000000000,-0.000000025,0.000000010,0.000000027,0.000005088
7.928218196,READY,waiting_for_consecutive_valid_measurements,0.002340199,1,0.000000000,-0.000000027,0.050000010,0.000000000,0.000000000,0.050000000,-0.000000000,-0.000000027,0.000000010,0.000000028,0.000005402
7.938265257,READY,waiting_for_consecutive_valid_measurements,0.003515641,1,0.000000000,-0.000000027,0.050000010,0.000000000,0.000000000,0.050000000,-0.000000000,-0.000000027,0.000000010,0.000000028,0.000005402
7.948417990,READY,waiting_for_consecutive_valid_measurements,0.004390692,1,0.000000000,-0.000000022,0.050000010,0.000000000,0.000000000,0.050000000,-0.000000000,-0.000000022,0.000000010,0.000000024,0.000004472
7.958558849,TRACKING,,0.000580597,1,0.000000000,-0.000000027,0.050000010,0.000000000,0.000000000,0.050000000,-0.000000000,-0.000000027,0.000000010,0.000000028,0.000005461
7.968614222,TRACKING,,0.001240745,1,0.000000000,-0.000000025,0.050000010,0.000000000,0.000000000,0.050000000,-0.000000000,-0.000000025,0.000000010,0.000000027,0.000005065
7.978813260,TRACKING,,0.002021998,1,0.000000000,-0.000000025,0.050000010,0.000000000,0.000000000,0.050000000,-0.000000000,-0.000000025,0.000000010,0.000000027,0.000005065
7.988751088,TRACKING,,0.002995596,1,0.000000000,-0.000000020,0.050000010,0.000000000,0.000000000,0.050000000,-0.000000000,-0.000000020,0.000000010,0.000000022,0.000004136
7.998900259,TRACKING,,0.004137793,1,0.000000000,-0.000000016,0.050000010,0.000000000,0.000000000,0.050000000,-0.000000000,-0.000000016,0.000000010,0.000000019,0.000003329
8.009052991,TRACKING,,0.000501047,1,0.000000000,-0.000000013,0.050000010,0.000000000,0.000000000,0.050000000,-0.000000000,-0.000000013,0.000000010,0.000000016,0.000002592
8.018948076,TRACKING,,0.001211061,1,0.000000000,-0.000000013,0.050000010,0.000000000,0.000000000,0.050000000,-0.000000000,-0.000000013,0.000000010,0.000000016,0.000002592
8.028958331,TRACKING,,0.002083738,1,0.000000000,-0.000000009,0.050000010,0.000000000,0.000000000,0.050000000,-0.000000000,-0.000000009,0.000000010,0.000000013,0.000001924
8.039271351,TRACKING,,0.002889925,1,0.000000000,-0.000000006,0.050000010,0.000000000,0.000000000,0.050000000,-0.000000000,-0.000000006,0.000000010,0.000000011,0.000001345
8.049323162,TRACKING,,0.002993222,1,0.000000000,-0.000000004,0.050000010,0.000000000,0.000000000,0.050000000,-0.000000000,-0.000000004,0.000000010,0.000000010,0.000000942
8.059245555,TRACKING,,0.003851650,1,0.000000000,-0.000000004,0.050000010,0.000000000,0.000000000,0.050000000,-0.000000000,-0.000000004,0.000000010,0.000000010,0.000000942
8.069569261,TRACKING,,0.000035619,1,0.000000000,-0.000000002,0.050000010,0.000000000,0.000000000,0.050000000,-0.000000000,-0.000000002,0.000000010,0.000000010,0.000000456
8.079509465,TRACKING,,0.001009218,1,0.000000000,0.000000000,0.050000010,0.000000000,0.000000000,0.050000000,-0.000000000,0.000000000,0.000000010,0.000000010,0.000000023
8.089541091,TRACKING,,0.001959070,1,0.000000000,0.000000002,0.050000010,0.000000000,0.000000000,0.050000000,-0.000000000,0.000000002,0.000000010,0.000000010,0.000000370
8.099823241,TRACKING,,0.002396002,1,0.000000000,0.000000002,0.050000010,0.000000000,0.000000000,0.050000000,-0.000000000,0.000000002,0.000000010,0.000000010,0.000000370
8.109748009,TRACKING,,0.006188287,1,0.000000000,0.000000004,0.050000010,0.000000000,0.000000000,0.050000000,-0.000000000,0.000000004,0.000000010,0.000000010,0.000000754
8.119720270,TRACKING,,0.003734106,1,0.000000000,0.000000005,0.050000010,0.000000000,0.000000000,0.050000000,-0.000000000,0.000000005,0.000000010,0.000000011,0.000001052
8.129755458,TRACKING,,0.003785161,1,0.000000000,0.000000005,0.050000010,0.000000000,0.000000000,0.050000000,-0.000000000,0.000000005,0.000000010,0.000000011,0.000001052
8.139908190,TRACKING,,0.004527233,1,0.000000000,0.000000007,0.050000010,0.000000000,0.000000000,0.050000000,-0.000000000,0.000000007,0.000000010,0.000000012,0.000001344
8.149946941,TRACKING,,0.000905921,1,0.000000000,0.000000008,0.050000010,0.000000000,0.000000000,0.050000000,-0.000000000,0.000000008,0.000000010,0.000000013,0.000001587
8.159985691,TRACKING,,0.002209594,1,0.000000000,0.000000009,0.050000010,0.000000000,0.000000000,0.050000000,-0.000000000,0.000000009,0.000000010,0.000000013,0.000001797
8.170136049,TRACKING,,0.003142824,1,0.000000000,0.000000009,0.050000010,0.000000000,0.000000000,0.050000000,-0.000000000,0.000000009,0.000000010,0.000000013,0.000001797
8.181835853,TRACKING,,0.005342919,1,0.000000000,0.000000010,0.050000010,0.000000000,0.000000000,0.050000000,-0.000000000,0.000000010,0.000000010,0.000000014,0.000001990
8.191244139,TRACKING,,0.003807720,1,0.000000000,0.000000011,0.050000010,0.000000000,0.000000000,0.050000000,-0.000000000,0.000000011,0.000000010,0.000000015,0.000002189
8.201312572,TRACKING,,0.003613000,1,0.000000000,0.000000012,0.050000010,0.000000000,0.000000000,0.050000000,-0.000000000,0.000000012,0.000000010,0.000000015,0.000002308
8.211364383,TRACKING,,0.000104484,1,0.000000000,0.000000012,0.050000010,0.000000000,0.000000000,0.050000000,-0.000000000,0.000000012,0.000000010,0.000000016,0.000002448
8.221654844,TRACKING,,0.005000972,1,0.000000000,0.000000012,0.050000010,0.000000000,0.000000000,0.050000000,-0.000000000,0.000000012,0.000000010,0.000000016,0.000002448
8.231730401,TRACKING,,0.004131857,1,0.000000000,0.000000013,0.050000010,0.000000000,0.000000000,0.050000000,-0.000000000,0.000000013,0.000000010,0.000000016,0.000002550
8.241702662,TRACKING,,0.000402500,1,0.000000000,0.000000013,0.050000010,0.000000000,0.000000000,0.050000000,-0.000000000,0.000000013,0.000000010,0.000000016,0.000002671
8.251797216,TRACKING,,0.001501954,1,0.000000000,0.000000014,0.050000010,0.000000000,0.000000000,0.050000000,-0.000000000,0.000000014,0.000000010,0.000000017,0.000002772
8.261947574,TRACKING,,0.002375817,1,0.000000000,0.000000014,0.050000010,0.000000000,0.000000000,0.050000000,-0.000000000,0.000000014,0.000000010,0.000000017,0.000002772
8.272074185,TRACKING,,0.003747167,1,0.000000000,0.000000014,0.050000010,0.000000000,0.000000000,0.050000000,-0.000000000,0.000000014,0.000000010,0.000000017,0.000002864
8.281957397,TRACKING,,0.000421497,1,0.000000000,0.000000015,0.050000010,0.000000000,0.000000000,0.050000000,-0.000000000,0.000000015,0.000000010,0.000000018,0.000002943
8.292066199,TRACKING,,0.001517389,1,0.000000000,0.000000015,0.050000010,0.000000000,0.000000000,0.050000000,-0.000000000,0.000000015,0.000000010,0.000000018,0.000003015
8.302253364,TRACKING,,0.002637027,1,0.000000000,0.000000015,0.050000010,0.000000000,0.000000000,0.050000000,-0.000000000,0.000000015,0.000000010,0.000000018,0.000003015
8.312298051,TRACKING,,0.002515921,1,0.000000000,0.000000015,0.050000010,0.000000000,0.000000000,0.050000000,-0.000000000,0.000000015,0.000000010,0.000000018,0.000003081
8.322304744,TRACKING,,0.002304579,1,0.000000000,0.000000016,0.050000010,0.000000000,0.000000000,0.050000000,-0.000000000,0.000000016,0.000000010,0.000000018,0.000003128
8.332433730,TRACKING,,0.002394814,1,0.000000000,0.000000016,0.050000010,0.000000000,0.000000000,0.050000000,-0.000000000,0.000000016,0.000000010,0.000000019,0.000003169
8.342706381,TRACKING,,0.003288864,1,0.000000000,0.000000016,0.050000010,0.000000000,0.000000000,0.050000000,-0.000000000,0.000000016,0.000000010,0.000000019,0.000003220
8.352608590,TRACKING,,0.004157978,1,0.000000000,0.000000016,0.050000010,0.000000000,0.000000000,0.050000000,-0.000000000,0.000000016,0.000000010,0.000000019,0.000003220
8.362650903,TRACKING,,0.000487987,1,0.000000000,0.000000016,0.050000010,0.000000000,0.000000000,0.050000000,-0.000000000,0.000000016,0.000000010,0.000000019,0.000003265
8.372686091,TRACKING,,0.001517389,1,0.000000000,0.000000017,0.050000010,0.000000000,0.000000000,0.050000000,-0.000000000,0.000000017,0.000000010,0.000000019,0.000003305
8.382901751,TRACKING,,0.002476739,1,0.000000000,0.000000017,0.050000010,0.000000000,0.000000000,0.050000000,-0.000000000,0.000000017,0.000000010,0.000000019,0.000003340
8.392799211,TRACKING,,0.003737669,1,0.000000000,0.000000017,0.050000010,0.000000000,0.000000000,0.050000000,-0.000000000,0.000000017,0.000000010,0.000000019,0.000003340
8.402947194,TRACKING,,0.000445244,1,0.000000000,0.000000017,0.050000010,0.000000000,0.000000000,0.050000000,-0.000000000,0.000000017,0.000000010,0.000000019,0.000003371
8.413169978,TRACKING,,0.001433089,1,0.000000000,0.000000017,0.050000010,0.000000000,0.000000000,0.050000000,-0.000000000,0.000000017,0.000000010,0.000000019,0.000003399
8.423214665,TRACKING,,0.002610906,1,0.000000000,0.000000017,0.050000010,0.000000000,0.000000000,0.050000000,-0.000000000,0.000000017,0.000000010,0.000000020,0.000003424
8.433273600,TRACKING,,0.003584505,1,0.000000000,0.000000017,0.050000010,0.000000000,0.000000000,0.050000000,-0.000000000,0.000000017,0.000000010,0.000000020,0.000003424
8.443290979,TRACKING,,0.000222028,1,0.000000000,0.000000017,0.050000010,0.000000000,0.000000000,0.050000000,-0.000000000,0.000000017,0.000000010,0.000000020,0.000003447
8.453348726,TRACKING,,0.001269240,1,0.000000000,0.000000017,0.050000010,0.000000000,0.000000000,0.050000000,-0.000000000,0.000000017,0.000000010,0.000000020,0.000003467
8.463393413,TRACKING,,0.002385316,1,0.000000000,0.000000017,0.050000010,0.000000000,0.000000000,0.050000000,-0.000000000,0.000000017,0.000000010,0.000000020,0.000003486
8.473607886,TRACKING,,0.003737668,1,0.000000000,0.000000017,0.050000010,0.000000000,0.000000000,0.050000000,-0.000000000,0.000000017,0.000000010,0.000000020,0.000003486
8.483748745,TRACKING,,0.000306327,1,0.000000000,0.000000017,0.050000010,0.000000000,0.000000000,0.050000000,-0.000000000,0.000000017,0.000000010,0.000000020,0.000003502
8.493772060,TRACKING,,0.004605596,1,0.000000000,0.000000018,0.050000010,0.000000000,0.000000000,0.050000000,-0.000000000,0.000000018,0.000000010,0.000000020,0.000003517
8.503650523,TRACKING,,0.001942448,1,0.000000000,0.000000018,0.050000010,0.000000000,0.000000000,0.050000000,-0.000000000,0.000000018,0.000000010,0.000000020,0.000003530
8.513835313,TRACKING,,0.002195346,1,0.000000000,0.000000018,0.050000010,0.000000000,0.000000000,0.050000000,-0.000000000,0.000000018,0.000000010,0.000000020,0.000003530
8.523973798,TRACKING,,0.006083803,1,0.000000000,0.000000018,0.050000010,0.000000000,0.000000000,0.050000000,-0.000000000,0.000000018,0.000000010,0.000000020,0.000003543
8.533994738,TRACKING,,0.004089114,1,0.000000000,0.000000018,0.050000010,0.000000000,0.000000000,0.050000000,-0.000000000,0.000000018,0.000000010,0.000000020,0.000003553
8.544009742,TRACKING,,0.000087861,1,0.000000000,0.000000018,0.050000010,0.000000000,0.000000000,0.050000000,-0.000000000,0.000000018,0.000000010,0.000000020,0.000003563
8.554074613,TRACKING,,0.001103016,1,0.000000000,0.000000018,0.050000010,0.000000000,0.000000000,0.050000000,-0.000000000,0.000000018,0.000000010,0.000000020,0.000003563
8.564334204,TRACKING,,0.002240463,1,0.000000000,0.000000018,0.050000010,0.000000000,0.000000000,0.050000000,-0.000000000,0.000000018,0.000000010,0.000000020,0.000003571
8.574258972,TRACKING,,0.003506142,1,0.000000000,0.000000018,0.050000010,0.000000000,0.000000000,0.050000000,-0.000000000,0.000000018,0.000000010,0.000000020,0.000003578
8.584532810,TRACKING,,0.000224402,1,0.000000000,0.000000018,0.050000010,0.000000000,0.000000000,0.050000000,-0.000000000,0.000000018,0.000000010,0.000000020,0.000003585
8.594630926,TRACKING,,0.001414092,1,0.000000000,0.000000018,0.050000010,0.000000000,0.000000000,0.050000000,-0.000000000,0.000000018,0.000000010,0.000000020,0.000003585
8.604693423,TRACKING,,0.002172787,1,0.000000000,0.000000018,0.050000010,0.000000000,0.000000000,0.050000000,-0.000000000,0.000000018,0.000000010,0.000000020,0.000003591
8.614771355,TRACKING,,0.003344667,1,0.000000000,0.000000018,0.050000010,0.000000000,0.000000000,0.050000000,-0.000000000,0.000000018,0.000000010,0.000000020,0.000003596
8.624762612,TRACKING,,0.000277832,1,0.000000000,0.000000018,0.050000010,0.000000000,0.000000000,0.050000000,-0.000000000,0.000000018,0.000000010,0.000000020,0.000003601
8.635070883,TRACKING,,0.001322669,1,0.000000000,0.000000018,0.050000010,0.000000000,0.000000000,0.050000000,-0.000000000,0.000000018,0.000000010,0.000000020,0.000003601
8.644971905,TRACKING,,0.002436371,1,0.000000000,0.000000018,0.050000010,0.000000000,0.000000000,0.050000000,-0.000000000,0.000000018,0.000000010,0.000000020,0.000003605
8.655033214,TRACKING,,0.003347042,1,0.000000000,0.000000018,0.050000010,0.000000000,0.000000000,0.050000000,-0.000000000,0.000000018,0.000000010,0.000000020,0.000003609
8.665254810,TRACKING,,0.004280271,1,0.000000000,0.000000018,0.050000010,0.000000000,0.000000000,0.050000000,-0.000000000,0.000000018,0.000000010,0.000000020,0.000003609
8.675181953,TRACKING,,0.001275176,1,0.000000000,0.000000018,0.050000010,0.000000000,0.000000000,0.050000000,-0.000000000,0.000000018,0.000000010,0.000000020,0.000003613
8.685546028,TRACKING,,0.002105110,1,0.000000000,0.000000018,0.050000010,0.000000000,0.000000000,0.050000000,-0.000000000,0.000000018,0.000000010,0.000000020,0.000003616
8.695277263,TRACKING,,0.003227122,1,0.000000000,0.000000018,0.050000010,0.000000000,0.000000000,0.050000000,-0.000000000,0.000000018,0.000000010,0.000000020,0.000003619
8.705623528,TRACKING,,0.004466680,1,0.000000000,0.000000018,0.050000010,0.000000000,0.000000000,0.050000000,-0.000000000,0.000000018,0.000000010,0.000000020,0.000003619
8.715722831,TRACKING,,0.000897610,1,0.000000000,0.000000018,0.050000010,0.000000000,0.000000000,0.050000000,-0.000000000,0.000000018,0.000000010,0.000000020,0.000003621
8.725682031,TRACKING,,0.001745353,1,0.000000000,0.000000018,0.050000010,0.000000000,0.000000000,0.050000000,-0.000000000,0.000000018,0.000000010,0.000000020,0.000003623
8.737085007,TRACKING,,0.002878052,1,0.000000000,0.000000018,0.050000010,0.000000000,0.000000000,0.050000000,-0.000000000,0.000000018,0.000000010,0.000000020,0.000003625
8.747166500,TRACKING,,0.002881614,1,0.000000000,0.000000018,0.050000010,0.000000000,0.000000000,0.050000000,-0.000000000,0.000000018,0.000000010,0.000000020,0.000003627
8.757130450,TRACKING,,0.002774756,1,0.000000000,0.000000018,0.050000010,0.000000000,0.000000000,0.050000000,-0.000000000,0.000000018,0.000000010,0.000000020,0.000003628
8.767147828,TRACKING,,0.003322108,1,0.000000000,0.000000018,0.050000010,0.000000000,0.000000000,0.050000000,-0.000000000,0.000000018,0.000000010,0.000000020,0.000003628
8.777593827,TRACKING,,0.004321827,1,0.000000000,0.000000018,0.050000010,0.000000000,0.000000000,0.050000000,-0.000000000,0.000000018,0.000000010,0.000000020,0.000003630
8.787386803,TRACKING,,0.004634091,1,0.000000000,0.000000018,0.050000010,0.000000000,0.000000000,0.050000000,-0.000000000,0.000000018,0.000000010,0.000000020,0.000003631
8.797667766,TRACKING,,0.004740949,1,0.000000000,0.000000018,0.050000010,0.000000000,0.000000000,0.050000000,-0.000000000,0.000000018,0.000000010,0.000000020,0.000003632
8.807428684,TRACKING,,0.000700516,1,0.000000000,0.000000018,0.050000010,0.000000000,0.000000000,0.050000000,-0.000000000,0.000000018,0.000000010,0.000000020,0.000003633
8.817592103,TRACKING,,0.001639683,1,0.000000000,0.000000018,0.050000010,0.000000000,0.000000000,0.050000000,-0.000000000,0.000000018,0.000000010,0.000000020,0.000003633
8.827590484,TRACKING,,0.002594284,1,0.000000000,0.000000018,0.050000010,0.000000000,0.000000000,0.050000000,-0.000000000,0.000000018,0.000000010,0.000000020,0.000003634
8.837860761,TRACKING,,0.003823155,1,0.000000000,0.000000018,0.050000010,0.000000000,0.000000000,0.050000000,-0.000000000,0.000000018,0.000000010,0.000000020,0.000003635
8.848113228,TRACKING,,0.000100922,1,0.000000000,0.000000018,0.050000010,0.000000000,0.000000000,0.050000000,-0.000000000,0.000000018,0.000000010,0.000000020,0.000003636
8.858170975,TRACKING,,0.001148134,1,0.000000000,0.000000018,0.050000010,0.000000000,0.000000000,0.050000000,-0.000000000,0.000000018,0.000000010,0.000000020,0.000003636
8.868094556,TRACKING,,0.002113421,1,0.000000000,0.000000018,0.050000010,0.000000000,0.000000000,0.050000000,-0.000000000,0.000000018,0.000000010,0.000000020,0.000003636
8.878316152,TRACKING,,0.003189129,1,0.000000000,0.000000018,0.050000010,0.000000000,0.000000000,0.050000000,-0.000000000,0.000000018,0.000000010,0.000000020,0.000003637
8.888464136,TRACKING,,0.004302831,1,0.000000000,0.000000018,0.050000010,0.000000000,0.000000000,0.050000000,-0.000000000,0.000000018,0.000000010,0.000000020,0.000003637
8.898473203,TRACKING,,0.000518857,1,0.000000000,0.000000018,0.050000010,0.000000000,0.000000000,0.050000000,-0.000000000,0.000000018,0.000000010,0.000000020,0.000003638
8.908577255,TRACKING,,0.001585066,1,0.000000000,0.000000018,0.050000010,0.000000000,0.000000000,0.050000000,-0.000000000,0.000000018,0.000000010,0.000000020,0.000003638
8.918560202,TRACKING,,0.002564601,1,0.000000000,0.000000018,0.050000010,0.000000000,0.000000000,0.050000000,-0.000000000,0.000000018,0.000000010,0.000000020,0.000003639
8.928615574,TRACKING,,0.003671179,1,0.000000000,0.000000018,0.050000010,0.000000000,0.000000000,0.050000000,-0.000000000,0.000000018,0.000000010,0.000000020,0.000003639
8.938838358,TRACKING,,0.000024934,1,0.000000000,0.000000018,0.050000010,0.000000000,0.000000000,0.050000000,-0.000000000,0.000000018,0.000000010,0.000000020,0.000003639
8.949202433,TRACKING,,0.005124452,1,0.000000000,0.000000018,0.050000010,0.000000000,0.000000000,0.050000000,-0.000000000,0.000000018,0.000000010,0.000000020,0.000003639
8.958996596,TRACKING,,0.004764696,1,0.000000000,0.000000018,0.050000010,0.000000000,0.000000000,0.050000000,-0.000000000,0.000000018,0.000000010,0.000000020,0.000003640
8.969095900,TRACKING,,0.000522419,1,0.000000000,0.000000018,0.050000010,0.000000000,0.000000000,0.050000000,-0.000000000,0.000000018,0.000000010,0.000000020,0.000003640
8.979487282,TRACKING,,0.001404594,1,0.000000000,0.000000018,0.050000010,0.000000000,0.000000000,0.050000000,-0.000000000,0.000000018,0.000000010,0.000000020,0.000003640
8.989441733,TRACKING,,0.002429247,1,0.000000000,0.000000018,0.050000010,0.000000000,0.000000000,0.050000000,-0.000000000,0.000000018,0.000000010,0.000000020,0.000003640
8.999349879,TRACKING,,0.003728170,1,0.000000000,0.000000018,0.050000010,0.000000000,0.000000000,0.050000000,-0.000000000,0.000000018,0.000000010,0.000000020,0.000003640
9.009656962,TRACKING,,0.000273083,1,0.000000000,0.000000018,0.050000010,0.000000000,0.000000000,0.050000000,-0.000000000,0.000000018,0.000000010,0.000000020,0.000003641
9.019687401,TRACKING,,0.001251430,1,0.000000000,0.000000018,0.050000010,0.000000000,0.000000000,0.050000000,-0.000000000,0.000000018,0.000000010,0.000000020,0.000003641
9.029748710,TRACKING,,0.002093237,1,0.000000000,0.000000018,0.050000010,0.000000000,0.000000000,0.050000000,-0.000000000,0.000000018,0.000000010,0.000000020,0.000003641
9.039845639,TRACKING,,0.003300737,1,0.000000000,0.000000018,0.050000010,0.000000000,0.000000000,0.050000000,-0.000000000,0.000000018,0.000000010,0.000000020,0.000003641
9.049852332,TRACKING,,0.004355072,1,0.000000000,0.000000018,0.050000010,0.000000000,0.000000000,0.050000000,-0.000000000,0.000000018,0.000000010,0.000000020,0.000003641
9.060076303,TRACKING,,0.000634027,1,0.000000000,0.000000018,0.050000010,0.000000000,0.000000000,0.050000000,-0.000000000,0.000000018,0.000000010,0.000000020,0.000003641
9.070185105,TRACKING,,0.001754852,1,0.000000000,0.000000018,0.050000010,0.000000000,0.000000000,0.050000000,-0.000000000,0.000000018,0.000000010,0.000000020,0.000003641
9.080249976,TRACKING,,0.002749822,1,0.000000000,0.000000018,0.050000010,0.000000000,0.000000000,0.050000000,-0.000000000,0.000000018,0.000000010,0.000000020,0.000003641
9.090249545,TRACKING,,0.004033310,1,0.000000000,0.000000018,0.050000010,0.000000000,0.000000000,0.050000000,-0.000000000,0.000000018,0.000000010,0.000000020,0.000003641
9.100643302,TRACKING,,0.000996157,1,0.000000000,0.000000018,0.050000010,0.000000000,0.000000000,0.050000000,-0.000000000,0.000000018,0.000000010,0.000000020,0.000003641
9.110524140,TRACKING,,0.001862897,1,0.000000000,0.000000018,0.050000010,0.000000000,0.000000000,0.050000000,-0.000000000,0.000000018,0.000000010,0.000000020,0.000003642
9.120637691,TRACKING,,0.003147573,1,0.000000000,0.000000018,0.050000010,0.000000000,0.000000000,0.050000000,-0.000000000,0.000000018,0.000000010,0.000000020,0.000003642
9.130587392,TRACKING,,0.000071239,1,0.000000000,0.000000018,0.050000010,0.000000000,0.000000000,0.050000000,-0.000000000,0.000000018,0.000000010,0.000000020,0.000003642
9.140684321,TRACKING,,0.000345508,1,0.000000000,0.000000018,0.050000010,0.000000000,0.000000000,0.050000000,-0.000000000,0.000000018,0.000000010,0.000000020,0.000003642
9.150878609,TRACKING,,0.000270708,1,0.000000000,0.000000018,0.050000010,0.000000000,0.000000000,0.050000000,-0.000000000,0.000000018,0.000000010,0.000000020,0.000003642
9.160955354,TRACKING,,0.000765818,1,0.000000000,0.000000018,0.050000010,0.000000000,0.000000000,0.050000000,-0.000000000,0.000000018,0.000000010,0.000000020,0.000003642
9.170859937,TRACKING,,0.001607625,1,0.000000000,0.000000018,0.050000010,0.000000000,0.000000000,0.050000000,-0.000000000,0.000000018,0.000000010,0.000000020,0.000003642
9.181003171,TRACKING,,0.002531356,1,0.000000000,0.000000018,0.050000010,0.000000000,0.000000000,0.050000000,-0.000000000,0.000000018,0.000000010,0.000000020,0.000003642
9.191082290,TRACKING,,0.003697299,1,0.000000000,0.000000018,0.050000010,0.000000000,0.000000000,0.050000000,-0.000000000,0.000000018,0.000000010,0.000000020,0.000003642
9.201396497,TRACKING,,0.000092611,1,0.000000000,0.000000018,0.050000010,0.000000000,0.000000000,0.050000000,-0.000000000,0.000000018,0.000000010,0.000000020,0.000003642
9.211288020,TRACKING,,0.001194439,1,0.000000000,0.000000018,0.050000010,0.000000000,0.000000000,0.050000000,-0.000000000,0.000000018,0.000000010,0.000000020,0.000003642
9.221513179,TRACKING,,0.002381754,1,0.000000000,0.000000018,0.050000010,0.000000000,0.000000000,0.050000000,-0.000000000,0.000000018,0.000000010,0.000000020,0.000003642
9.231415388,TRACKING,,0.003775662,1,0.000000000,0.000000018,0.050000010,0.000000000,0.000000000,0.050000000,-0.000000000,0.000000018,0.000000010,0.000000020,0.000003642
9.241527752,TRACKING,,0.000417935,1,0.000000000,0.000000018,0.050000010,0.000000000,0.000000000,0.050000000,-0.000000000,0.000000018,0.000000010,0.000000020,0.000003642
9.251773095,TRACKING,,0.001579129,1,0.000000000,0.000000018,0.050000010,0.000000000,0.000000000,0.050000000,-0.000000000,0.000000018,0.000000010,0.000000020,0.000003642
9.261854588,TRACKING,,0.002741511,1,0.000000000,0.000000018,0.050000010,0.000000000,0.000000000,0.050000000,-0.000000000,0.000000018,0.000000010,0.000000020,0.000003642
9.271940831,TRACKING,,0.003981068,1,0.000000000,0.000000018,0.050000010,0.000000000,0.000000000,0.050000000,-0.000000000,0.000000018,0.000000010,0.000000020,0.000003642
9.281907155,TRACKING,,0.000953415,1,0.000000000,0.000000018,0.050000010,0.000000000,0.000000000,0.050000000,-0.000000000,0.000000018,0.000000010,0.000000020,0.000003642
9.292055138,TRACKING,,0.002086112,1,0.000000000,0.000000018,0.050000010,0.000000000,0.000000000,0.050000000,-0.000000000,0.000000018,0.000000010,0.000000020,0.000003642
9.302137819,TRACKING,,0.003351791,1,0.000000000,0.000000018,0.050000010,0.000000000,0.000000000,0.050000000,-0.000000000,0.000000018,0.000000010,0.000000020,0.000003642
9.312257307,TRACKING,,0.000091423,1,0.000000000,0.000000018,0.050000010,0.000000000,0.000000000,0.050000000,-0.000000000,0.000000018,0.000000010,0.000000020,0.000003642
9.322234317,TRACKING,,0.001165943,1,0.000000000,0.000000018,0.050000010,0.000000000,0.000000000,0.050000000,-0.000000000,0.000000018,0.000000010,0.000000020,0.000003642
9.332321747,TRACKING,,0.002115796,1,0.000000000,0.000000018,0.050000010,0.000000000,0.000000000,0.050000000,-0.000000000,0.000000018,0.000000010,0.000000020,0.000003642
9.342533845,TRACKING,,0.002613280,1,0.000000000,0.000000018,0.050000010,0.000000000,0.000000000,0.050000000,-0.000000000,0.000000018,0.000000010,0.000000020,0.000003642
9.352490670,TRACKING,,0.003652181,1,0.000000000,0.000000018,0.050000010,0.000000000,0.000000000,0.050000000,-0.000000000,0.000000018,0.000000010,0.000000020,0.000003642
9.362561478,TRACKING,,0.002952853,1,0.000000000,0.000000018,0.050000010,0.000000000,0.000000000,0.050000000,-0.000000000,0.000000018,0.000000010,0.000000020,0.000003642
9.372647721,TRACKING,,0.002721326,1,0.000000000,0.000000018,0.050000010,0.000000000,0.000000000,0.050000000,-0.000000000,0.000000018,0.000000010,0.000000020,0.000003642
9.382706656,TRACKING,,0.003241371,1,0.000000000,0.000000018,0.050000010,0.000000000,0.000000000,0.050000000,-0.000000000,0.000000018,0.000000010,0.000000020,0.000003642
9.392803584,TRACKING,,0.000307515,1,0.000000000,0.000000018,0.050000010,0.000000000,0.000000000,0.050000000,-0.000000000,0.000000018,0.000000010,0.000000020,0.000003642
9.402900513,TRACKING,,0.002141916,1,0.000000000,0.000000018,0.050000010,0.000000000,0.000000000,0.050000000,-0.000000000,0.000000018,0.000000010,0.000000020,0.000003642
9.412871586,TRACKING,,0.002576474,1,0.000000000,0.000000018,0.050000010,0.000000000,0.000000000,0.050000000,-0.000000000,0.000000018,0.000000010,0.000000020,0.000003642
9.422900838,TRACKING,,0.002976599,1,0.000000000,0.000000018,0.050000010,0.000000000,0.000000000,0.050000000,-0.000000000,0.000000018,0.000000010,0.000000020,0.000003642
9.433017951,TRACKING,,0.004123546,1,0.000000000,0.000000018,0.050000010,0.000000000,0.000000000,0.050000000,-0.000000000,0.000000018,0.000000010,0.000000020,0.000003642
9.443076885,TRACKING,,0.000757507,1,0.000000000,0.000000018,0.050000010,0.000000000,0.000000000,0.050000000,-0.000000000,0.000000018,0.000000010,0.000000020,0.000003642
9.453265237,TRACKING,,0.001493643,1,0.000000000,0.000000018,0.050000010,0.000000000,0.000000000,0.050000000,-0.000000000,0.000000018,0.000000010,0.000000020,0.000003642
9.463365728,TRACKING,,0.001011593,1,0.000000000,0.000000018,0.050000010,0.000000000,0.000000000,0.050000000,-0.000000000,0.000000018,0.000000010,0.000000020,0.000003642
9.473372421,TRACKING,,0.004650713,1,0.000000000,0.000000018,0.050000010,0.000000000,0.000000000,0.050000000,-0.000000000,0.000000018,0.000000010,0.000000020,0.000003642
9.483580957,TRACKING,,0.002282020,1,0.000000000,0.000000018,0.050000010,0.000000000,0.000000000,0.050000000,-0.000000000,0.000000018,0.000000010,0.000000020,0.000003642
9.493480791,TRACKING,,0.001357101,1,0.000000000,0.000000018,0.050000010,0.000000000,0.000000000,0.050000000,-0.000000000,0.000000018,0.000000010,0.000000020,0.000003642
9.506040211,TRACKING,,0.006894740,1,0.000000000,0.000000018,0.050000010,0.000000000,0.000000000,0.050000000,-0.000000000,0.000000018,0.000000010,0.000000020,0.000003642
9.516086085,TRACKING,,0.004271960,1,0.000000000,0.000000018,0.050000010,0.000000000,0.000000000,0.050000000,-0.000000000,0.000000018,0.000000010,0.000000020,0.000003642
9.526381296,TRACKING,,0.004661400,1,0.000000000,0.000000018,0.050000010,0.000000000,0.000000000,0.050000000,-0.000000000,0.000000018,0.000000010,0.000000020,0.000003642
9.536606454,TRACKING,,0.003369600,1,0.000000000,0.000000018,0.050000010,0.000000000,0.000000000,0.050000000,-0.000000000,0.000000018,0.000000010,0.000000020,0.000003642
9.546514600,TRACKING,,0.003782786,1,0.000000000,0.000000018,0.050000010,0.000000000,0.000000000,0.050000000,-0.000000000,0.000000018,0.000000010,0.000000020,0.000003642
9.556362192,TRACKING,,0.004355072,1,0.000000000,0.000000018,0.050000010,0.000000000,0.000000000,0.050000000,-0.000000000,0.000000018,0.000000010,0.000000020,0.000003642
9.566374821,TRACKING,,0.000066489,1,0.000000000,0.000000018,0.050000010,0.000000000,0.000000000,0.050000000,-0.000000000,0.000000018,0.000000010,0.000000020,0.000003642
9.576551300,TRACKING,,0.000070052,1,0.000000000,0.000000018,0.050000010,0.000000000,0.000000000,0.050000000,-0.000000000,0.000000018,0.000000010,0.000000020,0.000003642
9.586689785,TRACKING,,0.001114889,1,0.000000000,0.000000018,0.050000010,0.000000000,0.000000000,0.050000000,-0.000000000,0.000000018,0.000000010,0.000000020,0.000003642
9.596774840,TRACKING,,0.001728731,1,0.000000000,0.000000018,0.050000010,0.000000000,0.000000000,0.050000000,-0.000000000,0.000000018,0.000000010,0.000000020,0.000003642
9.606753037,TRACKING,,0.002039808,1,0.000000000,0.000000018,0.050000010,0.000000000,0.000000000,0.050000000,-0.000000000,0.000000018,0.000000010,0.000000020,0.000003642
9.616794162,TRACKING,,0.002753384,1,0.000000000,0.000000018,0.050000010,0.000000000,0.000000000,0.050000000,-0.000000000,0.000000018,0.000000010,0.000000020,0.000003642
9.626872093,TRACKING,,0.003119078,1,0.000000000,0.000000018,0.050000010,0.000000000,0.000000000,0.050000000,-0.000000000,0.000000018,0.000000010,0.000000020,0.000003642
9.636881160,TRACKING,,0.003535825,1,0.000000000,0.000000018,0.050000010,0.000000000,0.000000000,0.050000000,-0.000000000,0.000000018,0.000000010,0.000000020,0.000003642
9.646955530,TRACKING,,0.003978694,1,0.000000000,0.000000018,0.050000010,0.000000000,0.000000000,0.050000000,-0.000000000,0.000000018,0.000000010,0.000000020,0.000003642
9.657042960,TRACKING,,0.003807719,1,0.000000000,0.000000018,0.050000010,0.000000000,0.000000000,0.050000000,-0.000000000,0.000000018,0.000000010,0.000000020,0.000003642
9.667125641,TRACKING,,0.002634652,1,0.000000000,0.000000018,0.050000010,0.000000000,0.000000000,0.050000000,-0.000000000,0.000000018,0.000000010,0.000000020,0.000003642
9.677152518,TRACKING,,0.002650088,1,0.000000000,0.000000018,0.050000010,0.000000000,0.000000000,0.050000000,-0.000000000,0.000000018,0.000000010,0.000000020,0.000003642
9.687257758,TRACKING,,0.002760508,1,0.000000000,0.000000018,0.050000010,0.000000000,0.000000000,0.050000000,-0.000000000,0.000000018,0.000000010,0.000000020,0.000003642
9.697313130,TRACKING,,0.003003908,1,0.000000000,0.000000018,0.050000010,0.000000000,0.000000000,0.050000000,-0.000000000,0.000000018,0.000000010,0.000000020,0.000003642
9.707590531,TRACKING,,0.003472897,1,0.000000000,0.000000018,0.050000010,0.000000000,0.000000000,0.050000000,-0.000000000,0.000000018,0.000000010,0.000000020,0.000003642
9.717553292,TRACKING,,0.003712734,1,0.000000000,0.000000018,0.050000010,0.000000000,0.000000000,0.050000000,-0.000000000,0.000000018,0.000000010,0.000000020,0.000003642
9.727929240,TRACKING,,0.003908642,1,0.000000000,0.000000018,0.050000010,0.000000000,0.000000000,0.050000000,-0.000000000,0.000000018,0.000000010,0.000000020,0.000003642
9.737893189,TRACKING,,0.004138980,1,0.000000000,0.000000018,0.050000010,0.000000000,0.000000000,0.050000000,-0.000000000,0.000000018,0.000000010,0.000000020,0.000003642
9.747764528,TRACKING,,0.003895581,1,0.000000000,0.000000018,0.050000010,0.000000000,0.000000000,0.050000000,-0.000000000,0.000000018,0.000000010,0.000000020,0.000003642
9.757957629,TRACKING,,0.002971850,1,0.000000000,0.000000018,0.050000010,0.000000000,0.000000000,0.050000000,-0.000000000,0.000000018,0.000000010,0.000000020,0.000003642
9.767912080,TRACKING,,0.002943355,1,0.000000000,0.000000018,0.050000010,0.000000000,0.000000000,0.050000000,-0.000000000,0.000000018,0.000000010,0.000000020,0.000003642
9.777957954,TRACKING,,0.002957602,1,0.000000000,0.000000018,0.050000010,0.000000000,0.000000000,0.050000000,-0.000000000,0.000000018,0.000000010,0.000000020,0.000003642
9.788009764,TRACKING,,0.003027654,1,0.000000000,0.000000018,0.050000010,0.000000000,0.000000000,0.050000000,-0.000000000,0.000000018,0.000000010,0.000000020,0.000003642
9.798063950,TRACKING,,0.003480021,1,0.000000000,0.000000018,0.050000010,0.000000000,0.000000000,0.050000000,-0.000000000,0.000000018,0.000000010,0.000000020,0.000003642
9.808115760,TRACKING,,0.003871835,1,0.000000000,0.000000018,0.050000010,0.000000000,0.000000000,0.050000000,-0.000000000,0.000000018,0.000000010,0.000000020,0.000003642
9.818226937,TRACKING,,0.003987004,1,0.000000000,0.000000018,0.050000010,0.000000000,0.000000000,0.050000000,-0.000000000,0.000000018,0.000000010,0.000000020,0.000003642
9.828300119,TRACKING,,0.004060618,1,0.000000000,0.000000018,0.050000010,0.000000000,0.000000000,0.050000000,-0.000000000,0.000000018,0.000000010,0.000000020,0.000003642
9.838468286,TRACKING,,0.003801784,1,0.000000000,0.000000018,0.050000010,0.000000000,0.000000000,0.050000000,-0.000000000,0.000000018,0.000000010,0.000000020,0.000003642
9.848644765,TRACKING,,0.004022624,1,0.000000000,0.000000018,0.050000010,0.000000000,0.000000000,0.050000000,-0.000000000,0.000000018,0.000000010,0.000000020,0.000003642
9.858480484,TRACKING,,0.004033310,1,0.000000000,0.000000018,0.050000010,0.000000000,0.000000000,0.050000000,-0.000000000,0.000000018,0.000000010,0.000000020,0.000003642
9.868553666,TRACKING,,0.004243464,1,0.000000000,0.000000018,0.050000010,0.000000000,0.000000000,0.050000000,-0.000000000,0.000000018,0.000000010,0.000000020,0.000003642
9.878667217,TRACKING,,0.000041556,1,0.000000000,0.000000018,0.050000010,0.000000000,0.000000000,0.050000000,-0.000000000,0.000000018,0.000000010,0.000000020,0.000003642
9.888899500,TRACKING,,0.000973598,1,0.000000000,0.000000018,0.050000010,0.000000000,0.000000000,0.050000000,-0.000000000,0.000000018,0.000000010,0.000000020,0.000003642
9.898755403,TRACKING,,0.001874771,1,0.000000000,0.000000018,0.050000010,0.000000000,0.000000000,0.050000000,-0.000000000,0.000000018,0.000000010,0.000000020,0.000003642
9.909106417,TRACKING,,0.002755758,1,0.000000000,0.000000018,0.050000010,0.000000000,0.000000000,0.050000000,-0.000000000,0.000000018,0.000000010,0.000000020,0.000003642
9.919044246,TRACKING,,0.003889645,1,0.000000000,0.000000018,0.050000010,0.000000000,0.000000000,0.050000000,-0.000000000,0.000000018,0.000000010,0.000000020,0.000003642
9.929215975,TRACKING,,0.000294454,1,0.000000000,0.000000018,0.050000010,0.000000000,0.000000000,0.050000000,-0.000000000,0.000000018,0.000000010,0.000000020,0.000003642
9.939108686,TRACKING,,0.001423591,1,0.000000000,0.000000018,0.050000010,0.000000000,0.000000000,0.050000000,-0.000000000,0.000000018,0.000000010,0.000000020,0.000003642
9.949325533,TRACKING,,0.002656024,1,0.000000000,0.000000018,0.050000010,0.000000000,0.000000000,0.050000000,-0.000000000,0.000000018,0.000000010,0.000000020,0.000003642
9.959241990,TRACKING,,0.003664055,1,0.000000000,0.000000018,0.050000010,0.000000000,0.000000000,0.050000000,-0.000000000,0.000000018,0.000000010,0.000000020,0.000003642
9.969509892,TRACKING,,0.000115169,1,0.000000000,0.000000018,0.050000010,0.000000000,0.000000000,0.050000000,-0.000000000,0.000000018,0.000000010,0.000000020,0.000003642
9.979513022,TRACKING,,0.001107765,1,0.000000000,0.000000018,0.050000010,0.000000000,0.000000000,0.050000000,-0.000000000,0.000000018,0.000000010,0.000000020,0.000003642
9.989601640,TRACKING,,0.002176349,1,0.000000000,0.000000018,0.050000010,0.000000000,0.000000000,0.050000000,-0.000000000,0.000000018,0.000000010,0.000000020,0.000003642
9.999756747,TRACKING,,0.003178443,1,0.000000000,0.000000018,0.050000010,0.000000000,0.000000000,0.050000000,-0.000000000,0.000000018,0.000000010,0.000000020,0.000003642
10.009829929,TRACKING,,0.004104549,1,0.000000000,0.000000018,0.050000010,0.000000000,0.000000000,0.050000000,-0.000000000,0.000000018,0.000000010,0.000000020,0.000003642
10.019855618,TRACKING,,0.000296829,1,0.000000000,0.000000018,0.050000010,0.000000000,0.000000000,0.050000000,-0.000000000,0.000000018,0.000000010,0.000000020,0.000003642
10.029890807,TRACKING,,0.001108952,1,0.000000000,0.000000018,0.050000010,0.000000000,0.000000000,0.050000000,-0.000000000,0.000000018,0.000000010,0.000000020,0.000003642
10.039920058,TRACKING,,0.002050493,1,0.000000000,0.000000018,0.050000010,0.000000000,0.000000000,0.050000000,-0.000000000,0.000000018,0.000000010,0.000000020,0.000003642
10.049907754,TRACKING,,0.002948104,1,0.000000000,0.000000018,0.050000010,0.000000000,0.000000000,0.050000000,-0.000000000,0.000000018,0.000000010,0.000000020,0.000003642
10.060170906,TRACKING,,0.003970382,1,0.000000000,0.000000018,0.050000010,0.000000000,0.000000000,0.050000000,-0.000000000,0.000000018,0.000000010,0.000000020,0.000003642
10.070327201,TRACKING,,0.000222028,1,0.000000000,0.000000018,0.050000010,0.000000000,0.000000000,0.050000000,-0.000000000,0.000000018,0.000000010,0.000000020,0.000003642
10.080427691,TRACKING,,0.000852493,1,0.000000000,0.000000018,0.050000010,0.000000000,0.000000000,0.050000000,-0.000000000,0.000000018,0.000000010,0.000000020,0.000003642
10.091045851,TRACKING,,0.001289424,1,0.000000000,0.000000018,0.050000010,0.000000000,0.000000000,0.050000000,-0.000000000,0.000000018,0.000000010,0.000000020,0.000003642
10.101102411,TRACKING,,0.000941541,1,0.000000000,0.000000018,0.050000010,0.000000000,0.000000000,0.050000000,-0.000000000,0.000000018,0.000000010,0.000000020,0.000003642
10.111196965,TRACKING,,0.000269520,1,0.000000000,0.000000018,0.050000010,0.000000000,0.000000000,0.050000000,-0.000000000,0.000000018,0.000000010,0.000000020,0.000003642
10.121169225,TRACKING,,0.004277897,1,0.000000000,0.000000018,0.050000010,0.000000000,0.000000000,0.050000000,-0.000000000,0.000000018,0.000000010,0.000000020,0.000003642
10.131443064,TRACKING,,0.002666710,1,0.000000000,0.000000018,0.050000010,0.000000000,0.000000000,0.050000000,-0.000000000,0.000000018,0.000000010,0.000000020,0.000003642
10.141423636,TRACKING,,0.000847743,1,0.000000000,0.000000018,0.050000010,0.000000000,0.000000000,0.050000000,-0.000000000,0.000000018,0.000000010,0.000000020,0.000003642
10.151534812,TRACKING,,0.000467802,1,0.000000000,0.000000018,0.050000010,0.000000000,0.000000000,0.050000000,-0.000000000,0.000000018,0.000000010,0.000000020,0.000003642
10.161469078,TRACKING,,0.004572351,1,0.000000000,0.000000018,0.050000010,0.000000000,0.000000000,0.050000000,-0.000000000,0.000000018,0.000000010,0.000000020,0.000003642
10.171620623,TRACKING,,0.002553915,1,0.000000000,0.000000018,0.050000010,0.000000000,0.000000000,0.050000000,-0.000000000,0.000000018,0.000000010,0.000000020,0.000003642
10.181759108,TRACKING,,0.001852212,1,0.000000000,0.000000018,0.050000010,0.000000000,0.000000000,0.050000000,-0.000000000,0.000000018,0.000000010,0.000000020,0.000003642
10.192003264,TRACKING,,0.001719233,1,0.000000000,0.000000018,0.050000010,0.000000000,0.000000000,0.050000000,-0.000000000,0.000000018,0.000000010,0.000000020,0.000003642
10.202153621,TRACKING,,0.000390627,1,0.000000000,0.000000018,0.050000010,0.000000000,0.000000000,0.050000000,-0.000000000,0.000000018,0.000000010,0.000000020,0.000003642
10.212013087,TRACKING,,0.003905080,1,0.000000000,0.000000018,0.050000010,0.000000000,0.000000000,0.050000000,-0.000000000,0.000000018,0.000000010,0.000000020,0.000003642
10.222038776,TRACKING,,0.006383007,1,0.000000000,0.000000018,0.050000010,0.000000000,0.000000000,0.050000000,-0.000000000,0.000000018,0.000000010,0.000000020,0.000003642
10.232211693,TRACKING,,0.000487987,1,0.000000000,0.000000018,0.050000010,0.000000000,0.000000000,0.050000000,-0.000000000,0.000000018,0.000000010,0.000000020,0.000003642
10.242115089,TRACKING,,0.004922609,1,0.000000000,0.000000018,0.050000010,0.000000000,0.000000000,0.050000000,-0.000000000,0.000000018,0.000000010,0.000000020,0.000003642
10.252225078,TRACKING,,0.003337543,1,0.000000000,0.000000018,0.050000010,0.000000000,0.000000000,0.050000000,-0.000000000,0.000000018,0.000000010,0.000000020,0.000003642
10.262297073,TRACKING,,0.002494550,1,0.000000000,0.000000018,0.050000010,0.000000000,0.000000000,0.050000000,-0.000000000,0.000000018,0.000000010,0.000000020,0.000003642
10.272481863,TRACKING,,0.002527794,1,0.000000000,0.000000018,0.050000010,0.000000000,0.000000000,0.050000000,-0.000000000,0.000000018,0.000000010,0.000000020,0.000003642
10.282576417,TRACKING,,0.001592190,1,0.000000000,0.000000018,0.050000010,0.000000000,0.000000000,0.050000000,-0.000000000,0.000000018,0.000000010,0.000000020,0.000003642
10.292571237,TRACKING,,0.000714764,1,0.000000000,0.000000018,0.050000010,0.000000000,0.000000000,0.050000000,-0.000000000,0.000000018,0.000000010,0.000000020,0.000003642
10.303092037,TRACKING,,0.000520045,1,0.000000000,0.000000018,0.050000010,0.000000000,0.000000000,0.050000000,-0.000000000,0.000000018,0.000000010,0.000000020,0.000003642
10.313383685,TRACKING,,0.000567536,1,0.000000000,0.000000018,0.050000010,0.000000000,0.000000000,0.050000000,-0.000000000,0.000000018,0.000000010,0.000000020,0.000003642
10.323130355,TRACKING,,0.004124733,1,0.000000000,0.000000018,0.050000010,0.000000000,0.000000000,0.050000000,-0.000000000,0.000000018,0.000000010,0.000000020,0.000003642
10.333234408,TRACKING,,0.001410531,1,0.000000000,0.000000018,0.050000010,0.000000000,0.000000000,0.050000000,-0.000000000,0.000000018,0.000000010,0.000000020,0.000003642
10.343302841,TRACKING,,0.005498456,1,0.000000000,0.000000018,0.050000010,0.000000000,0.000000000,0.050000000,-0.000000000,0.000000018,0.000000010,0.000000020,0.000003642
10.353391458,TRACKING,,0.000023746,1,0.000000000,0.000000018,0.050000010,0.000000000,0.000000000,0.050000000,-0.000000000,0.000000018,0.000000010,0.000000020,0.000003642
10.363414773,TRACKING,,0.004661400,1,0.000000000,0.000000018,0.050000010,0.000000000,0.000000000,0.050000000,-0.000000000,0.000000018,0.000000010,0.000000020,0.000003642
10.373975942,TRACKING,,0.001986378,1,0.000000000,0.000000018,0.050000010,0.000000000,0.000000000,0.050000000,-0.000000000,0.000000018,0.000000010,0.000000020,0.000003642
10.383941079,TRACKING,,0.004705331,1,0.000000000,0.000000018,0.050000010,0.000000000,0.000000000,0.050000000,-0.000000000,0.000000018,0.000000010,0.000000020,0.000003642
10.394229165,TRACKING,,0.001871209,1,0.000000000,0.000000018,0.050000010,0.000000000,0.000000000,0.050000000,-0.000000000,0.000000018,0.000000010,0.000000020,0.000003642
10.404093380,TRACKING,,0.000187596,1,0.000000000,0.000000018,0.050000010,0.000000000,0.000000000,0.050000000,-0.000000000,0.000000018,0.000000010,0.000000020,0.000003642
10.414101260,TRACKING,,0.004281458,1,0.000000000,0.000000018,0.050000010,0.000000000,0.000000000,0.050000000,-0.000000000,0.000000018,0.000000010,0.000000020,0.000003642
10.424100828,TRACKING,,0.003079895,1,0.000000000,0.000000018,0.050000010,0.000000000,0.000000000,0.050000000,-0.000000000,0.000000018,0.000000010,0.000000020,0.000003642
10.435096555,TRACKING,,0.002094424,1,0.000000000,0.000000018,0.050000010,0.000000000,0.000000000,0.050000000,-0.000000000,0.000000018,0.000000010,0.000000020,0.000003642
10.444903778,TRACKING,,0.005909268,1,0.000000000,0.000000018,0.050000010,0.000000000,0.000000000,0.050000000,-0.000000000,0.000000018,0.000000010,0.000000020,0.000003642
10.454917595,TRACKING,,0.003120265,1,0.000000000,0.000000018,0.050000010,0.000000000,0.000000000,0.050000000,-0.000000000,0.000000018,0.000000010,0.000000020,0.000003642
10.464929037,TRACKING,,0.000794314,1,0.000000000,0.000000018,0.050000010,0.000000000,0.000000000,0.050000000,-0.000000000,0.000000018,0.000000010,0.000000020,0.000003642
10.475107890,TRACKING,,0.000303953,1,0.000000000,0.000000018,0.050000010,0.000000000,0.000000000,0.050000000,-0.000000000,0.000000018,0.000000010,0.000000020,0.000003642
10.485272495,TRACKING,,0.001037714,1,0.000000000,0.000000018,0.050000010,0.000000000,0.000000000,0.050000000,-0.000000000,0.000000018,0.000000010,0.000000020,0.000003642
10.495342116,TRACKING,,0.000162663,1,0.000000000,0.000000018,0.050000010,0.000000000,0.000000000,0.050000000,-0.000000000,0.000000018,0.000000010,0.000000020,0.000003642
10.505259760,TRACKING,,0.002632278,1,0.000000000,0.000000018,0.050000010,0.000000000,0.000000000,0.050000000,-0.000000000,0.000000018,0.000000010,0.000000020,0.000003642
10.515351939,TRACKING,,0.002542042,1,0.000000000,0.000000018,0.050000010,0.000000000,0.000000000,0.050000000,-0.000000000,0.000000018,0.000000010,0.000000020,0.000003642
10.525447680,TRACKING,,0.002387691,1,0.000000000,0.000000018,0.050000010,0.000000000,0.000000000,0.050000000,-0.000000000,0.000000018,0.000000010,0.000000020,0.000003642
10.535596850,TRACKING,,0.001111327,1,0.000000000,0.000000018,0.050000010,0.000000000,0.000000000,0.050000000,-0.000000000,0.000000018,0.000000010,0.000000020,0.000003642
10.545493123,TRACKING,,0.003475272,1,0.000000000,0.000000018,0.050000010,0.000000000,0.000000000,0.050000000,-0.000000000,0.000000018,0.000000010,0.000000020,0.000003642
10.555573429,TRACKING,,0.001795221,1,0.000000000,0.000000018,0.050000010,0.000000000,0.000000000,0.050000000,-0.000000000,0.000000018,0.000000010,0.000000020,0.000003642
10.565785527,TRACKING,,0.000027308,1,0.000000000,0.000000018,0.050000010,0.000000000,0.000000000,0.050000000,-0.000000000,0.000000018,0.000000010,0.000000020,0.000003642
10.575867020,TRACKING,,0.001167131,1,0.000000000,0.000000018,0.050000010,0.000000000,0.000000000,0.050000000,-0.000000000,0.000000018,0.000000010,0.000000020,0.000003642
10.585911707,TRACKING,,0.006691708,1,0.000000000,0.000000018,0.050000010,0.000000000,0.000000000,0.050000000,-0.000000000,0.000000018,0.000000010,0.000000020,0.000003642
10.596149926,TRACKING,,0.004530794,1,0.000000000,0.000000018,0.050000010,0.000000000,0.000000000,0.050000000,-0.000000000,0.000000018,0.000000010,0.000000020,0.000003642
10.606048572,TRACKING,,0.000383502,1,0.000000000,0.000000018,0.050000010,0.000000000,0.000000000,0.050000000,-0.000000000,0.000000018,0.000000010,0.000000020,0.000003642
10.616221489,TRACKING,,0.001342854,1,0.000000000,0.000000018,0.050000010,0.000000000,0.000000000,0.050000000,-0.000000000,0.000000018,0.000000010,0.000000020,0.000003642
10.626210372,TRACKING,,0.002346135,1,0.000000000,0.000000018,0.050000010,0.000000000,0.000000000,0.050000000,-0.000000000,0.000000018,0.000000010,0.000000020,0.000003642
10.636266932,TRACKING,,0.003528701,1,0.000000000,0.000000018,0.050000010,0.000000000,0.000000000,0.050000000,-0.000000000,0.000000018,0.000000010,0.000000020,0.000003642
10.646391168,TRACKING,,0.000130604,1,0.000000000,0.000000018,0.050000010,0.000000000,0.000000000,0.050000000,-0.000000000,0.000000018,0.000000010,0.000000020,0.000003642
10.656359867,TRACKING,,0.001550634,1,0.000000000,0.000000018,0.050000010,0.000000000,0.000000000,0.050000000,-0.000000000,0.000000018,0.000000010,0.000000020,0.000003642
10.666452046,TRACKING,,0.002695206,1,0.000000000,0.000000018,0.050000010,0.000000000,0.000000000,0.050000000,-0.000000000,0.000000018,0.000000010,0.000000020,0.000003642
10.676689078,TRACKING,,0.003858774,1,0.000000000,0.000000018,0.050000010,0.000000000,0.000000000,0.050000000,-0.000000000,0.000000018,0.000000010,0.000000020,0.000003642
10.686810940,TRACKING,,0.000910670,1,0.000000000,0.000000018,0.050000010,0.000000000,0.000000000,0.050000000,-0.000000000,0.000000018,0.000000010,0.000000020,0.000003642
10.696853252,TRACKING,,0.002239276,1,0.000000000,0.000000018,0.050000010,0.000000000,0.000000000,0.050000000,-0.000000000,0.000000018,0.000000010,0.000000020,0.000003642
10.706837385,TRACKING,,0.003661680,1,0.000000000,0.000000018,0.050000010,0.000000000,0.000000000,0.050000000,-0.000000000,0.000000018,0.000000010,0.000000020,0.000003642
10.716852389,TRACKING,,0.003578568,1,0.000000000,0.000000018,0.050000010,0.000000000,0.000000000,0.050000000,-0.000000000,0.000000018,0.000000010,0.000000020,0.000003642
10.726996810,TRACKING,,0.004033310,1,0.000000000,0.000000018,0.050000010,0.000000000,0.000000000,0.050000000,-0.000000000,0.000000018,0.000000010,0.000000020,0.000003642
10.737056932,TRACKING,,0.000534292,1,0.000000000,0.000000018,0.050000010,0.000000000,0.000000000,0.050000000,-0.000000000,0.000000018,0.000000010,0.000000020,0.000003642
10.747112304,TRACKING,,0.001625434,1,0.000000000,0.000000018,0.050000010,0.000000000,0.000000000,0.050000000,-0.000000000,0.000000018,0.000000010,0.000000020,0.000003642
10.757251976,TRACKING,,0.002881614,1,0.000000000,0.000000018,0.050000010,0.000000000,0.000000000,0.050000000,-0.000000000,0.000000018,0.000000010,0.000000020,0.000003642
10.767428454,TRACKING,,0.003983442,1,0.000000000,0.000000018,0.050000010,0.000000000,0.000000000,0.050000000,-0.000000000,0.000000018,0.000000010,0.000000020,0.000003642
10.777523008,TRACKING,,0.000413185,1,0.000000000,0.000000018,0.050000010,0.000000000,0.000000000,0.050000000,-0.000000000,0.000000018,0.000000010,0.000000020,0.000003642
10.787609251,TRACKING,,0.001477020,1,0.000000000,0.000000018,0.050000010,0.000000000,0.000000000,0.050000000,-0.000000000,0.000000018,0.000000010,0.000000020,0.000003642
10.797629004,TRACKING,,0.002496924,1,0.000000000,0.000000018,0.050000010,0.000000000,0.000000000,0.050000000,-0.000000000,0.000000018,0.000000010,0.000000020,0.000003642
10.807765114,TRACKING,,0.003514453,1,0.000000000,0.000000018,0.050000010,0.000000000,0.000000000,0.050000000,-0.000000000,0.000000018,0.000000010,0.000000020,0.000003642
10.818099505,TRACKING,,0.004479740,1,0.000000000,0.000000018,0.050000010,0.000000000,0.000000000,0.050000000,-0.000000000,0.000000018,0.000000010,0.000000020,0.000003642
10.827963720,TRACKING,,0.001012780,1,0.000000000,0.000000018,0.050000010,0.000000000,0.000000000,0.050000000,-0.000000000,0.000000018,0.000000010,0.000000020,0.000003642
10.837825560,TRACKING,,0.001839151,1,0.000000000,0.000000018,0.050000010,0.000000000,0.000000000,0.050000000,-0.000000000,0.000000018,0.000000010,0.000000020,0.000003642
10.847922489,TRACKING,,0.002951666,1,0.000000000,0.000000018,0.050000010,0.000000000,0.000000000,0.050000000,-0.000000000,0.000000018,0.000000010,0.000000020,0.000003642
10.858167831,TRACKING,,0.004194785,1,0.000000000,0.000000018,0.050000010,0.000000000,0.000000000,0.050000000,-0.000000000,0.000000018,0.000000010,0.000000020,0.000003642
10.868124657,TRACKING,,0.000869114,1,0.000000000,0.000000018,0.050000010,0.000000000,0.000000000,0.050000000,-0.000000000,0.000000018,0.000000010,0.000000020,0.000003642
10.878232271,TRACKING,,0.001859336,1,0.000000000,0.000000018,0.050000010,0.000000000,0.000000000,0.050000000,-0.000000000,0.000000018,0.000000010,0.000000020,0.000003642
10.888320888,TRACKING,,0.003026466,1,0.000000000,0.000000018,0.050000010,0.000000000,0.000000000,0.050000000,-0.000000000,0.000000018,0.000000010,0.000000020,0.000003642
10.898421379,TRACKING,,0.004270773,1,0.000000000,0.000000018,0.050000010,0.000000000,0.000000000,0.050000000,-0.000000000,0.000000018,0.000000010,0.000000020,0.000003642
10.908458941,TRACKING,,0.000941541,1,0.000000000,0.000000018,0.050000010,0.000000000,0.000000000,0.050000000,-0.000000000,0.000000018,0.000000010,0.000000020,0.000003642
10.918481069,TRACKING,,0.001873584,1,0.000000000,0.000000018,0.050000010,0.000000000,0.000000000,0.050000000,-0.000000000,0.000000018,0.000000010,0.000000020,0.000003642
10.928707415,TRACKING,,0.001823716,1,0.000000000,0.000000018,0.050000010,0.000000000,0.000000000,0.050000000,-0.000000000,0.000000018,0.000000010,0.000000020,0.000003642
10.938773473,TRACKING,,0.002432809,1,0.000000000,0.000000018,0.050000010,0.000000000,0.000000000,0.050000000,-0.000000000,0.000000018,0.000000010,0.000000020,0.000003642
10.948775416,TRACKING,,0.003085832,1,0.000000000,0.000000018,0.050000010,0.000000000,0.000000000,0.050000000,-0.000000000,0.000000018,0.000000010,0.000000020,0.000003642
10.959063503,TRACKING,,0.000020185,1,0.000000000,0.000000018,0.050000010,0.000000000,0.000000000,0.050000000,-0.000000000,0.000000018,0.000000010,0.000000020,0.000003642
10.968908720,TRACKING,,0.001130324,1,0.000000000,0.000000018,0.050000010,0.000000000,0.000000000,0.050000000,-0.000000000,0.000000018,0.000000010,0.000000020,0.000003642
10.978909476,TRACKING,,0.002163289,1,0.000000000,0.000000018,0.050000010,0.000000000,0.000000000,0.050000000,-0.000000000,0.000000018,0.000000010,0.000000020,0.000003642
10.989178565,TRACKING,,0.003326857,1,0.000000000,0.000000018,0.050000010,0.000000000,0.000000000,0.050000000,-0.000000000,0.000000018,0.000000010,0.000000020,0.000003642
10.999450029,TRACKING,,0.000032057,1,0.000000000,0.000000018,0.050000010,0.000000000,0.000000000,0.050000000,-0.000000000,0.000000018,0.000000010,0.000000020,0.000003642
11.009294059,TRACKING,,0.001008030,1,0.000000000,0.000000018,0.050000010,0.000000000,0.000000000,0.050000000,-0.000000000,0.000000018,0.000000010,0.000000020,0.000003642
11.019377927,TRACKING,,0.001950759,1,0.000000000,0.000000018,0.050000010,0.000000000,0.000000000,0.050000000,-0.000000000,0.000000018,0.000000010,0.000000020,0.000003642
11.029468919,TRACKING,,0.003187941,1,0.000000000,0.000000018,0.050000010,0.000000000,0.000000000,0.050000000,-0.000000000,0.000000018,0.000000010,0.000000020,0.000003642
11.039760567,TRACKING,,0.004281459,1,0.000000000,0.000000018,0.050000010,0.000000000,0.000000000,0.050000000,-0.000000000,0.000000018,0.000000010,0.000000020,0.000003642
11.049719767,TRACKING,,0.000839432,1,0.000000000,0.000000018,0.050000010,0.000000000,0.000000000,0.050000000,-0.000000000,0.000000018,0.000000010,0.000000020,0.000003642
11.059725273,TRACKING,,0.001832027,1,0.000000000,0.000000018,0.050000010,0.000000000,0.000000000,0.050000000,-0.000000000,0.000000018,0.000000010,0.000000020,0.000003642
11.069984863,TRACKING,,0.003176068,1,0.000000000,0.000000018,0.050000010,0.000000000,0.000000000,0.050000000,-0.000000000,0.000000018,0.000000010,0.000000020,0.000003642
11.080119786,TRACKING,,0.000080737,1,0.000000000,0.000000018,0.050000010,0.000000000,0.000000000,0.050000000,-0.000000000,0.000000018,0.000000010,0.000000020,0.000003642
11.089980438,TRACKING,,0.001207500,1,0.000000000,0.000000018,0.050000010,0.000000000,0.000000000,0.050000000,-0.000000000,0.000000018,0.000000010,0.000000020,0.000003642
11.100216283,TRACKING,,0.002330700,1,0.000000000,0.000000018,0.050000002,0.000000000,0.000000000,0.050000000,-0.000000000,0.000000018,0.000000002,0.000000018,0.000003642
11.110296589,TRACKING,,0.003652181,1,0.000000000,0.000000018,0.050000001,0.000000000,0.000000000,0.050000000,-0.000000000,0.000000018,0.000000001,0.000000018,0.000003642
11.120266475,TRACKING,,0.000134166,1,0.000000000,0.000000018,0.050000002,0.000000000,0.000000000,0.050000000,-0.000000000,0.000000018,0.000000002,0.000000018,0.000003642
11.130378838,TRACKING,,0.001099454,1,0.000000000,0.000000018,0.050000002,0.000000000,0.000000000,0.050000000,-0.000000000,0.000000018,0.000000002,0.000000018,0.000003642
11.140460332,TRACKING,,0.000575848,1,0.000000000,0.000000018,0.050000003,0.000000000,0.000000000,0.050000000,-0.000000000,0.000000018,0.000000003,0.000000018,0.000003642
11.150620188,TRACKING,,0.000724262,1,0.000000000,0.000000018,0.050000004,0.000000000,0.000000000,0.050000000,-0.000000000,0.000000018,0.000000004,0.000000018,0.000003642
11.160624506,TRACKING,,0.001203938,1,0.000000000,0.000000018,0.050000004,0.000000000,0.000000000,0.050000000,-0.000000000,0.000000018,0.000000004,0.000000019,0.000003642
11.170607452,TRACKING,,0.001690737,1,0.000000000,0.000000018,0.050000004,0.000000000,0.000000000,0.050000000,-0.000000000,0.000000018,0.000000004,0.000000019,0.000003642
11.180655700,TRACKING,,0.002606157,1,0.000000000,0.000000018,0.050000005,0.000000000,0.000000000,0.050000000,-0.000000000,0.000000018,0.000000005,0.000000019,0.000003642
11.190753816,TRACKING,,0.002743886,1,0.000000000,0.000000018,0.050000006,0.000000000,0.000000000,0.050000000,-0.000000000,0.000000018,0.000000006,0.000000019,0.000003642
11.200794941,TRACKING,,0.003024092,1,0.000000000,0.000000018,0.050000006,0.000000000,0.000000000,0.050000000,-0.000000000,0.000000018,0.000000006,0.000000019,0.000003642
11.210906117,TRACKING,,0.003956134,1,0.000000000,0.000000018,0.050000006,0.000000000,0.000000000,0.050000000,-0.000000000,0.000000018,0.000000006,0.000000019,0.000003642
11.221027979,TRACKING,,0.000054616,1,-0.000000000,0.000000018,0.050000007,0.000000000,0.000000000,0.050000000,0.000000000,0.000000018,0.000000007,0.000000019,0.000003642
11.231094037,TRACKING,,0.000839432,1,-0.000000000,0.000000018,0.050000007,0.000000000,0.000000000,0.050000000,0.000000000,0.000000018,0.000000007,0.000000019,0.000003642
11.241185029,TRACKING,,0.001903266,1,-0.000000000,0.000000018,0.050000007,0.000000000,0.000000000,0.050000000,0.000000000,0.000000018,0.000000007,0.000000019,0.000003642
11.251239214,TRACKING,,0.002798502,1,-0.000000000,0.000000018,0.050000007,0.000000000,0.000000000,0.050000000,0.000000000,0.000000018,0.000000007,0.000000019,0.000003642
11.261230472,TRACKING,,0.003462211,1,-0.000000000,0.000000018,0.050000008,0.000000000,0.000000000,0.050000000,0.000000000,0.000000018,0.000000008,0.000000020,0.000003642
11.271268035,TRACKING,,0.002251149,1,-0.000000000,0.000000018,0.050000008,0.000000000,0.000000000,0.050000000,0.000000000,0.000000018,0.000000008,0.000000020,0.000003642
11.281334093,TRACKING,,0.002010125,1,-0.000000000,0.000000018,0.050000008,0.000000000,0.000000000,0.050000000,0.000000000,0.000000018,0.000000008,0.000000020,0.000003642
11.291586560,TRACKING,,0.002800876,1,-0.000000000,0.000000018,0.050000008,0.000000000,0.000000000,0.050000000,0.000000000,0.000000018,0.000000008,0.000000020,0.000003642
11.301523201,TRACKING,,0.002758133,1,-0.000000000,0.000000018,0.050000008,0.000000000,0.000000000,0.050000000,0.000000000,0.000000018,0.000000008,0.000000020,0.000003642
11.311582135,TRACKING,,0.003772100,1,-0.000000000,0.000000018,0.050000008,0.000000000,0.000000000,0.050000000,0.000000000,0.000000018,0.000000008,0.000000020,0.000003642
11.321726556,TRACKING,,0.000218466,1,-0.000000000,0.000000018,0.050000008,0.000000000,0.000000000,0.050000000,0.000000000,0.000000018,0.000000008,0.000000020,0.000003642
11.331734436,TRACKING,,0.001321482,1,-0.000000000,0.000000018,0.050000008,0.000000000,0.000000000,0.050000000,0.000000000,0.000000018,0.000000008,0.000000020,0.000003642
11.341830177,TRACKING,,0.002512359,1,0.000000000,0.000000018,0.050000001,0.000000000,0.000000000,0.050000000,-0.000000000,0.000000018,0.000000001,0.000000018,0.000003642
11.352024465,TRACKING,,0.002163288,1,0.000000000,0.000000018,0.050000000,0.000000000,0.000000000,0.050000000,-0.000000000,0.000000018,0.000000000,0.000000018,0.000003642
11.362058466,TRACKING,,0.002245213,1,0.000000000,0.000000018,0.050000001,0.000000000,0.000000000,0.050000000,-0.000000000,0.000000018,0.000000001,0.000000018,0.000003642
11.372054473,TRACKING,,0.002901799,1,0.000000000,0.000000018,0.050000001,0.000000000,0.000000000,0.050000000,-0.000000000,0.000000018,0.000000001,0.000000018,0.000003642
11.382181084,TRACKING,,0.003959696,1,0.000000000,0.000000018,0.050000002,0.000000000,0.000000000,0.050000000,-0.000000000,0.000000018,0.000000002,0.000000018,0.000003642
11.392235269,TRACKING,,0.000442869,1,0.000000000,0.000000018,0.050000003,0.000000000,0.000000000,0.050000000,-0.000000000,0.000000018,0.000000003,0.000000018,0.000003642
11.402326261,TRACKING,,0.001572005,1,0.000000000,0.000000018,0.050000004,0.000000000,0.000000000,0.050000000,-0.000000000,0.000000018,0.000000004,0.000000018,0.000003642
11.412511051,TRACKING,,0.002627528,1,0.000000000,0.000000018,0.050000004,0.000000000,0.000000000,0.050000000,-0.000000000,0.000000018,0.000000004,0.000000018,0.000003642
11.422644786,TRACKING,,0.003833841,1,0.000000000,0.000000018,0.050000004,0.000000000,0.000000000,0.050000000,-0.000000000,0.000000018,0.000000004,0.000000019,0.000003642
11.432603986,TRACKING,,0.000099734,1,-0.000000000,0.000000018,0.050000005,0.000000000,0.000000000,0.050000000,0.000000000,0.000000018,0.000000005,0.000000019,0.000003642
11.442684292,TRACKING,,0.000896423,1,-0.000000000,0.000000018,0.050000006,0.000000000,0.000000000,0.050000000,0.000000000,0.000000018,0.000000006,0.000000019,0.000003642
11.452759849,TRACKING,,0.001666990,1,-0.000000000,0.000000018,0.050000006,0.000000000,0.000000000,0.050000000,0.000000000,0.000000018,0.000000006,0.000000019,0.000003642
11.462816409,TRACKING,,0.002544416,1,-0.000000000,0.000000018,0.050000006,0.000000000,0.000000000,0.050000000,0.000000000,0.000000018,0.000000006,0.000000019,0.000003642
11.473040380,TRACKING,,0.003658119,1,-0.000000000,0.000000018,0.050000007,0.000000000,0.000000000,0.050000000,0.000000000,0.000000018,0.000000007,0.000000019,0.000003642
11.483130184,TRACKING,,0.000089049,1,-0.000000000,0.000000018,0.050000007,0.000000000,0.000000000,0.050000000,0.000000000,0.000000018,0.000000007,0.000000019,0.000003642
11.493216427,TRACKING,,0.000972411,1,-0.000000000,0.000000018,0.050000007,0.000000000,0.000000000,0.050000000,0.000000000,0.000000018,0.000000007,0.000000019,0.000003642
11.503327603,TRACKING,,0.000032058,1,-0.000000000,0.000000018,0.050000007,0.000000000,0.000000000,0.050000000,0.000000000,0.000000018,0.000000007,0.000000019,0.000003642
11.513688116,TRACKING,,0.000330074,1,0.000000000,0.000000018,0.050000005,0.000000000,0.000000000,0.050000000,-0.000000000,0.000000018,0.000000005,0.000000019,0.000003642
11.523327928,TRACKING,,0.000654211,1,0.000000000,0.000000018,0.050000002,0.000000000,0.000000000,0.050000000,-0.000000000,0.000000018,0.000000002,0.000000018,0.000003642
11.533380925,TRACKING,,0.001662241,1,0.000000000,0.000000018,0.050000003,0.000000000,0.000000000,0.050000000,-0.000000000,0.000000018,0.000000003,0.000000018,0.000003642
11.543443422,TRACKING,,0.002613281,1,0.000000000,0.000000018,0.050000003,0.000000000,0.000000000,0.050000000,-0.000000000,0.000000018,0.000000003,0.000000018,0.000003642
11.554225431,TRACKING,,0.002324764,1,0.000000000,0.000000018,0.050000004,0.000000000,0.000000000,0.050000000,-0.000000000,0.000000018,0.000000004,0.000000018,0.000003642
11.563729889,TRACKING,,0.001342854,1,0.000000000,0.000000018,0.050000005,0.000000000,0.000000000,0.050000000,-0.000000000,0.000000018,0.000000005,0.000000019,0.000003642
11.573763890,TRACKING,,0.001634934,1,0.000000000,0.000000018,0.050000005,0.000000000,0.000000000,0.050000000,-0.000000000,0.000000018,0.000000005,0.000000019,0.000003642
11.583732588,TRACKING,,0.002335449,1,-0.000000000,0.000000018,0.050000006,0.000000000,0.000000000,0.050000000,0.000000000,0.000000018,0.000000006,0.000000019,0.000003642
11.593981493,TRACKING,,0.003503767,1,-0.000000000,0.000000018,0.050000006,0.000000000,0.000000000,0.050000000,0.000000000,0.000000018,0.000000006,0.000000019,0.000003642
11.604117602,TRACKING,,0.000151976,1,-0.000000000,0.000000018,0.050000006,0.000000000,0.000000000,0.050000000,0.000000000,0.000000018,0.000000006,0.000000019,0.000003642
11.614058993,TRACKING,,0.001291799,1,-0.000000000,0.000000018,0.050000007,0.000000000,0.000000000,0.050000000,0.000000000,0.000000018,0.000000007,0.000000019,0.000003642
11.624260405,TRACKING,,0.002388878,1,-0.000000000,0.000000018,0.050000007,0.000000000,0.000000000,0.050000000,0.000000000,0.000000018,0.000000007,0.000000019,0.000003642
11.634318152,TRACKING,,0.003203377,1,-0.000000000,0.000000018,0.050000007,0.000000000,0.000000000,0.050000000,0.000000000,0.000000018,0.000000007,0.000000019,0.000003642
11.644456636,TRACKING,,0.004129482,1,-0.000000000,0.000000018,0.050000007,0.000000000,0.000000000,0.050000000,0.000000000,0.000000018,0.000000007,0.000000019,0.000003642
11.654621241,TRACKING,,0.000521231,1,-0.000000000,0.000000018,0.050000008,0.000000000,0.000000000,0.050000000,0.000000000,0.000000018,0.000000008,0.000000020,0.000003642
11.664506828,TRACKING,,0.001568443,1,0.000000000,0.000000013,0.050000003,0.000000000,0.000000000,0.050000000,-0.000000000,0.000000013,0.000000003,0.000000014,0.000002673
11.674519457,TRACKING,,0.002501673,1,0.000000000,0.000000013,0.050000003,0.000000000,0.000000000,0.050000000,-0.000000000,0.000000013,0.000000003,0.000000014,0.000002673
11.684763612,TRACKING,,0.003461024,1,0.000000000,0.000000014,0.050000004,0.000000000,0.000000000,0.050000000,-0.000000000,0.000000014,0.000000004,0.000000014,0.000002775
11.694858166,TRACKING,,0.000089048,1,0.000000000,0.000000014,0.050000004,0.000000000,0.000000000,0.050000000,-0.000000000,0.000000014,0.000000004,0.000000015,0.000002865
11.704861296,TRACKING,,0.001125575,1,0.000000000,0.000000015,0.050000005,0.000000000,0.000000000,0.050000000,-0.000000000,0.000000015,0.000000005,0.000000015,0.000002946
11.715068645,TRACKING,,0.002003001,1,0.000000000,0.000000015,0.050000005,0.000000000,0.000000000,0.050000000,-0.000000000,0.000000015,0.000000005,0.000000015,0.000002946
11.725029032,TRACKING,,0.006402004,1,0.000000000,0.000000015,0.050000006,0.000000000,0.000000000,0.050000000,-0.000000000,0.000000015,0.000000006,0.000000016,0.000003024
11.735149707,TRACKING,,0.004871554,1,-0.000000000,0.000000015,0.050000006,0.000000000,0.000000000,0.050000000,0.000000000,0.000000015,0.000000006,0.000000016,0.000003081
11.745219327,TRACKING,,0.000032058,1,-0.000000000,0.000000015,0.050000006,0.000000000,0.000000000,0.050000000,0.000000000,0.000000015,0.000000006,0.000000017,0.000003126
11.755279449,TRACKING,,0.005256245,1,-0.000000000,0.000000015,0.050000006,0.000000000,0.000000000,0.050000000,0.000000000,0.000000015,0.000000006,0.000000017,0.000003126
11.765231525,TRACKING,,0.004583036,1,-0.000000000,0.000000016,0.050000007,0.000000000,0.000000000,0.050000000,0.000000000,0.000000016,0.000000007,0.000000017,0.000003186
11.775626469,TRACKING,,0.003730544,1,-0.000000000,0.000000016,0.050000007,0.000000000,0.000000000,0.050000000,0.000000000,0.000000016,0.000000007,0.000000017,0.000003223
11.785431318,TRACKING,,0.003572631,1,-0.000000000,0.000000016,0.050000007,0.000000000,0.000000000,0.050000000,0.000000000,0.000000016,0.000000007,0.000000018,0.000003258
11.795562678,TRACKING,,0.003818405,1,0.000000000,0.000000016,0.050000002,0.000000000,0.000000000,0.050000000,-0.000000000,0.000000016,0.000000002,0.000000016,0.000003289
11.805566996,TRACKING,,0.003908642,1,0.000000000,0.000000016,0.050000000,0.000000000,0.000000000,0.050000000,-0.000000000,0.000000016,-0.000000000,0.000000016,0.000003317
11.815627118,TRACKING,,0.003710360,1,0.000000000,0.000000017,0.050000001,0.000000000,0.000000000,0.050000000,-0.000000000,0.000000017,0.000000001,0.000000017,0.000003354
11.825828530,TRACKING,,0.003095331,1,0.000000000,0.000000017,0.050000002,0.000000000,0.000000000,0.050000000,-0.000000000,0.000000017,0.000000002,0.000000017,0.000003378
11.835975325,TRACKING,,0.002504048,1,0.000000000,0.000000017,0.050000003,0.000000000,0.000000000,0.050000000,-0.000000000,0.000000017,0.000000003,0.000000017,0.000003400
11.845947586,TRACKING,,0.002083739,1,0.000000000,0.000000017,0.050000003,0.000000000,0.000000000,0.050000000,-0.000000000,0.000000017,0.000000003,0.000000017,0.000003420
11.856096756,TRACKING,,0.001912765,1,0.000000000,0.000000017,0.050000004,0.000000000,0.000000000,0.050000000,-0.000000000,0.000000017,0.000000004,0.000000017,0.000003438
11.866099887,TRACKING,,0.000972411,1,-0.000000000,0.000000017,0.050000005,0.000000000,0.000000000,0.050000000,0.000000000,0.000000017,0.000000005,0.000000018,0.000003455
11.876151697,TRACKING,,0.000797876,1,-0.000000000,0.000000012,0.050000005,0.000000000,0.000000000,0.050000000,0.000000000,0.000000012,0.000000005,0.000000013,0.000002346
11.886274746,TRACKING,,0.004727889,1,-0.000000000,0.000000012,0.050000005,0.000000000,0.000000000,0.050000000,0.000000000,0.000000012,0.000000005,0.000000013,0.000002346
11.897046070,TRACKING,,0.004447683,1,-0.000000000,0.000000012,0.050000006,0.000000000,0.000000000,0.050000000,0.000000000,0.000000012,0.000000006,0.000000013,0.000002463
11.907194053,TRACKING,,0.003832654,1,-0.000000000,0.000000013,0.050000006,0.000000000,0.000000000,0.050000000,0.000000000,0.000000013,0.000000006,0.000000014,0.000002567
11.917190059,TRACKING,,0.003542948,1,-0.000000000,0.000000013,0.050000006,0.000000000,0.000000000,0.050000000,0.000000000,0.000000013,0.000000006,0.000000015,0.000002692
11.927342791,TRACKING,,0.002456555,1,-0.000000000,0.000000014,0.050000007,0.000000000,0.000000000,0.050000000,0.000000000,0.000000014,0.000000007,0.000000015,0.000002776
11.937322176,TRACKING,,0.006735639,1,-0.000000000,0.000000014,0.050000007,0.000000000,0.000000000,0.050000000,0.000000000,0.000000014,0.000000007,0.000000015,0.000002776
11.947375173,TRACKING,,0.001856961,1,-0.000000000,0.000000014,0.050000007,0.000000000,0.000000000,0.050000000,0.000000000,0.000000014,0.000000007,0.000000016,0.000002869
11.957746371,TRACKING,,0.001040088,1,0.000000000,0.000000015,0.050000004,0.000000000,0.000000000,0.050000000,-0.000000000,0.000000015,0.000000004,0.000000015,0.000002944
11.967722194,TRACKING,,0.004979600,1,0.000000000,0.000000015,0.050000002,0.000000000,0.000000000,0.050000000,-0.000000000,0.000000015,0.000000002,0.000000015,0.000003006
11.977576910,TRACKING,,0.002749822,1,0.000000000,0.000000015,0.050000003,0.000000000,0.000000000,0.050000000,-0.000000000,0.000000015,0.000000003,0.000000015,0.000003067
11.987815129,TRACKING,,0.001484144,1,0.000000000,0.000000015,0.050000003,0.000000000,0.000000000,0.050000000,-0.000000000,0.000000015,0.000000003,0.000000016,0.000003117
11.997926305,TRACKING,,0.005747793,1,0.000000000,0.000000015,0.050000003,0.000000000,0.000000000,0.050000000,-0.000000000,0.000000015,0.000000003,0.000000016,0.000003117
12.007895003,TRACKING,,0.003874210,1,0.000000000,0.000000016,0.050000004,0.000000000,0.000000000,0.050000000,-0.000000000,0.000000016,0.000000004,0.000000016,0.000003168
12.017985995,TRACKING,,0.003374349,1,0.000000000,0.000000016,0.050000005,0.000000000,0.000000000,0.050000000,-0.000000000,0.000000016,0.000000005,0.000000017,0.000003209
12.027894140,TRACKING,,0.003060898,1,-0.000000000,0.000000016,0.050000005,0.000000000,0.000000000,0.050000000,0.000000000,0.000000016,0.000000005,0.000000017,0.000003244
12.038102676,TRACKING,,0.002983723,1,-0.000000000,0.000000016,0.050000006,0.000000000,0.000000000,0.050000000,0.000000000,0.000000016,0.000000006,0.000000017,0.000003276
12.048254221,TRACKING,,0.003691363,1,-0.000000000,0.000000016,0.050000006,0.000000000,0.000000000,0.050000000,0.000000000,0.000000016,0.000000006,0.000000018,0.000003316
12.058303657,TRACKING,,0.004286208,1,-0.000000000,0.000000016,0.050000006,0.000000000,0.000000000,0.050000000,0.000000000,0.000000016,0.000000006,0.000000018,0.000003316
12.068450452,TRACKING,,0.000482050,1,-0.000000000,0.000000017,0.050000007,0.000000000,0.000000000,0.050000000,0.000000000,0.000000017,0.000000007,0.000000018,0.000003352
12.078527196,TRACKING,,0.001282300,1,0.000000000,0.000000017,0.050000004,0.000000000,0.000000000,0.050000000,-0.000000000,0.000000017,0.000000004,0.000000017,0.000003383
12.088399722,TRACKING,,0.002232152,1,0.000000000,0.000000017,0.049999997,0.000000000,0.000000000,0.050000000,-0.000000000,0.000000017,-0.000000003,0.000000017,0.000003410
12.098566702,TRACKING,,0.003380287,1,0.000000000,0.000000017,0.049999997,0.000000000,0.000000000,0.050000000,-0.000000000,0.000000017,-0.000000003,0.000000017,0.000003410
12.108649383,TRACKING,,0.001928200,1,0.000000000,0.000000017,0.049999999,0.000000000,0.000000000,0.050000000,-0.000000000,0.000000017,-0.000000001,0.000000017,0.000003434
12.118937469,TRACKING,,0.003783973,1,0.000000000,0.000000017,0.050000000,0.000000000,0.000000000,0.050000000,-0.000000000,0.000000017,-0.000000000,0.000000017,0.000003451
12.128969095,TRACKING,,0.003628436,1,0.000000000,0.000000014,0.050000001,0.000000000,0.000000000,0.050000000,-0.000000000,0.000000014,0.000000001,0.000000014,0.000002884
12.138987661,TRACKING,,0.003992941,1,0.000000000,0.000000012,0.050000002,0.000000000,0.000000000,0.050000000,-0.000000000,0.000000012,0.000000002,0.000000012,0.000002453
12.149114272,TRACKING,,0.000117544,1,0.000000000,0.000000013,0.050000003,0.000000000,0.000000000,0.050000000,-0.000000000,0.000000013,0.000000003,0.000000013,0.000002580
12.159183892,TRACKING,,0.000999720,1,0.000000000,0.000000013,0.050000003,0.000000000,0.000000000,0.050000000,-0.000000000,0.000000013,0.000000003,0.000000013,0.000002580
12.169114596,TRACKING,,0.001695486,1,-0.000000000,0.000000013,0.050000004,0.000000000,0.000000000,0.050000000,0.000000000,0.000000013,0.000000004,0.000000014,0.000002693
12.179198464,TRACKING,,0.002325950,1,-0.000000000,0.000000014,0.050000005,0.000000000,0.000000000,0.050000000,0.000000000,0.000000014,0.000000005,0.000000015,0.000002797
12.189202782,TRACKING,,0.003003908,1,-0.000000000,0.000000014,0.050000005,0.000000000,0.000000000,0.050000000,0.000000000,0.000000014,0.000000005,0.000000015,0.000002797
12.199233221,TRACKING,,0.003954947,1,-0.000000000,0.000000014,0.050000005,0.000000000,0.000000000,0.050000000,0.000000000,0.000000014,0.000000005,0.000000015,0.000002889
12.209397826,TRACKING,,0.000810936,1,-0.000000000,0.000000015,0.050000006,0.000000000,0.000000000,0.050000000,0.000000000,0.000000015,0.000000006,0.000000016,0.000002966
12.219529187,TRACKING,,0.001973318,1,-0.000000000,0.000000015,0.050000006,0.000000000,0.000000000,0.050000000,0.000000000,0.000000015,0.000000006,0.000000016,0.000003036
12.229692605,TRACKING,,0.003314984,1,-0.000000000,0.000000015,0.050000006,0.000000000,0.000000000,0.050000000,0.000000000,0.000000015,0.000000006,0.000000016,0.000003036
12.239834651,TRACKING,,0.000108046,1,0.000000000,0.000000015,0.049999999,0.000000000,0.000000000,0.050000000,-0.000000000,0.000000015,-0.000000001,0.000000015,0.000003097
12.249890023,TRACKING,,0.001344041,1,0.000000000,0.000000016,0.049999996,0.000000000,0.000000000,0.050000000,-0.000000000,0.000000016,-0.000000004,0.000000016,0.000003153
12.259817166,TRACKING,,0.002386503,1,0.000000000,0.000000016,0.049999998,0.000000000,0.000000000,0.050000000,-0.000000000,0.000000016,-0.000000002,0.000000016,0.000003203
12.269960399,TRACKING,,0.003463399,1,0.000000000,0.000000016,0.049999998,0.000000000,0.000000000,0.050000000,-0.000000000,0.000000016,-0.000000002,0.000000016,0.000003203
12.280079887,TRACKING,,0.004236341,1,0.000000000,0.000000016,0.049999999,0.000000000,0.000000000,0.050000000,-0.000000000,0.000000016,-0.000000001,0.000000016,0.000003249
12.290147132,TRACKING,,0.000831121,1,0.000000000,0.000000016,0.050000000,0.000000000,0.000000000,0.050000000,-0.000000000,0.000000016,0.000000000,0.000000016,0.000003291
12.300190631,TRACKING,,0.000625715,1,0.000000000,0.000000017,0.050000002,0.000000000,0.000000000,0.050000000,-0.000000000,0.000000017,0.000000002,0.000000017,0.000003331
12.310260251,TRACKING,,0.001154070,1,0.000000000,0.000000017,0.050000002,0.000000000,0.000000000,0.050000000,-0.000000000,0.000000017,0.000000002,0.000000017,0.000003331
12.320307313,TRACKING,,0.001992315,1,-0.000000000,0.000000009,0.050000003,0.000000000,0.000000000,0.050000000,0.000000000,0.000000009,0.000000003,0.000000010,0.000001893
12.330557405,TRACKING,,0.002967101,1,-0.000000000,0.000000008,0.050000004,0.000000000,0.000000000,0.050000000,0.000000000,0.000000008,0.000000004,0.000000009,0.000001614
12.340923854,TRACKING,,0.004108111,1,-0.000000000,0.000000008,0.050000004,0.000000000,0.000000000,0.050000000,0.000000000,0.000000008,0.000000004,0.000000009,0.000001614
12.350577913,TRACKING,,0.000467802,1,-0.000000000,0.000000009,0.050000004,0.000000000,0.000000000,0.050000000,0.000000000,0.000000009,0.000000004,0.000000010,0.000001824
12.360847002,TRACKING,,0.001179004,1,-0.000000000,0.000000010,0.050000005,0.000000000,0.000000000,0.050000000,0.000000000,0.000000010,0.000000005,0.000000011,0.000002017
12.370814513,TRACKING,,0.002132418,1,-0.000000000,0.000000011,0.050000006,0.000000000,0.000000000,0.050000000,0.000000000,0.000000011,0.000000006,0.000000012,0.000002192
12.380687039,TRACKING,,0.003032403,1,-0.000000000,0.000000011,0.050000006,0.000000000,0.000000000,0.050000000,0.000000000,0.000000011,0.000000006,0.000000012,0.000002192
12.390937131,TRACKING,,0.001674115,1,-0.000000000,0.000000012,0.050000003,0.000000000,0.000000000,0.050000000,0.000000000,0.000000012,0.000000003,0.000000012,0.000002345
12.400912954,TRACKING,,0.004033310,1,0.000000000,0.000000012,0.049999996,0.000000000,0.000000000,0.050000000,-0.000000000,0.000000012,-0.000000004,0.000000013,0.000002490
12.411306711,TRACKING,,0.000081924,1,0.000000000,0.000000013,0.049999998,0.000000000,0.000000000,0.050000000,-0.000000000,0.000000013,-0.000000002,0.000000013,0.000002614
12.421438071,TRACKING,,0.000942728,1,0.000000000,0.000000013,0.049999998,0.000000000,0.000000000,0.050000000,-0.000000000,0.000000013,-0.000000002,0.000000013,0.000002614
12.431169307,TRACKING,,0.002019624,1,0.000000000,0.000000013,0.050000000,0.000000000,0.000000000,0.050000000,-0.000000000,0.000000013,-0.000000000,0.000000013,0.000002723
12.441338661,TRACKING,,0.003141636,1,0.000000000,0.000000014,0.050000001,0.000000000,0.000000000,0.050000000,-0.000000000,0.000000014,0.000000001,0.000000014,0.000002818
12.451373849,TRACKING,,0.004222093,1,0.000000000,0.000000014,0.050000001,0.000000000,0.000000000,0.050000000,-0.000000000,0.000000014,0.000000001,0.000000014,0.000002818
12.461435158,TRACKING,,0.000966475,1,-0.000000000,0.000000014,0.050000002,0.000000000,0.000000000,0.050000000,0.000000000,0.000000014,0.000000002,0.000000015,0.000002903
12.472212418,TRACKING,,0.002067116,1,-0.000000000,0.000000015,0.050000003,0.000000000,0.000000000,0.050000000,0.000000000,0.000000015,0.000000003,0.000000015,0.000002979
12.481790490,TRACKING,,0.001541136,1,-0.000000000,0.000000015,0.050000004,0.000000000,0.000000000,0.050000000,0.000000000,0.000000015,0.000000004,0.000000016,0.000003057
12.491915914,TRACKING,,0.006505300,1,-0.000000000,0.000000015,0.050000004,0.000000000,0.000000000,0.050000000,0.000000000,0.000000015,0.000000004,0.000000016,0.000003057
12.501979597,TRACKING,,0.001532824,1,-0.000000000,0.000000015,0.050000004,0.000000000,0.000000000,0.050000000,0.000000000,0.000000015,0.000000004,0.000000016,0.000003113
12.513097617,TRACKING,,0.002746260,1,-0.000000000,0.000000013,0.050000005,0.000000000,0.000000000,0.050000000,0.000000000,0.000000013,0.000000005,0.000000014,0.000002559
12.523182672,TRACKING,,0.000992596,1,-0.000000000,0.000000010,0.050000005,0.000000000,0.000000000,0.050000000,0.000000000,0.000000010,0.000000005,0.000000012,0.000002063
12.534266259,TRACKING,,0.006865057,1,0.000000000,0.000000011,0.050000003,0.000000000,0.000000000,0.050000000,-0.000000000,0.000000011,0.000000003,0.000000011,0.000002192
12.544035488,TRACKING,,0.004268398,1,0.000000000,0.000000012,0.049999997,0.000000000,0.000000000,0.050000000,-0.000000000,0.000000012,-0.000000003,0.000000012,0.000002336
12.557808344,TRACKING,,0.005380912,1,0.000000000,0.000000012,0.049999997,0.000000000,0.000000000,0.050000000,-0.000000000,0.000000012,-0.000000003,0.000000012,0.000002336
12.564242405,TRACKING,,0.004953479,1,0.000000000,0.000000012,0.049999998,0.000000000,0.000000000,0.050000000,-0.000000000,0.000000012,-0.000000002,0.000000012,0.000002481
12.574376140,TRACKING,,0.004429873,1,0.000000000,0.000000013,0.049999999,0.000000000,0.000000000,0.050000000,-0.000000000,0.000000013,-0.000000001,0.000000013,0.000002575
12.585365930,TRACKING,,0.002629903,1,0.000000000,0.000000013,0.050000000,0.000000000,0.000000000,0.050000000,-0.000000000,0.000000013,0.000000000,0.000000013,0.000002666
12.595543595,TRACKING,,0.000946290,1,0.000000000,0.000000014,0.050000002,0.000000000,0.000000000,0.050000000,-0.000000000,0.000000014,0.000000002,0.000000014,0.000002762
12.605623901,TRACKING,,0.001021092,1,-0.000000000,0.000000014,0.050000002,0.000000000,0.000000000,0.050000000,0.000000000,0.000000014,0.000000002,0.000000014,0.000002839
12.615744576,TRACKING,,0.001284675,1,-0.000000000,0.000000014,0.050000003,0.000000000,0.000000000,0.050000000,0.000000000,0.000000014,0.000000003,0.000000015,0.000002904
12.625725147,TRACKING,,0.001910390,1,-0.000000000,0.000000010,0.050000004,0.000000000,0.000000000,0.050000000,0.000000000,0.000000010,0.000000004,0.000000010,0.000001967
12.637990113,TRACKING,,0.004295707,1,-0.000000000,0.000000010,0.050000004,0.000000000,0.000000000,0.050000000,0.000000000,0.000000010,0.000000004,0.000000010,0.000001967
12.648019364,TRACKING,,0.002796127,1,-0.000000000,0.000000011,0.050000005,0.000000000,0.000000000,0.050000000,0.000000000,0.000000011,0.000000005,0.000000012,0.000002181
12.658252834,TRACKING,,0.003230685,1,-0.000000000,0.000000012,0.050000005,0.000000000,0.000000000,0.050000000,0.000000000,0.000000012,0.000000005,0.000000013,0.000002343
12.668291584,TRACKING,,0.003165382,1,-0.000000000,0.000000012,0.050000006,0.000000000,0.000000000,0.050000000,0.000000000,0.000000012,0.000000006,0.000000013,0.000002445
12.678364766,TRACKING,,0.003119077,1,-0.000000000,0.000000013,0.050000006,0.000000000,0.000000000,0.050000000,0.000000000,0.000000013,0.000000006,0.000000014,0.000002540
12.688464069,TRACKING,,0.001799969,1,-0.000000000,0.000000013,0.050000006,0.000000000,0.000000000,0.050000000,0.000000000,0.000000013,0.000000006,0.000000015,0.000002638
12.698494507,TRACKING,,0.001341666,1,0.000000000,0.000000013,0.050000001,0.000000000,0.000000000,0.050000000,-0.000000000,0.000000013,0.000000001,0.000000014,0.000002720
12.709214776,TRACKING,,0.005313236,1,0.000000000,0.000000013,0.050000001,0.000000000,0.000000000,0.050000000,-0.000000000,0.000000013,0.000000001,0.000000014,0.000002720
12.719372257,TRACKING,,0.005553073,1,0.000000000,0.000000014,0.050000002,0.000000000,0.000000000,0.050000000,-0.000000000,0.000000014,0.000000002,0.000000014,0.000002803
12.729273279,TRACKING,,0.003850463,1,0.000000000,0.000000014,0.050000003,0.000000000,0.000000000,0.050000000,-0.000000000,0.000000014,0.000000003,0.000000014,0.000002873
12.739268098,TRACKING,,0.003057336,1,0.000000000,0.000000009,0.050000003,0.000000000,0.000000000,0.050000000,-0.000000000,0.000000009,0.000000003,0.000000009,0.000001753
12.749382836,TRACKING,,0.001136260,1,-0.000000000,0.000000007,0.050000004,0.000000000,0.000000000,0.050000000,0.000000000,0.000000007,0.000000004,0.000000008,0.000001366
12.759476202,TRACKING,,0.001016341,1,-0.000000000,0.000000008,0.050000005,0.000000000,0.000000000,0.050000000,0.000000000,0.000000008,0.000000005,0.000000009,0.000001545
12.770055180,TRACKING,,0.001632559,1,-0.000000000,0.000000008,0.050000005,0.000000000,0.000000000,0.050000000,0.000000000,0.000000008,0.000000005,0.000000010,0.000001715
12.780041688,TRACKING,,0.002479114,1,-0.000000000,0.000000010,0.050000006,0.000000000,0.000000000,0.050000000,0.000000000,0.000000010,0.000000006,0.000000011,0.000001926
12.790633727,TRACKING,,0.002809188,1,-0.000000000,0.000000010,0.050000006,0.000000000,0.000000000,0.050000000,0.000000000,0.000000010,0.000000006,0.000000012,0.000002061
12.800710471,TRACKING,,0.001974505,1,-0.000000000,0.000000011,0.050000006,0.000000000,0.000000000,0.050000000,0.000000000,0.000000011,0.000000006,0.000000013,0.000002196
12.810831146,TRACKING,,0.001411718,1,-0.000000000,0.000000011,0.050000007,0.000000000,0.000000000,0.050000000,0.000000000,0.000000011,0.000000007,0.000000013,0.000002315
12.820932823,TRACKING,,0.001384409,1,-0.000000000,0.000000011,0.050000007,0.000000000,0.000000000,0.050000000,0.000000000,0.000000011,0.000000007,0.000000013,0.000002315
12.831480931,TRACKING,,0.002065928,1,-0.000000000,0.000000012,0.050000007,0.000000000,0.000000000,0.050000000,0.000000000,0.000000012,0.000000007,0.000000014,0.000002469
12.841792764,TRACKING,,0.001530450,1,0.000000000,0.000000013,0.050000002,0.000000000,0.000000000,0.050000000,-0.000000000,0.000000013,0.000000002,0.000000013,0.000002605
12.854090974,TRACKING,,0.001032965,1,0.000000000,0.000000013,0.050000003,0.000000000,0.000000000,0.050000000,-0.000000000,0.000000013,0.000000003,0.000000014,0.000002696
12.864124975,TRACKING,,0.002577662,1,0.000000000,0.000000014,0.050000003,0.000000000,0.000000000,0.050000000,-0.000000000,0.000000014,0.000000003,0.000000014,0.000002776
12.876926607,TRACKING,,0.002152602,1,0.000000000,0.000000007,0.050000004,0.000000000,0.000000000,0.050000000,-0.000000000,0.000000007,0.000000004,0.000000008,0.000001479
12.886877496,TRACKING,,0.002691643,1,0.000000000,0.000000007,0.050000004,0.000000000,0.000000000,0.050000000,-0.000000000,0.000000007,0.000000004,0.000000008,0.000001479
12.896985110,TRACKING,,0.002954041,1,-0.000000000,0.000000008,0.050000005,0.000000000,0.000000000,0.050000000,0.000000000,0.000000008,0.000000005,0.000000010,0.000001718
12.907651949,TRACKING,,0.002030309,1,0.000000000,0.000000009,0.050000002,0.000000000,0.000000000,0.050000000,-0.000000000,0.000000009,0.000000002,0.000000010,0.000001873
12.917656267,TRACKING,,0.002777130,1,0.000000000,0.000000010,0.050000000,0.000000000,0.000000000,0.050000000,-0.000000000,0.000000010,-0.000000000,0.000000010,0.000002025
12.927785253,TRACKING,,0.004144917,1,0.000000000,0.000000011,0.050000001,0.000000000,0.000000000,0.050000000,-0.000000000,0.000000011,0.000000001,0.000000011,0.000002193
12.938156451,TRACKING,,0.004401377,1,0.000000000,0.000000011,0.050000002,0.000000000,0.000000000,0.050000000,-0.000000000,0.000000011,0.000000002,0.000000012,0.000002308
12.951034071,TRACKING,,0.005449777,1,0.000000000,0.000000012,0.050000002,0.000000000,0.000000000,0.050000000,-0.000000000,0.000000012,0.000000002,0.000000012,0.000002430
12.961046700,TRACKING,,0.004351510,1,0.000000000,0.000000013,0.050000003,0.000000000,0.000000000,0.050000000,-0.000000000,0.000000013,0.000000003,0.000000013,0.000002537
12.973252300,TRACKING,,0.002087300,1,-0.000000000,0.000000013,0.050000004,0.000000000,0.000000000,0.050000000,0.000000000,0.000000013,0.000000004,0.000000014,0.000002656
12.983190128,TRACKING,,0.001494830,1,-0.000000000,0.000000014,0.050000005,0.000000000,0.000000000,0.050000000,0.000000000,0.000000014,0.000000005,0.000000014,0.000002740
12.994350891,TRACKING,,0.007034842,1,-0.000000000,0.000000014,0.050000005,0.000000000,0.000000000,0.050000000,0.000000000,0.000000014,0.000000005,0.000000014,0.000002740
13.004187797,TRACKING,,0.000984284,1,-0.000000000,0.000000003,0.050000006,0.000000000,0.000000000,0.050000000,0.000000000,0.000000003,0.000000006,0.000000006,0.000000682
13.017099850,TRACKING,,0.000148415,1,0.000000000,0.000000005,0.050000000,0.000000000,0.000000000,0.050000000,-0.000000000,0.000000005,-0.000000000,0.000000005,0.000000936
13.027056675,TRACKING,,0.002660773,1,0.000000000,0.000000006,0.050000001,0.000000000,0.000000000,0.050000000,-0.000000000,0.000000006,0.000000001,0.000000006,0.000001154
13.037250963,TRACKING,,0.001015155,1,0.000000000,0.000000007,0.050000002,0.000000000,0.000000000,0.050000000,-0.000000000,0.000000007,0.000000002,0.000000007,0.000001364
13.048040096,TRACKING,,0.006946982,1,0.000000000,0.000000007,0.050000002,0.000000000,0.000000000,0.050000000,-0.000000000,0.000000007,0.000000002,0.000000007,0.000001364
13.058077659,TRACKING,,0.004123546,1,0.000000000,0.000000008,0.050000003,0.000000000,0.000000000,0.050000000,-0.000000000,0.000000008,0.000000003,0.000000008,0.000001601
13.068188835,TRACKING,,0.001087581,1,-0.000000000,0.000000003,0.050000003,0.000000000,0.000000000,0.050000000,0.000000000,0.000000003,0.000000003,0.000000005,0.000000672
13.078189591,TRACKING,,0.003508516,1,-0.000000000,-0.000000001,0.050000004,0.000000000,0.000000000,0.050000000,0.000000000,-0.000000001,0.000000004,0.000000004,0.000000226
13.088297205,TRACKING,,0.003179630,1,-0.000000000,0.000000000,0.050000004,0.000000000,0.000000000,0.050000000,0.000000000,0.000000000,0.000000004,0.000000004,0.000000078
13.098415505,TRACKING,,0.002556289,1,0.000000000,0.000000002,0.050000002,0.000000000,0.000000000,0.050000000,-0.000000000,0.000000002,0.000000002,0.000000003,0.000000381
13.108510058,TRACKING,,0.002204844,1,0.000000000,0.000000003,0.049999997,0.000000000,0.000000000,0.050000000,-0.000000000,0.000000003,-0.000000003,0.000000005,0.000000662
13.118590364,TRACKING,,0.002032684,1,0.000000000,0.000000004,0.049999995,0.000000000,0.000000000,0.050000000,-0.000000000,0.000000004,-0.000000005,0.000000007,0.000000898
13.128551939,TRACKING,,0.002390065,1,0.000000000,0.000000006,0.049999997,0.000000000,0.000000000,0.050000000,-0.000000000,0.000000006,-0.000000003,0.000000007,0.000001199
13.138818653,TRACKING,,0.001558945,1,0.000000000,0.000000006,0.049999997,0.000000000,0.000000000,0.050000000,-0.000000000,0.000000006,-0.000000003,0.000000007,0.000001199
13.148807536,TRACKING,,0.002270147,1,0.000000000,0.000000007,0.049999998,0.000000000,0.000000000,0.050000000,-0.000000000,0.000000007,-0.000000002,0.000000007,0.000001408
13.158849847,TRACKING,,0.002633465,1,0.000000000,0.000000006,0.050000000,0.000000000,0.000000000,0.050000000,-0.000000000,0.000000006,-0.000000000,0.000000006,0.000001123
13.168881473,TRACKING,,0.003559571,1,-0.000000000,-0.000000000,0.050000001,0.000000000,0.000000000,0.050000000,0.000000000,-0.000000000,0.000000001,0.000000001,0.000000078
13.179126816,TRACKING,,0.004448870,1,-0.000000000,-0.000000000,0.050000001,0.000000000,0.000000000,0.050000000,0.000000000,-0.000000000,0.000000001,0.000000001,0.000000078
13.189102638,TRACKING,,0.000744446,1,-0.000000000,0.000000002,0.050000002,0.000000000,0.000000000,0.050000000,0.000000000,0.000000002,0.000000002,0.000000003,0.000000317
13.199060651,TRACKING,,0.001854586,1,-0.000000000,0.000000003,0.050000003,0.000000000,0.000000000,0.050000000,0.000000000,0.000000003,0.000000003,0.000000004,0.000000666
13.209202697,TRACKING,,0.001668178,1,-0.000000000,0.000000005,0.050000004,0.000000000,0.000000000,0.050000000,0.000000000,0.000000005,0.000000004,0.000000006,0.000000999
13.219248571,TRACKING,,0.000350258,1,-0.000000000,0.000000006,0.050000005,0.000000000,0.000000000,0.050000000,0.000000000,0.000000006,0.000000005,0.000000008,0.000001238
13.229445233,TRACKING,,0.005154135,1,-0.000000000,0.000000006,0.050000005,0.000000000,0.000000000,0.050000000,0.000000000,0.000000006,0.000000005,0.000000008,0.000001238
13.239340318,TRACKING,,0.004206657,1,-0.000000000,0.000000007,0.050000005,0.000000000,0.000000000,0.050000000,0.000000000,0.000000007,0.000000005,0.000000009,0.000001438
13.249390941,TRACKING,,0.002912484,1,-0.000000000,0.000000005,0.050000006,0.000000000,0.000000000,0.050000000,0.000000000,0.000000005,0.000000006,0.000000007,0.000000958
13.259580480,TRACKING,,0.001944822,1,-0.000000000,0.000000000,0.050000006,0.000000000,0.000000000,0.050000000,0.000000000,0.000000000,0.000000006,0.000000006,0.000000017
13.269585985,TRACKING,,0.000265958,1,0.000000000,-0.000000001,0.050000002,0.000000000,0.000000000,0.050000000,-0.000000000,-0.000000001,0.000000002,0.000000002,0.000000152
13.279579617,TRACKING,,0.000886925,1,0.000000000,0.000000001,0.050000001,0.000000000,0.000000000,0.050000000,-0.000000000,0.000000001,0.000000001,0.000000002,0.000000263
13.289620741,TRACKING,,0.001387972,1,0.000000000,0.000000001,0.050000001,0.000000000,0.000000000,0.050000000,-0.000000000,0.000000001,0.000000001,0.000000002,0.000000263
13.299854211,TRACKING,,0.001927012,1,0.000000000,0.000000003,0.050000002,0.000000000,0.000000000,0.050000000,-0.000000000,0.000000003,0.000000002,0.000000004,0.000000638
13.309820534,TRACKING,,0.000727825,1,-0.000000000,0.000000004,0.050000003,0.000000000,0.000000000,0.050000000,0.000000000,0.000000004,0.000000003,0.000000005,0.000000903
13.319903215,TRACKING,,0.004670898,1,-0.000000000,0.000000006,0.050000003,0.000000000,0.000000000,0.050000000,0.000000000,0.000000006,0.000000003,0.000000007,0.000001128
13.330003705,TRACKING,,0.003450338,1,-0.000000000,0.000000007,0.050000004,0.000000000,0.000000000,0.050000000,0.000000000,0.000000007,0.000000004,0.000000008,0.000001353
13.340000899,TRACKING,,0.002519483,1,-0.000000000,0.000000008,0.050000005,0.000000000,0.000000000,0.050000000,0.000000000,0.000000008,0.000000005,0.000000009,0.000001550
13.350345976,TRACKING,,0.001948385,1,-0.000000000,0.000000009,0.050000005,0.000000000,0.000000000,0.050000000,0.000000000,0.000000009,0.000000005,0.000000010,0.000001723
13.360246997,TRACKING,,0.001054336,1,-0.000000000,0.000000004,0.050000006,0.000000000,0.000000000,0.050000000,0.000000000,0.000000004,0.000000006,0.000000007,0.000000724
13.370352237,TRACKING,,0.001139823,1,-0.000000000,0.000000004,0.050000006,0.000000000,0.000000000,0.050000000,0.000000000,0.000000004,0.000000006,0.000000007,0.000000724
13.380386238,TRACKING,,0.001618310,1,0.000000000,-0.000000001,0.050000000,0.000000000,0.000000000,0.050000000,-0.000000000,-0.000000001,0.000000000,0.000000001,0.000000123
13.390727753,TRACKING,,0.001447337,1,0.000000000,0.000000001,0.049999996,0.000000000,0.000000000,0.050000000,-0.000000000,0.000000001,-0.000000004,0.000000004,0.000000296
13.400595529,TRACKING,,0.001699048,1,0.000000000,0.000000003,0.049999998,0.000000000,0.000000000,0.050000000,-0.000000000,0.000000003,-0.000000002,0.000000004,0.000000569
13.410573726,TRACKING,,0.002302204,1,0.000000000,0.000000004,0.049999999,0.000000000,0.000000000,0.050000000,-0.000000000,0.000000004,-0.000000001,0.000000005,0.000000903
13.420763265,TRACKING,,0.002042182,1,0.000000000,0.000000006,0.050000000,0.000000000,0.000000000,0.050000000,-0.000000000,0.000000006,0.000000000,0.000000006,0.000001126
13.431218762,TRACKING,,0.000790752,1,0.000000000,0.000000007,0.050000001,0.000000000,0.000000000,0.050000000,-0.000000000,0.000000007,0.000000001,0.000000007,0.000001355
13.441137593,TRACKING,,0.001215811,1,0.000000000,0.000000007,0.050000001,0.000000000,0.000000000,0.050000000,-0.000000000,0.000000007,0.000000001,0.000000007,0.000001355
13.451306948,TRACKING,,0.000151976,1,-0.000000000,0.000000008,0.050000002,0.000000000,0.000000000,0.050000000,0.000000000,0.000000008,0.000000002,0.000000008,0.000001614
13.461351634,TRACKING,,0.001056710,1,-0.000000000,0.000000006,0.050000003,0.000000000,0.000000000,0.050000000,0.000000000,0.000000006,0.000000003,0.000000007,0.000001173
13.471411756,TRACKING,,0.001010405,1,-0.000000000,-0.000000000,0.050000004,0.000000000,0.000000000,0.050000000,0.000000000,-0.000000000,0.000000004,0.000000004,0.000000079
13.481971737,TRACKING,,0.005540013,1,-0.000000000,-0.000000000,0.050000004,0.000000000,0.000000000,0.050000000,0.000000000,-0.000000000,0.000000004,0.000000004,0.000000079
13.492074602,TRACKING,,0.004864430,1,-0.000000000,0.000000001,0.050000005,0.000000000,0.000000000,0.050000000,0.000000000,0.000000001,0.000000005,0.000000005,0.000000274
13.502197651,TRACKING,,0.002063554,1,0.000000000,0.000000003,0.050000002,0.000000000,0.000000000,0.050000000,-0.000000000,0.000000003,0.000000002,0.000000004,0.000000661
13.513445088,TRACKING,,0.003896768,1,0.000000000,0.000000005,0.049999996,0.000000000,0.000000000,0.050000000,-0.000000000,0.000000005,-0.000000004,0.000000006,0.000000946
13.523557451,TRACKING,,0.004248213,1,0.000000000,0.000000005,0.049999996,0.000000000,0.000000000,0.050000000,-0.000000000,0.000000005,-0.000000004,0.000000006,0.000000946
13.533565331,TRACKING,,0.004434622,1,0.000000000,0.000000006,0.049999998,0.000000000,0.000000000,0.050000000,-0.000000000,0.000000006,-0.000000002,0.000000006,0.000001248
13.543726374,TRACKING,,0.002116983,1,0.000000000,0.000000007,0.049999999,0.000000000,0.000000000,0.050000000,-0.000000000,0.000000007,-0.000000001,0.000000007,0.000001457
13.553750876,TRACKING,,0.002616843,1,0.000000000,0.000000008,0.050000000,0.000000000,0.000000000,0.050000000,-0.000000000,0.000000008,0.000000000,0.000000008,0.000001646
13.563927354,TRACKING,,0.001932949,1,-0.000000000,0.000000006,0.050000001,0.000000000,0.000000000,0.050000000,0.000000000,0.000000006,0.000000001,0.000000006,0.000001219
13.573944732,TRACKING,,0.007109643,1,-0.000000000,0.000000002,0.050000002,0.000000000,0.000000000,0.050000000,0.000000000,0.000000002,0.000000002,0.000000003,0.000000313
13.587074063,TRACKING,,0.002969475,1,-0.000000000,-0.000000001,0.050000003,0.000000000,0.000000000,0.050000000,0.000000000,-0.000000001,0.000000003,0.000000003,0.000000172
13.597226795,TRACKING,,0.002374631,1,-0.000000000,0.000000001,0.050000004,0.000000000,0.000000000,0.050000000,0.000000000,0.000000001,0.000000004,0.000000004,0.000000232
13.607313038,TRACKING,,0.000535480,1,-0.000000000,0.000000003,0.050000004,0.000000000,0.000000000,0.050000000,0.000000000,0.000000003,0.000000004,0.000000005,0.000000588
13.617275799,TRACKING,,0.000524793,1,-0.000000000,0.000000003,0.050000004,0.000000000,0.000000000,0.050000000,0.000000000,0.000000003,0.000000004,0.000000005,0.000000588
13.628110050,TRACKING,,0.005946075,1,-0.000000000,0.000000005,0.050000005,0.000000000,0.000000000,0.050000000,0.000000000,0.000000005,0.000000005,0.000000007,0.000000952
13.638208166,TRACKING,,0.001478208,1,-0.000000000,0.000000006,0.050000006,0.000000000,0.000000000,0.050000000,0.000000000,0.000000006,0.000000006,0.000000008,0.000001251
13.648299157,TRACKING,,0.001275177,1,-0.000000000,0.000000007,0.050000006,0.000000000,0.000000000,0.050000000,0.000000000,0.000000007,0.000000006,0.000000009,0.000001440
13.658312974,TRACKING,,0.001038900,1,-0.000000000,0.000000007,0.050000006,0.000000000,0.000000000,0.050000000,0.000000000,0.000000007,0.000000006,0.000000009,0.000001440
13.668396841,TRACKING,,0.000857241,1,0.000000000,0.000000009,0.049999996,0.000000000,0.000000000,0.050000000,-0.000000000,0.000000009,-0.000000004,0.000000010,0.000001783
13.678459337,TRACKING,,0.001139822,1,0.000000000,0.000000009,0.049999996,0.000000000,0.000000000,0.050000000,-0.000000000,0.000000009,-0.000000004,0.000000010,0.000001783
13.688551516,TRACKING,,0.001373724,1,0.000000000,0.000000010,0.049999998,0.000000000,0.000000000,0.050000000,-0.000000000,0.000000010,-0.000000002,0.000000010,0.000001990
13.698663880,TRACKING,,0.001479395,1,0.000000000,0.000000005,0.049999999,0.000000000,0.000000000,0.050000000,-0.000000000,0.000000005,-0.000000001,0.000000005,0.000001096
13.708560152,TRACKING,,0.002138354,1,0.000000000,0.000000005,0.049999999,0.000000000,0.000000000,0.050000000,-0.000000000,0.000000005,-0.000000001,0.000000005,0.000001096
13.718947972,TRACKING,,0.003144011,1,0.000000000,0.000000007,0.050000001,0.000000000,0.000000000,0.050000000,-0.000000000,0.000000007,0.000000001,0.000000007,0.000001370
13.729078145,TRACKING,,0.004298081,1,-0.000000000,0.000000008,0.050000002,0.000000000,0.000000000,0.050000000,0.000000000,0.000000008,0.000000002,0.000000008,0.000001605
13.738934048,TRACKING,,0.001005656,1,-0.000000000,0.000000009,0.050000003,0.000000000,0.000000000,0.050000000,0.000000000,0.000000009,0.000000003,0.000000009,0.000001816
13.749035726,TRACKING,,0.002090862,1,-0.000000000,0.000000009,0.050000003,0.000000000,0.000000000,0.050000000,0.000000000,0.000000009,0.000000003,0.000000009,0.000001816
13.759154026,TRACKING,,0.003171319,1,-0.000000000,0.000000003,0.050000003,0.000000000,0.000000000,0.050000000,0.000000000,0.000000003,0.000000003,0.000000005,0.000000598
13.769239081,TRACKING,,0.004064179,1,0.000000000,0.000000002,0.049999999,0.000000000,0.000000000,0.050000000,-0.000000000,0.000000002,-0.000000001,0.000000002,0.000000453
13.779197093,TRACKING,,0.000620966,1,0.000000000,0.000000004,0.049999993,0.000000000,0.000000000,0.050000000,-0.000000000,0.000000004,-0.000000007,0.000000008,0.000000789
13.789389006,TRACKING,,0.001634933,1,0.000000000,0.000000004,0.049999993,0.000000000,0.000000000,0.050000000,-0.000000000,0.000000004,-0.000000007,0.000000008,0.000000789
13.799512055,TRACKING,,0.002831747,1,0.000000000,0.000000005,0.049999995,0.000000000,0.000000000,0.050000000,-0.000000000,0.000000005,-0.000000005,0.000000007,0.000001086
13.809567428,TRACKING,,0.003766164,1,0.000000000,0.000000007,0.049999997,0.000000000,0.000000000,0.050000000,-0.000000000,0.000000007,-0.000000003,0.000000007,0.000001352
13.819676229,TRACKING,,0.000027308,1,0.000000000,0.000000007,0.049999997,0.000000000,0.000000000,0.050000000,-0.000000000,0.000000007,-0.000000003,0.000000007,0.000001352
13.829646114,TRACKING,,0.001068584,1,0.000000000,0.000000008,0.049999998,0.000000000,0.000000000,0.050000000,-0.000000000,0.000000008,-0.000000002,0.000000008,0.000001595
13.839785786,TRACKING,,0.001915139,1,-0.000000000,0.000000009,0.050000000,0.000000000,0.000000000,0.050000000,0.000000000,0.000000009,-0.000000000,0.000000009,0.000001810
13.849869654,TRACKING,,0.003186753,1,-0.000000000,0.000000005,0.050000001,0.000000000,0.000000000,0.050000000,0.000000000,0.000000005,0.000000001,0.000000005,0.000001053
13.859949960,TRACKING,,0.004385942,1,-0.000000000,0.000000005,0.050000001,0.000000000,0.000000000,0.050000000,0.000000000,0.000000005,0.000000001,0.000000005,0.000001053
13.869962588,TRACKING,,0.000810937,1,-0.000000000,-0.000000000,0.050000002,0.000000000,0.000000000,0.050000000,0.000000000,-0.000000000,0.000000002,0.000000002,0.000000084
13.879976405,TRACKING,,0.001619498,1,-0.000000000,0.000000002,0.050000003,0.000000000,0.000000000,0.050000000,0.000000000,0.000000002,0.000000003,0.000000003,0.000000310
13.893065367,TRACKING,,0.004459556,1,-0.000000000,0.000000003,0.050000004,0.000000000,0.000000000,0.050000000,0.000000000,0.000000003,0.000000004,0.000000005,0.000000685
13.903030503,TRACKING,,0.004681584,1,-0.000000000,0.000000005,0.050000004,0.000000000,0.000000000,0.050000000,0.000000000,0.000000005,0.000000004,0.000000006,0.000000916
13.913052631,TRACKING,,0.000288518,1,-0.000000000,0.000000006,0.050000005,0.000000000,0.000000000,0.050000000,0.000000000,0.000000006,0.000000005,0.000000007,0.000001130
13.923343091,TRACKING,,0.001486519,1,0.000000000,0.000000007,0.050000001,0.000000000,0.000000000,0.050000000,-0.000000000,0.000000007,0.000000001,0.000000007,0.000001390
13.933214429,TRACKING,,0.002677395,1,0.000000000,0.000000007,0.050000001,0.000000000,0.000000000,0.050000000,-0.000000000,0.000000007,0.000000001,0.000000007,0.000001390
13.943510827,TRACKING,,0.003740043,1,0.000000000,0.000000008,0.049999997,0.000000000,0.000000000,0.050000000,-0.000000000,0.000000008,-0.000000003,0.000000009,0.000001619
13.953681368,TRACKING,,0.000351446,1,0.000000000,0.000000007,0.049999998,0.000000000,0.000000000,0.050000000,-0.000000000,0.000000007,-0.000000002,0.000000007,0.000001337
13.963845973,TRACKING,,0.001206312,1,0.000000000,0.000000001,0.050000000,0.000000000,0.000000000,0.050000000,-0.000000000,0.000000001,-0.000000000,0.000000001,0.000000145
13.973748182,TRACKING,,0.002490987,1,0.000000000,0.000000001,0.050000000,0.000000000,0.000000000,0.050000000,-0.000000000,0.000000001,-0.000000000,0.000000001,0.000000145
13.983898539,TRACKING,,0.003837403,1,-0.000000000,0.000000002,0.050000001,0.000000000,0.000000000,0.050000000,0.000000000,0.000000002,0.000000001,0.000000003,0.000000503
13.993833993,TRACKING,,0.000781253,1,-0.000000000,0.000000004,0.050000002,0.000000000,0.000000000,0.050000000,0.000000000,0.000000004,0.000000002,0.000000005,0.000000819
14.003872742,TRACKING,,0.001981629,1,-0.000000000,0.000000005,0.050000003,0.000000000,0.000000000,0.050000000,0.000000000,0.000000005,0.000000003,0.000000006,0.000001109
14.014056345,TRACKING,,0.003027654,1,-0.000000000,0.000000005,0.050000003,0.000000000,0.000000000,0.050000000,0.000000000,0.000000005,0.000000003,0.000000006,0.000001109
14.024230448,TRACKING,,0.004197159,1,-0.000000000,0.000000007,0.050000004,0.000000000,0.000000000,0.050000000,0.000000000,0.000000007,0.000000004,0.000000008,0.000001371
14.034136219,TRACKING,,0.000776504,1,-0.000000000,0.000000008,0.050000002,0.000000000,0.000000000,0.050000000,0.000000000,0.000000008,0.000000002,0.000000008,0.000001607
14.044313884,TRACKING,,0.001890205,1,0.000000000,0.000000004,0.049999996,0.000000000,0.000000000,0.050000000,-0.000000000,0.000000004,-0.000000004,0.000000006,0.000000860
14.054251712,TRACKING,,0.002834121,1,0.000000000,0.000000004,0.049999996,0.000000000,0.000000000,0.050000000,-0.000000000,0.000000004,-0.000000004,0.000000006,0.000000860
14.064456686,TRACKING,,0.003873022,1,0.000000000,-0.000000001,0.049999997,0.000000000,0.000000000,0.050000000,-0.000000000,-0.000000001,-0.000000003,0.000000003,0.000000282
14.074591609,TRACKING,,0.000344322,1,0.000000000,-0.000000004,0.049999999,0.000000000,0.000000000,0.050000000,-0.000000000,-0.000000004,-0.000000001,0.000000004,0.000000803
14.084736029,TRACKING,,0.001410531,1,0.000000000,-0.000000002,0.050000000,0.000000000,0.000000000,0.050000000,-0.000000000,-0.000000002,0.000000000,0.000000002,0.000000336
14.094785465,TRACKING,,0.002328325,1,0.000000000,-0.000000002,0.050000000,0.000000000,0.000000000,0.050000000,-0.000000000,-0.000000002,0.000000000,0.000000002,0.000000336
14.105007061,TRACKING,,0.000066490,1,-0.000000000,0.000000001,0.050000001,0.000000000,0.000000000,0.050000000,0.000000000,0.000000001,0.000000001,0.000000001,0.000000112
14.114937765,TRACKING,,0.002888738,1,-0.000000000,0.000000002,0.050000002,0.000000000,0.000000000,0.050000000,0.000000000,0.000000002,0.000000002,0.000000003,0.000000503
14.125095247,TRACKING,,0.003928826,1,-0.000000000,0.000000002,0.050000002,0.000000000,0.000000000,0.050000000,0.000000000,0.000000002,0.000000002,0.000000003,0.000000503
14.135237293,TRACKING,,0.000417935,1,-0.000000000,0.000000004,0.050000003,0.000000000,0.000000000,0.050000000,0.000000000,0.000000004,0.000000003,0.000000005,0.000000832
14.145254671,TRACKING,,0.001452086,1,-0.000000000,0.000000006,0.050000004,0.000000000,0.000000000,0.050000000,0.000000000,0.000000006,0.000000004,0.000000007,0.000001122
14.155458457,TRACKING,,0.002732012,1,-0.000000000,0.000000007,0.050000005,0.000000000,0.000000000,0.050000000,0.000000000,0.000000007,0.000000005,0.000000008,0.000001381
14.165534014,TRACKING,,0.003975132,1,-0.000000000,0.000000007,0.050000005,0.000000000,0.000000000,0.050000000,0.000000000,0.000000007,0.000000005,0.000000008,0.000001381
14.175645190,TRACKING,,0.000647087,1,0.000000000,0.000000008,0.049999998,0.000000000,0.000000000,0.050000000,-0.000000000,0.000000008,-0.000000002,0.000000008,0.000001613
14.185638822,TRACKING,,0.001472271,1,0.000000000,0.000000007,0.049999995,0.000000000,0.000000000,0.050000000,-0.000000000,0.000000007,-0.000000005,0.000000008,0.000001331
14.195712004,TRACKING,,0.005743043,1,0.000000000,0.000000007,0.049999995,0.000000000,0.000000000,0.050000000,-0.000000000,0.000000007,-0.000000005,0.000000008,0.000001331
14.205675953,TRACKING,,0.003925264,1,0.000000000,-0.000000000,0.049999997,0.000000000,0.000000000,0.050000000,-0.000000000,-0.000000000,-0.000000003,0.000000003,0.000000068
14.215831059,TRACKING,,0.003047838,1,0.000000000,-0.000000002,0.049999998,0.000000000,0.000000000,0.050000000,-0.000000000,-0.000000002,-0.000000002,0.000000002,0.000000359
14.225808069,TRACKING,,0.003757853,1,-0.000000000,0.000000000,0.050000000,0.000000000,0.000000000,0.050000000,0.000000000,0.000000000,-0.000000000,0.000000000,0.000000085
14.235912121,TRACKING,,0.000593657,1,-0.000000000,0.000000002,0.050000001,0.000000000,0.000000000,0.050000000,0.000000000,0.000000002,0.000000001,0.000000002,0.000000449
14.245903378,TRACKING,,0.001944822,1,-0.000000000,0.000000002,0.050000001,0.000000000,0.000000000,0.050000000,0.000000000,0.000000002,0.000000001,0.000000002,0.000000449
14.256100041,TRACKING,,0.003158258,1,-0.000000000,0.000000004,0.050000002,0.000000000,0.000000000,0.050000000,0.000000000,0.000000004,0.000000002,0.000000004,0.000000769
14.266264646,TRACKING,,0.004414438,1,-0.000000000,0.000000005,0.050000003,0.000000000,0.000000000,0.050000000,0.000000000,0.000000005,0.000000003,0.000000006,0.000001062
14.276223845,TRACKING,,0.001151696,1,-0.000000000,0.000000007,0.050000004,0.000000000,0.000000000,0.050000000,0.000000000,0.000000007,0.000000004,0.000000008,0.000001329
14.286259033,TRACKING,,0.002363945,1,-0.000000000,0.000000007,0.050000004,0.000000000,0.000000000,0.050000000,0.000000000,0.000000007,0.000000004,0.000000008,0.000001329
14.296307281,TRACKING,,0.003381473,1,-0.000000000,0.000000001,0.050000004,0.000000000,0.000000000,0.050000000,0.000000000,0.000000001,0.000000004,0.000000005,0.000000177
14.306494446,TRACKING,,0.003734106,1,-0.000000000,-0.000000005,0.050000005,0.000000000,0.000000000,0.050000000,0.000000000,-0.000000005,0.000000005,0.000000007,0.000000939
14.316942819,TRACKING,,0.003952573,1,-0.000000000,-0.000000005,0.050000005,0.000000000,0.000000000,0.050000000,0.000000000,-0.000000005,0.000000005,0.000000007,0.000000939
14.326731045,TRACKING,,0.002958789,1,0.000000000,-0.000000005,0.050000000,0.000000000,0.000000000,0.050000000,-0.000000000,-0.000000005,0.000000000,0.000000005,0.000000916
14.336761484,TRACKING,,0.003304298,1,0.000000000,-0.000000003,0.049999995,0.000000000,0.000000000,0.050000000,-0.000000000,-0.000000003,-0.000000005,0.000000006,0.000000533
14.349610609,TRACKING,,0.002192971,1,0.000000000,-0.000000001,0.049999994,0.000000000,0.000000000,0.050000000,-0.000000000,-0.000000001,-0.000000006,0.000000006,0.000000182
14.359641047,TRACKING,,0.001897330,1,0.000000000,0.000000001,0.049999996,0.000000000,0.000000000,0.050000000,-0.000000000,0.000000001,-0.000000004,0.000000004,0.000000203
14.369663175,TRACKING,,0.003957321,1,0.000000000,0.000000003,0.049999998,0.000000000,0.000000000,0.050000000,-0.000000000,0.000000003,-0.000000002,0.000000004,0.000000563
14.379704299,TRACKING,,0.004198346,1,0.000000000,0.000000003,0.049999998,0.000000000,0.000000000,0.050000000,-0.000000000,0.000000003,-0.000000002,0.000000004,0.000000563
14.389728801,TRACKING,,0.004233966,1,0.000000000,0.000000005,0.049999999,0.000000000,0.000000000,0.050000000,-0.000000000,0.000000005,-0.000000001,0.000000005,0.000000922
14.402266849,TRACKING,,0.006754636,1,-0.000000000,0.000000006,0.050000001,0.000000000,0.000000000,0.050000000,0.000000000,0.000000006,0.000000001,0.000000006,0.000001221
14.415060170,TRACKING,,0.002352071,1,-0.000000000,0.000000004,0.050000002,0.000000000,0.000000000,0.050000000,0.000000000,0.000000004,0.000000002,0.000000005,0.000000898
14.425290078,TRACKING,,0.001676489,1,-0.000000000,-0.000000002,0.050000003,0.000000000,0.000000000,0.050000000,0.000000000,-0.000000002,0.000000003,0.000000003,0.000000301
14.435362072,TRACKING,,0.001277551,1,-0.000000000,-0.000000006,0.050000003,0.000000000,0.000000000,0.050000000,0.000000000,-0.000000006,0.000000003,0.000000007,0.000001182
14.445999229,TRACKING,,0.006436435,1,-0.000000000,-0.000000006,0.050000003,0.000000000,0.000000000,0.050000000,0.000000000,-0.000000006,0.000000003,0.000000007,0.000001182
14.456160272,TRACKING,,0.000828746,1,-0.000000000,-0.000000004,0.050000004,0.000000000,0.000000000,0.050000000,0.000000000,-0.000000004,0.000000004,0.000000005,0.000000742
14.466166964,TRACKING,,0.000433370,1,-0.000000000,-0.000000001,0.050000005,0.000000000,0.000000000,0.050000000,0.000000000,-0.000000001,0.000000005,0.000000005,0.000000231
14.476148723,TRACKING,,0.001193252,1,-0.000000000,0.000000001,0.050000005,0.000000000,0.000000000,0.050000000,0.000000000,0.000000001,0.000000005,0.000000006,0.000000199
14.486318077,TRACKING,,0.000913046,1,-0.000000000,0.000000001,0.050000005,0.000000000,0.000000000,0.050000000,0.000000000,0.000000001,0.000000005,0.000000006,0.000000199
14.496399570,TRACKING,,0.000593657,1,0.000000000,0.000000002,0.050000000,0.000000000,0.000000000,0.050000000,-0.000000000,0.000000002,0.000000000,0.000000002,0.000000474
14.506600982,TRACKING,,0.000042743,1,0.000000000,0.000000004,0.049999993,0.000000000,0.000000000,0.050000000,-0.000000000,0.000000004,-0.000000007,0.000000008,0.000000839
14.516568493,TRACKING,,0.004965352,1,0.000000000,0.000000005,0.049999992,0.000000000,0.000000000,0.050000000,-0.000000000,0.000000005,-0.000000008,0.000000010,0.000001086
14.526839957,TRACKING,,0.001967381,1,0.000000000,0.000000006,0.049999993,0.000000000,0.000000000,0.050000000,-0.000000000,0.000000006,-0.000000007,0.000000009,0.000001298
14.536713669,TRACKING,,0.004577100,1,0.000000000,0.000000006,0.049999993,0.000000000,0.000000000,0.050000000,-0.000000000,0.000000006,-0.000000007,0.000000009,0.000001298
14.546830782,TRACKING,,0.002713015,1,0.000000000,0.000000008,0.049999996,0.000000000,0.000000000,0.050000000,-0.000000000,0.000000008,-0.000000004,0.000000009,0.000001565
14.559035194,TRACKING,,0.003250869,1,0.000000000,0.000000002,0.049999997,0.000000000,0.000000000,0.050000000,-0.000000000,0.000000002,-0.000000003,0.000000004,0.000000474
14.569000331,TRACKING,,0.003508516,1,0.000000000,-0.000000002,0.049999999,0.000000000,0.000000000,0.050000000,-0.000000000,-0.000000002,-0.000000001,0.000000003,0.000000457
14.579451079,TRACKING,,0.007537077,1,-0.000000000,-0.000000003,0.050000000,0.000000000,0.000000000,0.050000000,0.000000000,-0.000000003,-0.000000000,0.000000003,0.000000623
14.589378221,TRACKING,,0.004945168,1,-0.000000000,-0.000000001,0.050000001,0.000000000,0.000000000,0.050000000,0.000000000,-0.000000001,0.000000001,0.000000001,0.000000201
14.599357604,TRACKING,,0.003062086,1,-0.000000000,0.000000001,0.050000002,0.000000000,0.000000000,0.050000000,0.000000000,0.000000001,0.000000002,0.000000002,0.000000151
14.609423662,TRACKING,,0.004656650,1,-0.000000000,0.000000001,0.050000002,0.000000000,0.000000000,0.050000000,0.000000000,0.000000001,0.000000002,0.000000002,0.000000151
14.619642884,TRACKING,,0.000028496,1,-0.000000000,0.000000003,0.050000003,0.000000000,0.000000000,0.050000000,0.000000000,0.000000003,0.000000003,0.000000004,0.000000521
14.629758809,TRACKING,,0.000262396,1,-0.000000000,0.000000004,0.050000004,0.000000000,0.000000000,0.050000000,0.000000000,0.000000004,0.000000004,0.000000006,0.000000877
14.639836740,TRACKING,,0.001003281,1,-0.000000000,0.000000006,0.050000004,0.000000000,0.000000000,0.050000000,0.000000000,0.000000006,0.000000004,0.000000007,0.000001180
14.649883801,TRACKING,,0.000273083,1,-0.000000000,0.000000007,0.050000005,0.000000000,0.000000000,0.050000000,0.000000000,0.000000007,0.000000005,0.000000008,0.000001389
14.659852499,TRACKING,,0.000951040,1,-0.000000000,0.000000007,0.050000005,0.000000000,0.000000000,0.050000000,0.000000000,0.000000007,0.000000005,0.000000008,0.000001389
14.669912621,TRACKING,,0.001732293,1,0.000000000,0.000000001,0.049999998,0.000000000,0.000000000,0.050000000,-0.000000000,0.000000001,-0.000000002,0.000000002,0.000000155
14.680118782,TRACKING,,0.002591909,1,0.000000000,-0.000000005,0.049999992,0.000000000,0.000000000,0.050000000,-0.000000000,-0.000000005,-0.000000008,0.000000009,0.000000921
14.690168217,TRACKING,,0.003526326,1,0.000000000,-0.000000005,0.049999992,0.000000000,0.000000000,0.050000000,-0.000000000,-0.000000005,-0.000000008,0.000000009,0.000000921
14.700317387,TRACKING,,0.000030870,1,0.000000000,-0.000000002,0.049999994,0.000000000,0.000000000,0.050000000,-0.000000000,-0.000000002,-0.000000006,0.000000006,0.000000440
14.710410753,TRACKING,,0.000677957,1,0.000000000,-0.000000000,0.049999996,0.000000000,0.000000000,0.050000000,-0.000000000,-0.000000000,-0.000000004,0.000000004,0.000000014
14.720472062,TRACKING,,0.001486519,1,0.000000000,0.000000002,0.049999998,0.000000000,0.000000000,0.050000000,-0.000000000,0.000000002,-0.000000002,0.000000003,0.000000384
14.730542869,TRACKING,,0.002249962,1,0.000000000,0.000000002,0.049999998,0.000000000,0.000000000,0.050000000,-0.000000000,0.000000002,-0.000000002,0.000000003,0.000000384
14.740787024,TRACKING,,0.003331606,1,-0.000000000,0.000000004,0.049999999,0.000000000,0.000000000,0.050000000,0.000000000,0.000000004,-0.000000001,0.000000004,0.000000732
14.750935007,TRACKING,,0.004345574,1,-0.000000000,0.000000005,0.050000000,0.000000000,0.000000000,0.050000000,0.000000000,0.000000005,0.000000000,0.000000005,0.000001034
14.760771913,TRACKING,,0.000886924,1,-0.000000000,0.000000006,0.050000002,0.000000000,0.000000000,0.050000000,0.000000000,0.000000006,0.000000002,0.000000007,0.000001306
14.770718052,TRACKING,,0.001610000,1,-0.000000000,0.000000006,0.050000002,0.000000000,0.000000000,0.050000000,0.000000000,0.000000006,0.000000002,0.000000007,0.000001306
14.780982392,TRACKING,,0.002591909,1,-0.000000000,0.000000000,0.050000003,0.000000000,0.000000000,0.050000000,0.000000000,0.000000000,0.000000003,0.000000003,0.000000100
14.791268103,TRACKING,,0.003989379,1,-0.000000000,-0.000000005,0.050000003,0.000000000,0.000000000,0.050000000,0.000000000,-0.000000005,0.000000003,0.000000006,0.000000947
14.804007995,TRACKING,,0.006982600,1,-0.000000000,-0.000000006,0.050000004,0.000000000,0.000000000,0.050000000,0.000000000,-0.000000006,0.000000004,0.000000007,0.000001127
14.814233153,TRACKING,,0.004769445,1,-0.000000000,-0.000000003,0.050000005,0.000000000,0.000000000,0.050000000,0.000000000,-0.000000003,0.000000005,0.000000006,0.000000675
14.824714771,TRACKING,,0.005034216,1,-0.000000000,-0.000000003,0.050000005,0.000000000,0.000000000,0.050000000,0.000000000,-0.000000003,0.000000005,0.000000006,0.000000675
14.834298779,TRACKING,,0.004445308,1,0.000000000,-0.000000001,0.050000000,0.000000000,0.000000000,0.050000000,-0.000000000,-0.000000001,-0.000000000,0.000000001,0.000000180
14.844280538,TRACKING,,0.001803532,1,0.000000000,0.000000001,0.049999995,0.000000000,0.000000000,0.050000000,-0.000000000,0.000000001,-0.000000005,0.000000005,0.000000135
14.854517569,TRACKING,,0.000781253,1,0.000000000,0.000000002,0.049999991,0.000000000,0.000000000,0.050000000,-0.000000000,0.000000002,-0.000000009,0.000000010,0.000000416
14.864467270,TRACKING,,0.001111327,1,0.000000000,0.000000004,0.049999993,0.000000000,0.000000000,0.050000000,-0.000000000,0.000000004,-0.000000007,0.000000008,0.000000749
14.874624751,TRACKING,,0.001634933,1,0.000000000,0.000000005,0.049999995,0.000000000,0.000000000,0.050000000,-0.000000000,0.000000005,-0.000000005,0.000000007,0.000001069
14.884752549,TRACKING,,0.004980788,1,0.000000000,0.000000005,0.049999995,0.000000000,0.000000000,0.050000000,-0.000000000,0.000000005,-0.000000005,0.000000007,0.000001069
14.894831668,TRACKING,,0.002752197,1,0.000000000,0.000000007,0.049999997,0.000000000,0.000000000,0.050000000,-0.000000000,0.000000007,-0.000000003,0.000000007,0.000001312
14.906371184,TRACKING,,0.005363102,1,-0.000000000,0.000000001,0.049999998,0.000000000,0.000000000,0.050000000,0.000000000,0.000000001,-0.000000002,0.000000002,0.000000110
14.916417057,TRACKING,,0.004645965,1,-0.000000000,-0.000000005,0.050000000,0.000000000,0.000000000,0.050000000,0.000000000,-0.000000005,-0.000000000,0.000000005,0.000000910
14.926382193,TRACKING,,0.003117890,1,-0.000000000,-0.000000006,0.050000001,0.000000000,0.000000000,0.050000000,0.000000000,-0.000000006,0.000000001,0.000000006,0.000001127
14.936568170,TRACKING,,0.002948103,1,-0.000000000,-0.000000004,0.050000002,0.000000000,0.000000000,0.050000000,0.000000000,-0.000000004,0.000000002,0.000000004,0.000000734
14.946509560,TRACKING,,0.003757852,1,-0.000000000,-0.000000004,0.050000002,0.000000000,0.000000000,0.050000000,0.000000000,-0.000000004,0.000000002,0.000000004,0.000000734
14.956621923,TRACKING,,0.003588067,1,-0.000000000,-0.000000001,0.050000003,0.000000000,0.000000000,0.050000000,0.000000000,-0.000000001,0.000000003,0.000000003,0.000000271
14.966858955,TRACKING,,0.002679770,1,-0.000000000,0.000000000,0.050000003,0.000000000,0.000000000,0.050000000,0.000000000,0.000000000,0.000000003,0.000000003,0.000000063
14.976863272,TRACKING,,0.004083177,1,-0.000000000,0.000000002,0.050000004,0.000000000,0.000000000,0.050000000,0.000000000,0.000000002,0.000000004,0.000000005,0.000000456
14.987053998,TRACKING,,0.000224403,1,0.000000000,0.000000004,0.050000000,0.000000000,0.000000000,0.050000000,-0.000000000,0.000000004,-0.000000000,0.000000004,0.000000801
14.997015572,TRACKING,,0.000974785,1,0.000000000,0.000000004,0.050000000,0.000000000,0.000000000,0.050000000,-0.000000000,0.000000004,-0.000000000,0.000000004,0.000000801
15.007017515,TRACKING,,0.001211061,1,-0.000000000,0.000000005,0.050000001,0.000000000,0.000000000,0.050000000,0.000000000,0.000000005,0.000000001,0.000000006,0.000001103
15.017044392,TRACKING,,0.001430715,1,-0.000000000,0.000000004,0.050000002,0.000000000,0.000000000,0.050000000,0.000000000,0.000000004,0.000000002,0.000000004,0.000000745
15.027214933,TRACKING,,0.001427153,1,-0.000000000,-0.000000002,0.050000003,0.000000000,0.000000000,0.050000000,0.000000000,-0.000000002,0.000000003,0.000000004,0.000000474
15.037220438,TRACKING,,0.002037433,1,-0.000000000,-0.000000002,0.050000003,0.000000000,0.000000000,0.050000000,0.000000000,-0.000000002,0.000000003,0.000000004,0.000000474
15.047342300,TRACKING,,0.002739137,1,0.000000000,-0.000000005,0.050000001,0.000000000,0.000000000,0.050000000,-0.000000000,-0.000000005,0.000000001,0.000000005,0.000001006
15.057390548,TRACKING,,0.003455087,1,0.000000000,-0.000000003,0.049999994,0.000000000,0.000000000,0.050000000,-0.000000000,-0.000000003,-0.000000006,0.000000006,0.000000505
15.067375869,TRACKING,,0.003320920,1,0.000000000,-0.000000001,0.049999996,0.000000000,0.000000000,0.050000000,-0.000000000,-0.000000001,-0.000000004,0.000000004,0.000000177
15.077388497,TRACKING,,0.004123546,1,0.000000000,-0.000000001,0.049999996,0.000000000,0.000000000,0.050000000,-0.000000000,-0.000000001,-0.000000004,0.000000004,0.000000177
15.087700330,TRACKING,,0.000033244,1,0.000000000,0.000000001,0.049999998,0.000000000,0.000000000,0.050000000,-0.000000000,0.000000001,-0.000000002,0.000000003,0.000000233
15.097818629,TRACKING,,0.003098892,1,0.000000000,0.000000003,0.049999999,0.000000000,0.000000000,0.050000000,-0.000000000,0.000000003,-0.000000001,0.000000003,0.000000665
15.107866878,TRACKING,,0.003445589,1,0.000000000,0.000000003,0.049999999,0.000000000,0.000000000,0.050000000,-0.000000000,0.000000003,-0.000000001,0.000000003,0.000000665
15.117988739,TRACKING,,0.003719858,1,-0.000000000,0.000000005,0.050000001,0.000000000,0.000000000,0.050000000,0.000000000,0.000000005,0.000000001,0.000000005,0.000001001
15.128008492,TRACKING,,0.003892019,1,-0.000000000,0.000000004,0.050000002,0.000000000,0.000000000,0.050000000,0.000000000,0.000000004,0.000000002,0.000000004,0.000000751
15.138173097,TRACKING,,0.003076333,1,-0.000000000,-0.000000001,0.050000003,0.000000000,0.000000000,0.050000000,0.000000000,-0.000000001,0.000000003,0.000000003,0.000000180
15.148141795,TRACKING,,0.003166569,1,-0.000000000,-0.000000005,0.050000003,0.000000000,0.000000000,0.050000000,0.000000000,-0.000000005,0.000000003,0.000000006,0.000000954
15.158199542,TRACKING,,0.003717483,1,-0.000000000,-0.000000005,0.050000003,0.000000000,0.000000000,0.050000000,0.000000000,-0.000000005,0.000000003,0.000000006,0.000000954
15.168304781,TRACKING,,0.004331326,1,-0.000000000,-0.000000002,0.050000004,0.000000000,0.000000000,0.050000000,0.000000000,-0.000000002,0.000000004,0.000000005,0.000000456
15.178537063,TRACKING,,0.000379941,1,0.000000000,-0.000000000,0.049999997,0.000000000,0.000000000,0.050000000,-0.000000000,-0.000000000,-0.000000003,0.000000003,0.000000012
15.188972376,TRACKING,,0.001130324,1,0.000000000,0.000000002,0.049999991,0.000000000,0.000000000,0.050000000,-0.000000000,0.000000002,-0.000000009,0.000000009,0.000000388
15.198768913,TRACKING,,0.002295080,1,0.000000000,0.000000002,0.049999991,0.000000000,0.000000000,0.050000000,-0.000000000,0.000000002,-0.000000009,0.000000009,0.000000388
15.208705554,TRACKING,,0.003209313,1,0.000000000,0.000000004,0.049999993,0.000000000,0.000000000,0.050000000,-0.000000000,0.000000004,-0.000000007,0.000000008,0.000000724
15.218754989,TRACKING,,0.003182005,1,0.000000000,0.000000005,0.049999995,0.000000000,0.000000000,0.050000000,-0.000000000,0.000000005,-0.000000005,0.000000007,0.000001051
15.228980148,TRACKING,,0.003222374,1,0.000000000,0.000000006,0.049999997,0.000000000,0.000000000,0.050000000,-0.000000000,0.000000006,-0.000000003,0.000000007,0.000001257
15.238876419,TRACKING,,0.003755478,1,0.000000000,0.000000006,0.049999997,0.000000000,0.000000000,0.050000000,-0.000000000,0.000000006,-0.000000003,0.000000007,0.000001257
15.249003030,TRACKING,,0.004541481,1,-0.000000000,0.000000008,0.049999998,0.000000000,0.000000000,0.050000000,0.000000000,0.000000008,-0.000000002,0.000000008,0.000001516
15.259275681,TRACKING,,0.000876239,1,-0.000000000,0.000000009,0.050000000,0.000000000,0.000000000,0.050000000,0.000000000,0.000000009,-0.000000000,0.000000009,0.000001742
15.269281186,TRACKING,,0.001758414,1,-0.000000000,0.000000005,0.050000001,0.000000000,0.000000000,0.050000000,0.000000000,0.000000005,0.000000001,0.000000005,0.000000964
15.279298564,TRACKING,,0.002727262,1,-0.000000000,0.000000005,0.050000001,0.000000000,0.000000000,0.050000000,0.000000000,0.000000005,0.000000001,0.000000005,0.000000964
15.289442985,TRACKING,,0.003707985,1,-0.000000000,-0.000000001,0.050000002,0.000000000,0.000000000,0.050000000,0.000000000,-0.000000001,0.000000002,0.000000002,0.000000188
15.299452052,TRACKING,,0.004491613,1,-0.000000000,-0.000000004,0.050000003,0.000000000,0.000000000,0.050000000,0.000000000,-0.000000004,0.000000003,0.000000005,0.000000716
15.309480115,TRACKING,,0.001412905,1,-0.000000000,-0.000000002,0.050000004,0.000000000,0.000000000,0.050000000,0.000000000,-0.000000002,0.000000004,0.000000004,0.000000349
15.319465436,TRACKING,,0.003849276,1,-0.000000000,-0.000000000,0.050000004,0.000000000,0.000000000,0.050000000,0.000000000,-0.000000000,0.000000004,0.000000004,0.000000033
15.329780830,TRACKING,,0.000029683,1,-0.000000000,-0.000000000,0.050000004,0.000000000,0.000000000,0.050000000,0.000000000,-0.000000000,0.000000004,0.000000004,0.000000033
15.339862323,TRACKING,,0.000902359,1,0.000000000,0.000000002,0.050000000,0.000000000,0.000000000,0.050000000,-0.000000000,0.000000002,-0.000000000,0.000000002,0.000000362
15.349909384,TRACKING,,0.001959070,1,0.000000000,0.000000004,0.049999994,0.000000000,0.000000000,0.050000000,-0.000000000,0.000000004,-0.000000006,0.000000007,0.000000706
15.359954070,TRACKING,,0.002715390,1,0.000000000,0.000000005,0.049999993,0.000000000,0.000000000,0.050000000,-0.000000000,0.000000005,-0.000000007,0.000000008,0.000001020
15.370099678,TRACKING,,0.003951385,1,0.000000000,0.000000005,0.049999993,0.000000000,0.000000000,0.050000000,-0.000000000,0.000000005,-0.000000007,0.000000008,0.000001020
15.380122993,TRACKING,,0.000587721,1,0.000000000,0.000000006,0.049999995,0.000000000,0.000000000,0.050000000,-0.000000000,0.000000006,-0.000000005,0.000000008,0.000001288
15.393096786,TRACKING,,0.004324202,1,0.000000000,0.000000005,0.049999997,0.000000000,0.000000000,0.050000000,-0.000000000,0.000000005,-0.000000003,0.000000006,0.000001038
15.403095166,TRACKING,,0.003684239,1,0.000000000,0.000000001,0.049999998,0.000000000,0.000000000,0.050000000,-0.000000000,0.000000001,-0.000000002,0.000000002,0.000000128
15.413255022,TRACKING,,0.004029747,1,-0.000000000,0.000000000,0.050000000,0.000000000,0.000000000,0.050000000,0.000000000,0.000000000,-0.000000000,0.000000000,0.000000039
15.423258153,TRACKING,,0.003971569,1,-0.000000000,0.000000002,0.050000001,0.000000000,0.000000000,0.050000000,0.000000000,0.000000002,0.000000001,0.000000002,0.000000321
15.433280280,TRACKING,,0.004200721,1,-0.000000000,0.000000002,0.050000001,0.000000000,0.000000000,0.050000000,0.000000000,0.000000002,0.000000001,0.000000002,0.000000321
15.443271537,TRACKING,,0.004222093,1,-0.000000000,0.000000003,0.050000002,0.000000000,0.000000000,0.050000000,0.000000000,0.000000003,0.000000002,0.000000004,0.000000706
15.453439704,TRACKING,,0.003749541,1,-0.000000000,0.000000005,0.050000003,0.000000000,0.000000000,0.050000000,0.000000000,0.000000005,0.000000003,0.000000006,0.000001047
15.463635179,TRACKING,,0.003928826,1,-0.000000000,0.000000006,0.050000004,0.000000000,0.000000000,0.050000000,0.000000000,0.000000006,0.000000004,0.000000007,0.000001253
15.473565883,TRACKING,,0.000066489,1,0.000000000,0.000000003,0.049999999,0.000000000,0.000000000,0.050000000,-0.000000000,0.000000003,-0.000000001,0.000000003,0.000000507
15.483542892,TRACKING,,0.004033309,1,0.000000000,0.000000003,0.049999999,0.000000000,0.000000000,0.050000000,-0.000000000,0.000000003,-0.000000001,0.000000003,0.000000507
15.495480159,TRACKING,,0.000026121,1,0.000000000,0.000000004,0.049999994,0.000000000,0.000000000,0.050000000,-0.000000000,0.000000004,-0.000000006,0.000000007,0.000000770
15.505705317,TRACKING,,0.002916046,1,0.000000000,0.000000005,0.049999996,0.000000000,0.000000000,0.050000000,-0.000000000,0.000000005,-0.000000004,0.000000007,0.000001076
15.515684701,TRACKING,,0.002202470,1,0.000000000,0.000000003,0.049999997,0.000000000,0.000000000,0.050000000,-0.000000000,0.000000003,-0.000000003,0.000000004,0.000000661
15.529262837,TRACKING,,0.006506487,1,0.000000000,0.000000002,0.049999999,0.000000000,0.000000000,0.050000000,-0.000000000,0.000000002,-0.000000001,0.000000002,0.000000439
15.539118740,TRACKING,,0.003658118,1,-0.000000000,0.000000004,0.050000000,0.000000000,0.000000000,0.050000000,0.000000000,0.000000004,0.000000000,0.000000004,0.000000803
15.549194296,TRACKING,,0.001050774,1,-0.000000000,0.000000005,0.050000001,0.000000000,0.000000000,0.050000000,0.000000000,0.000000005,0.000000001,0.000000005,0.000001042
15.559242545,TRACKING,,0.002770006,1,-0.000000000,0.000000006,0.050000002,0.000000000,0.000000000,0.050000000,0.000000000,0.000000006,0.000000002,0.000000007,0.000001251
15.569345409,TRACKING,,0.001284675,1,-0.000000000,0.000000002,0.050000003,0.000000000,0.000000000,0.050000000,0.000000000,0.000000002,0.000000003,0.000000003,0.000000310
15.579530199,TRACKING,,0.005703862,1,-0.000000000,0.000000002,0.050000003,0.000000000,0.000000000,0.050000000,0.000000000,0.000000002,0.000000003,0.000000003,0.000000310
15.589649686,TRACKING,,0.004302830,1,-0.000000000,0.000000003,0.050000004,0.000000000,0.000000000,0.050000000,0.000000000,0.000000003,0.000000004,0.000000005,0.000000636
15.599718118,TRACKING,,0.000169786,1,-0.000000000,0.000000004,0.050000004,0.000000000,0.000000000,0.050000000,0.000000000,0.000000004,0.000000004,0.000000006,0.000000875
15.609724810,TRACKING,,0.000706453,1,0.000000000,0.000000006,0.049999997,0.000000000,0.000000000,0.050000000,-0.000000000,0.000000006,-0.000000003,0.000000007,0.000001178
15.619783744,TRACKING,,0.001422403,1,0.000000000,0.000000007,0.049999991,0.000000000,0.000000000,0.050000000,-0.000000000,0.000000007,-0.000000009,0.000000012,0.000001445
15.629728696,TRACKING,,0.000284956,1,0.000000000,0.000000008,0.049999993,0.000000000,0.000000000,0.050000000,-0.000000000,0.000000008,-0.000000007,0.000000011,0.000001636
15.639913485,TRACKING,,0.000375191,1,0.000000000,0.000000009,0.049999994,0.000000000,0.000000000,0.050000000,-0.000000000,0.000000009,-0.000000006,0.000000010,0.000001795
15.649960546,TRACKING,,0.001304860,1,0.000000000,0.000000009,0.049999994,0.000000000,0.000000000,0.050000000,-0.000000000,0.000000009,-0.000000006,0.000000010,0.000001795
15.660108528,TRACKING,,0.002040995,1,0.000000000,0.000000003,0.049999996,0.000000000,0.000000000,0.050000000,-0.000000000,0.000000003,-0.000000004,0.000000005,0.000000547
15.670128281,TRACKING,,0.000581785,1,0.000000000,0.000000002,0.049999998,0.000000000,0.000000000,0.050000000,-0.000000000,0.000000002,-0.000000002,0.000000003,0.000000315
15.680151595,TRACKING,,0.001062647,1,-0.000000000,0.000000003,0.049999999,0.000000000,0.000000000,0.050000000,0.000000000,0.000000003,-0.000000001,0.000000003,0.000000595
15.690388627,TRACKING,,0.001961444,1,-0.000000000,0.000000005,0.050000000,0.000000000,0.000000000,0.050000000,0.000000000,0.000000005,0.000000000,0.000000005,0.000000925
15.700636344,TRACKING,,0.002555103,1,-0.000000000,0.000000005,0.050000000,0.000000000,0.000000000,0.050000000,0.000000000,0.000000005,0.000000000,0.000000005,0.000000925
15.710647785,TRACKING,,0.007015845,1,-0.000000000,0.000000006,0.050000001,0.000000000,0.000000000,0.050000000,0.000000000,0.000000006,0.000000001,0.000000006,0.000001239
15.720669912,TRACKING,,0.002454181,1,0.000000000,0.000000007,0.049999997,0.000000000,0.000000000,0.050000000,-0.000000000,0.000000007,-0.000000003,0.000000008,0.000001509
15.733777871,TRACKING,,0.006919673,1,0.000000000,0.000000003,0.049999993,0.000000000,0.000000000,0.050000000,-0.000000000,0.000000003,-0.000000007,0.000000008,0.000000575
15.740872079,TRACKING,,0.002115796,1,0.000000000,0.000000003,0.049999993,0.000000000,0.000000000,0.050000000,-0.000000000,0.000000003,-0.000000007,0.000000008,0.000000575
15.750737481,TRACKING,,0.000351445,1,0.000000000,0.000000002,0.049999993,0.000000000,0.000000000,0.050000000,-0.000000000,0.000000002,-0.000000007,0.000000008,0.000000456
15.760903273,TRACKING,,0.000097360,1,0.000000000,0.000000004,0.049999994,0.000000000,0.000000000,0.050000000,-0.000000000,0.000000004,-0.000000006,0.000000007,0.000000728
15.771115371,TRACKING,,0.000319388,1,0.000000000,0.000000005,0.049999996,0.000000000,0.000000000,0.050000000,-0.000000000,0.000000005,-0.000000004,0.000000006,0.000000958
15.780999770,TRACKING,,0.001252617,1,-0.000000000,0.000000006,0.049999997,0.000000000,0.000000000,0.050000000,0.000000000,0.000000006,-0.000000003,0.000000007,0.000001248
15.791170311,TRACKING,,0.002173974,1,-0.000000000,0.000000006,0.049999997,0.000000000,0.000000000,0.050000000,0.000000000,0.000000006,-0.000000003,0.000000007,0.000001248
15.801307608,TRACKING,,0.003208126,1,-0.000000000,0.000000007,0.049999999,0.000000000,0.000000000,0.050000000,0.000000000,0.000000007,-0.000000001,0.000000008,0.000001498
15.811801099,TRACKING,,0.004179349,1,-0.000000000,0.000000009,0.050000000,0.000000000,0.000000000,0.050000000,0.000000000,0.000000009,0.000000000,0.000000009,0.000001727
15.821679561,TRACKING,,0.004296893,1,-0.000000000,0.000000009,0.050000001,0.000000000,0.000000000,0.050000000,0.000000000,0.000000009,0.000000001,0.000000009,0.000001877
15.831943901,TRACKING,,0.000251711,1,-0.000000000,0.000000005,0.050000002,0.000000000,0.000000000,0.050000000,0.000000000,0.000000005,0.000000002,0.000000006,0.000001082
15.841806928,TRACKING,,0.000866740,1,-0.000000000,0.000000005,0.050000002,0.000000000,0.000000000,0.050000000,0.000000000,0.000000005,0.000000002,0.000000006,0.000001082
15.851795810,TRACKING,,0.001700236,1,0.000000000,-0.000000001,0.049999996,0.000000000,0.000000000,0.050000000,-0.000000000,-0.000000001,-0.000000004,0.000000004,0.000000107
15.861918859,TRACKING,,0.002635840,1,0.000000000,-0.000000001,0.049999990,0.000000000,0.000000000,0.050000000,-0.000000000,-0.000000001,-0.000000010,0.000000010,0.000000176
15.871938611,TRACKING,,0.003560758,1,0.000000000,-0.000000001,0.049999990,0.000000000,0.000000000,0.050000000,-0.000000000,-0.000000001,-0.000000010,0.000000010,0.000000176
15.883099374,TRACKING,,0.000863178,1,0.000000000,0.000000001,0.049999992,0.000000000,0.000000000,0.050000000,-0.000000000,0.000000001,-0.000000008,0.000000008,0.000000243
15.893011081,TRACKING,,0.002213156,1,0.000000000,0.000000003,0.049999994,0.000000000,0.000000000,0.050000000,-0.000000000,0.000000003,-0.000000006,0.000000006,0.000000559
15.903227928,TRACKING,,0.000476114,1,0.000000000,0.000000004,0.049999996,0.000000000,0.000000000,0.050000000,-0.000000000,0.000000004,-0.000000004,0.000000006,0.000000811
15.914261647,TRACKING,,0.005322734,1,-0.000000000,0.000000005,0.049999997,0.000000000,0.000000000,0.050000000,0.000000000,0.000000005,-0.000000003,0.000000006,0.000001097
15.924118738,TRACKING,,0.003624873,1,-0.000000000,0.000000007,0.049999999,0.000000000,0.000000000,0.050000000,0.000000000,0.000000007,-0.000000001,0.000000007,0.000001331
15.934220415,TRACKING,,0.002540854,1,-0.000000000,0.000000008,0.050000000,0.000000000,0.000000000,0.050000000,0.000000000,0.000000008,-0.000000000,0.000000008,0.000001531
15.944290035,TRACKING,,0.002021997,1,-0.000000000,0.000000008,0.050000001,0.000000000,0.000000000,0.050000000,0.000000000,0.000000008,0.000000001,0.000000009,0.000001704
15.954351343,TRACKING,,0.001461585,1,-0.000000000,0.000000009,0.050000002,0.000000000,0.000000000,0.050000000,0.000000000,0.000000009,0.000000002,0.000000009,0.000001860
15.964437585,TRACKING,,0.002107484,1,-0.000000000,0.000000009,0.050000002,0.000000000,0.000000000,0.050000000,0.000000000,0.000000009,0.000000002,0.000000009,0.000001860
15.975004690,TRACKING,,0.000702891,1,-0.000000000,0.000000003,0.050000000,0.000000000,0.000000000,0.050000000,0.000000000,0.000000003,-0.000000000,0.000000003,0.000000507
15.984986449,TRACKING,,0.003426591,1,0.000000000,-0.000000003,0.049999993,0.000000000,0.000000000,0.050000000,-0.000000000,-0.000000003,-0.000000007,0.000000007,0.000000654
15.995115434,TRACKING,,0.001808281,1,0.000000000,-0.000000001,0.049999989,0.000000000,0.000000000,0.050000000,-0.000000000,-0.000000001,-0.000000011,0.000000011,0.000000265
16.005185054,TRACKING,,0.002128856,1,0.000000000,-0.000000001,0.049999989,0.000000000,0.000000000,0.050000000,-0.000000000,-0.000000001,-0.000000011,0.000000011,0.000000265
16.015810337,TRACKING,,0.002976599,1,0.000000000,0.000000001,0.049999991,0.000000000,0.000000000,0.050000000,-0.000000000,0.000000001,-0.000000009,0.000000009,0.000000175
16.025876395,TRACKING,,0.002492175,1,0.000000000,0.000000003,0.049999994,0.000000000,0.000000000,0.050000000,-0.000000000,0.000000003,-0.000000006,0.000000007,0.000000581
16.035883087,TRACKING,,0.002436371,1,0.000000000,0.000000004,0.049999995,0.000000000,0.000000000,0.050000000,-0.000000000,0.000000004,-0.000000005,0.000000006,0.000000826
16.046045318,TRACKING,,0.002547978,1,0.000000000,0.000000004,0.049999995,0.000000000,0.000000000,0.050000000,-0.000000000,0.000000004,-0.000000005,0.000000006,0.000000826
16.055980771,TRACKING,,0.002555102,1,-0.000000000,0.000000003,0.049999997,0.000000000,0.000000000,0.050000000,0.000000000,0.000000003,-0.000000003,0.000000004,0.000000620
16.066140626,TRACKING,,0.002751009,1,-0.000000000,-0.000000001,0.049999999,0.000000000,0.000000000,0.050000000,0.000000000,-0.000000001,-0.000000001,0.000000002,0.000000229
16.076093889,TRACKING,,0.002965913,1,-0.000000000,-0.000000001,0.050000000,0.000000000,0.000000000,0.050000000,0.000000000,-0.000000001,0.000000000,0.000000001,0.000000287
16.086186068,TRACKING,,0.003411156,1,-0.000000000,-0.000000001,0.050000000,0.000000000,0.000000000,0.050000000,0.000000000,-0.000000001,0.000000000,0.000000001,0.000000287
16.096239066,TRACKING,,0.003694925,1,-0.000000000,0.000000001,0.050000001,0.000000000,0.000000000,0.050000000,0.000000000,0.000000001,0.000000001,0.000000001,0.000000148
16.106376362,TRACKING,,0.002158539,1,-0.000000000,0.000000002,0.050000002,0.000000000,0.000000000,0.050000000,0.000000000,0.000000002,0.000000002,0.000000003,0.000000436
16.119999616,TRACKING,,0.002888738,1,-0.000000000,0.000000004,0.050000003,0.000000000,0.000000000,0.050000000,0.000000000,0.000000004,0.000000003,0.000000005,0.000000768
16.130160659,TRACKING,,0.003692550,1,0.000000000,0.000000005,0.049999998,0.000000000,0.000000000,0.050000000,-0.000000000,0.000000005,-0.000000002,0.000000006,0.000001094
16.140060493,TRACKING,,0.007651059,1,0.000000000,0.000000005,0.049999998,0.000000000,0.000000000,0.050000000,-0.000000000,0.000000005,-0.000000002,0.000000006,0.000001094
16.151101337,TRACKING,,0.018509056,1,0.000000000,0.000000005,0.049999998,0.000000000,0.000000000,0.050000000,-0.000000000,0.000000005,-0.000000002,0.000000006,0.000001094
16.161226760,TRACKING,,0.000428621,1,-0.000000000,-0.000000003,0.049999998,0.000000000,0.000000000,0.050000000,0.000000000,-0.000000003,-0.000000002,0.000000003,0.000000578
16.171316564,TRACKING,,0.003773287,1,-0.000000000,-0.000000003,0.049999998,0.000000000,0.000000000,0.050000000,0.000000000,-0.000000003,-0.000000002,0.000000003,0.000000578
16.181588028,TRACKING,,0.008556980,1,-0.000000000,-0.000000007,0.050000000,0.000000000,0.000000000,0.050000000,0.000000000,-0.000000007,-0.000000000,0.000000007,0.000001456
16.191537729,TRACKING,,0.002578848,1,-0.000000000,-0.000000009,0.050000001,0.000000000,0.000000000,0.050000000,0.000000000,-0.000000009,0.000000001,0.000000009,0.000001747
16.201818691,TRACKING,,0.005791723,1,-0.000000000,-0.000000009,0.050000001,0.000000000,0.000000000,0.050000000,0.000000000,-0.000000009,0.000000001,0.000000009,0.000001747
16.211790950,TRACKING,,0.002635840,1,-0.000000000,-0.000000006,0.050000002,0.000000000,0.000000000,0.050000000,0.000000000,-0.000000006,0.000000002,0.000000006,0.000001212
16.221591050,TRACKING,,0.006105175,1,0.000000000,-0.000000003,0.049999996,0.000000000,0.000000000,0.050000000,-0.000000000,-0.000000003,-0.000000004,0.000000006,0.000000696
16.234435425,TRACKING,,0.000767006,1,0.000000000,-0.000000001,0.049999998,0.000000000,0.000000000,0.050000000,-0.000000000,-0.000000001,-0.000000002,0.000000003,0.000000171
16.246316888,TRACKING,,0.002033870,1,-0.000000000,0.000000001,0.049999999,0.000000000,0.000000000,0.050000000,0.000000000,0.000000001,-0.000000001,0.000000001,0.000000211
16.256177540,TRACKING,,0.005354791,1,-0.000000000,0.000000001,0.049999999,0.000000000,0.000000000,0.050000000,0.000000000,0.000000001,-0.000000001,0.000000001,0.000000211
16.266232912,TRACKING,,0.006682210,1,-0.000000000,-0.000000001,0.050000000,0.000000000,0.000000000,0.050000000,0.000000000,-0.000000001,0.000000000,0.000000002,0.000000298
16.278389832,TRACKING,,0.002990847,1,-0.000000000,-0.000000007,0.050000002,0.000000000,0.000000000,0.050000000,0.000000000,-0.000000007,0.000000002,0.000000008,0.000001504
16.288452328,TRACKING,,0.000176910,1,-0.000000000,-0.000000007,0.050000002,0.000000000,0.000000000,0.050000000,0.000000000,-0.000000007,0.000000002,0.000000008,0.000001504
16.298318917,TRACKING,,0.002575287,1,-0.000000000,-0.000000005,0.050000003,0.000000000,0.000000000,0.050000000,0.000000000,-0.000000005,0.000000003,0.000000006,0.000000982
16.308350542,TRACKING,,0.005218250,1,-0.000000000,-0.000000002,0.050000004,0.000000000,0.000000000,0.050000000,0.000000000,-0.000000002,0.000000004,0.000000004,0.000000458
16.318541268,TRACKING,,0.002513546,1,-0.000000000,-0.000000000,0.050000001,0.000000000,0.000000000,0.050000000,0.000000000,-0.000000000,0.000000001,0.000000001,0.000000058
16.328448226,TRACKING,,0.005372601,1,-0.000000000,-0.000000000,0.050000001,0.000000000,0.000000000,0.050000000,0.000000000,-0.000000000,0.000000001,0.000000001,0.000000058
16.338646076,TRACKING,,0.002792565,1,0.000000000,0.000000002,0.049999994,0.000000000,0.000000000,0.050000000,-0.000000000,0.000000002,-0.000000006,0.000000006,0.000000365
16.348874796,TRACKING,,0.004419187,1,0.000000000,-0.000000003,0.049999992,0.000000000,0.000000000,0.050000000,-0.000000000,-0.000000003,-0.000000008,0.000000008,0.000000626
16.358747321,TRACKING,,0.000784815,1,0.000000000,-0.000000009,0.049999995,0.000000000,0.000000000,0.050000000,-0.000000000,-0.000000009,-0.000000005,0.000000010,0.000001790
16.368839500,TRACKING,,0.004637653,1,0.000000000,-0.000000009,0.049999995,0.000000000,0.000000000,0.050000000,-0.000000000,-0.000000009,-0.000000005,0.000000010,0.000001790
16.379671376,TRACKING,,0.004333700,1,0.000000000,-0.000000009,0.049999997,0.000000000,0.000000000,0.050000000,-0.000000000,-0.000000009,-0.000000003,0.000000009,0.000001794
16.389095096,TRACKING,,0.005544762,1,-0.000000000,-0.000000007,0.049999998,0.000000000,0.000000000,0.050000000,0.000000000,-0.000000007,-0.000000002,0.000000007,0.000001353
16.400305726,TRACKING,,0.001802345,1,-0.000000000,-0.000000004,0.050000000,0.000000000,0.000000000,0.050000000,0.000000000,-0.000000004,-0.000000000,0.000000004,0.000000780
16.410323104,TRACKING,,0.000786002,1,-0.000000000,-0.000000002,0.050000001,0.000000000,0.000000000,0.050000000,0.000000000,-0.000000002,0.000000001,0.000000002,0.000000385
16.420638498,TRACKING,,0.005059150,1,-0.000000000,-0.000000002,0.050000001,0.000000000,0.000000000,0.050000000,0.000000000,-0.000000002,0.000000001,0.000000002,0.000000385
16.431063125,TRACKING,,0.008236406,1,-0.000000000,-0.000000004,0.050000002,0.000000000,0.000000000,0.050000000,0.000000000,-0.000000004,0.000000002,0.000000004,0.000000733
16.440968895,TRACKING,,0.008813440,1,-0.000000000,-0.000000004,0.050000002,0.000000000,0.000000000,0.050000000,0.000000000,-0.000000004,0.000000002,0.000000004,0.000000733
16.450791553,TRACKING,,0.000406061,1,-0.000000000,-0.000000011,0.050000003,0.000000000,0.000000000,0.050000000,0.000000000,-0.000000011,0.000000003,0.000000012,0.000002244
16.461110509,TRACKING,,0.005194504,1,-0.000000000,-0.000000015,0.050000004,0.000000000,0.000000000,0.050000000,0.000000000,-0.000000015,0.000000004,0.000000015,0.000002978
16.470967600,TRACKING,,0.001842713,1,0.000000000,-0.000000014,0.050000000,0.000000000,0.000000000,0.050000000,-0.000000000,-0.000000014,0.000000000,0.000000014,0.000002842
16.481079963,TRACKING,,0.000819248,1,0.000000000,-0.000000011,0.049999995,0.000000000,0.000000000,0.050000000,-0.000000000,-0.000000011,-0.000000005,0.000000012,0.000002289
16.491176891,TRACKING,,0.002798502,1,0.000000000,-0.000000011,0.049999995,0.000000000,0.000000000,0.050000000,-0.000000000,-0.000000011,-0.000000005,0.000000012,0.000002289
16.501328435,TRACKING,,0.008466744,1,0.000000000,-0.000000008,0.049999997,0.000000000,0.000000000,0.050000000,-0.000000000,-0.000000008,-0.000000003,0.000000009,0.000001701
16.511350562,TRACKING,,0.018541113,1,0.000000000,-0.000000008,0.049999997,0.000000000,0.000000000,0.050000000,-0.000000000,-0.000000008,-0.000000003,0.000000009,0.000001701
16.521229024,TRACKING,,0.028603609,1,0.000000000,-0.000000008,0.049999997,0.000000000,0.000000000,0.050000000,-0.000000000,-0.000000008,-0.000000003,0.000000009,0.000001701
16.531569352,TRACKING,,0.001734667,1,0.000000000,-0.000000015,0.049999999,0.000000000,0.000000000,0.050000000,-0.000000000,-0.000000015,-0.000000001,0.000000015,0.000003028
16.541667467,TRACKING,,0.005171945,1,0.000000000,-0.000000015,0.049999999,0.000000000,0.000000000,0.050000000,-0.000000000,-0.000000015,-0.000000001,0.000000015,0.000003028
16.552079034,TRACKING,,0.006696457,1,-0.000000000,-0.000000014,0.050000001,0.000000000,0.000000000,0.050000000,0.000000000,-0.000000014,0.000000001,0.000000014,0.000002886
16.563444014,TRACKING,,0.001144572,1,-0.000000000,-0.000000014,0.050000001,0.000000000,0.000000000,0.050000000,0.000000000,-0.000000014,0.000000001,0.000000014,0.000002886
16.573181186,TRACKING,,0.003341105,1,-0.000000000,-0.000000010,0.050000002,0.000000000,0.000000000,0.050000000,0.000000000,-0.000000010,0.000000002,0.000000010,0.000002061
16.583295923,TRACKING,,0.002092049,1,-0.000000000,-0.000000015,0.050000003,0.000000000,0.000000000,0.050000000,0.000000000,-0.000000015,0.000000003,0.000000015,0.000002929
16.594161044,TRACKING,,0.001918701,1,-0.000000000,-0.000000020,0.050000004,0.000000000,0.000000000,0.050000000,0.000000000,-0.000000020,0.000000004,0.000000020,0.000003949
16.604225915,TRACKING,,0.001663429,1,-0.000000000,-0.000000024,0.050000005,0.000000000,0.000000000,0.050000000,0.000000000,-0.000000024,0.000000005,0.000000025,0.000004914
16.614446323,TRACKING,,0.006133670,1,-0.000000000,-0.000000024,0.050000005,0.000000000,0.000000000,0.050000000,0.000000000,-0.000000024,0.000000005,0.000000025,0.000004914
16.624368716,TRACKING,,0.000197095,1,-0.000000000,-0.000000031,0.050000005,0.000000000,0.000000000,0.050000000,0.000000000,-0.000000031,0.000000005,0.000000032,0.000006320
16.634287547,TRACKING,,0.004377631,1,-0.000000000,-0.000000031,0.050000005,0.000000000,0.000000000,0.050000000,0.000000000,-0.000000031,0.000000005,0.000000032,0.000006320
16.644587505,TRACKING,,0.002315265,1,-0.000000000,-0.000000035,0.050000006,0.000000000,0.000000000,0.050000000,0.000000000,-0.000000035,0.000000006,0.000000035,0.000006992
16.654492088,TRACKING,,0.001050774,1,-0.000000000,-0.000000038,0.050000006,0.000000000,0.000000000,0.050000000,0.000000000,-0.000000038,0.000000006,0.000000038,0.000007618
16.664672128,TRACKING,,0.003291237,1,-0.000000000,-0.000000040,0.050000007,0.000000000,0.000000000,0.050000000,0.000000000,-0.000000040,0.000000007,0.000000041,0.000008157
16.675071822,TRACKING,,0.001556570,1,-0.000000000,-0.000000043,0.050000007,0.000000000,0.000000000,0.050000000,0.000000000,-0.000000043,0.000000007,0.000000044,0.000008723
16.684756751,TRACKING,,0.004072490,1,-0.000000000,-0.000000043,0.050000007,0.000000000,0.000000000,0.050000000,0.000000000,-0.000000043,0.000000007,0.000000044,0.000008723
16.694923731,TRACKING,,0.003523951,1,0.000000000,-0.000000053,0.050000000,0.000000000,0.000000000,0.050000000,-0.000000000,-0.000000053,-0.000000000,0.000000053,0.000010675
16.705106145,TRACKING,,0.000630465,1,0.000000000,-0.000000060,0.049999998,0.000000000,0.000000000,0.050000000,-0.000000000,-0.000000060,-0.000000002,0.000000060,0.000012138
16.715117587,TRACKING,,0.004818125,1,0.000000000,-0.000000068,0.049999999,0.000000000,0.000000000,0.050000000,-0.000000000,-0.000000068,-0.000000001,0.000000068,0.000013680
16.725034043,TRACKING,,0.001915140,1,0.000000000,-0.000000074,0.050000000,0.000000000,0.000000000,0.050000000,-0.000000000,-0.000000074,0.000000000,0.000000074,0.000014818
16.735271074,TRACKING,,0.000875052,1,0.000000000,-0.000000080,0.050000001,0.000000000,0.000000000,0.050000000,-0.000000000,-0.000000080,0.000000001,0.000000080,0.000016126
16.745366814,TRACKING,,0.001985191,1,0.000000000,-0.000000080,0.050000001,0.000000000,0.000000000,0.050000000,-0.000000000,-0.000000080,0.000000001,0.000000080,0.000016126
16.755238152,TRACKING,,0.003286488,1,-0.000000000,-0.000000078,0.050000003,0.000000000,0.000000000,0.050000000,0.000000000,-0.000000078,0.000000003,0.000000078,0.000015792
16.765494181,TRACKING,,0.001561319,1,-0.000000000,-0.000000077,0.050000004,0.000000000,0.000000000,0.050000000,0.000000000,-0.000000077,0.000000004,0.000000077,0.000015594
16.775315651,TRACKING,,0.003675928,1,-0.000000000,-0.000000077,0.050000004,0.000000000,0.000000000,0.050000000,0.000000000,-0.000000077,0.000000004,0.000000077,0.000015594
16.785635795,TRACKING,,0.002585973,1,-0.000000000,-0.000000076,0.050000004,0.000000000,0.000000000,0.050000000,0.000000000,-0.000000076,0.000000004,0.000000076,0.000015388
16.795596181,TRACKING,,0.007030093,1,-0.000000000,-0.000000076,0.050000005,0.000000000,0.000000000,0.050000000,0.000000000,-0.000000076,0.000000005,0.000000076,0.000015240
16.806122917,TRACKING,,0.001908016,1,0.000000000,-0.000000075,0.049999997,0.000000000,0.000000000,0.050000000,-0.000000000,-0.000000075,-0.000000003,0.000000075,0.000015053
16.816197286,TRACKING,,0.003703236,1,0.000000000,-0.000000075,0.049999997,0.000000000,0.000000000,0.050000000,-0.000000000,-0.000000075,-0.000000003,0.000000075,0.000015053
16.826315586,TRACKING,,0.001447337,1,0.000000000,-0.000000074,0.049999999,0.000000000,0.000000000,0.050000000,-0.000000000,-0.000000074,-0.000000001,0.000000074,0.000014883
16.836525309,TRACKING,,0.006274961,1,0.000000000,-0.000000073,0.050000000,0.000000000,0.000000000,0.050000000,-0.000000000,-0.000000073,-0.000000000,0.000000073,0.000014782
16.846292163,TRACKING,,0.000298017,1,0.000000000,-0.000000073,0.050000001,0.000000000,0.000000000,0.050000000,-0.000000000,-0.000000073,0.000000001,0.000000073,0.000014664
16.856537505,TRACKING,,0.002239277,1,-0.000000000,-0.000000072,0.050000002,0.000000000,0.000000000,0.050000000,0.000000000,-0.000000072,0.000000002,0.000000072,0.000014581
16.866613062,TRACKING,,0.004745698,1,-0.000000000,-0.000000072,0.050000002,0.000000000,0.000000000,0.050000000,0.000000000,-0.000000072,0.000000002,0.000000072,0.000014581
16.876661310,TRACKING,,0.004068929,1,-0.000000000,-0.000000072,0.050000003,0.000000000,0.000000000,0.050000000,0.000000000,-0.000000072,0.000000003,0.000000072,0.000014488
16.886879344,TRACKING,,0.000419122,1,-0.000000000,-0.000000071,0.050000004,0.000000000,0.000000000,0.050000000,0.000000000,-0.000000071,0.000000004,0.000000071,0.000014415
16.896888410,TRACKING,,0.004613907,1,-0.000000000,-0.000000071,0.050000004,0.000000000,0.000000000,0.050000000,0.000000000,-0.000000071,0.000000004,0.000000071,0.000014336
16.907114756,TRACKING,,0.003916952,1,0.000000000,-0.000000071,0.050000002,0.000000000,0.000000000,0.050000000,-0.000000000,-0.000000071,0.000000002,0.000000071,0.000014278
16.917030024,TRACKING,,0.001373724,1,0.000000000,-0.000000070,0.049999996,0.000000000,0.000000000,0.050000000,-0.000000000,-0.000000070,-0.000000004,0.000000071,0.000014217
16.927369165,TRACKING,,0.000611468,1,0.000000000,-0.000000070,0.049999997,0.000000000,0.000000000,0.050000000,-0.000000000,-0.000000070,-0.000000003,0.000000070,0.000014171
16.936968608,TRACKING,,0.003430153,1,0.000000000,-0.000000070,0.049999997,0.000000000,0.000000000,0.050000000,-0.000000000,-0.000000070,-0.000000003,0.000000070,0.000014171
16.947488220,TRACKING,,0.001703797,1,0.000000000,-0.000000070,0.049999999,0.000000000,0.000000000,0.050000000,-0.000000000,-0.000000070,-0.000000001,0.000000070,0.000014121
16.957332249,TRACKING,,0.000794314,1,0.000000000,-0.000000070,0.050000000,0.000000000,0.000000000,0.050000000,-0.000000000,-0.000000070,-0.000000000,0.000000070,0.000014077
16.967531287,TRACKING,,0.000086674,1,-0.000000000,-0.000000069,0.050000001,0.000000000,0.000000000,0.050000000,0.000000000,-0.000000069,0.000000001,0.000000069,0.000014034
16.977705390,TRACKING,,0.000084299,1,-0.000000000,-0.000000069,0.050000002,0.000000000,0.000000000,0.050000000,0.000000000,-0.000000069,0.000000002,0.000000069,0.000013996
16.987682399,TRACKING,,0.004744512,1,-0.000000000,-0.000000069,0.050000002,0.000000000,0.000000000,0.050000000,0.000000000,-0.000000069,0.000000002,0.000000069,0.000013996
16.997938427,TRACKING,,0.002051681,1,-0.000000000,-0.000000069,0.050000003,0.000000000,0.000000000,0.050000000,0.000000000,-0.000000069,0.000000003,0.000000069,0.000013963
17.012855855,TRACKING,,0.010622908,1,-0.000000000,-0.000000069,0.050000004,0.000000000,0.000000000,0.050000000,0.000000000,-0.000000069,0.000000004,0.000000069,0.000013936
17.022588277,TRACKING,,0.002553915,1,-0.000000000,-0.000000069,0.050000005,0.000000000,0.000000000,0.050000000,0.000000000,-0.000000069,0.000000005,0.000000069,0.000013898
17.032579534,TRACKING,,0.001864085,1,0.000000000,-0.000000069,0.049999999,0.000000000,0.000000000,0.050000000,-0.000000000,-0.000000069,-0.000000001,0.000000069,0.000013877
17.042449684,TRACKING,,0.004186474,1,0.000000000,-0.000000069,0.049999999,0.000000000,0.000000000,0.050000000,-0.000000000,-0.000000069,-0.000000001,0.000000069,0.000013877
17.052773390,TRACKING,,0.004021436,1,0.000000000,-0.000000069,0.050000000,0.000000000,0.000000000,0.050000000,-0.000000000,-0.000000069,0.000000000,0.000000069,0.000013855
17.062892877,TRACKING,,0.002622779,1,0.000000000,-0.000000069,0.050000000,0.000000000,0.000000000,0.050000000,-0.000000000,-0.000000069,0.000000000,0.000000069,0.000013855
17.073008802,TRACKING,,0.000990220,1,-0.000000000,-0.000000068,0.050000003,0.000000000,0.000000000,0.050000000,0.000000000,-0.000000068,0.000000003,0.000000068,0.000013815
17.082725789,TRACKING,,0.002785441,1,-0.000000000,-0.000000068,0.050000003,0.000000000,0.000000000,0.050000000,0.000000000,-0.000000068,0.000000003,0.000000068,0.000013815
17.094235622,TRACKING,,0.003273428,1,-0.000000000,-0.000000068,0.050000003,0.000000000,0.000000000,0.050000000,0.000000000,-0.000000068,0.000000003,0.000000068,0.000013799
17.104110522,TRACKING,,0.006550417,1,-0.000000000,-0.000000068,0.050000004,0.000000000,0.000000000,0.050000000,0.000000000,-0.000000068,0.000000004,0.000000068,0.000013786
17.114121963,TRACKING,,0.004514172,1,-0.000000000,-0.000000068,0.050000005,0.000000000,0.000000000,0.050000000,0.000000000,-0.000000068,0.000000005,0.000000068,0.000013774
17.124228389,TRACKING,,0.003121451,1,-0.000000000,-0.000000068,0.050000005,0.000000000,0.000000000,0.050000000,0.000000000,-0.000000068,0.000000005,0.000000068,0.000013764
17.134460671,TRACKING,,0.002279645,1,-0.000000000,-0.000000068,0.050000006,0.000000000,0.000000000,0.050000000,0.000000000,-0.000000068,0.000000006,0.000000068,0.000013755
17.144730947,TRACKING,,0.002368694,1,-0.000000000,-0.000000068,0.050000006,0.000000000,0.000000000,0.050000000,0.000000000,-0.000000068,0.000000006,0.000000068,0.000013755
17.154585663,TRACKING,,0.005342918,1,-0.000000000,-0.000000068,0.050000006,0.000000000,0.000000000,0.050000000,0.000000000,-0.000000068,0.000000006,0.000000068,0.000013743
17.165307118,TRACKING,,0.004415625,1,-0.000000000,-0.000000068,0.050000007,0.000000000,0.000000000,0.050000000,0.000000000,-0.000000068,0.000000007,0.000000068,0.000013735
17.175180831,TRACKING,,0.001062647,1,0.000000000,-0.000000068,0.050000000,0.000000000,0.000000000,0.050000000,-0.000000000,-0.000000068,-0.000000000,0.000000068,0.000013727
17.185259949,TRACKING,,0.005855839,1,0.000000000,-0.000000068,0.050000000,0.000000000,0.000000000,0.050000000,-0.000000000,-0.000000068,-0.000000000,0.000000068,0.000013727
17.195492231,TRACKING,,0.002074239,1,0.000000000,-0.000000068,0.050000001,0.000000000,0.000000000,0.050000000,-0.000000000,-0.000000068,0.000000001,0.000000068,0.000013721
17.205430059,TRACKING,,0.006653714,1,0.000000000,-0.000000068,0.050000002,0.000000000,0.000000000,0.050000000,-0.000000000,-0.000000068,0.000000002,0.000000068,0.000013715
17.215474745,TRACKING,,0.000180472,1,0.000000000,-0.000000068,0.050000003,0.000000000,0.000000000,0.050000000,-0.000000000,-0.000000068,0.000000003,0.000000068,0.000013708
17.226278125,TRACKING,,0.003591629,1,0.000000000,-0.000000068,0.050000003,0.000000000,0.000000000,0.050000000,-0.000000000,-0.000000068,0.000000003,0.000000068,0.000013708
17.238144153,TRACKING,,0.006847247,1,-0.000000000,-0.000000068,0.050000004,0.000000000,0.000000000,0.050000000,0.000000000,-0.000000068,0.000000004,0.000000068,0.000013702
17.248279075,TRACKING,,0.003332794,1,-0.000000000,-0.000000068,0.050000005,0.000000000,0.000000000,0.050000000,0.000000000,-0.000000068,0.000000005,0.000000068,0.000013698
17.258457928,TRACKING,,0.005566134,1,-0.000000000,-0.000000068,0.050000005,0.000000000,0.000000000,0.050000000,0.000000000,-0.000000068,0.000000005,0.000000068,0.000013698
17.268563167,TRACKING,,0.002969475,1,-0.000000000,-0.000000068,0.050000005,0.000000000,0.000000000,0.050000000,0.000000000,-0.000000068,0.000000005,0.000000068,0.000013694
17.280964673,TRACKING,,0.009017659,1,-0.000000000,-0.000000068,0.050000006,0.000000000,0.000000000,0.050000000,0.000000000,-0.000000068,0.000000006,0.000000068,0.000013691
17.290327841,TRACKING,,0.004712454,1,-0.000000000,-0.000000068,0.050000006,0.000000000,0.000000000,0.050000000,0.000000000,-0.000000068,0.000000006,0.000000068,0.000013687
17.300336907,TRACKING,,0.003654556,1,-0.000000000,-0.000000068,0.050000007,0.000000000,0.000000000,0.050000000,0.000000000,-0.000000068,0.000000007,0.000000068,0.000013685
17.310322228,TRACKING,,0.001000907,1,-0.000000000,-0.000000068,0.050000007,0.000000000,0.000000000,0.050000000,0.000000000,-0.000000068,0.000000007,0.000000068,0.000013682
17.320575881,TRACKING,,0.000525981,1,0.000000000,-0.000000068,0.050000001,0.000000000,0.000000000,0.050000000,-0.000000000,-0.000000068,0.000000001,0.000000068,0.000013681
17.330455530,TRACKING,,0.002880427,1,0.000000000,-0.000000068,0.050000001,0.000000000,0.000000000,0.050000000,-0.000000000,-0.000000068,0.000000001,0.000000068,0.000013681
17.340533461,TRACKING,,0.005222999,1,0.000000000,-0.000000068,0.050000003,0.000000000,0.000000000,0.050000000,-0.000000000,-0.000000068,0.000000003,0.000000068,0.000013678
17.353224673,TRACKING,,0.007759104,1,0.000000000,-0.000000068,0.050000003,0.000000000,0.000000000,0.050000000,-0.000000000,-0.000000068,0.000000003,0.000000068,0.000013678
17.363359595,TRACKING,,0.002387691,1,0.000000000,-0.000000068,0.050000004,0.000000000,0.000000000,0.050000000,-0.000000000,-0.000000068,0.000000004,0.000000068,0.000013676
17.373520638,TRACKING,,0.003056149,1,-0.000000000,-0.000000068,0.050000004,0.000000000,0.000000000,0.050000000,0.000000000,-0.000000068,0.000000004,0.000000068,0.000013674
17.383524955,TRACKING,,0.001898517,1,-0.000000000,-0.000000068,0.050000005,0.000000000,0.000000000,0.050000000,0.000000000,-0.000000068,0.000000005,0.000000068,0.000013673
17.393572016,TRACKING,,0.006234592,1,-0.000000000,-0.000000068,0.050000005,0.000000000,0.000000000,0.050000000,0.000000000,-0.000000068,0.000000005,0.000000068,0.000013673
17.403644010,TRACKING,,0.004061805,1,-0.000000000,-0.000000068,0.050000006,0.000000000,0.000000000,0.050000000,0.000000000,-0.000000068,0.000000006,0.000000068,0.000013671
17.415464920,TRACKING,,0.000724262,1,-0.000000000,-0.000000068,0.050000006,0.000000000,0.000000000,0.050000000,0.000000000,-0.000000068,0.000000006,0.000000068,0.000013670
17.425671081,TRACKING,,0.006697645,1,-0.000000000,-0.000000068,0.050000006,0.000000000,0.000000000,0.050000000,0.000000000,-0.000000068,0.000000006,0.000000068,0.000013669
17.435545981,TRACKING,,0.003364851,1,-0.000000000,-0.000000068,0.050000007,0.000000000,0.000000000,0.050000000,0.000000000,-0.000000068,0.000000007,0.000000068,0.000013668
17.445617975,TRACKING,,0.003973944,1,-0.000000000,-0.000000068,0.050000007,0.000000000,0.000000000,0.050000000,0.000000000,-0.000000068,0.000000007,0.000000068,0.000013668
17.455890625,TRACKING,,0.003170131,1,-0.000000000,-0.000000068,0.050000007,0.000000000,0.000000000,0.050000000,0.000000000,-0.000000068,0.000000007,0.000000068,0.000013668
17.465778586,TRACKING,,0.006371133,1,-0.000000000,-0.000000068,0.050000007,0.000000000,0.000000000,0.050000000,0.000000000,-0.000000068,0.000000007,0.000000068,0.000013667
17.475971686,TRACKING,,0.002988472,1,-0.000000000,-0.000000068,0.050000008,0.000000000,0.000000000,0.050000000,0.000000000,-0.000000068,0.000000008,0.000000068,0.000013666
17.485897641,TRACKING,,0.007154761,1,-0.000000000,-0.000000068,0.050000008,0.000000000,0.000000000,0.050000000,0.000000000,-0.000000068,0.000000008,0.000000068,0.000013666
17.495917393,TRACKING,,0.002842432,1,-0.000000000,-0.000000068,0.050000008,0.000000000,0.000000000,0.050000000,0.000000000,-0.000000068,0.000000008,0.000000068,0.000013666
17.508722587,TRACKING,,0.008277961,1,-0.000000000,-0.000000068,0.050000008,0.000000000,0.000000000,0.050000000,0.000000000,-0.000000068,0.000000008,0.000000068,0.000013665
17.517072974,TRACKING,,0.003924077,1,-0.000000000,-0.000000068,0.050000008,0.000000000,0.000000000,0.050000000,0.000000000,-0.000000068,0.000000008,0.000000068,0.000013665
17.529835425,TRACKING,,0.005786974,1,0.000000000,-0.000000068,0.050000002,0.000000000,0.000000000,0.050000000,-0.000000000,-0.000000068,0.000000002,0.000000068,0.000013664
17.540383532,TRACKING,,0.001580316,1,0.000000000,-0.000000068,0.050000000,0.000000000,0.000000000,0.050000000,-0.000000000,-0.000000068,-0.000000000,0.000000068,0.000013664
17.553358512,TRACKING,,0.006301081,1,0.000000000,-0.000000068,0.050000000,0.000000000,0.000000000,0.050000000,-0.000000000,-0.000000068,-0.000000000,0.000000068,0.000013664
17.563304651,TRACKING,,0.002987285,1,0.000000000,-0.000000068,0.050000001,0.000000000,0.000000000,0.050000000,-0.000000000,-0.000000068,0.000000001,0.000000068,0.000013663
17.573222294,TRACKING,,0.001336916,1,0.000000000,-0.000000068,0.050000002,0.000000000,0.000000000,0.050000000,-0.000000000,-0.000000068,0.000000002,0.000000068,0.000013663
17.583209989,TRACKING,,0.005693176,1,0.000000000,-0.000000068,0.050000003,0.000000000,0.000000000,0.050000000,-0.000000000,-0.000000068,0.000000003,0.000000068,0.000013663
17.593233303,TRACKING,,0.003698487,1,0.000000000,-0.000000068,0.050000004,0.000000000,0.000000000,0.050000000,-0.000000000,-0.000000068,0.000000004,0.000000068,0.000013663
17.604538918,TRACKING,,0.003459837,1,-0.000000000,-0.000000068,0.050000004,0.000000000,0.000000000,0.050000000,0.000000000,-0.000000068,0.000000004,0.000000068,0.000013662
17.615408788,TRACKING,,0.000083112,1,-0.000000000,-0.000000068,0.050000005,0.000000000,0.000000000,0.050000000,0.000000000,-0.000000068,0.000000005,0.000000068,0.000013662
17.627034978,TRACKING,,0.006329577,1,-0.000000000,-0.000000068,0.050000005,0.000000000,0.000000000,0.050000000,0.000000000,-0.000000068,0.000000005,0.000000068,0.000013662
17.637296942,TRACKING,,0.000305140,1,-0.000000000,-0.000000068,0.050000006,0.000000000,0.000000000,0.050000000,0.000000000,-0.000000068,0.000000006,0.000000068,0.000013662
17.647756001,TRACKING,,0.004058243,1,-0.000000000,-0.000000068,0.050000006,0.000000000,0.000000000,0.050000000,0.000000000,-0.000000068,0.000000006,0.000000068,0.000013662
17.657375629,TRACKING,,0.000719513,1,-0.000000000,-0.000000068,0.050000007,0.000000000,0.000000000,0.050000000,0.000000000,-0.000000068,0.000000007,0.000000068,0.000013662
17.667362136,TRACKING,,0.005611251,1,-0.000000000,-0.000000068,0.050000007,0.000000000,0.000000000,0.050000000,0.000000000,-0.000000068,0.000000007,0.000000068,0.000013662
17.677472124,TRACKING,,0.003797034,1,-0.000000000,-0.000000068,0.050000007,0.000000000,0.000000000,0.050000000,0.000000000,-0.000000068,0.000000007,0.000000068,0.000013662
17.687666412,TRACKING,,0.003345854,1,-0.000000000,-0.000000068,0.050000007,0.000000000,0.000000000,0.050000000,0.000000000,-0.000000068,0.000000007,0.000000068,0.000013661
17.697668355,TRACKING,,0.002044557,1,-0.000000000,-0.000000068,0.050000008,0.000000000,0.000000000,0.050000000,0.000000000,-0.000000068,0.000000008,0.000000068,0.000013661
17.707746286,TRACKING,,0.007197504,1,-0.000000000,-0.000000068,0.050000008,0.000000000,0.000000000,0.050000000,0.000000000,-0.000000068,0.000000008,0.000000068,0.000013661
17.718800189,TRACKING,,0.009569760,1,-0.000000000,-0.000000068,0.050000008,0.000000000,0.000000000,0.050000000,0.000000000,-0.000000068,0.000000008,0.000000068,0.000013661
17.728422191,TRACKING,,0.004369320,1,-0.000000000,-0.000000068,0.050000008,0.000000000,0.000000000,0.050000000,0.000000000,-0.000000068,0.000000008,0.000000068,0.000013661
17.738259097,TRACKING,,0.006113486,1,-0.000000000,-0.000000068,0.050000008,0.000000000,0.000000000,0.050000000,0.000000000,-0.000000068,0.000000008,0.000000068,0.000013661
17.748392832,TRACKING,,0.003014593,1,-0.000000000,-0.000000068,0.050000008,0.000000000,0.000000000,0.050000000,0.000000000,-0.000000068,0.000000008,0.000000068,0.000013661
17.758293853,TRACKING,,0.004129482,1,-0.000000000,-0.000000068,0.050000008,0.000000000,0.000000000,0.050000000,0.000000000,-0.000000068,0.000000008,0.000000068,0.000013661
17.768406215,TRACKING,,0.001220560,1,-0.000000000,-0.000000068,0.050000009,0.000000000,0.000000000,0.050000000,0.000000000,-0.000000068,0.000000009,0.000000068,0.000013661
17.778526890,TRACKING,,0.000638775,1,-0.000000000,-0.000000068,0.050000009,0.000000000,0.000000000,0.050000000,0.000000000,-0.000000068,0.000000009,0.000000068,0.000013661
17.788768670,TRACKING,,0.002447056,1,-0.000000000,-0.000000068,0.050000009,0.000000000,0.000000000,0.050000000,0.000000000,-0.000000068,0.000000009,0.000000068,0.000013661
17.798788422,TRACKING,,0.001726356,1,0.000000000,-0.000000068,0.050000002,0.000000000,0.000000000,0.050000000,-0.000000000,-0.000000068,0.000000002,0.000000068,0.000013661
17.808784428,TRACKING,,0.006817563,1,0.000000000,-0.000000068,0.049999999,0.000000000,0.000000000,0.050000000,-0.000000000,-0.000000068,-0.000000001,0.000000068,0.000013661
17.818937160,TRACKING,,0.003563132,1,0.000000000,-0.000000068,0.050000001,0.000000000,0.000000000,0.050000000,-0.000000000,-0.000000068,0.000000001,0.000000068,0.000013661
17.831611749,TRACKING,,0.004966539,1,0.000000000,-0.000000068,0.050000001,0.000000000,0.000000000,0.050000000,-0.000000000,-0.000000068,0.000000001,0.000000068,0.000013661
17.842185978,TRACKING,,0.009529391,1,0.000000000,-0.000000068,0.050000001,0.000000000,0.000000000,0.050000000,-0.000000000,-0.000000068,0.000000001,0.000000068,0.000013661
17.852355332,TRACKING,,0.003052588,1,0.000000000,-0.000000068,0.050000003,0.000000000,0.000000000,0.050000000,-0.000000000,-0.000000068,0.000000003,0.000000068,0.000013661
17.862433262,TRACKING,,0.006917297,1,0.000000000,-0.000000068,0.050000003,0.000000000,0.000000000,0.050000000,-0.000000000,-0.000000068,0.000000003,0.000000068,0.000013661
17.872284416,TRACKING,,0.003861149,1,0.000000000,-0.000000068,0.050000004,0.000000000,0.000000000,0.050000000,-0.000000000,-0.000000068,0.000000004,0.000000068,0.000013661
17.882393217,TRACKING,,0.001417654,1,-0.000000000,-0.000000068,0.050000005,0.000000000,0.000000000,0.050000000,0.000000000,-0.000000068,0.000000005,0.000000068,0.000013661
17.892522202,TRACKING,,0.006258338,1,-0.000000000,-0.000000068,0.050000005,0.000000000,0.000000000,0.050000000,0.000000000,-0.000000068,0.000000005,0.000000068,0.000013661
17.902597759,TRACKING,,0.003889645,1,-0.000000000,-0.000000068,0.050000005,0.000000000,0.000000000,0.050000000,0.000000000,-0.000000068,0.000000005,0.000000068,0.000013661
17.912649568,TRACKING,,0.001770287,1,-0.000000000,-0.000000068,0.050000006,0.000000000,0.000000000,0.050000000,0.000000000,-0.000000068,0.000000006,0.000000068,0.000013661
17.922633701,TRACKING,,0.006339075,1,-0.000000000,-0.000000068,0.050000006,0.000000000,0.000000000,0.050000000,0.000000000,-0.000000068,0.000000006,0.000000068,0.000013661
17.932784058,TRACKING,,0.002380567,1,-0.000000000,-0.000000068,0.050000007,0.000000000,0.000000000,0.050000000,0.000000000,-0.000000068,0.000000007,0.000000068,0.000013661
17.942782439,TRACKING,,0.000850117,1,-0.000000000,-0.000000068,0.050000007,0.000000000,0.000000000,0.050000000,0.000000000,-0.000000068,0.000000007,0.000000068,0.000013661
17.955257559,TRACKING,,0.007588131,1,-0.000000000,-0.000000068,0.050000007,0.000000000,0.000000000,0.050000000,0.000000000,-0.000000068,0.000000007,0.000000068,0.000013661
17.965252378,TRACKING,,0.002373443,1,-0.000000000,-0.000000068,0.050000007,0.000000000,0.000000000,0.050000000,0.000000000,-0.000000068,0.000000007,0.000000068,0.000013661
17.975287565,TRACKING,,0.002359195,1,-0.000000000,-0.000000068,0.050000008,0.000000000,0.000000000,0.050000000,0.000000000,-0.000000068,0.000000008,0.000000068,0.000013661
17.985347686,TRACKING,,0.000290892,1,-0.000000000,-0.000000068,0.050000008,0.000000000,0.000000000,0.050000000,0.000000000,-0.000000068,0.000000008,0.000000068,0.000013661
17.997299201,TRACKING,,0.006641841,1,0.000000000,-0.000000068,0.050000005,0.000000000,0.000000000,0.050000000,-0.000000000,-0.000000068,0.000000005,0.000000068,0.000013661
18.007323702,TRACKING,,0.001796408,1,0.000000000,-0.000000068,0.050000006,0.000000000,0.000000000,0.050000000,-0.000000000,-0.000000068,0.000000006,0.000000068,0.000013660
18.017557171,TRACKING,,0.001249056,1,0.000000000,-0.000000068,0.050000006,0.000000000,0.000000000,0.050000000,-0.000000000,-0.000000068,0.000000006,0.000000068,0.000013660
18.027402388,TRACKING,,0.004502299,1,0.000000000,-0.000000068,0.050000006,0.000000000,0.000000000,0.050000000,-0.000000000,-0.000000068,0.000000006,0.000000068,0.000013660
18.037672664,TRACKING,,0.002270147,1,-0.000000000,-0.000000068,0.050000006,0.000000000,0.000000000,0.050000000,0.000000000,-0.000000068,0.000000006,0.000000068,0.000013660
18.048179216,TRACKING,,0.007188006,1,-0.000000000,-0.000000068,0.050000007,0.000000000,0.000000000,0.050000000,0.000000000,-0.000000068,0.000000007,0.000000068,0.000013660
18.060403812,TRACKING,,0.001063834,1,-0.000000000,-0.000000068,0.050000007,0.000000000,0.000000000,0.050000000,0.000000000,-0.000000068,0.000000007,0.000000068,0.000013660
18.070161168,TRACKING,,0.004060618,1,-0.000000000,-0.000000068,0.050000007,0.000000000,0.000000000,0.050000000,0.000000000,-0.000000068,0.000000007,0.000000068,0.000013660
18.080340021,TRACKING,,0.004228029,1,0.000000000,-0.000000068,0.050000002,0.000000000,0.000000000,0.050000000,-0.000000000,-0.000000068,0.000000002,0.000000068,0.000013660
18.090199485,TRACKING,,0.002342573,1,0.000000000,-0.000000068,0.050000003,0.000000000,0.000000000,0.050000000,-0.000000000,-0.000000068,0.000000003,0.000000068,0.000013660
18.100785587,TRACKING,,0.000872677,1,0.000000000,-0.000000068,0.050000003,0.000000000,0.000000000,0.050000000,-0.000000000,-0.000000068,0.000000003,0.000000068,0.000013660
18.110342287,TRACKING,,0.003916953,1,0.000000000,-0.000000068,0.050000003,0.000000000,0.000000000,0.050000000,-0.000000000,-0.000000068,0.000000003,0.000000068,0.000013660
18.120616124,TRACKING,,0.004136606,1,0.000000000,-0.000000068,0.050000004,0.000000000,0.000000000,0.050000000,-0.000000000,-0.000000068,0.000000004,0.000000068,0.000013660
18.130621629,TRACKING,,0.002578848,1,0.000000000,-0.000000068,0.050000005,0.000000000,0.000000000,0.050000000,-0.000000000,-0.000000068,0.000000005,0.000000068,0.000013660
18.140793358,TRACKING,,0.000899985,1,-0.000000000,-0.000000068,0.050000005,0.000000000,0.000000000,0.050000000,0.000000000,-0.000000068,0.000000005,0.000000068,0.000013660
18.150592269,TRACKING,,0.004801502,1,-0.000000000,-0.000000068,0.050000005,0.000000000,0.000000000,0.050000000,0.000000000,-0.000000068,0.000000005,0.000000068,0.000013660
18.160995525,TRACKING,,0.004309954,1,-0.000000000,-0.000000068,0.050000006,0.000000000,0.000000000,0.050000000,0.000000000,-0.000000068,0.000000006,0.000000068,0.000013660
18.170871612,TRACKING,,0.001435464,1,-0.000000000,-0.000000068,0.050000006,0.000000000,0.000000000,0.050000000,0.000000000,-0.000000068,0.000000006,0.000000068,0.000013660
18.181002972,TRACKING,,0.000023746,1,-0.000000000,-0.000000068,0.050000007,0.000000000,0.000000000,0.050000000,0.000000000,-0.000000068,0.000000007,0.000000068,0.000013660
18.191234066,TRACKING,,0.004844245,1,-0.000000000,-0.000000068,0.050000007,0.000000000,0.000000000,0.050000000,0.000000000,-0.000000068,0.000000007,0.000000068,0.000013660
18.201257381,TRACKING,,0.003928826,1,-0.000000000,-0.000000068,0.050000007,0.000000000,0.000000000,0.050000000,0.000000000,-0.000000068,0.000000007,0.000000068,0.000013660
18.211195208,TRACKING,,0.000885738,1,-0.000000000,-0.000000068,0.050000007,0.000000000,0.000000000,0.050000000,0.000000000,-0.000000068,0.000000007,0.000000068,0.000013660
18.221415617,TRACKING,,0.000569911,1,-0.000000000,-0.000000068,0.050000008,0.000000000,0.000000000,0.050000000,0.000000000,-0.000000068,0.000000008,0.000000068,0.000013660
18.233374255,TRACKING,,0.004913110,1,-0.000000000,-0.000000068,0.050000008,0.000000000,0.000000000,0.050000000,0.000000000,-0.000000068,0.000000008,0.000000068,0.000013660
18.243576854,TRACKING,,0.001428340,1,-0.000000000,-0.000000068,0.050000008,0.000000000,0.000000000,0.050000000,0.000000000,-0.000000068,0.000000008,0.000000068,0.000013660
18.254262690,TRACKING,,0.006613345,1,-0.000000000,-0.000000068,0.050000008,0.000000000,0.000000000,0.050000000,0.000000000,-0.000000068,0.000000008,0.000000068,0.000013660
18.265194300,TRACKING,,0.005532888,1,0.000000000,-0.000000068,0.050000005,0.000000000,0.000000000,0.050000000,-0.000000000,-0.000000068,0.000000005,0.000000068,0.000013660
18.275272231,TRACKING,,0.001336917,1,0.000000000,-0.000000068,0.050000005,0.000000000,0.000000000,0.050000000,-0.000000000,-0.000000068,0.000000005,0.000000068,0.000013660
18.285635118,TRACKING,,0.000606718,1,0.000000000,-0.000000068,0.050000006,0.000000000,0.000000000,0.050000000,-0.000000000,-0.000000068,0.000000006,0.000000068,0.000013660
18.295424531,TRACKING,,0.003920515,1,0.000000000,-0.000000068,0.050000006,0.000000000,0.000000000,0.050000000,-0.000000000,-0.000000068,0.000000006,0.000000068,0.000013660
18.305741112,TRACKING,,0.003300736,1,0.000000000,-0.000000068,0.050000006,0.000000000,0.000000000,0.050000000,-0.000000000,-0.000000068,0.000000006,0.000000068,0.000013660
18.315683689,TRACKING,,0.002101548,1,-0.000000000,-0.000000068,0.050000007,0.000000000,0.000000000,0.050000000,0.000000000,-0.000000068,0.000000007,0.000000068,0.000013660
18.325663072,TRACKING,,0.003611813,1,0.000000000,-0.000000068,0.050000004,0.000000000,0.000000000,0.050000000,-0.000000000,-0.000000068,0.000000004,0.000000068,0.000013660
18.337979092,TRACKING,,0.001297736,1,0.000000000,-0.000000068,0.050000004,0.000000000,0.000000000,0.050000000,-0.000000000,-0.000000068,0.000000004,0.000000068,0.000013660
18.347142790,TRACKING,,0.001922263,1,0.000000000,-0.000000068,0.050000004,0.000000000,0.000000000,0.050000000,-0.000000000,-0.000000068,0.000000004,0.000000068,0.000013660
18.359196414,TRACKING,,0.004220905,1,0.000000000,-0.000000068,0.050000005,0.000000000,0.000000000,0.050000000,-0.000000000,-0.000000068,0.000000005,0.000000068,0.000013660
18.369083187,TRACKING,,0.000990221,1,0.000000000,-0.000000068,0.050000006,0.000000000,0.000000000,0.050000000,-0.000000000,-0.000000068,0.000000006,0.000000068,0.000013660
18.379612297,TRACKING,,0.005455713,1,-0.000000000,-0.000000068,0.050000006,0.000000000,0.000000000,0.050000000,0.000000000,-0.000000068,0.000000006,0.000000068,0.000013660
18.389356593,TRACKING,,0.000618591,1,-0.000000000,-0.000000068,0.050000006,0.000000000,0.000000000,0.050000000,0.000000000,-0.000000068,0.000000006,0.000000068,0.000013660
18.399276610,TRACKING,,0.000748008,1,-0.000000000,-0.000000068,0.050000007,0.000000000,0.000000000,0.050000000,0.000000000,-0.000000068,0.000000007,0.000000068,0.000013660
18.409482771,TRACKING,,0.005853464,1,-0.000000000,-0.000000068,0.050000007,0.000000000,0.000000000,0.050000000,0.000000000,-0.000000068,0.000000007,0.000000068,0.000013660
18.419677059,TRACKING,,0.002385316,1,-0.000000000,-0.000000068,0.050000007,0.000000000,0.000000000,0.050000000,0.000000000,-0.000000068,0.000000007,0.000000068,0.000013660
18.430134931,TRACKING,,0.007310300,1,-0.000000000,-0.000000068,0.050000007,0.000000000,0.000000000,0.050000000,0.000000000,-0.000000068,0.000000007,0.000000068,0.000013660
18.440204550,TRACKING,,0.000719513,1,-0.000000000,-0.000000068,0.050000008,0.000000000,0.000000000,0.050000000,0.000000000,-0.000000068,0.000000008,0.000000068,0.000013660
18.450226677,TRACKING,,0.000192345,1,-0.000000000,-0.000000068,0.050000008,0.000000000,0.000000000,0.050000000,0.000000000,-0.000000068,0.000000008,0.000000068,0.000013660
18.460559881,TRACKING,,0.003529887,1,-0.000000000,-0.000000068,0.050000008,0.000000000,0.000000000,0.050000000,0.000000000,-0.000000068,0.000000008,0.000000068,0.000013660
18.470363542,TRACKING,,0.004676834,1,0.000000000,-0.000000068,0.050000003,0.000000000,0.000000000,0.050000000,-0.000000000,-0.000000068,0.000000003,0.000000068,0.000013660
18.481044629,TRACKING,,0.005069835,1,0.000000000,-0.000000068,0.050000000,0.000000000,0.000000000,0.050000000,-0.000000000,-0.000000068,0.000000000,0.000000068,0.000013660
18.493127935,TRACKING,,0.001900891,1,0.000000000,-0.000000068,0.050000002,0.000000000,0.000000000,0.050000000,-0.000000000,-0.000000068,0.000000002,0.000000068,0.000013660
18.503260482,TRACKING,,0.011980009,1,0.000000000,-0.000000068,0.050000002,0.000000000,0.000000000,0.050000000,-0.000000000,-0.000000068,0.000000002,0.000000068,0.000013660
18.513155566,TRACKING,,0.003466960,1,0.000000000,-0.000000062,0.050000003,0.000000000,0.000000000,0.050000000,-0.000000000,-0.000000062,0.000000003,0.000000062,0.000012465
18.523228748,TRACKING,,0.007202253,1,0.000000000,-0.000000058,0.050000003,0.000000000,0.000000000,0.050000000,-0.000000000,-0.000000058,0.000000003,0.000000058,0.000011763
18.533628441,TRACKING,,0.000122293,1,0.000000000,-0.000000059,0.050000004,0.000000000,0.000000000,0.050000000,-0.000000000,-0.000000059,0.000000004,0.000000060,0.000012018
18.543865472,TRACKING,,0.003846901,1,0.000000000,-0.000000059,0.050000004,0.000000000,0.000000000,0.050000000,-0.000000000,-0.000000059,0.000000004,0.000000060,0.000012018
18.554012267,TRACKING,,0.005807158,1,-0.000000000,-0.000000060,0.050000005,0.000000000,0.000000000,0.050000000,0.000000000,-0.000000060,0.000000005,0.000000061,0.000012205
18.563731628,TRACKING,,0.003913391,1,-0.000000000,-0.000000061,0.050000006,0.000000000,0.000000000,0.050000000,0.000000000,-0.000000061,0.000000006,0.000000061,0.000012343
18.575662958,TRACKING,,0.005338169,1,-0.000000000,-0.000000062,0.050000006,0.000000000,0.000000000,0.050000000,0.000000000,-0.000000062,0.000000006,0.000000062,0.000012449
18.585638780,TRACKING,,0.003122638,1,-0.000000000,-0.000000062,0.050000006,0.000000000,0.000000000,0.050000000,0.000000000,-0.000000062,0.000000006,0.000000063,0.000012558
18.595635973,TRACKING,,0.002285582,1,-0.000000000,-0.000000063,0.050000007,0.000000000,0.000000000,0.050000000,0.000000000,-0.000000063,0.000000007,0.000000063,0.000012658
18.605912185,TRACKING,,0.000052242,1,-0.000000000,-0.000000063,0.050000007,0.000000000,0.000000000,0.050000000,0.000000000,-0.000000063,0.000000007,0.000000063,0.000012658
18.616251325,TRACKING,,0.005626686,1,-0.000000000,-0.000000063,0.050000007,0.000000000,0.000000000,0.050000000,0.000000000,-0.000000063,0.000000007,0.000000064,0.000012785
18.625975436,TRACKING,,0.004292144,1,-0.000000000,-0.000000064,0.050000007,0.000000000,0.000000000,0.050000000,0.000000000,-0.000000064,0.000000007,0.000000064,0.000012865
18.636128168,TRACKING,,0.001291798,1,-0.000000000,-0.000000064,0.050000008,0.000000000,0.000000000,0.050000000,0.000000000,-0.000000064,0.000000008,0.000000065,0.000012945
18.646095678,TRACKING,,0.006101612,1,-0.000000000,-0.000000064,0.050000008,0.000000000,0.000000000,0.050000000,0.000000000,-0.000000064,0.000000008,0.000000065,0.000012945
18.656178358,TRACKING,,0.003208125,1,0.000000000,-0.000000064,0.050000001,0.000000000,0.000000000,0.050000000,-0.000000000,-0.000000064,0.000000001,0.000000064,0.000013016
18.668196362,TRACKING,,0.004617468,1,0.000000000,-0.000000065,0.049999999,0.000000000,0.000000000,0.050000000,-0.000000000,-0.000000065,-0.000000001,0.000000065,0.000013071
18.678201866,TRACKING,,0.000763443,1,0.000000000,-0.000000065,0.050000000,0.000000000,0.000000000,0.050000000,-0.000000000,-0.000000065,-0.000000000,0.000000065,0.000013120
18.690061957,TRACKING,,0.006755823,1,0.000000000,-0.000000058,0.050000001,0.000000000,0.000000000,0.050000000,-0.000000000,-0.000000058,0.000000001,0.000000058,0.000011682
18.700506768,TRACKING,,0.000094986,1,0.000000000,-0.000000055,0.050000002,0.000000000,0.000000000,0.050000000,-0.000000000,-0.000000055,0.000000002,0.000000055,0.000011171
18.710179824,TRACKING,,0.004110485,1,0.000000000,-0.000000055,0.050000002,0.000000000,0.000000000,0.050000000,-0.000000000,-0.000000055,0.000000002,0.000000055,0.000011171
18.720270815,TRACKING,,0.003139261,1,0.000000000,-0.000000056,0.050000003,0.000000000,0.000000000,0.050000000,-0.000000000,-0.000000056,0.000000003,0.000000057,0.000011404
18.731556246,TRACKING,,0.000937979,1,-0.000000000,-0.000000057,0.050000004,0.000000000,0.000000000,0.050000000,0.000000000,-0.000000057,0.000000004,0.000000058,0.000011592
18.741418085,TRACKING,,0.005217063,1,-0.000000000,-0.000000058,0.050000004,0.000000000,0.000000000,0.050000000,0.000000000,-0.000000058,0.000000004,0.000000059,0.000011808
18.754629340,TRACKING,,0.007610690,1,-0.000000000,-0.000000059,0.050000005,0.000000000,0.000000000,0.050000000,0.000000000,-0.000000059,0.000000005,0.000000059,0.000011963
18.764057810,TRACKING,,0.005093582,1,-0.000000000,-0.000000060,0.050000006,0.000000000,0.000000000,0.050000000,0.000000000,-0.000000060,0.000000006,0.000000060,0.000012128
18.774237850,TRACKING,,0.003782786,1,-0.000000000,-0.000000061,0.050000006,0.000000000,0.000000000,0.050000000,0.000000000,-0.000000061,0.000000006,0.000000061,0.000012263
18.787267446,TRACKING,,0.003914578,1,-0.000000000,-0.000000061,0.050000006,0.000000000,0.000000000,0.050000000,0.000000000,-0.000000061,0.000000006,0.000000062,0.000012402
18.799679638,TRACKING,,0.008247091,1,-0.000000000,-0.000000061,0.050000006,0.000000000,0.000000000,0.050000000,0.000000000,-0.000000061,0.000000006,0.000000062,0.000012402
18.808754287,TRACKING,,0.004571163,1,-0.000000000,-0.000000062,0.050000007,0.000000000,0.000000000,0.050000000,0.000000000,-0.000000062,0.000000007,0.000000062,0.000012528
18.819199098,TRACKING,,0.001904453,1,0.000000000,-0.000000055,0.050000004,0.000000000,0.000000000,0.050000000,-0.000000000,-0.000000055,0.000000004,0.000000055,0.000011144
18.829018194,TRACKING,,0.004995034,1,0.000000000,-0.000000053,0.050000001,0.000000000,0.000000000,0.050000000,-0.000000000,-0.000000053,0.000000001,0.000000054,0.000010807
18.839261162,TRACKING,,0.004134231,1,0.000000000,-0.000000055,0.050000002,0.000000000,0.000000000,0.050000000,-0.000000000,-0.000000055,0.000000002,0.000000055,0.000011061
18.849163370,TRACKING,,0.000719513,1,0.000000000,-0.000000056,0.050000003,0.000000000,0.000000000,0.050000000,-0.000000000,-0.000000056,0.000000003,0.000000056,0.000011330
18.859539317,TRACKING,,0.005334607,1,0.000000000,-0.000000056,0.050000003,0.000000000,0.000000000,0.050000000,-0.000000000,-0.000000056,0.000000003,0.000000056,0.000011330
18.869707484,TRACKING,,0.002898236,1,0.000000000,-0.000000057,0.050000004,0.000000000,0.000000000,0.050000000,-0.000000000,-0.000000057,0.000000004,0.000000057,0.000011529
18.879544389,TRACKING,,0.000378754,1,-0.000000000,-0.000000058,0.050000004,0.000000000,0.000000000,0.050000000,0.000000000,-0.000000058,0.000000004,0.000000058,0.000011758
18.892316338,TRACKING,,0.006804503,1,-0.000000000,-0.000000059,0.050000005,0.000000000,0.000000000,0.050000000,0.000000000,-0.000000059,0.000000005,0.000000059,0.000011936
18.902141371,TRACKING,,0.001484143,1,-0.000000000,-0.000000060,0.050000006,0.000000000,0.000000000,0.050000000,0.000000000,-0.000000060,0.000000006,0.000000060,0.000012140
18.912206241,TRACKING,,0.000645900,1,-0.000000000,-0.000000055,0.050000006,0.000000000,0.000000000,0.050000000,0.000000000,-0.000000055,0.000000006,0.000000055,0.000011080
18.922508574,TRACKING,,0.000074801,1,-0.000000000,-0.000000056,0.050000006,0.000000000,0.000000000,0.050000000,0.000000000,-0.000000056,0.000000006,0.000000056,0.000011292
18.932308673,TRACKING,,0.004504673,1,-0.000000000,-0.000000056,0.050000006,0.000000000,0.000000000,0.050000000,0.000000000,-0.000000056,0.000000006,0.000000056,0.000011292
18.942664436,TRACKING,,0.001583878,1,-0.000000000,-0.000000057,0.050000007,0.000000000,0.000000000,0.050000000,0.000000000,-0.000000057,0.000000007,0.000000057,0.000011497
18.952584453,TRACKING,,0.001411718,1,0.000000000,-0.000000058,0.050000000,0.000000000,0.000000000,0.050000000,-0.000000000,-0.000000058,-0.000000000,0.000000058,0.000011712
18.963411580,TRACKING,,0.006229842,1,0.000000000,-0.000000056,0.049999998,0.000000000,0.000000000,0.050000000,-0.000000000,-0.000000056,-0.000000002,0.000000056,0.000011297
18.973173685,TRACKING,,0.001348790,1,0.000000000,-0.000000049,0.050000000,0.000000000,0.000000000,0.050000000,-0.000000000,-0.000000049,-0.000000000,0.000000049,0.000009948
18.985251054,TRACKING,,0.000039181,1,0.000000000,-0.000000049,0.050000000,0.000000000,0.000000000,0.050000000,-0.000000000,-0.000000049,-0.000000000,0.000000049,0.000009948
18.995149700,TRACKING,,0.000383503,1,0.000000000,-0.000000052,0.050000002,0.000000000,0.000000000,0.050000000,-0.000000000,-0.000000052,0.000000002,0.000000052,0.000010586
19.010147865,TRACKING,,0.000704078,1,0.000000000,-0.000000054,0.050000003,0.000000000,0.000000000,0.050000000,-0.000000000,-0.000000054,0.000000003,0.000000054,0.000010878
19.020094004,TRACKING,,0.003835028,1,0.000000000,-0.000000054,0.050000003,0.000000000,0.000000000,0.050000000,-0.000000000,-0.000000054,0.000000003,0.000000054,0.000010878
19.030113756,TRACKING,,0.002851931,1,-0.000000000,-0.000000055,0.050000004,0.000000000,0.000000000,0.050000000,0.000000000,-0.000000055,0.000000004,0.000000056,0.000011195
19.040380470,TRACKING,,0.000273083,1,-0.000000000,-0.000000057,0.050000004,0.000000000,0.000000000,0.050000000,0.000000000,-0.000000057,0.000000004,0.000000057,0.000011407
19.050251808,TRACKING,,0.000662522,1,-0.000000000,-0.000000058,0.050000005,0.000000000,0.000000000,0.050000000,0.000000000,-0.000000058,0.000000005,0.000000058,0.000011621
19.060589760,TRACKING,,0.006016126,1,-0.000000000,-0.000000058,0.050000005,0.000000000,0.000000000,0.050000000,0.000000000,-0.000000058,0.000000005,0.000000058,0.000011621
19.070432603,TRACKING,,0.000942728,1,-0.000000000,-0.000000059,0.050000005,0.000000000,0.000000000,0.050000000,0.000000000,-0.000000059,0.000000005,0.000000059,0.000011873
19.080637576,TRACKING,,0.003572631,1,-0.000000000,-0.000000060,0.050000006,0.000000000,0.000000000,0.050000000,0.000000000,-0.000000060,0.000000006,0.000000060,0.000012088
19.090738066,TRACKING,,0.007960948,1,-0.000000000,-0.000000060,0.050000006,0.000000000,0.000000000,0.050000000,0.000000000,-0.000000060,0.000000006,0.000000060,0.000012088
19.101300421,TRACKING,,0.001820154,1,-0.000000000,-0.000000053,0.050000007,0.000000000,0.000000000,0.050000000,0.000000000,-0.000000053,0.000000007,0.000000054,0.000010746
19.111205004,TRACKING,,0.000090236,1,-0.000000000,-0.000000048,0.050000007,0.000000000,0.000000000,0.050000000,0.000000000,-0.000000048,0.000000007,0.000000048,0.000009643
19.121617758,TRACKING,,0.000233901,1,0.000000000,-0.000000046,0.050000001,0.000000000,0.000000000,0.050000000,-0.000000000,-0.000000046,0.000000001,0.000000046,0.000009329
19.131284877,TRACKING,,0.003389785,1,0.000000000,-0.000000048,0.049999999,0.000000000,0.000000000,0.050000000,-0.000000000,-0.000000048,-0.000000001,0.000000048,0.000009718
19.141305817,TRACKING,,0.002607344,1,0.000000000,-0.000000050,0.050000000,0.000000000,0.000000000,0.050000000,-0.000000000,-0.000000050,0.000000000,0.000000050,0.000010062
19.151824241,TRACKING,,0.004200721,1,0.000000000,-0.000000050,0.050000000,0.000000000,0.000000000,0.050000000,-0.000000000,-0.000000050,0.000000000,0.000000050,0.000010062
19.161466428,TRACKING,,0.003884895,1,0.000000000,-0.000000052,0.050000001,0.000000000,0.000000000,0.050000000,-0.000000000,-0.000000052,0.000000001,0.000000052,0.000010409
19.174209881,TRACKING,,0.005613626,1,0.000000000,-0.000000053,0.050000002,0.000000000,0.000000000,0.050000000,-0.000000000,-0.000000053,0.000000002,0.000000053,0.000010713
19.184084781,TRACKING,,0.003640308,1,-0.000000000,-0.000000054,0.050000003,0.000000000,0.000000000,0.050000000,0.000000000,-0.000000054,0.000000003,0.000000054,0.000010982
19.194349120,TRACKING,,0.003887269,1,-0.000000000,-0.000000053,0.050000004,0.000000000,0.000000000,0.050000000,0.000000000,-0.000000053,0.000000004,0.000000053,0.000010651
19.206072669,TRACKING,,0.004247026,1,-0.000000000,-0.000000046,0.050000004,0.000000000,0.000000000,0.050000000,0.000000000,-0.000000046,0.000000004,0.000000046,0.000009350
19.216340570,TRACKING,,0.003800596,1,-0.000000000,-0.000000045,0.050000005,0.000000000,0.000000000,0.050000000,0.000000000,-0.000000045,0.000000005,0.000000046,0.000009141
19.226272461,TRACKING,,0.001484144,1,-0.000000000,-0.000000047,0.050000005,0.000000000,0.000000000,0.050000000,0.000000000,-0.000000047,0.000000005,0.000000048,0.000009574
19.238267906,TRACKING,,0.007997755,1,-0.000000000,-0.000000047,0.050000005,0.000000000,0.000000000,0.050000000,0.000000000,-0.000000047,0.000000005,0.000000048,0.000009574
19.248085815,TRACKING,,0.004064180,1,-0.000000000,-0.000000049,0.050000006,0.000000000,0.000000000,0.050000000,0.000000000,-0.000000049,0.000000006,0.000000049,0.000009911
19.258177993,TRACKING,,0.004396627,1,-0.000000000,-0.000000051,0.050000006,0.000000000,0.000000000,0.050000000,0.000000000,-0.000000051,0.000000006,0.000000051,0.000010294
19.268306978,TRACKING,,0.003423029,1,-0.000000000,-0.000000047,0.050000007,0.000000000,0.000000000,0.050000000,0.000000000,-0.000000047,0.000000007,0.000000047,0.000009431
19.278374223,TRACKING,,0.002591909,1,0.000000000,-0.000000043,0.050000004,0.000000000,0.000000000,0.050000000,-0.000000000,-0.000000043,0.000000004,0.000000043,0.000008598
19.289550421,TRACKING,,0.000041556,1,0.000000000,-0.000000042,0.050000001,0.000000000,0.000000000,0.050000000,-0.000000000,-0.000000042,0.000000001,0.000000042,0.000008459
19.299380202,TRACKING,,0.003203376,1,0.000000000,-0.000000045,0.050000002,0.000000000,0.000000000,0.050000000,-0.000000000,-0.000000045,0.000000002,0.000000045,0.000009050
19.312642512,TRACKING,,0.000104484,1,0.000000000,-0.000000047,0.050000003,0.000000000,0.000000000,0.050000000,-0.000000000,-0.000000047,0.000000003,0.000000047,0.000009542
19.322525723,TRACKING,,0.003370788,1,0.000000000,-0.000000047,0.050000003,0.000000000,0.000000000,0.050000000,-0.000000000,-0.000000047,0.000000003,0.000000047,0.000009542
19.332541914,TRACKING,,0.001987565,1,-0.000000000,-0.000000050,0.050000004,0.000000000,0.000000000,0.050000000,0.000000000,-0.000000050,0.000000004,0.000000050,0.000010030
19.342793192,TRACKING,,0.001763163,1,-0.000000000,-0.000000051,0.050000005,0.000000000,0.000000000,0.050000000,0.000000000,-0.000000051,0.000000005,0.000000051,0.000010339
19.353082465,TRACKING,,0.005954385,1,-0.000000000,-0.000000049,0.050000005,0.000000000,0.000000000,0.050000000,0.000000000,-0.000000049,0.000000005,0.000000050,0.000009986
19.363063036,TRACKING,,0.003106017,1,-0.000000000,-0.000000044,0.050000006,0.000000000,0.000000000,0.050000000,0.000000000,-0.000000044,0.000000006,0.000000045,0.000008962
19.374620361,TRACKING,,0.005550698,1,-0.000000000,-0.000000040,0.050000006,0.000000000,0.000000000,0.050000000,0.000000000,-0.000000040,0.000000006,0.000000040,0.000008047
19.385014118,TRACKING,,0.004369319,1,-0.000000000,-0.000000040,0.050000006,0.000000000,0.000000000,0.050000000,0.000000000,-0.000000040,0.000000006,0.000000040,0.000008047
19.395460116,TRACKING,,0.000960538,1,-0.000000000,-0.000000043,0.050000007,0.000000000,0.000000000,0.050000000,0.000000000,-0.000000043,0.000000007,0.000000043,0.000008608
19.405251904,TRACKING,,0.000485612,1,0.000000000,-0.000000045,0.050000003,0.000000000,0.000000000,0.050000000,-0.000000000,-0.000000045,0.000000003,0.000000045,0.000009092
19.415708588,TRACKING,,0.000156726,1,0.000000000,-0.000000047,0.050000001,0.000000000,0.000000000,0.050000000,-0.000000000,-0.000000047,0.000000001,0.000000047,0.000009508
19.425375708,TRACKING,,0.003394534,1,0.000000000,-0.000000049,0.050000002,0.000000000,0.000000000,0.050000000,-0.000000000,-0.000000049,0.000000002,0.000000049,0.000009887
19.435403772,TRACKING,,0.002115795,1,0.000000000,-0.000000051,0.050000002,0.000000000,0.000000000,0.050000000,-0.000000000,-0.000000051,0.000000002,0.000000051,0.000010226
19.446761628,TRACKING,,0.002170412,1,0.000000000,-0.000000051,0.050000002,0.000000000,0.000000000,0.050000000,-0.000000000,-0.000000051,0.000000002,0.000000051,0.000010226
19.456555790,TRACKING,,0.001100642,1,0.000000000,-0.000000044,0.050000003,0.000000000,0.000000000,0.050000000,-0.000000000,-0.000000044,0.000000003,0.000000044,0.000008948
19.466843876,TRACKING,,0.005130389,1,-0.000000000,-0.000000040,0.050000004,0.000000000,0.000000000,0.050000000,0.000000000,-0.000000040,0.000000004,0.000000040,0.000008128
19.476680782,TRACKING,,0.002433996,1,-0.000000000,-0.000000036,0.050000005,0.000000000,0.000000000,0.050000000,0.000000000,-0.000000036,0.000000005,0.000000036,0.000007311
19.486914251,TRACKING,,0.002380567,1,-0.000000000,-0.000000033,0.050000005,0.000000000,0.000000000,0.050000000,0.000000000,-0.000000033,0.000000005,0.000000034,0.000006715
19.497488479,TRACKING,,0.007464650,1,-0.000000000,-0.000000033,0.050000005,0.000000000,0.000000000,0.050000000,0.000000000,-0.000000033,0.000000005,0.000000034,0.000006715
19.507176970,TRACKING,,0.004702956,1,-0.000000000,-0.000000035,0.050000006,0.000000000,0.000000000,0.050000000,0.000000000,-0.000000035,0.000000006,0.000000035,0.000007001
19.519736390,TRACKING,,0.000499859,1,-0.000000000,-0.000000029,0.050000006,0.000000000,0.000000000,0.050000000,0.000000000,-0.000000029,0.000000006,0.000000030,0.000005920
19.529646909,TRACKING,,0.003145198,1,0.000000000,-0.000000023,0.050000002,0.000000000,0.000000000,0.050000000,-0.000000000,-0.000000023,0.000000002,0.000000023,0.000004642
19.539758084,TRACKING,,0.001474645,1,0.000000000,-0.000000019,0.050000003,0.000000000,0.000000000,0.050000000,-0.000000000,-0.000000019,0.000000003,0.000000019,0.000003873
19.549770713,TRACKING,,0.004920233,1,0.000000000,-0.000000019,0.050000003,0.000000000,0.000000000,0.050000000,-0.000000000,-0.000000019,0.000000003,0.000000019,0.000003873
19.559807087,TRACKING,,0.002715390,1,0.000000000,-0.000000014,0.050000004,0.000000000,0.000000000,0.050000000,-0.000000000,-0.000000014,0.000000004,0.000000014,0.000002811
19.569730667,TRACKING,,0.000299203,1,-0.000000000,-0.000000011,0.050000005,0.000000000,0.000000000,0.050000000,0.000000000,-0.000000011,0.000000005,0.000000012,0.000002168
19.579877462,TRACKING,,0.004750448,1,-0.000000000,-0.000000011,0.050000005,0.000000000,0.000000000,0.050000000,0.000000000,-0.000000011,0.000000005,0.000000012,0.000002168
19.590083623,TRACKING,,0.001085206,1,-0.000000000,-0.000000008,0.050000005,0.000000000,0.000000000,0.050000000,0.000000000,-0.000000008,0.000000005,0.000000009,0.000001573
19.599970395,TRACKING,,0.005190941,1,0.000000000,-0.000000005,0.050000002,0.000000000,0.000000000,0.050000000,-0.000000000,-0.000000005,0.000000002,0.000000006,0.000001085
19.611266511,TRACKING,,0.002784254,1,0.000000000,-0.000000003,0.050000000,0.000000000,0.000000000,0.050000000,-0.000000000,-0.000000003,0.000000000,0.000000003,0.000000593
19.621076109,TRACKING,,0.004923795,1,0.000000000,-0.000000003,0.050000000,0.000000000,0.000000000,0.050000000,-0.000000000,-0.000000003,0.000000000,0.000000003,0.000000593
19.634256494,TRACKING,,0.006654902,1,0.000000000,-0.000000001,0.050000001,0.000000000,0.000000000,0.050000000,-0.000000000,-0.000000001,0.000000001,0.000000001,0.000000127
19.644062529,TRACKING,,0.003062086,1,0.000000000,0.000000001,0.050000002,0.000000000,0.000000000,0.050000000,-0.000000000,0.000000001,0.000000002,0.000000003,0.000000249
19.654185578,TRACKING,,0.003198626,1,0.000000000,0.000000003,0.050000003,0.000000000,0.000000000,0.050000000,-0.000000000,0.000000003,0.000000003,0.000000004,0.000000555
19.664442793,TRACKING,,0.002651275,1,-0.000000000,0.000000005,0.050000004,0.000000000,0.000000000,0.050000000,0.000000000,0.000000005,0.000000004,0.000000006,0.000000913
19.674247641,TRACKING,,0.005350042,1,-0.000000000,0.000000005,0.050000004,0.000000000,0.000000000,0.050000000,0.000000000,0.000000005,0.000000004,0.000000006,0.000000913
19.684631899,TRACKING,,0.000701703,1,-0.000000000,0.000000006,0.050000005,0.000000000,0.000000000,0.050000000,0.000000000,0.000000006,0.000000005,0.000000008,0.000001203
19.694461681,TRACKING,,0.005031841,1,-0.000000000,0.000000007,0.050000005,0.000000000,0.000000000,0.050000000,0.000000000,0.000000007,0.000000005,0.000000009,0.000001474
19.708280842,TRACKING,,0.007609502,1,-0.000000000,0.000000008,0.050000006,0.000000000,0.000000000,0.050000000,0.000000000,0.000000008,0.000000006,0.000000010,0.000001660
19.718402703,TRACKING,,0.003691363,1,-0.000000000,0.000000008,0.050000006,0.000000000,0.000000000,0.050000000,0.000000000,0.000000008,0.000000006,0.000000010,0.000001660
19.728247920,TRACKING,,0.002983722,1,0.000000000,0.000000010,0.050000001,0.000000000,0.000000000,0.050000000,-0.000000000,0.000000010,0.000000001,0.000000010,0.000001930
19.738292605,TRACKING,,0.001116076,1,0.000000000,0.000000010,0.049999995,0.000000000,0.000000000,0.050000000,-0.000000000,0.000000010,-0.000000005,0.000000011,0.000002091
19.748583066,TRACKING,,0.003117890,1,0.000000000,0.000000011,0.049999994,0.000000000,0.000000000,0.050000000,-0.000000000,0.000000011,-0.000000006,0.000000013,0.000002269
19.758442530,TRACKING,,0.000953414,1,0.000000000,0.000000012,0.049999996,0.000000000,0.000000000,0.050000000,-0.000000000,0.000000012,-0.000000004,0.000000013,0.000002403
19.768553706,TRACKING,,0.000520044,1,0.000000000,0.000000012,0.049999997,0.000000000,0.000000000,0.050000000,-0.000000000,0.000000012,-0.000000003,0.000000013,0.000002506
19.778880972,TRACKING,,0.005741856,1,0.000000000,0.000000012,0.049999997,0.000000000,0.000000000,0.050000000,-0.000000000,0.000000012,-0.000000003,0.000000013,0.000002506
19.788806927,TRACKING,,0.002130043,1,0.000000000,0.000000013,0.049999998,0.000000000,0.000000000,0.050000000,-0.000000000,0.000000013,-0.000000002,0.000000013,0.000002596
19.798913353,TRACKING,,0.000317013,1,0.000000000,0.000000013,0.050000000,0.000000000,0.000000000,0.050000000,-0.000000000,0.000000013,-0.000000000,0.000000013,0.000002708
19.808861866,TRACKING,,0.002629903,1,-0.000000000,0.000000014,0.050000001,0.000000000,0.000000000,0.050000000,0.000000000,0.000000014,0.000000001,0.000000014,0.000002791
19.819072776,TRACKING,,0.002993221,1,-0.000000000,0.000000014,0.050000002,0.000000000,0.000000000,0.050000000,0.000000000,0.000000014,0.000000002,0.000000014,0.000002874
19.828874062,TRACKING,,0.003423029,1,-0.000000000,0.000000014,0.050000002,0.000000000,0.000000000,0.050000000,0.000000000,0.000000014,0.000000002,0.000000014,0.000002874
19.840446823,TRACKING,,0.003990566,1,-0.000000000,0.000000015,0.050000003,0.000000000,0.000000000,0.050000000,0.000000000,0.000000015,0.000000003,0.000000015,0.000002959
19.850094945,TRACKING,,0.003078708,1,-0.000000000,0.000000015,0.050000003,0.000000000,0.000000000,0.050000000,0.000000000,0.000000015,0.000000003,0.000000015,0.000003018
19.860328414,TRACKING,,0.005237247,1,-0.000000000,0.000000015,0.050000004,0.000000000,0.000000000,0.050000000,0.000000000,0.000000015,0.000000004,0.000000016,0.000003082
19.870210438,TRACKING,,0.004516547,1,-0.000000000,0.000000016,0.050000002,0.000000000,0.000000000,0.050000000,0.000000000,0.000000016,0.000000002,0.000000016,0.000003131
19.880709865,TRACKING,,0.002126481,1,0.000000000,0.000000016,0.049999996,0.000000000,0.000000000,0.050000000,-0.000000000,0.000000016,-0.000000004,0.000000016,0.000003178
19.890429227,TRACKING,,0.000026121,1,0.000000000,0.000000016,0.049999996,0.000000000,0.000000000,0.050000000,-0.000000000,0.000000016,-0.000000004,0.000000016,0.000003178
19.900566523,TRACKING,,0.004622218,1,0.000000000,0.000000016,0.049999998,0.000000000,0.000000000,0.050000000,-0.000000000,0.000000016,-0.000000002,0.000000016,0.000003224
19.910562529,TRACKING,,0.001861710,1,0.000000000,0.000000016,0.049999999,0.000000000,0.000000000,0.050000000,-0.000000000,0.000000016,-0.000000001,0.000000016,0.000003258
19.920785312,TRACKING,,0.006698832,1,0.000000000,0.000000016,0.050000000,0.000000000,0.000000000,0.050000000,-0.000000000,0.000000016,0.000000000,0.000000016,0.000003297
19.931747793,TRACKING,,0.000961726,1,-0.000000000,0.000000016,0.050000001,0.000000000,0.000000000,0.050000000,0.000000000,0.000000016,0.000000001,0.000000017,0.000003332
19.941312803,TRACKING,,0.000156725,1,-0.000000000,0.000000017,0.050000002,0.000000000,0.000000000,0.050000000,0.000000000,0.000000017,0.000000002,0.000000017,0.000003366
19.952020011,TRACKING,,0.000485612,1,-0.000000000,0.000000017,0.050000002,0.000000000,0.000000000,0.050000000,0.000000000,0.000000017,0.000000002,0.000000017,0.000003366
19.962454136,TRACKING,,0.005315610,1,-0.000000000,0.000000017,0.050000003,0.000000000,0.000000000,0.050000000,0.000000000,0.000000017,0.000000003,0.000000017,0.000003389
19.972160437,TRACKING,,0.003314984,1,-0.000000000,0.000000017,0.050000004,0.000000000,0.000000000,0.050000000,0.000000000,0.000000017,0.000000004,0.000000017,0.000003412
19.982376096,TRACKING,,0.002918421,1,0.000000000,0.000000017,0.049999999,0.000000000,0.000000000,0.050000000,-0.000000000,0.000000017,-0.000000001,0.000000017,0.000003431
19.992857714,TRACKING,,0.002727263,1,0.000000000,0.000000017,0.049999997,0.000000000,0.000000000,0.050000000,-0.000000000,0.000000017,-0.000000003,0.000000017,0.000003449
20.003182606,TRACKING,,0.007981132,1,0.000000000,0.000000017,0.049999998,0.000000000,0.000000000,0.050000000,-0.000000000,0.000000017,-0.000000002,0.000000017,0.000003465
20.013304467,TRACKING,,0.002673834,1,0.000000000,0.000000017,0.050000000,0.000000000,0.000000000,0.050000000,-0.000000000,0.000000017,-0.000000000,0.000000017,0.000003486
20.024154153,TRACKING,,0.006350949,1,0.000000000,0.000000017,0.050000000,0.000000000,0.000000000,0.050000000,-0.000000000,0.000000017,-0.000000000,0.000000017,0.000003486
20.034158470,TRACKING,,0.001023465,1,-0.000000000,0.000000017,0.050000001,0.000000000,0.000000000,0.050000000,0.000000000,0.000000017,0.000000001,0.000000017,0.000003505
20.044237588,TRACKING,,0.000597220,1,-0.000000000,0.000000017,0.050000002,0.000000000,0.000000000,0.050000000,0.000000000,0.000000017,0.000000002,0.000000018,0.000003518
20.054214597,TRACKING,,0.004161540,1,-0.000000000,0.000000017,0.050000003,0.000000000,0.000000000,0.050000000,0.000000000,0.000000017,0.000000003,0.000000018,0.000003529
20.067215697,TRACKING,,0.004919047,1,-0.000000000,0.000000018,0.050000004,0.000000000,0.000000000,0.050000000,0.000000000,0.000000018,0.000000004,0.000000018,0.000003540
20.077314999,TRACKING,,0.000084299,1,-0.000000000,0.000000018,0.050000004,0.000000000,0.000000000,0.050000000,0.000000000,0.000000018,0.000000004,0.000000018,0.000003552
20.087231455,TRACKING,,0.004886989,1,-0.000000000,0.000000018,0.050000004,0.000000000,0.000000000,0.050000000,0.000000000,0.000000018,0.000000004,0.000000018,0.000003552
20.098411214,TRACKING,,0.001823716,1,-0.000000000,0.000000018,0.050000005,0.000000000,0.000000000,0.050000000,0.000000000,0.000000018,0.000000005,0.000000018,0.000003559
20.108293238,TRACKING,,0.000793126,1,0.000000000,0.000000018,0.049999998,0.000000000,0.000000000,0.050000000,-0.000000000,0.000000018,-0.000000002,0.000000018,0.000003569
20.118247688,TRACKING,,0.004688708,1,0.000000000,0.000000018,0.049999996,0.000000000,0.000000000,0.050000000,-0.000000000,0.000000018,-0.000000004,0.000000018,0.000003575
20.128577329,TRACKING,,0.004342012,1,0.000000000,0.000000018,0.049999997,0.000000000,0.000000000,0.050000000,-0.000000000,0.000000018,-0.000000003,0.000000018,0.000003581
20.138289567,TRACKING,,0.005843965,1,0.000000000,0.000000018,0.049999997,0.000000000,0.000000000,0.050000000,-0.000000000,0.000000018,-0.000000003,0.000000018,0.000003581
20.150593713,TRACKING,,0.003275803,1,0.000000000,0.000000018,0.049999999,0.000000000,0.000000000,0.050000000,-0.000000000,0.000000018,-0.000000001,0.000000018,0.000003588
20.164158788,TRACKING,,0.002676208,1,-0.000000000,0.000000018,0.050000000,0.000000000,0.000000000,0.050000000,0.000000000,0.000000018,0.000000000,0.000000018,0.000003594
20.174171417,TRACKING,,0.000015435,1,-0.000000000,0.000000018,0.050000002,0.000000000,0.000000000,0.050000000,0.000000000,0.000000018,0.000000002,0.000000018,0.000003599
20.184225601,TRACKING,,0.004890551,1,-0.000000000,0.000000018,0.050000003,0.000000000,0.000000000,0.050000000,0.000000000,0.000000018,0.000000003,0.000000018,0.000003603
20.194353399,TRACKING,,0.001032964,1,-0.000000000,0.000000018,0.050000003,0.000000000,0.000000000,0.050000000,0.000000000,0.000000018,0.000000003,0.000000018,0.000003607
20.204376713,TRACKING,,0.000243399,1,-0.000000000,0.000000018,0.050000004,0.000000000,0.000000000,0.050000000,0.000000000,0.000000018,0.000000004,0.000000018,0.000003610
20.214914135,TRACKING,,0.004357446,1,-0.000000000,0.000000018,0.050000004,0.000000000,0.000000000,0.050000000,0.000000000,0.000000018,0.000000004,0.000000018,0.000003610
20.224606188,TRACKING,,0.002248775,1,0.000000000,0.000000018,0.049999998,0.000000000,0.000000000,0.050000000,-0.000000000,0.000000018,-0.000000002,0.000000018,0.000003614
20.234859841,TRACKING,,0.000968849,1,0.000000000,0.000000018,0.049999996,0.000000000,0.000000000,0.050000000,-0.000000000,0.000000018,-0.000000004,0.000000018,0.000003616
20.244638568,TRACKING,,0.003639121,1,0.000000000,0.000000018,0.049999998,0.000000000,0.000000000,0.050000000,-0.000000000,0.000000018,-0.000000002,0.000000018,0.000003619
20.255094065,TRACKING,,0.003031216,1,0.000000000,0.000000018,0.049999999,0.000000000,0.000000000,0.050000000,-0.000000000,0.000000018,-0.000000001,0.000000018,0.000003621
20.264787306,TRACKING,,0.002577661,1,0.000000000,0.000000018,0.050000000,0.000000000,0.000000000,0.050000000,-0.000000000,0.000000018,-0.000000000,0.000000018,0.000003623
20.275175126,TRACKING,,0.002211968,1,-0.000000000,0.000000018,0.050000001,0.000000000,0.000000000,0.050000000,0.000000000,0.000000018,0.000000001,0.000000018,0.000003624
20.285277990,TRACKING,,0.001401031,1,-0.000000000,0.000000018,0.050000002,0.000000000,0.000000000,0.050000000,0.000000000,0.000000018,0.000000002,0.000000018,0.000003626
20.296362764,TRACKING,,0.007217688,1,-0.000000000,0.000000018,0.050000002,0.000000000,0.000000000,0.050000000,0.000000000,0.000000018,0.000000002,0.000000018,0.000003626
20.306357582,TRACKING,,0.000795502,1,-0.000000000,0.000000018,0.050000003,0.000000000,0.000000000,0.050000000,0.000000000,0.000000018,0.000000003,0.000000018,0.000003627
20.316257416,TRACKING,,0.005199253,1,0.000000000,0.000000018,0.050000000,0.000000000,0.000000000,0.050000000,-0.000000000,0.000000018,0.000000000,0.000000018,0.000003629
20.326414896,TRACKING,,0.003512078,1,0.000000000,0.000000018,0.049999995,0.000000000,0.000000000,0.050000000,-0.000000000,0.000000018,-0.000000005,0.000000019,0.000003630
20.336705356,TRACKING,,0.000967662,1,0.000000000,0.000000018,0.049999997,0.000000000,0.000000000,0.050000000,-0.000000000,0.000000018,-0.000000003,0.000000018,0.000003631
20.346972070,TRACKING,,0.000112795,1,0.000000000,0.000000018,0.049999998,0.000000000,0.000000000,0.050000000,-0.000000000,0.000000018,-0.000000002,0.000000018,0.000003632
20.357142611,TRACKING,,0.003767351,1,0.000000000,0.000000018,0.049999998,0.000000000,0.000000000,0.050000000,-0.000000000,0.000000018,-0.000000002,0.000000018,0.000003632
20.367245476,TRACKING,,0.004998597,1,0.000000000,0.000000018,0.049999999,0.000000000,0.000000000,0.050000000,-0.000000000,0.000000018,-0.000000001,0.000000018,0.000003634
20.377153620,TRACKING,,0.004054681,1,-0.000000000,0.000000018,0.050000001,0.000000000,0.000000000,0.050000000,0.000000000,0.000000018,0.000000001,0.000000018,0.000003634
20.387454766,TRACKING,,0.002089675,1,-0.000000000,0.000000018,0.050000002,0.000000000,0.000000000,0.050000000,0.000000000,0.000000018,0.000000002,0.000000018,0.000003635
20.397271487,TRACKING,,0.005459275,1,-0.000000000,0.000000018,0.050000002,0.000000000,0.000000000,0.050000000,0.000000000,0.000000018,0.000000002,0.000000018,0.000003635
20.409065088,TRACKING,,0.004434622,1,-0.000000000,0.000000018,0.050000003,0.000000000,0.000000000,0.050000000,0.000000000,0.000000018,0.000000003,0.000000018,0.000003636
20.419239192,TRACKING,,0.001243119,1,0.000000000,0.000000018,0.049999999,0.000000000,0.000000000,0.050000000,-0.000000000,0.000000018,-0.000000001,0.000000018,0.000003637
20.431569459,TRACKING,,0.007984694,1,0.000000000,0.000000018,0.049999994,0.000000000,0.000000000,0.050000000,-0.000000000,0.000000018,-0.000000006,0.000000019,0.000003637
20.441164152,TRACKING,,0.004359821,1,0.000000000,0.000000018,0.049999993,0.000000000,0.000000000,0.050000000,-0.000000000,0.000000018,-0.000000007,0.000000019,0.000003638
20.451244458,TRACKING,,0.004098612,1,0.000000000,0.000000018,0.049999995,0.000000000,0.000000000,0.050000000,-0.000000000,0.000000018,-0.000000005,0.000000019,0.000003638
20.461422123,TRACKING,,0.000955789,1,0.000000000,0.000000018,0.049999996,0.000000000,0.000000000,0.050000000,-0.000000000,0.000000018,-0.000000004,0.000000018,0.000003639
20.472010599,TRACKING,,0.006130108,1,0.000000000,0.000000018,0.049999996,0.000000000,0.000000000,0.050000000,-0.000000000,0.000000018,-0.000000004,0.000000018,0.000003639
20.482003043,TRACKING,,0.007077585,1,0.000000000,0.000000018,0.049999998,0.000000000,0.000000000,0.050000000,-0.000000000,0.000000018,-0.000000002,0.000000018,0.000003639
20.492013296,TRACKING,,0.003912203,1,-0.000000000,0.000000018,0.050000000,0.000000000,0.000000000,0.050000000,0.000000000,0.000000018,-0.000000000,0.000000018,0.000003639
20.502207584,TRACKING,,0.008606847,1,-0.000000000,0.000000018,0.050000001,0.000000000,0.000000000,0.050000000,0.000000000,0.000000018,0.000000001,0.000000018,0.000003640
20.512096731,TRACKING,,0.000634026,1,-0.000000000,0.000000018,0.050000002,0.000000000,0.000000000,0.050000000,0.000000000,0.000000018,0.000000002,0.000000018,0.000003640
20.523030716,TRACKING,,0.005662306,1,-0.000000000,0.000000018,0.050000002,0.000000000,0.000000000,0.050000000,0.000000000,0.000000018,0.000000002,0.000000018,0.000003640
20.535211382,TRACKING,,0.006299894,1,-0.000000000,0.000000018,0.050000002,0.000000000,0.000000000,0.050000000,0.000000000,0.000000018,0.000000002,0.000000018,0.000003640
20.545106466,TRACKING,,0.003056149,1,-0.000000000,0.000000018,0.050000003,0.000000000,0.000000000,0.050000000,0.000000000,0.000000018,0.000000003,0.000000018,0.000003640
20.557458105,TRACKING,,0.008374134,1,-0.000000000,0.000000018,0.050000000,0.000000000,0.000000000,0.050000000,0.000000000,0.000000018,0.000000000,0.000000018,0.000003641
20.567348440,TRACKING,,0.001202750,1,-0.000000000,0.000000018,0.050000000,0.000000000,0.000000000,0.050000000,0.000000000,0.000000018,0.000000000,0.000000018,0.000003641
20.577440618,TRACKING,,0.001580316,1,0.000000000,0.000000018,0.049999991,0.000000000,0.000000000,0.050000000,-0.000000000,0.000000018,-0.000000009,0.000000020,0.000003641
20.590676807,TRACKING,,0.009259871,1,0.000000000,0.000000018,0.049999989,0.000000000,0.000000000,0.050000000,-0.000000000,0.000000018,-0.000000011,0.000000021,0.000003641
20.600355799,TRACKING,,0.003100079,1,0.000000000,0.000000018,0.049999992,0.000000000,0.000000000,0.050000000,-0.000000000,0.000000018,-0.000000008,0.000000020,0.000003641
20.610648634,TRACKING,,0.008093927,1,0.000000000,0.000000018,0.049999994,0.000000000,0.000000000,0.050000000,-0.000000000,0.000000018,-0.000000006,0.000000019,0.000003641
20.620492663,TRACKING,,0.002486238,1,0.000000000,0.000000018,0.049999994,0.000000000,0.000000000,0.050000000,-0.000000000,0.000000018,-0.000000006,0.000000019,0.000003641
20.630715446,TRACKING,,0.001789284,1,0.000000000,0.000000018,0.049999996,0.000000000,0.000000000,0.050000000,-0.000000000,0.000000018,-0.000000004,0.000000018,0.000003641
20.640779129,TRACKING,,0.003485957,1,-0.000000000,0.000000018,0.049999998,0.000000000,0.000000000,0.050000000,0.000000000,0.000000018,-0.000000002,0.000000018,0.000003641
20.652185665,TRACKING,,0.004629341,1,-0.000000000,0.000000018,0.049999999,0.000000000,0.000000000,0.050000000,0.000000000,0.000000018,-0.000000001,0.000000018,0.000003642
20.662423883,TRACKING,,0.000078362,1,-0.000000000,0.000000018,0.050000000,0.000000000,0.000000000,0.050000000,0.000000000,0.000000018,0.000000000,0.000000018,0.000003642
20.672662101,TRACKING,,0.004689895,1,-0.000000000,0.000000018,0.050000000,0.000000000,0.000000000,0.050000000,0.000000000,0.000000018,0.000000000,0.000000018,0.000003642
20.682576182,TRACKING,,0.001036526,1,0.000000000,0.000000018,0.049999997,0.000000000,0.000000000,0.050000000,-0.000000000,0.000000018,-0.000000003,0.000000018,0.000003642
20.692813213,TRACKING,,0.003487145,1,0.000000000,0.000000018,0.049999995,0.000000000,0.000000000,0.050000000,-0.000000000,0.000000018,-0.000000005,0.000000019,0.000003642
20.702893518,TRACKING,,0.002106297,1,0.000000000,0.000000018,0.049999997,0.000000000,0.000000000,0.050000000,-0.000000000,0.000000018,-0.000000003,0.000000018,0.000003642
20.712909709,TRACKING,,0.001785722,1,-0.000000000,0.000000018,0.049999998,0.000000000,0.000000000,0.050000000,0.000000000,0.000000018,-0.000000002,0.000000018,0.000003642
20.722820228,TRACKING,,0.004913110,1,-0.000000000,0.000000018,0.049999998,0.000000000,0.000000000,0.050000000,0.000000000,0.000000018,-0.000000002,0.000000018,0.000003642
20.734324124,TRACKING,,0.004233966,1,0.000000000,0.000000018,0.049999993,0.000000000,0.000000000,0.050000000,-0.000000000,0.000000018,-0.000000007,0.000000019,0.000003642
20.744062482,TRACKING,,0.003674740,1,0.000000000,0.000000018,0.049999992,0.000000000,0.000000000,0.050000000,-0.000000000,0.000000018,-0.000000008,0.000000020,0.000003642
20.754128539,TRACKING,,0.003027653,1,0.000000000,0.000000018,0.049999994,0.000000000,0.000000000,0.050000000,-0.000000000,0.000000018,-0.000000006,0.000000019,0.000003642
20.764445120,TRACKING,,0.000547353,1,0.000000000,0.000000018,0.049999996,0.000000000,0.000000000,0.050000000,-0.000000000,0.000000018,-0.000000004,0.000000019,0.000003642
20.774466060,TRACKING,,0.000129417,1,-0.000000000,0.000000018,0.049999997,0.000000000,0.000000000,0.050000000,0.000000000,0.000000018,-0.000000003,0.000000018,0.000003642
20.784428821,TRACKING,,0.003628435,1,-0.000000000,0.000000018,0.049999997,0.000000000,0.000000000,0.050000000,0.000000000,0.000000018,-0.000000003,0.000000018,0.000003642
20.794488942,TRACKING,,0.002623966,1,-0.000000000,0.000000018,0.049999998,0.000000000,0.000000000,0.050000000,0.000000000,0.000000018,-0.000000002,0.000000018,0.000003642
20.804576371,TRACKING,,0.006336700,1,0.000000000,0.000000018,0.049999996,0.000000000,0.000000000,0.050000000,-0.000000000,0.000000018,-0.000000004,0.000000018,0.000003642
20.814770658,TRACKING,,0.003829091,1,0.000000000,0.000000018,0.049999991,0.000000000,0.000000000,0.050000000,-0.000000000,0.000000018,-0.000000009,0.000000020,0.000003642
20.825112173,TRACKING,,0.007671243,1,0.000000000,0.000000018,0.049999991,0.000000000,0.000000000,0.050000000,-0.000000000,0.000000018,-0.000000009,0.000000020,0.000003642
20.834971637,TRACKING,,0.001344040,1,0.000000000,0.000000018,0.049999993,0.000000000,0.000000000,0.050000000,-0.000000000,0.000000018,-0.000000007,0.000000019,0.000003642
20.844999700,TRACKING,,0.000730199,1,0.000000000,0.000000018,0.049999995,0.000000000,0.000000000,0.050000000,-0.000000000,0.000000018,-0.000000005,0.000000019,0.000003642
20.854996894,TRACKING,,0.002771194,1,-0.000000000,0.000000018,0.049999997,0.000000000,0.000000000,0.050000000,0.000000000,0.000000018,-0.000000003,0.000000018,0.000003642
20.864944219,TRACKING,,0.003635559,1,-0.000000000,0.000000018,0.049999998,0.000000000,0.000000000,0.050000000,0.000000000,0.000000018,-0.000000002,0.000000018,0.000003642
20.875347474,TRACKING,,0.001169505,1,-0.000000000,0.000000018,0.049999999,0.000000000,0.000000000,0.050000000,0.000000000,0.000000018,-0.000000001,0.000000018,0.000003642
20.885369601,TRACKING,,0.000085487,1,-0.000000000,0.000000018,0.050000000,0.000000000,0.000000000,0.050000000,0.000000000,0.000000018,0.000000000,0.000000018,0.000003642
20.897603696,TRACKING,,0.006580100,1,-0.000000000,0.000000018,0.050000000,0.000000000,0.000000000,0.050000000,0.000000000,0.000000018,0.000000000,0.000000018,0.000003642
20.907163957,TRACKING,,0.004389504,1,-0.000000000,0.000000018,0.050000001,0.000000000,0.000000000,0.050000000,0.000000000,0.000000018,0.000000001,0.000000018,0.000003642
20.918051636,TRACKING,,0.009706301,1,0.000000000,0.000000018,0.049999996,0.000000000,0.000000000,0.050000000,-0.000000000,0.000000018,-0.000000004,0.000000019,0.000003642
20.927926536,TRACKING,,0.005455713,1,0.000000000,0.000000018,0.049999989,0.000000000,0.000000000,0.050000000,-0.000000000,0.000000018,-0.000000011,0.000000021,0.000003642
20.937743257,TRACKING,,0.002477926,1,0.000000000,0.000000018,0.049999989,0.000000000,0.000000000,0.050000000,-0.000000000,0.000000018,-0.000000011,0.000000021,0.000003642
20.948557323,TRACKING,,0.007656995,1,0.000000000,0.000000018,0.049999991,0.000000000,0.000000000,0.050000000,-0.000000000,0.000000018,-0.000000009,0.000000020,0.000003642
20.958238691,TRACKING,,0.005648058,1,0.000000000,0.000000018,0.049999991,0.000000000,0.000000000,0.050000000,-0.000000000,0.000000018,-0.000000009,0.000000020,0.000003642
20.968356990,TRACKING,,0.003621311,1,0.000000000,0.000000018,0.049999993,0.000000000,0.000000000,0.050000000,-0.000000000,0.000000018,-0.000000007,0.000000019,0.000003642
20.978649824,TRACKING,,0.003287675,1,-0.000000000,0.000000018,0.049999995,0.000000000,0.000000000,0.050000000,0.000000000,0.000000018,-0.000000005,0.000000019,0.000003642
20.988491479,TRACKING,,0.000668458,1,-0.000000000,0.000000018,0.049999997,0.000000000,0.000000000,0.050000000,0.000000000,0.000000018,-0.000000003,0.000000018,0.000003642
20.998938665,TRACKING,,0.010772510,1,-0.000000000,0.000000018,0.049999997,0.000000000,0.000000000,0.050000000,0.000000000,0.000000018,-0.000000003,0.000000018,0.000003642
21.008678211,TRACKING,,0.000596033,1,-0.000000000,0.000000018,0.049999999,0.000000000,0.000000000,0.050000000,0.000000000,0.000000018,-0.000000001,0.000000018,0.000003642
21.019070780,TRACKING,,0.004197159,1,-0.000000000,0.000000018,0.049999999,0.000000000,0.000000000,0.050000000,0.000000000,0.000000018,-0.000000001,0.000000018,0.000003642
21.029418231,TRACKING,,0.000034432,1,-0.000000000,0.000000018,0.049999999,0.000000000,0.000000000,0.050000000,0.000000000,0.000000018,-0.000000001,0.000000018,0.000003642
21.039324001,TRACKING,,0.003781599,1,-0.000000000,0.000000018,0.050000001,0.000000000,0.000000000,0.050000000,0.000000000,0.000000018,0.000000001,0.000000018,0.000003642
21.049397182,TRACKING,,0.002665522,1,-0.000000000,0.000000018,0.050000002,0.000000000,0.000000000,0.050000000,0.000000000,0.000000018,0.000000002,0.000000018,0.000003642
21.059517856,TRACKING,,0.000292080,1,-0.000000000,0.000000018,0.049999999,0.000000000,0.000000000,0.050000000,0.000000000,0.000000018,-0.000000001,0.000000018,0.000003642
21.069570853,TRACKING,,0.005214688,1,0.000000000,0.000000018,0.049999994,0.000000000,0.000000000,0.050000000,-0.000000000,0.000000018,-0.000000006,0.000000019,0.000003642
21.079552611,TRACKING,,0.002741511,1,0.000000000,0.000000018,0.049999996,0.000000000,0.000000000,0.050000000,-0.000000000,0.000000018,-0.000000004,0.000000018,0.000003642
21.090113779,TRACKING,,0.000514108,1,0.000000000,0.000000018,0.049999997,0.000000000,0.000000000,0.050000000,-0.000000000,0.000000018,-0.000000003,0.000000018,0.000003642
21.099944748,TRACKING,,0.000062927,1,-0.000000000,0.000000018,0.049999999,0.000000000,0.000000000,0.050000000,0.000000000,0.000000018,-0.000000001,0.000000018,0.000003642
21.110009618,TRACKING,,0.004812188,1,-0.000000000,0.000000018,0.049999999,0.000000000,0.000000000,0.050000000,0.000000000,0.000000018,-0.000000001,0.000000018,0.000003642
21.120022246,TRACKING,,0.002618029,1,-0.000000000,0.000000018,0.050000000,0.000000000,0.000000000,0.050000000,0.000000000,0.000000018,-0.000000000,0.000000018,0.000003642
21.132283649,TRACKING,,0.003748354,1,-0.000000000,0.000000018,0.050000001,0.000000000,0.000000000,0.050000000,0.000000000,0.000000018,0.000000001,0.000000018,0.000003642
21.142100370,TRACKING,,0.003873022,1,0.000000000,0.000000018,0.049999998,0.000000000,0.000000000,0.050000000,-0.000000000,0.000000018,-0.000000002,0.000000018,0.000003642
21.152133183,TRACKING,,0.003806532,1,0.000000000,0.000000018,0.049999992,0.000000000,0.000000000,0.050000000,-0.000000000,0.000000018,-0.000000008,0.000000020,0.000003642
21.162435516,TRACKING,,0.001069771,1,0.000000000,0.000000018,0.049999994,0.000000000,0.000000000,0.050000000,-0.000000000,0.000000018,-0.000000006,0.000000019,0.000003642
21.172380467,TRACKING,,0.001949572,1,0.000000000,0.000000018,0.049999996,0.000000000,0.000000000,0.050000000,-0.000000000,0.000000018,-0.000000004,0.000000019,0.000003642
21.182583066,TRACKING,,0.004694643,1,0.000000000,0.000000018,0.049999996,0.000000000,0.000000000,0.050000000,-0.000000000,0.000000018,-0.000000004,0.000000019,0.000003642
21.194275745,TRACKING,,0.002950478,1,-0.000000000,0.000000018,0.049999997,0.000000000,0.000000000,0.050000000,0.000000000,0.000000018,-0.000000003,0.000000018,0.000003642
21.204151832,TRACKING,,0.004905986,1,-0.000000000,0.000000018,0.049999999,0.000000000,0.000000000,0.050000000,0.000000000,0.000000018,-0.000000001,0.000000018,0.000003642
21.215281723,TRACKING,,0.001196813,1,-0.000000000,0.000000018,0.050000000,0.000000000,0.000000000,0.050000000,0.000000000,0.000000018,0.000000000,0.000000018,0.000003642
21.225058076,TRACKING,,0.003631997,1,-0.000000000,0.000000018,0.050000000,0.000000000,0.000000000,0.050000000,0.000000000,0.000000018,0.000000000,0.000000018,0.000003642
21.236083484,TRACKING,,0.000873864,1,-0.000000000,0.000000018,0.050000002,0.000000000,0.000000000,0.050000000,0.000000000,0.000000018,0.000000002,0.000000018,0.000003642
21.247211001,TRACKING,,0.001764350,1,-0.000000000,0.000000018,0.049999999,0.000000000,0.000000000,0.050000000,0.000000000,0.000000018,-0.000000001,0.000000018,0.000003642
21.257210569,TRACKING,,0.000756320,1,0.000000000,0.000000018,0.049999993,0.000000000,0.000000000,0.050000000,-0.000000000,0.000000018,-0.000000007,0.000000019,0.000003642
21.267515277,TRACKING,,0.001592189,1,0.000000000,0.000000018,0.049999992,0.000000000,0.000000000,0.050000000,-0.000000000,0.000000018,-0.000000008,0.000000020,0.000003642
21.277229889,TRACKING,,0.001187315,1,0.000000000,0.000000018,0.049999994,0.000000000,0.000000000,0.050000000,-0.000000000,0.000000018,-0.000000006,0.000000019,0.000003642
21.287535784,TRACKING,,0.006070742,1,0.000000000,0.000000018,0.049999994,0.000000000,0.000000000,0.050000000,-0.000000000,0.000000018,-0.000000006,0.000000019,0.000003642
21.297490233,TRACKING,,0.002887551,1,0.000000000,0.000000018,0.049999996,0.000000000,0.000000000,0.050000000,-0.000000000,0.000000018,-0.000000004,0.000000018,0.000003642
21.307775944,TRACKING,,0.000531918,1,-0.000000000,0.000000018,0.049999997,0.000000000,0.000000000,0.050000000,0.000000000,0.000000018,-0.000000003,0.000000018,0.000003642
21.317578418,TRACKING,,0.002859054,1,-0.000000000,0.000000018,0.049999999,0.000000000,0.000000000,0.050000000,0.000000000,0.000000018,-0.000000001,0.000000018,0.000003642
21.327659910,TRACKING,,0.004453619,1,-0.000000000,0.000000018,0.049999999,0.000000000,0.000000000,0.050000000,0.000000000,0.000000018,-0.000000001,0.000000018,0.000003642
21.339527125,TRACKING,,0.005449776,1,-0.000000000,0.000000018,0.050000000,0.000000000,0.000000000,0.050000000,0.000000000,0.000000018,0.000000000,0.000000018,0.000003642
21.349481574,TRACKING,,0.006723765,1,-0.000000000,0.000000018,0.050000002,0.000000000,0.000000000,0.050000000,0.000000000,0.000000018,0.000000002,0.000000018,0.000003642
21.359694859,TRACKING,,0.003534637,1,-0.000000000,0.000000018,0.049999999,0.000000000,0.000000000,0.050000000,0.000000000,0.000000018,-0.000000001,0.000000018,0.000003642
21.369601816,TRACKING,,0.006979038,1,-0.000000000,0.000000018,0.049999999,0.000000000,0.000000000,0.050000000,0.000000000,0.000000018,-0.000000001,0.000000018,0.000003642
21.379602571,TRACKING,,0.003620124,1,0.000000000,0.000000018,0.049999993,0.000000000,0.000000000,0.050000000,-0.000000000,0.000000018,-0.000000007,0.000000019,0.000003642
21.391384299,TRACKING,,0.000908296,1,0.000000000,0.000000018,0.049999991,0.000000000,0.000000000,0.050000000,-0.000000000,0.000000018,-0.000000009,0.000000020,0.000003642
21.401263948,TRACKING,,0.004919047,1,0.000000000,0.000000018,0.049999994,0.000000000,0.000000000,0.050000000,-0.000000000,0.000000018,-0.000000006,0.000000019,0.000003642
21.411476045,TRACKING,,0.003675927,1,0.000000000,0.000000018,0.049999996,0.000000000,0.000000000,0.050000000,-0.000000000,0.000000018,-0.000000004,0.000000019,0.000003642
21.421512419,TRACKING,,0.001858148,1,-0.000000000,0.000000018,0.049999997,0.000000000,0.000000000,0.050000000,0.000000000,0.000000018,-0.000000003,0.000000018,0.000003642
21.431767260,TRACKING,,0.006247652,1,-0.000000000,0.000000018,0.049999997,0.000000000,0.000000000,0.050000000,0.000000000,0.000000018,-0.000000003,0.000000018,0.000003642
21.441737145,TRACKING,,0.002756946,1,-0.000000000,0.000000018,0.049999999,0.000000000,0.000000000,0.050000000,0.000000000,0.000000018,-0.000000001,0.000000018,0.000003642
21.451746211,TRACKING,,0.002404313,1,-0.000000000,0.000000018,0.050000000,0.000000000,0.000000000,0.050000000,0.000000000,0.000000018,-0.000000000,0.000000018,0.000003642
21.462017674,TRACKING,,0.006767696,1,-0.000000000,0.000000018,0.050000001,0.000000000,0.000000000,0.050000000,0.000000000,0.000000018,0.000000001,0.000000018,0.000003642
21.471927006,TRACKING,,0.000040369,1,-0.000000000,0.000000018,0.049999999,0.000000000,0.000000000,0.050000000,0.000000000,0.000000018,-0.000000001,0.000000018,0.000003642
21.482129604,TRACKING,,0.002760508,1,-0.000000000,0.000000018,0.049999999,0.000000000,0.000000000,0.050000000,0.000000000,0.000000018,-0.000000001,0.000000018,0.000003642
21.492144607,TRACKING,,0.001634933,1,0.000000000,0.000000018,0.049999992,0.000000000,0.000000000,0.050000000,-0.000000000,0.000000018,-0.000000008,0.000000020,0.000003642
21.504306276,TRACKING,,0.003133325,1,0.000000000,0.000000018,0.049999990,0.000000000,0.000000000,0.050000000,-0.000000000,0.000000018,-0.000000010,0.000000021,0.000003642
21.515193955,TRACKING,,0.005784599,1,0.000000000,0.000000018,0.049999992,0.000000000,0.000000000,0.050000000,-0.000000000,0.000000018,-0.000000008,0.000000020,0.000003642
21.525484415,TRACKING,,0.002404313,1,0.000000000,0.000000018,0.049999995,0.000000000,0.000000000,0.050000000,-0.000000000,0.000000018,-0.000000005,0.000000019,0.000003642
21.535366438,TRACKING,,0.003227123,1,0.000000000,0.000000018,0.049999995,0.000000000,0.000000000,0.050000000,-0.000000000,0.000000018,-0.000000005,0.000000019,0.000003642
21.545599907,TRACKING,,0.001733480,1,-0.000000000,0.000000018,0.049999997,0.000000000,0.000000000,0.050000000,0.000000000,0.000000018,-0.000000003,0.000000018,0.000003642
21.559639908,TRACKING,,0.008137858,1,-0.000000000,0.000000018,0.049999998,0.000000000,0.000000000,0.050000000,0.000000000,0.000000018,-0.000000002,0.000000018,0.000003642
21.568186202,TRACKING,,0.002238089,1,-0.000000000,0.000000018,0.050000000,0.000000000,0.000000000,0.050000000,0.000000000,0.000000018,-0.000000000,0.000000018,0.000003642
21.578093159,TRACKING,,0.006732077,1,-0.000000000,0.000000018,0.050000000,0.000000000,0.000000000,0.050000000,0.000000000,0.000000018,-0.000000000,0.000000018,0.000003642
21.589099570,TRACKING,,0.004073679,1,0.000000000,0.000000018,0.049999994,0.000000000,0.000000000,0.050000000,-0.000000000,0.000000018,-0.000000006,0.000000019,0.000003642
21.599430399,TRACKING,,0.000954602,1,0.000000000,0.000000018,0.049999989,0.000000000,0.000000000,0.050000000,-0.000000000,0.000000018,-0.000000011,0.000000021,0.000003642
21.609215062,TRACKING,,0.001060272,1,0.000000000,0.000000018,0.049999988,0.000000000,0.000000000,0.050000000,-0.000000000,0.000000018,-0.000000012,0.000000022,0.000003642
21.620120551,TRACKING,,0.002176349,1,0.000000000,0.000000018,0.049999988,0.000000000,0.000000000,0.050000000,-0.000000000,0.000000018,-0.000000012,0.000000022,0.000003642
21.630224603,TRACKING,,0.003856400,1,0.000000000,0.000000018,0.049999991,0.000000000,0.000000000,0.050000000,-0.000000000,0.000000018,-0.000000009,0.000000020,0.000003642
21.640293035,TRACKING,,0.003019342,1,0.000000000,0.000000018,0.049999993,0.000000000,0.000000000,0.050000000,-0.000000000,0.000000018,-0.000000007,0.000000019,0.000003642
21.653992276,TRACKING,,0.004565227,1,-0.000000000,0.000000018,0.049999995,0.000000000,0.000000000,0.050000000,0.000000000,0.000000018,-0.000000005,0.000000019,0.000003642
21.663616652,TRACKING,,0.000956976,1,-0.000000000,0.000000018,0.049999997,0.000000000,0.000000000,0.050000000,0.000000000,0.000000018,-0.000000003,0.000000018,0.000003642
21.673743263,TRACKING,,0.004535543,1,-0.000000000,0.000000018,0.049999998,0.000000000,0.000000000,0.050000000,0.000000000,0.000000018,-0.000000002,0.000000018,0.000003642
21.683843752,TRACKING,,0.002029122,1,-0.000000000,0.000000018,0.049999999,0.000000000,0.000000000,0.050000000,0.000000000,0.000000018,-0.000000001,0.000000018,0.000003642
21.693878939,TRACKING,,0.001422403,1,-0.000000000,0.000000018,0.050000000,0.000000000,0.000000000,0.050000000,0.000000000,0.000000018,0.000000000,0.000000018,0.000003642
21.704017423,TRACKING,,0.006203722,1,-0.000000000,0.000000018,0.050000000,0.000000000,0.000000000,0.050000000,0.000000000,0.000000018,0.000000000,0.000000018,0.000003642
21.714020552,TRACKING,,0.002929106,1,-0.000000000,0.000000018,0.050000001,0.000000000,0.000000000,0.050000000,0.000000000,0.000000018,0.000000001,0.000000018,0.000003642
21.724992531,TRACKING,,0.002602595,1,-0.000000000,0.000000018,0.050000000,0.000000000,0.000000000,0.050000000,0.000000000,0.000000018,-0.000000000,0.000000018,0.000003642
21.735040779,TRACKING,,0.001163569,1,0.000000000,0.000000018,0.049999994,0.000000000,0.000000000,0.050000000,-0.000000000,0.000000018,-0.000000006,0.000000019,0.000003642
21.745151954,TRACKING,,0.004512985,1,0.000000000,0.000000018,0.049999989,0.000000000,0.000000000,0.050000000,-0.000000000,0.000000018,-0.000000011,0.000000021,0.000003642
21.758194610,TRACKING,,0.006662025,1,0.000000000,0.000000018,0.049999988,0.000000000,0.000000000,0.050000000,-0.000000000,0.000000018,-0.000000012,0.000000022,0.000003642
21.768141936,TRACKING,,0.001902079,1,0.000000000,0.000000018,0.049999991,0.000000000,0.000000000,0.050000000,-0.000000000,0.000000018,-0.000000009,0.000000020,0.000003642
21.778147440,TRACKING,,0.001475832,1,0.000000000,0.000000018,0.049999993,0.000000000,0.000000000,0.050000000,-0.000000000,0.000000018,-0.000000007,0.000000019,0.000003642
21.788366661,TRACKING,,0.004745698,1,0.000000000,0.000000018,0.049999993,0.000000000,0.000000000,0.050000000,-0.000000000,0.000000018,-0.000000007,0.000000019,0.000003642
21.800293241,TRACKING,,0.004432247,1,-0.000000000,0.000000018,0.049999995,0.000000000,0.000000000,0.050000000,0.000000000,0.000000018,-0.000000005,0.000000019,0.000003642
21.810290434,TRACKING,,0.000935604,1,-0.000000000,0.000000018,0.049999996,0.000000000,0.000000000,0.050000000,0.000000000,0.000000018,-0.000000004,0.000000018,0.000003642
21.820181956,TRACKING,,0.000670833,1,-0.000000000,0.000000018,0.049999998,0.000000000,0.000000000,0.050000000,0.000000000,0.000000018,-0.000000002,0.000000018,0.000003642
21.830265823,TRACKING,,0.005564946,1,-0.000000000,0.000000018,0.049999998,0.000000000,0.000000000,0.050000000,0.000000000,0.000000018,-0.000000002,0.000000018,0.000003642
21.840697574,TRACKING,,0.002210781,1,-0.000000000,0.000000018,0.050000000,0.000000000,0.000000000,0.050000000,0.000000000,0.000000018,-0.000000000,0.000000018,0.000003642
21.857265368,TRACKING,,0.006011376,1,-0.000000000,0.000000018,0.050000001,0.000000000,0.000000000,0.050000000,0.000000000,0.000000018,0.000000001,0.000000018,0.000003642
21.867225755,TRACKING,,0.005994754,1,-0.000000000,0.000000018,0.050000002,0.000000000,0.000000000,0.050000000,0.000000000,0.000000018,0.000000002,0.000000018,0.000003642
21.877171893,TRACKING,,0.002097986,1,0.000000000,0.000000018,0.049999995,0.000000000,0.000000000,0.050000000,-0.000000000,0.000000018,-0.000000005,0.000000019,0.000003642
21.888228171,TRACKING,,0.007461088,1,0.000000000,0.000000018,0.049999995,0.000000000,0.000000000,0.050000000,-0.000000000,0.000000018,-0.000000005,0.000000019,0.000003642
21.898091198,TRACKING,,0.003888457,1,0.000000000,0.000000018,0.049999990,0.000000000,0.000000000,0.050000000,-0.000000000,0.000000018,-0.000000010,0.000000021,0.000003642
21.908382845,TRACKING,,0.003579755,1,0.000000000,0.000000018,0.049999992,0.000000000,0.000000000,0.050000000,-0.000000000,0.000000018,-0.000000008,0.000000020,0.000003642
21.918416845,TRACKING,,0.000502234,1,0.000000000,0.000000018,0.049999994,0.000000000,0.000000000,0.050000000,-0.000000000,0.000000018,-0.000000006,0.000000019,0.000003642
21.930240128,TRACKING,,0.006416251,1,-0.000000000,0.000000018,0.049999996,0.000000000,0.000000000,0.050000000,0.000000000,0.000000018,-0.000000004,0.000000018,0.000003642
21.940082970,TRACKING,,0.001726356,1,-0.000000000,0.000000018,0.049999998,0.000000000,0.000000000,0.050000000,0.000000000,0.000000018,-0.000000002,0.000000018,0.000003642
21.950127656,TRACKING,,0.001760788,1,-0.000000000,0.000000018,0.049999999,0.000000000,0.000000000,0.050000000,0.000000000,0.000000018,-0.000000001,0.000000018,0.000003642
21.960248330,TRACKING,,0.006526671,1,-0.000000000,0.000000018,0.049999999,0.000000000,0.000000000,0.050000000,0.000000000,0.000000018,-0.000000001,0.000000018,0.000003642
21.971157381,TRACKING,,0.004471429,1,-0.000000000,0.000000018,0.050000000,0.000000000,0.000000000,0.050000000,0.000000000,0.000000018,0.000000000,0.000000018,0.000003642
21.981314861,TRACKING,,0.002007750,1,-0.000000000,0.000000018,0.049999998,0.000000000,0.000000000,0.050000000,0.000000000,0.000000018,-0.000000002,0.000000018,0.000003642
21.991256251,TRACKING,,0.006108736,1,0.000000000,0.000000018,0.049999992,0.000000000,0.000000000,0.050000000,-0.000000000,0.000000018,-0.000000008,0.000000020,0.000003642
22.001463598,TRACKING,,0.002808000,1,0.000000000,0.000000018,0.049999994,0.000000000,0.000000000,0.050000000,-0.000000000,0.000000018,-0.000000006,0.000000019,0.000003642
22.013715503,TRACKING,,0.001507890,1,0.000000000,0.000000018,0.049999994,0.000000000,0.000000000,0.050000000,-0.000000000,0.000000018,-0.000000006,0.000000019,0.000003642
22.023370749,TRACKING,,0.005050838,1,0.000000000,0.000000018,0.049999996,0.000000000,0.000000000,0.050000000,-0.000000000,0.000000018,-0.000000004,0.000000018,0.000003642
22.035133480,TRACKING,,0.006157417,1,-0.000000000,0.000000018,0.049999998,0.000000000,0.000000000,0.050000000,0.000000000,0.000000018,-0.000000002,0.000000018,0.000003642
22.044864714,TRACKING,,0.003431341,1,-0.000000000,0.000000018,0.049999999,0.000000000,0.000000000,0.050000000,0.000000000,0.000000018,-0.000000001,0.000000018,0.000003642
22.057687717,TRACKING,,0.001802344,1,-0.000000000,0.000000018,0.050000000,0.000000000,0.000000000,0.050000000,0.000000000,0.000000018,0.000000000,0.000000018,0.000003642
22.068399674,TRACKING,,0.007050277,1,0.000000000,0.000000018,0.049999997,0.000000000,0.000000000,0.050000000,-0.000000000,0.000000018,-0.000000003,0.000000018,0.000003642
22.078013364,TRACKING,,0.009466463,1,0.000000000,0.000000018,0.049999997,0.000000000,0.000000000,0.050000000,-0.000000000,0.000000018,-0.000000003,0.000000018,0.000003642
22.088112666,TRACKING,,0.000204218,1,0.000000000,0.000000018,0.049999989,0.000000000,0.000000000,0.050000000,-0.000000000,0.000000018,-0.000000011,0.000000021,0.000003642
22.100084364,TRACKING,,0.006424562,1,0.000000000,0.000000018,0.049999992,0.000000000,0.000000000,0.050000000,-0.000000000,0.000000018,-0.000000008,0.000000020,0.000003642
22.109863091,TRACKING,,0.002411437,1,0.000000000,0.000000018,0.049999994,0.000000000,0.000000000,0.050000000,-0.000000000,0.000000018,-0.000000006,0.000000019,0.000003642
22.121175829,TRACKING,,0.000029683,1,-0.000000000,0.000000018,0.049999996,0.000000000,0.000000000,0.050000000,0.000000000,0.000000018,-0.000000004,0.000000019,0.000003642
22.131123155,TRACKING,,0.004505861,1,-0.000000000,0.000000018,0.049999996,0.000000000,0.000000000,0.050000000,0.000000000,0.000000018,-0.000000004,0.000000019,0.000003642
22.141439736,TRACKING,,0.001395095,1,-0.000000000,0.000000018,0.049999997,0.000000000,0.000000000,0.050000000,0.000000000,0.000000018,-0.000000003,0.000000018,0.000003642
22.151466612,TRACKING,,0.002808000,1,-0.000000000,0.000000013,0.049999999,0.000000000,0.000000000,0.050000000,0.000000000,0.000000013,-0.000000001,0.000000013,0.000002702
22.161335575,TRACKING,,0.001955508,1,0.000000000,0.000000014,0.049999994,0.000000000,0.000000000,0.050000000,-0.000000000,0.000000014,-0.000000006,0.000000015,0.000002784
22.171621286,TRACKING,,0.000121107,1,0.000000000,0.000000014,0.049999996,0.000000000,0.000000000,0.050000000,-0.000000000,0.000000014,-0.000000004,0.000000015,0.000002864
22.183318714,TRACKING,,0.006387755,1,0.000000000,0.000000014,0.049999996,0.000000000,0.000000000,0.050000000,-0.000000000,0.000000014,-0.000000004,0.000000015,0.000002864
22.193105752,TRACKING,,0.003509704,1,-0.000000000,0.000000014,0.049999997,0.000000000,0.000000000,0.050000000,0.000000000,0.000000014,-0.000000003,0.000000015,0.000002929
22.203126691,TRACKING,,0.002920796,1,-0.000000000,0.000000015,0.049999999,0.000000000,0.000000000,0.050000000,0.000000000,0.000000015,-0.000000001,0.000000015,0.000003001
22.213557254,TRACKING,,0.006778382,1,0.000000000,0.000000015,0.049999996,0.000000000,0.000000000,0.050000000,-0.000000000,0.000000015,-0.000000004,0.000000016,0.000003058
22.225099144,TRACKING,,0.004518922,1,0.000000000,0.000000015,0.049999990,0.000000000,0.000000000,0.050000000,-0.000000000,0.000000015,-0.000000010,0.000000018,0.000003122
22.235145017,TRACKING,,0.001105390,1,0.000000000,0.000000016,0.049999992,0.000000000,0.000000000,0.050000000,-0.000000000,0.000000016,-0.000000008,0.000000017,0.000003175
22.246008950,TRACKING,,0.005696738,1,0.000000000,0.000000016,0.049999992,0.000000000,0.000000000,0.050000000,-0.000000000,0.000000016,-0.000000008,0.000000017,0.000003175
22.256034639,TRACKING,,0.002859055,1,0.000000000,0.000000016,0.049999995,0.000000000,0.000000000,0.050000000,-0.000000000,0.000000016,-0.000000005,0.000000017,0.000003223
22.266283543,TRACKING,,0.000054616,1,-0.000000000,0.000000016,0.049999996,0.000000000,0.000000000,0.050000000,0.000000000,0.000000016,-0.000000004,0.000000017,0.000003262
22.276315168,TRACKING,,0.002710640,1,-0.000000000,0.000000016,0.049999998,0.000000000,0.000000000,0.050000000,0.000000000,0.000000016,-0.000000002,0.000000016,0.000003305
22.286372914,TRACKING,,0.000911858,1,-0.000000000,0.000000016,0.049999998,0.000000000,0.000000000,0.050000000,0.000000000,0.000000016,-0.000000002,0.000000016,0.000003305
22.296744111,TRACKING,,0.005150573,1,-0.000000000,0.000000017,0.049999999,0.000000000,0.000000000,0.050000000,0.000000000,0.000000017,-0.000000001,0.000000017,0.000003336
22.306596452,TRACKING,,0.001004469,1,-0.000000000,0.000000009,0.050000001,0.000000000,0.000000000,0.050000000,0.000000000,0.000000009,0.000000001,0.000000009,0.000001883
22.318817486,TRACKING,,0.000453555,1,-0.000000000,0.000000007,0.049999999,0.000000000,0.000000000,0.050000000,0.000000000,0.000000007,-0.000000001,0.000000007,0.000001395
22.328739878,TRACKING,,0.004877491,1,0.000000000,0.000000008,0.049999993,0.000000000,0.000000000,0.050000000,-0.000000000,0.000000008,-0.000000007,0.000000011,0.000001623
22.341514201,TRACKING,,0.000047493,1,0.000000000,0.000000009,0.049999992,0.000000000,0.000000000,0.050000000,-0.000000000,0.000000009,-0.000000008,0.000000012,0.000001783
22.351384352,TRACKING,,0.004529607,1,0.000000000,0.000000010,0.049999994,0.000000000,0.000000000,0.050000000,-0.000000000,0.000000010,-0.000000006,0.000000012,0.000001972
22.361478905,TRACKING,,0.002785441,1,0.000000000,0.000000011,0.049999995,0.000000000,0.000000000,0.050000000,-0.000000000,0.000000011,-0.000000005,0.000000011,0.000002125
22.371565146,TRACKING,,0.000134166,1,-0.000000000,0.000000011,0.049999997,0.000000000,0.000000000,0.050000000,0.000000000,0.000000011,-0.000000003,0.000000012,0.000002276
22.381691757,TRACKING,,0.004986724,1,-0.000000000,0.000000011,0.049999997,0.000000000,0.000000000,0.050000000,0.000000000,0.000000011,-0.000000003,0.000000012,0.000002276
22.391586841,TRACKING,,0.001776224,1,-0.000000000,0.000000012,0.049999999,0.000000000,0.000000000,0.050000000,0.000000000,0.000000012,-0.000000001,0.000000012,0.000002415
22.402321356,TRACKING,,0.000128230,1,-0.000000000,0.000000012,0.050000000,0.000000000,0.000000000,0.050000000,0.000000000,0.000000012,-0.000000000,0.000000012,0.000002517
22.412072775,TRACKING,,0.003217624,1,-0.000000000,0.000000013,0.050000001,0.000000000,0.000000000,0.050000000,0.000000000,0.000000013,0.000000001,0.000000013,0.000002636
22.422220757,TRACKING,,0.003195065,1,0.000000000,0.000000013,0.049999996,0.000000000,0.000000000,0.050000000,-0.000000000,0.000000013,-0.000000004,0.000000014,0.000002718
22.432253570,TRACKING,,0.001028215,1,-0.000000000,0.000000014,0.049999998,0.000000000,0.000000000,0.050000000,0.000000000,0.000000014,-0.000000002,0.000000014,0.000002804
22.442339811,TRACKING,,0.000763444,1,-0.000000000,0.000000014,0.049999999,0.000000000,0.000000000,0.050000000,0.000000000,0.000000014,-0.000000001,0.000000014,0.000002873
22.452443863,TRACKING,,0.004851369,1,-0.000000000,0.000000014,0.049999999,0.000000000,0.000000000,0.050000000,0.000000000,0.000000014,-0.000000001,0.000000014,0.000002873
22.462455304,TRACKING,,0.003095330,1,-0.000000000,0.000000015,0.050000000,0.000000000,0.000000000,0.050000000,0.000000000,0.000000015,-0.000000000,0.000000015,0.000002947
22.472808691,TRACKING,,0.003338730,1,-0.000000000,0.000000015,0.049999998,0.000000000,0.000000000,0.050000000,0.000000000,0.000000015,-0.000000002,0.000000015,0.000003004
22.483209571,TRACKING,,0.000067677,1,0.000000000,0.000000015,0.049999996,0.000000000,0.000000000,0.050000000,-0.000000000,0.000000015,-0.000000004,0.000000016,0.000003054
22.493173519,TRACKING,,0.004105735,1,-0.000000000,0.000000015,0.049999998,0.000000000,0.000000000,0.050000000,0.000000000,0.000000015,-0.000000002,0.000000016,0.000003117
22.504290351,TRACKING,,0.000065302,1,-0.000000000,0.000000016,0.050000000,0.000000000,0.000000000,0.050000000,0.000000000,0.000000016,-0.000000000,0.000000016,0.000003170
22.514628303,TRACKING,,0.000125855,1,-0.000000000,0.000000009,0.050000001,0.000000000,0.000000000,0.050000000,0.000000000,0.000000009,0.000000001,0.000000009,0.000001873
22.524264552,TRACKING,,0.002777130,1,-0.000000000,0.000000009,0.050000001,0.000000000,0.000000000,0.050000000,0.000000000,0.000000009,0.000000001,0.000000009,0.000001873
22.534632187,TRACKING,,0.007738920,1,-0.000000000,0.000000010,0.049999999,0.000000000,0.000000000,0.050000000,0.000000000,0.000000010,-0.000000001,0.000000010,0.000002052
22.544579513,TRACKING,,0.000744447,1,0.000000000,0.000000011,0.049999991,0.000000000,0.000000000,0.050000000,-0.000000000,0.000000011,-0.000000009,0.000000014,0.000002256
22.554595703,TRACKING,,0.004869179,1,0.000000000,0.000000011,0.049999991,0.000000000,0.000000000,0.050000000,-0.000000000,0.000000011,-0.000000009,0.000000014,0.000002256
22.565399083,TRACKING,,0.005410594,1,0.000000000,0.000000012,0.049999994,0.000000000,0.000000000,0.050000000,-0.000000000,0.000000012,-0.000000006,0.000000014,0.000002405
22.574831114,TRACKING,,0.000315826,1,0.000000000,0.000000012,0.049999995,0.000000000,0.000000000,0.050000000,-0.000000000,0.000000012,-0.000000005,0.000000013,0.000002516
22.585199937,TRACKING,,0.004081989,1,-0.000000000,0.000000013,0.049999997,0.000000000,0.000000000,0.050000000,0.000000000,0.000000013,-0.000000003,0.000000013,0.000002613
22.594989349,TRACKING,,0.001633745,1,-0.000000000,0.000000013,0.049999998,0.000000000,0.000000000,0.050000000,0.000000000,0.000000013,-0.000000002,0.000000014,0.000002721
22.605022162,TRACKING,,0.002006562,1,-0.000000000,0.000000014,0.049999999,0.000000000,0.000000000,0.050000000,0.000000000,0.000000014,-0.000000001,0.000000014,0.000002793
22.614974237,TRACKING,,0.003797034,1,-0.000000000,0.000000014,0.049999999,0.000000000,0.000000000,0.050000000,0.000000000,0.000000014,-0.000000001,0.000000014,0.000002793
22.626414018,TRACKING,,0.005049651,1,-0.000000000,0.000000014,0.050000001,0.000000000,0.000000000,0.050000000,0.000000000,0.000000014,0.000000001,0.000000014,0.000002879
22.636724662,TRACKING,,0.002470803,1,-0.000000000,0.000000015,0.050000002,0.000000000,0.000000000,0.050000000,0.000000000,0.000000015,0.000000002,0.000000015,0.000002945
22.646747976,TRACKING,,0.000533104,1,0.000000000,0.000000015,0.049999996,0.000000000,0.000000000,0.050000000,-0.000000000,0.000000015,-0.000000004,0.000000016,0.000003013
22.656607440,TRACKING,,0.005072210,1,0.000000000,0.000000015,0.049999990,0.000000000,0.000000000,0.050000000,-0.000000000,0.000000015,-0.000000010,0.000000018,0.000003072
22.667148423,TRACKING,,0.001575568,1,0.000000000,0.000000015,0.049999989,0.000000000,0.000000000,0.050000000,-0.000000000,0.000000015,-0.000000011,0.000000019,0.000003120
22.677005513,TRACKING,,0.000942728,1,0.000000000,0.000000016,0.049999992,0.000000000,0.000000000,0.050000000,-0.000000000,0.000000016,-0.000000008,0.000000018,0.000003173
22.687038325,TRACKING,,0.001189690,1,0.000000000,0.000000016,0.049999994,0.000000000,0.000000000,0.050000000,-0.000000000,0.000000016,-0.000000006,0.000000017,0.000003211
22.697090135,TRACKING,,0.004737387,1,0.000000000,0.000000016,0.049999994,0.000000000,0.000000000,0.050000000,-0.000000000,0.000000016,-0.000000006,0.000000017,0.000003211
22.708101295,TRACKING,,0.010246529,1,0.000000000,0.000000016,0.049999995,0.000000000,0.000000000,0.050000000,-0.000000000,0.000000016,-0.000000005,0.000000017,0.000003251
22.718382256,TRACKING,,0.008543919,1,0.000000000,0.000000016,0.049999995,0.000000000,0.000000000,0.050000000,-0.000000000,0.000000016,-0.000000005,0.000000017,0.000003251
22.728250032,TRACKING,,0.001524512,1,-0.000000000,0.000000016,0.049999998,0.000000000,0.000000000,0.050000000,0.000000000,0.000000016,-0.000000002,0.000000017,0.000003313
22.738219916,TRACKING,,0.005880771,1,-0.000000002,0.000014795,0.049999999,0.000000000,0.000000000,0.050000000,0.000000002,0.000014795,-0.000000001,0.000014795,0.000002714
22.748328717,TRACKING,,0.001212249,1,-0.000000002,0.000014567,0.050000001,0.000000000,0.000000000,0.050000000,0.000000002,0.000014567,0.000000001,0.000014567,0.000002108
22.758407835,TRACKING,,0.000441681,1,-0.000000001,0.000014025,0.049999995,0.000000000,0.000000000,0.050000000,0.000000001,0.000014025,-0.000000005,0.000014025,0.000002212
22.768463206,TRACKING,,0.005686052,1,-0.000000001,0.000014025,0.049999995,0.000000000,0.000000000,0.050000000,0.000000001,0.000014025,-0.000000005,0.000014025,0.000002212
22.778708548,TRACKING,,0.001377286,1,-0.000000006,0.000058298,0.049999997,0.000000000,0.000000000,0.050000000,0.000000006,0.000058298,-0.000000003,0.000058298,0.000002309
22.788658248,TRACKING,,0.006246465,1,-0.000000006,0.000056881,0.049999998,0.000000000,0.000000000,0.050000000,0.000000006,0.000056881,-0.000000002,0.000056881,0.000002416
22.798780109,TRACKING,,0.003338730,1,-0.000000005,0.000054024,0.050000000,0.000000000,0.000000000,0.050000000,0.000000005,0.000054024,-0.000000000,0.000054024,0.000002612
22.809450510,TRACKING,,0.001120825,1,-0.000000012,0.000122125,0.050000001,0.000000000,0.000000000,0.050000000,0.000000012,0.000122125,0.000000001,0.000122125,0.000002894
22.818973964,TRACKING,,0.004796753,1,-0.000000012,0.000122125,0.050000001,0.000000000,0.000000000,0.050000000,0.000000012,0.000122125,0.000000001,0.000122125,0.000002894
22.831355286,TRACKING,,0.006426937,1,-0.000000011,0.000116979,0.049999995,0.000000000,0.000000000,0.050000000,0.000000011,0.000116979,-0.000000005,0.000116979,0.000003590
22.841347729,TRACKING,,0.002604969,1,-0.000000011,0.000110179,0.049999990,0.000000000,0.000000000,0.050000000,0.000000011,0.000110179,-0.000000010,0.000110179,0.000004720
22.852526301,TRACKING,,0.007734170,1,-0.000000020,0.000201205,0.049999992,0.000000000,0.000000000,0.050000000,0.000000020,0.000201205,-0.000000008,0.000201205,0.000006380
22.862238538,TRACKING,,0.002742698,1,-0.000000019,0.000188320,0.049999994,0.000000000,0.000000000,0.050000000,0.000000019,0.000188320,-0.000000006,0.000188320,0.000008789
22.872266601,TRACKING,,0.001291799,1,-0.000000030,0.000301761,0.049999996,0.000000000,0.000000000,0.050000000,0.000000030,0.000301761,-0.000000004,0.000301761,0.000011217
22.882317223,TRACKING,,0.003140448,1,-0.000000030,0.000301761,0.049999996,0.000000000,0.000000000,0.050000000,0.000000030,0.000301761,-0.000000004,0.000301761,0.000011217
22.892505574,TRACKING,,0.002305766,1,-0.000000028,0.000279523,0.049999998,0.000000000,0.000000000,0.050000000,0.000000028,0.000279523,-0.000000002,0.000279523,0.000015658
22.902658305,TRACKING,,0.005535263,1,-0.000000026,0.000257068,0.049999999,0.000000000,0.000000000,0.050000000,0.000000026,0.000257068,-0.000000001,0.000257068,0.000019944
22.912679245,TRACKING,,0.007377976,1,-0.000000026,0.000257068,0.049999999,0.000000000,0.000000000,0.050000000,0.000000026,0.000257068,-0.000000001,0.000257068,0.000019944
22.922941209,TRACKING,,0.002378192,1,-0.000000038,0.000359328,0.050000001,0.000000000,0.000000000,0.050000000,0.000000038,0.000359328,0.000000001,0.000359328,0.000029230
22.932875474,TRACKING,,0.005494894,1,-0.000000038,0.000359328,0.050000001,0.000000000,0.000000000,0.050000000,0.000000038,0.000359328,0.000000001,0.000359328,0.000029230
22.943247859,TRACKING,,0.000282581,1,-0.000000053,0.000508006,0.050000001,0.000000000,0.000000000,0.050000000,0.000000053,0.000508006,0.000000001,0.000508006,0.000033797
22.953008776,TRACKING,,0.000022559,1,-0.000000050,0.000472385,0.049999998,0.000000000,0.000000000,0.050000000,0.000000051,0.000472385,-0.000000002,0.000472385,0.000039317
22.964668210,TRACKING,,0.006201347,1,-0.000000048,0.000442564,0.049999993,0.000000000,0.000000000,0.050000000,0.000000048,0.000442564,-0.000000007,0.000442564,0.000043740
22.974635720,TRACKING,,0.002804438,1,-0.000000065,0.000608156,0.049999990,0.000000000,0.000000000,0.050000000,0.000000066,0.000608156,-0.000000010,0.000608156,0.000049063
22.986538554,TRACKING,,0.002658399,1,-0.000000063,0.000572228,0.049999991,0.000000000,0.000000000,0.050000000,0.000000063,0.000572228,-0.000000008,0.000572228,0.000054492
22.996092878,TRACKING,,0.005397535,1,-0.000000063,0.000572228,0.049999991,0.000000000,0.000000000,0.050000000,0.000000063,0.000572228,-0.000000008,0.000572228,0.000054492
23.009236456,TRACKING,,0.007078772,1,-0.000000060,0.000523842,0.049999992,0.000000000,0.000000000,0.050000000,0.000000061,0.000523842,-0.000000007,0.000523842,0.000061132
23.019156473,TRACKING,,0.004476178,1,-0.000000080,0.000712897,0.049999993,0.000000000,0.000000000,0.050000000,0.000000081,0.000712897,-0.000000007,0.000712897,0.000066015
23.031292021,TRACKING,,0.005322733,1,-0.000000077,0.000667574,0.049999993,0.000000000,0.000000000,0.050000000,0.000000078,0.000667574,-0.000000006,0.000667574,0.000071430
23.042978763,TRACKING,,0.005911642,1,-0.000000075,0.000620037,0.049999993,0.000000000,0.000000000,0.050000000,0.000000075,0.000620037,-0.000000006,0.000620037,0.000077183
23.053119621,TRACKING,,0.003485957,1,-0.000000097,0.000819687,0.049999993,0.000000000,0.000000000,0.050000000,0.000000098,0.000819687,-0.000000007,0.000819687,0.000083328
23.064150966,TRACKING,,0.002912484,1,-0.000000094,0.000767645,0.049999993,0.000000000,0.000000000,0.050000000,0.000000095,0.000767645,-0.000000007,0.000767645,0.000089729
23.074135098,TRACKING,,0.001870021,1,-0.000000119,0.000983213,0.049999991,0.000000000,0.000000000,0.050000000,0.000000120,0.000983213,-0.000000008,0.000983213,0.000097070
23.084223714,TRACKING,,0.001851025,1,-0.000000116,0.000923748,0.049999990,0.000000000,0.000000000,0.050000000,0.000000118,0.000923748,-0.000000009,0.000923748,0.000104185
23.094399005,TRACKING,,0.000064115,1,-0.000000114,0.000863610,0.049999989,0.000000000,0.000000000,0.050000000,0.000000116,0.000863610,-0.000000011,0.000863610,0.000111197
23.104538675,TRACKING,,0.004167476,1,-0.000000141,0.001086732,0.049999986,0.000000000,0.000000000,0.050000000,0.000000143,0.001086732,-0.000000013,0.001086732,0.000119024
23.114670035,TRACKING,,0.000300391,1,-0.000000140,0.000999634,0.049999983,0.000000000,0.000000000,0.050000000,0.000000142,0.000999634,-0.000000016,0.000999634,0.000128804
23.125035295,TRACKING,,0.002902986,1,-0.000000140,0.000999634,0.049999983,0.000000000,0.000000000,0.050000000,0.000000142,0.000999634,-0.000000016,0.000999634,0.000128804
23.135039612,TRACKING,,0.000484425,1,-0.000000173,0.001168507,0.049999977,0.000000000,0.000000000,0.050000000,0.000000176,0.001168507,-0.000000022,0.001168507,0.000145177
23.145160286,TRACKING,,0.002121733,1,-0.000000173,0.001168507,0.049999977,0.000000000,0.000000000,0.050000000,0.000000176,0.001168507,-0.000000022,0.001168507,0.000145177
23.156411284,TRACKING,,0.002905360,1,-0.000000172,0.001064905,0.049999972,0.000000000,0.000000000,0.050000000,0.000000175,0.001064905,-0.000000027,0.001064905,0.000155867
23.166394229,TRACKING,,0.006217970,1,-0.000000171,0.000972979,0.049999963,0.000000000,0.000000000,0.050000000,0.000000174,0.000972979,-0.000000036,0.000972979,0.000164799
23.176469785,TRACKING,,0.004032122,1,-0.000000203,0.001220952,0.049999952,0.000000000,0.000000000,0.050000000,0.000000207,0.001220952,-0.000000047,0.001220952,0.000172275
23.186610643,TRACKING,,0.000934416,1,-0.000000203,0.001114279,0.049999947,0.000000000,0.000000000,0.050000000,0.000000206,0.001114279,-0.000000052,0.001114279,0.000180981
23.196766936,TRACKING,,0.006103987,1,-0.000000203,0.001114279,0.049999947,0.000000000,0.000000000,0.050000000,0.000000206,0.001114279,-0.000000052,0.001114279,0.000180981
23.206721385,TRACKING,,0.001252617,1,-0.000000240,0.001356061,0.049999941,0.000000000,0.000000000,0.050000000,0.000000245,0.001356061,-0.000000058,0.001356061,0.000190977
23.216729264,TRACKING,,0.000755132,1,-0.000000240,0.001261395,0.049999936,0.000000000,0.000000000,0.050000000,0.000000244,0.001261395,-0.000000063,0.001261395,0.000197823
23.226906929,TRACKING,,0.003038339,1,-0.000000241,0.001148022,0.049999929,0.000000000,0.000000000,0.050000000,0.000000245,0.001148022,-0.000000070,0.001148022,0.000206358
23.237062035,TRACKING,,0.001735854,1,-0.000000279,0.001420863,0.049999923,0.000000000,0.000000000,0.050000000,0.000000284,0.001420863,-0.000000076,0.001420863,0.000213065
23.247207642,TRACKING,,0.005770351,1,-0.000000279,0.001420863,0.049999923,0.000000000,0.000000000,0.050000000,0.000000284,0.001420863,-0.000000076,0.001420863,0.000213065
23.257154968,TRACKING,,0.002753384,1,-0.000000280,0.001301958,0.049999915,0.000000000,0.000000000,0.050000000,0.000000285,0.001301958,-0.000000084,0.001301958,0.000220739
23.268131696,TRACKING,,0.008130734,1,-0.000000284,0.001183618,0.049999906,0.000000000,0.000000000,0.050000000,0.000000288,0.001183618,-0.000000093,0.001183618,0.000229388
23.278107517,TRACKING,,0.003531076,1,-0.000000327,0.001440144,0.049999895,0.000000000,0.000000000,0.050000000,0.000000333,0.001440144,-0.000000103,0.001440144,0.000237772
23.290218131,TRACKING,,0.003031215,1,-0.000000331,0.001315411,0.049999885,0.000000000,0.000000000,0.050000000,0.000000336,0.001315411,-0.000000113,0.001315411,0.000245363
23.303356960,TRACKING,,0.000131792,1,-0.000000376,0.001598385,0.049999874,0.000000000,0.000000000,0.050000000,0.000000383,0.001598385,-0.000000124,0.001598385,0.000251890
23.313238983,TRACKING,,0.000094985,1,-0.000000382,0.001457919,0.049999862,0.000000000,0.000000000,0.050000000,0.000000389,0.001457919,-0.000000137,0.001457919,0.000259884
23.324175342,TRACKING,,0.004298081,1,-0.000000382,0.001457919,0.049999862,0.000000000,0.000000000,0.050000000,0.000000389,0.001457919,-0.000000137,0.001457919,0.000259884
23.334421871,TRACKING,,0.000821622,1,-0.000000447,0.001671016,0.049999841,0.000000000,0.000000000,0.050000000,0.000000455,0.001671016,-0.000000157,0.001671016,0.000273473
23.344220783,TRACKING,,0.004908361,1,-0.000000447,0.001671016,0.049999841,0.000000000,0.000000000,0.050000000,0.000000455,0.001671016,-0.000000157,0.001671016,0.000273473
23.354533801,TRACKING,,0.003998877,1,-0.000000451,0.001535568,0.049999828,0.000000000,0.000000000,0.050000000,0.000000459,0.001535568,-0.000000170,0.001535568,0.000280147
23.364517934,TRACKING,,0.002443494,1,-0.000000451,0.001405333,0.049999814,0.000000000,0.000000000,0.050000000,0.000000458,0.001405333,-0.000000184,0.001405333,0.000287375
23.375190709,TRACKING,,0.007052651,1,-0.000000496,0.001717631,0.049999799,0.000000000,0.000000000,0.050000000,0.000000505,0.001717631,-0.000000198,0.001717631,0.000294001
23.384574060,TRACKING,,0.004260087,1,-0.000000498,0.001571844,0.049999784,0.000000000,0.000000000,0.050000000,0.000000506,0.001571844,-0.000000214,0.001571844,0.000300368
23.394605685,TRACKING,,0.003063273,1,-0.000000502,0.001427131,0.049999768,0.000000000,0.000000000,0.050000000,0.000000509,0.001427131,-0.000000230,0.001427131,0.000307126
23.404880710,TRACKING,,0.002425684,1,-0.000000548,0.001772054,0.049999756,0.000000000,0.000000000,0.050000000,0.000000558,0.001772054,-0.000000242,0.001772054,0.000310831
23.414931332,TRACKING,,0.000231526,1,-0.000000553,0.001621873,0.049999747,0.000000000,0.000000000,0.050000000,0.000000561,0.001621873,-0.000000251,0.001621874,0.000315597
23.425258599,TRACKING,,0.002253524,1,-0.000000553,0.001621873,0.049999747,0.000000000,0.000000000,0.050000000,0.000000561,0.001621873,-0.000000251,0.001621874,0.000315597
23.437528313,TRACKING,,0.007281804,1,-0.000000562,0.001432394,0.049999733,0.000000000,0.000000000,0.050000000,0.000000570,0.001432394,-0.000000265,0.001432394,0.000321729
23.447605056,TRACKING,,0.002348509,1,-0.000000617,0.001736923,0.049999721,0.000000000,0.000000000,0.050000000,0.000000627,0.001736923,-0.000000277,0.001736924,0.000325411
23.458072425,TRACKING,,0.000461866,1,-0.000000617,0.001736923,0.049999721,0.000000000,0.000000000,0.050000000,0.000000627,0.001736923,-0.000000277,0.001736924,0.000325411
23.467751418,TRACKING,,0.003819593,1,-0.000000619,0.001602561,0.049999711,0.000000000,0.000000000,0.050000000,0.000000628,0.001602561,-0.000000287,0.001602562,0.000327359
23.477778294,TRACKING,,0.002081364,1,-0.000000669,0.001934644,0.049999696,0.000000000,0.000000000,0.050000000,0.000000680,0.001934644,-0.000000301,0.001934644,0.000331901
23.487783798,TRACKING,,0.005135138,1,-0.000000671,0.001774676,0.049999681,0.000000000,0.000000000,0.050000000,0.000000681,0.001774676,-0.000000317,0.001774676,0.000335563
23.500121189,TRACKING,,0.006086177,1,-0.000000672,0.001629289,0.049999667,0.000000000,0.000000000,0.050000000,0.000000681,0.001629289,-0.000000330,0.001629289,0.000337922
23.510099385,TRACKING,,0.001963819,1,-0.000000727,0.002006120,0.049999652,0.000000000,0.000000000,0.050000000,0.000000739,0.002006120,-0.000000345,0.002006120,0.000339408
23.520166629,TRACKING,,0.001113701,1,-0.000000729,0.001867837,0.049999638,0.000000000,0.000000000,0.050000000,0.000000740,0.001867837,-0.000000359,0.001867837,0.000341017
23.530650621,TRACKING,,0.000864365,1,-0.000000729,0.001867837,0.049999638,0.000000000,0.000000000,0.050000000,0.000000740,0.001867837,-0.000000359,0.001867837,0.000341017
23.540422224,TRACKING,,0.000486800,1,-0.000000791,0.002157318,0.049999615,0.000000000,0.000000000,0.050000000,0.000000804,0.002157318,-0.000000382,0.002157318,0.000344786
23.553175175,TRACKING,,0.006968352,1,-0.000000794,0.002013201,0.049999600,0.000000000,0.000000000,0.050000000,0.000000806,0.002013201,-0.000000397,0.002013202,0.000345543
23.564005863,TRACKING,,0.009586382,1,-0.000000794,0.002013201,0.049999600,0.000000000,0.000000000,0.050000000,0.000000806,0.002013201,-0.000000397,0.002013202,0.000345543
23.574164531,TRACKING,,0.000604343,1,-0.000000881,0.002281633,0.049999574,0.000000000,0.000000000,0.050000000,0.000000894,0.002281633,-0.000000423,0.002281633,0.000350831
23.584116606,TRACKING,,0.003104829,1,-0.000000887,0.002093453,0.049999561,0.000000000,0.000000000,0.050000000,0.000000900,0.002093453,-0.000000436,0.002093454,0.000351720
23.594570915,TRACKING,,0.000273082,1,-0.000000893,0.001928136,0.049999548,0.000000000,0.000000000,0.050000000,0.000000904,0.001928136,-0.000000449,0.001928137,0.000352168
23.603986324,TRACKING,,0.004045182,1,-0.000000893,0.001928136,0.049999548,0.000000000,0.000000000,0.050000000,0.000000904,0.001928136,-0.000000449,0.001928137,0.000352168
23.614722026,TRACKING,,0.004154416,1,-0.000000950,0.002328611,0.049999536,0.000000000,0.000000000,0.050000000,0.000000964,0.002328611,-0.000000460,0.002328612,0.000351838
23.624533998,TRACKING,,0.001636120,1,-0.000000953,0.002180699,0.049999525,0.000000000,0.000000000,0.050000000,0.000000966,0.002180699,-0.000000472,0.002180699,0.000351356
23.634794775,TRACKING,,0.006191848,1,-0.000000951,0.002039620,0.049999514,0.000000000,0.000000000,0.050000000,0.000000963,0.002039620,-0.000000482,0.002039621,0.000349958
23.644864394,TRACKING,,0.002020810,1,-0.000001001,0.002451613,0.049999504,0.000000000,0.000000000,0.050000000,0.000001015,0.002451613,-0.000000493,0.002451613,0.000346405
23.654697737,TRACKING,,0.001327418,1,-0.000000995,0.002317095,0.049999494,0.000000000,0.000000000,0.050000000,0.000001009,0.002317095,-0.000000503,0.002317095,0.000344482
23.664849281,TRACKING,,0.002894674,1,-0.000000995,0.002317095,0.049999494,0.000000000,0.000000000,0.050000000,0.000001009,0.002317095,-0.000000503,0.002317095,0.000344482
23.675826009,TRACKING,,0.004498737,1,-0.000001051,0.002717424,0.049999479,0.000000000,0.000000000,0.050000000,0.000001067,0.002717424,-0.000000517,0.002717425,0.000343424
23.685892066,TRACKING,,0.003019342,1,-0.000001043,0.002593289,0.049999472,0.000000000,0.000000000,0.050000000,0.000001058,0.002593289,-0.000000524,0.002593289,0.000339431
23.696124347,TRACKING,,0.000223215,1,-0.000001043,0.002443099,0.049999456,0.000000000,0.000000000,0.050000000,0.000001057,0.002443099,-0.000000541,0.002443099,0.000339417
23.705974313,TRACKING,,0.004957040,1,-0.000001096,0.002874171,0.049999441,0.000000000,0.000000000,0.050000000,0.000001113,0.002874171,-0.000000555,0.002874171,0.000337727
23.719106018,TRACKING,,0.005327482,1,-0.000001092,0.002745087,0.049999429,0.000000000,0.000000000,0.050000000,0.000001107,0.002745087,-0.000000567,0.002745087,0.000336184
23.729003476,TRACKING,,0.002793752,1,-0.000001092,0.002565790,0.049999414,0.000000000,0.000000000,0.050000000,0.000001107,0.002565790,-0.000000582,0.002565790,0.000334685
23.739136023,TRACKING,,0.001034152,1,-0.000001092,0.002565790,0.049999414,0.000000000,0.000000000,0.050000000,0.000001107,0.002565790,-0.000000582,0.002565790,0.000334685
23.749244824,TRACKING,,0.003299549,1,-0.000001153,0.003005069,0.049999403,0.000000000,0.000000000,0.050000000,0.000001170,0.003005069,-0.000000593,0.003005070,0.000334262
23.759251515,TRACKING,,0.001510265,1,-0.000001160,0.002819386,0.049999387,0.000000000,0.000000000,0.050000000,0.000001176,0.002819386,-0.000000608,0.002819386,0.000333918
23.769609652,TRACKING,,0.004600846,1,-0.000001160,0.002659674,0.049999375,0.000000000,0.000000000,0.050000000,0.000001174,0.002659674,-0.000000621,0.002659674,0.000332914
23.779598533,TRACKING,,0.001029402,1,-0.000001215,0.003092468,0.049999362,0.000000000,0.000000000,0.050000000,0.000001232,0.003092468,-0.000000633,0.003092468,0.000331061
23.792623380,TRACKING,,0.008231656,1,-0.000001215,0.003092468,0.049999362,0.000000000,0.000000000,0.050000000,0.000001232,0.003092468,-0.000000633,0.003092468,0.000331061
23.802356988,TRACKING,,0.004897675,1,-0.000001209,0.002959683,0.049999352,0.000000000,0.000000000,0.050000000,0.000001225,0.002959683,-0.000000643,0.002959683,0.000328868
23.812693753,TRACKING,,0.002647713,1,-0.000001272,0.003400241,0.049999336,0.000000000,0.000000000,0.050000000,0.000001290,0.003400241,-0.000000659,0.003400241,0.000327954
23.822560342,TRACKING,,0.000197095,1,-0.000001275,0.003212863,0.049999312,0.000000000,0.000000000,0.050000000,0.000001293,0.003212863,-0.000000683,0.003212864,0.000328965
23.832513604,TRACKING,,0.002660773,1,-0.000001279,0.003032553,0.049999295,0.000000000,0.000000000,0.050000000,0.000001296,0.003032553,-0.000000701,0.003032553,0.000329238
23.845145449,TRACKING,,0.003407594,1,-0.000001341,0.003502042,0.049999283,0.000000000,0.000000000,0.050000000,0.000001360,0.003502042,-0.000000712,0.003502042,0.000328831
23.855104648,TRACKING,,0.002829372,1,-0.000001341,0.003502042,0.049999283,0.000000000,0.000000000,0.050000000,0.000001360,0.003502042,-0.000000712,0.003502042,0.000328831
23.865161206,TRACKING,,0.003795846,1,-0.000001364,0.003285733,0.049999254,0.000000000,0.000000000,0.050000000,0.000001383,0.003285733,-0.000000741,0.003285733,0.000332915
23.875410110,TRACKING,,0.000934417,1,-0.000001428,0.003679626,0.049999232,0.000000000,0.000000000,0.050000000,0.000001449,0.003679626,-0.000000762,0.003679627,0.000332936
23.885287384,TRACKING,,0.000248149,1,-0.000001434,0.003515209,0.049999211,0.000000000,0.000000000,0.050000000,0.000001454,0.003515209,-0.000000784,0.003515209,0.000334476
23.896260550,TRACKING,,0.004110485,1,-0.000001434,0.003515209,0.049999211,0.000000000,0.000000000,0.050000000,0.000001454,0.003515209,-0.000000784,0.003515209,0.000334476
23.906134262,TRACKING,,0.001588628,1,-0.000001519,0.003944181,0.049999183,0.000000000,0.000000000,0.050000000,0.000001541,0.003944181,-0.000000811,0.003944182,0.000338688
23.917239220,TRACKING,,0.001539948,1,-0.000001530,0.003782125,0.049999165,0.000000000,0.000000000,0.050000000,0.000001551,0.003782125,-0.000000830,0.003782126,0.000340812
23.927083249,TRACKING,,0.003810094,1,-0.000001552,0.003582374,0.049999139,0.000000000,0.000000000,0.050000000,0.000001573,0.003582374,-0.000000856,0.003582374,0.000344078
23.937215796,TRACKING,,0.007952636,1,-0.000001552,0.003582374,0.049999139,0.000000000,0.000000000,0.050000000,0.000001573,0.003582374,-0.000000856,0.003582374,0.000344078
23.948123659,TRACKING,,0.001932949,1,-0.000001628,0.004011399,0.049999113,0.000000000,0.000000000,0.050000000,0.000001651,0.004011399,-0.000000881,0.004011400,0.000346338
23.958372563,TRACKING,,0.000260022,1,-0.000001641,0.003813086,0.049999088,0.000000000,0.000000000,0.050000000,0.000001663,0.003813086,-0.000000906,0.003813087,0.000348283
23.968157226,TRACKING,,0.004401377,1,-0.000001646,0.003620904,0.049999068,0.000000000,0.000000000,0.050000000,0.000001667,0.003620904,-0.000000927,0.003620905,0.000348064
23.978660216,TRACKING,,0.002106296,1,-0.000001701,0.004104045,0.049999055,0.000000000,0.000000000,0.050000000,0.000001725,0.004104045,-0.000000939,0.004104045,0.000346106
23.988467438,TRACKING,,0.000275457,1,-0.000001698,0.003924542,0.049999044,0.000000000,0.000000000,0.050000000,0.000001721,0.003924542,-0.000000950,0.003924542,0.000345211
23.998622544,TRACKING,,0.000085486,1,-0.000001753,0.004433146,0.049999038,0.000000000,0.000000000,0.050000000,0.000001779,0.004433146,-0.000000955,0.004433147,0.000342880
24.008648232,TRACKING,,0.002417373,1,-0.000001753,0.004433146,0.049999038,0.000000000,0.000000000,0.050000000,0.000001779,0.004433146,-0.000000955,0.004433147,0.000342880
24.020961877,TRACKING,,0.007664119,1,-0.000001766,0.004238598,0.049999016,0.000000000,0.000000000,0.050000000,0.000001791,0.004238598,-0.000000978,0.004238599,0.000344199
24.029280206,TRACKING,,0.003908641,1,-0.000001776,0.004037320,0.049998992,0.000000000,0.000000000,0.050000000,0.000001800,0.004037320,-0.000001002,0.004037321,0.000345381
24.039377133,TRACKING,,0.002010125,1,-0.000001844,0.004507363,0.049998978,0.000000000,0.000000000,0.050000000,0.000001870,0.004507363,-0.000001015,0.004507363,0.000345920
24.049555985,TRACKING,,0.000037994,1,-0.000001844,0.004507363,0.049998978,0.000000000,0.000000000,0.050000000,0.000001870,0.004507363,-0.000001015,0.004507363,0.000345920
24.059612544,TRACKING,,0.004422749,1,-0.000001847,0.004339174,0.049998964,0.000000000,0.000000000,0.050000000,0.000001872,0.004339174,-0.000001029,0.004339174,0.000345787
24.069718970,TRACKING,,0.001104203,1,-0.000001853,0.004165389,0.049998948,0.000000000,0.000000000,0.050000000,0.000001877,0.004165389,-0.000001045,0.004165389,0.000345994
24.079692417,TRACKING,,0.004523670,1,-0.000001932,0.004599077,0.049998920,0.000000000,0.000000000,0.050000000,0.000001959,0.004599077,-0.000001072,0.004599078,0.000347978
24.089744226,TRACKING,,0.001264491,1,-0.000001937,0.004396750,0.049998899,0.000000000,0.000000000,0.050000000,0.000001963,0.004396750,-0.000001094,0.004396751,0.000347995
24.102168291,TRACKING,,0.007950262,1,-0.000002011,0.004883513,0.049998877,0.000000000,0.000000000,0.050000000,0.000002039,0.004883513,-0.000001116,0.004883514,0.000348750
24.112108492,TRACKING,,0.004891738,1,-0.000002011,0.004883513,0.049998877,0.000000000,0.000000000,0.050000000,0.000002039,0.004883513,-0.000001116,0.004883514,0.000348750
24.122138930,TRACKING,,0.004268398,1,-0.000002028,0.004673158,0.049998849,0.000000000,0.000000000,0.050000000,0.000002056,0.004673158,-0.000001144,0.004673159,0.000351832
24.132525562,TRACKING,,0.002335449,1,-0.000002041,0.004503584,0.049998826,0.000000000,0.000000000,0.050000000,0.000002067,0.004503584,-0.000001167,0.004503584,0.000354272
24.142312600,TRACKING,,0.004650713,1,-0.000002147,0.004937010,0.049998781,0.000000000,0.000000000,0.050000000,0.000002177,0.004937010,-0.000001210,0.004937011,0.000360166
24.153652647,TRACKING,,0.002214342,1,-0.000002177,0.004702382,0.049998742,0.000000000,0.000000000,0.050000000,0.000002206,0.004702382,-0.000001250,0.004702383,0.000364262
24.163110799,TRACKING,,0.005418906,1,-0.000002177,0.004702382,0.049998742,0.000000000,0.000000000,0.050000000,0.000002206,0.004702382,-0.000001250,0.004702383,0.000364262
24.176658063,TRACKING,,0.007740106,1,-0.000002209,0.004476522,0.049998706,0.000000000,0.000000000,0.050000000,0.000002237,0.004476522,-0.000001287,0.004476523,0.000368712
24.186110279,TRACKING,,0.004613906,1,-0.000002307,0.004831455,0.049998656,0.000000000,0.000000000,0.050000000,0.000002337,0.004831455,-0.000001336,0.004831456,0.000373850
24.197088194,TRACKING,,0.003233059,1,-0.000002321,0.004623553,0.049998627,0.000000000,0.000000000,0.050000000,0.000002350,0.004623553,-0.000001365,0.004623553,0.000375504
24.207054516,TRACKING,,0.000726637,1,-0.000002393,0.005083910,0.049998605,0.000000000,0.000000000,0.050000000,0.000002425,0.005083910,-0.000001386,0.005083911,0.000375841
24.217079018,TRACKING,,0.002730824,1,-0.000002393,0.005083910,0.049998605,0.000000000,0.000000000,0.050000000,0.000002425,0.005083910,-0.000001386,0.005083911,0.000375841
24.230134734,TRACKING,,0.004927358,1,-0.000002439,0.004830514,0.049998556,0.000000000,0.000000000,0.050000000,0.000002470,0.004830514,-0.000001436,0.004830515,0.000382133
24.240106993,TRACKING,,0.002067115,1,-0.000002449,0.004639941,0.049998532,0.000000000,0.000000000,0.050000000,0.000002479,0.004639941,-0.000001460,0.004639942,0.000383287
24.250227667,TRACKING,,0.001737042,1,-0.000002545,0.005075983,0.049998491,0.000000000,0.000000000,0.050000000,0.000002578,0.005075983,-0.000001500,0.005075984,0.000387495
24.260307972,TRACKING,,0.006569414,1,-0.000002564,0.004883818,0.049998463,0.000000000,0.000000000,0.050000000,0.000002596,0.004883818,-0.000001529,0.004883819,0.000390191
24.270309914,TRACKING,,0.003133325,1,-0.000002663,0.005299069,0.049998419,0.000000000,0.000000000,0.050000000,0.000002699,0.005299069,-0.000001571,0.005299070,0.000394768
24.281556162,TRACKING,,0.001830840,1,-0.000002682,0.005079360,0.049998393,0.000000000,0.000000000,0.050000000,0.000002715,0.005079360,-0.000001598,0.005079361,0.000396544
24.291520110,TRACKING,,0.004984349,1,-0.000002682,0.005079360,0.049998393,0.000000000,0.000000000,0.050000000,0.000002715,0.005079360,-0.000001598,0.005079361,0.000396544
24.301893682,TRACKING,,0.002584785,1,-0.000002694,0.004849353,0.049998371,0.000000000,0.000000000,0.050000000,0.000002726,0.004849353,-0.000001620,0.004849354,0.000396785
24.312204326,TRACKING,,0.004273147,1,-0.000002775,0.005245252,0.049998348,0.000000000,0.000000000,0.050000000,0.000002810,0.005245252,-0.000001642,0.005245253,0.000397195
24.322212205,TRACKING,,0.008526110,1,-0.000002775,0.005245252,0.049998348,0.000000000,0.000000000,0.050000000,0.000002810,0.005245252,-0.000001642,0.005245253,0.000397195
24.331989744,TRACKING,,0.003734106,1,-0.000002769,0.005008431,0.049998337,0.000000000,0.000000000,0.050000000,0.000002802,0.005008431,-0.000001654,0.005008432,0.000394887
24.342119917,TRACKING,,0.004787254,1,-0.000002874,0.005380108,0.049998296,0.000000000,0.000000000,0.050000000,0.000002909,0.005380108,-0.000001694,0.005380109,0.000398471
24.352049432,TRACKING,,0.001615936,1,-0.000002905,0.005115760,0.049998256,0.000000000,0.000000000,0.050000000,0.000002940,0.005115760,-0.000001734,0.005115761,0.000401641
24.362404007,TRACKING,,0.001504328,1,-0.000002905,0.005115760,0.049998256,0.000000000,0.000000000,0.050000000,0.000002940,0.005115760,-0.000001734,0.005115761,0.000401641
24.372170861,TRACKING,,0.005240808,1,-0.000003006,0.005468100,0.049998214,0.000000000,0.000000000,0.050000000,0.000003043,0.005468100,-0.000001775,0.005468102,0.000404642
24.383363680,TRACKING,,0.004858494,1,-0.000003004,0.005257365,0.049998198,0.000000000,0.000000000,0.050000000,0.000003039,0.005257365,-0.000001792,0.005257366,0.000404058
24.393265888,TRACKING,,0.001384410,1,-0.000003026,0.005005095,0.049998167,0.000000000,0.000000000,0.050000000,0.000003060,0.005005095,-0.000001823,0.005005096,0.000406562
24.403475610,TRACKING,,0.005669430,1,-0.000003026,0.005005095,0.049998167,0.000000000,0.000000000,0.050000000,0.000003060,0.005005095,-0.000001823,0.005005096,0.000406562
24.413396815,TRACKING,,0.001442588,1,-0.000003106,0.005406279,0.049998137,0.000000000,0.000000000,0.050000000,0.000003143,0.005406279,-0.000001853,0.005406280,0.000407885
24.423303772,TRACKING,,0.001281113,1,-0.000003097,0.005179157,0.049998125,0.000000000,0.000000000,0.050000000,0.000003132,0.005179157,-0.000001865,0.005179158,0.000405913
24.433371016,TRACKING,,0.006124171,1,-0.000003097,0.005179157,0.049998125,0.000000000,0.000000000,0.050000000,0.000003132,0.005179157,-0.000001865,0.005179158,0.000405913
24.443629418,TRACKING,,0.003159446,1,-0.000003156,0.005513814,0.049998104,0.000000000,0.000000000,0.050000000,0.000003193,0.005513814,-0.000001885,0.005513815,0.000403934
24.454147842,TRACKING,,0.007031279,1,-0.000003142,0.005298413,0.049998092,0.000000000,0.000000000,0.050000000,0.000003178,0.005298413,-0.000001897,0.005298414,0.000401346
24.464247144,TRACKING,,0.000647087,1,-0.000003119,0.005105631,0.049998086,0.000000000,0.000000000,0.050000000,0.000003153,0.005105631,-0.000001904,0.005105632,0.000397852
24.474268084,TRACKING,,0.003807720,1,-0.000003150,0.005527095,0.049998088,0.000000000,0.000000000,0.050000000,0.000003186,0.005527095,-0.000001902,0.005527096,0.000392514
24.487202694,TRACKING,,0.003883707,1,-0.000003150,0.005527095,0.049998088,0.000000000,0.000000000,0.050000000,0.000003186,0.005527095,-0.000001902,0.005527096,0.000392514
24.497112025,TRACKING,,0.003299549,1,-0.000003107,0.005239314,0.049998089,0.000000000,0.000000000,0.050000000,0.000003140,0.005239314,-0.000001901,0.005239315,0.000385539
24.507148400,TRACKING,,0.002786628,1,-0.000003160,0.005664916,0.049998076,0.000000000,0.000000000,0.050000000,0.000003197,0.005664916,-0.000001914,0.005664918,0.000383954
24.517441234,TRACKING,,0.000040369,1,-0.000003150,0.005474778,0.049998063,0.000000000,0.000000000,0.050000000,0.000003185,0.005474778,-0.000001928,0.005474779,0.000382717
24.527478795,TRACKING,,0.004566414,1,-0.000003144,0.005238291,0.049998045,0.000000000,0.000000000,0.050000000,0.000003178,0.005238291,-0.000001946,0.005238292,0.000380822
24.537427308,TRACKING,,0.006575351,1,-0.000003144,0.005238291,0.049998045,0.000000000,0.000000000,0.050000000,0.000003178,0.005238291,-0.000001946,0.005238292,0.000380822
24.547628719,TRACKING,,0.004223280,1,-0.000003193,0.005607032,0.049998035,0.000000000,0.000000000,0.050000000,0.000003229,0.005607032,-0.000001955,0.005607034,0.000377555
24.559476936,TRACKING,,0.007639186,1,-0.000003171,0.005403895,0.049998030,0.000000000,0.000000000,0.050000000,0.000003205,0.005403895,-0.000001961,0.005403896,0.000374501
24.570215014,TRACKING,,0.005075772,1,-0.000003132,0.005141066,0.049998037,0.000000000,0.000000000,0.050000000,0.000003164,0.005141066,-0.000001954,0.005141067,0.000368003
24.580184898,TRACKING,,0.001059085,1,-0.000003136,0.005540834,0.049998057,0.000000000,0.000000000,0.050000000,0.000003169,0.005540834,-0.000001934,0.005540835,0.000360119
24.591124819,TRACKING,,0.001201563,1,-0.000003136,0.005540834,0.049998057,0.000000000,0.000000000,0.050000000,0.000003169,0.005540834,-0.000001934,0.005540835,0.000360119
24.601985190,TRACKING,,0.006298706,1,-0.000003085,0.005367630,0.049998074,0.000000000,0.000000000,0.050000000,0.000003116,0.005367630,-0.000001917,0.005367631,0.000353518
24.611895709,TRACKING,,0.003328044,1,-0.000003091,0.005783601,0.049998096,0.000000000,0.000000000,0.050000000,0.000003124,0.005783601,-0.000001895,0.005783602,0.000346597
24.622271655,TRACKING,,0.003306672,1,-0.000003065,0.005605891,0.049998095,0.000000000,0.000000000,0.050000000,0.000003097,0.005605891,-0.000001896,0.005605892,0.000342977
24.632059880,TRACKING,,0.000066489,1,-0.000003048,0.005408494,0.049998090,0.000000000,0.000000000,0.050000000,0.000003079,0.005408494,-0.000001901,0.005408495,0.000340300
24.642052324,TRACKING,,0.004568789,1,-0.000003075,0.005819022,0.049998097,0.000000000,0.000000000,0.050000000,0.000003107,0.005819022,-0.000001894,0.005819023,0.000335792
24.652209804,TRACKING,,0.003108391,1,-0.000003044,0.005635866,0.049998101,0.000000000,0.000000000,0.050000000,0.000003075,0.005635866,-0.000001890,0.005635867,0.000331624
24.665329635,TRACKING,,0.004886989,1,-0.000003033,0.005441140,0.049998097,0.000000000,0.000000000,0.050000000,0.000003063,0.005441140,-0.000001895,0.005441142,0.000329219
24.675113112,TRACKING,,0.005866523,1,-0.000003033,0.005441140,0.049998097,0.000000000,0.000000000,0.050000000,0.000003063,0.005441140,-0.000001895,0.005441142,0.000329219
24.685161359,TRACKING,,0.004015499,1,-0.000003068,0.005792348,0.049998097,0.000000000,0.000000000,0.050000000,0.000003099,0.005792348,-0.000001894,0.005792349,0.000324803
24.695468441,TRACKING,,0.000992595,1,-0.000003045,0.005610940,0.049998101,0.000000000,0.000000000,0.050000000,0.000003075,0.005610940,-0.000001891,0.005610941,0.000321921
24.705444262,TRACKING,,0.001624247,1,-0.000003083,0.006008429,0.049998101,0.000000000,0.000000000,0.050000000,0.000003114,0.006008429,-0.000001890,0.006008430,0.000319100
24.715591056,TRACKING,,0.005513891,1,-0.000003059,0.005820812,0.049998103,0.000000000,0.000000000,0.050000000,0.000003090,0.005820812,-0.000001888,0.005820813,0.000316077
24.727166191,TRACKING,,0.004803877,1,-0.000003053,0.005610671,0.049998094,0.000000000,0.000000000,0.050000000,0.000003082,0.005610671,-0.000001897,0.005610672,0.000314482
24.737061275,TRACKING,,0.001837964,1,-0.000003081,0.005984711,0.049998097,0.000000000,0.000000000,0.050000000,0.000003112,0.005984711,-0.000001894,0.005984712,0.000310458
24.751333989,TRACKING,,0.004372882,1,-0.000003081,0.005984711,0.049998097,0.000000000,0.000000000,0.050000000,0.000003112,0.005984711,-0.000001894,0.005984712,0.000310458
24.758214480,TRACKING,,0.003518015,1,-0.000003054,0.005807771,0.049998105,0.000000000,0.000000000,0.050000000,0.000003083,0.005807771,-0.000001887,0.005807772,0.000306984
24.768250854,TRACKING,,0.007326921,1,-0.000003056,0.005559366,0.049998086,0.000000000,0.000000000,0.050000000,0.000003084,0.005559366,-0.000001905,0.005559368,0.000305543
24.778435642,TRACKING,,0.001925825,1,-0.000003076,0.005888528,0.049998097,0.000000000,0.000000000,0.050000000,0.000003105,0.005888528,-0.000001895,0.005888529,0.000300173
24.788359222,TRACKING,,0.005041340,1,-0.000003076,0.005888528,0.049998097,0.000000000,0.000000000,0.050000000,0.000003105,0.005888528,-0.000001895,0.005888529,0.000300173
24.798929888,TRACKING,,0.009439155,1,-0.000003041,0.005685613,0.049998107,0.000000000,0.000000000,0.050000000,0.000003068,0.005685613,-0.000001885,0.005685614,0.000295865
24.808635001,TRACKING,,0.004966539,1,-0.000003072,0.006031047,0.049998108,0.000000000,0.000000000,0.050000000,0.000003101,0.006031047,-0.000001883,0.006031048,0.000292114
24.818771110,TRACKING,,0.003843339,1,-0.000003033,0.005852336,0.049998121,0.000000000,0.000000000,0.050000000,0.000003061,0.005852336,-0.000001871,0.005852338,0.000288030
24.828744556,TRACKING,,0.001201562,1,-0.000003019,0.005641092,0.049998113,0.000000000,0.000000000,0.050000000,0.000003046,0.005641092,-0.000001880,0.005641093,0.000286381
24.838793991,TRACKING,,0.006141981,1,-0.000003019,0.005641092,0.049998113,0.000000000,0.000000000,0.050000000,0.000003046,0.005641092,-0.000001880,0.005641093,0.000286381
24.849159251,TRACKING,,0.000046305,1,-0.000003034,0.005993518,0.049998124,0.000000000,0.000000000,0.050000000,0.000003062,0.005993518,-0.000001868,0.005993519,0.000283011
24.859428339,TRACKING,,0.000842994,1,-0.000003012,0.005789672,0.049998122,0.000000000,0.000000000,0.050000000,0.000003039,0.005789672,-0.000001870,0.005789673,0.000280444
24.869211815,TRACKING,,0.004654275,1,-0.000002984,0.005580835,0.049998121,0.000000000,0.000000000,0.050000000,0.000003010,0.005580835,-0.000001871,0.005580836,0.000277402
24.879764671,TRACKING,,0.002970662,1,-0.000002991,0.005943720,0.049998137,0.000000000,0.000000000,0.050000000,0.000003018,0.005943720,-0.000001855,0.005943721,0.000272421
24.889529150,TRACKING,,0.000622153,1,-0.000002959,0.005744953,0.049998143,0.000000000,0.000000000,0.050000000,0.000002985,0.005744953,-0.000001850,0.005744954,0.000268310
24.903260449,TRACKING,,0.000182847,1,-0.000002967,0.006109609,0.049998160,0.000000000,0.000000000,0.050000000,0.000002994,0.006109609,-0.000001832,0.006109610,0.000263843
24.913166218,TRACKING,,0.000528355,1,-0.000002959,0.005895591,0.049998152,0.000000000,0.000000000,0.050000000,0.000002984,0.005895591,-0.000001840,0.005895592,0.000262491
24.923336759,TRACKING,,0.005054401,1,-0.000002959,0.005895591,0.049998152,0.000000000,0.000000000,0.050000000,0.000002984,0.005895591,-0.000001840,0.005895592,0.000262491
24.933314955,TRACKING,,0.000884550,1,-0.000002969,0.005660107,0.049998130,0.000000000,0.000000000,0.050000000,0.000002994,0.005660107,-0.000001862,0.005660108,0.000263176
24.943420193,TRACKING,,0.001100641,1,-0.000002993,0.006004067,0.049998134,0.000000000,0.000000000,0.050000000,0.000003019,0.006004067,-0.000001858,0.006004068,0.000260670
24.953423323,TRACKING,,0.004175787,1,-0.000002975,0.005840379,0.049998131,0.000000000,0.000000000,0.050000000,0.000002999,0.005840379,-0.000001862,0.005840380,0.000258661
24.964189896,TRACKING,,0.002929106,1,-0.000002978,0.005621998,0.049998112,0.000000000,0.000000000,0.050000000,0.000003002,0.005621998,-0.000001880,0.005621999,0.000258653
24.973797649,TRACKING,,0.004522483,1,-0.000002978,0.005621998,0.049998112,0.000000000,0.000000000,0.050000000,0.000003002,0.005621998,-0.000001880,0.005621999,0.000258653
24.983976501,TRACKING,,0.002055243,1,-0.000003019,0.005883668,0.049998099,0.000000000,0.000000000,0.050000000,0.000003044,0.005883668,-0.000001893,0.005883669,0.000257143
24.993832403,TRACKING,,0.003461023,1,-0.000002987,0.005643795,0.049998101,0.000000000,0.000000000,0.050000000,0.000003010,0.005643795,-0.000001892,0.005643796,0.000253080
25.004228534,TRACKING,,0.002830559,1,-0.000003006,0.005956673,0.049998108,0.000000000,0.000000000,0.050000000,0.000003031,0.005956673,-0.000001884,0.005956674,0.000250075
25.014067814,TRACKING,,0.003953759,1,-0.000003006,0.005956673,0.049998108,0.000000000,0.000000000,0.050000000,0.000003031,0.005956673,-0.000001884,0.005956674,0.000250075
25.024121998,TRACKING,,0.002361570,1,-0.000003014,0.005708787,0.049998084,0.000000000,0.000000000,0.050000000,0.000003038,0.005708787,-0.000001909,0.005708788,0.000250035
25.034269980,TRACKING,,0.007148824,1,-0.000003003,0.005523730,0.049998075,0.000000000,0.000000000,0.050000000,0.000003025,0.005523730,-0.000001918,0.005523732,0.000249018
25.044374031,TRACKING,,0.003878958,1,-0.000003020,0.005783352,0.049998080,0.000000000,0.000000000,0.050000000,0.000003044,0.005783352,-0.000001913,0.005783353,0.000246099
25.055458804,TRACKING,,0.001987565,1,-0.000003008,0.005580798,0.049998075,0.000000000,0.000000000,0.050000000,0.000003030,0.005580798,-0.000001918,0.005580799,0.000244739
25.065045186,TRACKING,,0.005227748,1,-0.000003008,0.005580798,0.049998075,0.000000000,0.000000000,0.050000000,0.000003030,0.005580798,-0.000001918,0.005580799,0.000244739
25.076040911,TRACKING,,0.003671178,1,-0.000003025,0.005819886,0.049998080,0.000000000,0.000000000,0.050000000,0.000003048,0.005819886,-0.000001913,0.005819887,0.000241851
25.086217388,TRACKING,,0.000599594,1,-0.000003022,0.005621450,0.049998068,0.000000000,0.000000000,0.050000000,0.000003044,0.005621450,-0.000001925,0.005621451,0.000241330
25.096861668,TRACKING,,0.005295425,1,-0.000003014,0.005408533,0.049998062,0.000000000,0.000000000,0.050000000,0.000003035,0.005408533,-0.000001932,0.005408534,0.000240360
25.107684044,TRACKING,,0.005358353,1,-0.000003035,0.005667597,0.049998065,0.000000000,0.000000000,0.050000000,0.000003057,0.005667597,-0.000001928,0.005667598,0.000238016
25.119662866,TRACKING,,0.006247651,1,-0.000003007,0.005491377,0.049998070,0.000000000,0.000000000,0.050000000,0.000003028,0.005491377,-0.000001923,0.005491379,0.000235053
25.129665995,TRACKING,,0.003244932,1,-0.000002976,0.005286005,0.049998078,0.000000000,0.000000000,0.050000000,0.000002996,0.005286005,-0.000001916,0.005286006,0.000231706
25.141393106,TRACKING,,0.002923170,1,-0.000002993,0.005524199,0.049998079,0.000000000,0.000000000,0.050000000,0.000003014,0.005524199,-0.000001914,0.005524200,0.000229602
25.151214576,TRACKING,,0.000597219,1,-0.000002982,0.005320318,0.049998080,0.000000000,0.000000000,0.050000000,0.000003001,0.005320318,-0.000001914,0.005320319,0.000228141
25.161415987,TRACKING,,0.005268117,1,-0.000002982,0.005320318,0.049998080,0.000000000,0.000000000,0.050000000,0.000003001,0.005320318,-0.000001914,0.005320319,0.000228141
25.171516476,TRACKING,,0.001915139,1,-0.000002950,0.005152515,0.049998088,0.000000000,0.000000000,0.050000000,0.000002969,0.005152515,-0.000001905,0.005152517,0.000225209
25.183422872,TRACKING,,0.008249465,1,-0.000002973,0.005338761,0.049998087,0.000000000,0.000000000,0.050000000,0.000002992,0.005338761,-0.000001906,0.005338762,0.000223114
25.193203973,TRACKING,,0.008997474,1,-0.000002973,0.005338761,0.049998087,0.000000000,0.000000000,0.050000000,0.000002992,0.005338761,-0.000001906,0.005338762,0.000223114
25.203157235,TRACKING,,0.003617749,1,-0.000002976,0.005029192,0.049998081,0.000000000,0.000000000,0.050000000,0.000002994,0.005029192,-0.000001913,0.005029193,0.000221113
25.214486596,TRACKING,,0.003433716,1,-0.000003015,0.005228097,0.049998064,0.000000000,0.000000000,0.050000000,0.000003033,0.005228097,-0.000001930,0.005228099,0.000221521
25.224351996,TRACKING,,0.000512920,1,-0.000003031,0.005006107,0.049998036,0.000000000,0.000000000,0.050000000,0.000003049,0.005006107,-0.000001958,0.005006109,0.000222997
25.234251829,TRACKING,,0.004514172,1,-0.000003029,0.004816766,0.049998020,0.000000000,0.000000000,0.050000000,0.000003046,0.004816766,-0.000001974,0.004816767,0.000223225
25.244294140,TRACKING,,0.003495455,1,-0.000003043,0.004999886,0.049998019,0.000000000,0.000000000,0.050000000,0.000003060,0.004999886,-0.000001974,0.004999888,0.000221560
25.254392255,TRACKING,,0.000772942,1,-0.000003042,0.004788557,0.049998004,0.000000000,0.000000000,0.050000000,0.000003059,0.004788557,-0.000001990,0.004788559,0.000220925
25.266108680,TRACKING,,0.007072835,1,-0.000003042,0.004788557,0.049998004,0.000000000,0.000000000,0.050000000,0.000003059,0.004788557,-0.000001990,0.004788559,0.000220925
25.276061942,TRACKING,,0.004876303,1,-0.000003014,0.004620499,0.049998005,0.000000000,0.000000000,0.050000000,0.000003031,0.004620499,-0.000001989,0.004620500,0.000218859
25.285976023,TRACKING,,0.003513265,1,-0.000003017,0.004765955,0.049998008,0.000000000,0.000000000,0.050000000,0.000003034,0.004765955,-0.000001986,0.004765957,0.000216060
25.296163186,TRACKING,,0.000588908,1,-0.000003002,0.004592498,0.049998003,0.000000000,0.000000000,0.050000000,0.000003017,0.004592498,-0.000001992,0.004592499,0.000215043
25.306152067,TRACKING,,0.004472616,1,-0.000003010,0.004680753,0.049997999,0.000000000,0.000000000,0.050000000,0.000003026,0.004680753,-0.000001996,0.004680755,0.000213584
25.316460337,TRACKING,,0.000506983,1,-0.000003010,0.004680753,0.049997999,0.000000000,0.000000000,0.050000000,0.000003026,0.004680753,-0.000001996,0.004680755,0.000213584
25.326282994,TRACKING,,0.003656931,1,-0.000003003,0.004460650,0.049997990,0.000000000,0.000000000,0.050000000,0.000003018,0.004460650,-0.000002005,0.004460652,0.000213541
25.336715931,TRACKING,,0.002754571,1,-0.000003002,0.004238735,0.049997970,0.000000000,0.000000000,0.050000000,0.000003016,0.004238735,-0.000002025,0.004238736,0.000213628
25.346618139,TRACKING,,0.000622153,1,-0.000003001,0.004355972,0.049997974,0.000000000,0.000000000,0.050000000,0.000003016,0.004355972,-0.000002021,0.004355973,0.000211769
25.356851608,TRACKING,,0.004501111,1,-0.000002954,0.004183570,0.049997992,0.000000000,0.000000000,0.050000000,0.000002968,0.004183570,-0.000002003,0.004183571,0.000208501
25.366671890,TRACKING,,0.001333355,1,-0.000002933,0.004234734,0.049998005,0.000000000,0.000000000,0.050000000,0.000002946,0.004234734,-0.000001990,0.004234735,0.000204868
25.376679769,TRACKING,,0.003554821,1,-0.000002933,0.004234734,0.049998005,0.000000000,0.000000000,0.050000000,0.000002946,0.004234734,-0.000001990,0.004234735,0.000204868
25.387084211,TRACKING,,0.000886924,1,-0.000002887,0.004023543,0.049998023,0.000000000,0.000000000,0.050000000,0.000002900,0.004023543,-0.000001973,0.004023545,0.000201268
25.397405541,TRACKING,,0.003053775,1,-0.000002817,0.003811688,0.049998054,0.000000000,0.000000000,0.050000000,0.000002829,0.003811688,-0.000001942,0.003811690,0.000195853
25.407014481,TRACKING,,0.000634026,1,-0.000002755,0.003876194,0.049998103,0.000000000,0.000000000,0.050000000,0.000002766,0.003876194,-0.000001893,0.003876196,0.000189770
25.418606238,TRACKING,,0.006798566,1,-0.000002755,0.003876194,0.049998103,0.000000000,0.000000000,0.050000000,0.000002766,0.003876194,-0.000001893,0.003876196,0.000189770
25.428820710,TRACKING,,0.003996502,1,-0.000002656,0.003699835,0.049998159,0.000000000,0.000000000,0.050000000,0.000002667,0.003699835,-0.000001837,0.003699836,0.000182262
25.438904576,TRACKING,,0.003163008,1,-0.000002591,0.003543761,0.049998191,0.000000000,0.000000000,0.050000000,0.000002601,0.003543761,-0.000001805,0.003543762,0.000177653
25.449058495,TRACKING,,0.006341450,1,-0.000002529,0.003600895,0.049998238,0.000000000,0.000000000,0.050000000,0.000002538,0.003600895,-0.000001758,0.003600896,0.000171646
25.458948829,TRACKING,,0.004732637,1,-0.000002421,0.003444415,0.049998301,0.000000000,0.000000000,0.050000000,0.000002430,0.003444415,-0.000001696,0.003444417,0.000164021
25.469093249,TRACKING,,0.001799970,1,-0.000002316,0.003307628,0.049998367,0.000000000,0.000000000,0.050000000,0.000002324,0.003307628,-0.000001630,0.003307630,0.000156182
25.479210361,TRACKING,,0.001186128,1,-0.000002208,0.003365381,0.049998448,0.000000000,0.000000000,0.050000000,0.000002216,0.003365381,-0.000001549,0.003365382,0.000146523
25.491093010,TRACKING,,0.007280616,1,-0.000002208,0.003365381,0.049998448,0.000000000,0.000000000,0.050000000,0.000002216,0.003365381,-0.000001549,0.003365382,0.000146523
25.501137695,TRACKING,,0.009001035,1,-0.000002069,0.003201270,0.049998538,0.000000000,0.000000000,0.050000000,0.000002075,0.003201270,-0.000001460,0.003201271,0.000135913
25.511279740,TRACKING,,0.000067677,1,-0.000002033,0.003216464,0.049998573,0.000000000,0.000000000,0.050000000,0.000002039,0.003216464,-0.000001425,0.003216465,0.000131385
25.521322051,TRACKING,,0.004778943,1,-0.000001907,0.003056064,0.049998654,0.000000000,0.000000000,0.050000000,0.000001912,0.003056064,-0.000001343,0.003056064,0.000121868
25.531773985,TRACKING,,0.002660773,1,-0.000001796,0.002917425,0.049998727,0.000000000,0.000000000,0.050000000,0.000001800,0.002917425,-0.000001271,0.002917426,0.000113423
25.541544401,TRACKING,,0.000439307,1,-0.000001694,0.002925481,0.049998804,0.000000000,0.000000000,0.050000000,0.000001699,0.002925481,-0.000001194,0.002925482,0.000104719
25.554161998,TRACKING,,0.000058179,1,-0.000001694,0.002925481,0.049998804,0.000000000,0.000000000,0.050000000,0.000001699,0.002925481,-0.000001194,0.002925482,0.000104719
25.564371720,TRACKING,,0.005227748,1,-0.000001543,0.002724179,0.049998905,0.000000000,0.000000000,0.050000000,0.000001546,0.002724179,-0.000001094,0.002724180,0.000093560
25.580786351,TRACKING,,0.004839496,1,-0.000001423,0.002701255,0.049998995,0.000000000,0.000000000,0.050000000,0.000001426,0.002701255,-0.000001003,0.002701255,0.000084133
25.590318116,TRACKING,,0.003212874,1,-0.000001279,0.002552404,0.049999095,0.000000000,0.000000000,0.050000000,0.000001282,0.002552404,-0.000000904,0.002552404,0.000073977
25.600133649,TRACKING,,0.005214687,1,-0.000001279,0.002552404,0.049999095,0.000000000,0.000000000,0.050000000,0.000001282,0.002552404,-0.000000904,0.002552404,0.000073977
25.610313688,TRACKING,,0.002134793,1,-0.000001166,0.002509581,0.049999187,0.000000000,0.000000000,0.050000000,0.000001168,0.002509581,-0.000000812,0.002509581,0.000065323
25.620409428,TRACKING,,0.001131511,1,-0.000001047,0.002375707,0.049999272,0.000000000,0.000000000,0.050000000,0.000001048,0.002375707,-0.000000727,0.002375707,0.000057452
25.630452926,TRACKING,,0.005009282,1,-0.000000934,0.002265857,0.049999349,0.000000000,0.000000000,0.050000000,0.000000936,0.002265857,-0.000000650,0.002265857,0.000050596
25.640521358,TRACKING,,0.003745979,1,-0.000000818,0.002235065,0.049999435,0.000000000,0.000000000,0.050000000,0.000000819,0.002235065,-0.000000565,0.002235065,0.000043666
25.650763137,TRACKING,,0.000301578,1,-0.000000680,0.002121118,0.049999532,0.000000000,0.000000000,0.050000000,0.000000680,0.002121118,-0.000000468,0.002121118,0.000036941
25.660595293,TRACKING,,0.004871553,1,-0.000000680,0.002121118,0.049999532,0.000000000,0.000000000,0.050000000,0.000000680,0.002121118,-0.000000468,0.002121118,0.000036941
25.671416483,TRACKING,,0.003190315,1,-0.000000543,0.002026968,0.049999628,0.000000000,0.000000000,0.050000000,0.000000543,0.002026968,-0.000000371,0.002026968,0.000032302
25.680920940,TRACKING,,0.000786003,1,-0.000000392,0.001962069,0.049999743,0.000000000,0.000000000,0.050000000,0.000000392,0.001962069,-0.000000257,0.001962069,0.000030560
25.692965063,TRACKING,,0.007427843,1,-0.000000255,0.001880467,0.049999844,0.000000000,0.000000000,0.050000000,0.000000254,0.001880467,-0.000000156,0.001880467,0.000032606
25.703053679,TRACKING,,0.002695205,1,-0.000000067,0.001793884,0.049999981,0.000000000,0.000000000,0.050000000,0.000000066,0.001793884,-0.000000019,0.001793884,0.000039697
25.714284492,TRACKING,,0.006216782,1,-0.000000067,0.001793884,0.049999981,0.000000000,0.000000000,0.050000000,0.000000066,0.001793884,-0.000000019,0.001793884,0.000039697
25.724168890,TRACKING,,0.007982319,1,0.000000130,0.001698113,0.050000124,0.000000000,0.000000000,0.050000000,-0.000000131,0.001698113,0.000000124,0.001698113,0.000050254
25.734120965,TRACKING,,0.003835027,1,0.000000341,0.001604416,0.050000279,0.000000000,0.000000000,0.050000000,-0.000000343,0.001604416,0.000000278,0.001604416,0.000063481
25.744632265,TRACKING,,0.000040368,1,-0.000014292,0.001544256,0.050000387,0.000000000,0.000000000,0.050000000,0.000014290,0.001544256,0.000000387,0.001544322,0.000073396
25.754508352,TRACKING,,0.001322669,1,-0.000013768,0.001482634,0.050000493,0.000000000,0.000000000,0.050000000,0.000013766,0.001482634,0.000000493,0.001482698,0.000084891
25.765683361,TRACKING,,0.005940137,1,-0.000013768,0.001482634,0.050000493,0.000000000,0.000000000,0.050000000,0.000013766,0.001482634,0.000000493,0.001482698,0.000084891
25.775437154,TRACKING,,0.003770912,1,-0.000013005,0.001426269,0.050000585,0.000000000,0.000000000,0.050000000,0.000013002,0.001426269,0.000000585,0.001426329,0.000096717
25.785796478,TRACKING,,0.002111046,1,-0.000056570,0.001373385,0.050000661,0.000000000,0.000000000,0.050000000,0.000056567,0.001373385,0.000000660,0.001374550,0.000107871
25.796339835,TRACKING,,0.006920860,1,-0.000054763,0.001321857,0.050000713,0.000000000,0.000000000,0.050000000,0.000054761,0.001321857,0.000000712,0.001322991,0.000119865
25.806455760,TRACKING,,0.003252055,1,-0.000051540,0.001270034,0.050000723,0.000000000,0.000000000,0.050000000,0.000051537,0.001270034,0.000000722,0.001271080,0.000132535
25.816230924,TRACKING,,0.005439090,1,-0.000051540,0.001270034,0.050000723,0.000000000,0.000000000,0.050000000,0.000051537,0.001270034,0.000000722,0.001271080,0.000132535
25.826257800,TRACKING,,0.003046651,1,-0.000147158,0.001217877,0.050000687,0.000000000,0.000000000,0.050000000,0.000147155,0.001217878,0.000000686,0.001226736,0.000145821
25.836538761,TRACKING,,0.002154977,1,-0.000142167,0.001182479,0.050000619,0.000000000,0.000000000,0.050000000,0.000142164,0.001182479,0.000000618,0.001190995,0.000155763
25.846400600,TRACKING,,0.000288517,1,-0.000204675,0.001146023,0.050000452,0.000000000,0.000000000,0.050000000,0.000204671,0.001146024,0.000000451,0.001164157,0.000166448
25.857639724,TRACKING,,0.005544761,1,-0.000195561,0.001114948,0.050000240,0.000000000,0.000000000,0.050000000,0.000195557,0.001114949,0.000000239,0.001131969,0.000176149
25.867628605,TRACKING,,0.002892299,1,-0.000181078,0.001080699,0.049999863,0.000000000,0.000000000,0.050000000,0.000181075,0.001080700,-0.000000138,0.001095765,0.000187266
25.877920252,TRACKING,,0.002403126,1,-0.000295729,0.001055487,0.049999584,0.000000000,0.000000000,0.050000000,0.000295725,0.001055488,-0.000000417,0.001096134,0.000195522
25.887685918,TRACKING,,0.004106923,1,-0.000295729,0.001055487,0.049999584,0.000000000,0.000000000,0.050000000,0.000295725,0.001055488,-0.000000417,0.001096134,0.000195522
25.898154475,TRACKING,,0.002702329,1,-0.000273862,0.001024787,0.049998993,0.000000000,0.000000000,0.050000000,0.000273859,0.001024788,-0.000001008,0.001060750,0.000206453
25.907961698,TRACKING,,0.000403687,1,-0.000251703,0.000999547,0.049998423,0.000000000,0.000000000,0.050000000,0.000251699,0.000999548,-0.000001577,0.001030752,0.000216334
25.917968389,TRACKING,,0.004147292,1,-0.000394362,0.000974589,0.049997844,0.000000000,0.000000000,0.050000000,0.000394358,0.000974590,-0.000002157,0.001051356,0.000226673
25.928168612,TRACKING,,0.003157071,1,-0.000368161,0.000953782,0.049997202,0.000000000,0.000000000,0.050000000,0.000368158,0.000953783,-0.000002798,0.001022375,0.000236230
25.938823578,TRACKING,,0.005046089,1,-0.000368161,0.000953782,0.049997202,0.000000000,0.000000000,0.050000000,0.000368158,0.000953783,-0.000002798,0.001022375,0.000236230
25.948205741,TRACKING,,0.004273147,1,-0.000520775,0.000931335,0.049996477,0.000000000,0.000000000,0.050000000,0.000520771,0.000931337,-0.000003523,0.001067054,0.000246763
25.960366222,TRACKING,,0.005585130,1,-0.000492528,0.000913740,0.049995898,0.000000000,0.000000000,0.050000000,0.000492524,0.000913742,-0.000004102,0.001038038,0.000255680
25.970330170,TRACKING,,0.003970381,1,-0.000459628,0.000896753,0.049995182,0.000000000,0.000000000,0.050000000,0.000459625,0.000896755,-0.000004818,0.001007694,0.000265496
25.981442251,TRACKING,,0.001808281,1,-0.000605277,0.000880013,0.049994317,0.000000000,0.000000000,0.050000000,0.000605273,0.000880016,-0.000005682,0.001068090,0.000276060
25.991182984,TRACKING,,0.004796753,1,-0.000552618,0.000859356,0.049993173,0.000000000,0.000000000,0.050000000,0.000552615,0.000859358,-0.000006826,0.001021727,0.000290289
26.001373709,TRACKING,,0.002800877,1,-0.000505899,0.000843212,0.049992246,0.000000000,0.000000000,0.050000000,0.000505896,0.000843214,-0.000007753,0.000983362,0.000302647
26.011586993,TRACKING,,0.004554541,1,-0.000505899,0.000843212,0.049992246,0.000000000,0.000000000,0.050000000,0.000505896,0.000843214,-0.000007753,0.000983362,0.000302647
26.021479702,TRACKING,,0.001568443,1,-0.000670229,0.000823469,0.049991018,0.000000000,0.000000000,0.050000000,0.000670225,0.000823472,-0.000008980,0.001061786,0.000319232
26.032210655,TRACKING,,0.005902143,1,-0.000617361,0.000808432,0.049990145,0.000000000,0.000000000,0.050000000,0.000617357,0.000808435,-0.000009854,0.001017248,0.000331987
26.045242625,TRACKING,,0.001387972,1,-0.000823302,0.000795410,0.049989385,0.000000000,0.000000000,0.050000000,0.000823299,0.000795414,-0.000010613,0.001144821,0.000343401
26.055020165,TRACKING,,0.004442933,1,-0.000761988,0.000781307,0.049988407,0.000000000,0.000000000,0.050000000,0.000761984,0.000781311,-0.000011590,0.001091421,0.000357833
26.066183301,TRACKING,,0.002102735,1,-0.000695818,0.000767678,0.049987386,0.000000000,0.000000000,0.050000000,0.000695814,0.000767681,-0.000012612,0.001036171,0.000373276
26.076009520,TRACKING,,0.003563132,1,-0.000695818,0.000767678,0.049987386,0.000000000,0.000000000,0.050000000,0.000695814,0.000767681,-0.000012612,0.001036171,0.000373276
26.086106447,TRACKING,,0.002739136,1,-0.000889843,0.000752973,0.049986254,0.000000000,0.000000000,0.050000000,0.000889839,0.000752978,-0.000013742,0.001165752,0.000390688
26.096406405,TRACKING,,0.005724046,1,-0.000822113,0.000740962,0.049985362,0.000000000,0.000000000,0.050000000,0.000822109,0.000740966,-0.000014635,0.001106846,0.000404990
26.108112144,TRACKING,,0.006213220,1,-0.001055293,0.000730283,0.049984603,0.000000000,0.000000000,0.050000000,0.001055289,0.000730288,-0.000015392,0.001283431,0.000417757
26.118131896,TRACKING,,0.003636746,1,-0.000981214,0.000719310,0.049983655,0.000000000,0.000000000,0.050000000,0.000981210,0.000719315,-0.000016340,0.001216739,0.000433272
26.128142149,TRACKING,,0.002724888,1,-0.000905680,0.000709473,0.049982563,0.000000000,0.000000000,0.050000000,0.000905677,0.000709477,-0.000017432,0.001150614,0.000450254
26.138489600,TRACKING,,0.000040369,1,-0.001153884,0.000700490,0.049981669,0.000000000,0.000000000,0.050000000,0.001153880,0.000700495,-0.000018324,0.001349989,0.000465035
26.149180184,TRACKING,,0.001047212,1,-0.001068303,0.000690734,0.049980512,0.000000000,0.000000000,0.050000000,0.001068300,0.000690739,-0.000019481,0.001272306,0.000484015
26.159140570,TRACKING,,0.004650713,1,-0.001068303,0.000690734,0.049980512,0.000000000,0.000000000,0.050000000,0.001068300,0.000690739,-0.000019481,0.001272306,0.000484015
26.168983412,TRACKING,,0.002914859,1,-0.000976513,0.000680810,0.049979391,0.000000000,0.000000000,0.050000000,0.000976509,0.000680814,-0.000020603,0.001190589,0.000503465
26.179201445,TRACKING,,0.001041275,1,-0.001226722,0.000671583,0.049978267,0.000000000,0.000000000,0.050000000,0.001226719,0.000671589,-0.000021724,0.001398693,0.000522632
26.189411167,TRACKING,,0.005919953,1,-0.001133843,0.000662460,0.049977174,0.000000000,0.000000000,0.050000000,0.001133839,0.000662465,-0.000022817,0.001313382,0.000541867
26.199516406,TRACKING,,0.001034151,1,-0.001033365,0.000653192,0.049976021,0.000000000,0.000000000,0.050000000,0.001033361,0.000653197,-0.000023971,0.001222733,0.000562605
26.209666762,TRACKING,,0.000415561,1,-0.001282686,0.000643128,0.049974907,0.000000000,0.000000000,0.050000000,0.001282683,0.000643134,-0.000025082,0.001435105,0.000583789
26.219649707,TRACKING,,0.002735573,1,-0.001282686,0.000643128,0.049974907,0.000000000,0.000000000,0.050000000,0.001282683,0.000643134,-0.000025082,0.001435105,0.000583789
26.229611280,TRACKING,,0.000978348,1,-0.001153287,0.000632660,0.049973436,0.000000000,0.000000000,0.050000000,0.001153284,0.000632666,-0.000026553,0.001315688,0.000610754
26.241216098,TRACKING,,0.007234310,1,-0.001430860,0.000624732,0.049972419,0.000000000,0.000000000,0.050000000,0.001430857,0.000624739,-0.000027568,0.001561541,0.000630294
26.251269094,TRACKING,,0.000673208,1,-0.001274777,0.000613554,0.049970839,0.000000000,0.000000000,0.050000000,0.001274774,0.000613560,-0.000029148,0.001415046,0.000660580
26.261290033,TRACKING,,0.005383286,1,-0.001274777,0.000613554,0.049970839,0.000000000,0.000000000,0.050000000,0.001274774,0.000613560,-0.000029148,0.001415046,0.000660580
26.271381024,TRACKING,,0.001123200,1,-0.001159054,0.000605981,0.049969648,0.000000000,0.000000000,0.050000000,0.001159051,0.000605987,-0.000030340,0.001308258,0.000683583
26.281434020,TRACKING,,0.002246400,1,-0.001420297,0.000597272,0.049968130,0.000000000,0.000000000,0.050000000,0.001420294,0.000597279,-0.000031854,0.001541101,0.000712247
26.292141227,TRACKING,,0.007532326,1,-0.001306551,0.000590348,0.049967041,0.000000000,0.000000000,0.050000000,0.001306549,0.000590354,-0.000032943,0.001434111,0.000733891
26.302107550,TRACKING,,0.008951168,1,-0.001306551,0.000590348,0.049967041,0.000000000,0.000000000,0.050000000,0.001306549,0.000590354,-0.000032943,0.001434111,0.000733891
26.312422943,TRACKING,,0.001636120,1,-0.001513876,0.000577512,0.049964764,0.000000000,0.000000000,0.050000000,0.001513874,0.000577519,-0.000035217,0.001620674,0.000778330
26.322265785,TRACKING,,0.000146040,1,-0.001366706,0.000569298,0.049963699,0.000000000,0.000000000,0.050000000,0.001366703,0.000569305,-0.000036283,0.001480980,0.000801877
26.332591864,TRACKING,,0.003946635,1,-0.001234410,0.000562120,0.049962907,0.000000000,0.000000000,0.050000000,0.001234408,0.000562127,-0.000037077,0.001356880,0.000820610
26.342346844,TRACKING,,0.001883082,1,-0.001520035,0.000554456,0.049962237,0.000000000,0.000000000,0.050000000,0.001520033,0.000554464,-0.000037742,0.001618442,0.000838058
26.355724323,TRACKING,,0.004624592,1,-0.001404227,0.000548384,0.049961752,0.000000000,0.000000000,0.050000000,0.001404225,0.000548391,-0.000038228,0.001507993,0.000851414
26.365721515,TRACKING,,0.002463679,1,-0.001262340,0.000541035,0.049961183,0.000000000,0.000000000,0.050000000,0.001262338,0.000541042,-0.000038799,0.001373946,0.000867070
26.375906304,TRACKING,,0.006936295,1,-0.001262340,0.000541035,0.049961183,0.000000000,0.000000000,0.050000000,0.001262338,0.000541042,-0.000038799,0.001373946,0.000867070
26.385835820,TRACKING,,0.001887831,1,-0.001567272,0.000533223,0.049961007,0.000000000,0.000000000,0.050000000,0.001567270,0.000533231,-0.000038971,0.001655956,0.000877247
26.395783145,TRACKING,,0.001285862,1,-0.001427673,0.000525890,0.049960894,0.000000000,0.000000000,0.050000000,0.001427671,0.000525897,-0.000039085,0.001521952,0.000885836
26.405966746,TRACKING,,0.002707079,1,-0.001777926,0.000519731,0.049960856,0.000000000,0.000000000,0.050000000,0.001777924,0.000519740,-0.000039118,0.001852748,0.000892059
26.417129882,TRACKING,,0.003844526,1,-0.001623085,0.000512238,0.049960412,0.000000000,0.000000000,0.050000000,0.001623083,0.000512246,-0.000039564,0.001702457,0.000905675
26.427163882,TRACKING,,0.006837748,1,-0.001623085,0.000512238,0.049960412,0.000000000,0.000000000,0.050000000,0.001623083,0.000512246,-0.000039564,0.001702457,0.000905675
26.437165824,TRACKING,,0.001681238,1,-0.001456647,0.000504371,0.049960169,0.000000000,0.000000000,0.050000000,0.001456645,0.000504378,-0.000039808,0.001542011,0.000916757
26.447133333,TRACKING,,0.006377069,1,-0.001786961,0.000497125,0.049959974,0.000000000,0.000000000,0.050000000,0.001786959,0.000497133,-0.000039998,0.001855253,0.000926440
26.457135275,TRACKING,,0.003145197,1,-0.001622216,0.000489879,0.049959488,0.000000000,0.000000000,0.050000000,0.001622214,0.000489886,-0.000040487,0.001695053,0.000940418
26.467963589,TRACKING,,0.000970037,1,-0.001622216,0.000489879,0.049959488,0.000000000,0.000000000,0.050000000,0.001622214,0.000489886,-0.000040487,0.001695053,0.000940418
26.477728068,TRACKING,,0.004946355,1,-0.001979421,0.000483574,0.049959313,0.000000000,0.000000000,0.050000000,0.001979420,0.000483584,-0.000040655,0.002038040,0.000948882
26.487994781,TRACKING,,0.004461930,1,-0.001836889,0.000477526,0.049959273,0.000000000,0.000000000,0.050000000,0.001836887,0.000477535,-0.000040698,0.001898381,0.000955165
26.497845934,TRACKING,,0.002775942,1,-0.001707061,0.000472286,0.049959101,0.000000000,0.000000000,0.050000000,0.001707060,0.000472294,-0.000040872,0.001771662,0.000962712
26.508866592,TRACKING,,0.008044059,1,-0.002071866,0.000466355,0.049958743,0.000000000,0.000000000,0.050000000,0.002071864,0.000466365,-0.000041224,0.002124104,0.000973731
26.518521838,TRACKING,,0.000799063,1,-0.001858723,0.000458002,0.049958435,0.000000000,0.000000000,0.050000000,0.001858721,0.000458010,-0.000041534,0.001914770,0.000986061
26.528475100,TRACKING,,0.004913110,1,-0.001858723,0.000458002,0.049958435,0.000000000,0.000000000,0.050000000,0.001858721,0.000458010,-0.000041534,0.001914770,0.000986061
26.538706193,TRACKING,,0.001372536,1,-0.001708664,0.000452326,0.049958292,0.000000000,0.000000000,0.050000000,0.001708662,0.000452334,-0.000041679,0.001768013,0.000993599
26.548754441,TRACKING,,0.000844181,1,-0.002064519,0.000445775,0.049958065,0.000000000,0.000000000,0.050000000,0.002064518,0.000445785,-0.000041900,0.002112514,0.001003007
26.558930918,TRACKING,,0.004395441,1,-0.001916492,0.000440284,0.049957958,0.000000000,0.000000000,0.050000000,0.001916491,0.000440292,-0.000042009,0.001966865,0.001009598
26.570168855,TRACKING,,0.002379380,1,-0.002289978,0.000434054,0.049957711,0.000000000,0.000000000,0.050000000,0.002289977,0.000434065,-0.000042249,0.002331135,0.001018994
26.580626725,TRACKING,,0.001932949,1,-0.002141940,0.000428971,0.049957229,0.000000000,0.000000000,0.050000000,0.002141939,0.000428981,-0.000042734,0.002184892,0.001030941
26.590177488,TRACKING,,0.004744510,1,-0.002141940,0.000428971,0.049957229,0.000000000,0.000000000,0.050000000,0.002141939,0.000428981,-0.000042734,0.002184892,0.001030941
26.600986804,TRACKING,,0.002377005,1,-0.001966415,0.000422997,0.049957096,0.000000000,0.000000000,0.050000000,0.001966414,0.000423006,-0.000042869,0.002011854,0.001038663
26.610856954,TRACKING,,0.005396347,1,-0.002339578,0.000416437,0.049956926,0.000000000,0.000000000,0.050000000,0.002339577,0.000416447,-0.000043032,0.002376742,0.001047244
26.623468614,TRACKING,,0.006860307,1,-0.002194731,0.000411599,0.049956997,0.000000000,0.000000000,0.050000000,0.002194730,0.000411609,-0.000042964,0.002233407,0.001050671
26.633363697,TRACKING,,0.000466615,1,-0.002517429,0.000404169,0.049956614,0.000000000,0.000000000,0.050000000,0.002517428,0.000404181,-0.000043341,0.002550036,0.001063434
26.647404885,TRACKING,,0.000902360,1,-0.002370476,0.000399644,0.049956533,0.000000000,0.000000000,0.050000000,0.002370475,0.000399654,-0.000043424,0.002404322,0.001069092
26.657208545,TRACKING,,0.000918981,1,-0.002189782,0.000394180,0.049956283,0.000000000,0.000000000,0.050000000,0.002189781,0.000394190,-0.000043676,0.002225406,0.001078121
26.667285288,TRACKING,,0.000442869,1,-0.002623879,0.000389735,0.049956407,0.000000000,0.000000000,0.050000000,0.002623878,0.000389746,-0.000043544,0.002653024,0.001080443
26.677291979,TRACKING,,0.002099173,1,-0.002623879,0.000389735,0.049956407,0.000000000,0.000000000,0.050000000,0.002623878,0.000389746,-0.000043544,0.002653024,0.001080443
26.687468456,TRACKING,,0.001782160,1,-0.002427446,0.000384000,0.049956065,0.000000000,0.000000000,0.050000000,0.002427445,0.000384010,-0.000043889,0.002458023,0.001091188
26.697492957,TRACKING,,0.006223906,1,-0.002274842,0.000379604,0.049955956,0.000000000,0.000000000,0.050000000,0.002274841,0.000379614,-0.000044001,0.002306717,0.001097166
26.708183542,TRACKING,,0.009323985,1,-0.002274842,0.000379604,0.049955956,0.000000000,0.000000000,0.050000000,0.002274841,0.000379614,-0.000044001,0.002306717,0.001097166
26.718149864,TRACKING,,0.004032122,1,-0.002577814,0.000370682,0.049955497,0.000000000,0.000000000,0.050000000,0.002577813,0.000370693,-0.000044454,0.002604709,0.001112535
26.728117374,TRACKING,,0.003684238,1,-0.002407106,0.000365591,0.049956241,0.000000000,0.000000000,0.050000000,0.002407105,0.000365601,-0.000043714,0.002435104,0.001105897
26.739309006,TRACKING,,0.001581504,1,-0.002407106,0.000365591,0.049956241,0.000000000,0.000000000,0.050000000,0.002407105,0.000365601,-0.000043714,0.002435104,0.001105897
26.749256331,TRACKING,,0.004896487,1,-0.002832822,0.000360518,0.049956793,0.000000000,0.000000000,0.050000000,0.002832821,0.000360531,-0.000043154,0.002855997,0.001101996
26.761096236,TRACKING,,0.006383006,1,-0.002674406,0.000355838,0.049957518,0.000000000,0.000000000,0.050000000,0.002674405,0.000355849,-0.000042432,0.002698309,0.001094699
26.771167043,TRACKING,,0.004209032,1,-0.002517789,0.000351367,0.049958110,0.000000000,0.000000000,0.050000000,0.002517788,0.000351378,-0.000041844,0.002542533,0.001089149
26.781364891,TRACKING,,0.001950758,1,-0.002969518,0.000347300,0.049958617,0.000000000,0.000000000,0.050000000,0.002969518,0.000347313,-0.000041328,0.002990045,0.001084358
26.791231479,TRACKING,,0.003376724,1,-0.002755006,0.000341259,0.049958996,0.000000000,0.000000000,0.050000000,0.002755005,0.000341271,-0.000040953,0.002776364,0.001082738
26.801441201,TRACKING,,0.002426872,1,-0.003220227,0.000337030,0.049959414,0.000000000,0.000000000,0.050000000,0.003220227,0.000337044,-0.000040527,0.003238071,0.001079323
26.811383778,TRACKING,,0.004584223,1,-0.003220227,0.000337030,0.049959414,0.000000000,0.000000000,0.050000000,0.003220227,0.000337044,-0.000040527,0.003238071,0.001079323
26.822595593,TRACKING,,0.005303736,1,-0.003040936,0.000332273,0.049959785,0.000000000,0.000000000,0.050000000,0.003040935,0.000332285,-0.000040159,0.003059300,0.001076876
26.832687771,TRACKING,,0.002474365,1,-0.002892518,0.000328493,0.049960078,0.000000000,0.000000000,0.050000000,0.002892518,0.000328505,-0.000039869,0.002911385,0.001074806
26.844366202,TRACKING,,0.007614251,1,-0.003325042,0.000323621,0.049960047,0.000000000,0.000000000,0.050000000,0.003325041,0.000323635,-0.000039891,0.003340992,0.001078490
26.855126838,TRACKING,,0.001924638,1,-0.003125774,0.000318689,0.049960181,0.000000000,0.000000000,0.050000000,0.003125773,0.000318702,-0.000039761,0.003142230,0.001079707
26.865319938,TRACKING,,0.005715735,1,-0.003125774,0.000318689,0.049960181,0.000000000,0.000000000,0.050000000,0.003125773,0.000318702,-0.000039761,0.003142230,0.001079707
26.875610397,TRACKING,,0.007018220,1,-0.003503263,0.000312645,0.049959675,0.000000000,0.000000000,0.050000000,0.003503263,0.000312660,-0.000040260,0.003517418,0.001091854
26.885577907,TRACKING,,0.001038901,1,-0.003339450,0.000308963,0.049959075,0.000000000,0.000000000,0.050000000,0.003339450,0.000308976,-0.000040862,0.003353962,0.001104000
26.897484302,TRACKING,,0.007214126,1,-0.003163897,0.000304993,0.049959139,0.000000000,0.000000000,0.050000000,0.003163897,0.000305006,-0.000040801,0.003178826,0.001106350
26.907026753,TRACKING,,0.003901517,1,-0.003609605,0.000300601,0.049959379,0.000000000,0.000000000,0.050000000,0.003609604,0.000300615,-0.000040553,0.003622328,0.001106105
26.918408355,TRACKING,,0.002798501,1,-0.003609605,0.000300601,0.049959379,0.000000000,0.000000000,0.050000000,0.003609604,0.000300615,-0.000040553,0.003622328,0.001106105
26.928209641,TRACKING,,0.000032057,1,-0.003445176,0.000296996,0.049959307,0.000000000,0.000000000,0.050000000,0.003445175,0.000297010,-0.000040627,0.003458193,0.001110354
26.938738750,TRACKING,,0.004801502,1,-0.003234455,0.000292512,0.049959156,0.000000000,0.000000000,0.050000000,0.003234454,0.000292525,-0.000040783,0.003247912,0.001116461
26.948347691,TRACKING,,0.003187941,1,-0.003718238,0.000289070,0.049959193,0.000000000,0.000000000,0.050000000,0.003718237,0.000289085,-0.000040736,0.003729681,0.001118909
26.958553851,TRACKING,,0.003078708,1,-0.003539317,0.000285257,0.049959138,0.000000000,0.000000000,0.050000000,0.003539317,0.000285272,-0.000040793,0.003551029,0.001123165
26.969150638,TRACKING,,0.000422684,1,-0.003372527,0.000281744,0.049959214,0.000000000,0.000000000,0.050000000,0.003372526,0.000281758,-0.000040721,0.003384520,0.001125143
26.979037410,TRACKING,,0.003678302,1,-0.003837156,0.000277766,0.049959642,0.000000000,0.000000000,0.050000000,0.003837156,0.000277781,-0.000040284,0.003847408,0.001121763
26.989342117,TRACKING,,0.000112795,1,-0.003630926,0.000273431,0.049960239,0.000000000,0.000000000,0.050000000,0.003630925,0.000273445,-0.000039691,0.003641424,0.001115670
26.999314376,TRACKING,,0.002210780,1,-0.003630926,0.000273431,0.049960239,0.000000000,0.000000000,0.050000000,0.003630925,0.000273445,-0.000039691,0.003641424,0.001115670
27.012189620,TRACKING,,0.005391598,1,-0.004116664,0.000269937,0.049960730,0.000000000,0.000000000,0.050000000,0.004116664,0.000269953,-0.000039191,0.004125692,0.001110586
27.022463457,TRACKING,,0.002007750,1,-0.003916778,0.000266008,0.049960730,0.000000000,0.000000000,0.050000000,0.003916778,0.000266024,-0.000039195,0.003925997,0.001113456
27.035718643,TRACKING,,0.002596658,1,-0.003733738,0.000262495,0.049960829,0.000000000,0.000000000,0.050000000,0.003733738,0.000262509,-0.000039100,0.003743159,0.001114628
27.045068748,TRACKING,,0.004824060,1,-0.004173009,0.000258234,0.049961152,0.000000000,0.000000000,0.050000000,0.004173009,0.000258250,-0.000038769,0.004181172,0.001112578
27.055404326,TRACKING,,0.003780411,1,-0.004013315,0.000255181,0.049961610,0.000000000,0.000000000,0.050000000,0.004013315,0.000255197,-0.000038314,0.004021603,0.001107527
27.065351651,TRACKING,,0.000568724,1,-0.003812427,0.000251490,0.049961787,0.000000000,0.000000000,0.050000000,0.003812426,0.000251504,-0.000038140,0.003820904,0.001107399
27.075414146,TRACKING,,0.000232714,1,-0.004320466,0.000248579,0.049962274,0.000000000,0.000000000,0.050000000,0.004320465,0.000248595,-0.000037644,0.004327775,0.001101723
27.085560940,TRACKING,,0.002229777,1,-0.004320466,0.000248579,0.049962274,0.000000000,0.000000000,0.050000000,0.004320465,0.000248595,-0.000037644,0.004327775,0.001101723
27.095562882,TRACKING,,0.002460117,1,-0.004121501,0.000245095,0.049962145,0.000000000,0.000000000,0.050000000,0.004121501,0.000245111,-0.000037777,0.004128956,0.001106185
27.106101491,TRACKING,,0.000788377,1,-0.003967525,0.000242421,0.049962257,0.000000000,0.000000000,0.050000000,0.003967525,0.000242435,-0.000037668,0.003975103,0.001106438
27.116080873,TRACKING,,0.001905641,1,-0.004444201,0.000238934,0.049962517,0.000000000,0.000000000,0.050000000,0.004444201,0.000238951,-0.000037399,0.004450777,0.001104736
27.126563678,TRACKING,,0.008009627,1,-0.004444201,0.000238934,0.049962517,0.000000000,0.000000000,0.050000000,0.004444201,0.000238951,-0.000037399,0.004450777,0.001104736
27.136349528,TRACKING,,0.004185285,1,-0.004207091,0.000234925,0.049962515,0.000000000,0.000000000,0.050000000,0.004207091,0.000234941,-0.000037405,0.004213812,0.001107591
27.146464265,TRACKING,,0.007903956,1,-0.004675105,0.000231837,0.049962258,0.000000000,0.000000000,0.050000000,0.004675105,0.000231854,-0.000037652,0.004681002,0.001114005
27.156340352,TRACKING,,0.002914859,1,-0.004417950,0.000227904,0.049961393,0.000000000,0.000000000,0.050000000,0.004417950,0.000227920,-0.000038521,0.004423993,0.001131044
27.166870649,TRACKING,,0.007749605,1,-0.004417950,0.000227904,0.049961393,0.000000000,0.000000000,0.050000000,0.004417950,0.000227920,-0.000038521,0.004423993,0.001131044
27.176479589,TRACKING,,0.003386223,1,-0.004246909,0.000225299,0.049961232,0.000000000,0.000000000,0.050000000,0.004246909,0.000225314,-0.000038685,0.004253057,0.001136224
27.187236664,TRACKING,,0.008034561,1,-0.004671191,0.000221614,0.049960723,0.000000000,0.000000000,0.050000000,0.004671191,0.000221631,-0.000039185,0.004676610,0.001147907
27.196781489,TRACKING,,0.003089393,1,-0.004423508,0.000217961,0.049960491,0.000000000,0.000000000,0.050000000,0.004423508,0.000217977,-0.000039421,0.004429050,0.001155267
27.206889102,TRACKING,,0.002464866,1,-0.004908070,0.000215308,0.049960237,0.000000000,0.000000000,0.050000000,0.004908070,0.000215326,-0.000039665,0.004912951,0.001162240
27.216877984,TRACKING,,0.003496642,1,-0.004908070,0.000215308,0.049960237,0.000000000,0.000000000,0.050000000,0.004908070,0.000215326,-0.000039665,0.004912951,0.001162240
27.228025684,TRACKING,,0.005014031,1,-0.004679077,0.000212187,0.049959825,0.000000000,0.000000000,0.050000000,0.004679077,0.000212203,-0.000040080,0.004684058,0.001172302
27.238171291,TRACKING,,0.001789283,1,-0.004496851,0.000209791,0.049959556,0.000000000,0.000000000,0.050000000,0.004496851,0.000209807,-0.000040353,0.004501923,0.001179557
27.251174766,TRACKING,,0.003793472,1,-0.004930795,0.000206721,0.049958755,0.000000000,0.000000000,0.050000000,0.004930795,0.000206738,-0.000041143,0.004935299,0.001196067
27.261252696,TRACKING,,0.005390411,1,-0.004682572,0.000203565,0.049957895,0.000000000,0.000000000,0.050000000,0.004682572,0.000203581,-0.000042008,0.004687184,0.001213888
27.273168589,TRACKING,,0.006364009,1,-0.005150241,0.000200982,0.049957629,0.000000000,0.000000000,0.050000000,0.005150241,0.000201000,-0.000042262,0.005154335,0.001221760
27.283161033,TRACKING,,0.000344322,1,-0.004855949,0.000197427,0.049956650,0.000000000,0.000000000,0.050000000,0.004855949,0.000197444,-0.000043246,0.004860154,0.001242398
27.293343447,TRACKING,,0.005078146,1,-0.004855949,0.000197427,0.049956650,0.000000000,0.000000000,0.050000000,0.004855949,0.000197444,-0.000043246,0.004860154,0.001242398
27.303367947,TRACKING,,0.001118451,1,-0.004668851,0.000195134,0.049956619,0.000000000,0.000000000,0.050000000,0.004668851,0.000195150,-0.000043280,0.004673128,0.001246607
27.313329521,TRACKING,,0.001353539,1,-0.005098054,0.000192207,0.049956254,0.000000000,0.000000000,0.050000000,0.005098054,0.000192225,-0.000043636,0.005101863,0.001256847
27.324239758,TRACKING,,0.001801157,1,-0.004883065,0.000189590,0.049956279,0.000000000,0.000000000,0.050000000,0.004883065,0.000189607,-0.000043615,0.004886940,0.001260583
27.334272570,TRACKING,,0.001950758,1,-0.004649240,0.000186783,0.049956205,0.000000000,0.000000000,0.050000000,0.004649240,0.000186799,-0.000043694,0.004653196,0.001266042
27.344401555,TRACKING,,0.001634933,1,-0.005130490,0.000184468,0.049956666,0.000000000,0.000000000,0.050000000,0.005130490,0.000184485,-0.000043222,0.005133988,0.001262036
27.354319198,TRACKING,,0.004395440,1,-0.005130490,0.000184468,0.049956666,0.000000000,0.000000000,0.050000000,0.005130490,0.000184485,-0.000043222,0.005133988,0.001262036
27.365225873,TRACKING,,0.002428059,1,-0.004866065,0.000181344,0.049956708,0.000000000,0.000000000,0.050000000,0.004866066,0.000181360,-0.000043186,0.004869636,0.001265701
27.376101679,TRACKING,,0.006946980,1,-0.005335491,0.000178950,0.049957114,0.000000000,0.000000000,0.050000000,0.005335492,0.000178968,-0.000042769,0.005338664,0.001262505
27.386322087,TRACKING,,0.004015499,1,-0.005118709,0.000176433,0.049957562,0.000000000,0.000000000,0.050000000,0.005118709,0.000176450,-0.000042327,0.005121924,0.001258661
27.396332340,TRACKING,,0.000661334,1,-0.004878280,0.000173755,0.049957726,0.000000000,0.000000000,0.050000000,0.004878280,0.000173771,-0.000042168,0.004881556,0.001259479
27.406369901,TRACKING,,0.004965351,1,-0.004878280,0.000173755,0.049957726,0.000000000,0.000000000,0.050000000,0.004878280,0.000173771,-0.000042168,0.004881556,0.001259479
27.416494137,TRACKING,,0.000903546,1,-0.005315621,0.000171273,0.049957997,0.000000000,0.000000000,0.050000000,0.005315622,0.000171290,-0.000041887,0.005318546,0.001258204
27.426418903,TRACKING,,0.000070052,1,-0.005096874,0.000168782,0.049958666,0.000000000,0.000000000,0.050000000,0.005096874,0.000168798,-0.000041224,0.005099835,0.001250448
27.436733109,TRACKING,,0.002394815,1,-0.004885231,0.000166393,0.049959390,0.000000000,0.000000000,0.050000000,0.004885232,0.000166409,-0.000040505,0.004888233,0.001241390
27.446546268,TRACKING,,0.001347602,1,-0.005389464,0.000164153,0.049960223,0.000000000,0.000000000,0.050000000,0.005389464,0.000164170,-0.000039663,0.005392110,0.001230170
27.461169240,TRACKING,,0.009158948,1,-0.005389464,0.000164153,0.049960223,0.000000000,0.000000000,0.050000000,0.005389464,0.000164170,-0.000039663,0.005392110,0.001230170
27.471019205,TRACKING,,0.002752196,1,-0.005090533,0.000160950,0.049960354,0.000000000,0.000000000,0.050000000,0.005090533,0.000160966,-0.000039538,0.005093231,0.001230328
27.481278794,TRACKING,,0.002504048,1,-0.005513406,0.000158874,0.049961075,0.000000000,0.000000000,0.050000000,0.005513407,0.000158891,-0.000038809,0.005515832,0.001220525
27.491426776,TRACKING,,0.000257647,1,-0.005337198,0.000157001,0.049961663,0.000000000,0.000000000,0.050000000,0.005337199,0.000157018,-0.000038225,0.005339645,0.001212552
27.501197191,TRACKING,,0.005031841,1,-0.005144722,0.000154995,0.049962310,0.000000000,0.000000000,0.050000000,0.005144722,0.000155011,-0.000037583,0.005147194,0.001203579
27.511201508,TRACKING,,0.003210500,1,-0.005604727,0.000153009,0.049963107,0.000000000,0.000000000,0.050000000,0.005604727,0.000153026,-0.000036778,0.005606936,0.001191919
27.521668877,TRACKING,,0.000136542,1,-0.005604727,0.000153009,0.049963107,0.000000000,0.000000000,0.050000000,0.005604727,0.000153026,-0.000036778,0.005606936,0.001191919
27.531523592,TRACKING,,0.000027309,1,-0.005422142,0.000151165,0.049963576,0.000000000,0.000000000,0.050000000,0.005422143,0.000151182,-0.000036313,0.005424372,0.001185243
27.543750562,TRACKING,,0.006559915,1,-0.005213416,0.000149111,0.049964137,0.000000000,0.000000000,0.050000000,0.005213416,0.000149127,-0.000035757,0.005215671,0.001176989
27.553076922,TRACKING,,0.004340824,1,-0.005686995,0.000147444,0.049964637,0.000000000,0.000000000,0.050000000,0.005686996,0.000147462,-0.000035248,0.005689016,0.001169601
27.563159601,TRACKING,,0.003887269,1,-0.005474624,0.000145371,0.049965001,0.000000000,0.000000000,0.050000000,0.005474625,0.000145388,-0.000034889,0.005476666,0.001164354
27.573315894,TRACKING,,0.001143384,1,-0.005310767,0.000143779,0.049965459,0.000000000,0.000000000,0.050000000,0.005310767,0.000143795,-0.000034435,0.005312825,0.001157520
27.583571921,TRACKING,,0.005371414,1,-0.005725785,0.000141592,0.049966340,0.000000000,0.000000000,0.050000000,0.005725785,0.000141609,-0.000033547,0.005727634,0.001143668
27.596360491,TRACKING,,0.006569414,1,-0.005551183,0.000139872,0.049967264,0.000000000,0.000000000,0.050000000,0.005551183,0.000139888,-0.000032628,0.005553041,0.001128894
27.606123782,TRACKING,,0.002487425,1,-0.005968352,0.000137696,0.049968282,0.000000000,0.000000000,0.050000000,0.005968352,0.000137714,-0.000031604,0.005970024,0.001112165
27.616118600,TRACKING,,0.002122919,1,-0.005797946,0.000136190,0.049968537,0.000000000,0.000000000,0.050000000,0.005797946,0.000136207,-0.000031353,0.005799631,0.001107912
27.626255896,TRACKING,,0.006923233,1,-0.005797946,0.000136190,0.049968537,0.000000000,0.000000000,0.050000000,0.005797946,0.000136207,-0.000031353,0.005799631,0.001107912
27.636652026,TRACKING,,0.003716296,1,-0.005586508,0.000134345,0.049968894,0.000000000,0.000000000,0.050000000,0.005586508,0.000134361,-0.000031000,0.005588210,0.001101723
27.648901555,TRACKING,,0.003586879,1,-0.006023212,0.000132873,0.049969321,0.000000000,0.000000000,0.050000000,0.006023213,0.000132890,-0.000030565,0.006024756,0.001094615
27.658330024,TRACKING,,0.000452367,1,-0.005780076,0.000130855,0.049969123,0.000000000,0.000000000,0.050000000,0.005780076,0.000130872,-0.000030768,0.005781639,0.001097216
27.670799207,TRACKING,,0.000767006,1,-0.005780076,0.000130855,0.049969123,0.000000000,0.000000000,0.050000000,0.005780076,0.000130872,-0.000030768,0.005781639,0.001097216
27.680187306,TRACKING,,0.004846620,1,-0.006140297,0.000128767,0.049969154,0.000000000,0.000000000,0.050000000,0.006140297,0.000128784,-0.000030730,0.006141724,0.001096296
27.690177375,TRACKING,,0.006303455,1,-0.005842800,0.000126444,0.049968342,0.000000000,0.000000000,0.050000000,0.005842800,0.000126461,-0.000031546,0.005844254,0.001109239
27.700169818,TRACKING,,0.002504047,1,-0.005597133,0.000124547,0.049967975,0.000000000,0.000000000,0.050000000,0.005597133,0.000124563,-0.000031917,0.005598610,0.001115731
27.711135860,TRACKING,,0.000036807,1,-0.005597133,0.000124547,0.049967975,0.000000000,0.000000000,0.050000000,0.005597133,0.000124563,-0.000031917,0.005598610,0.001115731
27.720982263,TRACKING,,0.004539105,1,-0.005983032,0.000122776,0.049968399,0.000000000,0.000000000,0.050000000,0.005983032,0.000122793,-0.000031487,0.005984375,0.001109598
27.732215451,TRACKING,,0.001784534,1,-0.005805600,0.000121297,0.049969123,0.000000000,0.000000000,0.050000000,0.005805600,0.000121313,-0.000030767,0.005806949,0.001098473
27.742128344,TRACKING,,0.004269585,1,-0.006153594,0.000119165,0.049969424,0.000000000,0.000000000,0.050000000,0.006153594,0.000119182,-0.000030460,0.006154824,0.001093880
27.755198308,TRACKING,,0.000975973,1,-0.005970392,0.000117807,0.049969362,0.000000000,0.000000000,0.050000000,0.005970392,0.000117824,-0.000030525,0.005971633,0.001095366
27.764999593,TRACKING,,0.003652181,1,-0.005755924,0.000116220,0.049969527,0.000000000,0.000000000,0.050000000,0.005755924,0.000116236,-0.000030364,0.005757177,0.001093106
27.775901520,TRACKING,,0.004030934,1,-0.006137440,0.000114912,0.049969512,0.000000000,0.000000000,0.050000000,0.006137440,0.000114928,-0.000030372,0.006138591,0.001093932
27.786159922,TRACKING,,0.002095612,1,-0.006137440,0.000114912,0.049969512,0.000000000,0.000000000,0.050000000,0.006137440,0.000114928,-0.000030372,0.006138591,0.001093932
27.796741273,TRACKING,,0.004323014,1,-0.005923442,0.000113425,0.049969332,0.000000000,0.000000000,0.050000000,0.005923442,0.000113441,-0.000030555,0.005924607,0.001097315
27.806182802,TRACKING,,0.002473177,1,-0.005714610,0.000111954,0.049969687,0.000000000,0.000000000,0.050000000,0.005714610,0.000111970,-0.000030206,0.005715787,0.001091989
27.816355718,TRACKING,,0.002456554,1,-0.006066568,0.000110468,0.049969338,0.000000000,0.000000000,0.050000000,0.006066568,0.000110484,-0.000030546,0.006067651,0.001098176
27.826374282,TRACKING,,0.005618375,1,-0.005869539,0.000109157,0.049969086,0.000000000,0.000000000,0.050000000,0.005869539,0.000109172,-0.000030802,0.005870635,0.001102900
27.836295486,TRACKING,,0.002987284,1,-0.006197072,0.000107592,0.049969096,0.000000000,0.000000000,0.050000000,0.006197072,0.000107608,-0.000030786,0.006198083,0.001103498
27.846403099,TRACKING,,0.007395785,1,-0.006197072,0.000107592,0.049969096,0.000000000,0.000000000,0.050000000,0.006197072,0.000107608,-0.000030786,0.006198083,0.001103498
27.856606884,TRACKING,,0.003947823,1,-0.005961171,0.000106104,0.049968725,0.000000000,0.000000000,0.050000000,0.005961171,0.000106120,-0.000031160,0.005962197,0.001110412
27.867359209,TRACKING,,0.008851433,1,-0.005749886,0.000104849,0.049968031,0.000000000,0.000000000,0.050000000,0.005749886,0.000104865,-0.000031857,0.005750930,0.001122670
27.877274477,TRACKING,,0.001646806,1,-0.006007660,0.000102953,0.049967479,0.000000000,0.000000000,0.050000000,0.006007661,0.000102969,-0.000032404,0.006008630,0.001132783
27.887213491,TRACKING,,0.000715951,1,-0.005805160,0.000101713,0.049967469,0.000000000,0.000000000,0.050000000,0.005805160,0.000101728,-0.000032418,0.005806142,0.001134379
27.898135602,TRACKING,,0.006627593,1,-0.005805160,0.000101713,0.049967469,0.000000000,0.000000000,0.050000000,0.005805160,0.000101728,-0.000032418,0.005806142,0.001134379
27.908062743,TRACKING,,0.003869460,1,-0.005592981,0.000100391,0.049967760,0.000000000,0.000000000,0.050000000,0.005592981,0.000100406,-0.000032131,0.005593974,0.001131127
27.918150171,TRACKING,,0.002359195,1,-0.005918277,0.000099204,0.049967827,0.000000000,0.000000000,0.050000000,0.005918278,0.000099219,-0.000032058,0.005919196,0.001131336
27.928304090,TRACKING,,0.000490361,1,-0.005725123,0.000098019,0.049967884,0.000000000,0.000000000,0.050000000,0.005725124,0.000098034,-0.000032003,0.005726052,0.001131688
27.938341651,TRACKING,,0.002097985,1,-0.006024715,0.000096647,0.049968164,0.000000000,0.000000000,0.050000000,0.006024715,0.000096662,-0.000031719,0.006025574,0.001128505
27.948548998,TRACKING,,0.000939166,1,-0.005763898,0.000095163,0.049967857,0.000000000,0.000000000,0.050000000,0.005763899,0.000095177,-0.000032030,0.005764774,0.001134919
27.959820180,TRACKING,,0.004184098,1,-0.005763898,0.000095163,0.049967857,0.000000000,0.000000000,0.050000000,0.005763899,0.000095177,-0.000032030,0.005764774,0.001134919
27.969615529,TRACKING,,0.005446214,1,-0.005466216,0.000093516,0.049967422,0.000000000,0.000000000,0.050000000,0.005466217,0.000093529,-0.000032470,0.005467113,0.001143430
27.979770634,TRACKING,,0.004536730,1,-0.005774989,0.000092349,0.049967868,0.000000000,0.000000000,0.050000000,0.005774990,0.000092363,-0.000032018,0.005775817,0.001137556
27.989621787,TRACKING,,0.002391252,1,-0.005558639,0.000091156,0.049967877,0.000000000,0.000000000,0.050000000,0.005558639,0.000091170,-0.000032013,0.005559479,0.001138710
28.000044038,TRACKING,,0.006998035,1,-0.005558639,0.000091156,0.049967877,0.000000000,0.000000000,0.050000000,0.005558639,0.000091170,-0.000032013,0.005559479,0.001138710
28.009815641,TRACKING,,0.004198346,1,-0.005368249,0.000090086,0.049968164,0.000000000,0.000000000,0.050000000,0.005368250,0.000090099,-0.000031730,0.005369100,0.001135312
28.019772465,TRACKING,,0.003092956,1,-0.005627305,0.000088757,0.049968243,0.000000000,0.000000000,0.050000000,0.005627305,0.000088771,-0.000031647,0.005628094,0.001135279
28.030045114,TRACKING,,0.001487706,1,-0.005442953,0.000087726,0.049968498,0.000000000,0.000000000,0.050000000,0.005442953,0.000087739,-0.000031395,0.005443751,0.001132222
28.039958007,TRACKING,,0.000216092,1,-0.005686169,0.000086473,0.049968739,0.000000000,0.000000000,0.050000000,0.005686170,0.000086487,-0.000031150,0.005686913,0.001129328
28.049938577,TRACKING,,0.005509142,1,-0.005512940,0.000085528,0.049969057,0.000000000,0.000000000,0.050000000,0.005512941,0.000085541,-0.000030835,0.005513691,0.001124985
28.061031662,TRACKING,,0.002913671,1,-0.005277915,0.000084325,0.049968947,0.000000000,0.000000000,0.050000000,0.005277915,0.000084337,-0.000030950,0.005278679,0.001127652
28.071148773,TRACKING,,0.007307924,1,-0.005277915,0.000084325,0.049968947,0.000000000,0.000000000,0.050000000,0.005277915,0.000084337,-0.000030950,0.005278679,0.001127652
28.081429734,TRACKING,,0.001632558,1,-0.005470101,0.000082836,0.049968995,0.000000000,0.000000000,0.050000000,0.005470101,0.000082849,-0.000030899,0.005470816,0.001127647
28.093342066,TRACKING,,0.000793127,1,-0.005252464,0.000081633,0.049969820,0.000000000,0.000000000,0.050000000,0.005252464,0.000081646,-0.000030079,0.005253185,0.001114956
28.103186094,TRACKING,,0.003519202,1,-0.005445231,0.000080403,0.049969964,0.000000000,0.000000000,0.050000000,0.005445231,0.000080416,-0.000029932,0.005445907,0.001112286
28.113302018,TRACKING,,0.002699954,1,-0.005260563,0.000079425,0.049970584,0.000000000,0.000000000,0.050000000,0.005260563,0.000079437,-0.000029315,0.005261244,0.001102610
28.123358577,TRACKING,,0.004370506,1,-0.005260563,0.000079425,0.049970584,0.000000000,0.000000000,0.050000000,0.005260563,0.000079437,-0.000029315,0.005261244,0.001102610
28.133419884,TRACKING,,0.003547698,1,-0.005034656,0.000078218,0.049971540,0.000000000,0.000000000,0.050000000,0.005034656,0.000078230,-0.000028365,0.005035344,0.001087160
28.143767335,TRACKING,,0.002222654,1,-0.005224894,0.000076986,0.049972225,0.000000000,0.000000000,0.050000000,0.005224895,0.000076998,-0.000027677,0.005225535,0.001075648
28.153654107,TRACKING,,0.001339292,1,-0.004990711,0.000075788,0.049972836,0.000000000,0.000000000,0.050000000,0.004990711,0.000075799,-0.000027072,0.004991360,0.001065169
28.163881639,TRACKING,,0.005794097,1,-0.004815062,0.000074854,0.049973697,0.000000000,0.000000000,0.050000000,0.004815062,0.000074865,-0.000026215,0.004815715,0.001050629
28.173638993,TRACKING,,0.002905360,1,-0.004815062,0.000074854,0.049973697,0.000000000,0.000000000,0.050000000,0.004815062,0.000074865,-0.000026215,0.004815715,0.001050629
28.184240529,TRACKING,,0.003348229,1,-0.005024439,0.000073760,0.049974773,0.000000000,0.000000000,0.050000000,0.005024440,0.000073772,-0.000025137,0.005025044,0.001032037
28.194041815,TRACKING,,0.001183753,1,-0.004865456,0.000072879,0.049975769,0.000000000,0.000000000,0.050000000,0.004865456,0.000072890,-0.000024146,0.004866062,0.001014633
28.204239664,TRACKING,,0.005582755,1,-0.004680346,0.000071852,0.049976956,0.000000000,0.000000000,0.050000000,0.004680346,0.000071863,-0.000022964,0.004680954,0.000993438
28.214095566,TRACKING,,0.003417093,1,-0.004878909,0.000070778,0.049978482,0.000000000,0.000000000,0.050000000,0.004878909,0.000070789,-0.000021437,0.004879470,0.000966340
28.225386932,TRACKING,,0.001078082,1,-0.004688654,0.000069724,0.049979710,0.000000000,0.000000000,0.050000000,0.004688655,0.000069734,-0.000020213,0.004689217,0.000943422
28.235097981,TRACKING,,0.003123826,1,-0.004688654,0.000069724,0.049979710,0.000000000,0.000000000,0.050000000,0.004688655,0.000069734,-0.000020213,0.004689217,0.000943422
28.245200845,TRACKING,,0.002280832,1,-0.004845366,0.000068582,0.049980807,0.000000000,0.000000000,0.050000000,0.004845366,0.000068592,-0.000019116,0.004845889,0.000921995
28.255211098,TRACKING,,0.005195691,1,-0.004666590,0.000067627,0.049981765,0.000000000,0.000000000,0.050000000,0.004666590,0.000067637,-0.000018163,0.004667116,0.000903021
28.265215414,TRACKING,,0.004038059,1,-0.004498840,0.000066734,0.049982772,0.000000000,0.000000000,0.050000000,0.004498840,0.000066744,-0.000017160,0.004499368,0.000883246
28.275872754,TRACKING,,0.000073614,1,-0.004662242,0.000065771,0.049983644,0.000000000,0.000000000,0.050000000,0.004662242,0.000065781,-0.000016286,0.004662734,0.000865273
28.285387896,TRACKING,,0.005124452,1,-0.004662242,0.000065771,0.049983644,0.000000000,0.000000000,0.050000000,0.004662242,0.000065781,-0.000016286,0.004662734,0.000865273
28.295994182,TRACKING,,0.000805000,1,-0.004464584,0.000064817,0.049984019,0.000000000,0.000000000,0.050000000,0.004464584,0.000064826,-0.000015915,0.004465083,0.000854895
28.306443741,TRACKING,,0.001829653,1,-0.004299287,0.000064015,0.049984472,0.000000000,0.000000000,0.050000000,0.004299287,0.000064023,-0.000015465,0.004299791,0.000844037
28.316128670,TRACKING,,0.004846619,1,-0.004461942,0.000063018,0.049985170,0.000000000,0.000000000,0.050000000,0.004461943,0.000063027,-0.000014766,0.004462412,0.000828513
28.326596039,TRACKING,,0.005181443,1,-0.004316701,0.000062288,0.049985882,0.000000000,0.000000000,0.050000000,0.004316701,0.000062296,-0.000014057,0.004317174,0.000813821
28.336751145,TRACKING,,0.002111046,1,-0.004137799,0.000061425,0.049986562,0.000000000,0.000000000,0.050000000,0.004137799,0.000061433,-0.000013381,0.004138276,0.000798795
28.346916936,TRACKING,,0.000027308,1,-0.004137799,0.000061425,0.049986562,0.000000000,0.000000000,0.050000000,0.004137799,0.000061433,-0.000013381,0.004138276,0.000798795
28.356836953,TRACKING,,0.004612719,1,-0.004235017,0.000060532,0.049987219,0.000000000,0.000000000,0.050000000,0.004235017,0.000060540,-0.000012724,0.004235469,0.000784093
28.368231615,TRACKING,,0.001744166,1,-0.004084987,0.000059774,0.049988063,0.000000000,0.000000000,0.050000000,0.004084987,0.000059783,-0.000011883,0.004085442,0.000766949
28.378245430,TRACKING,,0.003110765,1,-0.004108472,0.000058614,0.049988528,0.000000000,0.000000000,0.050000000,0.004108472,0.000058622,-0.000011419,0.004108906,0.000753481
28.391616972,TRACKING,,0.004294519,1,-0.003938927,0.000057826,0.049988932,0.000000000,0.000000000,0.050000000,0.003938927,0.000057833,-0.000011017,0.003939367,0.000743170
28.401337520,TRACKING,,0.000085486,1,-0.003978953,0.000056835,0.049989598,0.000000000,0.000000000,0.050000000,0.003978953,0.000056843,-0.000010352,0.003979372,0.000727577
28.411440384,TRACKING,,0.004160352,1,-0.003978953,0.000056835,0.049989598,0.000000000,0.000000000,0.050000000,0.003978953,0.000056843,-0.000010352,0.003979372,0.000727577
28.421439951,TRACKING,,0.000449993,1,-0.003810136,0.000056056,0.049989985,0.000000000,0.000000000,0.050000000,0.003810136,0.000056064,-0.000009968,0.003810562,0.000717376
28.431358780,TRACKING,,0.004985536,1,-0.003630510,0.000055204,0.049990685,0.000000000,0.000000000,0.050000000,0.003630510,0.000055211,-0.000009271,0.003630941,0.000701731
28.442151474,TRACKING,,0.002063554,1,-0.003685027,0.000054314,0.049991715,0.000000000,0.000000000,0.050000000,0.003685027,0.000054321,-0.000008242,0.003685437,0.000680620
28.452000252,TRACKING,,0.000236275,1,-0.003528206,0.000053520,0.049992689,0.000000000,0.000000000,0.050000000,0.003528206,0.000053527,-0.000007271,0.003528620,0.000660711
28.462109052,TRACKING,,0.004941605,1,-0.003528206,0.000053520,0.049992689,0.000000000,0.000000000,0.050000000,0.003528206,0.000053527,-0.000007271,0.003528620,0.000660711
28.473373110,TRACKING,,0.003028840,1,-0.003400609,0.000052843,0.049993751,0.000000000,0.000000000,0.050000000,0.003400609,0.000052850,-0.000006211,0.003401025,0.000639924
28.485058665,TRACKING,,0.007481272,1,-0.003419375,0.000051844,0.049995090,0.000000000,0.000000000,0.050000000,0.003419375,0.000051851,-0.000004874,0.003419772,0.000612358
28.495032111,TRACKING,,0.002705891,1,-0.003246826,0.000050876,0.049996834,0.000000000,0.000000000,0.050000000,0.003246826,0.000050882,-0.000003134,0.003247226,0.000578086
28.511362442,TRACKING,,0.008906050,1,-0.003246826,0.000050876,0.049996834,0.000000000,0.000000000,0.050000000,0.003246826,0.000050882,-0.000003134,0.003247226,0.000578086
28.521229029,TRACKING,,0.004457181,1,-0.003139796,0.000049292,0.049998608,0.000000000,0.000000000,0.050000000,0.003139796,0.000049298,-0.000001363,0.003140183,0.000537948
28.531215536,TRACKING,,0.003876584,1,-0.003012421,0.000048523,0.050000092,0.000000000,0.000000000,0.050000000,0.003012420,0.000048528,0.000000118,0.003012811,0.000508708
28.541373016,TRACKING,,0.002046931,1,-0.003054714,0.000047810,0.050001587,0.000000000,0.000000000,0.050000000,0.003054714,0.000047815,0.000001612,0.003055088,0.000479569
28.551531683,TRACKING,,0.001864085,1,-0.002934241,0.000047063,0.050003173,0.000000000,0.000000000,0.050000000,0.002934241,0.000047068,0.000003195,0.002934620,0.000448152
28.564517348,TRACKING,,0.002160913,1,-0.002934241,0.000047063,0.050003173,0.000000000,0.000000000,0.050000000,0.002934241,0.000047068,0.000003195,0.002934620,0.000448152
28.577685858,TRACKING,,0.005740668,1,-0.002820150,0.000046337,0.050004800,0.000000000,0.000000000,0.050000000,0.002820150,0.000046342,0.000004820,0.002820535,0.000415922
28.584238650,TRACKING,,0.001772661,1,-0.002818009,0.000045498,0.050006605,0.000000000,0.000000000,0.050000000,0.002818009,0.000045503,0.000006623,0.002818384,0.000379739
28.594183601,TRACKING,,0.004194783,1,-0.002670839,0.000044546,0.050008528,0.000000000,0.000000000,0.050000000,0.002670839,0.000044550,0.000008544,0.002671224,0.000340154
28.604298337,TRACKING,,0.003533449,1,-0.002666701,0.000043848,0.050009936,0.000000000,0.000000000,0.050000000,0.002666701,0.000043853,0.000009949,0.002667080,0.000311218
28.614986547,TRACKING,,0.000968849,1,-0.002555864,0.000043105,0.050011528,0.000000000,0.000000000,0.050000000,0.002555864,0.000043109,0.000011540,0.002556253,0.000278779
28.624647729,TRACKING,,0.004744510,1,-0.002555864,0.000043105,0.050011528,0.000000000,0.000000000,0.050000000,0.002555864,0.000043109,0.000011540,0.002556253,0.000278779
28.634752967,TRACKING,,0.001620685,1,-0.002437613,0.000042300,0.050013174,0.000000000,0.000000000,0.050000000,0.002437613,0.000042304,0.000013183,0.002438015,0.000244938
28.644653987,TRACKING,,0.001068584,1,-0.002408891,0.000041574,0.050014836,0.000000000,0.000000000,0.050000000,0.002408891,0.000041578,0.000014844,0.002409296,0.000212377
28.655141541,TRACKING,,0.006307017,1,-0.002408891,0.000041574,0.050014836,0.000000000,0.000000000,0.050000000,0.002408891,0.000041578,0.000014844,0.002409296,0.000212377
28.665037811,TRACKING,,0.002645338,1,-0.002282731,0.000040641,0.050017085,0.000000000,0.000000000,0.050000000,0.002282731,0.000040645,0.000017090,0.002283157,0.000170367
28.677280217,TRACKING,,0.003680677,1,-0.002220132,0.000039855,0.050018725,0.000000000,0.000000000,0.050000000,0.002220132,0.000039858,0.000018729,0.002220569,0.000140947
28.687242977,TRACKING,,0.001731105,1,-0.002128985,0.000039160,0.050020238,0.000000000,0.000000000,0.050000000,0.002128985,0.000039164,0.000020241,0.002129442,0.000117948
28.697235420,TRACKING,,0.001662241,1,-0.002053616,0.000038565,0.050021610,0.000000000,0.000000000,0.050000000,0.002053616,0.000038568,0.000021612,0.002054092,0.000102608
28.708453172,TRACKING,,0.005896206,1,-0.001990885,0.000037926,0.050023119,0.000000000,0.000000000,0.050000000,0.001990885,0.000037930,0.000023120,0.001991381,0.000094733
28.718218838,TRACKING,,0.000105671,1,-0.001886573,0.000037021,0.050025274,0.000000000,0.000000000,0.050000000,0.001886573,0.000037024,0.000025272,0.001887106,0.000104144
28.728327638,TRACKING,,0.002301017,1,-0.001886573,0.000037021,0.050025274,0.000000000,0.000000000,0.050000000,0.001886573,0.000037024,0.000025272,0.001887106,0.000104144
28.738574167,TRACKING,,0.006320077,1,-0.001802894,0.000036233,0.050027316,0.000000000,0.000000000,0.050000000,0.001802894,0.000036236,0.000027313,0.001803465,0.000130336
28.751314057,TRACKING,,0.008362260,1,-0.001802894,0.000036233,0.050027316,0.000000000,0.000000000,0.050000000,0.001802894,0.000036236,0.000027313,0.001803465,0.000130336
28.760004016,TRACKING,,0.000087861,1,-0.001653668,0.000034684,0.050016755,0.000000000,0.000000000,0.050000000,0.001653668,0.000034687,0.000016749,0.001654117,0.000207948
28.770195928,TRACKING,,0.003478833,1,-0.001653668,0.000034684,0.050016755,0.000000000,0.000000000,0.050000000,0.001653668,0.000034687,0.000016749,0.001654117,0.000207948
28.780311852,TRACKING,,0.002172787,1,-0.001603405,0.000034112,0.049972771,0.000000000,0.000000000,0.050000000,0.001603405,0.000034114,-0.000027235,0.001603999,0.000242156
28.790389782,TRACKING,,0.000592470,1,-0.001548993,0.000033468,0.049975450,0.000000000,0.000000000,0.050000000,0.001548992,0.000033470,-0.000024557,0.001549549,0.000279885
28.800274179,TRACKING,,0.000516482,1,-0.001499458,0.000032857,0.049979138,0.000000000,0.000000000,0.050000000,0.001499458,0.000032859,-0.000020870,0.001499963,0.000315787
28.811488370,TRACKING,,0.006406752,1,-0.001499458,0.000032857,0.049979138,0.000000000,0.000000000,0.050000000,0.001499458,0.000032859,-0.000020870,0.001499963,0.000315787
28.821135304,TRACKING,,0.003096518,1,-0.001441110,0.000032100,0.049914786,0.000000000,0.000000000,0.050000000,0.001441110,0.000032102,-0.000085222,0.001443984,0.000360680
28.831085004,TRACKING,,0.003057337,1,-0.001392177,0.000031435,0.049921214,0.000000000,0.000000000,0.050000000,0.001392177,0.000031437,-0.000078795,0.001394759,0.000396802
28.841380212,TRACKING,,0.001899704,1,-0.001357593,0.000030945,0.049827456,0.000000000,0.000000000,0.050000000,0.001357592,0.000030947,-0.000172554,0.001368864,0.000423201
28.851342973,TRACKING,,0.001918701,1,-0.001320410,0.000030402,0.049835837,0.000000000,0.000000000,0.050000000,0.001320409,0.000030404,-0.000164173,0.001330923,0.000451587
28.861951632,TRACKING,,0.004598471,1,-0.001320410,0.000030402,0.049835837,0.000000000,0.000000000,0.050000000,0.001320409,0.000030404,-0.000164173,0.001330923,0.000451587
28.871926266,TRACKING,,0.003726982,1,-0.001269816,0.000029632,0.049851892,0.000000000,0.000000000,0.050000000,0.001269814,0.000029634,-0.000148118,0.001278767,0.000489852
28.882255906,TRACKING,,0.003324482,1,-0.001236745,0.000029108,0.049739186,0.000000000,0.000000000,0.050000000,0.001236742,0.000029109,-0.000260824,0.001264282,0.000512578
28.891947959,TRACKING,,0.001535198,1,-0.001206161,0.000028608,0.049755559,0.000000000,0.000000000,0.050000000,0.001206159,0.000028610,-0.000244452,0.001231014,0.000532411
28.901878662,TRACKING,,0.002061179,1,-0.001171524,0.000028019,0.049625806,0.000000000,0.000000000,0.050000000,0.001171520,0.000028020,-0.000374205,0.001230152,0.000554085
28.913156967,TRACKING,,0.002187035,1,-0.001148168,0.000027614,0.049647072,0.000000000,0.000000000,0.050000000,0.001148165,0.000027615,-0.000352940,0.001201504,0.000565000
28.923147036,TRACKING,,0.001519763,1,-0.001148168,0.000027614,0.049647072,0.000000000,0.000000000,0.050000000,0.001148165,0.000027615,-0.000352940,0.001201504,0.000565000
28.933530105,TRACKING,,0.001851024,1,-0.001125703,0.000027216,0.049671144,0.000000000,0.000000000,0.050000000,0.001125699,0.000027217,-0.000328867,0.001173070,0.000573857
28.943374134,TRACKING,,0.000567536,1,-0.001095451,0.000026672,0.049531116,0.000000000,0.000000000,0.050000000,0.001095446,0.000026673,-0.000468895,0.001191880,0.000580172
28.953562484,TRACKING,,0.000200656,1,-0.001070666,0.000026212,0.049567446,0.000000000,0.000000000,0.050000000,0.001070662,0.000026213,-0.000432565,0.001155040,0.000585729
28.963738961,TRACKING,,0.001965007,1,-0.001052279,0.000025872,0.049599698,0.000000000,0.000000000,0.050000000,0.001052275,0.000025872,-0.000400312,0.001126144,0.000585358
28.973523624,TRACKING,,0.000786003,1,-0.001033762,0.000025514,0.049430352,0.000000000,0.000000000,0.050000000,0.001033757,0.000025514,-0.000569658,0.001180599,0.000586848
28.983858014,TRACKING,,0.000208967,1,-0.001017518,0.000025201,0.049466458,0.000000000,0.000000000,0.050000000,0.001017513,0.000025202,-0.000533552,0.001149193,0.000584549
28.993844521,TRACKING,,0.000459491,1,-0.001017518,0.000025201,0.049466458,0.000000000,0.000000000,0.050000000,0.001017513,0.000025202,-0.000533552,0.001149193,0.000584549
29.003847650,TRACKING,,0.004270772,1,-0.000994848,0.000024763,0.049524398,0.000000000,0.000000000,0.050000000,0.000994843,0.000024763,-0.000475612,0.001102966,0.000576977
29.013824658,TRACKING,,0.002162101,1,-0.000977601,0.000024425,0.049345211,0.000000000,0.000000000,0.050000000,0.000977594,0.000024426,-0.000654799,0.001176881,0.000568318
29.024669593,TRACKING,,0.000233902,1,-0.000963680,0.000024155,0.049390696,0.000000000,0.000000000,0.050000000,0.000963674,0.000024155,-0.000609314,0.001140401,0.000558427
29.034635916,TRACKING,,0.000795502,1,-0.000949066,0.000023869,0.049190853,0.000000000,0.000000000,0.050000000,0.000949059,0.000023869,-0.000809156,0.001247404,0.000546337
29.044636670,TRACKING,,0.006096863,1,-0.000949066,0.000023869,0.049190853,0.000000000,0.000000000,0.050000000,0.000949059,0.000023869,-0.000809156,0.001247404,0.000546337
29.054763280,TRACKING,,0.001208687,1,-0.000935318,0.000023611,0.049250175,0.000000000,0.000000000,0.050000000,0.000935311,0.000023611,-0.000749833,0.001199006,0.000528177
29.064815089,TRACKING,,0.003787535,1,-0.000917808,0.000023311,0.049344111,0.000000000,0.000000000,0.050000000,0.000917803,0.000023311,-0.000655896,0.001128320,0.000490376
29.075005814,TRACKING,,0.002872115,1,-0.000905719,0.000023099,0.049138965,0.000000000,0.000000000,0.050000000,0.000905712,0.000023100,-0.000861042,0.001249896,0.000463104
29.085310521,TRACKING,,0.006304642,1,-0.000905719,0.000023099,0.049138965,0.000000000,0.000000000,0.050000000,0.000905712,0.000023100,-0.000861042,0.001249896,0.000463104
29.095205604,TRACKING,,0.003463398,1,-0.000891505,0.000022856,0.049230970,0.000000000,0.000000000,0.050000000,0.000891499,0.000022856,-0.000769036,0.001177587,0.000426885
29.105339338,TRACKING,,0.002215529,1,-0.000880272,0.000022675,0.049314635,0.000000000,0.000000000,0.050000000,0.000880267,0.000022675,-0.000685371,0.001115848,0.000391256
29.115399458,TRACKING,,0.001051961,1,-0.000868704,0.000022481,0.049105191,0.000000000,0.000000000,0.050000000,0.000868699,0.000022481,-0.000894814,0.001247331,0.000356348
29.125659047,TRACKING,,0.004369320,1,-0.000858138,0.000022297,0.049188562,0.000000000,0.000000000,0.050000000,0.000858133,0.000022298,-0.000811442,0.001181240,0.000325744
29.135484079,TRACKING,,0.002660773,1,-0.000845795,0.000022077,0.048972163,0.000000000,0.000000000,0.050000000,0.000845790,0.000022077,-0.001027841,0.001331280,0.000290810
29.145673616,TRACKING,,0.002139542,1,-0.000836297,0.000021917,0.049061242,0.000000000,0.000000000,0.050000000,0.000836293,0.000021917,-0.000938761,0.001257433,0.000258774
29.161018475,TRACKING,,0.000036807,1,-0.000824724,0.000021712,0.049172781,0.000000000,0.000000000,0.050000000,0.000824721,0.000021712,-0.000827222,0.001168303,0.000222541
29.171053662,TRACKING,,0.003446775,1,-0.000815147,0.000021534,0.048925170,0.000000000,0.000000000,0.050000000,0.000815144,0.000021534,-0.001074832,0.001349143,0.000195088
29.181003362,TRACKING,,0.003773287,1,-0.000815147,0.000021534,0.048925170,0.000000000,0.000000000,0.050000000,0.000815144,0.000021534,-0.001074832,0.001349143,0.000195088
29.191163216,TRACKING,,0.000948665,1,-0.000801950,0.000021305,0.049070076,0.000000000,0.000000000,0.050000000,0.000801948,0.000021305,-0.000929926,0.001228144,0.000150290
29.201286264,TRACKING,,0.005900956,1,-0.000792326,0.000021131,0.049180240,0.000000000,0.000000000,0.050000000,0.000792325,0.000021132,-0.000819761,0.001140278,0.000121399
29.211405750,TRACKING,,0.003096518,1,-0.000781694,0.000020936,0.048942483,0.000000000,0.000000000,0.050000000,0.000781693,0.000020936,-0.001057517,0.001315228,0.000094183
29.222213879,TRACKING,,0.003385035,1,-0.000773733,0.000020785,0.049039550,0.000000000,0.000000000,0.050000000,0.000773733,0.000020785,-0.000960451,0.001233515,0.000079503
29.232054345,TRACKING,,0.001421217,1,-0.000764292,0.000020600,0.049155992,0.000000000,0.000000000,0.050000000,0.000764292,0.000020600,-0.000844008,0.001138822,0.000072219
29.242053913,TRACKING,,0.001295361,1,-0.000756225,0.000020427,0.048871726,0.000000000,0.000000000,0.050000000,0.000756225,0.000020427,-0.001128274,0.001358417,0.000073876
29.252114033,TRACKING,,0.000577035,1,-0.000748098,0.000020258,0.048975592,0.000000000,0.000000000,0.050000000,0.000748099,0.000020259,-0.001024407,0.001268650,0.000081950
29.262901977,TRACKING,,0.000863178,1,-0.000740490,0.000020097,0.049073982,0.000000000,0.000000000,0.050000000,0.000740491,0.000020097,-0.000926018,0.001185850,0.000093142
29.272819619,TRACKING,,0.002906548,1,-0.000740490,0.000020097,0.049073982,0.000000000,0.000000000,0.050000000,0.000740491,0.000020097,-0.000926018,0.001185850,0.000093142
29.282732512,TRACKING,,0.002625154,1,-0.000730445,0.000019884,0.048804018,0.000000000,0.000000000,0.050000000,0.000730447,0.000019884,-0.001195981,0.001401541,0.000112155
29.292793820,TRACKING,,0.000921356,1,-0.000722628,0.000019710,0.048904704,0.000000000,0.000000000,0.050000000,0.000722630,0.000019710,-0.001095294,0.001312346,0.000126055
29.302800511,TRACKING,,0.001257367,1,-0.000714139,0.000019524,0.049018648,0.000000000,0.000000000,0.050000000,0.000714141,0.000019524,-0.000981351,0.001213848,0.000143654
29.313047039,TRACKING,,0.006402002,1,-0.000714139,0.000019524,0.049018648,0.000000000,0.000000000,0.050000000,0.000714141,0.000019524,-0.000981351,0.001213848,0.000143654
29.323065603,TRACKING,,0.002610906,1,-0.000702040,0.000019239,0.048757891,0.000000000,0.000000000,0.050000000,0.000702043,0.000019239,-0.001242108,0.001426908,0.000162222
29.333153032,TRACKING,,0.004727889,1,-0.000692286,0.000019013,0.048886241,0.000000000,0.000000000,0.050000000,0.000692290,0.000019014,-0.001113756,0.001311518,0.000179255
29.343386500,TRACKING,,0.004603220,1,-0.000682942,0.000018786,0.048573617,0.000000000,0.000000000,0.050000000,0.000682946,0.000018786,-0.001426380,0.001581559,0.000191465
29.353448995,TRACKING,,0.002113421,1,-0.000674511,0.000018578,0.048688272,0.000000000,0.000000000,0.050000000,0.000674515,0.000018578,-0.001311726,0.001475107,0.000201952
29.363377323,TRACKING,,0.005865336,1,-0.000674511,0.000018578,0.048688272,0.000000000,0.000000000,0.050000000,0.000674515,0.000018578,-0.001311726,0.001475107,0.000201952
29.373397074,TRACKING,,0.008516610,1,-0.000664765,0.000018368,0.048838901,0.000000000,0.000000000,0.050000000,0.000664769,0.000018368,-0.001161096,0.001338058,0.000226889
29.383515373,TRACKING,,0.000230339,1,-0.000656109,0.000018184,0.048509849,0.000000000,0.000000000,0.050000000,0.000656116,0.000018184,-0.001490148,0.001628300,0.000249888
29.393706098,TRACKING,,0.005063899,1,-0.000648286,0.000017984,0.048624468,0.000000000,0.000000000,0.050000000,0.000648292,0.000017984,-0.001375530,0.001520753,0.000257527
29.403710414,TRACKING,,0.009319236,1,-0.000648286,0.000017984,0.048624468,0.000000000,0.000000000,0.050000000,0.000648292,0.000017984,-0.001375530,0.001520753,0.000257527
29.413753912,TRACKING,,0.003307859,1,-0.000637763,0.000017720,0.048328294,0.000000000,0.000000000,0.050000000,0.000637771,0.000017720,-0.001671703,0.001789317,0.000270020
29.423970757,TRACKING,,0.007635622,1,-0.000630348,0.000017545,0.048451146,0.000000000,0.000000000,0.050000000,0.000630356,0.000017545,-0.001548851,0.001672303,0.000283857
29.433863466,TRACKING,,0.004243464,1,-0.000622023,0.000017343,0.048592193,0.000000000,0.000000000,0.050000000,0.000622030,0.000017344,-0.001407804,0.001539199,0.000297472
29.444017384,TRACKING,,0.003018155,1,-0.000622023,0.000017343,0.048592193,0.000000000,0.000000000,0.050000000,0.000622030,0.000017344,-0.001407804,0.001539199,0.000297472
29.453978957,TRACKING,,0.000155538,1,-0.000611996,0.000017090,0.048274084,0.000000000,0.000000000,0.050000000,0.000612005,0.000017091,-0.001725912,0.001831288,0.000309338
29.463989210,TRACKING,,0.003338730,1,-0.000602521,0.000016846,0.048431687,0.000000000,0.000000000,0.050000000,0.000602529,0.000016846,-0.001568310,0.001680155,0.000317891
29.474024397,TRACKING,,0.002880426,1,-0.000596013,0.000016681,0.048044869,0.000000000,0.000000000,0.050000000,0.000596024,0.000016682,-0.001955128,0.002044028,0.000325521
29.484453772,TRACKING,,0.002026747,1,-0.000596013,0.000016681,0.048044869,0.000000000,0.000000000,0.050000000,0.000596024,0.000016682,-0.001955128,0.002044028,0.000325521
29.494380913,TRACKING,,0.001398657,1,-0.000587219,0.000016507,0.048232243,0.000000000,0.000000000,0.050000000,0.000587230,0.000016507,-0.001767754,0.001862811,0.000356403
29.504444595,TRACKING,,0.006228654,1,-0.000581095,0.000016361,0.048356234,0.000000000,0.000000000,0.050000000,0.000581105,0.000016362,-0.001643762,0.001743532,0.000368382
29.514602075,TRACKING,,0.003068022,1,-0.000573659,0.000016187,0.047993110,0.000000000,0.000000000,0.050000000,0.000573672,0.000016187,-0.002006886,0.002087332,0.000383718
29.525137121,TRACKING,,0.002569349,1,-0.000567757,0.000016046,0.048117633,0.000000000,0.000000000,0.050000000,0.000567769,0.000016046,-0.001882363,0.001966192,0.000395088
29.536759747,TRACKING,,0.005344105,1,-0.000567757,0.000016046,0.048117633,0.000000000,0.000000000,0.050000000,0.000567769,0.000016046,-0.001882363,0.001966192,0.000395088
29.545116070,TRACKING,,0.004269584,1,-0.000560710,0.000015871,0.047736801,0.000000000,0.000000000,0.050000000,0.000560726,0.000015872,-0.002263195,0.002331677,0.000405734
29.555182127,TRACKING,,0.003168944,1,-0.000554862,0.000015717,0.047856365,0.000000000,0.000000000,0.050000000,0.000554878,0.000015717,-0.002143631,0.002214337,0.000410736
29.565558073,TRACKING,,0.007806596,1,-0.000549188,0.000015597,0.047993074,0.000000000,0.000000000,0.050000000,0.000549203,0.000015598,-0.002006922,0.002080770,0.000428557
29.575305929,TRACKING,,0.004458368,1,-0.000542653,0.000015447,0.047591223,0.000000000,0.000000000,0.050000000,0.000542672,0.000015447,-0.002408773,0.002469194,0.000443685
29.586267221,TRACKING,,0.007839841,1,-0.000542653,0.000015447,0.047591223,0.000000000,0.000000000,0.050000000,0.000542672,0.000015447,-0.002408773,0.002469194,0.000443685
29.596351087,TRACKING,,0.005335794,1,-0.000535752,0.000015294,0.047760157,0.000000000,0.000000000,0.050000000,0.000535770,0.000015295,-0.002239839,0.002303077,0.000462786
29.606487196,TRACKING,,0.005827342,1,-0.000528097,0.000015145,0.047415147,0.000000000,0.000000000,0.050000000,0.000528119,0.000015146,-0.002584848,0.002638291,0.000492817
29.616617367,TRACKING,,0.000376379,1,-0.000520702,0.000014984,0.047609250,0.000000000,0.000000000,0.050000000,0.000520723,0.000014984,-0.002390745,0.002446843,0.000512448
29.626405592,TRACKING,,0.002316452,1,-0.000520702,0.000014984,0.047609250,0.000000000,0.000000000,0.050000000,0.000520723,0.000014984,-0.002390745,0.002446843,0.000512448
29.636463338,TRACKING,,0.006399628,1,-0.000514313,0.000014861,0.047798289,0.000000000,0.000000000,0.050000000,0.000514334,0.000014862,-0.002201707,0.002261033,0.000539615
29.646529394,TRACKING,,0.003160633,1,-0.000508100,0.000014718,0.047411675,0.000000000,0.000000000,0.050000000,0.000508125,0.000014719,-0.002588320,0.002637766,0.000555544
29.656772361,TRACKING,,0.002646525,1,-0.000503326,0.000014619,0.047554207,0.000000000,0.000000000,0.050000000,0.000503350,0.000014620,-0.002445788,0.002497089,0.000573001
29.666761242,TRACKING,,0.000192345,1,-0.000497775,0.000014494,0.047138370,0.000000000,0.000000000,0.050000000,0.000497804,0.000014495,-0.002861625,0.002904637,0.000589148
29.676700256,TRACKING,,0.004699393,1,-0.000497775,0.000014494,0.047138370,0.000000000,0.000000000,0.050000000,0.000497804,0.000014495,-0.002861625,0.002904637,0.000589148
29.686876733,TRACKING,,0.004717203,1,-0.000493040,0.000014393,0.047284706,0.000000000,0.000000000,0.050000000,0.000493069,0.000014394,-0.002715289,0.002759731,0.000605059
29.697147008,TRACKING,,0.002882801,1,-0.000488504,0.000014330,0.047454019,0.000000000,0.000000000,0.050000000,0.000488532,0.000014331,-0.002545975,0.002592462,0.000636100
29.707108580,TRACKING,,0.002481489,1,-0.000484364,0.000014255,0.047596552,0.000000000,0.000000000,0.050000000,0.000484391,0.000014256,-0.002403442,0.002451810,0.000656864
29.717036909,TRACKING,,0.000644712,1,-0.000479475,0.000014153,0.047164414,0.000000000,0.000000000,0.050000000,0.000479508,0.000014154,-0.002835580,0.002875873,0.000674765
29.727226446,TRACKING,,0.005532888,1,-0.000474260,0.000014032,0.047320673,0.000000000,0.000000000,0.050000000,0.000474292,0.000014033,-0.002679321,0.002721013,0.000687598
29.737140526,TRACKING,,0.003883707,1,-0.000468774,0.000013899,0.046883094,0.000000000,0.000000000,0.050000000,0.000468812,0.000013901,-0.003116900,0.003151991,0.000696934
29.747421487,TRACKING,,0.001640869,1,-0.000463647,0.000013790,0.047047660,0.000000000,0.000000000,0.050000000,0.000463683,0.000013791,-0.002952334,0.002988556,0.000712481
29.757289262,TRACKING,,0.004637653,1,-0.000463647,0.000013790,0.047047660,0.000000000,0.000000000,0.050000000,0.000463683,0.000013791,-0.002952334,0.002988556,0.000712481
29.767367192,TRACKING,,0.004351510,1,-0.000457819,0.000013649,0.047225493,0.000000000,0.000000000,0.050000000,0.000457854,0.000013650,-0.002774502,0.002812059,0.000722924
29.779427937,TRACKING,,0.003624873,1,-0.000452964,0.000013536,0.046744556,0.000000000,0.000000000,0.050000000,0.000453006,0.000013538,-0.003255438,0.003286833,0.000734004
29.789355078,TRACKING,,0.006488677,1,-0.000447045,0.000013396,0.046930838,0.000000000,0.000000000,0.050000000,0.000447085,0.000013398,-0.003069156,0.003101578,0.000746429
29.799266784,TRACKING,,0.000512921,1,-0.000439814,0.000013206,0.047148938,0.000000000,0.000000000,0.050000000,0.000439851,0.000013207,-0.002851056,0.002884816,0.000752672
29.809153556,TRACKING,,0.004980786,1,-0.000439814,0.000013206,0.047148938,0.000000000,0.000000000,0.050000000,0.000439851,0.000013207,-0.002851056,0.002884816,0.000752672
29.819451139,TRACKING,,0.003934762,1,-0.000434512,0.000013052,0.046709085,0.000000000,0.000000000,0.050000000,0.000434555,0.000013053,-0.003290909,0.003319502,0.000751304
29.829467328,TRACKING,,0.003382661,1,-0.000429286,0.000012909,0.046862214,0.000000000,0.000000000,0.050000000,0.000429327,0.000012910,-0.003137780,0.003167042,0.000753809
29.839573754,TRACKING,,0.003329231,1,-0.000422346,0.000012710,0.046438859,0.000000000,0.000000000,0.050000000,0.000422393,0.000012711,-0.003561135,0.003586120,0.000752903
29.851180945,TRACKING,,0.001601688,1,-0.000422346,0.000012710,0.046438859,0.000000000,0.000000000,0.050000000,0.000422393,0.000012711,-0.003561135,0.003586120,0.000752903
29.861171014,TRACKING,,0.004885801,1,-0.000416767,0.000012562,0.046617197,0.000000000,0.000000000,0.050000000,0.000416811,0.000012564,-0.003382797,0.003408402,0.000757715
29.871132587,TRACKING,,0.002555102,1,-0.000411519,0.000012459,0.046822604,0.000000000,0.000000000,0.050000000,0.000411562,0.000012461,-0.003177391,0.003203958,0.000778247
29.882313532,TRACKING,,0.005908079,1,-0.000407223,0.000012353,0.046343739,0.000000000,0.000000000,0.050000000,0.000407273,0.000012354,-0.003656255,0.003678889,0.000785493
29.892112443,TRACKING,,0.003566694,1,-0.000401225,0.000012194,0.046551025,0.000000000,0.000000000,0.050000000,0.000401272,0.000012196,-0.003448970,0.003472256,0.000791148
29.902337600,TRACKING,,0.000719513,1,-0.000396409,0.000012081,0.046097773,0.000000000,0.000000000,0.050000000,0.000396463,0.000012082,-0.003902222,0.003922329,0.000801898
29.912327668,TRACKING,,0.004618655,1,-0.000396409,0.000012081,0.046097773,0.000000000,0.000000000,0.050000000,0.000396463,0.000012082,-0.003902222,0.003922329,0.000801898
29.922928017,TRACKING,,0.001136261,1,-0.000392114,0.000011974,0.046270855,0.000000000,0.000000000,0.050000000,0.000392167,0.000011976,-0.003729140,0.003749723,0.000812378
29.932508461,TRACKING,,0.006265461,1,-0.000388177,0.000011912,0.046469149,0.000000000,0.000000000,0.050000000,0.000388229,0.000011914,-0.003530845,0.003552145,0.000838089
29.942597077,TRACKING,,0.003976318,1,-0.000383763,0.000011810,0.046019230,0.000000000,0.000000000,0.050000000,0.000383822,0.000011812,-0.003980764,0.003999242,0.000852349
29.952702315,TRACKING,,0.001059085,1,-0.000379518,0.000011731,0.046220204,0.000000000,0.000000000,0.050000000,0.000379575,0.000011734,-0.003779791,0.003798820,0.000871823
29.962814677,TRACKING,,0.001194438,1,-0.000375998,0.000011649,0.046371910,0.000000000,0.000000000,0.050000000,0.000376054,0.000011651,-0.003628084,0.003647540,0.000880614
29.975630555,TRACKING,,0.000173348,1,-0.000371904,0.000011539,0.045885890,0.000000000,0.000000000,0.050000000,0.000371967,0.000011542,-0.004114104,0.004130901,0.000884821
29.985789222,TRACKING,,0.005300175,1,-0.000371904,0.000011539,0.045885890,0.000000000,0.000000000,0.050000000,0.000371967,0.000011542,-0.004114104,0.004130901,0.000884821
29.996049999,TRACKING,,0.001332168,1,-0.000367262,0.000011430,0.046089754,0.000000000,0.000000000,0.050000000,0.000367323,0.000011432,-0.003910240,0.003927472,0.000896008
30.005548519,TRACKING,,0.000485612,1,-0.000362733,0.000011335,0.045653451,0.000000000,0.000000000,0.050000000,0.000362802,0.000011338,-0.004346543,0.004361673,0.000912812
30.016319840,TRACKING,,0.002845994,1,-0.000358614,0.000011249,0.045854555,0.000000000,0.000000000,0.050000000,0.000358681,0.000011252,-0.004145439,0.004160943,0.000928174
30.026144872,TRACKING,,0.003921701,1,-0.000358614,0.000011249,0.045854555,0.000000000,0.000000000,0.050000000,0.000358681,0.000011252,-0.004145439,0.004160943,0.000928174
30.037160781,TRACKING,,0.002983723,1,-0.000354451,0.000011196,0.046097730,0.000000000,0.000000000,0.050000000,0.000354517,0.000011199,-0.003902264,0.003918351,0.000958962
30.047256520,TRACKING,,0.004890551,1,-0.000349718,0.000011096,0.045677551,0.000000000,0.000000000,0.050000000,0.000349791,0.000011099,-0.004322443,0.004336587,0.000976579
30.057191972,TRACKING,,0.001498392,1,-0.000345646,0.000011015,0.045893613,0.000000000,0.000000000,0.050000000,0.000345717,0.000011019,-0.004106381,0.004120923,0.000994715
30.070263123,TRACKING,,0.000926105,1,-0.000345646,0.000011015,0.045893613,0.000000000,0.000000000,0.050000000,0.000345717,0.000011019,-0.004106381,0.004120923,0.000994715
30.080249630,TRACKING,,0.001149321,1,-0.000341087,0.000010897,0.045449130,0.000000000,0.000000000,0.050000000,0.000341166,0.000010901,-0.004550864,0.004563647,0.001002668
30.090181520,TRACKING,,0.000293267,1,-0.000336291,0.000010795,0.045704461,0.000000000,0.000000000,0.050000000,0.000336367,0.000010799,-0.004295533,0.004308696,0.001020527
30.100219081,TRACKING,,0.004619843,1,-0.000332783,0.000010705,0.045879204,0.000000000,0.000000000,0.050000000,0.000332857,0.000010708,-0.004120790,0.004134226,0.001027353
30.110238832,TRACKING,,0.003529888,1,-0.000328992,0.000010604,0.045399658,0.000000000,0.000000000,0.050000000,0.000329075,0.000010608,-0.004600336,0.004612103,0.001033018
30.120415309,TRACKING,,0.003723420,1,-0.000328992,0.000010604,0.045399658,0.000000000,0.000000000,0.050000000,0.000329075,0.000010608,-0.004600336,0.004612103,0.001033018
30.130880303,TRACKING,,0.000029683,1,-0.000323736,0.000010465,0.045666292,0.000000000,0.000000000,0.050000000,0.000323814,0.000010469,-0.004333702,0.004345795,0.001041891
30.140793196,TRACKING,,0.002467240,1,-0.000319633,0.000010338,0.045190129,0.000000000,0.000000000,0.050000000,0.000319720,0.000010342,-0.004809865,0.004820491,0.001039717
30.150727461,TRACKING,,0.002819873,1,-0.000316044,0.000010251,0.045394164,0.000000000,0.000000000,0.050000000,0.000316129,0.000010256,-0.004605830,0.004616678,0.001049708
30.162882005,TRACKING,,0.008168727,1,-0.000316044,0.000010251,0.045394164,0.000000000,0.000000000,0.050000000,0.000316129,0.000010256,-0.004605830,0.004616678,0.001049708
30.171075666,TRACKING,,0.002400750,1,-0.000312516,0.000010153,0.045581000,0.000000000,0.000000000,0.050000000,0.000312597,0.000010157,-0.004418994,0.004430048,0.001053377
30.181133411,TRACKING,,0.002106297,1,-0.000308364,0.000010047,0.045149445,0.000000000,0.000000000,0.050000000,0.000308454,0.000010052,-0.004850549,0.004860357,0.001061841
30.192669364,TRACKING,,0.006772445,1,-0.000305167,0.000009959,0.045324506,0.000000000,0.000000000,0.050000000,0.000305254,0.000009964,-0.004675488,0.004685453,0.001065639
30.202205878,TRACKING,,0.003428965,1,-0.000301110,0.000009843,0.045544853,0.000000000,0.000000000,0.050000000,0.000301193,0.000009847,-0.004455142,0.004465322,0.001067964
30.213259780,TRACKING,,0.002074239,1,-0.000301110,0.000009843,0.045544853,0.000000000,0.000000000,0.050000000,0.000301193,0.000009847,-0.004455142,0.004465322,0.001067964
30.223138241,TRACKING,,0.004764695,1,-0.000297366,0.000009730,0.045074229,0.000000000,0.000000000,0.050000000,0.000297458,0.000009735,-0.004925766,0.004934749,0.001067715
30.233466695,TRACKING,,0.004425123,1,-0.000292994,0.000009579,0.045274135,0.000000000,0.000000000,0.050000000,0.000293081,0.000009583,-0.004725860,0.004734949,0.001057802
30.243360590,TRACKING,,0.002042181,1,-0.000289692,0.000009463,0.044761364,0.000000000,0.000000000,0.050000000,0.000289788,0.000009468,-0.005238631,0.005246648,0.001049963
30.253375593,TRACKING,,0.000767006,1,-0.000285727,0.000009346,0.044976684,0.000000000,0.000000000,0.050000000,0.000285819,0.000009350,-0.005023310,0.005031444,0.001049488
30.266052555,TRACKING,,0.007312673,1,-0.000282374,0.000009240,0.045154605,0.000000000,0.000000000,0.050000000,0.000282463,0.000009244,-0.004845390,0.004853625,0.001046355
30.276056871,TRACKING,,0.008002504,1,-0.000282374,0.000009240,0.045154605,0.000000000,0.000000000,0.050000000,0.000282463,0.000009244,-0.004845390,0.004853625,0.001046355
30.286154985,TRACKING,,0.000503421,1,-0.000276753,0.000009069,0.044776321,0.000000000,0.000000000,0.050000000,0.000276848,0.000009074,-0.005223674,0.005231013,0.001042654
30.296268535,TRACKING,,0.000033244,1,-0.000272338,0.000008901,0.044969097,0.000000000,0.000000000,0.050000000,0.000272428,0.000008905,-0.005030898,0.005038276,0.001024749
30.307986146,TRACKING,,0.003840965,1,-0.000268682,0.000008759,0.044479889,0.000000000,0.000000000,0.050000000,0.000268779,0.000008764,-0.005520106,0.005526653,0.001008744
30.317145094,TRACKING,,0.004928545,1,-0.000266140,0.000008693,0.044643265,0.000000000,0.000000000,0.050000000,0.000266234,0.000008697,-0.005356731,0.005363350,0.001011366
30.327416556,TRACKING,,0.003186753,1,-0.000262413,0.000008553,0.044823886,0.000000000,0.000000000,0.050000000,0.000262503,0.000008558,-0.005176109,0.005182768,0.000997257
30.337481426,TRACKING,,0.000899985,1,-0.000258827,0.000008427,0.044347369,0.000000000,0.000000000,0.050000000,0.000258924,0.000008432,-0.005652627,0.005658560,0.000987012
30.347617534,TRACKING,,0.005436715,1,-0.000258827,0.000008427,0.044347369,0.000000000,0.000000000,0.050000000,0.000258924,0.000008432,-0.005652627,0.005658560,0.000987012
30.358017226,TRACKING,,0.003564320,1,-0.000255881,0.000008327,0.044510630,0.000000000,0.000000000,0.050000000,0.000255974,0.000008331,-0.005489365,0.005495337,0.000979861
30.367799514,TRACKING,,0.000756320,1,-0.000253022,0.000008263,0.044728835,0.000000000,0.000000000,0.050000000,0.000253113,0.000008268,-0.005271160,0.005277240,0.000987750
30.377863196,TRACKING,,0.005557822,1,-0.000250217,0.000008180,0.044249581,0.000000000,0.000000000,0.050000000,0.000250316,0.000008185,-0.005750415,0.005755866,0.000986524
30.388076480,TRACKING,,0.003229497,1,-0.000247773,0.000008134,0.044454039,0.000000000,0.000000000,0.050000000,0.000247870,0.000008139,-0.005545957,0.005551499,0.000997236
30.397930007,TRACKING,,0.002080176,1,-0.000245368,0.000008074,0.044633281,0.000000000,0.000000000,0.050000000,0.000245462,0.000008079,-0.005366715,0.005372332,0.001001546
30.411075959,TRACKING,,0.001949571,1,-0.000242507,0.000007987,0.044162905,0.000000000,0.000000000,0.050000000,0.000242608,0.000007992,-0.005837091,0.005842136,0.000999785
30.422363763,TRACKING,,0.006701206,1,-0.000242507,0.000007987,0.044162905,0.000000000,0.000000000,0.050000000,0.000242608,0.000007992,-0.005837091,0.005842136,0.000999785
30.432553300,TRACKING,,0.003516827,1,-0.000239204,0.000007899,0.044406364,0.000000000,0.000000000,0.050000000,0.000239301,0.000007904,-0.005593632,0.005598754,0.001002948
30.445315749,TRACKING,,0.004878677,1,-0.000237280,0.000007873,0.043945424,0.000000000,0.000000000,0.050000000,0.000237387,0.000007879,-0.006054572,0.006059229,0.001016536
30.455292757,TRACKING,,0.000041556,1,-0.000235452,0.000007878,0.044176457,0.000000000,0.000000000,0.050000000,0.000235557,0.000007884,-0.005823538,0.005828306,0.001040358
30.465957221,TRACKING,,0.004507048,1,-0.000233339,0.000007858,0.044401459,0.000000000,0.000000000,0.050000000,0.000233442,0.000007864,-0.005598537,0.005603407,0.001056867
30.475494922,TRACKING,,0.001741791,1,-0.000231016,0.000007816,0.043964629,0.000000000,0.000000000,0.050000000,0.000231128,0.000007822,-0.006035366,0.006039796,0.001066340
30.485714142,TRACKING,,0.000445243,1,-0.000228966,0.000007784,0.044166859,0.000000000,0.000000000,0.050000000,0.000229075,0.000007790,-0.005833136,0.005837638,0.001077733
30.495945236,TRACKING,,0.004226842,1,-0.000228966,0.000007784,0.044166859,0.000000000,0.000000000,0.050000000,0.000229075,0.000007790,-0.005833136,0.005837638,0.001077733
30.505666971,TRACKING,,0.000891673,1,-0.000227022,0.000007766,0.044384993,0.000000000,0.000000000,0.050000000,0.000227129,0.000007772,-0.005615003,0.005619600,0.001094562
30.515635668,TRACKING,,0.000267146,1,-0.000224453,0.000007701,0.043942619,0.000000000,0.000000000,0.050000000,0.000224569,0.000007707,-0.006057376,0.006061542,0.001098454
30.525647108,TRACKING,,0.004790816,1,-0.000222161,0.000007637,0.044122371,0.000000000,0.000000000,0.050000000,0.000222273,0.000007643,-0.005877625,0.005881831,0.001099775
30.535653799,TRACKING,,0.004396627,1,-0.000219898,0.000007571,0.044297892,0.000000000,0.000000000,0.050000000,0.000220008,0.000007577,-0.005702104,0.005706352,0.001099903
30.545829088,TRACKING,,0.005068648,1,-0.000219898,0.000007571,0.044297892,0.000000000,0.000000000,0.050000000,0.000220008,0.000007577,-0.005702104,0.005706352,0.001099903
30.555996066,TRACKING,,0.000812123,1,-0.000216450,0.000007453,0.043903244,0.000000000,0.000000000,0.050000000,0.000216566,0.000007459,-0.006096752,0.006100602,0.001092101
30.566208163,TRACKING,,0.002404313,1,-0.000213974,0.000007384,0.044101140,0.000000000,0.000000000,0.050000000,0.000214086,0.000007390,-0.005898856,0.005902744,0.001093393
30.576169735,TRACKING,,0.006188286,1,-0.000211454,0.000007306,0.043659670,0.000000000,0.000000000,0.050000000,0.000211574,0.000007312,-0.006340326,0.006343859,0.001091125
30.586342650,TRACKING,,0.003254431,1,-0.000208519,0.000007210,0.043875817,0.000000000,0.000000000,0.050000000,0.000208634,0.000007216,-0.006124179,0.006127736,0.001086273
30.596474009,TRACKING,,0.005069835,1,-0.000208519,0.000007210,0.043875817,0.000000000,0.000000000,0.050000000,0.000208634,0.000007216,-0.006124179,0.006127736,0.001086273
30.609561782,TRACKING,,0.003183191,1,-0.000205957,0.000007145,0.044107881,0.000000000,0.000000000,0.050000000,0.000206069,0.000007151,-0.005892115,0.005895722,0.001089792
30.619180221,TRACKING,,0.004758759,1,-0.000203000,0.000007082,0.043773907,0.000000000,0.000000000,0.050000000,0.000203120,0.000007088,-0.006226090,0.006229406,0.001099235
30.629220157,TRACKING,,0.002766444,1,-0.000200630,0.000007008,0.043971064,0.000000000,0.000000000,0.050000000,0.000200745,0.000007014,-0.006028932,0.006032277,0.001097421
30.639479746,TRACKING,,0.000243400,1,-0.000198641,0.000006968,0.043585630,0.000000000,0.000000000,0.050000000,0.000198765,0.000006974,-0.006414367,0.006417449,0.001105769
30.653187297,TRACKING,,0.000674395,1,-0.000198641,0.000006968,0.043585630,0.000000000,0.000000000,0.050000000,0.000198765,0.000006974,-0.006414367,0.006417449,0.001105769
30.663186864,TRACKING,,0.003186754,1,-0.000196706,0.000006929,0.043811267,0.000000000,0.000000000,0.050000000,0.000196826,0.000006936,-0.006188729,0.006191862,0.001114238
30.673402523,TRACKING,,0.001858148,1,-0.000196004,0.000006987,0.044073532,0.000000000,0.000000000,0.050000000,0.000196123,0.000006993,-0.005926464,0.005929712,0.001149458
30.683308292,TRACKING,,0.000144852,1,-0.000194926,0.000006994,0.043671160,0.000000000,0.000000000,0.050000000,0.000195055,0.000007001,-0.006328836,0.006331845,0.001167889
30.693386221,TRACKING,,0.000593657,1,-0.000193620,0.000006982,0.043869896,0.000000000,0.000000000,0.050000000,0.000193746,0.000006989,-0.006130100,0.006133165,0.001181157
30.703733671,TRACKING,,0.000464241,1,-0.000193620,0.000006982,0.043869896,0.000000000,0.000000000,0.050000000,0.000193746,0.000006989,-0.006130100,0.006133165,0.001181157
30.714310273,TRACKING,,0.000045118,1,-0.000191818,0.000006955,0.043524113,0.000000000,0.000000000,0.050000000,0.000191953,0.000006963,-0.006475883,0.006478731,0.001195080
30.725484095,TRACKING,,0.005616000,1,-0.000190238,0.000006929,0.043738767,0.000000000,0.000000000,0.050000000,0.000190370,0.000006937,-0.006261229,0.006264126,0.001205961
30.735433795,TRACKING,,0.003012218,1,-0.000188791,0.000006909,0.043951842,0.000000000,0.000000000,0.050000000,0.000188920,0.000006917,-0.006048154,0.006051107,0.001218033
30.745510537,TRACKING,,0.002764069,1,-0.000187408,0.000006900,0.043585143,0.000000000,0.000000000,0.050000000,0.000187545,0.000006908,-0.006414853,0.006417598,0.001232773
30.756042021,TRACKING,,0.001404593,1,-0.000185901,0.000006872,0.043777155,0.000000000,0.000000000,0.050000000,0.000186035,0.000006880,-0.006222841,0.006225625,0.001240161
30.765793439,TRACKING,,0.001183753,1,-0.000184997,0.000006888,0.043971057,0.000000000,0.000000000,0.050000000,0.000185129,0.000006895,-0.006028939,0.006031785,0.001257632
30.775889178,TRACKING,,0.000433370,1,-0.000182761,0.000006810,0.043591832,0.000000000,0.000000000,0.050000000,0.000182901,0.000006818,-0.006408164,0.006410778,0.001252944
30.785959984,TRACKING,,0.004942793,1,-0.000180540,0.000006730,0.043784416,0.000000000,0.000000000,0.050000000,0.000180675,0.000006738,-0.006215580,0.006218209,0.001247068
30.796106778,TRACKING,,0.004186473,1,-0.000178367,0.000006649,0.043967518,0.000000000,0.000000000,0.050000000,0.000178497,0.000006656,-0.006032478,0.006035122,0.001239785
30.806191832,TRACKING,,0.000606718,1,-0.000178367,0.000006649,0.043967518,0.000000000,0.000000000,0.050000000,0.000178497,0.000006656,-0.006032478,0.006035122,0.001239785
30.816128471,TRACKING,,0.004997408,1,-0.000175692,0.000006539,0.043601201,0.000000000,0.000000000,0.050000000,0.000175829,0.000006547,-0.006398795,0.006401214,0.001226185
30.826255081,TRACKING,,0.000676769,1,-0.000173202,0.000006455,0.043834110,0.000000000,0.000000000,0.050000000,0.000173333,0.000006463,-0.006165886,0.006168325,0.001221360
30.836210717,TRACKING,,0.003254430,1,-0.000169756,0.000006316,0.043545665,0.000000000,0.000000000,0.050000000,0.000169892,0.000006324,-0.006454331,0.006456570,0.001203999
30.846299332,TRACKING,,0.003049025,1,-0.000167867,0.000006248,0.043722191,0.000000000,0.000000000,0.050000000,0.000167998,0.000006255,-0.006277806,0.006280057,0.001198507
30.856524489,TRACKING,,0.003269866,1,-0.000167867,0.000006248,0.043722191,0.000000000,0.000000000,0.050000000,0.000167998,0.000006255,-0.006277806,0.006280057,0.001198507
30.866543053,TRACKING,,0.003201001,1,-0.000164971,0.000006151,0.044019675,0.000000000,0.000000000,0.050000000,0.000165096,0.000006158,-0.005980321,0.005982603,0.001192930
30.876876255,TRACKING,,0.001169505,1,-0.000162334,0.000006053,0.043721279,0.000000000,0.000000000,0.050000000,0.000162464,0.000006060,-0.006278718,0.006280822,0.001183171
30.886666855,TRACKING,,0.005217062,1,-0.000162334,0.000006053,0.043721279,0.000000000,0.000000000,0.050000000,0.000162464,0.000006060,-0.006278718,0.006280822,0.001183171
30.900157128,TRACKING,,0.007697364,1,-0.000160010,0.000005958,0.043919449,0.000000000,0.000000000,0.050000000,0.000160135,0.000005965,-0.006080547,0.006082658,0.001171065
30.910142447,TRACKING,,0.002501672,1,-0.000157707,0.000005864,0.044124448,0.000000000,0.000000000,0.050000000,0.000157825,0.000005871,-0.005875549,0.005877671,0.001159202
30.920144389,TRACKING,,0.000815686,1,-0.000155905,0.000005821,0.043808438,0.000000000,0.000000000,0.050000000,0.000156030,0.000005828,-0.006191559,0.006193527,0.001162520
30.930147517,TRACKING,,0.005384474,1,-0.000154216,0.000005766,0.043999490,0.000000000,0.000000000,0.050000000,0.000154338,0.000005772,-0.006000507,0.006002494,0.001159424
30.940449850,TRACKING,,0.004429873,1,-0.000152472,0.000005705,0.043714147,0.000000000,0.000000000,0.050000000,0.000152599,0.000005712,-0.006285849,0.006287704,0.001154730
30.950590707,TRACKING,,0.001144572,1,-0.000150892,0.000005649,0.043889374,0.000000000,0.000000000,0.050000000,0.000151015,0.000005656,-0.006110623,0.006112492,0.001150273
30.960523784,TRACKING,,0.005175506,1,-0.000150892,0.000005649,0.043889374,0.000000000,0.000000000,0.050000000,0.000151015,0.000005656,-0.006110623,0.006112492,0.001150273
30.970461611,TRACKING,,0.003210499,1,-0.000149318,0.000005619,0.044151231,0.000000000,0.000000000,0.050000000,0.000149436,0.000005626,-0.005848766,0.005850677,0.001156468
30.980626214,TRACKING,,0.007463462,1,-0.000148031,0.000005593,0.043861276,0.000000000,0.000000000,0.050000000,0.000148155,0.000005600,-0.006138721,0.006140511,0.001161075
30.990615096,TRACKING,,0.003705610,1,-0.000146192,0.000005536,0.044101176,0.000000000,0.000000000,0.050000000,0.000146311,0.000005543,-0.005898821,0.005900638,0.001159299
31.000868748,TRACKING,,0.001984003,1,-0.000145056,0.000005516,0.044307332,0.000000000,0.000000000,0.050000000,0.000145171,0.000005523,-0.005692665,0.005694518,0.001165167
31.010807762,TRACKING,,0.006361633,1,-0.000145056,0.000005516,0.044307332,0.000000000,0.000000000,0.050000000,0.000145171,0.000005523,-0.005692665,0.005694518,0.001165167
31.021105345,TRACKING,,0.003665242,1,-0.000143244,0.000005453,0.044039747,0.000000000,0.000000000,0.050000000,0.000143364,0.000005460,-0.005960250,0.005961977,0.001160857
31.031027736,TRACKING,,0.007258056,1,-0.000141764,0.000005411,0.044253051,0.000000000,0.000000000,0.050000000,0.000141881,0.000005418,-0.005746946,0.005748700,0.001161491
31.042070953,TRACKING,,0.003927638,1,-0.000139493,0.000005321,0.044025986,0.000000000,0.000000000,0.050000000,0.000139613,0.000005328,-0.005974012,0.005975645,0.001150894
31.052146508,TRACKING,,0.002907735,1,-0.000138241,0.000005286,0.044220769,0.000000000,0.000000000,0.050000000,0.000138357,0.000005293,-0.005779229,0.005780887,0.001152160
31.063374946,TRACKING,,0.004409688,1,-0.000138241,0.000005286,0.044220769,0.000000000,0.000000000,0.050000000,0.000138357,0.000005293,-0.005779229,0.005780887,0.001152160
31.073559734,TRACKING,,0.000064115,1,-0.000136585,0.000005258,0.044086580,0.000000000,0.000000000,0.050000000,0.000136704,0.000005265,-0.005913417,0.005915000,0.001160108
31.083539116,TRACKING,,0.004765882,1,-0.000134846,0.000005187,0.044275713,0.000000000,0.000000000,0.050000000,0.000134961,0.000005194,-0.005724284,0.005725878,0.001151574
31.093431825,TRACKING,,0.002158538,1,-0.000133176,0.000005119,0.044463582,0.000000000,0.000000000,0.050000000,0.000133287,0.000005126,-0.005536416,0.005538022,0.001143617
31.103863575,TRACKING,,0.003110765,1,-0.000131610,0.000005058,0.044213087,0.000000000,0.000000000,0.050000000,0.000131725,0.000005065,-0.005786910,0.005788411,0.001137298
31.114074484,TRACKING,,0.000092610,1,-0.000129812,0.000004989,0.044434796,0.000000000,0.000000000,0.050000000,0.000129922,0.000004996,-0.005565202,0.005566720,0.001130200
31.123919699,TRACKING,,0.002781879,1,-0.000129812,0.000004989,0.044434796,0.000000000,0.000000000,0.050000000,0.000129922,0.000004996,-0.005565202,0.005566720,0.001130200
31.134129421,TRACKING,,0.003824342,1,-0.000127856,0.000004900,0.044619999,0.000000000,0.000000000,0.050000000,0.000127961,0.000004906,-0.005379998,0.005381522,0.001116211
31.144246532,TRACKING,,0.000834682,1,-0.000126438,0.000004845,0.044368371,0.000000000,0.000000000,0.050000000,0.000126546,0.000004851,-0.005631626,0.005633050,0.001110102
31.157208450,TRACKING,,0.007690239,1,-0.000124523,0.000004773,0.044594589,0.000000000,0.000000000,0.050000000,0.000124626,0.000004779,-0.005405409,0.005406848,0.001100734
31.167174772,TRACKING,,0.004117609,1,-0.000122110,0.000004668,0.044817515,0.000000000,0.000000000,0.050000000,0.000122208,0.000004674,-0.005182482,0.005183925,0.001081694
31.177423675,TRACKING,,0.002143103,1,-0.000120187,0.000004588,0.044614289,0.000000000,0.000000000,0.050000000,0.000120287,0.000004594,-0.005385709,0.005387054,0.001068156
31.187329444,TRACKING,,0.000606718,1,-0.000118280,0.000004500,0.044803446,0.000000000,0.000000000,0.050000000,0.000118376,0.000004506,-0.005196552,0.005197902,0.001054099
31.198177941,TRACKING,,0.006453057,1,-0.000118280,0.000004500,0.044803446,0.000000000,0.000000000,0.050000000,0.000118376,0.000004506,-0.005196552,0.005197902,0.001054099
31.208292678,TRACKING,,0.005500830,1,-0.000115660,0.000004378,0.044677677,0.000000000,0.000000000,0.050000000,0.000115755,0.000004384,-0.005322321,0.005323582,0.001033728
31.222711431,TRACKING,,0.001953133,1,-0.000114187,0.000004324,0.044881501,0.000000000,0.000000000,0.050000000,0.000114278,0.000004330,-0.005118497,0.005119774,0.001027681
31.232684877,TRACKING,,0.000904734,1,-0.000112357,0.000004239,0.045061739,0.000000000,0.000000000,0.050000000,0.000112444,0.000004244,-0.004938259,0.004939541,0.001012913
31.244195896,TRACKING,,0.007199878,1,-0.000110714,0.000004165,0.044863768,0.000000000,0.000000000,0.050000000,0.000110804,0.000004170,-0.005136230,0.005137427,0.000999739
31.254202587,TRACKING,,0.004940417,1,-0.000109100,0.000004101,0.045045599,0.000000000,0.000000000,0.050000000,0.000109185,0.000004106,-0.004954399,0.004955604,0.000988426
31.264279329,TRACKING,,0.003000345,1,-0.000107784,0.000004063,0.045252798,0.000000000,0.000000000,0.050000000,0.000107865,0.000004068,-0.004747200,0.004748427,0.000984292
31.274401189,TRACKING,,0.002414998,1,-0.000106177,0.000003993,0.045078162,0.000000000,0.000000000,0.050000000,0.000106260,0.000003998,-0.004921837,0.004922985,0.000971416
31.284454186,TRACKING,,0.001425965,1,-0.000104680,0.000003933,0.045253168,0.000000000,0.000000000,0.050000000,0.000104760,0.000003937,-0.004746831,0.004747988,0.000960687
31.297135897,TRACKING,,0.003318545,1,-0.000103115,0.000003864,0.045417872,0.000000000,0.000000000,0.050000000,0.000103191,0.000003869,-0.004582126,0.004583289,0.000947762
31.307231636,TRACKING,,0.006190660,1,-0.000103115,0.000003864,0.045417872,0.000000000,0.000000000,0.050000000,0.000103191,0.000003869,-0.004582126,0.004583289,0.000947762
31.320170995,TRACKING,,0.006861494,1,-0.000100986,0.000003767,0.045303989,0.000000000,0.000000000,0.050000000,0.000101062,0.000003771,-0.004696009,0.004697098,0.000928372
31.331179780,TRACKING,,0.009895083,1,-0.000098239,0.000003623,0.045498998,0.000000000,0.000000000,0.050000000,0.000098309,0.000003627,-0.004501001,0.004502076,0.000897177
31.341091485,TRACKING,,0.002883988,1,-0.000097696,0.000003634,0.045692479,0.000000000,0.000000000,0.050000000,0.000097764,0.000003638,-0.004307519,0.004308630,0.000903387
31.351197911,TRACKING,,0.002954039,1,-0.000095847,0.000003544,0.045554237,0.000000000,0.000000000,0.050000000,0.000095915,0.000003548,-0.004445762,0.004446798,0.000884955
31.361412382,TRACKING,,0.002452993,1,-0.000093252,0.000003416,0.045776363,0.000000000,0.000000000,0.050000000,0.000093315,0.000003419,-0.004223636,0.004224668,0.000858417
31.372216948,TRACKING,,0.000282581,1,-0.000093252,0.000003416,0.045776363,0.000000000,0.000000000,0.050000000,0.000093315,0.000003419,-0.004223636,0.004224668,0.000858417
31.382193956,TRACKING,,0.010361698,1,-0.000091003,0.000003304,0.045678507,0.000000000,0.000000000,0.050000000,0.000091066,0.000003308,-0.004321492,0.004322453,0.000834742
31.392212520,TRACKING,,0.003274615,1,-0.000089252,0.000003219,0.045831766,0.000000000,0.000000000,0.050000000,0.000089311,0.000003223,-0.004168233,0.004169191,0.000816159
31.402305885,TRACKING,,0.002531355,1,-0.000087631,0.000003148,0.046010627,0.000000000,0.000000000,0.050000000,0.000087687,0.000003151,-0.003989372,0.003990337,0.000801737
31.412851617,TRACKING,,0.004314703,1,-0.000086087,0.000003073,0.045918767,0.000000000,0.000000000,0.050000000,0.000086143,0.000003076,-0.004081232,0.004082142,0.000786150
31.422341825,TRACKING,,0.003825529,1,-0.000083895,0.000002965,0.046114090,0.000000000,0.000000000,0.050000000,0.000083946,0.000002968,-0.003885908,0.003886816,0.000762710
31.433094150,TRACKING,,0.002715390,1,-0.000081976,0.000002871,0.046283420,0.000000000,0.000000000,0.050000000,0.000082024,0.000002873,-0.003716579,0.003717485,0.000741914
31.443378672,TRACKING,,0.005792910,1,-0.000081976,0.000002871,0.046283420,0.000000000,0.000000000,0.050000000,0.000082024,0.000002873,-0.003716579,0.003717485,0.000741914
31.453217952,TRACKING,,0.003870647,1,-0.000079434,0.000002733,0.046226323,0.000000000,0.000000000,0.050000000,0.000079480,0.000002735,-0.003773676,0.003774514,0.000710274
31.466335408,TRACKING,,0.011343608,1,-0.000077241,0.000002616,0.046378988,0.000000000,0.000000000,0.050000000,0.000077284,0.000002618,-0.003621011,0.003621836,0.000683220
31.476070204,TRACKING,,0.007976382,1,-0.000077241,0.000002616,0.046378988,0.000000000,0.000000000,0.050000000,0.000077284,0.000002618,-0.003621011,0.003621836,0.000683220
31.487125293,TRACKING,,0.003753103,1,-0.000072736,0.000002371,0.046456772,0.000000000,0.000000000,0.050000000,0.000072774,0.000002373,-0.003543227,0.003543975,0.000624135
31.497865745,TRACKING,,0.008517798,1,-0.000070025,0.000002218,0.046606162,0.000000000,0.000000000,0.050000000,0.000070060,0.000002220,-0.003393837,0.003394561,0.000587008
31.508082590,TRACKING,,0.003506142,1,-0.000066187,0.000001993,0.046593314,0.000000000,0.000000000,0.050000000,0.000066219,0.000001995,-0.003406685,0.003407329,0.000531351
31.518009731,TRACKING,,0.003424216,1,-0.000063666,0.000001845,0.046709912,0.000000000,0.000000000,0.050000000,0.000063694,0.000001847,-0.003290088,0.003290705,0.000494331
31.528215891,TRACKING,,0.003303111,1,-0.000061074,0.000001692,0.046821478,0.000000000,0.000000000,0.050000000,0.000061099,0.000001693,-0.003178521,0.003179109,0.000455480
31.538562153,TRACKING,,0.000037994,1,-0.000057975,0.000001506,0.046798232,0.000000000,0.000000000,0.050000000,0.000057998,0.000001507,-0.003201768,0.003202293,0.000407922
31.548577155,TRACKING,,0.001709733,1,-0.000055179,0.000001339,0.046905212,0.000000000,0.000000000,0.050000000,0.000055199,0.000001339,-0.003094788,0.003095280,0.000364364
31.558468677,TRACKING,,0.005161258,1,-0.000055179,0.000001339,0.046905212,0.000000000,0.000000000,0.050000000,0.000055199,0.000001339,-0.003094788,0.003095280,0.000364364
31.568444497,TRACKING,,0.002651274,1,-0.000051537,0.000001118,0.047036783,0.000000000,0.000000000,0.050000000,0.000051553,0.000001119,-0.002963217,0.002963665,0.000306682
31.580336644,TRACKING,,0.000764630,1,-0.000048611,0.000000943,0.047026596,0.000000000,0.000000000,0.050000000,0.000048624,0.000000943,-0.002973404,0.002973802,0.000260158
31.591712309,TRACKING,,0.002540854,1,-0.000045624,0.000000765,0.047139793,0.000000000,0.000000000,0.050000000,0.000045634,0.000000765,-0.002860207,0.002860571,0.000212432
31.601456603,TRACKING,,0.004636465,1,-0.000042236,0.000000564,0.047268764,0.000000000,0.000000000,0.050000000,0.000042243,0.000000564,-0.002731236,0.002731563,0.000157897
31.611527409,TRACKING,,0.000337198,1,-0.000039012,0.000000368,0.047275212,0.000000000,0.000000000,0.050000000,0.000039017,0.000000368,-0.002724788,0.002725067,0.000105388
31.621879608,TRACKING,,0.007401722,1,-0.000035907,0.000000182,0.047382188,0.000000000,0.000000000,0.050000000,0.000035910,0.000000181,-0.002617812,0.002618059,0.000056207
31.631598969,TRACKING,,0.003889644,1,-0.000035907,0.000000182,0.047382188,0.000000000,0.000000000,0.050000000,0.000035910,0.000000181,-0.002617812,0.002618059,0.000056207
31.641793255,TRACKING,,0.002748634,1,-0.000032656,-0.000000016,0.047416955,0.000000000,0.000000000,0.050000000,0.000032655,-0.000000017,-0.002583045,0.002583251,0.000023895
31.651836752,TRACKING,,0.002139542,1,-0.000029830,-0.000000192,0.047503137,0.000000000,0.000000000,0.050000000,0.000029827,-0.000000193,-0.002496863,0.002497041,0.000057197
31.665179798,TRACKING,,0.009697988,1,-0.000027243,-0.000000354,0.047580793,0.000000000,0.000000000,0.050000000,0.000027239,-0.000000354,-0.002419207,0.002419361,0.000099566
31.674261571,TRACKING,,0.000256460,1,-0.000023569,-0.000000582,0.047642711,0.000000000,0.000000000,0.050000000,0.000023563,-0.000000583,-0.002357289,0.002357407,0.000162489
31.684369183,TRACKING,,0.005168382,1,-0.000020904,-0.000000749,0.047712121,0.000000000,0.000000000,0.050000000,0.000020896,-0.000000750,-0.002287879,0.002287974,0.000209078
31.694289200,TRACKING,,0.002380566,1,-0.000017557,-0.000000956,0.047800607,0.000000000,0.000000000,0.050000000,0.000017547,-0.000000957,-0.002199393,0.002199463,0.000268192
31.704338634,TRACKING,,0.002614467,1,-0.000017557,-0.000000956,0.047800607,0.000000000,0.000000000,0.050000000,0.000017547,-0.000000957,-0.002199393,0.002199463,0.000268192
31.714627906,TRACKING,,0.005566133,1,-0.000013632,-0.000001200,0.047878194,0.000000000,0.000000000,0.050000000,0.000013620,-0.000001201,-0.002121806,0.002121850,0.000338577
31.724562170,TRACKING,,0.003312609,1,-0.000009973,-0.000001428,0.047957343,0.000000000,0.000000000,0.050000000,0.000009959,-0.000001430,-0.002042657,0.002042682,0.000404979
31.738212730,TRACKING,,0.007639184,1,-0.000009973,-0.000001428,0.047957343,0.000000000,0.000000000,0.050000000,0.000009959,-0.000001430,-0.002042657,0.002042682,0.000404979
31.744855758,TRACKING,,0.000487987,1,-0.000005992,-0.000001675,0.048038870,0.000000000,0.000000000,0.050000000,0.000005976,-0.000001677,-0.001961130,0.001961140,0.000477962
31.756117440,TRACKING,,0.007527577,1,-0.000002732,-0.000001869,0.048103324,0.000000000,0.000000000,0.050000000,0.000002714,-0.000001871,-0.001896676,0.001896679,0.004317521
31.766147877,TRACKING,,0.003573818,1,0.000000900,-0.000002087,0.048168858,0.000000000,0.000000000,0.050000000,-0.000000919,-0.000002089,-0.001831142,0.001831144,0.004266533
31.784370788,TRACKING,,0.001832027,1,0.000003586,-0.000002236,0.048215994,0.000000000,0.000000000,0.050000000,-0.000003606,-0.000002237,-0.001784006,0.001784011,0.014385673
31.794167324,TRACKING,,0.003462210,1,0.000007589,-0.000002432,0.048284846,0.000000000,0.000000000,0.050000000,-0.000007612,-0.000002433,-0.001715154,0.001715172,0.013706834
31.804222694,TRACKING,,0.005345292,1,0.000007589,-0.000002432,0.048284846,0.000000000,0.000000000,0.050000000,-0.000007612,-0.000002433,-0.001715154,0.001715172,0.013706834
31.814460912,TRACKING,,0.003102454,1,0.000011120,-0.000002595,0.048341676,0.000000000,0.000000000,0.050000000,-0.000011144,-0.000002591,-0.001658324,0.001658363,0.032062124
31.824379741,TRACKING,,0.000588908,1,0.000014036,-0.000002703,0.048387832,0.000000000,0.000000000,0.050000000,-0.000014062,-0.000002698,-0.001612168,0.001612231,0.030880304
31.834867294,TRACKING,,0.005157696,1,0.000016452,-0.000002782,0.048424373,0.000000000,0.000000000,0.050000000,-0.000016479,-0.000002776,-0.001575627,0.001575716,0.029648154
31.845354848,TRACKING,,0.004755196,1,0.000018661,-0.000002856,0.048456984,0.000000000,0.000000000,0.050000000,-0.000018689,-0.000002841,-0.001543016,0.001543132,0.051967174
31.855299798,TRACKING,,0.000597220,1,0.000021460,-0.000002887,0.048499583,0.000000000,0.000000000,0.050000000,-0.000021488,-0.000002870,-0.001500416,0.001500573,0.049408913
31.865295803,TRACKING,,0.000308702,1,0.000023451,-0.000002903,0.048528533,0.000000000,0.000000000,0.050000000,-0.000023480,-0.000002885,-0.001471466,0.001471656,0.047294263
31.875315554,TRACKING,,0.004731450,1,0.000023451,-0.000002903,0.048528533,0.000000000,0.000000000,0.050000000,-0.000023480,-0.000002885,-0.001471466,0.001471656,0.047294263
31.885532399,TRACKING,,0.004606782,1,0.000025362,-0.000002927,0.048556323,0.000000000,0.000000000,0.050000000,-0.000025394,-0.000002895,-0.001443676,0.001443902,0.076695363
31.896999487,TRACKING,,0.002125294,1,0.000027710,-0.000002908,0.048591397,0.000000000,0.000000000,0.050000000,-0.000027742,-0.000002875,-0.001408603,0.001408879,0.073145730
31.907186650,TRACKING,,0.005839215,1,0.000029340,-0.000002856,0.048617154,0.000000000,0.000000000,0.050000000,-0.000029374,-0.000002803,-0.001382845,0.001383160,0.107864388
31.917890295,TRACKING,,0.005561383,1,0.000030916,-0.000002750,0.048642176,0.000000000,0.000000000,0.050000000,-0.000030949,-0.000002697,-0.001357823,0.001358179,0.103658760
31.927869677,TRACKING,,0.003609438,1,0.000032533,-0.000002600,0.048668030,0.000000000,0.000000000,0.050000000,-0.000032566,-0.000002546,-0.001331969,0.001332369,0.098336908
31.939104052,TRACKING,,0.003558383,1,0.000033841,-0.000002449,0.048691188,0.000000000,0.000000000,0.050000000,-0.000033876,-0.000002370,-0.001308811,0.001309252,0.137407380
31.952639442,TRACKING,,0.009963948,1,0.000033841,-0.000002449,0.048691188,0.000000000,0.000000000,0.050000000,-0.000033876,-0.000002370,-0.001308811,0.001309252,0.137407380
31.961030197,TRACKING,,0.003837402,1,0.000035291,-0.000002197,0.048717503,0.000000000,0.000000000,0.050000000,-0.000035325,-0.000002120,-0.001282496,0.001282984,0.129733227
31.971054698,TRACKING,,0.003079895,1,0.000036603,-0.000001930,0.048742048,0.000000000,0.000000000,0.050000000,-0.000036636,-0.000001855,-0.001257951,0.001258485,0.121321533
31.981243048,TRACKING,,0.007418344,1,0.000037647,-0.000001688,0.048764326,0.000000000,0.000000000,0.050000000,-0.000037681,-0.000001583,-0.001235673,0.001236248,0.163828162
31.991279421,TRACKING,,0.002646526,1,0.000038869,-0.000001383,0.048790173,0.000000000,0.000000000,0.050000000,-0.000038902,-0.000001281,-0.001209826,0.001210452,0.153253495
32.001313420,TRACKING,,0.001535198,1,0.000039680,-0.000001139,0.048809140,0.000000000,0.000000000,0.050000000,-0.000039712,-0.000001041,-0.001190859,0.001191522,0.144418947
32.011329609,TRACKING,,0.001308421,1,0.000040367,-0.000000985,0.048825929,0.000000000,0.000000000,0.050000000,-0.000040400,-0.000000852,-0.001174070,0.001174766,0.193283112
32.023376107,TRACKING,,0.002441119,1,0.000040973,-0.000000785,0.048841676,0.000000000,0.000000000,0.050000000,-0.000041005,-0.000000655,-0.001158323,0.001159049,0.184940198
32.033147710,TRACKING,,0.000096172,1,0.000041655,-0.000000531,0.048861425,0.000000000,0.000000000,0.050000000,-0.000041686,-0.000000407,-0.001138574,0.001139336,0.173866748
32.044123249,TRACKING,,0.005683677,1,0.000041655,-0.000000531,0.048861425,0.000000000,0.000000000,0.050000000,-0.000041686,-0.000000407,-0.001138574,0.001139336,0.173866748
32.054273605,TRACKING,,0.004680396,1,0.000042189,-0.000000409,0.048877366,0.000000000,0.000000000,0.050000000,-0.000042220,-0.000000243,-0.001122633,0.001123426,0.227674854
32.065049676,TRACKING,,0.005788161,1,0.000042690,-0.000000136,0.048898878,0.000000000,0.000000000,0.050000000,-0.000042719,0.000000022,-0.001101121,0.001101949,0.214583056
32.074294111,TRACKING,,0.004534356,1,0.000043089,-0.000000028,0.048914599,0.000000000,0.000000000,0.050000000,-0.000043117,0.000000175,-0.001085400,0.001086256,0.273302929
32.084355418,TRACKING,,0.006635903,1,0.000043089,-0.000000028,0.048914599,0.000000000,0.000000000,0.050000000,-0.000043117,0.000000175,-0.001085400,0.001086256,0.273302929
32.094759859,TRACKING,,0.001627808,1,0.000043415,0.000000329,0.048937211,0.000000000,0.000000000,0.050000000,-0.000043442,0.000000521,-0.001062788,0.001063676,0.257026474
32.105011137,TRACKING,,0.001025841,1,0.000043699,0.000000475,0.048950579,0.000000000,0.000000000,0.050000000,-0.000043724,0.000000661,-0.001049419,0.001050330,0.246949100
32.115229169,TRACKING,,0.000559225,1,0.000043917,0.000000637,0.048967684,0.000000000,0.000000000,0.050000000,-0.000043941,0.000000871,-0.001032315,0.001033250,0.307881873
32.125467386,TRACKING,,0.010646653,1,0.000044087,0.000000870,0.048985921,0.000000000,0.000000000,0.050000000,-0.000044109,0.000001093,-0.001014078,0.001015037,0.292931613
32.135253237,TRACKING,,0.000613842,1,0.000044198,0.000000951,0.048999030,0.000000000,0.000000000,0.050000000,-0.000044219,0.000001227,-0.001000969,0.001001946,0.361277211
32.145256365,TRACKING,,0.000673207,1,0.000044270,0.000001090,0.049011040,0.000000000,0.000000000,0.050000000,-0.000044290,0.000001359,-0.000988959,0.000989951,0.350336282
32.155680991,TRACKING,,0.002057616,1,0.000044270,0.000001090,0.049011040,0.000000000,0.000000000,0.050000000,-0.000044290,0.000001359,-0.000988959,0.000989951,0.350336282
32.165710241,TRACKING,,0.007683115,1,0.000044233,0.000001302,0.049026494,0.000000000,0.000000000,0.050000000,-0.000044251,0.000001560,-0.000973505,0.000974512,0.335884758
32.175555456,TRACKING,,0.002918420,1,0.000044233,0.000001388,0.049043626,0.000000000,0.000000000,0.050000000,-0.000044248,0.000001698,-0.000956373,0.000957397,0.404657686
32.188188488,TRACKING,,0.000032058,1,0.000044233,0.000001388,0.049043626,0.000000000,0.000000000,0.050000000,-0.000044248,0.000001698,-0.000956373,0.000957397,0.404657686
32.198440953,TRACKING,,0.002870928,1,0.000044152,0.000001545,0.049060384,0.000000000,0.000000000,0.050000000,-0.000044166,0.000001842,-0.000939614,0.000940654,0.388028573
32.209260954,TRACKING,,0.005303736,1,0.000043947,0.000001707,0.049078520,0.000000000,0.000000000,0.050000000,-0.000043957,0.000002057,-0.000921479,0.000922529,0.459047717
32.221460616,TRACKING,,0.000409624,1,0.000043837,0.000001821,0.049089846,0.000000000,0.000000000,0.050000000,-0.000043846,0.000002161,-0.000910153,0.000911211,0.446626384
32.231410315,TRACKING,,0.002762882,1,0.000043635,0.000002011,0.049104140,0.000000000,0.000000000,0.050000000,-0.000043643,0.000002336,-0.000895858,0.000896924,0.430117912
32.241256719,TRACKING,,0.004159164,1,0.000043635,0.000002011,0.049104140,0.000000000,0.000000000,0.050000000,-0.000043643,0.000002336,-0.000895858,0.000896924,0.430117912
32.252529087,TRACKING,,0.002340198,1,0.000043295,0.000002175,0.049120699,0.000000000,0.000000000,0.050000000,-0.000043298,0.000002555,-0.000879299,0.000880369,0.505821612
32.264505533,TRACKING,,0.001397469,1,0.000043024,0.000002322,0.049134186,0.000000000,0.000000000,0.050000000,-0.000043026,0.000002688,-0.000865813,0.000866885,0.489532222
32.274579901,TRACKING,,0.000077176,1,0.000042743,0.000002380,0.049147662,0.000000000,0.000000000,0.050000000,-0.000042741,0.000002805,-0.000852337,0.000853413,0.572607530
32.284417993,TRACKING,,0.000066489,1,0.000042519,0.000002475,0.049158006,0.000000000,0.000000000,0.050000000,-0.000042516,0.000002888,-0.000841993,0.000843071,0.559362466
32.294485237,TRACKING,,0.005275241,1,0.000042519,0.000002475,0.049158006,0.000000000,0.000000000,0.050000000,-0.000042516,0.000002888,-0.000841993,0.000843071,0.559362466
32.304717517,TRACKING,,0.001886644,1,0.000042088,0.000002680,0.049174443,0.000000000,0.000000000,0.050000000,-0.000042084,0.000003073,-0.000825556,0.000826634,0.537407763
32.314771701,TRACKING,,0.005272866,1,0.000041729,0.000002735,0.049187659,0.000000000,0.000000000,0.050000000,-0.000041718,0.000003193,-0.000812340,0.000813417,0.632415934
32.324919682,TRACKING,,0.001249056,1,0.000041385,0.000002828,0.049200966,0.000000000,0.000000000,0.050000000,-0.000041375,0.000003269,-0.000799033,0.000800110,0.613724977
32.334944182,TRACKING,,0.001727544,1,0.000041385,0.000002828,0.049200966,0.000000000,0.000000000,0.050000000,-0.000041375,0.000003269,-0.000799033,0.000800110,0.613724977
32.345332001,TRACKING,,0.001384410,1,0.000040973,0.000002904,0.049214864,0.000000000,0.000000000,0.050000000,-0.000040956,0.000003398,-0.000785134,0.000786209,0.693520855
32.355323257,TRACKING,,0.003889644,1,0.000040708,0.000002982,0.049224094,0.000000000,0.000000000,0.050000000,-0.000040691,0.000003463,-0.000775905,0.000776979,0.679408487
32.365258708,TRACKING,,0.007877835,1,0.000040708,0.000002982,0.049224094,0.000000000,0.000000000,0.050000000,-0.000040691,0.000003463,-0.000775905,0.000776979,0.679408487
32.375365134,TRACKING,,0.002925544,1,0.000040284,0.000003091,0.049238899,0.000000000,0.000000000,0.050000000,-0.000040266,0.000003551,-0.000761100,0.000762173,0.656044890
32.385331456,TRACKING,,0.007387474,1,0.000039933,0.000003104,0.049249506,0.000000000,0.000000000,0.050000000,-0.000039909,0.000003626,-0.000750493,0.000751563,0.752114782
32.395481811,TRACKING,,0.009111455,1,0.000039523,0.000003174,0.049262171,0.000000000,0.000000000,0.050000000,-0.000039499,0.000003676,-0.000737828,0.000738894,0.731224417
32.408032918,TRACKING,,0.005808345,1,0.000039523,0.000003174,0.049262171,0.000000000,0.000000000,0.050000000,-0.000039499,0.000003676,-0.000737828,0.000738894,0.731224417
32.415554559,TRACKING,,0.001727543,1,0.000039183,0.000003151,0.049272771,0.000000000,0.000000000,0.050000000,-0.000039153,0.000003717,-0.000727228,0.000728290,0.830246111
32.425606367,TRACKING,,0.004014312,1,0.000038926,0.000003154,0.049281065,0.000000000,0.000000000,0.050000000,-0.000038896,0.000003707,-0.000718933,0.000719994,0.815600382
32.435836273,TRACKING,,0.004467866,1,0.000038543,0.000003245,0.049291123,0.000000000,0.000000000,0.050000000,-0.000038513,0.000003780,-0.000708876,0.000709931,0.797424693
32.445809719,TRACKING,,0.000918982,1,0.000038037,0.000003230,0.049304014,0.000000000,0.000000000,0.050000000,-0.000038000,0.000003822,-0.000695985,0.000697032,0.895404147
32.455914957,TRACKING,,0.000339572,1,0.000037740,0.000003236,0.049312184,0.000000000,0.000000000,0.050000000,-0.000037704,0.000003814,-0.000687815,0.000688859,0.880131247
32.465881279,TRACKING,,0.003347041,1,0.000037740,0.000003236,0.049312184,0.000000000,0.000000000,0.050000000,-0.000037704,0.000003814,-0.000687815,0.000688859,0.880131247
32.476047070,TRACKING,,0.002011312,1,0.000037349,0.000003197,0.049322107,0.000000000,0.000000000,0.050000000,-0.000037306,0.000003838,-0.000677892,0.000678929,0.986465889
32.486044262,TRACKING,,0.001799969,1,0.000037028,0.000003217,0.049330173,0.000000000,0.000000000,0.050000000,-0.000036986,0.000003843,-0.000669826,0.000670858,0.970908214
32.498207117,TRACKING,,0.007345918,1,0.000037028,0.000003217,0.049330173,0.000000000,0.000000000,0.050000000,-0.000036986,0.000003843,-0.000669826,0.000670858,0.970908214
32.508167502,TRACKING,,0.006580099,1,0.000036555,0.000003249,0.049341984,0.000000000,0.000000000,0.050000000,-0.000036514,0.000003851,-0.000658015,0.000659039,0.947566060
32.518169444,TRACKING,,0.005597003,1,0.000035967,0.000003279,0.049354520,0.000000000,0.000000000,0.050000000,-0.000035917,0.000003939,-0.000645479,0.000646490,1.055217394
32.528157137,TRACKING,,0.004160352,1,0.000035587,0.000003267,0.049363626,0.000000000,0.000000000,0.050000000,-0.000035539,0.000003909,-0.000636373,0.000637377,1.036653887
32.538417913,TRACKING,,0.003780410,1,0.000035265,0.000003226,0.049371122,0.000000000,0.000000000,0.050000000,-0.000035210,0.000003931,-0.000628877,0.000629874,1.148915496
32.548485157,TRACKING,,0.007046714,1,0.000035265,0.000003226,0.049371122,0.000000000,0.000000000,0.050000000,-0.000035210,0.000003931,-0.000628877,0.000629874,1.148915496
32.558456228,TRACKING,,0.003418280,1,0.000034830,0.000003288,0.049381234,0.000000000,0.000000000,0.050000000,-0.000034774,0.000003971,-0.000618765,0.000619754,1.126607686
32.568630330,TRACKING,,0.000620965,1,0.000034466,0.000003384,0.049389334,0.000000000,0.000000000,0.050000000,-0.000034410,0.000004049,-0.000610666,0.000611648,1.107936789
32.579089388,TRACKING,,0.004099798,1,0.000034060,0.000003379,0.049398628,0.000000000,0.000000000,0.050000000,-0.000033995,0.000004104,-0.000601371,0.000602345,1.221637332
32.589155444,TRACKING,,0.000403687,1,0.000033665,0.000003419,0.049407807,0.000000000,0.000000000,0.050000000,-0.000033601,0.000004122,-0.000592193,0.000593159,1.199684357
32.600123860,TRACKING,,0.002198907,1,0.000033665,0.000003419,0.049407807,0.000000000,0.000000000,0.050000000,-0.000033601,0.000004122,-0.000592193,0.000593159,1.199684357
32.610314584,TRACKING,,0.002910109,1,0.000033176,0.000003480,0.049418356,0.000000000,0.000000000,0.050000000,-0.000033102,0.000004240,-0.000581643,0.000582600,1.316090943
32.620466127,TRACKING,,0.002584785,1,0.000032797,0.000003550,0.049426770,0.000000000,0.000000000,0.050000000,-0.000032723,0.000004288,-0.000573229,0.000574178,1.294499549
32.630357648,TRACKING,,0.003026465,1,0.000032797,0.000003550,0.049426770,0.000000000,0.000000000,0.050000000,-0.000032723,0.000004288,-0.000573229,0.000574178,1.294499549
32.641332001,TRACKING,,0.000024933,1,0.000032304,0.000003727,0.049436914,0.000000000,0.000000000,0.050000000,-0.000032227,0.000004439,-0.000563086,0.000564025,1.267541897
32.651379060,TRACKING,,0.004299268,1,0.000031906,0.000003741,0.049445526,0.000000000,0.000000000,0.050000000,-0.000031820,0.000004508,-0.000554473,0.000555404,1.381595048
32.661290765,TRACKING,,0.007107267,1,0.000031906,0.000003741,0.049445526,0.000000000,0.000000000,0.050000000,-0.000031820,0.000004508,-0.000554473,0.000555404,1.381595048
32.671515922,TRACKING,,0.002678582,1,0.000031454,0.000003850,0.049454902,0.000000000,0.000000000,0.050000000,-0.000031367,0.000004592,-0.000545097,0.000546018,1.355524348
32.681707834,TRACKING,,0.000226777,1,0.000031086,0.000003873,0.049462702,0.000000000,0.000000000,0.050000000,-0.000030988,0.000004677,-0.000537297,0.000538210,1.487475588
32.691633787,TRACKING,,0.005526951,1,0.000030745,0.000003957,0.049469693,0.000000000,0.000000000,0.050000000,-0.000030647,0.000004741,-0.000530306,0.000531212,1.466988146
32.701722402,TRACKING,,0.004159165,1,0.000030424,0.000004006,0.049476527,0.000000000,0.000000000,0.050000000,-0.000030326,0.000004772,-0.000523473,0.000524372,1.446503130
32.711809830,TRACKING,,0.008767134,1,0.000030424,0.000004006,0.049476527,0.000000000,0.000000000,0.050000000,-0.000030326,0.000004772,-0.000523473,0.000524372,1.446503130
32.721784463,TRACKING,,0.001379660,1,0.000029908,0.000004083,0.049486787,0.000000000,0.000000000,0.050000000,-0.000029799,0.000004891,-0.000513212,0.000514100,1.552048700
32.738206217,TRACKING,,0.000243400,1,0.000029592,0.000004092,0.049493431,0.000000000,0.000000000,0.050000000,-0.000029484,0.000004881,-0.000506569,0.000507449,1.531398847
32.741946259,TRACKING,,0.010329641,1,0.000029592,0.000004092,0.049493431,0.000000000,0.000000000,0.050000000,-0.000029484,0.000004881,-0.000506569,0.000507449,1.531398847
32.752242655,TRACKING,,0.002334261,1,0.000029070,0.000004147,0.049503589,0.000000000,0.000000000,0.050000000,-0.000028950,0.000004986,-0.000496410,0.000497279,1.660821285
32.762113991,TRACKING,,0.000420310,1,0.000028769,0.000004142,0.049509793,0.000000000,0.000000000,0.050000000,-0.000028650,0.000004963,-0.000490206,0.000491068,1.640786963
32.772120682,TRACKING,,0.004612719,1,0.000028459,0.000004057,0.049516433,0.000000000,0.000000000,0.050000000,-0.000028333,0.000004927,-0.000483566,0.000484420,1.758551890
32.783097409,TRACKING,,0.000915420,1,0.000028163,0.000004037,0.049522684,0.000000000,0.000000000,0.050000000,-0.000028039,0.000004888,-0.000477315,0.000478163,1.737405443
32.794367403,TRACKING,,0.000505796,1,0.000028163,0.000004037,0.049522684,0.000000000,0.000000000,0.050000000,-0.000028039,0.000004888,-0.000477315,0.000478163,1.737405443
32.804114071,TRACKING,,0.003781598,1,0.000027821,0.000004073,0.049529700,0.000000000,0.000000000,0.050000000,-0.000027698,0.000004901,-0.000470300,0.000471140,1.712777862
32.814209811,TRACKING,,0.001472270,1,0.000027500,0.000004073,0.049536279,0.000000000,0.000000000,0.050000000,-0.000027365,0.000004954,-0.000463721,0.000464554,1.842936451
32.824186818,TRACKING,,0.005697925,1,0.000027180,0.000004105,0.049542696,0.000000000,0.000000000,0.050000000,-0.000027046,0.000004965,-0.000457304,0.000458130,1.819458766
32.834466591,TRACKING,,0.004026185,1,0.000026895,0.000004100,0.049548513,0.000000000,0.000000000,0.050000000,-0.000026764,0.000004940,-0.000451487,0.000452306,1.797780069
32.844425789,TRACKING,,0.003890831,1,0.000026649,0.000004049,0.049553525,0.000000000,0.000000000,0.050000000,-0.000026507,0.000004946,-0.000446474,0.000447288,1.934712620
32.854634324,TRACKING,,0.003991753,1,0.000026649,0.000004049,0.049553525,0.000000000,0.000000000,0.050000000,-0.000026507,0.000004946,-0.000446474,0.000447288,1.934712620
32.865151560,TRACKING,,0.007970446,1,0.000026254,0.000004061,0.049561288,0.000000000,0.000000000,0.050000000,-0.000026115,0.000004930,-0.000438711,0.000439516,1.904779205
32.875605868,TRACKING,,0.007335232,1,0.000025998,0.000004005,0.049566505,0.000000000,0.000000000,0.050000000,-0.000025848,0.000004928,-0.000433495,0.000434293,2.041645852
32.886279830,TRACKING,,0.000039181,1,0.000025998,0.000004005,0.049566505,0.000000000,0.000000000,0.050000000,-0.000025848,0.000004928,-0.000433495,0.000434293,2.041645852
32.896356572,TRACKING,,0.004159164,1,0.000025540,0.000004079,0.049575049,0.000000000,0.000000000,0.050000000,-0.000025391,0.000004970,-0.000424950,0.000425737,2.007233779
32.907491212,TRACKING,,0.000033245,1,0.000025189,0.000004134,0.049581572,0.000000000,0.000000000,0.050000000,-0.000025041,0.000005001,-0.000418428,0.000419206,1.980434455
32.917360174,TRACKING,,0.002607344,1,0.000024840,0.000004059,0.049588367,0.000000000,0.000000000,0.050000000,-0.000024682,0.000004971,-0.000411633,0.000412402,2.111446927
32.927331245,TRACKING,,0.001640869,1,0.000024569,0.000004060,0.049593414,0.000000000,0.000000000,0.050000000,-0.000024413,0.000004953,-0.000406585,0.000407348,2.090026716
32.937440045,TRACKING,,0.000571099,1,0.000024319,0.000003980,0.049598324,0.000000000,0.000000000,0.050000000,-0.000024154,0.000004922,-0.000401675,0.000402431,2.229693514
32.947683011,TRACKING,,0.005258618,1,0.000024319,0.000003980,0.049598324,0.000000000,0.000000000,0.050000000,-0.000024154,0.000004922,-0.000401675,0.000402431,2.229693514
32.960779095,TRACKING,,0.000036807,1,0.000024073,0.000003960,0.049602961,0.000000000,0.000000000,0.050000000,-0.000023911,0.000004884,-0.000397038,0.000397788,2.209311127
32.970568507,TRACKING,,0.001594564,1,0.000023807,0.000003931,0.049607961,0.000000000,0.000000000,0.050000000,-0.000023648,0.000004835,-0.000392039,0.000392781,2.186993977
32.980817410,TRACKING,,0.001023465,1,0.000023432,0.000003914,0.049614587,0.000000000,0.000000000,0.050000000,-0.000023263,0.000004859,-0.000385412,0.000386144,2.319932602
32.990897714,TRACKING,,0.004783692,1,0.000023150,0.000003916,0.049619470,0.000000000,0.000000000,0.050000000,-0.000022982,0.000004840,-0.000380530,0.000381254,2.298277952
33.000715622,TRACKING,,0.001545884,1,0.000022809,0.000003958,0.049625362,0.000000000,0.000000000,0.050000000,-0.000022643,0.000004858,-0.000374637,0.000375352,2.271484425
33.010988271,TRACKING,,0.000858429,1,0.000022568,0.000003876,0.049629837,0.000000000,0.000000000,0.050000000,-0.000022393,0.000004823,-0.000370162,0.000370870,2.413824927
33.021268044,TRACKING,,0.005568507,1,0.000022568,0.000003876,0.049629837,0.000000000,0.000000000,0.050000000,-0.000022393,0.000004823,-0.000370162,0.000370870,2.413824927
33.031182124,TRACKING,,0.000028495,1,0.000022201,0.000003948,0.049636147,0.000000000,0.000000000,0.050000000,-0.000022025,0.000004867,-0.000363852,0.000364551,2.383850195
33.044597596,TRACKING,,0.004194784,1,0.000021946,0.000003838,0.049640919,0.000000000,0.000000000,0.050000000,-0.000021763,0.000004800,-0.000359080,0.000359771,2.524969955
33.054542546,TRACKING,,0.001398657,1,0.000021572,0.000003888,0.049647473,0.000000000,0.000000000,0.050000000,-0.000021390,0.000004821,-0.000352527,0.000353208,2.492624380
33.064551611,TRACKING,,0.002505234,1,0.000021572,0.000003888,0.049647473,0.000000000,0.000000000,0.050000000,-0.000021390,0.000004821,-0.000352527,0.000353208,2.492624380
33.074764895,TRACKING,,0.003570256,1,0.000021303,0.000003830,0.049652335,0.000000000,0.000000000,0.050000000,-0.000021126,0.000004743,-0.000347665,0.000348338,2.468021102
33.084795332,TRACKING,,0.006707142,1,0.000021055,0.000003772,0.049656897,0.000000000,0.000000000,0.050000000,-0.000020868,0.000004726,-0.000343102,0.000343769,2.609573752
33.094766403,TRACKING,,0.003352977,1,0.000020766,0.000003722,0.049662062,0.000000000,0.000000000,0.050000000,-0.000020585,0.000004653,-0.000337938,0.000338596,2.582683882
33.104877577,TRACKING,,0.002403126,1,0.000020547,0.000003656,0.049666147,0.000000000,0.000000000,0.050000000,-0.000020356,0.000004628,-0.000333852,0.000334504,2.726682075
33.114970942,TRACKING,,0.001843900,1,0.000020319,0.000003638,0.049670122,0.000000000,0.000000000,0.050000000,-0.000020131,0.000004592,-0.000329877,0.000330523,2.705291123
33.125102301,TRACKING,,0.001680051,1,0.000020110,0.000003608,0.049673784,0.000000000,0.000000000,0.050000000,-0.000019926,0.000004546,-0.000326215,0.000326855,2.685312932
33.135880746,TRACKING,,0.003173693,1,0.000020110,0.000003608,0.049673784,0.000000000,0.000000000,0.050000000,-0.000019926,0.000004546,-0.000326215,0.000326855,2.685312932
33.145611979,TRACKING,,0.000295642,1,0.000019774,0.000003590,0.049679722,0.000000000,0.000000000,0.050000000,-0.000019580,0.000004558,-0.000320278,0.000320908,2.818674705
33.155661413,TRACKING,,0.005041339,1,0.000019555,0.000003535,0.049683587,0.000000000,0.000000000,0.050000000,-0.000019365,0.000004484,-0.000316412,0.000317036,2.797031062
33.165881821,TRACKING,,0.004154415,1,0.000019338,0.000003474,0.049687351,0.000000000,0.000000000,0.050000000,-0.000019154,0.000004406,-0.000312648,0.000313265,2.775711785
33.175748408,TRACKING,,0.004252962,1,0.000019156,0.000003365,0.049690717,0.000000000,0.000000000,0.050000000,-0.000018965,0.000004337,-0.000309282,0.000309893,2.922768265
33.189400156,TRACKING,,0.000885737,1,0.000018952,0.000003321,0.049694269,0.000000000,0.000000000,0.050000000,-0.000018765,0.000004276,-0.000305731,0.000306336,2.902038547
33.202462995,TRACKING,,0.000894048,1,0.000018735,0.000003284,0.049697964,0.000000000,0.000000000,0.050000000,-0.000018552,0.000004221,-0.000302036,0.000302634,2.880349111
33.212074310,TRACKING,,0.000293267,1,0.000018482,0.000003236,0.049702272,0.000000000,0.000000000,0.050000000,-0.000018292,0.000004205,-0.000297728,0.000298319,3.021686021
33.225059974,TRACKING,,0.003865898,1,0.000018226,0.000003203,0.049706471,0.000000000,0.000000000,0.050000000,-0.000018039,0.000004151,-0.000293529,0.000294112,2.996807311
33.237469790,TRACKING,,0.006976663,1,0.000018005,0.000003152,0.049710125,0.000000000,0.000000000,0.050000000,-0.000017822,0.000004081,-0.000289875,0.000290451,2.974831847
33.247201024,TRACKING,,0.003356539,1,0.000017750,0.000003055,0.049714522,0.000000000,0.000000000,0.050000000,-0.000017563,0.000004015,-0.000285478,0.000286046,3.117714564
33.257238584,TRACKING,,0.003141635,1,0.000017538,0.000003066,0.049717943,0.000000000,0.000000000,0.050000000,-0.000017353,0.000004009,-0.000282057,0.000282619,3.096383783
33.267355695,TRACKING,,0.000816873,1,0.000017299,0.000003059,0.049721821,0.000000000,0.000000000,0.050000000,-0.000017116,0.000003981,-0.000278179,0.000278733,3.071883033
33.277528610,TRACKING,,0.000052242,1,0.000017299,0.000003059,0.049721821,0.000000000,0.000000000,0.050000000,-0.000017116,0.000003981,-0.000278179,0.000278733,3.071883033
33.287770389,TRACKING,,0.004881052,1,0.000017108,0.000002979,0.049725159,0.000000000,0.000000000,0.050000000,-0.000016919,0.000003933,-0.000274841,0.000275390,3.213807279
33.297685656,TRACKING,,0.000305140,1,0.000016912,0.000002941,0.049728404,0.000000000,0.000000000,0.050000000,-0.000016727,0.000003878,-0.000271595,0.000272138,3.192729414
33.307783770,TRACKING,,0.004826436,1,0.000016627,0.000002889,0.049733057,0.000000000,0.000000000,0.050000000,-0.000016436,0.000003849,-0.000266942,0.000267476,3.328658750
33.317843890,TRACKING,,0.003184379,1,0.000016420,0.000002848,0.049736335,0.000000000,0.000000000,0.050000000,-0.000016234,0.000003790,-0.000263665,0.000264192,3.307183398
33.328093980,TRACKING,,0.003408781,1,0.000016217,0.000002858,0.049739605,0.000000000,0.000000000,0.050000000,-0.000016032,0.000003782,-0.000260395,0.000260915,3.285243636
33.338116106,TRACKING,,0.004146104,1,0.000016217,0.000002858,0.049739605,0.000000000,0.000000000,0.050000000,-0.000016032,0.000003782,-0.000260395,0.000260915,3.285243636
33.348321078,TRACKING,,0.002847181,1,0.000015975,0.000002774,0.049743628,0.000000000,0.000000000,0.050000000,-0.000015786,0.000003722,-0.000256372,0.000256884,3.423469482
33.358169856,TRACKING,,0.000401312,1,0.000015731,0.000002783,0.049747531,0.000000000,0.000000000,0.050000000,-0.000015544,0.000003709,-0.000252469,0.000252974,3.396377786
33.368177734,TRACKING,,0.002791378,1,0.000015488,0.000002743,0.049751380,0.000000000,0.000000000,0.050000000,-0.000015305,0.000003648,-0.000248619,0.000249117,3.369398525
33.378291283,TRACKING,,0.002289143,1,0.000015308,0.000002684,0.049754376,0.000000000,0.000000000,0.050000000,-0.000015119,0.000003616,-0.000245624,0.000246116,3.513032982
33.389486476,TRACKING,,0.007735357,1,0.000015119,0.000002658,0.049757422,0.000000000,0.000000000,0.050000000,-0.000014934,0.000003573,-0.000242578,0.000243063,3.490855822
33.402631240,TRACKING,,0.006322452,1,0.000015119,0.000002658,0.049757422,0.000000000,0.000000000,0.050000000,-0.000014934,0.000003573,-0.000242578,0.000243063,3.490855822
33.412174878,TRACKING,,0.004035684,1,0.000014883,0.000002601,0.049761331,0.000000000,0.000000000,0.050000000,-0.000014703,0.000003494,-0.000238669,0.000239147,3.461518930
33.422246871,TRACKING,,0.000635214,1,0.000014699,0.000002571,0.049764503,0.000000000,0.000000000,0.050000000,-0.000014512,0.000003492,-0.000235497,0.000235969,3.615812988
33.432172824,TRACKING,,0.005302549,1,0.000014491,0.000002536,0.049767907,0.000000000,0.000000000,0.050000000,-0.000014308,0.000003438,-0.000232093,0.000232559,3.589451676
33.442742302,TRACKING,,0.004704142,1,0.000014326,0.000002448,0.049770664,0.000000000,0.000000000,0.050000000,-0.000014142,0.000003371,-0.000229335,0.000229796,3.716442651
33.452763240,TRACKING,,0.006591973,1,0.000014326,0.000002448,0.049770664,0.000000000,0.000000000,0.050000000,-0.000014142,0.000003371,-0.000229335,0.000229796,3.716442651
33.462775867,TRACKING,,0.002546790,1,0.000014070,0.000002454,0.049774788,0.000000000,0.000000000,0.050000000,-0.000013887,0.000003352,-0.000225212,0.000225665,3.683507621
33.472948782,TRACKING,,0.001268053,1,0.000013890,0.000002438,0.049777643,0.000000000,0.000000000,0.050000000,-0.000013710,0.000003319,-0.000222357,0.000222804,3.660330979
33.482959035,TRACKING,,0.000983097,1,0.000013722,0.000002368,0.049780350,0.000000000,0.000000000,0.050000000,-0.000013539,0.000003272,-0.000219650,0.000220091,3.800199558
33.493095143,TRACKING,,0.001030589,1,0.000013567,0.000002330,0.049782756,0.000000000,0.000000000,0.050000000,-0.000013388,0.000003219,-0.000217244,0.000217680,3.780362317
33.503214628,TRACKING,,0.003510890,1,0.000013374,0.000002299,0.049785758,0.000000000,0.000000000,0.050000000,-0.000013198,0.000003170,-0.000214242,0.000214672,3.755388226
33.514275654,TRACKING,,0.002768818,1,0.000013199,0.000002248,0.049788567,0.000000000,0.000000000,0.050000000,-0.000013020,0.000003139,-0.000211433,0.000211857,3.892074398
33.524085251,TRACKING,,0.004693456,1,0.000013199,0.000002248,0.049788567,0.000000000,0.000000000,0.050000000,-0.000013020,0.000003139,-0.000211433,0.000211857,3.892074398
33.534221358,TRACKING,,0.004110485,1,0.000012997,0.000002210,0.049791711,0.000000000,0.000000000,0.050000000,-0.000012822,0.000003081,-0.000208289,0.000208706,3.864861638
33.545549530,TRACKING,,0.002675021,1,0.000012854,0.000002114,0.049794021,0.000000000,0.000000000,0.050000000,-0.000012679,0.000003006,-0.000205979,0.000206391,4.003917679
33.555262954,TRACKING,,0.005079333,1,0.000012630,0.000002123,0.049797398,0.000000000,0.000000000,0.050000000,-0.000012456,0.000002993,-0.000202602,0.000203006,3.974203178
33.565351570,TRACKING,,0.003930012,1,0.000012462,0.000002068,0.049799924,0.000000000,0.000000000,0.050000000,-0.000012293,0.000002921,-0.000200076,0.000200474,3.951657956
33.575367759,TRACKING,,0.001917514,1,0.000012297,0.000002030,0.049802523,0.000000000,0.000000000,0.050000000,-0.000012125,0.000002901,-0.000197477,0.000197870,4.085637011
33.585284213,TRACKING,,0.000682707,1,0.000012131,0.000002003,0.049805022,0.000000000,0.000000000,0.050000000,-0.000011962,0.000002857,-0.000194978,0.000195365,4.062673427
33.596161206,TRACKING,,0.005131575,1,0.000012131,0.000002003,0.049805022,0.000000000,0.000000000,0.050000000,-0.000011962,0.000002857,-0.000194978,0.000195365,4.062673427
33.606425543,TRACKING,,0.005361914,1,0.000011917,0.000001930,0.049808208,0.000000000,0.000000000,0.050000000,-0.000011755,0.000002763,-0.000191792,0.000192172,4.032974919
33.617136312,TRACKING,,0.002666710,1,0.000011716,0.000001934,0.049811379,0.000000000,0.000000000,0.050000000,-0.000011548,0.000002778,-0.000188621,0.000188994,4.158642445
33.627252235,TRACKING,,0.001551821,1,0.000011560,0.000001913,0.049813739,0.000000000,0.000000000,0.050000000,-0.000011396,0.000002741,-0.000186260,0.000186629,4.135906034
33.637226868,TRACKING,,0.004375256,1,0.000011560,0.000001913,0.049813739,0.000000000,0.000000000,0.050000000,-0.000011396,0.000002741,-0.000186260,0.000186629,4.135906034
33.647310734,TRACKING,,0.003333980,1,0.000011384,0.000001904,0.049816451,0.000000000,0.000000000,0.050000000,-0.000011214,0.000002745,-0.000183549,0.000183911,4.263381986
33.657728236,TRACKING,,0.004338449,1,0.000011241,0.000001890,0.049818544,0.000000000,0.000000000,0.050000000,-0.000011074,0.000002717,-0.000181456,0.000181814,4.242862874
33.667685059,TRACKING,,0.006817563,1,0.000011071,0.000001889,0.049821001,0.000000000,0.000000000,0.050000000,-0.000010905,0.000002698,-0.000178998,0.000179351,4.218703416
33.678234353,TRACKING,,0.005054400,1,0.000010903,0.000001803,0.049823486,0.000000000,0.000000000,0.050000000,-0.000010738,0.000002624,-0.000176514,0.000176859,4.345647547
33.688268351,TRACKING,,0.000393002,1,0.000010703,0.000001784,0.049826384,0.000000000,0.000000000,0.050000000,-0.000010542,0.000002584,-0.000173616,0.000173955,4.316159231
33.698323722,TRACKING,,0.004903610,1,0.000010703,0.000001784,0.049826384,0.000000000,0.000000000,0.050000000,-0.000010542,0.000002584,-0.000173616,0.000173955,4.316159231
33.709356253,TRACKING,,0.003674740,1,0.000010559,0.000001726,0.049828505,0.000000000,0.000000000,0.050000000,-0.000010403,0.000002512,-0.000171495,0.000171829,4.294218136
33.719203843,TRACKING,,0.000195907,1,0.000010387,0.000001706,0.049831128,0.000000000,0.000000000,0.050000000,-0.000010228,0.000002501,-0.000168872,0.000169200,4.416105406
33.729206971,TRACKING,,0.004650712,1,0.000010230,0.000001658,0.049833431,0.000000000,0.000000000,0.050000000,-0.000010076,0.000002436,-0.000166569,0.000166891,4.391954285
33.739252843,TRACKING,,0.001976880,1,0.000010068,0.000001627,0.049835814,0.000000000,0.000000000,0.050000000,-0.000009911,0.000002414,-0.000164185,0.000164502,4.513635775
33.749506495,TRACKING,,0.000932042,1,0.000009925,0.000001593,0.049837875,0.000000000,0.000000000,0.050000000,-0.000009773,0.000002365,-0.000162125,0.000162437,4.491297462
33.759674661,TRACKING,,0.002150227,1,0.000009925,0.000001593,0.049837875,0.000000000,0.000000000,0.050000000,-0.000009773,0.000002365,-0.000162125,0.000162437,4.491297462
33.769474759,TRACKING,,0.001320295,1,0.000009755,0.000001615,0.049840395,0.000000000,0.000000000,0.050000000,-0.000009602,0.000002369,-0.000159605,0.000159911,4.463507845
33.781213742,TRACKING,,0.007951448,1,0.000009620,0.000001546,0.049842387,0.000000000,0.000000000,0.050000000,-0.000009468,0.000002310,-0.000157613,0.000157914,4.585467269
33.791246553,TRACKING,,0.000841806,1,0.000009472,0.000001513,0.049844513,0.000000000,0.000000000,0.050000000,-0.000009324,0.000002261,-0.000155486,0.000155782,4.561441244
33.801189129,TRACKING,,0.001376098,1,0.000009300,0.000001420,0.049847018,0.000000000,0.000000000,0.050000000,-0.000009156,0.000002173,-0.000152982,0.000153271,4.674073325
33.811211254,TRACKING,,0.005976943,1,0.000009300,0.000001420,0.049847018,0.000000000,0.000000000,0.050000000,-0.000009156,0.000002173,-0.000152982,0.000153271,4.674073325
33.821481529,TRACKING,,0.001690736,1,0.000009149,0.000001474,0.049849279,0.000000000,0.000000000,0.050000000,-0.000009002,0.000002211,-0.000150721,0.000151006,4.647554139
33.831412231,TRACKING,,0.005656368,1,0.000008994,0.000001450,0.049851492,0.000000000,0.000000000,0.050000000,-0.000008850,0.000002169,-0.000148508,0.000148787,4.621269064
33.841382115,TRACKING,,0.002328325,1,0.000008844,0.000001431,0.049853747,0.000000000,0.000000000,0.050000000,-0.000008698,0.000002156,-0.000146252,0.000146527,4.732557862
33.853081917,TRACKING,,0.002986097,1,0.000008724,0.000001392,0.049855473,0.000000000,0.000000000,0.050000000,-0.000008583,0.000002103,-0.000144527,0.000144797,4.711321954
33.863030429,TRACKING,,0.003686613,1,0.000008724,0.000001392,0.049855473,0.000000000,0.000000000,0.050000000,-0.000008583,0.000002103,-0.000144527,0.000144797,4.711321954
33.872886330,TRACKING,,0.004167476,1,0.000008574,0.000001354,0.049857604,0.000000000,0.000000000,0.050000000,-0.000008437,0.000002049,-0.000142396,0.000142661,4.684664081
33.882928640,TRACKING,,0.003310235,1,0.000008458,0.000001335,0.049859333,0.000000000,0.000000000,0.050000000,-0.000008319,0.000002037,-0.000140667,0.000140928,4.798264621
33.892981636,TRACKING,,0.002620404,1,0.000008334,0.000001322,0.049861077,0.000000000,0.000000000,0.050000000,-0.000008197,0.000002011,-0.000138923,0.000139179,4.776075267
33.903520244,TRACKING,,0.002704704,1,0.000008217,0.000001298,0.049862680,0.000000000,0.000000000,0.050000000,-0.000008084,0.000001974,-0.000137320,0.000137572,4.755550258
33.913277598,TRACKING,,0.000423872,1,0.000008037,0.000001232,0.049865200,0.000000000,0.000000000,0.050000000,-0.000007906,0.000001908,-0.000134800,0.000135045,4.854880332
33.923223736,TRACKING,,0.004436996,1,0.000008037,0.000001232,0.049865200,0.000000000,0.000000000,0.050000000,-0.000007906,0.000001908,-0.000134800,0.000135045,4.854880332
33.933377653,TRACKING,,0.001987565,1,0.000007895,0.000001260,0.049867245,0.000000000,0.000000000,0.050000000,-0.000007763,0.000001920,-0.000132755,0.000132995,4.827818710
33.943491202,TRACKING,,0.000990221,1,0.000007774,0.000001222,0.049868977,0.000000000,0.000000000,0.050000000,-0.000007642,0.000001886,-0.000131022,0.000131259,4.933290759
33.953601189,TRACKING,,0.000588909,1,0.000007662,0.000001187,0.049870519,0.000000000,0.000000000,0.050000000,-0.000007534,0.000001839,-0.000129481,0.000129713,4.912445854
33.963879775,TRACKING,,0.005839215,1,0.000007555,0.000001150,0.049871983,0.000000000,0.000000000,0.050000000,-0.000007432,0.000001790,-0.000128017,0.000128245,4.892487698
33.973811664,TRACKING,,0.002482676,1,0.000007555,0.000001150,0.049871983,0.000000000,0.000000000,0.050000000,-0.000007432,0.000001790,-0.000128017,0.000128245,4.892487698
33.983804107,TRACKING,,0.006620468,1,0.000007419,0.000001076,0.049873876,0.000000000,0.000000000,0.050000000,-0.000007299,0.000001718,-0.000126124,0.000126346,4.996112072
33.993724124,TRACKING,,0.002808000,1,0.000007275,0.000001149,0.049876015,0.000000000,0.000000000,0.050000000,-0.000007150,0.000001774,-0.000123985,0.000124204,4.965868600
34.006155311,TRACKING,,0.004239902,1,0.000007165,0.000001132,0.049877538,0.000000000,0.000000000,0.050000000,-0.000007043,0.000001745,-0.000122462,0.000122677,4.944019596
34.016089576,TRACKING,,0.003956133,1,0.000007039,0.000001113,0.049879348,0.000000000,0.000000000,0.050000000,-0.000006916,0.000001726,-0.000120652,0.000120862,5.033940840
34.026267240,TRACKING,,0.003564319,1,0.000006913,0.000001056,0.049881065,0.000000000,0.000000000,0.050000000,-0.000006796,0.000001655,-0.000118935,0.000119141,5.008539149
34.036206253,TRACKING,,0.007672430,1,0.000006913,0.000001056,0.049881065,0.000000000,0.000000000,0.050000000,-0.000006796,0.000001655,-0.000118935,0.000119141,5.008539149
34.046405289,TRACKING,,0.003237808,1,0.000006782,0.000001027,0.049882906,0.000000000,0.000000000,0.050000000,-0.000006666,0.000001626,-0.000117094,0.000117294,5.098052463
34.056516463,TRACKING,,0.003899142,1,0.000006652,0.000001044,0.049884840,0.000000000,0.000000000,0.050000000,-0.000006535,0.000001627,-0.000115160,0.000115357,5.068239586
34.067141745,TRACKING,,0.004455993,1,0.000006549,0.000000993,0.049886243,0.000000000,0.000000000,0.050000000,-0.000006438,0.000001565,-0.000113757,0.000113949,5.046269646
34.077273103,TRACKING,,0.001963819,1,0.000006443,0.000000982,0.049887785,0.000000000,0.000000000,0.050000000,-0.000006330,0.000001557,-0.000112215,0.000112404,5.155710627
34.088209461,TRACKING,,0.006678647,1,0.000006336,0.000000956,0.049889238,0.000000000,0.000000000,0.050000000,-0.000006226,0.000001519,-0.000110762,0.000110947,5.132160098
34.098148475,TRACKING,,0.000603156,1,0.000006245,0.000000928,0.049890528,0.000000000,0.000000000,0.050000000,-0.000006139,0.000001480,-0.000109472,0.000109654,5.110714342
34.108117171,TRACKING,,0.003047838,1,0.000006245,0.000000928,0.049890528,0.000000000,0.000000000,0.050000000,-0.000006139,0.000001480,-0.000109472,0.000109654,5.110714342
34.118142859,TRACKING,,0.004454806,1,0.000006150,0.000000881,0.049891853,0.000000000,0.000000000,0.050000000,-0.000006047,0.000001432,-0.000108147,0.000108325,5.176391632
34.128581732,TRACKING,,0.000035620,1,0.000006023,0.000000846,0.049893567,0.000000000,0.000000000,0.050000000,-0.000005924,0.000001383,-0.000106433,0.000106607,5.147606013
34.138472066,TRACKING,,0.003485956,1,0.000005923,0.000000817,0.049894917,0.000000000,0.000000000,0.050000000,-0.000005825,0.000001353,-0.000105083,0.000105253,5.229432350
34.149084287,TRACKING,,0.014043561,1,0.000005923,0.000000817,0.049894917,0.000000000,0.000000000,0.050000000,-0.000005825,0.000001353,-0.000105083,0.000105253,5.229432350
34.159240579,TRACKING,,0.007292488,1,0.000005798,0.000001115,0.049897131,0.000000000,0.000000000,0.050000000,-0.000005675,0.000001635,-0.000102869,0.000103038,5.191976822
34.169316134,TRACKING,,0.005405845,1,0.000005695,0.000001061,0.049898492,0.000000000,0.000000000,0.050000000,-0.000005577,0.000001570,-0.000101508,0.000101673,5.168318483
34.179230214,TRACKING,,0.002940979,1,0.000005590,0.000001035,0.049899948,0.000000000,0.000000000,0.050000000,-0.000005474,0.000001542,-0.000100052,0.000100214,5.242564818
34.189471993,TRACKING,,0.002828184,1,0.000005502,0.000001004,0.049901085,0.000000000,0.000000000,0.050000000,-0.000005390,0.000001500,-0.000098915,0.000099073,5.222180866
34.199552297,TRACKING,,0.000407249,1,0.000005404,0.000000957,0.049902395,0.000000000,0.000000000,0.050000000,-0.000005296,0.000001443,-0.000097605,0.000097759,5.198466591
34.209747771,TRACKING,,0.004394252,1,0.000005404,0.000000957,0.049902395,0.000000000,0.000000000,0.050000000,-0.000005296,0.000001443,-0.000097605,0.000097759,5.198466591
34.219660663,TRACKING,,0.004954666,1,0.000005311,0.000000888,0.049903583,0.000000000,0.000000000,0.050000000,-0.000005208,0.000001372,-0.000096416,0.000096567,5.271594953
34.229685164,TRACKING,,0.003305485,1,0.000005224,0.000000901,0.049904820,0.000000000,0.000000000,0.050000000,-0.000005121,0.000001375,-0.000095180,0.000095327,5.248778229
34.242663703,TRACKING,,0.008355136,1,0.000005140,0.000000885,0.049905974,0.000000000,0.000000000,0.050000000,-0.000005039,0.000001350,-0.000094026,0.000094170,5.227400562
34.250311199,TRACKING,,0.003659305,1,0.000005044,0.000000779,0.049907171,0.000000000,0.000000000,0.050000000,-0.000004952,0.000001241,-0.000092829,0.000092970,5.295097764
34.260237152,TRACKING,,0.003915764,1,0.000004953,0.000000867,0.049908555,0.000000000,0.000000000,0.050000000,-0.000004854,0.000001318,-0.000091445,0.000091583,5.268687463
34.270266402,TRACKING,,0.003115515,1,0.000004871,0.000000847,0.049909683,0.000000000,0.000000000,0.050000000,-0.000004773,0.000001296,-0.000090317,0.000090452,5.331688026
34.280338395,TRACKING,,0.001879520,1,0.000004787,0.000000821,0.049910838,0.000000000,0.000000000,0.050000000,-0.000004692,0.000001260,-0.000089162,0.000089294,5.309000799
34.290571862,TRACKING,,0.001877145,1,0.000004710,0.000000790,0.049911827,0.000000000,0.000000000,0.050000000,-0.000004619,0.000001221,-0.000088173,0.000088303,5.289222280
34.300618922,TRACKING,,0.001082831,1,0.000004710,0.000000790,0.049911827,0.000000000,0.000000000,0.050000000,-0.000004619,0.000001221,-0.000088173,0.000088303,5.289222280
34.310844078,TRACKING,,0.000037994,1,0.000004596,0.000000769,0.049913410,0.000000000,0.000000000,0.050000000,-0.000004506,0.000001193,-0.000086590,0.000086715,5.336813218
34.321301948,TRACKING,,0.004133043,1,0.000004505,0.000000726,0.049914576,0.000000000,0.000000000,0.050000000,-0.000004420,0.000001140,-0.000085424,0.000085546,5.312975137
34.331305077,TRACKING,,0.005404657,1,0.000004505,0.000000726,0.049914576,0.000000000,0.000000000,0.050000000,-0.000004420,0.000001140,-0.000085424,0.000085546,5.312975137
34.343222157,TRACKING,,0.001704984,1,0.000004400,0.000000724,0.049915983,0.000000000,0.000000000,0.050000000,-0.000004316,0.000001126,-0.000084017,0.000084135,5.283676585
34.353439003,TRACKING,,0.004420374,1,0.000004283,0.000000693,0.049917555,0.000000000,0.000000000,0.050000000,-0.000004201,0.000001087,-0.000082445,0.000082560,5.324845028
34.363426696,TRACKING,,0.001334542,1,0.000004283,0.000000693,0.049917555,0.000000000,0.000000000,0.050000000,-0.000004201,0.000001087,-0.000082445,0.000082560,5.324845028
34.373959367,TRACKING,,0.005475897,1,0.000004192,0.000000707,0.049918844,0.000000000,0.000000000,0.050000000,-0.000004110,0.000001090,-0.000081156,0.000081267,5.297252630
34.383742842,TRACKING,,0.002557476,1,0.000004115,0.000000670,0.049919886,0.000000000,0.000000000,0.050000000,-0.000004035,0.000001050,-0.000080114,0.000080223,5.343151964
34.393563125,TRACKING,,0.000738510,1,0.000004026,0.000000688,0.049921120,0.000000000,0.000000000,0.050000000,-0.000003946,0.000001058,-0.000078880,0.000078986,5.316190875
34.407702858,TRACKING,,0.008602097,1,0.000003945,0.000000664,0.049922159,0.000000000,0.000000000,0.050000000,-0.000003868,0.000001025,-0.000077841,0.000077943,5.293219654
34.417136076,TRACKING,,0.006242902,1,0.000003866,0.000000648,0.049923215,0.000000000,0.000000000,0.050000000,-0.000003790,0.000001004,-0.000076785,0.000076885,5.332308762
34.427180760,TRACKING,,0.003440839,1,0.000003781,0.000000617,0.049924340,0.000000000,0.000000000,0.050000000,-0.000003709,0.000000964,-0.000075660,0.000075757,5.306365125
34.437365548,TRACKING,,0.001433090,1,0.000003708,0.000000624,0.049925346,0.000000000,0.000000000,0.050000000,-0.000003635,0.000000966,-0.000074654,0.000074749,5.339512944
34.448085815,TRACKING,,0.006345012,1,0.000003708,0.000000624,0.049925346,0.000000000,0.000000000,0.050000000,-0.000003635,0.000000966,-0.000074654,0.000074749,5.339512944
34.458183929,TRACKING,,0.005479459,1,0.000003632,0.000000607,0.049926342,0.000000000,0.000000000,0.050000000,-0.000003561,0.000000940,-0.000073658,0.000073750,5.315495632
34.468604992,TRACKING,,0.002153789,1,0.000003560,0.000000668,0.049927439,0.000000000,0.000000000,0.050000000,-0.000003484,0.000000993,-0.000072561,0.000072652,5.288752487
34.478396779,TRACKING,,0.004623405,1,0.000003480,0.000000667,0.049928493,0.000000000,0.000000000,0.050000000,-0.000003405,0.000000986,-0.000071507,0.000071595,5.313693597
34.488576817,TRACKING,,0.002301016,1,0.000003408,0.000000681,0.049929497,0.000000000,0.000000000,0.050000000,-0.000003332,0.000000992,-0.000070503,0.000070588,5.288490344
34.498793663,TRACKING,,0.006729702,1,0.000003408,0.000000681,0.049929497,0.000000000,0.000000000,0.050000000,-0.000003332,0.000000992,-0.000070503,0.000070588,5.288490344
34.508784918,TRACKING,,0.000070051,1,0.000003270,0.000000578,0.049931192,0.000000000,0.000000000,0.050000000,-0.000003204,0.000000877,-0.000068808,0.000068888,5.291920852
34.518761926,TRACKING,,0.001923450,1,0.000003270,0.000000578,0.049931192,0.000000000,0.000000000,0.050000000,-0.000003204,0.000000877,-0.000068808,0.000068888,5.291920852
34.529806329,TRACKING,,0.003132137,1,0.000003204,0.000000554,0.049931992,0.000000000,0.000000000,0.050000000,-0.000003140,0.000000846,-0.000068008,0.000068086,5.270809728
34.539425955,TRACKING,,0.003835027,1,0.000003122,0.000000610,0.049933203,0.000000000,0.000000000,0.050000000,-0.000003054,0.000000894,-0.000066797,0.000066873,5.274317147
34.549454017,TRACKING,,0.002854305,1,0.000003062,0.000000628,0.049934050,0.000000000,0.000000000,0.050000000,-0.000002993,0.000000906,-0.000065950,0.000066024,5.251432246
34.559482079,TRACKING,,0.001314358,1,0.000002999,0.000000626,0.049934894,0.000000000,0.000000000,0.050000000,-0.000002931,0.000000896,-0.000065106,0.000065178,5.228344455
34.569637184,TRACKING,,0.000869114,1,0.000002942,0.000000608,0.049935648,0.000000000,0.000000000,0.050000000,-0.000002875,0.000000874,-0.000064352,0.000064422,5.239123172
34.579550077,TRACKING,,0.000091423,1,0.000002883,0.000000587,0.049936420,0.000000000,0.000000000,0.050000000,-0.000002818,0.000000847,-0.000063580,0.000063648,5.217549537
34.590411634,TRACKING,,0.003573818,1,0.000002883,0.000000587,0.049936420,0.000000000,0.000000000,0.050000000,-0.000002818,0.000000847,-0.000063580,0.000063648,5.217549537
34.600168988,TRACKING,,0.006000689,1,0.000002810,0.000000639,0.049937456,0.000000000,0.000000000,0.050000000,-0.000002741,0.000000891,-0.000062544,0.000062610,5.188270742
34.612032639,TRACKING,,0.005367851,1,0.000002741,0.000000610,0.049938285,0.000000000,0.000000000,0.050000000,-0.000002675,0.000000855,-0.000061715,0.000061778,5.189963034
34.622064263,TRACKING,,0.001491268,1,0.000002663,0.000000572,0.049939222,0.000000000,0.000000000,0.050000000,-0.000002602,0.000000810,-0.000060778,0.000060839,5.162700198
34.632192060,TRACKING,,0.000774129,1,0.000002605,0.000000570,0.049939991,0.000000000,0.000000000,0.050000000,-0.000002545,0.000000801,-0.000060009,0.000060069,5.140170028
34.642106140,TRACKING,,0.005718109,1,0.000002605,0.000000570,0.049939991,0.000000000,0.000000000,0.050000000,-0.000002545,0.000000801,-0.000060009,0.000060069,5.140170028
34.652442904,TRACKING,,0.009170821,1,0.000002547,0.000000552,0.049940744,0.000000000,0.000000000,0.050000000,-0.000002488,0.000000777,-0.000059256,0.000059313,5.135113559
34.662171763,TRACKING,,0.003683051,1,0.000002466,0.000000570,0.049941777,0.000000000,0.000000000,0.050000000,-0.000002406,0.000000787,-0.000058223,0.000058278,5.104041544
34.672399294,TRACKING,,0.000032058,1,0.000002408,0.000000596,0.049942547,0.000000000,0.000000000,0.050000000,-0.000002347,0.000000807,-0.000057453,0.000057506,5.091442888
34.682313374,TRACKING,,0.004105735,1,0.000002408,0.000000596,0.049942547,0.000000000,0.000000000,0.050000000,-0.000002347,0.000000807,-0.000057453,0.000057506,5.091442888
34.693096568,TRACKING,,0.001333354,1,0.000002339,0.000000663,0.049943570,0.000000000,0.000000000,0.050000000,-0.000002272,0.000000866,-0.000056429,0.000056482,5.059640080
34.705771155,TRACKING,,0.002473177,1,0.000002277,0.000000646,0.049944319,0.000000000,0.000000000,0.050000000,-0.000002212,0.000000843,-0.000055681,0.000055731,5.036120859
34.716039055,TRACKING,,0.002614467,1,0.000002209,0.000000638,0.049945186,0.000000000,0.000000000,0.050000000,-0.000002146,0.000000828,-0.000054813,0.000054862,5.012397841
34.726241652,TRACKING,,0.006112298,1,0.000002209,0.000000638,0.049945186,0.000000000,0.000000000,0.050000000,-0.000002146,0.000000828,-0.000054813,0.000054862,5.012397841
34.736339766,TRACKING,,0.001239557,1,0.000002138,0.000000652,0.049946162,0.000000000,0.000000000,0.050000000,-0.000002074,0.000000835,-0.000053838,0.000053884,4.981153856
34.746201604,TRACKING,,0.005373787,1,0.000004751,0.000000652,0.049947069,0.000000000,0.000000000,0.050000000,-0.000004681,0.000001060,-0.000052931,0.000053148,4.951605504
34.759098219,TRACKING,,0.004631716,1,0.000004532,0.000000629,0.049947944,0.000000000,0.000000000,0.050000000,-0.000004465,0.000001016,-0.000052056,0.000052257,4.924384579
34.769176149,TRACKING,,0.001702610,1,0.000004182,0.000000563,0.049948811,0.000000000,0.000000000,0.050000000,-0.000004122,0.000000918,-0.000051189,0.000051363,4.898246415
34.779409616,TRACKING,,0.006049370,1,0.000004182,0.000000563,0.049948811,0.000000000,0.000000000,0.050000000,-0.000004122,0.000000918,-0.000051189,0.000051363,4.898246415
34.789358128,TRACKING,,0.000895235,1,0.000011330,0.000000514,0.049949752,0.000000000,0.000000000,0.050000000,-0.000011256,0.000001475,-0.000050245,0.000051512,4.870277685
34.799664022,TRACKING,,0.005148198,1,0.000010587,0.000000337,0.049950710,0.000000000,0.000000000,0.050000000,-0.000010531,0.000001230,-0.000049288,0.000050415,4.843853811
34.809400005,TRACKING,,0.004466679,1,0.000022146,0.000000108,0.049951543,0.000000000,0.000000000,0.050000000,-0.000022080,0.000001972,-0.000048446,0.000053277,4.823341563
34.819553922,TRACKING,,0.003969194,1,0.000020719,-0.000000249,0.049952580,0.000000000,0.000000000,0.050000000,-0.000020688,0.000001488,-0.000047411,0.000051749,4.802179050
34.829903747,TRACKING,,0.004935668,1,0.000020719,-0.000000249,0.049952580,0.000000000,0.000000000,0.050000000,-0.000020688,0.000001488,-0.000047411,0.000051749,4.802179050
34.839940120,TRACKING,,0.002456554,1,0.000017900,-0.000000945,0.049954239,0.000000000,0.000000000,0.050000000,-0.000017936,0.000000550,-0.000045753,0.000049146,4.774803566
34.851081884,TRACKING,,0.002574099,1,0.000031562,-0.000001741,0.049956132,0.000000000,0.000000000,0.050000000,-0.000031630,0.000000880,-0.000043844,0.000054070,4.748562410
34.861112320,TRACKING,,0.000980722,1,0.000027632,-0.000002567,0.049957904,0.000000000,0.000000000,0.050000000,-0.000027780,-0.000000279,-0.000042075,0.000050420,4.726180582
34.873961443,TRACKING,,0.002524232,1,0.000022920,-0.000003549,0.049959834,0.000000000,0.000000000,0.050000000,-0.000023162,-0.000001655,-0.000040149,0.000046381,4.703811027
34.884256651,TRACKING,,0.002140729,1,0.000039902,-0.000004588,0.049961777,0.000000000,0.000000000,0.050000000,-0.000040186,-0.000001312,-0.000038178,0.000055445,4.682009641
34.894266903,TRACKING,,0.006181162,1,0.000033901,-0.000005781,0.049963934,0.000000000,0.000000000,0.050000000,-0.000034298,-0.000003005,-0.000036029,0.000049834,4.659983316
34.904011197,TRACKING,,0.002958788,1,0.000052487,-0.000007438,0.049966670,0.000000000,0.000000000,0.050000000,-0.000052968,-0.000003169,-0.000033248,0.000062619,4.634237954
34.914456007,TRACKING,,0.002635839,1,0.000044065,-0.000009156,0.049969474,0.000000000,0.000000000,0.050000000,-0.000044705,-0.000005578,-0.000030459,0.000054382,4.613582379
34.925064666,TRACKING,,0.006571789,1,0.000044065,-0.000009156,0.049969474,0.000000000,0.000000000,0.050000000,-0.000044705,-0.000005578,-0.000030459,0.000054382,4.613582379
34.935131909,TRACKING,,0.000833495,1,0.000031681,-0.000011701,0.049973386,0.000000000,0.000000000,0.050000000,-0.000032553,-0.000009127,-0.000026568,0.000042998,4.586158449
34.945417619,TRACKING,,0.000493923,1,0.000049493,-0.000014517,0.049977546,0.000000000,0.000000000,0.050000000,-0.000050535,-0.000010534,-0.000022356,0.000056254,4.559555070
34.955283019,TRACKING,,0.003770912,1,0.000036665,-0.000016988,0.049981038,0.000000000,0.000000000,0.050000000,-0.000037930,-0.000014031,-0.000018892,0.000044637,4.537635233
34.965257652,TRACKING,,0.003452712,1,0.000022876,-0.000019621,0.049984718,0.000000000,0.000000000,0.050000000,-0.000024377,-0.000017757,-0.000015241,0.000033791,4.516241017
34.975692963,TRACKING,,0.001339291,1,0.000022876,-0.000019621,0.049984718,0.000000000,0.000000000,0.050000000,-0.000024377,-0.000017757,-0.000015241,0.000033791,4.516241017
34.985444381,TRACKING,,0.002050493,1,0.000036928,-0.000023587,0.049989897,0.000000000,0.000000000,0.050000000,-0.000038682,-0.000020627,-0.000010016,0.000044968,4.484706986
34.995429699,TRACKING,,0.002441119,1,0.000017931,-0.000027135,0.049994124,0.000000000,0.000000000,0.050000000,-0.000019998,-0.000025659,-0.000005837,0.000033051,4.456809028
35.005770025,TRACKING,,0.001003281,1,0.000043770,-0.000030027,0.049997444,0.000000000,0.000000000,0.050000000,-0.000045967,-0.000026554,-0.000002427,0.000053141,4.436533417
35.016069983,TRACKING,,0.011391099,1,0.000043770,-0.000030027,0.049997444,0.000000000,0.000000000,0.050000000,-0.000045967,-0.000026554,-0.000002427,0.000053141,4.436533417
35.026183531,TRACKING,,0.003355352,1,0.000009160,-0.000035503,0.050004344,0.000000000,0.000000000,0.050000000,-0.000011844,-0.000034698,0.000004367,0.000036922,4.401608875
35.036310141,TRACKING,,0.001256179,1,0.000025255,-0.000039351,0.050008820,0.000000000,0.000000000,0.050000000,-0.000028153,-0.000037313,0.000008905,0.000047583,4.380179023
35.047867464,TRACKING,,0.001892580,1,-0.000000553,-0.000042834,0.050012859,0.000000000,0.000000000,0.050000000,-0.000002659,-0.000042757,0.000012852,0.000044726,4.360678934
35.057317304,TRACKING,,0.002384129,1,-0.000000553,-0.000042834,0.050012859,0.000000000,0.000000000,0.050000000,-0.000002659,-0.000042757,0.000012852,0.000044726,4.360678934
35.067477158,TRACKING,,0.002210780,1,-0.000039109,-0.000047701,0.050018755,0.000000000,0.000000000,0.050000000,0.000035455,-0.000050525,0.000018624,0.000064472,4.334820452
35.081260698,TRACKING,,0.001142197,1,-0.000026241,-0.000051938,0.050023449,0.000000000,0.000000000,0.050000000,0.000022358,-0.000053773,0.000023337,0.000062738,4.314681638
35.091118974,TRACKING,,0.004958227,1,-0.000071731,-0.000057057,0.050028863,0.000000000,0.000000000,0.050000000,0.000067380,-0.000062266,0.000028581,0.000096093,4.287766627
35.101194528,TRACKING,,0.003666429,1,-0.000110235,-0.000061109,0.050033003,0.000000000,0.000000000,0.050000000,0.000105509,-0.000069146,0.000032588,0.000130289,4.267082121
35.113324138,TRACKING,,0.005188567,1,-0.000093528,-0.000064673,0.050036695,0.000000000,0.000000000,0.050000000,0.000088652,-0.000071434,0.000036256,0.000119485,4.251354365
35.123194287,TRACKING,,0.000151977,1,-0.000150315,-0.000070034,0.050042210,0.000000000,0.000000000,0.050000000,0.000144941,-0.000080917,0.000041541,0.000171117,4.224037848
35.133385012,TRACKING,,0.004731450,1,-0.000150315,-0.000070034,0.050042210,0.000000000,0.000000000,0.050000000,0.000144941,-0.000080917,0.000041541,0.000171117,4.224037848
35.143360832,TRACKING,,0.003362476,1,-0.000191351,-0.000073702,0.050045534,0.000000000,0.000000000,0.050000000,0.000185631,-0.000087533,0.000044714,0.000210049,4.204877618
35.153472006,TRACKING,,0.001726356,1,-0.000187782,-0.000078122,0.050049938,0.000000000,0.000000000,0.050000000,0.000181849,-0.000091614,0.000048956,0.000209425,4.185635399
35.163984493,TRACKING,,0.001264491,1,-0.000236081,-0.000081981,0.050053357,0.000000000,0.000000000,0.050000000,0.000229781,-0.000098902,0.000052163,0.000255543,4.165212222
35.173760844,TRACKING,,0.004784879,1,-0.000230588,-0.000086064,0.050057264,0.000000000,0.000000000,0.050000000,0.000224119,-0.000102503,0.000055862,0.000252699,4.149127058
35.183788906,TRACKING,,0.002638214,1,-0.000291542,-0.000090452,0.050061075,0.000000000,0.000000000,0.050000000,0.000284651,-0.000111170,0.000059359,0.000311301,4.126777304
35.193930950,TRACKING,,0.005557821,1,-0.000291542,-0.000090452,0.050061075,0.000000000,0.000000000,0.050000000,0.000284651,-0.000111170,0.000059359,0.000311301,4.126777304
35.204114551,TRACKING,,0.002899424,1,-0.000361422,-0.000095237,0.050065439,0.000000000,0.000000000,0.050000000,0.000354067,-0.000120818,0.000063389,0.000379445,4.103264310
35.214387200,TRACKING,,0.001460397,1,-0.000404605,-0.000102155,0.050072293,0.000000000,0.000000000,0.050000000,0.000396826,-0.000130581,0.000069610,0.000423518,4.075101143
35.224458005,TRACKING,,0.002024372,1,-0.000404605,-0.000102155,0.050072293,0.000000000,0.000000000,0.050000000,0.000396826,-0.000130581,0.000069610,0.000423518,4.075101143
35.234382771,TRACKING,,0.000647087,1,-0.000494832,-0.000107890,0.050077185,0.000000000,0.000000000,0.050000000,0.000486498,-0.000142462,0.000074034,0.000512305,4.047109879
35.244388274,TRACKING,,0.005338169,1,-0.000493937,-0.000111943,0.050080751,0.000000000,0.000000000,0.050000000,0.000485479,-0.000146289,0.000077041,0.000512860,4.034347485
35.254516071,TRACKING,,0.002892300,1,-0.000573218,-0.000116762,0.050084690,0.000000000,0.000000000,0.050000000,0.000564297,-0.000156433,0.000080514,0.000591088,4.011605439
35.264666426,TRACKING,,0.002208406,1,-0.000641753,-0.000120788,0.050087534,0.000000000,0.000000000,0.050000000,0.000632441,-0.000165017,0.000082984,0.000658862,3.992153839
35.275346324,TRACKING,,0.003477646,1,-0.000641753,-0.000120788,0.050087534,0.000000000,0.000000000,0.050000000,0.000632441,-0.000165017,0.000082984,0.000658862,3.992153839
35.284740360,TRACKING,,0.005317984,1,-0.000672551,-0.000126696,0.050092346,0.000000000,0.000000000,0.050000000,0.000662975,-0.000172724,0.000086797,0.000690582,3.970908025
35.295087810,TRACKING,,0.003569068,1,-0.000747348,-0.000130748,0.050094109,0.000000000,0.000000000,0.050000000,0.000737376,-0.000181646,0.000088108,0.000764514,3.949002029
35.305152679,TRACKING,,0.000795501,1,-0.000750800,-0.000134805,0.050096788,0.000000000,0.000000000,0.050000000,0.000740742,-0.000185673,0.000089819,0.000768922,3.937323332
35.315153433,TRACKING,,0.000742072,1,-0.000818679,-0.000138352,0.050098684,0.000000000,0.000000000,0.050000000,0.000808277,-0.000193591,0.000091242,0.000836131,3.918976579
35.325372653,TRACKING,,0.001184941,1,-0.000818679,-0.000138352,0.050098684,0.000000000,0.000000000,0.050000000,0.000808277,-0.000193591,0.000091242,0.000836131,3.918976579
35.335550317,TRACKING,,0.005339356,1,-0.000920894,-0.000143573,0.050101374,0.000000000,0.000000000,0.050000000,0.000909988,-0.000205325,0.000093269,0.000937516,3.891775970
35.345454898,TRACKING,,0.015416098,1,-0.000920894,-0.000143573,0.050101374,0.000000000,0.000000000,0.050000000,0.000909988,-0.000205325,0.000093269,0.000937516,3.891775970
35.357221189,TRACKING,,0.004380005,1,-0.000972978,-0.000150086,0.050107934,0.000000000,0.000000000,0.050000000,0.000961800,-0.000214811,0.000098281,0.000990385,3.869075973
35.367154266,TRACKING,,0.001283488,1,-0.001063712,-0.000154328,0.050109089,0.000000000,0.000000000,0.050000000,0.001052119,-0.000224683,0.000098813,0.001080370,3.844424030
35.377321244,TRACKING,,0.000026121,1,-0.001058186,-0.000157605,0.050111232,0.000000000,0.000000000,0.050000000,0.001046615,-0.000227270,0.000099569,0.001075625,3.838543299
35.388485567,TRACKING,,0.005388036,1,-0.001132353,-0.000160884,0.050111716,0.000000000,0.000000000,0.050000000,0.001120458,-0.000235091,0.000099474,0.001149169,3.819033512
35.398323658,TRACKING,,0.002752196,1,-0.001223563,-0.000164962,0.050112971,0.000000000,0.000000000,0.050000000,0.001211276,-0.000244706,0.000100058,0.001239791,3.795678383
35.408278107,TRACKING,,0.001969756,1,-0.001213900,-0.000168033,0.050115203,0.000000000,0.000000000,0.050000000,0.001201677,-0.000246783,0.000100654,0.001230878,3.792111495
35.418253927,TRACKING,,0.001075707,1,-0.001288720,-0.000171187,0.050115553,0.000000000,0.000000000,0.050000000,0.001276189,-0.000254404,0.000100387,0.001305166,3.772587527
35.428394784,TRACKING,,0.000554476,1,-0.001359212,-0.000174089,0.050115590,0.000000000,0.000000000,0.050000000,0.001346396,-0.000261470,0.000099875,0.001375181,3.754011200
35.441185728,TRACKING,,0.007919391,1,-0.001339461,-0.000176671,0.050117537,0.000000000,0.000000000,0.050000000,0.001326769,-0.000262413,0.000100038,0.001356165,3.754202536
35.451266032,TRACKING,,0.000111608,1,-0.001429035,-0.000180285,0.050117774,0.000000000,0.000000000,0.050000000,0.001415995,-0.000271246,0.000099485,0.001445169,3.730542984
35.461162302,TRACKING,,0.004619843,1,-0.001429035,-0.000180285,0.050117774,0.000000000,0.000000000,0.050000000,0.001415995,-0.000271246,0.000099485,0.001445169,3.730542984
35.471297223,TRACKING,,0.003295986,1,-0.001500514,-0.000183070,0.050117546,0.000000000,0.000000000,0.050000000,0.001487203,-0.000278151,0.000098661,0.001516204,3.711754153
35.481340720,TRACKING,,0.002799689,1,-0.001494338,-0.000186267,0.050120444,0.000000000,0.000000000,0.050000000,0.001481117,-0.000280474,0.000099376,0.001510711,3.710971733
35.492070485,TRACKING,,0.002753383,1,-0.001571621,-0.000189232,0.050120632,0.000000000,0.000000000,0.050000000,0.001558119,-0.000287841,0.000098824,0.001587562,3.691189648
35.502170974,TRACKING,,0.002013686,1,-0.001642403,-0.000191806,0.050120102,0.000000000,0.000000000,0.050000000,0.001628646,-0.000294413,0.000097644,0.001657921,3.673382960
35.512204972,TRACKING,,0.006442371,1,-0.001630891,-0.000194720,0.050123113,0.000000000,0.000000000,0.050000000,0.001617263,-0.000296123,0.000098239,0.001647082,3.676623679
35.522202164,TRACKING,,0.004790816,1,-0.001718519,-0.000197879,0.050122870,0.000000000,0.000000000,0.050000000,0.001704589,-0.000304157,0.000097090,0.001734232,3.654429283
35.532582859,TRACKING,,0.001517388,1,-0.001813336,-0.000201259,0.050122549,0.000000000,0.000000000,0.050000000,0.001799085,-0.000312759,0.000095838,0.001828582,3.630860508
35.543003922,TRACKING,,0.006296331,1,-0.001813336,-0.000201259,0.050122549,0.000000000,0.000000000,0.050000000,0.001799085,-0.000312759,0.000095838,0.001828582,3.630860508
35.553917721,TRACKING,,0.001481769,1,-0.001811689,-0.000204397,0.050125267,0.000000000,0.000000000,0.050000000,0.001797554,-0.000315162,0.000095712,0.001827481,3.633065996
35.564268733,TRACKING,,0.003671178,1,-0.001922670,-0.000208200,0.050124621,0.000000000,0.000000000,0.050000000,0.001908181,-0.000324910,0.000093893,0.001937921,3.603793737
35.573998779,TRACKING,,0.005712173,1,-0.001922670,-0.000208200,0.050124621,0.000000000,0.000000000,0.050000000,0.001908181,-0.000324910,0.000093893,0.001937921,3.603793737
35.584099267,TRACKING,,0.002382941,1,-0.001944569,-0.000212274,0.050128177,0.000000000,0.000000000,0.050000000,0.001930147,-0.000329416,0.000094112,0.001960316,3.601092634
35.594520330,TRACKING,,0.006321264,1,-0.002026615,-0.000214992,0.050127307,0.000000000,0.000000000,0.050000000,0.002011939,-0.000336414,0.000092326,0.002041959,3.578905676
35.604158953,TRACKING,,0.006140792,1,-0.002026615,-0.000214992,0.050127307,0.000000000,0.000000000,0.050000000,0.002011939,-0.000336414,0.000092326,0.002041959,3.578905676
35.614329493,TRACKING,,0.000847743,1,-0.002056549,-0.000219383,0.050131000,0.000000000,0.000000000,0.050000000,0.002041933,-0.000341565,0.000092358,0.002072362,3.575990752
35.624293440,TRACKING,,0.004588973,1,-0.002147785,-0.000222325,0.050129631,0.000000000,0.000000000,0.050000000,0.002132891,-0.000349147,0.000089922,0.002163149,3.550863678
35.638540032,TRACKING,,0.001106577,1,-0.002241035,-0.000225377,0.050128459,0.000000000,0.000000000,0.050000000,0.002225865,-0.000356881,0.000087731,0.002256000,3.525332263
35.645216304,TRACKING,,0.003249681,1,-0.002241035,-0.000225377,0.050128459,0.000000000,0.000000000,0.050000000,0.002225865,-0.000356881,0.000087731,0.002256000,3.525332263
35.655291858,TRACKING,,0.007590505,1,-0.002219506,-0.000227974,0.050131099,0.000000000,0.000000000,0.050000000,0.002204564,-0.000357429,0.000086649,0.002235031,3.538413040
35.665260555,TRACKING,,0.003297173,1,-0.002305410,-0.000230509,0.050128918,0.000000000,0.000000000,0.050000000,0.002290219,-0.000364139,0.000083465,0.002320489,3.512981825
35.675768292,TRACKING,,0.007617813,1,-0.002305410,-0.000230509,0.050128918,0.000000000,0.000000000,0.050000000,0.002290219,-0.000364139,0.000083465,0.002320489,3.512981825
35.685608758,TRACKING,,0.003216437,1,-0.002299423,-0.000233157,0.050131567,0.000000000,0.000000000,0.050000000,0.002284402,-0.000365631,0.000082715,0.002314955,3.522717304
35.695734180,TRACKING,,0.003110765,1,-0.002374692,-0.000235536,0.050130649,0.000000000,0.000000000,0.050000000,0.002359462,-0.000371631,0.000080844,0.002389918,3.501119909
35.705712375,TRACKING,,0.000086674,1,-0.002456870,-0.000238158,0.050129856,0.000000000,0.000000000,0.050000000,0.002441417,-0.000378188,0.000079041,0.002471799,3.478416055
35.716357841,TRACKING,,0.003826716,1,-0.002430723,-0.000240473,0.050133503,0.000000000,0.000000000,0.050000000,0.002415520,-0.000378293,0.000078902,0.002446235,3.498128701
35.726093823,TRACKING,,0.005713360,1,-0.002430723,-0.000240473,0.050133503,0.000000000,0.000000000,0.050000000,0.002415520,-0.000378293,0.000078902,0.002446235,3.498128701
35.735991281,TRACKING,,0.004565226,1,-0.002570006,-0.000245076,0.050133683,0.000000000,0.000000000,0.050000000,0.002554445,-0.000389506,0.000077193,0.002585123,3.461234831
35.746324483,TRACKING,,0.001826090,1,-0.002555276,-0.000247855,0.050138282,0.000000000,0.000000000,0.050000000,0.002539954,-0.000390647,0.000077575,0.002570990,3.482271854
35.756350170,TRACKING,,0.004979599,1,-0.002555276,-0.000247855,0.050138282,0.000000000,0.000000000,0.050000000,0.002539954,-0.000390647,0.000077575,0.002570990,3.482271854
35.766152642,TRACKING,,0.003548884,1,-0.002643198,-0.000250524,0.050137585,0.000000000,0.000000000,0.050000000,0.002627643,-0.000397451,0.000075574,0.002658606,3.460122334
35.777091375,TRACKING,,0.007920578,1,-0.002629740,-0.000253466,0.050143489,0.000000000,0.000000000,0.050000000,0.002614443,-0.000398907,0.000076991,0.002645820,3.486805794
35.786841605,TRACKING,,0.004034497,1,-0.002740688,-0.000256904,0.050143922,0.000000000,0.000000000,0.050000000,0.002725113,-0.000407596,0.000075561,0.002756463,3.461819648
35.796672573,TRACKING,,0.002954040,1,-0.002838127,-0.000259896,0.050144441,0.000000000,0.000000000,0.050000000,0.002822313,-0.000415181,0.000074481,0.002853660,3.440829577
35.806609212,TRACKING,,0.005179068,1,-0.002838127,-0.000259896,0.050144441,0.000000000,0.000000000,0.050000000,0.002822313,-0.000415181,0.000074481,0.002853660,3.440829577
35.816701389,TRACKING,,0.003228309,1,-0.002844343,-0.000263197,0.050150327,0.000000000,0.000000000,0.050000000,0.002828757,-0.000417917,0.000075083,0.002860447,3.467487253
35.826712829,TRACKING,,0.001044838,1,-0.002940852,-0.000265986,0.050150384,0.000000000,0.000000000,0.050000000,0.002925033,-0.000425156,0.000073461,0.002956683,3.446071507
35.837126768,TRACKING,,0.001657491,1,-0.003045943,-0.000268910,0.050149991,0.000000000,0.000000000,0.050000000,0.003029870,-0.000432883,0.000071298,0.003061467,3.423122169
35.847165516,TRACKING,,0.006700019,1,-0.003045943,-0.000268910,0.050149991,0.000000000,0.000000000,0.050000000,0.003029870,-0.000432883,0.000071298,0.003061467,3.423122169
35.857013106,TRACKING,,0.003107203,1,-0.003051095,-0.000272242,0.050156350,0.000000000,0.000000000,0.050000000,0.003035303,-0.000435403,0.000071450,0.003067205,3.455162800
35.867437731,TRACKING,,0.001765538,1,-0.003144954,-0.000274648,0.050155326,0.000000000,0.000000000,0.050000000,0.003128938,-0.000441937,0.000068792,0.003160742,3.432613073
35.877573839,TRACKING,,0.000977161,1,-0.003134476,-0.000276875,0.050160349,0.000000000,0.000000000,0.050000000,0.003118739,-0.000442779,0.000068774,0.003150764,3.464623692
35.888440145,TRACKING,,0.000879800,1,-0.003214214,-0.000278822,0.050159173,0.000000000,0.000000000,0.050000000,0.003198282,-0.000448190,0.000066120,0.003230209,3.445584125
35.898357787,TRACKING,,0.005131575,1,-0.003305070,-0.000281058,0.050157983,0.000000000,0.000000000,0.050000000,0.003288920,-0.000454357,0.000063281,0.003320759,3.424465567
35.910109830,TRACKING,,0.002334261,1,-0.003307529,-0.000283827,0.050163833,0.000000000,0.000000000,0.050000000,0.003291672,-0.000456156,0.000062969,0.003323725,3.459241677
35.920356358,TRACKING,,0.006392503,1,-0.003307529,-0.000283827,0.050163833,0.000000000,0.000000000,0.050000000,0.003291672,-0.000456156,0.000062969,0.003323725,3.459241677
35.930334553,TRACKING,,0.002969475,1,-0.003409701,-0.000286246,0.050162291,0.000000000,0.000000000,0.050000000,0.003393600,-0.000462900,0.000059487,0.003425542,3.434922444
35.940417232,TRACKING,,0.000509358,1,-0.003513859,-0.000288815,0.050161288,0.000000000,0.000000000,0.050000000,0.003497523,-0.000469858,0.000056559,0.003529396,3.410870351
35.950787240,TRACKING,,0.005687239,1,-0.003487765,-0.000290792,0.050167677,0.000000000,0.000000000,0.050000000,0.003471794,-0.000469667,0.000056897,0.003503881,3.456261822
35.960804617,TRACKING,,0.000391814,1,-0.003613324,-0.000293788,0.050166442,0.000000000,0.000000000,0.050000000,0.003597072,-0.000477877,0.000053176,0.003629067,3.427360784
35.970773313,TRACKING,,0.003721045,1,-0.003613324,-0.000293788,0.050166442,0.000000000,0.000000000,0.050000000,0.003597072,-0.000477877,0.000053176,0.003629067,3.427360784
35.980812061,TRACKING,,0.001284675,1,-0.003609241,-0.000296354,0.050173478,0.000000000,0.000000000,0.050000000,0.003593336,-0.000479187,0.000053468,0.003625540,3.471219976
35.990855558,TRACKING,,0.005464023,1,-0.003707066,-0.000298534,0.050172086,0.000000000,0.000000000,0.050000000,0.003690934,-0.000485366,0.000050023,0.003723047,3.448839679
36.000963170,TRACKING,,0.003377911,1,-0.003799848,-0.000300537,0.050170512,0.000000000,0.000000000,0.050000000,0.003783498,-0.000491136,0.000046552,0.003815526,3.427956515
36.011311807,TRACKING,,0.002226215,1,-0.003783792,-0.000302670,0.050177678,0.000000000,0.000000000,0.050000000,0.003767825,-0.000491487,0.000046842,0.003800034,3.477521810
36.021104781,TRACKING,,0.003946635,1,-0.003783792,-0.000302670,0.050177678,0.000000000,0.000000000,0.050000000,0.003767825,-0.000491487,0.000046842,0.003800034,3.477521810
36.031291943,TRACKING,,0.002425685,1,-0.003905023,-0.000305419,0.050176653,0.000000000,0.000000000,0.050000000,0.003888796,-0.000499092,0.000043195,0.003920930,3.450169055
36.041509976,TRACKING,,0.001474645,1,-0.003886059,-0.000307463,0.050184295,0.000000000,0.000000000,0.050000000,0.003870237,-0.000499297,0.000043805,0.003902557,3.504327134
36.052132882,TRACKING,,0.005464023,1,-0.003986722,-0.000309586,0.050183044,0.000000000,0.000000000,0.050000000,0.003970670,-0.000505432,0.000040207,0.004002911,3.482412542
36.061638526,TRACKING,,0.000074801,1,-0.004079025,-0.000311482,0.050181718,0.000000000,0.000000000,0.050000000,0.004062761,-0.000510989,0.000036771,0.004094935,3.462732982
36.071666588,TRACKING,,0.000132980,1,-0.004088431,-0.000313928,0.050188928,0.000000000,0.000000000,0.050000000,0.004072511,-0.000512717,0.000035864,0.004104815,3.514312492
36.082116147,TRACKING,,0.003825528,1,-0.004088431,-0.000313928,0.050188928,0.000000000,0.000000000,0.050000000,0.004072511,-0.000512717,0.000035864,0.004104815,3.514312492
36.092147771,TRACKING,,0.000062927,1,-0.004220559,-0.000316818,0.050188438,0.000000000,0.000000000,0.050000000,0.004204368,-0.000520827,0.000032137,0.004236626,3.487356182
36.102211452,TRACKING,,0.010139669,1,-0.004220559,-0.000316818,0.050188438,0.000000000,0.000000000,0.050000000,0.004204368,-0.000520827,0.000032137,0.004236626,3.487356182
36.112333312,TRACKING,,0.004371694,1,-0.004375541,-0.000319952,0.050186801,0.000000000,0.000000000,0.050000000,0.004359012,-0.000530023,0.000026812,0.004391199,3.456380315
36.122629707,TRACKING,,0.001625435,1,-0.004379306,-0.000322522,0.050196555,0.000000000,0.000000000,0.050000000,0.004363201,-0.000531684,0.000027572,0.004395563,3.516063959
36.132586531,TRACKING,,0.003123826,1,-0.004498870,-0.000324842,0.050195303,0.000000000,0.000000000,0.050000000,0.004482506,-0.000538607,0.000023312,0.004514809,3.492421820
36.142798626,TRACKING,,0.000516482,1,-0.004525071,-0.000327345,0.050203298,0.000000000,0.000000000,0.050000000,0.004509045,-0.000541090,0.000021985,0.004541448,3.546677223
36.152584476,TRACKING,,0.005080520,1,-0.004525071,-0.000327345,0.050203298,0.000000000,0.000000000,0.050000000,0.004509045,-0.000541090,0.000021985,0.004541448,3.546677223
36.162895119,TRACKING,,0.003830278,1,-0.004636455,-0.000329395,0.050201963,0.000000000,0.000000000,0.050000000,0.004620180,-0.000547380,0.000017721,0.004652526,3.524966076
36.172791389,TRACKING,,0.001203937,1,-0.004769182,-0.000332025,0.050201334,0.000000000,0.000000000,0.050000000,0.004752640,-0.000555067,0.000013639,0.004784963,3.500157262
36.182881192,TRACKING,,0.004602032,1,-0.004772215,-0.000334199,0.050211101,0.000000000,0.000000000,0.050000000,0.004756111,-0.000556328,0.000013819,0.004788558,3.564371974
36.194385086,TRACKING,,0.009525828,1,-0.004916879,-0.000336874,0.050210012,0.000000000,0.000000000,0.050000000,0.004900472,-0.000564433,0.000008787,0.004932878,3.537452289
36.203931098,TRACKING,,0.004080801,1,-0.004916879,-0.000336874,0.050210012,0.000000000,0.000000000,0.050000000,0.004900472,-0.000564433,0.000008787,0.004932878,3.537452289
36.213905731,TRACKING,,0.002729637,1,-0.004938783,-0.000339320,0.050220041,0.000000000,0.000000000,0.050000000,0.004922804,-0.000566620,0.000008453,0.004955313,3.599776595
36.224081020,TRACKING,,0.000559225,1,-0.005048702,-0.000341106,0.050218336,0.000000000,0.000000000,0.050000000,0.005032470,-0.000572408,0.000003729,0.005064920,3.578116135
36.234657622,TRACKING,,0.005263367,1,-0.005166861,-0.000342944,0.050216134,0.000000000,0.000000000,0.050000000,0.005150349,-0.000578514,-0.000001642,0.005182738,3.555031392
36.244190574,TRACKING,,0.004962976,1,-0.005145579,-0.000344311,0.050225905,0.000000000,0.000000000,0.050000000,0.005129570,-0.000577989,-0.000001435,0.005162031,3.627185706
36.255215980,TRACKING,,0.002005375,1,-0.005260586,-0.000345886,0.050223014,0.000000000,0.000000000,0.050000000,0.005244283,-0.000583593,-0.000007461,0.005276660,3.603330727
36.265354463,TRACKING,,0.005800033,1,-0.005260586,-0.000345886,0.050223014,0.000000000,0.000000000,0.050000000,0.005244283,-0.000583593,-0.000007461,0.005276660,3.603330727
36.275565371,TRACKING,,0.004028560,1,-0.005386779,-0.000347695,0.050220139,0.000000000,0.000000000,0.050000000,0.005370170,-0.000589765,-0.000013649,0.005402475,3.576928531
36.285575623,TRACKING,,0.000762256,1,-0.005369986,-0.000348965,0.050229725,0.000000000,0.000000000,0.050000000,0.005353868,-0.000589231,-0.000014063,0.005386214,3.648988906
36.295551444,TRACKING,,0.004406126,1,-0.005498872,-0.000350755,0.050226750,0.000000000,0.000000000,0.050000000,0.005482439,-0.000595377,-0.000020539,0.005514711,3.621482857
36.305717234,TRACKING,,0.003323294,1,-0.005485143,-0.000352219,0.050237378,0.000000000,0.000000000,0.050000000,0.005469240,-0.000595152,-0.000020175,0.005501563,3.694867937
36.315926955,TRACKING,,0.002448244,1,-0.005485143,-0.000352219,0.050237378,0.000000000,0.000000000,0.050000000,0.005469240,-0.000595152,-0.000020175,0.005501563,3.694867937
36.326079685,TRACKING,,0.005585129,1,-0.005660716,-0.000354960,0.050235079,0.000000000,0.000000000,0.050000000,0.005644428,-0.000603854,-0.000027559,0.005676704,3.659295808
36.335827541,TRACKING,,0.004285020,1,-0.005768507,-0.000356363,0.050232381,0.000000000,0.000000000,0.050000000,0.005751942,-0.000608867,-0.000033269,0.005784174,3.637440179
36.346192801,TRACKING,,0.000827558,1,-0.005775306,-0.000358008,0.050242966,0.000000000,0.000000000,0.050000000,0.005759226,-0.000609520,-0.000034058,0.005791490,3.708649520
36.356023768,TRACKING,,0.005112579,1,-0.005775306,-0.000358008,0.050242966,0.000000000,0.000000000,0.050000000,0.005759226,-0.000609520,-0.000034058,0.005791490,3.708649520
36.366051830,TRACKING,,0.003895580,1,-0.005885906,-0.000359415,0.050240290,0.000000000,0.000000000,0.050000000,0.005869541,-0.000614572,-0.000039938,0.005901763,3.686062105
36.377678018,TRACKING,,0.002964726,1,-0.005988152,-0.000360708,0.050237786,0.000000000,0.000000000,0.050000000,0.005971525,-0.000619235,-0.000045373,0.006003717,3.665693802
36.387633654,TRACKING,,0.000116357,1,-0.006007176,-0.000362634,0.050249429,0.000000000,0.000000000,0.050000000,0.005991043,-0.000620628,-0.000045974,0.006023278,3.737338393
36.397636783,TRACKING,,0.003820780,1,-0.006133086,-0.000364284,0.050246882,0.000000000,0.000000000,0.050000000,0.006116643,-0.000626376,-0.000052309,0.006148854,3.712591349
36.407739646,TRACKING,,0.000871489,1,-0.006147366,-0.000365999,0.050258548,0.000000000,0.000000000,0.050000000,0.006131435,-0.000627388,-0.000052988,0.006163677,3.786577012
36.417823511,TRACKING,,0.000421497,1,-0.006254410,-0.000367357,0.050256431,0.000000000,0.000000000,0.050000000,0.006238209,-0.000632209,-0.000058473,0.006270435,3.765934310
36.427775585,TRACKING,,0.005139887,1,-0.006254410,-0.000367357,0.050256431,0.000000000,0.000000000,0.050000000,0.006238209,-0.000632209,-0.000058473,0.006270435,3.765934310
36.437855889,TRACKING,,0.002311702,1,-0.006365526,-0.000368714,0.050253974,0.000000000,0.000000000,0.050000000,0.006349040,-0.000637124,-0.000064335,0.006381252,3.744401101
36.448037115,TRACKING,,0.001067396,1,-0.006379807,-0.000370410,0.050266357,0.000000000,0.000000000,0.050000000,0.006363858,-0.000638123,-0.000064806,0.006396100,3.820571562
36.458025995,TRACKING,,0.004054680,1,-0.006508926,-0.000372036,0.050263990,0.000000000,0.000000000,0.050000000,0.006492657,-0.000643847,-0.000071319,0.006524893,3.795992018
36.468139544,TRACKING,,0.002208406,1,-0.006626969,-0.000373564,0.050262009,0.000000000,0.000000000,0.050000000,0.006610420,-0.000649094,-0.000077009,0.006642658,3.773660631
36.478229347,TRACKING,,0.001980442,1,-0.006623311,-0.000374817,0.050274449,0.000000000,0.000000000,0.050000000,0.006607332,-0.000649064,-0.000077000,0.006639582,3.852479909
36.489265439,TRACKING,,0.004010750,1,-0.006623311,-0.000374817,0.050274449,0.000000000,0.000000000,0.050000000,0.006607332,-0.000649064,-0.000077000,0.006639582,3.852479909
36.498241540,TRACKING,,0.002116983,1,-0.006743230,-0.000376178,0.050271809,0.000000000,0.000000000,0.050000000,0.006726938,-0.000654123,-0.000083491,0.006759182,3.829236850
36.510010206,TRACKING,,0.009015283,1,-0.006876409,-0.000377859,0.050269605,0.000000000,0.000000000,0.050000000,0.006859802,-0.000659917,-0.000089935,0.006892058,3.804158217
36.519946844,TRACKING,,0.003094143,1,-0.006910630,-0.000379488,0.050281817,0.000000000,0.000000000,0.050000000,0.006894515,-0.000661408,-0.000091896,0.006926777,3.877345347
36.530118572,TRACKING,,0.000245774,1,-0.007051768,-0.000381010,0.050278611,0.000000000,0.000000000,0.050000000,0.007035284,-0.000667144,-0.000099591,0.007067547,3.849642122
36.540121700,TRACKING,,0.004108109,1,-0.007051768,-0.000381010,0.050278611,0.000000000,0.000000000,0.050000000,0.007035284,-0.000667144,-0.000099591,0.007067547,3.849642122
36.552393787,TRACKING,,0.004381193,1,-0.007057745,-0.000382267,0.050291619,0.000000000,0.000000000,0.050000000,0.007041844,-0.000667371,-0.000099954,0.007074103,3.928117970
36.562307867,TRACKING,,0.000809749,1,-0.007195383,-0.000383753,0.050288683,0.000000000,0.000000000,0.050000000,0.007179124,-0.000672902,-0.000107376,0.007211390,3.900974804
36.572262315,TRACKING,,0.000257647,1,-0.007309308,-0.000384875,0.050285737,0.000000000,0.000000000,0.050000000,0.007292734,-0.000677353,-0.000113969,0.007325009,3.878797633
36.582404359,TRACKING,,0.004922608,1,-0.007304673,-0.000385840,0.050298817,0.000000000,0.000000000,0.050000000,0.007288692,-0.000676993,-0.000114280,0.007320957,3.960069498
36.592686507,TRACKING,,0.002369880,1,-0.007434244,-0.000387218,0.050296098,0.000000000,0.000000000,0.050000000,0.007417924,-0.000682123,-0.000121302,0.007450208,3.934964266
36.602415365,TRACKING,,0.000701703,1,-0.007440096,-0.000388314,0.050309396,0.000000000,0.000000000,0.050000000,0.007424369,-0.000682224,-0.000121846,0.007456644,4.014647731
36.612534851,TRACKING,,0.005446214,1,-0.007440096,-0.000388314,0.050309396,0.000000000,0.000000000,0.050000000,0.007424369,-0.000682224,-0.000121846,0.007456644,4.014647731
36.622603281,TRACKING,,0.000360944,1,-0.007589366,-0.000390091,0.050307371,0.000000000,0.000000000,0.050000000,0.007573280,-0.000688384,-0.000129160,0.007605598,3.987457323
36.632706144,TRACKING,,0.004263648,1,-0.007732862,-0.000391571,0.050304454,0.000000000,0.000000000,0.050000000,0.007716390,-0.000694053,-0.000137076,0.007748754,3.961710100
36.642692650,TRACKING,,0.001144572,1,-0.007769232,-0.000393071,0.050318519,0.000000000,0.000000000,0.050000000,0.007753319,-0.000695501,-0.000138752,0.007785687,4.038847270
36.652933241,TRACKING,,0.000960538,1,-0.007879871,-0.000394119,0.050316054,0.000000000,0.000000000,0.050000000,0.007863645,-0.000699726,-0.000145150,0.007896049,4.018859843
36.663122778,TRACKING,,0.005111391,1,-0.007879871,-0.000394119,0.050316054,0.000000000,0.000000000,0.050000000,0.007863645,-0.000699726,-0.000145150,0.007896049,4.018859843
36.672948996,TRACKING,,0.002923169,1,-0.008019400,-0.000395605,0.050313590,0.000000000,0.000000000,0.050000000,0.008002819,-0.000705174,-0.000152442,0.008035273,3.993469494
36.683006741,TRACKING,,0.001607624,1,-0.008026649,-0.000396623,0.050327630,0.000000000,0.000000000,0.050000000,0.008010674,-0.000705325,-0.000152805,0.008043117,4.072137594
36.693109604,TRACKING,,0.001048399,1,-0.008150225,-0.000397713,0.050324685,0.000000000,0.000000000,0.050000000,0.008133894,-0.000709851,-0.000160102,0.008166380,4.049336984
36.703506921,TRACKING,,0.000917794,1,-0.008260413,-0.000398668,0.050321950,0.000000000,0.000000000,0.050000000,0.008243763,-0.000713860,-0.000166671,0.008276292,4.029272096
36.713512424,TRACKING,,0.002039807,1,-0.008270025,-0.000399615,0.050336236,0.000000000,0.000000000,0.050000000,0.008253986,-0.000713973,-0.000167371,0.008286498,4.108762912
36.723400383,TRACKING,,0.007557259,1,-0.008270025,-0.000399615,0.050336236,0.000000000,0.000000000,0.050000000,0.008253986,-0.000713973,-0.000167371,0.008286498,4.108762912
36.735098997,TRACKING,,0.000029682,1,-0.008450922,-0.000402040,0.050346879,0.000000000,0.000000000,0.050000000,0.008435022,-0.000720277,-0.000177934,0.008467588,4.156835486
36.745066506,TRACKING,,0.004345573,1,-0.008450922,-0.000402040,0.050346879,0.000000000,0.000000000,0.050000000,0.008435022,-0.000720277,-0.000177934,0.008467588,4.156835486
36.755384273,TRACKING,,0.000765819,1,-0.008574526,-0.000403182,0.050344520,0.000000000,0.000000000,0.050000000,0.008558277,-0.000724859,-0.000184987,0.008590910,4.135777437
36.765304289,TRACKING,,0.006314141,1,-0.008737573,-0.000404858,0.050342149,0.000000000,0.000000000,0.050000000,0.008720900,-0.000731143,-0.000193629,0.008753636,4.109588946
36.775567439,TRACKING,,0.003583316,1,-0.008792444,-0.000406415,0.050357495,0.000000000,0.000000000,0.050000000,0.008776327,-0.000733354,-0.000195784,0.008809089,4.183555547
36.785653680,TRACKING,,0.001581504,1,-0.008943565,-0.000407989,0.050355648,0.000000000,0.000000000,0.050000000,0.008927064,-0.000739163,-0.000203585,0.008959927,4.159632981
36.795526203,TRACKING,,0.001249055,1,-0.009070592,-0.000409176,0.050353490,0.000000000,0.000000000,0.050000000,0.009053747,-0.000743857,-0.000210596,0.009086694,4.139166661
36.806510054,TRACKING,,0.006510048,1,-0.009088328,-0.000410159,0.050369051,0.000000000,0.000000000,0.050000000,0.009072124,-0.000744381,-0.000211187,0.009105061,4.217149548
36.816010948,TRACKING,,0.003932387,1,-0.009088328,-0.000410159,0.050369051,0.000000000,0.000000000,0.050000000,0.009072124,-0.000744381,-0.000211187,0.009105061,4.217149548
36.826048508,TRACKING,,0.003548884,1,-0.009251132,-0.000411751,0.050366771,0.000000000,0.000000000,0.050000000,0.009234506,-0.000750399,-0.000219769,0.009267551,4.190582503
36.836246356,TRACKING,,0.001281113,1,-0.009361272,-0.000413543,0.050381042,0.000000000,0.000000000,0.050000000,0.009345046,-0.000754275,-0.000225392,0.009378146,4.253099043
36.847103164,TRACKING,,0.005682489,1,-0.009361272,-0.000413543,0.050381042,0.000000000,0.000000000,0.050000000,0.009345046,-0.000754275,-0.000225392,0.009378146,4.253099043
36.856333350,TRACKING,,0.003983442,1,-0.009507280,-0.000414809,0.050378572,0.000000000,0.000000000,0.050000000,0.009490641,-0.000759513,-0.000233717,0.009523852,4.230405616
36.866652305,TRACKING,,0.001086393,1,-0.009650451,-0.000416044,0.050376164,0.000000000,0.000000000,0.050000000,0.009633409,-0.000764664,-0.000241874,0.009666736,4.208920086
36.876457151,TRACKING,,0.000154351,1,-0.009741935,-0.000417836,0.050392247,0.000000000,0.000000000,0.050000000,0.009725396,-0.000768159,-0.000245650,0.009758778,4.275996488
36.886767794,TRACKING,,0.005323920,1,-0.009874219,-0.000418965,0.050390180,0.000000000,0.000000000,0.050000000,0.009857310,-0.000772870,-0.000253158,0.009890802,4.256503137
36.896747176,TRACKING,,0.004380005,1,-0.010018268,-0.000420155,0.050387727,0.000000000,0.000000000,0.050000000,0.010000953,-0.000777928,-0.000261419,0.010034568,4.235196142
36.906848852,TRACKING,,0.004483301,1,-0.010051593,-0.000421062,0.050403587,0.000000000,0.000000000,0.050000000,0.010034883,-0.000778876,-0.000263035,0.010068501,4.308436711
36.916849605,TRACKING,,0.003724607,1,-0.010182847,-0.000421965,0.050400733,0.000000000,0.000000000,0.050000000,0.010165735,-0.000783178,-0.000271067,0.010199461,4.287743997
36.927052203,TRACKING,,0.008237591,1,-0.010182847,-0.000421965,0.050400733,0.000000000,0.000000000,0.050000000,0.010165735,-0.000783178,-0.000271067,0.010199461,4.287743997
36.936967470,TRACKING,,0.002273708,1,-0.010374393,-0.000423327,0.050396582,0.000000000,0.000000000,0.050000000,0.010356715,-0.000789412,-0.000282501,0.010390598,4.256935671
36.947215185,TRACKING,,0.006070741,1,-0.010432212,-0.000424275,0.050411620,0.000000000,0.000000000,0.050000000,0.010415055,-0.000790881,-0.000285702,0.010448947,4.322810127
36.956998660,TRACKING,,0.003557196,1,-0.010579768,-0.000425062,0.050407406,0.000000000,0.000000000,0.050000000,0.010562124,-0.000795267,-0.000295355,0.010596138,4.297829211
36.969205445,TRACKING,,0.001919888,1,-0.010707223,-0.000425861,0.050404124,0.000000000,0.000000000,0.050000000,0.010689187,-0.000799153,-0.000303231,0.010723307,4.276242095
36.979134960,TRACKING,,0.001118451,1,-0.010768414,-0.000426696,0.050419642,0.000000000,0.000000000,0.050000000,0.010750909,-0.000800394,-0.000306966,0.010785031,4.343497023
36.989104843,TRACKING,,0.000712389,1,-0.010887044,-0.000427259,0.050415898,0.000000000,0.000000000,0.050000000,0.010869135,-0.000803730,-0.000314906,0.010903359,4.322618432
36.999409550,TRACKING,,0.005138699,1,-0.010887044,-0.000427259,0.050415898,0.000000000,0.000000000,0.050000000,0.010869135,-0.000803730,-0.000314906,0.010903359,4.322618432
37.009175215,TRACKING,,0.004517734,1,-0.011007862,-0.000427781,0.050411756,0.000000000,0.000000000,0.050000000,0.010989533,-0.000807023,-0.000323159,0.011023863,4.300941739
37.019561846,TRACKING,,0.002968287,1,-0.011039871,-0.000428216,0.050425084,0.000000000,0.000000000,0.050000000,0.011022028,-0.000807272,-0.000325616,0.011056347,4.360747998
37.029572098,TRACKING,,0.001330980,1,-0.011164170,-0.000428936,0.050421562,0.000000000,0.000000000,0.050000000,0.011145936,-0.000810781,-0.000333371,0.011180357,4.338167212
37.039651215,TRACKING,,0.000771754,1,-0.011299487,-0.000429621,0.050417257,0.000000000,0.000000000,0.050000000,0.011280807,-0.000814480,-0.000342194,0.011315347,4.313698281
37.049577168,TRACKING,,0.005076959,1,-0.011329709,-0.000430109,0.050431845,0.000000000,0.000000000,0.050000000,0.011311570,-0.000814648,-0.000344268,0.011346092,4.376536820
37.059631351,TRACKING,,0.003594003,1,-0.011452006,-0.000430575,0.050427335,0.000000000,0.000000000,0.050000000,0.011433430,-0.000817733,-0.000352749,0.011468062,4.353559995
37.069909936,TRACKING,,0.003653368,1,-0.011452006,-0.000430575,0.050427335,0.000000000,0.000000000,0.050000000,0.011433430,-0.000817733,-0.000352749,0.011468062,4.353559995
37.080003300,TRACKING,,0.006977850,1,-0.011553592,-0.000431595,0.050440043,0.000000000,0.000000000,0.050000000,0.011535357,-0.000819948,-0.000358635,0.011570021,4.400458168
37.090055108,TRACKING,,0.003363664,1,-0.011690012,-0.000432143,0.050435035,0.000000000,0.000000000,0.050000000,0.011671293,-0.000823349,-0.000367982,0.011706083,4.374505962
37.100059424,TRACKING,,0.001008031,1,-0.011829770,-0.000432888,0.050430477,0.000000000,0.000000000,0.050000000,0.011810593,-0.000827027,-0.000376931,0.011845512,4.348313317
37.112332699,TRACKING,,0.001050774,1,-0.011860365,-0.000433303,0.050444334,0.000000000,0.000000000,0.050000000,0.011841692,-0.000827094,-0.000379082,0.011876593,4.405752173
37.122065119,TRACKING,,0.005238434,1,-0.011860365,-0.000433303,0.050444334,0.000000000,0.000000000,0.050000000,0.011841692,-0.000827094,-0.000379082,0.011876593,4.405752173
37.132063498,TRACKING,,0.003647431,1,-0.011998607,-0.000433958,0.050439467,0.000000000,0.000000000,0.050000000,0.011979459,-0.000830580,-0.000388226,0.012014492,4.379398182
37.142440631,TRACKING,,0.000691017,1,-0.012114847,-0.000434668,0.050435934,0.000000000,0.000000000,0.050000000,0.012095336,-0.000833690,-0.000395356,0.012130478,4.357741763
37.152250227,TRACKING,,0.005057962,1,-0.012180163,-0.000435396,0.050448978,0.000000000,0.000000000,0.050000000,0.012161051,-0.000834844,-0.000399230,0.012196209,4.406906193
37.163965463,TRACKING,,0.002455368,1,-0.012310264,-0.000436206,0.050445094,0.000000000,0.000000000,0.050000000,0.012290749,-0.000838290,-0.000407125,0.012326029,4.382571000
37.174065951,TRACKING,,0.000917795,1,-0.012376998,-0.000436781,0.050457188,0.000000000,0.000000000,0.050000000,0.012357833,-0.000839297,-0.000411611,0.012393139,4.429136501
37.183943224,TRACKING,,0.000249336,1,-0.012490413,-0.000437397,0.050453388,0.000000000,0.000000000,0.050000000,0.012470868,-0.000842182,-0.000418890,0.012506290,4.407886796
37.194125637,TRACKING,,0.003609438,1,-0.012490413,-0.000437397,0.050453388,0.000000000,0.000000000,0.050000000,0.012470868,-0.000842182,-0.000418890,0.012506290,4.407886796
37.204308050,TRACKING,,0.003140448,1,-0.012624027,-0.000438261,0.050449337,0.000000000,0.000000000,0.050000000,0.012604071,-0.000845687,-0.000426896,0.012639622,4.382683993
37.214413288,TRACKING,,0.003868272,1,-0.012662323,-0.000438846,0.050462394,0.000000000,0.000000000,0.050000000,0.012642818,-0.000846187,-0.000428877,0.012678360,4.430862741
37.225088436,TRACKING,,0.002172786,1,-0.012823423,-0.000439576,0.050456265,0.000000000,0.000000000,0.050000000,0.012803353,-0.000849992,-0.000439613,0.012839065,4.399800304
37.235584300,TRACKING,,0.006467305,1,-0.012823423,-0.000439576,0.050456265,0.000000000,0.000000000,0.050000000,0.012803353,-0.000849992,-0.000439613,0.012839065,4.399800304
37.245722783,TRACKING,,0.003548884,1,-0.012968884,-0.000440327,0.050450964,0.000000000,0.000000000,0.050000000,0.012948330,-0.000853488,-0.000448910,0.012984191,4.371701972
37.255854141,TRACKING,,0.002614467,1,-0.013015504,-0.000440952,0.050464297,0.000000000,0.000000000,0.050000000,0.012995393,-0.000854071,-0.000451293,0.013031245,4.418740256
37.266073361,TRACKING,,0.000322949,1,-0.013122572,-0.000441487,0.050460291,0.000000000,0.000000000,0.050000000,0.013102107,-0.000856531,-0.000458066,0.013138062,4.397258512
37.275791533,TRACKING,,0.004269585,1,-0.013195250,-0.000442100,0.050469899,0.000000000,0.000000000,0.050000000,0.013175029,-0.000857703,-0.000462420,0.013211013,4.429223178
37.286034499,TRACKING,,0.003857586,1,-0.013304994,-0.000442760,0.050466191,0.000000000,0.000000000,0.050000000,0.013284429,-0.000860348,-0.000469013,0.013320519,4.407617181
37.296119552,TRACKING,,0.002037433,1,-0.013424256,-0.000443402,0.050461679,0.000000000,0.000000000,0.050000000,0.013403301,-0.000863092,-0.000476445,0.013439509,4.383617132
37.306355394,TRACKING,,0.001984003,1,-0.013461772,-0.000443787,0.050472531,0.000000000,0.000000000,0.050000000,0.013441170,-0.000863312,-0.000478728,0.013477371,4.422055355
37.316476067,TRACKING,,0.003797033,1,-0.013461772,-0.000443787,0.050472531,0.000000000,0.000000000,0.050000000,0.013441170,-0.000863312,-0.000478728,0.013477371,4.422055355
37.326305847,TRACKING,,0.001106578,1,-0.013616368,-0.000444748,0.050467004,0.000000000,0.000000000,0.050000000,0.013595288,-0.000866920,-0.000487833,0.013631632,4.390257679
37.336421771,TRACKING,,0.001008030,1,-0.013713914,-0.000445158,0.050462642,0.000000000,0.000000000,0.050000000,0.013692488,-0.000868960,-0.000494298,0.013728935,4.369924374
37.346417775,TRACKING,,0.000628089,1,-0.013760857,-0.000445563,0.050472670,0.000000000,0.000000000,0.050000000,0.013739729,-0.000869350,-0.000497224,0.013776180,4.404232576
37.356523012,TRACKING,,0.005452150,1,-0.013760857,-0.000445563,0.050472670,0.000000000,0.000000000,0.050000000,0.013739729,-0.000869350,-0.000497224,0.013776180,4.404232576
37.366809909,TRACKING,,0.002125294,1,-0.013903564,-0.000446045,0.050465704,0.000000000,0.000000000,0.050000000,0.013881909,-0.000872080,-0.000506946,0.013918510,4.373299308
37.376683620,TRACKING,,0.005765601,1,-0.013986934,-0.000446747,0.050473341,0.000000000,0.000000000,0.050000000,0.013965433,-0.000873444,-0.000511606,0.014002070,4.394419853
37.386681999,TRACKING,,0.001695486,1,-0.014114676,-0.000447293,0.050467386,0.000000000,0.000000000,0.050000000,0.014092728,-0.000875970,-0.000519903,0.014129494,4.366698381
37.396839478,TRACKING,,0.001195626,1,-0.014209591,-0.000447717,0.050462700,0.000000000,0.000000000,0.050000000,0.014187311,-0.000877800,-0.000526028,0.014224170,4.345208560
37.407205925,TRACKING,,0.000692205,1,-0.014247396,-0.000447988,0.050470569,0.000000000,0.000000000,0.050000000,0.014225346,-0.000877859,-0.000528511,0.014262203,4.371451426
37.417092697,TRACKING,,0.003393346,1,-0.014247396,-0.000447988,0.050470569,0.000000000,0.000000000,0.050000000,0.014225346,-0.000877859,-0.000528511,0.014262203,4.371451426
37.427219306,TRACKING,,0.002761695,1,-0.014358835,-0.000448573,0.050465006,0.000000000,0.000000000,0.050000000,0.014336411,-0.000879963,-0.000535315,0.014373363,4.344589102
37.437220059,TRACKING,,0.002105110,1,-0.014442006,-0.000448949,0.050460480,0.000000000,0.000000000,0.050000000,0.014419291,-0.000881438,-0.000540619,0.014456319,4.324214289
37.447369228,TRACKING,,0.002248775,1,-0.014485992,-0.000449276,0.050467107,0.000000000,0.000000000,0.050000000,0.014463455,-0.000881626,-0.000543344,0.014500483,4.344775490
37.459409788,TRACKING,,0.008084427,1,-0.014485992,-0.000449276,0.050467107,0.000000000,0.000000000,0.050000000,0.014463455,-0.000881626,-0.000543344,0.014500483,4.344775490
37.468226789,TRACKING,,0.003848088,1,-0.014611459,-0.000449708,0.050459424,0.000000000,0.000000000,0.050000000,0.014588456,-0.000883538,-0.000551677,0.014625596,4.312235158
37.478157491,TRACKING,,0.003116702,1,-0.014679233,-0.000450268,0.050464195,0.000000000,0.000000000,0.050000000,0.014656320,-0.000884271,-0.000555360,0.014693471,4.322894505
37.488399270,TRACKING,,0.002016061,1,-0.014761631,-0.000450654,0.050459360,0.000000000,0.000000000,0.050000000,0.014738435,-0.000885591,-0.000560461,0.014775651,4.301220861
37.498428519,TRACKING,,0.002264209,1,-0.014838966,-0.000450989,0.050454556,0.000000000,0.000000000,0.050000000,0.014815496,-0.000886770,-0.000565363,0.014852775,4.280516944
37.508715416,TRACKING,,0.000568724,1,-0.014919287,-0.000451333,0.050455948,0.000000000,0.000000000,0.050000000,0.014895767,-0.000887246,-0.000570648,0.014933075,4.281266738
37.518405093,TRACKING,,0.003589253,1,-0.014919287,-0.000451333,0.050455948,0.000000000,0.000000000,0.050000000,0.014895767,-0.000887246,-0.000570648,0.014933075,4.281266738
37.528664681,TRACKING,,0.000464240,1,-0.014999629,-0.000451613,0.050449840,0.000000000,0.000000000,0.050000000,0.014975815,-0.000888081,-0.000575723,0.015013167,4.255632349
37.538727175,TRACKING,,0.000100922,1,-0.015074408,-0.000451715,0.050443133,0.000000000,0.000000000,0.050000000,0.015050287,-0.000888560,-0.000580965,0.015087683,4.230059998
37.549150613,TRACKING,,0.000562787,1,-0.015104796,-0.000451675,0.050445226,0.000000000,0.000000000,0.050000000,0.015080729,-0.000887868,-0.000583438,0.015118105,4.236505365
37.558966145,TRACKING,,0.003217624,1,-0.015157268,-0.000451712,0.050439537,0.000000000,0.000000000,0.050000000,0.015132990,-0.000887802,-0.000586862,0.015170366,4.213886232
37.569053573,TRACKING,,0.002111046,1,-0.015203109,-0.000451528,0.050433098,0.000000000,0.000000000,0.050000000,0.015178604,-0.000887283,-0.000590487,0.015215977,4.191011429
37.578898788,TRACKING,,0.005672991,1,-0.015203109,-0.000451528,0.050433098,0.000000000,0.000000000,0.050000000,0.015178604,-0.000887283,-0.000590487,0.015215977,4.191011429
37.589027772,TRACKING,,0.004070116,1,-0.015223496,-0.000451146,0.050432297,0.000000000,0.000000000,0.050000000,0.015198994,-0.000885637,-0.000592854,0.015236313,4.188979154
37.599077205,TRACKING,,0.003501391,1,-0.015252132,-0.000450832,0.050426335,0.000000000,0.000000000,0.050000000,0.015227462,-0.000884593,-0.000595346,0.015264748,4.168115247
37.609928077,TRACKING,,0.000131792,1,-0.015278011,-0.000450499,0.050420337,0.000000000,0.000000000,0.050000000,0.015253183,-0.000883441,-0.000597672,0.015290430,4.147252781
37.619178447,TRACKING,,0.003824342,1,-0.015291423,-0.000449930,0.050417002,0.000000000,0.000000000,0.050000000,0.015266569,-0.000881051,-0.000599630,0.015303723,4.136237430
37.629262313,TRACKING,,0.003293612,1,-0.015307889,-0.000449509,0.050410826,0.000000000,0.000000000,0.050000000,0.015282905,-0.000879478,-0.000601359,0.015319996,4.114850071
37.639614512,TRACKING,,0.001917514,1,-0.015307575,-0.000448997,0.050408024,0.000000000,0.000000000,0.050000000,0.015282598,-0.000877242,-0.000602135,0.015319593,4.105453676
37.649354056,TRACKING,,0.002126481,1,-0.015307575,-0.000448997,0.050408024,0.000000000,0.000000000,0.050000000,0.015282598,-0.000877242,-0.000602135,0.015319593,4.105453676
37.659979337,TRACKING,,0.002331887,1,-0.015317619,-0.000448353,0.050399640,0.000000000,0.000000000,0.050000000,0.015292503,-0.000874682,-0.000603711,0.015329390,4.076610776
37.670726912,TRACKING,,0.002196533,1,-0.015321498,-0.000447874,0.050393523,0.000000000,0.000000000,0.050000000,0.015296296,-0.000872687,-0.000604578,0.015333093,4.055350648
37.681215652,TRACKING,,0.006796190,1,-0.015314387,-0.000447321,0.050389293,0.000000000,0.000000000,0.050000000,0.015289182,-0.000870184,-0.000604792,0.015325864,4.040590856
37.691094112,TRACKING,,0.002433995,1,-0.015307491,-0.000446610,0.050381243,0.000000000,0.000000000,0.050000000,0.015282232,-0.000866994,-0.000604831,0.015318750,4.011262182
37.701296709,TRACKING,,0.001465147,1,-0.015297503,-0.000445930,0.050374796,0.000000000,0.000000000,0.050000000,0.015272197,-0.000864285,-0.000604910,0.015308589,3.989018431
37.711850752,TRACKING,,0.002059992,1,-0.015297503,-0.000445930,0.050374796,0.000000000,0.000000000,0.050000000,0.015272197,-0.000864285,-0.000604910,0.015308589,3.989018431
37.721635414,TRACKING,,0.000734948,1,-0.015272892,-0.000444963,0.050367321,0.000000000,0.000000000,0.050000000,0.015247603,-0.000860242,-0.000603934,0.015283787,3.961817622
37.732010172,TRACKING,,0.005469960,1,-0.015252579,-0.000444106,0.050360731,0.000000000,0.000000000,0.050000000,0.015227275,-0.000856997,-0.000603465,0.015263306,3.939240789
37.741463573,TRACKING,,0.003680676,1,-0.015223596,-0.000449865,0.050358449,0.000000000,0.000000000,0.050000000,0.015198429,-0.000859739,-0.000597793,0.015234459,3.914715345
37.751683980,TRACKING,,0.003411156,1,-0.015195719,-0.000448811,0.050352496,0.000000000,0.000000000,0.050000000,0.015170579,-0.000856179,-0.000596689,0.015206431,3.893762222
37.761841460,TRACKING,,0.003735293,1,-0.015195719,-0.000448811,0.050352496,0.000000000,0.000000000,0.050000000,0.015170579,-0.000856179,-0.000596689,0.015206431,3.893762222
37.773096018,TRACKING,,0.000543791,1,-0.015146344,-0.000446894,0.050343473,0.000000000,0.000000000,0.050000000,0.015121275,-0.000850235,-0.000594623,0.015156828,3.861970852
37.781799036,TRACKING,,0.003665241,1,-0.015087739,-0.000464946,0.050348624,0.000000000,0.000000000,0.050000000,0.015063124,-0.000863403,-0.000578286,0.015098926,3.830415382
37.792005195,TRACKING,,0.000121106,1,-0.015037464,-0.000462499,0.050340684,0.000000000,0.000000000,0.050000000,0.015012922,-0.000857340,-0.000576573,0.015048432,3.804052419
37.802005949,TRACKING,,0.004504673,1,-0.015037464,-0.000462499,0.050340684,0.000000000,0.000000000,0.050000000,0.015012922,-0.000857340,-0.000576573,0.015048432,3.804052419
37.812096938,TRACKING,,0.000078363,1,-0.014974876,-0.000493082,0.050355733,0.000000000,0.000000000,0.050000000,0.014951030,-0.000882829,-0.000551274,0.014987214,3.775852556
37.822252043,TRACKING,,0.004042807,1,-0.014909391,-0.000488822,0.050345903,0.000000000,0.000000000,0.050000000,0.014885629,-0.000874255,-0.000549795,0.014921412,3.746045135
37.834261734,TRACKING,,0.003462211,1,-0.014850112,-0.000483708,0.050336919,0.000000000,0.000000000,0.050000000,0.014826427,-0.000865408,-0.000549038,0.014861807,3.720872692
37.844358660,TRACKING,,0.000686269,1,-0.014761609,-0.000524398,0.050358346,0.000000000,0.000000000,0.050000000,0.014738884,-0.000899426,-0.000514614,0.014775266,3.686101721
37.856184316,TRACKING,,0.001813029,1,-0.014712961,-0.000518919,0.050350454,0.000000000,0.000000000,0.050000000,0.014690271,-0.000891068,-0.000515007,0.014726279,3.667116362
37.865913175,TRACKING,,0.002532543,1,-0.014712961,-0.000518919,0.050350454,0.000000000,0.000000000,0.050000000,0.014690271,-0.000891068,-0.000515007,0.014726279,3.667116362
37.875777387,TRACKING,,0.002963538,1,-0.014648113,-0.000510773,0.050339760,0.000000000,0.000000000,0.050000000,0.014625469,-0.000879184,-0.000515976,0.014660953,3.642751558
37.886059535,TRACKING,,0.001224122,1,-0.014556548,-0.000560948,0.050368648,0.000000000,0.000000000,0.050000000,0.014535038,-0.000922518,-0.000474656,0.014572017,3.609454389
37.896061475,TRACKING,,0.000385877,1,-0.014495159,-0.000551769,0.050358067,0.000000000,0.000000000,0.050000000,0.014473673,-0.000909979,-0.000476475,0.014510075,3.587807060
37.907767213,TRACKING,,0.006538543,1,-0.014439430,-0.000542303,0.050347793,0.000000000,0.000000000,0.050000000,0.014417949,-0.000897535,-0.000478937,0.014453795,3.568637900
37.917727598,TRACKING,,0.001352351,1,-0.014317689,-0.000598891,0.050379814,0.000000000,0.000000000,0.050000000,0.014297525,-0.000945581,-0.000431032,0.014335241,3.526402364
37.927812651,TRACKING,,0.000270707,1,-0.014258905,-0.000586771,0.050367871,0.000000000,0.000000000,0.050000000,0.014238710,-0.000930493,-0.000435089,0.014275713,3.507277248
37.937863272,TRACKING,,0.004508235,1,-0.014258905,-0.000586771,0.050367871,0.000000000,0.000000000,0.050000000,0.014238710,-0.000930493,-0.000435089,0.014275713,3.507277248
37.948059933,TRACKING,,0.004040433,1,-0.014148348,-0.000656763,0.050410356,0.000000000,0.000000000,0.050000000,0.014129655,-0.000992387,-0.000378803,0.014169526,3.469566375
37.958319521,TRACKING,,0.003336355,1,-0.014067358,-0.000637079,0.050392197,0.000000000,0.000000000,0.050000000,0.014048568,-0.000968825,-0.000386478,0.014087237,3.444327319
37.968121993,TRACKING,,0.001415280,1,-0.014003213,-0.000618472,0.050376053,0.000000000,0.000000000,0.050000000,0.013984312,-0.000947265,-0.000394466,0.014021908,3.424902661
37.978307968,TRACKING,,0.005715734,1,-0.014003213,-0.000618472,0.050376053,0.000000000,0.000000000,0.050000000,0.013984312,-0.000947265,-0.000394466,0.014021908,3.424902661
37.988396583,TRACKING,,0.000176910,1,-0.013865194,-0.000689253,0.050418775,0.000000000,0.000000000,0.050000000,0.013847898,-0.001008688,-0.000335140,0.013888630,3.379887854
37.998562373,TRACKING,,0.004835933,1,-0.013802456,-0.000669275,0.050401879,0.000000000,0.000000000,0.050000000,0.013785012,-0.000985963,-0.000344304,0.013824516,3.361501575
38.008678296,TRACKING,,0.003090581,1,-0.013673152,-0.000763864,0.050461557,0.000000000,0.000000000,0.050000000,0.013657655,-0.001071172,-0.000269554,0.013702248,3.318722174
38.018491454,TRACKING,,0.001269240,1,-0.013610387,-0.000738662,0.050441350,0.000000000,0.000000000,0.050000000,0.013594655,-0.001043435,-0.000282246,0.013637561,3.301037732
38.028615689,TRACKING,,0.000320575,1,-0.013555837,-0.000715476,0.050422865,0.000000000,0.000000000,0.050000000,0.013539879,-0.001018099,-0.000294259,0.013581290,3.285870844
38.038662747,TRACKING,,0.004961789,1,-0.013555837,-0.000715476,0.050422865,0.000000000,0.000000000,0.050000000,0.013539879,-0.001018099,-0.000294259,0.013581290,3.285870844
38.048772734,TRACKING,,0.003997689,1,-0.013434428,-0.000802596,0.050478086,0.000000000,0.000000000,0.050000000,0.013420252,-0.001096658,-0.000225277,0.013466870,3.246332170
38.060585330,TRACKING,,0.002020810,1,-0.013379748,-0.000776947,0.050458260,0.000000000,0.000000000,0.050000000,0.013365313,-0.001068977,-0.000238779,0.013410120,3.231568516
38.070334373,TRACKING,,0.001165943,1,-0.013315104,-0.000743777,0.050432942,0.000000000,0.000000000,0.050000000,0.013300325,-0.001033494,-0.000256689,0.013342887,3.214407719
38.080539345,TRACKING,,0.005597003,1,-0.013177506,-0.000843190,0.050496619,0.000000000,0.000000000,0.050000000,0.013164749,-0.001123399,-0.000177831,0.013213791,3.170028600
38.090478358,TRACKING,,0.001408156,1,-0.013110369,-0.000805385,0.050467950,0.000000000,0.000000000,0.050000000,0.013097181,-0.001083348,-0.000198984,0.013143416,3.152610578
38.100682143,TRACKING,,0.000336010,1,-0.013057315,-0.000772607,0.050443368,0.000000000,0.000000000,0.050000000,0.013043751,-0.001048875,-0.000217689,0.013087665,3.139142544
38.110609283,TRACKING,,0.004843057,1,-0.013057315,-0.000772607,0.050443368,0.000000000,0.000000000,0.050000000,0.013043751,-0.001048875,-0.000217689,0.013087665,3.139142544
38.123040470,TRACKING,,0.005548322,1,-0.012913607,-0.000878112,0.050511638,0.000000000,0.000000000,0.050000000,0.012902169,-0.001144626,-0.000134017,0.012953536,3.093212720
38.133118399,TRACKING,,0.003260367,1,-0.012856106,-0.000839228,0.050482985,0.000000000,0.000000000,0.050000000,0.012844207,-0.001104043,-0.000156461,0.012892519,3.079031063
38.143331682,TRACKING,,0.002787816,1,-0.012713059,-0.000955516,0.050558961,0.000000000,0.000000000,0.050000000,0.012703453,-0.001210498,-0.000065452,0.012761164,3.032937762
38.153404862,TRACKING,,0.000046305,1,-0.012666294,-0.000918341,0.050531833,0.000000000,0.000000000,0.050000000,0.012656211,-0.001172111,-0.000087643,0.012710672,3.021806469
38.163229893,TRACKING,,0.004281457,1,-0.012609103,-0.000868551,0.050495647,0.000000000,0.000000000,0.050000000,0.012598379,-0.001120939,-0.000117836,0.012648697,3.008497543
38.173344629,TRACKING,,0.004057055,1,-0.012465683,-0.000992700,0.050577348,0.000000000,0.000000000,0.050000000,0.012457359,-0.001235224,-0.000021427,0.012518468,2.962103494
38.183422558,TRACKING,,0.003274615,1,-0.012419771,-0.000945863,0.050543795,0.000000000,0.000000000,0.050000000,0.012410823,-0.001187446,-0.000050296,0.012467601,2.951914223
38.193601409,TRACKING,,0.002496924,1,-0.012375435,-0.000898600,0.050509990,0.000000000,0.000000000,0.050000000,0.012365864,-0.001139314,-0.000079608,0.012418493,2.942232365
38.203879994,TRACKING,,0.007119141,1,-0.012375435,-0.000898600,0.050509990,0.000000000,0.000000000,0.050000000,0.012365864,-0.001139314,-0.000079608,0.012418493,2.942232365
38.213684841,TRACKING,,0.003488331,1,-0.012325345,-0.000845124,0.050471736,0.000000000,0.000000000,0.050000000,0.012315082,-0.001084859,-0.000112817,0.012363288,2.931351661
38.223926619,TRACKING,,0.002834121,1,-0.012161287,-0.000979725,0.050560982,0.000000000,0.000000000,0.050000000,0.012153630,-0.001208590,-0.000007242,0.012213577,2.878958752
38.233989113,TRACKING,,0.000047492,1,-0.012111562,-0.000925229,0.050522356,0.000000000,0.000000000,0.050000000,0.012103196,-0.001153169,-0.000040990,0.012158077,2.868335454
38.243917441,TRACKING,,0.000466615,1,-0.011960614,-0.001044835,0.050601904,0.000000000,0.000000000,0.050000000,0.011954586,-0.001263048,0.000053288,0.012021242,2.820520665
38.253911071,TRACKING,,0.005862961,1,-0.011960614,-0.001044835,0.050601904,0.000000000,0.000000000,0.050000000,0.011954586,-0.001263048,0.000053288,0.012021242,2.820520665
38.263959317,TRACKING,,0.003490706,1,-0.011900220,-0.000969423,0.050548719,0.000000000,0.000000000,0.050000000,0.011893184,-0.001186697,0.000005865,0.011952243,2.808192828
38.274208219,TRACKING,,0.000795501,1,-0.011857037,-0.000907618,0.050505535,0.000000000,0.000000000,0.050000000,0.011849195,-0.001124344,-0.000033262,0.011902465,2.799903215
38.284357387,TRACKING,,0.000427434,1,-0.011686503,-0.001029584,0.050587136,0.000000000,0.000000000,0.050000000,0.011681087,-0.001235783,0.000064510,0.011746451,2.746819764
38.295484903,TRACKING,,0.006329575,1,-0.011648864,-0.000973623,0.050548029,0.000000000,0.000000000,0.050000000,0.011642701,-0.001179406,0.000028859,0.011702321,2.739726717
38.305021416,TRACKING,,0.003151134,1,-0.011473778,-0.001102755,0.050634865,0.000000000,0.000000000,0.050000000,0.011470172,-0.001297859,0.000131976,0.011544120,2.685178132
38.315221639,TRACKING,,0.002144291,1,-0.011434865,-0.001036744,0.050588898,0.000000000,0.000000000,0.050000000,0.011430352,-0.001231591,0.000089475,0.011496859,2.678333440
38.325313816,TRACKING,,0.005283551,1,-0.011434865,-0.001036744,0.050588898,0.000000000,0.000000000,0.050000000,0.011430352,-0.001231591,0.000089475,0.011496859,2.678333440
38.335428552,TRACKING,,0.004485675,1,-0.011392848,-0.000963664,0.050537944,0.000000000,0.000000000,0.050000000,0.011387346,-0.001158268,0.000042247,0.011446179,2.671075265
38.345695264,TRACKING,,0.003831466,1,-0.011223583,-0.001113560,0.050639564,0.000000000,0.000000000,0.050000000,0.011220915,-0.001297524,0.000159255,0.011296808,2.617096743
38.355514358,TRACKING,,0.001655117,1,-0.011182731,-0.001038292,0.050587380,0.000000000,0.000000000,0.050000000,0.011179033,-0.001222104,0.000110588,0.011246179,2.610309961
38.365684898,TRACKING,,0.001241931,1,-0.011146476,-0.000968868,0.050539221,0.000000000,0.000000000,0.050000000,0.011141843,-0.001152577,0.000065530,0.011201491,2.604450238
38.375712960,TRACKING,,0.004594909,1,-0.010967490,-0.001117171,0.050640444,0.000000000,0.000000000,0.050000000,0.010965694,-0.001290073,0.000182602,0.011042829,2.548120591
38.385807511,TRACKING,,0.004758758,1,-0.010935114,-0.001053796,0.050596524,0.000000000,0.000000000,0.050000000,0.010932448,-0.001226633,0.000141379,0.011001956,2.542949144
38.396627512,TRACKING,,0.003962070,1,-0.010935114,-0.001053796,0.050596524,0.000000000,0.000000000,0.050000000,0.010932448,-0.001226633,0.000141379,0.011001956,2.542949144
38.409161996,TRACKING,,0.000645900,1,-0.010703348,-0.001110744,0.050634961,0.000000000,0.000000000,0.050000000,0.010702294,-0.001272646,0.000199634,0.010779545,2.477759325
38.419160375,TRACKING,,0.004020249,1,-0.010703348,-0.001110744,0.050634961,0.000000000,0.000000000,0.050000000,0.010702294,-0.001272646,0.000199634,0.010779545,2.477759325
38.429253739,TRACKING,,0.003347040,1,-0.010664520,-0.001025069,0.050575861,0.000000000,0.000000000,0.050000000,0.010662299,-0.001187060,0.000143631,0.010729136,2.472192468
38.440165163,TRACKING,,0.001823715,1,-0.010631778,-0.000951783,0.050525211,0.000000000,0.000000000,0.050000000,0.010628574,-0.001113873,0.000095585,0.010687209,2.467584470
38.450116050,TRACKING,,0.003119077,1,-0.010431646,-0.001087876,0.050619135,0.000000000,0.000000000,0.050000000,0.010431113,-0.001239104,0.000206271,0.010506476,2.406690241
38.460445689,TRACKING,,0.001950759,1,-0.010397003,-0.001010698,0.050565712,0.000000000,0.000000000,0.050000000,0.010395413,-0.001162068,0.000155539,0.010461320,2.401796506
38.470474939,TRACKING,,0.005371412,1,-0.010397003,-0.001010698,0.050565712,0.000000000,0.000000000,0.050000000,0.010395413,-0.001162068,0.000155539,0.010461320,2.401796506
38.480256039,TRACKING,,0.004464304,1,-0.010203470,-0.001181905,0.050684220,0.000000000,0.000000000,0.050000000,0.010205060,-0.001322320,0.000289965,0.010294457,2.340979258
38.491810988,TRACKING,,0.009663556,1,-0.010171062,-0.001107392,0.050632693,0.000000000,0.000000000,0.050000000,0.010171607,-0.001248001,0.000240881,0.010250713,2.336520660
38.501209773,TRACKING,,0.005510328,1,-0.010130656,-0.001009805,0.050565170,0.000000000,0.000000000,0.050000000,0.010129860,-0.001150712,0.000176382,0.010196534,2.331234952
38.512020275,TRACKING,,0.005243183,1,-0.009935625,-0.001192727,0.050692414,0.000000000,0.000000000,0.050000000,0.009938170,-0.001322698,0.000319249,0.010030886,2.269562405
38.522061397,TRACKING,,0.004004813,1,-0.009905152,-0.001116795,0.050639818,0.000000000,0.000000000,0.050000000,0.009906627,-0.001247028,0.000268868,0.009988425,2.265627981
38.532315049,TRACKING,,0.004257711,1,-0.009905152,-0.001116795,0.050639818,0.000000000,0.000000000,0.050000000,0.009906627,-0.001247028,0.000268868,0.009988425,2.265627981
38.542282558,TRACKING,,0.000295641,1,-0.009863113,-0.001006007,0.050563338,0.000000000,0.000000000,0.050000000,0.009863076,-0.001136637,0.000195396,0.009930277,2.260583504
38.552481593,TRACKING,,0.004902424,1,-0.009655799,-0.001173219,0.050680781,0.000000000,0.000000000,0.050000000,0.009658901,-0.001292991,0.000328893,0.009750608,2.196751351
38.562386174,TRACKING,,0.001824903,1,-0.009620583,-0.001078153,0.050615228,0.000000000,0.000000000,0.050000000,0.009622373,-0.001198271,0.000265772,0.009700337,2.192589919
38.572599457,TRACKING,,0.000777691,1,-0.009414979,-0.001268927,0.050749662,0.000000000,0.000000000,0.050000000,0.009420290,-0.001378141,0.000415763,0.009529638,2.128334002
38.582703507,TRACKING,,0.005399909,1,-0.009414979,-0.001268927,0.050749662,0.000000000,0.000000000,0.050000000,0.009420290,-0.001378141,0.000415763,0.009529638,2.128334002
38.592633021,TRACKING,,0.002563412,1,-0.009384186,-0.001175803,0.050685581,0.000000000,0.000000000,0.050000000,0.009388187,-0.001285428,0.000353696,0.009482377,2.125186309
38.602630213,TRACKING,,0.000170973,1,-0.009352276,-0.001071314,0.050613836,0.000000000,0.000000000,0.050000000,0.009354846,-0.001181431,0.000283993,0.009433428,2.122405581
38.612864868,TRACKING,,0.001951946,1,-0.009132670,-0.001226702,0.050724930,0.000000000,0.000000000,0.050000000,0.009138276,-0.001326249,0.000411065,0.009243159,2.056682173
38.622872745,TRACKING,,0.001131511,1,-0.009103070,-0.001126178,0.050655831,0.000000000,0.000000000,0.050000000,0.009107273,-0.001226235,0.000343788,0.009195883,2.054222039
38.633013602,TRACKING,,0.005991192,1,-0.009103070,-0.001126178,0.050655831,0.000000000,0.000000000,0.050000000,0.009107273,-0.001226235,0.000343788,0.009195883,2.054222039
38.643066597,TRACKING,,0.000055804,1,-0.009073389,-0.001025229,0.050586304,0.000000000,0.000000000,0.050000000,0.009076210,-0.001125803,0.000276090,0.009149931,2.051791546
38.653082786,TRACKING,,0.003702048,1,-0.008836084,-0.001201540,0.050712810,0.000000000,0.000000000,0.050000000,0.008842263,-0.001291013,0.000419337,0.008945847,1.980731647
38.663154778,TRACKING,,0.001873583,1,-0.008806174,-0.001098010,0.050641502,0.000000000,0.000000000,0.050000000,0.008810906,-0.001188041,0.000349795,0.008897520,1.978335392
38.673109227,TRACKING,,0.001600500,1,-0.008599957,-0.001286882,0.050776758,0.000000000,0.000000000,0.050000000,0.008608164,-0.001367085,0.000499270,0.008730331,1.915288536
38.683371189,TRACKING,,0.001442588,1,-0.008599957,-0.001286882,0.050776758,0.000000000,0.000000000,0.050000000,0.008608164,-0.001367085,0.000499270,0.008730331,1.915288536
38.693412312,TRACKING,,0.001143384,1,-0.008558469,-0.001127842,0.050667092,0.000000000,0.000000000,0.050000000,0.008564413,-0.001208993,0.000391916,0.008658200,1.912646868
38.703992475,TRACKING,,0.001750102,1,-0.008332012,-0.001313187,0.050801111,0.000000000,0.000000000,0.050000000,0.008341459,-0.001384209,0.000541012,0.008472819,1.845098826
38.713957609,TRACKING,,0.004414437,1,-0.008332012,-0.001313187,0.050801111,0.000000000,0.000000000,0.050000000,0.008341459,-0.001384209,0.000541012,0.008472819,1.845098826
38.724613760,TRACKING,,0.003782786,1,-0.008301316,-0.001175638,0.050706264,0.000000000,0.000000000,0.050000000,0.008308785,-0.001247564,0.000447737,0.008413845,1.844031047
38.734631136,TRACKING,,0.006321264,1,-0.008273800,-0.001046103,0.050616820,0.000000000,0.000000000,0.050000000,0.008279448,-0.001118895,0.000359686,0.008362449,1.843416560
38.744668697,TRACKING,,0.004308765,1,-0.008045192,-0.001232669,0.050752491,0.000000000,0.000000000,0.050000000,0.008054320,-0.001295610,0.000510048,0.008173789,1.775693581
38.754823801,TRACKING,,0.001864085,1,-0.008020265,-0.001113121,0.050669735,0.000000000,0.000000000,0.050000000,0.008027675,-0.001176879,0.000428508,0.008124791,1.775054459
38.764812681,TRACKING,,0.004104548,1,-0.008020265,-0.001113121,0.050669735,0.000000000,0.000000000,0.050000000,0.008027675,-0.001176879,0.000428508,0.008124791,1.775054459
38.777179754,TRACKING,,0.005510328,1,-0.007991714,-0.000973762,0.050573376,0.000000000,0.000000000,0.050000000,0.007997176,-0.001038461,0.000333528,0.008071212,1.774533374
38.787104519,TRACKING,,0.000951039,1,-0.007756460,-0.001157734,0.050708299,0.000000000,0.000000000,0.050000000,0.007765335,-0.001212839,0.000483020,0.007874307,1.705777521
38.797383104,TRACKING,,0.005542386,1,-0.007732319,-0.001041310,0.050627594,0.000000000,0.000000000,0.050000000,0.007739530,-0.001097205,0.000403448,0.007827321,1.705074823
38.807320930,TRACKING,,0.002924357,1,-0.007488417,-0.001257050,0.050785616,0.000000000,0.000000000,0.050000000,0.007499574,-0.001303148,0.000576143,0.007633725,1.633561459
38.817468911,TRACKING,,0.001232433,1,-0.007466104,-0.001138697,0.050703472,0.000000000,0.000000000,0.050000000,0.007475526,-0.001185633,0.000494968,0.007585131,1.633219364
38.829125969,TRACKING,,0.002433996,1,-0.007466104,-0.001138697,0.050703472,0.000000000,0.000000000,0.050000000,0.007475526,-0.001185633,0.000494968,0.007585131,1.633219364
38.838903507,TRACKING,,0.004197158,1,-0.007433494,-0.000961729,0.050580486,0.000000000,0.000000000,0.050000000,0.007440388,-0.001009918,0.000373390,0.007517893,1.632984982
38.849030116,TRACKING,,0.003753103,1,-0.007202945,-0.001173213,0.050735963,0.000000000,0.000000000,0.050000000,0.007213622,-0.001212489,0.000542223,0.007334881,1.565778039
38.859118731,TRACKING,,0.000705265,1,-0.007180228,-0.001044364,0.050646238,0.000000000,0.000000000,0.050000000,0.007189027,-0.001084570,0.000453422,0.007284503,1.565651303
38.870420781,TRACKING,,0.006360446,1,-0.007180228,-0.001044364,0.050646238,0.000000000,0.000000000,0.050000000,0.007189027,-0.001084570,0.000453422,0.007284503,1.565651303
38.880098585,TRACKING,,0.001380847,1,-0.007163104,-0.000946591,0.050578022,0.000000000,0.000000000,0.050000000,0.007170502,-0.000987506,0.000385907,0.007248462,1.565610372
38.890111212,TRACKING,,0.001036526,1,-0.006913120,-0.001140231,0.050722398,0.000000000,0.000000000,0.050000000,0.006924062,-0.001172394,0.000544125,0.007043665,1.495319174
38.900273440,TRACKING,,0.000165037,1,-0.006887026,-0.000990116,0.050617562,0.000000000,0.000000000,0.050000000,0.006895774,-0.001023365,0.000440297,0.006985187,1.495062746
38.910290816,TRACKING,,0.004758758,1,-0.006887026,-0.000990116,0.050617562,0.000000000,0.000000000,0.050000000,0.006895774,-0.001023365,0.000440297,0.006985187,1.495062746
38.921195117,TRACKING,,0.004850182,1,-0.006646951,-0.001226404,0.050792346,0.000000000,0.000000000,0.050000000,0.006659889,-0.001251143,0.000627989,0.006805428,1.426859008
38.931172124,TRACKING,,0.001653930,1,-0.006629031,-0.001120591,0.050718339,0.000000000,0.000000000,0.050000000,0.006640379,-0.001146100,0.000554628,0.006761345,1.426579119
38.941216808,TRACKING,,0.001591002,1,-0.006379246,-0.001345592,0.050886531,0.000000000,0.000000000,0.050000000,0.006394718,-0.001362968,0.000735683,0.006579615,1.358342091
38.951295924,TRACKING,,0.000662521,1,-0.006364339,-0.001243148,0.050814814,0.000000000,0.000000000,0.050000000,0.006378232,-0.001261288,0.000664427,0.006535606,1.358460566
38.961359606,TRACKING,,0.001252618,1,-0.006349216,-0.001132601,0.050737319,0.000000000,0.000000000,0.050000000,0.006361433,-0.001151573,0.000587383,0.006491453,1.358880924
38.971537269,TRACKING,,0.001262115,1,-0.006095018,-0.001344884,0.050897514,0.000000000,0.000000000,0.050000000,0.006111167,-0.001356254,0.000760067,0.006305829,1.291804480
38.981700685,TRACKING,,0.003375537,1,-0.006095018,-0.001344884,0.050897514,0.000000000,0.000000000,0.050000000,0.006111167,-0.001356254,0.000760067,0.006305829,1.291804480
38.991810671,TRACKING,,0.000149601,1,-0.006074890,-0.001181152,0.050782515,0.000000000,0.000000000,0.050000000,0.006088505,-0.001193764,0.000645578,0.006237928,1.292601515
39.001642826,TRACKING,,0.003845713,1,-0.006059117,-0.001045467,0.050686934,0.000000000,0.000000000,0.050000000,0.006070677,-0.001059119,0.000550388,0.006186903,1.293539000
39.014369655,TRACKING,,0.005282364,1,-0.005806491,-0.001293907,0.050873475,0.000000000,0.000000000,0.050000000,0.005822488,-0.001300131,0.000748856,0.006012694,1.227446941
39.024364472,TRACKING,,0.002260648,1,-0.005792156,-0.001165979,0.050783105,0.000000000,0.000000000,0.050000000,0.005806154,-0.001173191,0.000658805,0.005960019,1.228006285
39.034095705,TRACKING,,0.000156726,1,-0.005778341,-0.001038124,0.050692686,0.000000000,0.000000000,0.050000000,0.005790384,-0.001046322,0.000568684,0.005911576,1.228793151
39.044200942,TRACKING,,0.004915483,1,-0.005778341,-0.001038124,0.050692686,0.000000000,0.000000000,0.050000000,0.005790384,-0.001046322,0.000568684,0.005911576,1.228793151
39.054364358,TRACKING,,0.003015780,1,-0.005521986,-0.001288489,0.050881604,0.000000000,0.000000000,0.050000000,0.005538486,-0.001289713,0.000769140,0.005738446,1.164111159
39.064536085,TRACKING,,0.002344947,1,-0.005510360,-0.001184543,0.050807951,0.000000000,0.000000000,0.050000000,0.005525217,-0.001186567,0.000695726,0.005693856,1.164233214
39.074662693,TRACKING,,0.002311702,1,-0.005249433,-0.001430366,0.050994755,0.000000000,0.000000000,0.050000000,0.005268777,-0.001425938,0.000893714,0.005531006,1.102120722
39.084586272,TRACKING,,0.001528074,1,-0.005236700,-0.001296709,0.050899825,0.000000000,0.000000000,0.050000000,0.005253873,-0.001293306,0.000798964,0.005469385,1.102251519
39.094925410,TRACKING,,0.000642337,1,-0.005227084,-0.001190537,0.050824249,0.000000000,0.000000000,0.050000000,0.005242563,-0.001187952,0.000723518,0.005423944,1.102528867
39.104788435,TRACKING,,0.005333418,1,-0.005227084,-0.001190537,0.050824249,0.000000000,0.000000000,0.050000000,0.005242563,-0.001187952,0.000723518,0.005423944,1.102528867
39.114859240,TRACKING,,0.004162726,1,-0.004965606,-0.001456009,0.051025975,0.000000000,0.000000000,0.050000000,0.004985893,-0.001447326,0.000935919,0.005275398,1.043323317
39.125375288,TRACKING,,0.003189128,1,-0.004952086,-0.001304977,0.050918235,0.000000000,0.000000000,0.050000000,0.004969887,-0.001297448,0.000828329,0.005202815,1.042955239
39.135637251,TRACKING,,0.002088487,1,-0.004942895,-0.001193709,0.050838772,0.000000000,0.000000000,0.050000000,0.004958904,-0.001187028,0.000748950,0.005153706,1.042990150
39.145241441,TRACKING,,0.004420373,1,-0.004942895,-0.001193709,0.050838772,0.000000000,0.000000000,0.050000000,0.004958904,-0.001187028,0.000748950,0.005153706,1.042990150
39.155267129,TRACKING,,0.003393346,1,-0.004677011,-0.001448962,0.051034415,0.000000000,0.000000000,0.050000000,0.004697651,-0.001436777,0.000954819,0.005004392,0.986980556
39.165931591,TRACKING,,0.001384409,1,-0.004668747,-0.001348339,0.050962388,0.000000000,0.000000000,0.050000000,0.004687711,-0.001336915,0.000882849,0.004953928,0.986380394
39.175564277,TRACKING,,0.005046089,1,-0.004400601,-0.001612707,0.051165648,0.000000000,0.000000000,0.050000000,0.004424461,-0.001596261,0.001095876,0.004829581,0.935582837
39.186343909,TRACKING,,0.005298986,1,-0.004394052,-0.001516266,0.051096400,0.000000000,0.000000000,0.050000000,0.004416253,-0.001500537,0.001026618,0.004775860,0.934631962
39.196368409,TRACKING,,0.001697860,1,-0.004386039,-0.001381852,0.050999825,0.000000000,0.000000000,0.050000000,0.004405977,-0.001367109,0.000929992,0.004706007,0.933787603
39.206555571,TRACKING,,0.001333355,1,-0.004117572,-0.001674063,0.051224230,0.000000000,0.000000000,0.050000000,0.004142913,-0.001654638,0.001163645,0.004610382,0.888941261
39.216726111,TRACKING,,0.003252056,1,-0.004117572,-0.001674063,0.051224230,0.000000000,0.000000000,0.050000000,0.004142913,-0.001654638,0.001163645,0.004610382,0.888941261
39.226788605,TRACKING,,0.006120608,1,-0.004110266,-0.001518919,0.051112476,0.000000000,0.000000000,0.050000000,0.004132921,-0.001500597,0.001051746,0.004520951,0.887237548
39.236841600,TRACKING,,0.004068928,1,-0.004105475,-0.001399310,0.051026095,0.000000000,0.000000000,0.050000000,0.004126101,-0.001381840,0.000965234,0.004457114,0.886185918
39.246707000,TRACKING,,0.002448244,1,-0.003834655,-0.001678565,0.051242359,0.000000000,0.000000000,0.050000000,0.003860470,-0.001657051,0.001190199,0.004366419,0.847596890
39.256720814,TRACKING,,0.002917233,1,-0.003834655,-0.001678565,0.051242359,0.000000000,0.000000000,0.050000000,0.003860470,-0.001657051,0.001190199,0.004366419,0.847596890
39.267138315,TRACKING,,0.000632839,1,-0.003830091,-0.001534448,0.051138066,0.000000000,0.000000000,0.050000000,0.003853390,-0.001513925,0.001085698,0.004280108,0.845353247
39.276908729,TRACKING,,0.004146104,1,-0.003556036,-0.001791542,0.051339495,0.000000000,0.000000000,0.050000000,0.003584235,-0.001767696,0.001295288,0.004201102,0.814785086
39.287117263,TRACKING,,0.000977161,1,-0.003553570,-0.001650542,0.051237190,0.000000000,0.000000000,0.050000000,0.003579259,-0.001627616,0.001192713,0.004108867,0.811747123
39.297062213,TRACKING,,0.000732573,1,-0.003552168,-0.001541859,0.051158179,0.000000000,0.000000000,0.050000000,0.003575954,-0.001519642,0.001113486,0.004041857,0.809596249
39.308228909,TRACKING,,0.003776848,1,-0.003552168,-0.001541859,0.051158179,0.000000000,0.000000000,0.050000000,0.003575954,-0.001519642,0.001113486,0.004041857,0.809596249
39.318228476,TRACKING,,0.005399908,1,-0.003257817,-0.001800822,0.051363252,0.000000000,0.000000000,0.050000000,0.003286563,-0.001775769,0.001326627,0.003964188,0.785652524
39.328122371,TRACKING,,0.004793191,1,-0.003256915,-0.001691072,0.051283240,0.000000000,0.000000000,0.050000000,0.003283680,-0.001666704,0.001246382,0.003887663,0.782264198
39.338292910,TRACKING,,0.004351509,1,-0.003256557,-0.001584531,0.051205467,0.000000000,0.000000000,0.050000000,0.003281429,-0.001560825,0.001168375,0.003816943,0.779193062
39.348475323,TRACKING,,0.004128294,1,-0.002999849,-0.001858817,0.051420566,0.000000000,0.000000000,0.050000000,0.003029941,-0.001832879,0.001390079,0.003804248,0.768645264
39.359142160,TRACKING,,0.000597219,1,-0.003000021,-0.001746980,0.051338763,0.000000000,0.000000000,0.050000000,0.003028065,-0.001721705,0.001308015,0.003720799,0.764275238
39.368928010,TRACKING,,0.000427433,1,-0.002721588,-0.002017954,0.051553852,0.000000000,0.000000000,0.050000000,0.002754936,-0.001991020,0.001529640,0.003727416,0.763372042
39.378912141,TRACKING,,0.005025905,1,-0.002721588,-0.002017954,0.051553852,0.000000000,0.000000000,0.050000000,0.002754936,-0.001991020,0.001529640,0.003727416,0.763372042
39.389102865,TRACKING,,0.003519202,1,-0.002723359,-0.001899263,0.051466762,0.000000000,0.000000000,0.050000000,0.002754481,-0.001872981,0.001442240,0.003629776,0.757654658
39.399158235,TRACKING,,0.003869459,1,-0.002725850,-0.001779833,0.051379055,0.000000000,0.000000000,0.050000000,0.002754774,-0.001754195,0.001354208,0.003535514,0.752250080
39.409494999,TRACKING,,0.003330419,1,-0.002445446,-0.002031971,0.051581508,0.000000000,0.000000000,0.050000000,0.002479346,-0.002005342,0.001562601,0.003551095,0.760893354
39.419538496,TRACKING,,0.001893768,1,-0.002449312,-0.001900577,0.051484721,0.000000000,0.000000000,0.050000000,0.002480736,-0.001874604,0.001465444,0.003437400,0.753563813
39.429288726,TRACKING,,0.004461930,1,-0.002449312,-0.001900577,0.051484721,0.000000000,0.000000000,0.050000000,0.002480736,-0.001874604,0.001465444,0.003437400,0.753563813
39.439572060,TRACKING,,0.003300736,1,-0.002454148,-0.001750154,0.051373767,0.000000000,0.000000000,0.050000000,0.002482792,-0.001724926,0.001354065,0.003312570,0.745392391
39.450710261,TRACKING,,0.004991472,1,-0.002176286,-0.002004642,0.051578875,0.000000000,0.000000000,0.050000000,0.002209918,-0.001978960,0.001564493,0.003353753,0.763642571
39.460431996,TRACKING,,0.000656586,1,-0.002183014,-0.001840199,0.051457142,0.000000000,0.000000000,0.050000000,0.002213545,-0.001815260,0.001442287,0.003205486,0.753010281
39.470348450,TRACKING,,0.000072426,1,-0.001900412,-0.002139925,0.051697023,0.000000000,0.000000000,0.050000000,0.001936872,-0.002114951,0.001687081,0.003327271,0.785165763
39.480218599,TRACKING,,0.004413249,1,-0.001900412,-0.002139925,0.051697023,0.000000000,0.000000000,0.050000000,0.001936872,-0.002114951,0.001687081,0.003327271,0.785165763
39.490372516,TRACKING,,0.003389785,1,-0.001907398,-0.002007151,0.051598406,0.000000000,0.000000000,0.050000000,0.001941297,-0.001982706,0.001588071,0.003197143,0.775437310
39.504343651,TRACKING,,0.008739825,1,-0.001914695,-0.001880120,0.051503905,0.000000000,0.000000000,0.050000000,0.001946186,-0.001856174,0.001493190,0.003076140,0.766268361
39.511072164,TRACKING,,0.002895862,1,-0.001634743,-0.002119579,0.051700182,0.000000000,0.000000000,0.050000000,0.001671024,-0.002096401,0.001693635,0.003171059,0.803334370
39.524210991,TRACKING,,0.003744791,1,-0.001644345,-0.001977176,0.051593863,0.000000000,0.000000000,0.050000000,0.001677870,-0.001954486,0.001586894,0.003025475,0.791679656
39.534254488,TRACKING,,0.001254992,1,-0.001654505,-0.001834184,0.051486920,0.000000000,0.000000000,0.050000000,0.001685313,-0.001811980,0.001479527,0.002883149,0.780035965
39.546157320,TRACKING,,0.003211687,1,-0.001654505,-0.001834184,0.051486920,0.000000000,0.000000000,0.050000000,0.001685313,-0.001811980,0.001479527,0.002883149,0.780035965
39.556171134,TRACKING,,0.000743260,1,-0.001374162,-0.002080864,0.051689467,0.000000000,0.000000000,0.050000000,0.001409845,-0.002059940,0.001685703,0.003012078,0.824924495
39.566226504,TRACKING,,0.005683676,1,-0.001383610,-0.001960203,0.051598906,0.000000000,0.000000000,0.050000000,0.001416942,-0.001939632,0.001594797,0.002883275,0.813826380
39.576437412,TRACKING,,0.002208406,1,-0.001099771,-0.002239185,0.051826963,0.000000000,0.000000000,0.050000000,0.001138703,-0.002220431,0.001826001,0.003092126,0.870029292
39.586548586,TRACKING,,0.006832997,1,-0.001099771,-0.002239185,0.051826963,0.000000000,0.000000000,0.050000000,0.001138703,-0.002220431,0.001826001,0.003092126,0.870029292
39.596517282,TRACKING,,0.000185221,1,-0.001112767,-0.002095359,0.051718615,0.000000000,0.000000000,0.050000000,0.001148836,-0.002076932,0.001717250,0.002929577,0.855780349
39.606640329,TRACKING,,0.003705609,1,-0.000830044,-0.002360310,0.051937330,0.000000000,0.000000000,0.050000000,0.000871536,-0.002344345,0.001938492,0.003164377,0.917981048
39.616667203,TRACKING,,0.000782440,1,-0.000845621,-0.002207277,0.051821622,0.000000000,0.000000000,0.050000000,0.000884025,-0.002191552,0.001822375,0.002984201,0.902147036
39.626669144,TRACKING,,0.000569911,1,-0.000858054,-0.002090926,0.051733471,0.000000000,0.000000000,0.050000000,0.000894150,-0.002075377,0.001733913,0.002848359,0.890077480
39.639356791,TRACKING,,0.007310298,1,-0.000858054,-0.002090926,0.051733471,0.000000000,0.000000000,0.050000000,0.000894150,-0.002075377,0.001733913,0.002848359,0.890077480
39.649257810,TRACKING,,0.002305766,1,-0.000544713,-0.002422627,0.052005656,0.000000000,0.000000000,0.050000000,0.000587608,-0.002410357,0.002008329,0.003191941,0.968776605
39.659287059,TRACKING,,0.006377069,1,-0.000562614,-0.002262388,0.051883934,0.000000000,0.000000000,0.050000000,0.000602231,-0.002250257,0.001886214,0.002997356,0.951077970
39.669337680,TRACKING,,0.005390409,1,-0.000576415,-0.002145005,0.051794594,0.000000000,0.000000000,0.050000000,0.000613672,-0.002132968,0.001796587,0.002855498,0.938047000
39.679282629,TRACKING,,0.003963257,1,-0.000316948,-0.002405560,0.052010472,0.000000000,0.000000000,0.050000000,0.000359554,-0.002396788,0.002013777,0.003151059,1.006041660
39.689512534,TRACKING,,0.004419186,1,-0.000316948,-0.002405560,0.052010472,0.000000000,0.000000000,0.050000000,0.000359554,-0.002396788,0.002013777,0.003151059,1.006041660
39.699464608,TRACKING,,0.002564600,1,-0.000337494,-0.002243279,0.051886513,0.000000000,0.000000000,0.050000000,0.000376771,-0.002234533,0.001889455,0.002950446,0.987118071
39.710931695,TRACKING,,0.003586879,1,-0.000049571,-0.002546856,0.052138134,0.000000000,0.000000000,0.050000000,0.000095178,-0.002542302,0.002142007,0.003325741,1.068208140
39.721089174,TRACKING,,0.000708827,1,-0.000068770,-0.002403181,0.052028035,0.000000000,0.000000000,0.050000000,0.000111372,-0.002398548,0.002031624,0.003145304,1.050962345
39.731047185,TRACKING,,0.000620966,1,-0.000084645,-0.002288454,0.051939963,0.000000000,0.000000000,0.050000000,0.000124886,-0.002283752,0.001943329,0.003001274,1.037140913
39.741235534,TRACKING,,0.002929106,1,0.000206613,-0.002610215,0.052206892,0.000000000,0.000000000,0.050000000,-0.000159617,-0.002610324,0.002210660,0.003424366,1.124102076
39.751330085,TRACKING,,0.002325950,1,0.000185393,-0.002461732,0.052092584,0.000000000,0.000000000,0.050000000,-0.000141532,-0.002461648,0.002096107,0.003236264,1.105719546
39.761343899,TRACKING,,0.000032058,1,0.000185393,-0.002461732,0.052092584,0.000000000,0.000000000,0.050000000,-0.000141532,-0.002461648,0.002096107,0.003236264,1.105719546
39.771326843,TRACKING,,0.000624528,1,0.000456855,-0.002648470,0.052256634,0.000000000,0.000000000,0.050000000,-0.000409013,-0.002653604,0.002259779,0.003509346,1.178772086
39.784446673,TRACKING,,0.000688643,1,0.000456855,-0.002648470,0.052256634,0.000000000,0.000000000,0.050000000,-0.000409013,-0.002653604,0.002259779,0.003509346,1.178772086
39.794060361,TRACKING,,0.006145542,1,0.000426674,-0.002453961,0.052106096,0.000000000,0.000000000,0.050000000,-0.000382950,-0.002458683,0.002108991,0.003261843,1.153986206
39.804129979,TRACKING,,0.003723420,1,0.000403342,-0.002309050,0.051993725,0.000000000,0.000000000,0.050000000,-0.000362623,-0.002313455,0.001996438,0.003077228,1.135418532
39.814307642,TRACKING,,0.005613625,1,0.000403342,-0.002309050,0.051993725,0.000000000,0.000000000,0.050000000,-0.000362623,-0.002313455,0.001996438,0.003077228,1.135418532
39.824247843,TRACKING,,0.003255617,1,0.000685468,-0.002575188,0.052219911,0.000000000,0.000000000,0.050000000,-0.000639167,-0.002585374,0.002221885,0.003468352,1.220410484
39.834318648,TRACKING,,0.003612999,1,0.000663788,-0.002447511,0.052120552,0.000000000,0.000000000,0.050000000,-0.000620194,-0.002457312,0.002122414,0.003305702,1.203381401
39.844676783,TRACKING,,0.002305766,1,0.000944276,-0.002704356,0.052340817,0.000000000,0.000000000,0.050000000,-0.000895212,-0.002720510,0.002341376,0.003699273,1.289175185
39.858165868,TRACKING,,0.003933574,1,0.000919812,-0.002566244,0.052232962,0.000000000,0.000000000,0.050000000,-0.000873722,-0.002581872,0.002233456,0.003523887,1.270441599
39.868131002,TRACKING,,0.005961508,1,0.000919812,-0.002566244,0.052232962,0.000000000,0.000000000,0.050000000,-0.000873722,-0.002581872,0.002233456,0.003523887,1.270441599
39.878366844,TRACKING,,0.000681519,1,0.001196212,-0.002795600,0.052432970,0.000000000,0.000000000,0.050000000,-0.001145165,-0.002818071,0.002431609,0.003894309,1.354692244
39.888777221,TRACKING,,0.004068928,1,0.001170486,-0.002656362,0.052323831,0.000000000,0.000000000,0.050000000,-0.001122474,-0.002678188,0.002322466,0.003718398,1.335463861
39.898851588,TRACKING,,0.007040777,1,0.001170486,-0.002656362,0.052323831,0.000000000,0.000000000,0.050000000,-0.001122474,-0.002678188,0.002322466,0.003718398,1.335463861
39.908554325,TRACKING,,0.004363382,1,0.001138543,-0.002484496,0.052188957,0.000000000,0.000000000,0.050000000,-0.001094202,-0.002505535,0.002187590,0.003501504,1.311832968
39.918667874,TRACKING,,0.003546509,1,0.001429546,-0.002798192,0.052456182,0.000000000,0.000000000,0.050000000,-0.001378458,-0.002826926,0.002452479,0.003988272,1.408964777
39.928794482,TRACKING,,0.001585065,1,0.001404105,-0.002666499,0.052352493,0.000000000,0.000000000,0.050000000,-0.001355896,-0.002694515,0.002348849,0.003823082,1.390430449
39.940474099,TRACKING,,0.004872740,1,0.001379056,-0.002538994,0.052251965,0.000000000,0.000000000,0.050000000,-0.001333591,-0.002566310,0.002248381,0.003663281,1.372405857
39.950201770,TRACKING,,0.003329231,1,0.001691763,-0.002856151,0.052525228,0.000000000,0.000000000,0.050000000,-0.001639441,-0.002892374,0.002518499,0.004170903,1.476244077
39.960398431,TRACKING,,0.002296267,1,0.001665804,-0.002729820,0.052425207,0.000000000,0.000000000,0.050000000,-0.001616275,-0.002765219,0.002418609,0.004013534,1.457896384
39.970159346,TRACKING,,0.004905985,1,0.001665804,-0.002729820,0.052425207,0.000000000,0.000000000,0.050000000,-0.001616275,-0.002765219,0.002418609,0.004013534,1.457896384
39.980322762,TRACKING,,0.002899423,1,0.001924066,-0.002985619,0.052647343,0.000000000,0.000000000,0.050000000,-0.001868906,-0.003028942,0.002637627,0.004429941,1.544066849
39.990457682,TRACKING,,0.001352351,1,0.001896742,-0.002856010,0.052544395,0.000000000,0.000000000,0.050000000,-0.001844496,-0.002898384,0.002534872,0.004269469,1.524979008
40.000475058,TRACKING,,0.005878396,1,0.001868609,-0.002723419,0.052438956,0.000000000,0.000000000,0.050000000,-0.001819294,-0.002764829,0.002429631,0.004105754,1.505471520
40.010595730,TRACKING,,0.002038620,1,0.002153914,-0.003010220,0.052688759,0.000000000,0.000000000,0.050000000,-0.002098283,-0.003060878,0.002675523,0.004574953,1.602014388
40.020676034,TRACKING,,0.001048399,1,0.002127049,-0.002888745,0.052591750,0.000000000,0.000000000,0.050000000,-0.002074161,-0.002938397,0.002578766,0.004425647,1.583749550
40.030873882,TRACKING,,0.005731169,1,0.002127049,-0.002888745,0.052591750,0.000000000,0.000000000,0.050000000,-0.002074161,-0.002938397,0.002578766,0.004425647,1.583749550
40.041100225,TRACKING,,0.002100360,1,0.002098339,-0.002761436,0.052489913,0.000000000,0.000000000,0.050000000,-0.002048287,-0.002810023,0.002477199,0.004269453,1.564426969
40.051057048,TRACKING,,0.000094985,1,0.002393626,-0.003070977,0.052759486,0.000000000,0.000000000,0.050000000,-0.002336722,-0.003129714,0.002742213,0.004772328,1.666359507
40.061017432,TRACKING,,0.003779223,1,0.002362939,-0.002937577,0.052652438,0.000000000,0.000000000,0.050000000,-0.002309075,-0.002995074,0.002635522,0.004609584,1.645832860
40.071035996,TRACKING,,0.001111327,1,0.002649898,-0.003231783,0.052910715,0.000000000,0.000000000,0.050000000,-0.002589395,-0.003299784,0.002888790,0.005092999,1.745116079
40.084269808,TRACKING,,0.007455151,1,0.002649898,-0.003231783,0.052910715,0.000000000,0.000000000,0.050000000,-0.002589395,-0.003299784,0.002888790,0.005092999,1.745116079
40.094313304,TRACKING,,0.009020031,1,0.002612560,-0.003069017,0.052779720,0.000000000,0.000000000,0.050000000,-0.002555816,-0.003135399,0.002758306,0.004896037,1.720284176
40.104207199,TRACKING,,0.003518014,1,0.002571550,-0.002886258,0.052632493,0.000000000,0.000000000,0.050000000,-0.002518923,-0.002950890,0.002611637,0.004676898,1.692929729
40.114523779,TRACKING,,0.002181098,1,0.002854907,-0.003182096,0.052892762,0.000000000,0.000000000,0.050000000,-0.002795628,-0.003257579,0.002866521,0.005161812,1.792342478
40.124346435,TRACKING,,0.001854586,1,0.002826544,-0.003059279,0.052793461,0.000000000,0.000000000,0.050000000,-0.002770083,-0.003133469,0.002767666,0.005015173,1.773702866
40.135990432,TRACKING,,0.003687800,1,0.002826544,-0.003059279,0.052793461,0.000000000,0.000000000,0.050000000,-0.002770083,-0.003133469,0.002767666,0.005015173,1.773702866
40.146274954,TRACKING,,0.001801157,1,0.003104286,-0.003310110,0.053019144,0.000000000,0.000000000,0.050000000,-0.003042096,-0.003395470,0.002987487,0.005450564,1.868101356
40.156323200,TRACKING,,0.000603156,1,0.003074841,-0.003185854,0.052918307,0.000000000,0.000000000,0.050000000,-0.003015548,-0.003269787,0.002887177,0.005302908,1.849007720
40.166304956,TRACKING,,0.005100705,1,0.003042643,-0.003049083,0.052807248,0.000000000,0.000000000,0.050000000,-0.002986487,-0.003131471,0.002776690,0.005141520,1.828133374
40.177298305,TRACKING,,0.005129200,1,0.003334990,-0.003362119,0.053084707,0.000000000,0.000000000,0.050000000,-0.003271649,-0.003456911,0.003047541,0.005651674,1.932657748
40.187227820,TRACKING,,0.007049089,1,0.003334990,-0.003362119,0.053084707,0.000000000,0.000000000,0.050000000,-0.003271649,-0.003456911,0.003047541,0.005651674,1.932657748
40.197119340,TRACKING,,0.003712734,1,0.003292272,-0.003185048,0.052940392,0.000000000,0.000000000,0.050000000,-0.003233069,-0.003277666,0.002904077,0.005443298,1.905316603
40.207192520,TRACKING,,0.003335167,1,0.003258084,-0.003043686,0.052825003,0.000000000,0.000000000,0.050000000,-0.003202123,-0.003134585,0.002789366,0.005278236,1.883529673
40.217244328,TRACKING,,0.002499298,1,0.003549342,-0.003353382,0.053100937,0.000000000,0.000000000,0.050000000,-0.003486278,-0.003457147,0.003058235,0.005784359,1.987915271
40.227556158,TRACKING,,0.006912547,1,0.003518237,-0.003229259,0.052999280,0.000000000,0.000000000,0.050000000,-0.003458087,-0.003331369,0.002957262,0.005639307,1.968387143
40.237617464,TRACKING,,0.003503767,1,0.003478820,-0.003073206,0.052871303,0.000000000,0.000000000,0.050000000,-0.003422279,-0.003173240,0.002830145,0.005458128,1.943771303
40.247628904,TRACKING,,0.002021997,1,0.003766064,-0.003372506,0.053139891,0.000000000,0.000000000,0.050000000,-0.003702658,-0.003485729,0.003091273,0.005951130,2.046446869
40.257826751,TRACKING,,0.001230058,1,0.003734889,-0.003253643,0.053041998,0.000000000,0.000000000,0.050000000,-0.003674288,-0.003365138,0.002994127,0.005812860,2.027305152
40.267790698,TRACKING,,0.004847807,1,0.003734889,-0.003253643,0.053041998,0.000000000,0.000000000,0.050000000,-0.003674288,-0.003365138,0.002994127,0.005812860,2.027305152
40.278262816,TRACKING,,0.004199533,1,0.004020470,-0.003547497,0.053307443,0.000000000,0.000000000,0.050000000,-0.003953000,-0.003672742,0.003251592,0.006299849,2.129414982
40.288033230,TRACKING,,0.001536385,1,0.003968844,-0.003355629,0.053148795,0.000000000,0.000000000,0.050000000,-0.003905975,-0.003477875,0.003094287,0.006076748,2.098104264
40.298185960,TRACKING,,0.005264554,1,0.003968844,-0.003355629,0.053148795,0.000000000,0.000000000,0.050000000,-0.003905975,-0.003477875,0.003094287,0.006076748,2.098104264
40.309244611,TRACKING,,0.000039181,1,0.003932002,-0.003218020,0.053034860,0.000000000,0.000000000,0.050000000,-0.003872369,-0.003338151,0.002981305,0.005918334,2.075776056
40.319193122,TRACKING,,0.001364225,1,0.004219150,-0.003501077,0.053293002,0.000000000,0.000000000,0.050000000,-0.004152937,-0.003635453,0.003230978,0.006395516,2.177690726
40.330049930,TRACKING,,0.003596377,1,0.004176662,-0.003344192,0.053162694,0.000000000,0.000000000,0.050000000,-0.004114195,-0.003476011,0.003101855,0.006215365,2.152081741
40.339958073,TRACKING,,0.003878957,1,0.004176662,-0.003344192,0.053162694,0.000000000,0.000000000,0.050000000,-0.004114195,-0.003476011,0.003101855,0.006215365,2.152081741
40.350286525,TRACKING,,0.004176974,1,0.004445383,-0.003592198,0.053392038,0.000000000,0.000000000,0.050000000,-0.004377091,-0.003737844,0.003322775,0.006646144,2.246317886
40.360090184,TRACKING,,0.000249336,1,0.004402425,-0.003432188,0.053258726,0.000000000,0.000000000,0.050000000,-0.004337978,-0.003575142,0.003190746,0.006463788,2.220436593
40.370190672,TRACKING,,0.005000971,1,0.004366243,-0.003297602,0.053146531,0.000000000,0.000000000,0.050000000,-0.004304980,-0.003438311,0.003079624,0.006311808,2.198711845
40.381936779,TRACKING,,0.004394253,1,0.004654123,-0.003599790,0.053422771,0.000000000,0.000000000,0.050000000,-0.004585754,-0.003755925,0.003346430,0.006806960,2.303343622
40.391388993,TRACKING,,0.004314703,1,0.004618961,-0.003468842,0.053313264,0.000000000,0.000000000,0.050000000,-0.004553741,-0.003622696,0.003238039,0.006659233,2.282265391
40.401342254,TRACKING,,0.002739136,1,0.004580934,-0.003332341,0.053198836,0.000000000,0.000000000,0.050000000,-0.004518959,-0.003483757,0.003124811,0.006505536,2.259835143
40.411669519,TRACKING,,0.000048680,1,0.004862555,-0.003618462,0.053462620,0.000000000,0.000000000,0.050000000,-0.004793851,-0.003785431,0.003378898,0.006980505,2.361487290
40.421606157,TRACKING,,0.004821686,1,0.004862555,-0.003618462,0.053462620,0.000000000,0.000000000,0.050000000,-0.004793851,-0.003785431,0.003378898,0.006980505,2.361487290
40.431706645,TRACKING,,0.005214687,1,0.004827143,-0.003494070,0.053357997,0.000000000,0.000000000,0.050000000,-0.004761450,-0.003658677,0.003275463,0.006840028,2.340822243
40.441746580,TRACKING,,0.000489174,1,0.004794443,-0.003377198,0.053259683,0.000000000,0.000000000,0.050000000,-0.004731536,-0.003539638,0.003178241,0.006709522,2.321654090
40.451829258,TRACKING,,0.006399627,1,0.005072990,-0.003646175,0.053510440,0.000000000,0.000000000,0.050000000,-0.005003724,-0.003824464,0.003418952,0.007166102,2.421385284
40.461904812,TRACKING,,0.002822248,1,0.005025848,-0.003471974,0.053363613,0.000000000,0.000000000,0.050000000,-0.004960776,-0.003647000,0.003273795,0.006973352,2.393397657
40.476005364,TRACKING,,0.002707078,1,0.005310918,-0.003764165,0.053635342,0.000000000,0.000000000,0.050000000,-0.005238846,-0.003956085,0.003534740,0.007455904,2.497270987
40.482673325,TRACKING,,0.004879864,1,0.005310918,-0.003764165,0.053635342,0.000000000,0.000000000,0.050000000,-0.005238846,-0.003956085,0.003534740,0.007455904,2.497270987
40.493281983,TRACKING,,0.007182068,1,0.005262262,-0.003573592,0.053474557,0.000000000,0.000000000,0.050000000,-0.005194802,-0.003762001,0.003375779,0.007248069,2.467849913
40.503197250,TRACKING,,0.003235433,1,0.005214291,-0.003386608,0.053316656,0.000000000,0.000000000,0.050000000,-0.005151275,-0.003571596,0.003219662,0.007046854,2.438999443
40.513119641,TRACKING,,0.005144636,1,0.005214291,-0.003386608,0.053316656,0.000000000,0.000000000,0.050000000,-0.005151275,-0.003571596,0.003219662,0.007046854,2.438999443
40.523184509,TRACKING,,0.003116702,1,0.005488539,-0.003632484,0.053550492,0.000000000,0.000000000,0.050000000,-0.005419686,-0.003834008,0.003442729,0.007478302,2.536448850
40.534462813,TRACKING,,0.000726637,1,0.005447824,-0.003480905,0.053421824,0.000000000,0.000000000,0.050000000,-0.005382618,-0.003679433,0.003315654,0.007314668,2.512432260
40.544287844,TRACKING,,0.004542667,1,0.005721776,-0.003729177,0.053658890,0.000000000,0.000000000,0.050000000,-0.005650618,-0.003944801,0.003541473,0.007748095,2.610179804
40.554193612,TRACKING,,0.001351164,1,0.005678994,-0.003569261,0.053522845,0.000000000,0.000000000,0.050000000,-0.005611720,-0.003781632,0.003407184,0.007576347,2.585017978
40.564343967,TRACKING,,0.005388035,1,0.005678994,-0.003569261,0.053522845,0.000000000,0.000000000,0.050000000,-0.005611720,-0.003781632,0.003407184,0.007576347,2.585017978
40.574236675,TRACKING,,0.001978067,1,0.005638096,-0.003413618,0.053390301,0.000000000,0.000000000,0.050000000,-0.005574535,-0.003622898,0.003276313,0.007411819,2.560835677
40.584337163,TRACKING,,0.001473458,1,0.005913635,-0.003665508,0.053631499,0.000000000,0.000000000,0.050000000,-0.005844057,-0.003892450,0.003505802,0.007848236,2.659711495
40.594335542,TRACKING,,0.005044901,1,0.005875556,-0.003519178,0.053506581,0.000000000,0.000000000,0.050000000,-0.005809505,-0.003743141,0.003382518,0.007694341,2.637156940
40.604630749,TRACKING,,0.004543855,1,0.005839560,-0.003381375,0.053388818,0.000000000,0.000000000,0.050000000,-0.005776788,-0.003602542,0.003266292,0.007551043,2.615906819
40.614543641,TRACKING,,0.005297799,1,0.005839560,-0.003381375,0.053388818,0.000000000,0.000000000,0.050000000,-0.005776788,-0.003602542,0.003266292,0.007551043,2.615906819
40.624787794,TRACKING,,0.001904453,1,0.006100881,-0.003588987,0.053592770,0.000000000,0.000000000,0.050000000,-0.006033190,-0.003827174,0.003458747,0.007937857,2.707211015
40.637381643,TRACKING,,0.000632839,1,0.006057009,-0.003434360,0.053459725,0.000000000,0.000000000,0.050000000,-0.005993045,-0.003669064,0.003327651,0.007775081,2.682151714
40.647243481,TRACKING,,0.004834746,1,0.006325328,-0.003675298,0.053693363,0.000000000,0.000000000,0.050000000,-0.006255619,-0.003928127,0.003549024,0.008195030,2.778263479
40.657457951,TRACKING,,0.004105735,1,0.006288085,-0.003544014,0.053580093,0.000000000,0.000000000,0.050000000,-0.006221572,-0.003793796,0.003437481,0.008057116,2.757055040
40.667372030,TRACKING,,0.001224121,1,0.006243415,-0.003382108,0.053440298,0.000000000,0.000000000,0.050000000,-0.006180775,-0.003628249,0.003299752,0.007890154,2.731369886
40.677404841,TRACKING,,0.005521014,1,0.006243415,-0.003382108,0.053440298,0.000000000,0.000000000,0.050000000,-0.006180775,-0.003628249,0.003299752,0.007890154,2.731369886
40.688871928,TRACKING,,0.000070051,1,0.006515638,-0.003640842,0.053690128,0.000000000,0.000000000,0.050000000,-0.006446842,-0.003905887,0.003536750,0.008326243,2.830223858
40.699114894,TRACKING,,0.004438183,1,0.006458174,-0.003441967,0.053517528,0.000000000,0.000000000,0.050000000,-0.006394191,-0.003702215,0.003366909,0.008119615,2.797798511
40.709188074,TRACKING,,0.003160632,1,0.006729011,-0.003700619,0.053768274,0.000000000,0.000000000,0.050000000,-0.006658837,-0.003980195,0.003604440,0.008554184,2.896352134
40.719212573,TRACKING,,0.002077801,1,0.006689488,-0.003563816,0.053649153,0.000000000,0.000000000,0.050000000,-0.006622652,-0.003840002,0.003487293,0.008412274,2.874130715
40.729176520,TRACKING,,0.001496017,1,0.006651945,-0.003435542,0.053537283,0.000000000,0.000000000,0.050000000,-0.006588201,-0.003708535,0.003377287,0.008280319,2.853146671
40.739211705,TRACKING,,0.001051961,1,0.006651945,-0.003435542,0.053537283,0.000000000,0.000000000,0.050000000,-0.006588201,-0.003708535,0.003377287,0.008280319,2.853146671
40.749481979,TRACKING,,0.000245774,1,0.006907475,-0.003651250,0.053751207,0.000000000,0.000000000,0.050000000,-0.006838605,-0.003942724,0.003578379,0.008666971,2.943921521
40.759521914,TRACKING,,0.004061804,1,0.006864010,-0.003510584,0.053627878,0.000000000,0.000000000,0.050000000,-0.006798573,-0.003798281,0.003457281,0.008520583,2.920125606
40.769482299,TRACKING,,0.001554195,1,0.007126701,-0.003754076,0.053867181,0.000000000,0.000000000,0.050000000,-0.007055416,-0.004061406,0.003682950,0.008935213,3.015292616
40.779919984,TRACKING,,0.004054680,1,0.007126701,-0.003754076,0.053867181,0.000000000,0.000000000,0.050000000,-0.007055416,-0.004061406,0.003682950,0.008935213,3.015292616
40.789804381,TRACKING,,0.000106858,1,0.007076398,-0.003583688,0.053717486,0.000000000,0.000000000,0.050000000,-0.007009284,-0.003886512,0.003535942,0.008760019,2.987359079
40.799755267,TRACKING,,0.003868272,1,0.007027817,-0.003418574,0.053572349,0.000000000,0.000000000,0.050000000,-0.006964682,-0.003717078,0.003393386,0.008592935,2.960397726
40.809809449,TRACKING,,0.002219091,1,0.007291292,-0.003663434,0.053813793,0.000000000,0.000000000,0.050000000,-0.007222314,-0.003982019,0.003620831,0.009007148,3.056175931
40.819826825,TRACKING,,0.001837964,1,0.007253662,-0.003537529,0.053702696,0.000000000,0.000000000,0.050000000,-0.007187751,-0.003852686,0.003511801,0.008879172,3.035448034
40.832325689,TRACKING,,0.003807719,1,0.007217132,-0.003417149,0.053596296,0.000000000,0.000000000,0.050000000,-0.007154121,-0.003729002,0.003407397,0.008757697,3.015446828
40.842230270,TRACKING,,0.001306047,1,0.007477163,-0.003658310,0.053835207,0.000000000,0.000000000,0.050000000,-0.007408409,-0.003990394,0.003632112,0.009165152,3.109941320
40.852188280,TRACKING,,0.000765819,1,0.007438131,-0.003532617,0.053723680,0.000000000,0.000000000,0.050000000,-0.007372446,-0.003861085,0.003522788,0.009037199,3.088769858
40.862364756,TRACKING,,0.002092049,1,0.007438131,-0.003532617,0.053723680,0.000000000,0.000000000,0.050000000,-0.007372446,-0.003861085,0.003522788,0.009037199,3.088769858
40.872316829,TRACKING,,0.003621311,1,0.007394573,-0.003394119,0.053600614,0.000000000,0.000000000,0.050000000,-0.007332231,-0.003718581,0.003402166,0.008897425,3.065259043
40.882401882,TRACKING,,0.003903891,1,0.007659810,-0.003657132,0.053859749,0.000000000,0.000000000,0.050000000,-0.007591199,-0.004002760,0.003646446,0.009324428,3.163113288
40.892408572,TRACKING,,0.001212249,1,0.007617506,-0.003521268,0.053738734,0.000000000,0.000000000,0.050000000,-0.007552212,-0.003862894,0.003527888,0.009187157,3.140187399
40.902625417,TRACKING,,0.005496081,1,0.007573520,-0.003378719,0.053611743,0.000000000,0.000000000,0.050000000,-0.007511661,-0.003716206,0.003403440,0.009045366,3.116293341
40.913604518,TRACKING,,0.000026121,1,0.007573520,-0.003378719,0.053611743,0.000000000,0.000000000,0.050000000,-0.007511661,-0.003716206,0.003403440,0.009045366,3.116293341
40.925271074,TRACKING,,0.008381256,1,0.007823394,-0.003596551,0.053831470,0.000000000,0.000000000,0.050000000,-0.007756391,-0.003954160,0.003608858,0.009424481,3.206209040
40.935251643,TRACKING,,0.002747447,1,0.007770774,-0.003440750,0.053691682,0.000000000,0.000000000,0.050000000,-0.007707576,-0.003793342,0.003472180,0.009265646,3.178523830
40.945007809,TRACKING,,0.001390346,1,0.008018509,-0.003658708,0.053912344,0.000000000,0.000000000,0.050000000,-0.007950144,-0.004031694,0.003678276,0.009643084,3.267855192
40.955237715,TRACKING,,0.006430497,1,0.007979538,-0.003538305,0.053804203,0.000000000,0.000000000,0.050000000,-0.007914124,-0.003907475,0.003572516,0.009521795,3.247078609
40.965112613,TRACKING,,0.002627528,1,0.007926904,-0.003372584,0.053655193,0.000000000,0.000000000,0.050000000,-0.007865486,-0.003736620,0.003426713,0.009357915,3.218844220
40.979591918,TRACKING,,0.004556915,1,0.007926904,-0.003372584,0.053655193,0.000000000,0.000000000,0.050000000,-0.007865486,-0.003736620,0.003426713,0.009357915,3.218844220
40.989247162,TRACKING,,0.002317639,1,0.008157206,-0.003547187,0.053837110,0.000000000,0.000000000,0.050000000,-0.008091723,-0.003930274,0.003594846,0.009687412,3.299760794
40.999366647,TRACKING,,0.001685987,1,0.008112184,-0.003416446,0.053718684,0.000000000,0.000000000,0.050000000,-0.008049878,-0.003795097,0.003479216,0.009555534,3.276298494
41.009468322,TRACKING,,0.000118731,1,0.008070497,-0.003294500,0.053608176,0.000000000,0.000000000,0.050000000,-0.008011115,-0.003669064,0.003371287,0.009434277,3.254532917
41.019534378,TRACKING,,0.000024934,1,0.008340887,-0.003563294,0.053877363,0.000000000,0.000000000,0.050000000,-0.008275200,-0.003961038,0.003623899,0.009864147,3.354559561
41.029457956,TRACKING,,0.005177880,1,0.008340887,-0.003563294,0.053877363,0.000000000,0.000000000,0.050000000,-0.008275200,-0.003961038,0.003623899,0.009864147,3.354559561
41.039556069,TRACKING,,0.003071584,1,0.008278603,-0.003380367,0.053711095,0.000000000,0.000000000,0.050000000,-0.008217347,-0.003771855,0.003461605,0.009681652,3.322012431
41.049823969,TRACKING,,0.000181659,1,0.008509378,-0.003593873,0.053928097,0.000000000,0.000000000,0.050000000,-0.008443090,-0.004005453,0.003664143,0.010037698,3.406319187
41.060186853,TRACKING,,0.005055587,1,0.008460604,-0.003445777,0.053793350,0.000000000,0.000000000,0.050000000,-0.008397910,-0.003852353,0.003532591,0.009891649,3.380590225
41.070799073,TRACKING,,0.002486237,1,0.008414493,-0.003303866,0.053664154,0.000000000,0.000000000,0.050000000,-0.008355190,-0.003705733,0.003406405,0.009754243,3.356176405
41.080215668,TRACKING,,0.004340823,1,0.008414493,-0.003303866,0.053664154,0.000000000,0.000000000,0.050000000,-0.008355190,-0.003705733,0.003406405,0.009754243,3.356176405
41.090333965,TRACKING,,0.001979254,1,0.008647171,-0.003496944,0.053864372,0.000000000,0.000000000,0.050000000,-0.008583380,-0.003919180,0.003591820,0.010096314,3.439518533
41.100376275,TRACKING,,0.004562851,1,0.008594463,-0.003344303,0.053724490,0.000000000,0.000000000,0.050000000,-0.008534346,-0.003761093,0.003455445,0.009945903,3.412211110
41.110641799,TRACKING,,0.002828184,1,0.008831281,-0.003557329,0.053943573,0.000000000,0.000000000,0.050000000,-0.008766182,-0.003995357,0.003659105,0.010305235,3.498336816
41.121218401,TRACKING,,0.006619281,1,0.008831281,-0.003557329,0.053943573,0.000000000,0.000000000,0.050000000,-0.008766182,-0.003995357,0.003659105,0.010305235,3.498336816
41.133228091,TRACKING,,0.000736135,1,0.008766061,-0.003358463,0.053761006,0.000000000,0.000000000,0.050000000,-0.008705736,-0.003789595,0.003481006,0.010112778,3.464002638
41.143195599,TRACKING,,0.005049650,1,0.008997664,-0.003550883,0.053962320,0.000000000,0.000000000,0.050000000,-0.008932839,-0.004003061,0.003666960,0.010453071,3.547314483
41.153208226,TRACKING,,0.001501953,1,0.008946237,-0.003384321,0.053809344,0.000000000,0.000000000,0.050000000,-0.008885398,-0.003830931,0.003517607,0.010295625,3.519730729
41.163166236,TRACKING,,0.001189690,1,0.008907763,-0.003260039,0.053695068,0.000000000,0.000000000,0.050000000,-0.008849860,-0.003702511,0.003406026,0.010179863,3.499140219
41.173269098,TRACKING,,0.000695767,1,0.009148957,-0.003484104,0.053926056,0.000000000,0.000000000,0.050000000,-0.009085822,-0.003948989,0.003620723,0.010547811,3.587844507
41.183259166,TRACKING,,0.004564039,1,0.009148957,-0.003484104,0.053926056,0.000000000,0.000000000,0.050000000,-0.009085822,-0.003948989,0.003620723,0.010547811,3.587844507
41.193390524,TRACKING,,0.002538479,1,0.009103440,-0.003331927,0.053785844,0.000000000,0.000000000,0.050000000,-0.009043918,-0.003791794,0.003483794,0.010407064,3.563197768
41.203604994,TRACKING,,0.000952226,1,0.009059014,-0.003181791,0.053647478,0.000000000,0.000000000,0.050000000,-0.009003010,-0.003636781,0.003348621,0.010271009,3.539072087
41.215345164,TRACKING,,0.003858773,1,0.009292577,-0.003378258,0.053853877,0.000000000,0.000000000,0.050000000,-0.009232023,-0.003855135,0.003539020,0.010612115,3.623680639
41.225159509,TRACKING,,0.002026747,1,0.009237750,-0.003190788,0.053680659,0.000000000,0.000000000,0.050000000,-0.009181602,-0.003661528,0.003369836,0.010443390,3.593811304
41.235103271,TRACKING,,0.001453273,1,0.009198136,-0.003059227,0.053558853,0.000000000,0.000000000,0.050000000,-0.009145045,-0.003525577,0.003250920,0.010326181,3.572492775
41.245251251,TRACKING,,0.004643589,1,0.009198136,-0.003059227,0.053558853,0.000000000,0.000000000,0.050000000,-0.009145045,-0.003525577,0.003250920,0.010326181,3.572492775
41.255295935,TRACKING,,0.003736480,1,0.009422246,-0.003238095,0.053748978,0.000000000,0.000000000,0.050000000,-0.009365078,-0.003725618,0.003425478,0.010645131,3.652980374
41.266118311,TRACKING,,0.001428340,1,0.009383730,-0.003117736,0.053636942,0.000000000,0.000000000,0.050000000,-0.009329383,-0.003600946,0.003316294,0.010535749,3.632713841
41.275528969,TRACKING,,0.004702954,1,0.009601373,-0.003284040,0.053816021,0.000000000,0.000000000,0.050000000,-0.009543233,-0.003788131,0.003479954,0.010841278,3.710428955
41.287300008,TRACKING,,0.004438183,1,0.009555166,-0.003133613,0.053675796,0.000000000,0.000000000,0.050000000,-0.009500553,-0.003632415,0.003343239,0.010706643,3.685781763
41.297431366,TRACKING,,0.002531355,1,0.009512437,-0.002997314,0.053548565,0.000000000,0.000000000,0.050000000,-0.009460987,-0.003491267,0.003219231,0.010585965,3.663189362
41.307804937,TRACKING,,0.000847742,1,0.009732292,-0.003177515,0.053740769,0.000000000,0.000000000,0.050000000,-0.009676762,-0.003692893,0.003395626,0.010899883,3.742628409
41.317438810,TRACKING,,0.003973943,1,0.009732292,-0.003177515,0.053740769,0.000000000,0.000000000,0.050000000,-0.009676762,-0.003692893,0.003395626,0.010899883,3.742628409
41.327465684,TRACKING,,0.004881051,1,0.009671856,-0.002978919,0.053554813,0.000000000,0.000000000,0.050000000,-0.009620926,-0.003487298,0.003214341,0.010726390,3.710318915
41.337788200,TRACKING,,0.000907109,1,0.009882880,-0.003133137,0.053723256,0.000000000,0.000000000,0.050000000,-0.009828479,-0.003662256,0.003367399,0.011015920,3.785392601
41.347994359,TRACKING,,0.000364506,1,0.009842789,-0.002999965,0.053598245,0.000000000,0.000000000,0.050000000,-0.009791471,-0.003524369,0.003245547,0.010900810,3.763923924
41.358101970,TRACKING,,0.000480863,1,0.009842789,-0.002999965,0.053598245,0.000000000,0.000000000,0.050000000,-0.009791471,-0.003524369,0.003245547,0.010900810,3.763923924
41.367818956,TRACKING,,0.004792003,1,0.009783995,-0.002804262,0.053414259,0.000000000,0.000000000,0.050000000,-0.009737141,-0.003321785,0.003066177,0.010735344,3.732408159
41.377895697,TRACKING,,0.002882800,1,0.009995361,-0.002967571,0.053591257,0.000000000,0.000000000,0.050000000,-0.009944882,-0.003506130,0.003227573,0.011027731,3.808304133
41.387985499,TRACKING,,0.000026121,1,0.009995361,-0.002967571,0.053591257,0.000000000,0.000000000,0.050000000,-0.009944882,-0.003506130,0.003227573,0.011027731,3.808304133
41.398158413,TRACKING,,0.004194783,1,0.009947145,-0.002811925,0.053444360,0.000000000,0.000000000,0.050000000,-0.009900223,-0.003344786,0.003084513,0.010895698,3.782793609
41.409566135,TRACKING,,0.000835870,1,0.009902386,-0.002663493,0.053304247,0.000000000,0.000000000,0.050000000,-0.009858808,-0.003191069,0.002947962,0.010773556,3.758869948
41.419458842,TRACKING,,0.000979535,1,0.010108391,-0.002815549,0.053470854,0.000000000,0.000000000,0.050000000,-0.010061493,-0.003363776,0.003099207,0.011052317,3.832410499
41.429279124,TRACKING,,0.005120889,1,0.010064520,-0.002675948,0.053338597,0.000000000,0.000000000,0.050000000,-0.010020783,-0.003218950,0.002970483,0.010936247,3.809343779
41.439292938,TRACKING,,0.001461585,1,0.010264122,-0.002819965,0.053497830,0.000000000,0.000000000,0.050000000,-0.010217253,-0.003383240,0.003114584,0.011204428,3.880419003
41.449657009,TRACKING,,0.005633810,1,0.010264122,-0.002819965,0.053497830,0.000000000,0.000000000,0.050000000,-0.010217253,-0.003383240,0.003114584,0.011204428,3.880419003
41.459351436,TRACKING,,0.003506141,1,0.010219081,-0.002677897,0.053362716,0.000000000,0.000000000,0.050000000,-0.010175429,-0.003235741,0.002983158,0.011086415,3.856835838
41.469533848,TRACKING,,0.002121731,1,0.010171452,-0.002523209,0.053215548,0.000000000,0.000000000,0.050000000,-0.010131250,-0.003075313,0.002839890,0.010961969,3.831623917
41.479605840,TRACKING,,0.001136261,1,0.010376227,-0.002689369,0.053395919,0.000000000,0.000000000,0.050000000,-0.010332437,-0.003262602,0.003004537,0.011244157,3.905878467
41.491376880,TRACKING,,0.007512142,1,0.010334835,-0.002559323,0.053271772,0.000000000,0.000000000,0.050000000,-0.010293960,-0.003127520,0.002883823,0.011138377,3.884252807
41.501140171,TRACKING,,0.000756319,1,0.010271841,-0.002364261,0.053085204,0.000000000,0.000000000,0.050000000,-0.010235280,-0.002924851,0.002702445,0.010982665,3.851522439
41.511260843,TRACKING,,0.005063898,1,0.010271841,-0.002364261,0.053085204,0.000000000,0.000000000,0.050000000,-0.010235280,-0.002924851,0.002702445,0.010982665,3.851522439
41.521174922,TRACKING,,0.003944260,1,0.010469249,-0.002528165,0.053262929,0.000000000,0.000000000,0.050000000,-0.010429214,-0.003109282,0.002864850,0.011253599,3.923300980
41.531791892,TRACKING,,0.002711827,1,0.010422849,-0.002399360,0.053138659,0.000000000,0.000000000,0.050000000,-0.010385671,-0.002974881,0.002744415,0.011146474,3.900057563
41.541859135,TRACKING,,0.006105173,1,0.010609084,-0.002544213,0.053298051,0.000000000,0.000000000,0.050000000,-0.010568852,-0.003139254,0.002889161,0.011397491,3.967038160
41.551921629,TRACKING,,0.002455367,1,0.010555872,-0.002398394,0.053156967,0.000000000,0.000000000,0.050000000,-0.010518881,-0.002986951,0.002752534,0.011275867,3.940512494
41.561764469,TRACKING,,0.001836776,1,0.010511737,-0.002277006,0.053039350,0.000000000,0.000000000,0.050000000,-0.010477405,-0.002860208,0.002638602,0.011176718,3.918476894
41.571825775,TRACKING,,0.000155538,1,0.010697624,-0.002432354,0.053208679,0.000000000,0.000000000,0.050000000,-0.010660047,-0.003035254,0.002793163,0.011430272,3.986066838
41.581940511,TRACKING,,0.000279019,1,0.010697624,-0.002432354,0.053208679,0.000000000,0.000000000,0.050000000,-0.010660047,-0.003035254,0.002793163,0.011430272,3.986066838
41.593070401,TRACKING,,0.005196878,1,0.010633237,-0.002256821,0.053038026,0.000000000,0.000000000,0.050000000,-0.010599504,-0.002851826,0.002627959,0.011286654,3.954011406
41.604126677,TRACKING,,0.003247306,1,0.010582992,-0.002120110,0.052904985,0.000000000,0.000000000,0.050000000,-0.010552211,-0.002708992,0.002499147,0.011177367,3.929019530
41.614341147,TRACKING,,0.002138355,1,0.010764528,-0.002270600,0.053069439,0.000000000,0.000000000,0.050000000,-0.010730654,-0.002878802,0.002649098,0.011421565,3.994950672
41.626251102,TRACKING,,0.006574163,1,0.010764528,-0.002270600,0.053069439,0.000000000,0.000000000,0.050000000,-0.010730654,-0.002878802,0.002649098,0.011421565,3.994950672
41.636935749,TRACKING,,0.009015282,1,0.010702058,-0.002105088,0.052907705,0.000000000,0.000000000,0.050000000,-0.010671756,-0.002705616,0.002492679,0.011288055,3.964130850
41.647153781,TRACKING,,0.000907108,1,0.010661875,-0.001995896,0.052801044,0.000000000,0.000000000,0.050000000,-0.010633898,-0.002591497,0.002389432,0.011202902,3.944141377
41.658271798,TRACKING,,0.002723701,1,0.010835004,-0.002126296,0.052946138,0.000000000,0.000000000,0.050000000,-0.010804407,-0.002740318,0.002520639,0.011427956,4.006139452
41.668160943,TRACKING,,0.004878677,1,0.010782092,-0.001982944,0.052805828,0.000000000,0.000000000,0.050000000,-0.010754552,-0.002590403,0.002384884,0.011316283,3.979826099
41.678245996,TRACKING,,0.002612093,1,0.010947511,-0.002104193,0.052941983,0.000000000,0.000000000,0.050000000,-0.010917558,-0.002729400,0.002507629,0.011529566,4.038869303
41.689728518,TRACKING,,0.000787189,1,0.010947511,-0.002104193,0.052941983,0.000000000,0.000000000,0.050000000,-0.010917558,-0.002729400,0.002507629,0.011529566,4.038869303
41.698479029,TRACKING,,0.003538198,1,0.010900276,-0.001974625,0.052814908,0.000000000,0.000000000,0.050000000,-0.010873078,-0.002593909,0.002384678,0.011429736,4.015296173
41.708336117,TRACKING,,0.002641776,1,0.010847297,-0.001824069,0.052667311,0.000000000,0.000000000,0.050000000,-0.010823254,-0.002436708,0.002241707,0.011318376,3.988539159
41.718545838,TRACKING,,0.007493144,1,0.011016749,-0.001956649,0.052814762,0.000000000,0.000000000,0.050000000,-0.010990088,-0.002587645,0.002375325,0.011537769,4.049710035
41.728628516,TRACKING,,0.004203095,1,0.010964455,-0.001813673,0.052674086,0.000000000,0.000000000,0.050000000,-0.010940792,-0.002438084,0.002239245,0.011430635,4.023666600
41.738787182,TRACKING,,0.003876583,1,0.010921426,-0.001696360,0.052558419,0.000000000,0.000000000,0.050000000,-0.010900188,-0.002315378,0.002127346,0.011344632,4.002248588
41.748779624,TRACKING,,0.000028496,1,0.010921426,-0.001696360,0.052558419,0.000000000,0.000000000,0.050000000,-0.010900188,-0.002315378,0.002127346,0.011344632,4.002248588
41.758754257,TRACKING,,0.003573818,1,0.011074285,-0.001798967,0.052675706,0.000000000,0.000000000,0.050000000,-0.011051088,-0.002434448,0.002232128,0.011534101,4.056162326
41.769210939,TRACKING,,0.000030870,1,0.011023835,-0.001671868,0.052549563,0.000000000,0.000000000,0.050000000,-0.011003262,-0.002301032,0.002110408,0.011437672,4.031674844
41.778958794,TRACKING,,0.004510609,1,0.011167176,-0.001765425,0.052657451,0.000000000,0.000000000,0.050000000,-0.011144840,-0.002410113,0.002206465,0.011613982,4.082013875
41.790004384,TRACKING,,0.000518856,1,0.011120497,-0.001649281,0.052541921,0.000000000,0.000000000,0.050000000,-0.011100554,-0.002288091,0.002095061,0.011525924,4.059464022
41.799774799,TRACKING,,0.005340542,1,0.011120497,-0.001649281,0.052541921,0.000000000,0.000000000,0.050000000,-0.011100554,-0.002288091,0.002095061,0.011525924,4.059464022
41.810020139,TRACKING,,0.003807719,1,0.011060568,-0.001502380,0.052395449,0.000000000,0.000000000,0.050000000,-0.011043608,-0.002133695,0.001953855,0.011416281,4.030645240
41.819946091,TRACKING,,0.001386784,1,0.011208859,-0.001620421,0.052527109,0.000000000,0.000000000,0.050000000,-0.011189666,-0.002268016,0.002073171,0.011603903,4.084211938
41.830146313,TRACKING,,0.005974568,1,0.011157061,-0.001498706,0.052405226,0.000000000,0.000000000,0.050000000,-0.011140335,-0.002139808,0.001955862,0.011511353,4.059619191
41.840310916,TRACKING,,0.003014592,1,0.011296524,-0.001603154,0.052523310,0.000000000,0.000000000,0.050000000,-0.011277849,-0.002259614,0.002062256,0.011685403,4.109506142
41.850289111,TRACKING,,0.001653929,1,0.011245370,-0.001482425,0.052402081,0.000000000,0.000000000,0.050000000,-0.011229130,-0.002132422,0.001945592,0.011594219,4.085184494
41.860332607,TRACKING,,0.006296330,1,0.011245370,-0.001482425,0.052402081,0.000000000,0.000000000,0.050000000,-0.011229130,-0.002132422,0.001945592,0.011594219,4.085184494
41.870348796,TRACKING,,0.004358633,1,0.011195223,-0.001366789,0.052285749,0.000000000,0.000000000,0.050000000,-0.011181289,-0.002010499,0.001833703,0.011507640,4.061508378
41.880423162,TRACKING,,0.003426590,1,0.011336571,-0.001485921,0.052418061,0.000000000,0.000000000,0.050000000,-0.011320416,-0.002145356,0.001954088,0.011686438,4.113018463
41.890738554,TRACKING,,0.001778598,1,0.011285177,-0.001368316,0.052299388,0.000000000,0.000000000,0.050000000,-0.011271361,-0.002021260,0.001840009,0.011598047,4.088781989
41.900622951,TRACKING,,0.003804157,1,0.011228268,-0.001237620,0.052167499,0.000000000,0.000000000,0.050000000,-0.011217019,-0.001883410,0.001713185,0.011502337,4.061921450
41.914135781,TRACKING,,0.005120889,1,0.011353653,-0.001330091,0.052272420,0.000000000,0.000000000,0.050000000,-0.011340739,-0.001989694,0.001807549,0.011654976,4.106571677
41.924422677,TRACKING,,0.001443775,1,0.011294873,-0.001199661,0.052140145,0.000000000,0.000000000,0.050000000,-0.011284503,-0.001851862,0.001680524,0.011558268,4.079085702
41.934220400,TRACKING,,0.005179067,1,0.011294873,-0.001199661,0.052140145,0.000000000,0.000000000,0.050000000,-0.011284503,-0.001851862,0.001680524,0.011558268,4.079085702
41.944585659,TRACKING,,0.002627528,1,0.011409350,-0.001276521,0.052228836,0.000000000,0.000000000,0.050000000,-0.011397623,-0.001941302,0.001759550,0.011694891,4.119238885
41.954402378,TRACKING,,0.001135073,1,0.011357434,-0.001165137,0.052115422,0.000000000,0.000000000,0.050000000,-0.011347866,-0.001823373,0.001650786,0.011611367,4.095185704
41.964907741,TRACKING,,0.003379099,1,0.011301990,-0.001045116,0.051993247,0.000000000,0.000000000,0.050000000,-0.011294722,-0.001696391,0.001533559,0.011523900,4.069433496
41.974564173,TRACKING,,0.000509358,1,0.011410873,-0.001120611,0.052079954,0.000000000,0.000000000,0.050000000,-0.011402297,-0.001783844,0.001611063,0.011652897,4.107730938
41.984719277,TRACKING,,0.005068647,1,0.011410873,-0.001120611,0.052079954,0.000000000,0.000000000,0.050000000,-0.011402297,-0.001783844,0.001611063,0.011652897,4.107730938
41.994731903,TRACKING,,0.003405219,1,0.011361128,-0.001018475,0.051975436,0.000000000,0.000000000,0.050000000,-0.011354496,-0.001675470,0.001510985,0.011576479,4.084955092
42.004752841,TRACKING,,0.003490706,1,0.011315087,-0.000923079,0.051877744,0.000000000,0.000000000,0.050000000,-0.011310248,-0.001574320,0.001417393,0.011506920,4.063811088
42.015227333,TRACKING,,0.000227964,1,0.011424247,-0.001007028,0.051972707,0.000000000,0.000000000,0.050000000,-0.011417958,-0.001670343,0.001503095,0.011636971,4.102813938
42.025197216,TRACKING,,0.001023466,1,0.011367560,-0.000894711,0.051857236,0.000000000,0.000000000,0.050000000,-0.011363375,-0.001550940,0.001392677,0.011552976,4.077084788
42.035118419,TRACKING,,0.005119702,1,0.011367560,-0.000894711,0.051857236,0.000000000,0.000000000,0.050000000,-0.011363375,-0.001550940,0.001392677,0.011552976,4.077084788
42.046292240,TRACKING,,0.000865553,1,0.011456067,-0.000947098,0.051919227,0.000000000,0.000000000,0.050000000,-0.011451026,-0.001612939,0.001447183,0.011654265,4.107365489
42.056193258,TRACKING,,0.003856399,1,0.011384031,-0.000809505,0.051777085,0.000000000,0.000000000,0.050000000,-0.011381536,-0.001466360,0.001311461,0.011550303,4.074957674
42.066234380,TRACKING,,0.003136886,1,0.011335436,-0.000716862,0.051681284,0.000000000,0.000000000,0.050000000,-0.011334630,-0.001367687,0.001219967,0.011481843,4.053095686
42.076345554,TRACKING,,0.001250242,1,0.011432195,-0.000796522,0.051770659,0.000000000,0.000000000,0.050000000,-0.011430047,-0.001458053,0.001301105,0.011595894,4.087883238
42.086427045,TRACKING,,0.005151759,1,0.011432195,-0.000796522,0.051770659,0.000000000,0.000000000,0.050000000,-0.011430047,-0.001458053,0.001301105,0.011595894,4.087883238
42.096413550,TRACKING,,0.004111671,1,0.011362805,-0.000668934,0.051638081,0.000000000,0.000000000,0.050000000,-0.011362962,-0.001321861,0.001174684,0.011499744,4.056931819
42.106414303,TRACKING,,0.003163007,1,0.011445107,-0.000728153,0.051705954,0.000000000,0.000000000,0.050000000,-0.011444301,-0.001390073,0.001235568,0.011594437,4.085754686
42.116804496,TRACKING,,0.001170693,1,0.011391578,-0.000631881,0.051605654,0.000000000,0.000000000,0.050000000,-0.011392497,-0.001287171,0.001140020,0.011521521,4.062012644
42.126896673,TRACKING,,0.004821685,1,0.011391578,-0.000631881,0.051605654,0.000000000,0.000000000,0.050000000,-0.011392497,-0.001287171,0.001140020,0.011521521,4.062012644
42.136910486,TRACKING,,0.001163569,1,0.011337955,-0.000537594,0.051507249,0.000000000,0.000000000,0.050000000,-0.011340543,-0.001186289,0.001046344,0.011450329,4.038356684
42.147084588,TRACKING,,0.001900892,1,0.011404591,-0.000577018,0.051553775,0.000000000,0.000000000,0.050000000,-0.011406572,-0.001232823,0.001087262,0.011524403,4.060828543
42.157091278,TRACKING,,0.007463461,1,0.011404591,-0.000577018,0.051553775,0.000000000,0.000000000,0.050000000,-0.011406572,-0.001232823,0.001087262,0.011524403,4.060828543
42.167162082,TRACKING,,0.003231871,1,0.011330618,-0.000452789,0.051423480,0.000000000,0.000000000,0.050000000,-0.011334768,-0.001099540,0.000963471,0.011428658,4.028541183
42.177723248,TRACKING,,0.000032058,1,0.011408124,-0.000518837,0.051497388,0.000000000,0.000000000,0.050000000,-0.011411205,-0.001174110,0.001030786,0.011517667,4.056390559
42.187652763,TRACKING,,0.005762039,1,0.011351444,-0.000426258,0.051399991,0.000000000,0.000000000,0.050000000,-0.011356128,-0.001074609,0.000938369,0.011445390,4.031816150
42.197439799,TRACKING,,0.004019061,1,0.011301307,-0.000345765,0.051315228,0.000000000,0.000000000,0.050000000,-0.011307368,-0.000988034,0.000857983,0.011382835,4.010167206
42.207672079,TRACKING,,0.004680396,1,0.011375682,-0.000414750,0.051391757,0.000000000,0.000000000,0.050000000,-0.011380639,-0.001065217,0.000928180,0.011468006,4.037275909
42.217626527,TRACKING,,0.002179910,1,0.011316468,-0.000324599,0.051296174,0.000000000,0.000000000,0.050000000,-0.011322950,-0.000967905,0.000837758,0.011395082,4.011990212
42.229416564,TRACKING,,0.000901172,1,0.011316468,-0.000324599,0.051296174,0.000000000,0.000000000,0.050000000,-0.011322950,-0.000967905,0.000837758,0.011395082,4.011990212
42.239103866,TRACKING,,0.003982254,1,0.011260491,-0.000241887,0.051208280,0.000000000,0.000000000,0.050000000,-0.011268354,-0.000878475,0.000754705,0.011327714,3.988231945
42.249287466,TRACKING,,0.003659305,1,0.011310660,-0.000282614,0.051253928,0.000000000,0.000000000,0.050000000,-0.011317892,-0.000924525,0.000796122,0.011383464,4.005592430
42.259313153,TRACKING,,0.002583597,1,0.011236154,-0.000177431,0.051141598,0.000000000,0.000000000,0.050000000,-0.011245117,-0.000810445,0.000690210,0.011295392,3.974235576
42.269442136,TRACKING,,0.000586533,1,0.011287807,-0.000226280,0.051195531,0.000000000,0.000000000,0.050000000,-0.011296011,-0.000864849,0.000739771,0.011353198,3.992696953
42.279480883,TRACKING,,0.003732918,1,0.011287807,-0.000226280,0.051195531,0.000000000,0.000000000,0.050000000,-0.011296011,-0.000864849,0.000739771,0.011353198,3.992696953
42.289519631,TRACKING,,0.000877426,1,0.011222310,-0.000136437,0.051099168,0.000000000,0.000000000,0.050000000,-0.011231971,-0.000767221,0.000649034,0.011276836,3.965287797
42.299470517,TRACKING,,0.004895300,1,0.011160627,-0.000053034,0.051009683,0.000000000,0.000000000,0.050000000,-0.011171622,-0.000676538,0.000564811,0.011206331,3.939548066
42.310368880,TRACKING,,0.003142823,1,0.011204095,-0.000095870,0.051056775,0.000000000,0.000000000,0.050000000,-0.011214437,-0.000723985,0.000608245,0.011254231,3.955021006
42.320107237,TRACKING,,0.000699328,1,0.011142249,-0.000019050,0.050973602,0.000000000,0.000000000,0.050000000,-0.011153800,-0.000639925,0.000530309,0.011184721,3.929612645
42.333301867,TRACKING,,0.002458929,1,0.011088826,0.000043982,0.050905055,0.000000000,0.000000000,0.050000000,-0.011101353,-0.000570694,0.000466247,0.011125786,3.907858299
42.343130460,TRACKING,,0.004841870,1,0.011088826,0.000043982,0.050905055,0.000000000,0.000000000,0.050000000,-0.011101353,-0.000570694,0.000466247,0.011125786,3.907858299
42.353527776,TRACKING,,0.008351573,1,0.011108272,0.000015103,0.050935205,0.000000000,0.000000000,0.050000000,-0.011120342,-0.000601483,0.000494721,0.011147580,3.914495939
42.363364680,TRACKING,,0.004008375,1,0.011036508,0.000088981,0.050853613,0.000000000,0.000000000,0.050000000,-0.011049693,-0.000519377,0.000419083,0.011069828,3.885880370
42.373361872,TRACKING,,0.003153509,1,0.011065542,0.000045498,0.050899518,0.000000000,0.000000000,0.050000000,-0.011078052,-0.000565918,0.000462507,0.011102136,3.896738050
42.383556157,TRACKING,,0.000719513,1,0.011002841,0.000107560,0.050830699,0.000000000,0.000000000,0.050000000,-0.011016275,-0.000496710,0.000398867,0.011034679,3.871868775
42.393691077,TRACKING,,0.000499860,1,0.010951585,0.000156800,0.050775971,0.000000000,0.000000000,0.050000000,-0.010965743,-0.000441669,0.000348342,0.010980161,3.851621191
42.403729824,TRACKING,,0.003757852,1,0.010951585,0.000156800,0.050775971,0.000000000,0.000000000,0.050000000,-0.010965743,-0.000441669,0.000348342,0.010980161,3.851621191
42.414078461,TRACKING,,0.002707078,1,0.010965626,0.000124142,0.050809390,0.000000000,0.000000000,0.050000000,-0.010979270,-0.000475716,0.000380516,0.010996157,3.856892921
42.423952172,TRACKING,,0.000417935,1,0.010903685,0.000178684,0.050748064,0.000000000,0.000000000,0.050000000,-0.010918112,-0.000414221,0.000324231,0.010930777,3.832694278
42.434106089,TRACKING,,0.004835933,1,0.010845671,0.000228659,0.050691805,0.000000000,0.000000000,0.050000000,-0.010860806,-0.000357775,0.000272663,0.010870117,3.810081590
42.445760772,TRACKING,,0.001989939,1,0.010843082,0.000205274,0.050714129,0.000000000,0.000000000,0.050000000,-0.010857831,-0.000380740,0.000295079,0.010868511,3.809259588
42.455096628,TRACKING,,0.001006843,1,0.010785364,0.000249367,0.050663666,0.000000000,0.000000000,0.050000000,-0.010800718,-0.000330277,0.000249233,0.010808640,3.787063960
42.465116379,TRACKING,,0.005559008,1,0.010785364,0.000249367,0.050663666,0.000000000,0.000000000,0.050000000,-0.010800718,-0.000330277,0.000249233,0.010808640,3.787063960
42.475329661,TRACKING,,0.003481207,1,0.010726192,0.000292093,0.050614411,0.000000000,0.000000000,0.050000000,-0.010742119,-0.000281069,0.000204676,0.010747745,3.764437886
42.486195967,TRACKING,,0.003404032,1,0.010727791,0.000260673,0.050645214,0.000000000,0.000000000,0.050000000,-0.010743218,-0.000312585,0.000235222,0.010750338,3.765595238
42.496437746,TRACKING,,0.001189689,1,0.010664292,0.000302261,0.050596496,0.000000000,0.000000000,0.050000000,-0.010680256,-0.000264102,0.000191501,0.010685237,3.741530372
42.506227157,TRACKING,,0.004699392,1,0.010653561,0.000280599,0.050616335,0.000000000,0.000000000,0.050000000,-0.010669163,-0.000284544,0.000212060,0.010675063,3.738041575
42.516325270,TRACKING,,0.003092955,1,0.010591173,0.000319231,0.050570698,0.000000000,0.000000000,0.050000000,-0.010607261,-0.000239195,0.000171292,0.010611341,3.714501655
42.526347395,TRACKING,,0.002912484,1,0.010535191,0.000352389,0.050531289,0.000000000,0.000000000,0.050000000,-0.010551688,-0.000200052,0.000136221,0.010554464,3.693452834
42.536450257,TRACKING,,0.001089955,1,0.010519227,0.000333287,0.050548003,0.000000000,0.000000000,0.050000000,-0.010535393,-0.000217422,0.000154053,0.010538762,3.688138579
42.546555494,TRACKING,,0.005430778,1,0.010519227,0.000333287,0.050548003,0.000000000,0.000000000,0.050000000,-0.010535393,-0.000217422,0.000154053,0.010538762,3.688138579
42.557316129,TRACKING,,0.002781879,1,0.010457513,0.000366780,0.050507659,0.000000000,0.000000000,0.050000000,-0.010474079,-0.000177391,0.000118447,0.010476250,3.665079934
42.568867515,TRACKING,,0.002396002,1,0.010381709,0.000406731,0.050459217,0.000000000,0.000000000,0.050000000,-0.010398735,-0.000129468,0.000075782,0.010399817,3.636817210
42.579270768,TRACKING,,0.007324546,1,0.010365747,0.000388564,0.050475115,0.000000000,0.000000000,0.050000000,-0.010382462,-0.000145947,0.000092786,0.010383902,3.631556132
42.589050681,TRACKING,,0.003816030,1,0.010294153,0.000422748,0.050432959,0.000000000,0.000000000,0.050000000,-0.010311243,-0.000104314,0.000056026,0.010311923,3.605024441
42.598965947,TRACKING,,0.001989940,1,0.010227457,0.000452443,0.050395807,0.000000000,0.000000000,0.050000000,-0.010244856,-0.000067736,0.000023857,0.010245108,3.580416602
42.609181604,TRACKING,,0.003943073,1,0.010227457,0.000452443,0.050395807,0.000000000,0.000000000,0.050000000,-0.010244856,-0.000067736,0.000023857,0.010245108,3.580416602
42.620271125,TRACKING,,0.003749540,1,0.010180408,0.000449666,0.050392739,0.000000000,0.000000000,0.050000000,-0.010197659,-0.000065692,0.000024192,0.010197899,3.563784888
42.632583581,TRACKING,,0.008903674,1,0.010115962,0.000474238,0.050360961,0.000000000,0.000000000,0.050000000,-0.010133444,-0.000034559,-0.000002839,0.010133503,3.540195686
42.641075257,TRACKING,,0.002875676,1,0.010050355,0.000480388,0.050347181,0.000000000,0.000000000,0.050000000,-0.010067787,-0.000021780,-0.000011888,0.010067818,3.516761027
42.651072448,TRACKING,,0.003294798,1,0.010050355,0.000480388,0.050347181,0.000000000,0.000000000,0.050000000,-0.010067787,-0.000021780,-0.000011888,0.010067818,3.516761027
42.661387840,TRACKING,,0.001101828,1,0.009969889,0.000506341,0.050312237,0.000000000,0.000000000,0.050000000,-0.009987529,0.000012237,-0.000041004,0.009987621,3.487520429
42.671646240,TRACKING,,0.000842993,1,0.009901660,0.000527009,0.050284017,0.000000000,0.000000000,0.050000000,-0.009919454,0.000039688,-0.000064322,0.009919742,3.462776940
42.681524700,TRACKING,,0.004770631,1,0.009852793,0.000529263,0.050276172,0.000000000,0.000000000,0.050000000,-0.009870512,0.000046763,-0.000068724,0.009870862,3.445457694
42.692989412,TRACKING,,0.004571162,1,0.009789434,0.000545776,0.050252746,0.000000000,0.000000000,0.050000000,-0.009807255,0.000069496,-0.000087660,0.009807893,3.422583095
42.703174199,TRACKING,,0.001969756,1,0.009719648,0.000561952,0.050228852,0.000000000,0.000000000,0.050000000,-0.009737545,0.000092468,-0.000106651,0.009738568,3.397487105
42.713292497,TRACKING,,0.005350041,1,0.009719648,0.000561952,0.050228852,0.000000000,0.000000000,0.050000000,-0.009737545,0.000092468,-0.000106651,0.009738568,3.397487105
42.725033854,TRACKING,,0.003132136,1,0.009644643,0.000573011,0.050209412,0.000000000,0.000000000,0.050000000,-0.009662529,0.000110770,-0.000120882,0.009663920,3.370727123
42.734544246,TRACKING,,0.001758413,1,0.009588048,0.000583923,0.050192435,0.000000000,0.000000000,0.050000000,-0.009605965,0.000127112,-0.000133944,0.009607739,3.350440075
42.745967402,TRACKING,,0.006486302,1,0.009516015,0.000595863,0.050172697,0.000000000,0.000000000,0.050000000,-0.009533939,0.000145913,-0.000148741,0.009536216,3.324707049
42.756395589,TRACKING,,0.002230965,1,0.009437647,0.000606847,0.050153190,0.000000000,0.000000000,0.050000000,-0.009455548,0.000164296,-0.000162924,0.009458378,3.296798175
42.766239617,TRACKING,,0.005490144,1,0.009437647,0.000606847,0.050153190,0.000000000,0.000000000,0.050000000,-0.009455548,0.000164296,-0.000162924,0.009458378,3.296798175
42.776456461,TRACKING,,0.001422403,1,0.009366574,0.000615580,0.050136938,0.000000000,0.000000000,0.050000000,-0.009384440,0.000179687,-0.000174387,0.009387780,3.271503018
42.786333734,TRACKING,,0.000379941,1,0.009300934,0.000622246,0.050123302,0.000000000,0.000000000,0.050000000,-0.009318745,0.000192455,-0.000183636,0.009322541,3.248199671
42.796421161,TRACKING,,0.000099734,1,0.009244490,0.000627152,0.050112463,0.000000000,0.000000000,0.050000000,-0.009262243,0.000202573,-0.000190730,0.009266422,3.228184248
42.806471781,TRACKING,,0.003160632,1,0.009181870,0.000631661,0.050101394,0.000000000,0.000000000,0.050000000,-0.009199545,0.000212825,-0.000197675,0.009204130,3.206012413
42.816626885,TRACKING,,0.002037432,1,0.009126124,0.000634684,0.050092523,0.000000000,0.000000000,0.050000000,-0.009143716,0.000220927,-0.000202900,0.009148635,3.186310389
42.826525529,TRACKING,,0.004998596,1,0.009126124,0.000634684,0.050092523,0.000000000,0.000000000,0.050000000,-0.009143716,0.000220927,-0.000202900,0.009148635,3.186310389
42.837862012,TRACKING,,0.002988472,1,0.009059316,0.000637513,0.050082797,0.000000000,0.000000000,0.050000000,-0.009076800,0.000229802,-0.000208289,0.009082097,3.162711562
42.848153657,TRACKING,,0.001852211,1,0.008993256,0.000639164,0.050074258,0.000000000,0.000000000,0.050000000,-0.009010614,0.000237386,-0.000212575,0.009016246,3.139427026
42.858223275,TRACKING,,0.006549229,1,0.008938031,0.000640008,0.050067748,0.000000000,0.000000000,0.050000000,-0.008955279,0.000243157,-0.000215553,0.008961172,3.119965860
42.868115982,TRACKING,,0.002252336,1,0.008869683,0.000640385,0.050060441,0.000000000,0.000000000,0.050000000,-0.008886787,0.000249590,-0.000218521,0.008892976,3.095890896
42.878056182,TRACKING,,0.001846275,1,0.008817686,0.000640042,0.050055532,0.000000000,0.000000000,0.050000000,-0.008834672,0.000253823,-0.000220152,0.008841059,3.077592224
42.888530674,TRACKING,,0.004479739,1,0.008817686,0.000640042,0.050055532,0.000000000,0.000000000,0.050000000,-0.008834672,0.000253823,-0.000220152,0.008841059,3.077592224
42.901211197,TRACKING,,0.007399346,1,0.008761404,0.000639242,0.050050710,0.000000000,0.000000000,0.050000000,-0.008778259,0.000257947,-0.000221449,0.008784840,3.057790136
42.911290313,TRACKING,,0.000173348,1,0.008700040,0.000637939,0.050045983,0.000000000,0.000000000,0.050000000,-0.008716748,0.000261978,-0.000222358,0.008723518,3.036195848
42.921199643,TRACKING,,0.004915483,1,0.008630902,0.000635717,0.050041244,0.000000000,0.000000000,0.050000000,-0.008647430,0.000265716,-0.000222831,0.008654381,3.011923037
42.931511473,TRACKING,,0.002791377,1,0.008576721,0.000633638,0.050037951,0.000000000,0.000000000,0.050000000,-0.008593106,0.000268276,-0.000222806,0.008600179,2.992897579
42.941387558,TRACKING,,0.001549446,1,0.008522301,0.000631153,0.050035009,0.000000000,0.000000000,0.050000000,-0.008538535,0.000270420,-0.000222438,0.008545712,2.973806851
42.951510605,TRACKING,,0.004312328,1,0.008522301,0.000631153,0.050035009,0.000000000,0.000000000,0.050000000,-0.008538535,0.000270420,-0.000222438,0.008545712,2.973806851
42.961909108,TRACKING,,0.003189128,1,0.008459175,0.000627856,0.050031970,0.000000000,0.000000000,0.050000000,-0.008475229,0.000272454,-0.000221665,0.008482503,2.951681717
42.971867118,TRACKING,,0.002552727,1,0.008392810,0.000624100,0.050029149,0.000000000,0.000000000,0.050000000,-0.008408673,0.000274261,-0.000220509,0.008416033,2.928416249
42.983559795,TRACKING,,0.008995097,1,0.008337401,0.000620718,0.050027088,0.000000000,0.000000000,0.050000000,-0.008353102,0.000275492,-0.000219273,0.008360519,2.908990791
42.993268469,TRACKING,,0.005848713,1,0.008337401,0.000620718,0.050027088,0.000000000,0.000000000,0.050000000,-0.008353102,0.000275492,-0.000219273,0.008360519,2.908990791
43.003098249,TRACKING,,0.003558383,1,0.008276257,0.000616798,0.050025126,0.000000000,0.000000000,0.050000000,-0.008291780,0.000276629,-0.000217622,0.008299247,2.887539782
43.013246229,TRACKING,,0.003043088,1,0.008229084,0.000613563,0.050023793,0.000000000,0.000000000,0.050000000,-0.008244466,0.000277269,-0.000216186,0.008251960,2.871002495
43.023569932,TRACKING,,0.002077801,1,0.008180950,0.000610139,0.050022548,0.000000000,0.000000000,0.050000000,-0.008196188,0.000277775,-0.000214624,0.008203702,2.854134647
43.033651423,TRACKING,,0.003271052,1,0.008133082,0.000606636,0.050021427,0.000000000,0.000000000,0.050000000,-0.008148176,0.000278158,-0.000212969,0.008155703,2.837360038
43.043443208,TRACKING,,0.000030870,1,0.008085589,0.000602988,0.050020342,0.000000000,0.000000000,0.050000000,-0.008100532,0.000278340,-0.000211319,0.008108067,2.820750679
43.053730104,TRACKING,,0.004338448,1,0.008036808,0.000599262,0.050019442,0.000000000,0.000000000,0.050000000,-0.008051605,0.000278529,-0.000209422,0.008059143,2.803648094
43.063557510,TRACKING,,0.002986097,1,0.007987168,0.000595319,0.050018576,0.000000000,0.000000000,0.050000000,-0.008001811,0.000278544,-0.000207462,0.008009345,2.786266657
43.074844125,TRACKING,,0.003990566,1,0.007944675,0.000591899,0.050017925,0.000000000,0.000000000,0.050000000,-0.007959187,0.000278493,-0.000205708,0.007966714,2.771382450
43.087193387,TRACKING,,0.003033589,1,0.007887889,0.000587251,0.050017140,0.000000000,0.000000000,0.050000000,-0.007902225,0.000278319,-0.000203298,0.007909738,2.751495098
43.097206013,TRACKING,,0.006175225,1,0.007887889,0.000587251,0.050017140,0.000000000,0.000000000,0.050000000,-0.007902225,0.000278319,-0.000203298,0.007909738,2.751495098
43.107225764,TRACKING,,0.003920513,1,0.007832513,0.000582652,0.050016491,0.000000000,0.000000000,0.050000000,-0.007846678,0.000278053,-0.000200853,0.007854172,2.732096407
43.118093257,TRACKING,,0.004410875,1,0.007768033,0.000577160,0.050015763,0.000000000,0.000000000,0.050000000,-0.007781995,0.000277565,-0.000198010,0.007789461,2.709533679
43.128027520,TRACKING,,0.001351164,1,0.007710681,0.000572225,0.050015218,0.000000000,0.000000000,0.050000000,-0.007724464,0.000277047,-0.000195402,0.007731900,2.689458907
43.138152942,TRACKING,,0.006150291,1,0.007710681,0.000572225,0.050015218,0.000000000,0.000000000,0.050000000,-0.007724464,0.000277047,-0.000195402,0.007731900,2.689458907
43.148077707,TRACKING,,0.002964725,1,0.007661869,0.000568021,0.050014870,0.000000000,0.000000000,0.050000000,-0.007675501,0.000276578,-0.000193083,0.007682910,2.672355190
43.158306424,TRACKING,,0.000078363,1,0.007611665,0.000563620,0.050014496,0.000000000,0.000000000,0.050000000,-0.007625141,0.000275991,-0.000190734,0.007632517,2.654787566
43.168175386,TRACKING,,0.002812749,1,0.007553468,0.000558498,0.050014128,0.000000000,0.000000000,0.050000000,-0.007566762,0.000275261,-0.000187967,0.007574100,2.634417401
43.178269937,TRACKING,,0.006457805,1,0.007553468,0.000558498,0.050014128,0.000000000,0.000000000,0.050000000,-0.007566762,0.000275261,-0.000187967,0.007574100,2.634417401
43.188325306,TRACKING,,0.001789284,1,0.007500499,0.000553802,0.050013836,0.000000000,0.000000000,0.050000000,-0.007513629,0.000274533,-0.000185429,0.007520929,2.615878024
43.198327247,TRACKING,,0.005653994,1,0.007441658,0.000548535,0.050013525,0.000000000,0.000000000,0.050000000,-0.007454604,0.000273639,-0.000182618,0.007461860,2.595291848
43.208947778,TRACKING,,0.004036870,1,0.007441658,0.000548535,0.050013525,0.000000000,0.000000000,0.050000000,-0.007454604,0.000273639,-0.000182618,0.007461860,2.595291848
43.218548407,TRACKING,,0.000197094,1,0.007441658,0.000548535,0.050013525,0.000000000,0.000000000,0.050000000,-0.007454604,0.000273639,-0.000182618,0.007461860,2.595291848
43.228716571,TRACKING,,0.004619842,1,0.007441658,0.000548535,0.050013525,0.000000000,0.000000000,0.050000000,-0.007454604,0.000273639,-0.000182618,0.007461860,2.595291848
43.238856240,TRACKING,,0.005689613,1,0.007441658,0.000548535,0.050013525,0.000000000,0.000000000,0.050000000,-0.007454604,0.000273639,-0.000182618,0.007461860,2.595291848
43.249200127,TRACKING,,0.000772942,1,0.007441658,0.000548535,0.050013525,0.000000000,0.000000000,0.050000000,-0.007454604,0.000273639,-0.000182618,0.007461860,2.595291848
43.258995475,TRACKING,,0.002816310,1,0.007441658,0.000548535,0.050013525,0.000000000,0.000000000,0.050000000,-0.007454604,0.000273639,-0.000182618,0.007461860,2.595291848
43.269040159,TRACKING,,0.001701422,1,0.007441658,0.000548535,0.050013525,0.000000000,0.000000000,0.050000000,-0.007454604,0.000273639,-0.000182618,0.007461860,2.595291848
43.279109777,TRACKING,,0.005198065,1,0.007441658,0.000548535,0.050013525,0.000000000,0.000000000,0.050000000,-0.007454604,0.000273639,-0.000182618,0.007461860,2.595291848
43.289035729,TRACKING,,0.002857867,1,0.007441658,0.000548535,0.050013525,0.000000000,0.000000000,0.050000000,-0.007454604,0.000273639,-0.000182618,0.007461860,2.595291848
43.301003863,HOLD,task_pose_stale,0.001239557,1,0.007441658,0.000548535,0.050013525,0.000000000,0.000000000,0.050000000,-0.007454604,0.000273639,-0.000182618,0.007461860,2.595291848
43.310465575,HOLD,task_pose_stale,0.000033245,1,0.007441658,0.000548535,0.050013525,0.000000000,0.000000000,0.050000000,-0.007454604,0.000273639,-0.000182618,0.007461860,2.595291848
43.323471422,HOLD,task_pose_stale,0.002716577,1,0.007441658,0.000548535,0.050013525,0.000000000,0.000000000,0.050000000,-0.007454604,0.000273639,-0.000182618,0.007461860,2.595291848
43.333545789,HOLD,task_pose_stale,0.000876238,1,0.007441658,0.000548535,0.050013525,0.000000000,0.000000000,0.050000000,-0.007454604,0.000273639,-0.000182618,0.007461860,2.595291848
43.343762634,HOLD,task_pose_stale,0.005634996,1,0.007441658,0.000548535,0.050013525,0.000000000,0.000000000,0.050000000,-0.007454604,0.000273639,-0.000182618,0.007461860,2.595291848
43.354481712,HOLD,task_pose_stale,0.002841245,1,0.007441658,0.000548535,0.050013525,0.000000000,0.000000000,0.050000000,-0.007454604,0.000273639,-0.000182618,0.007461860,2.595291848
43.364614257,HOLD,task_pose_stale,0.007290113,1,0.007441658,0.000548535,0.050013525,0.000000000,0.000000000,0.050000000,-0.007454604,0.000273639,-0.000182618,0.007461860,2.595291848
43.374664878,HOLD,task_pose_stale,0.001982816,1,0.007441658,0.000548535,0.050013525,0.000000000,0.000000000,0.050000000,-0.007454604,0.000273639,-0.000182618,0.007461860,2.595291848
43.386568897,HOLD,task_pose_stale,0.002125294,1,0.007441658,0.000548535,0.050013525,0.000000000,0.000000000,0.050000000,-0.007454604,0.000273639,-0.000182618,0.007461860,2.595291848
43.397342592,HOLD,task_pose_stale,0.006730888,1,0.007441658,0.000548535,0.050013525,0.000000000,0.000000000,0.050000000,-0.007454604,0.000273639,-0.000182618,0.007461860,2.595291848
43.407228176,HOLD,task_pose_stale,0.004226841,1,0.007441658,0.000548535,0.050013525,0.000000000,0.000000000,0.050000000,-0.007454604,0.000273639,-0.000182618,0.007461860,2.595291848
43.417388029,HOLD,task_pose_stale,0.002044556,1,0.007441658,0.000548535,0.050013525,0.000000000,0.000000000,0.050000000,-0.007454604,0.000273639,-0.000182618,0.007461860,2.595291848
43.427385220,HOLD,task_pose_stale,0.001520950,1,0.007441658,0.000548535,0.050013525,0.000000000,0.000000000,0.050000000,-0.007454604,0.000273639,-0.000182618,0.007461860,2.595291848
43.437651932,HOLD,task_pose_stale,0.006138418,1,0.007441658,0.000548535,0.050013525,0.000000000,0.000000000,0.050000000,-0.007454604,0.000273639,-0.000182618,0.007461860,2.595291848
43.447571948,HOLD,task_pose_stale,0.003446775,1,0.007441658,0.000548535,0.050013525,0.000000000,0.000000000,0.050000000,-0.007454604,0.000273639,-0.000182618,0.007461860,2.595291848
43.457950267,HOLD,task_pose_stale,0.003228309,1,0.007441658,0.000548535,0.050013525,0.000000000,0.000000000,0.050000000,-0.007454604,0.000273639,-0.000182618,0.007461860,2.595291848
43.467687437,HOLD,task_pose_stale,0.001246681,1,0.007441658,0.000548535,0.050013525,0.000000000,0.000000000,0.050000000,-0.007454604,0.000273639,-0.000182618,0.007461860,2.595291848
43.477805734,HOLD,task_pose_stale,0.006138418,1,0.007441658,0.000548535,0.050013525,0.000000000,0.000000000,0.050000000,-0.007454604,0.000273639,-0.000182618,0.007461860,2.595291848
43.487782741,HOLD,task_pose_stale,0.003985816,1,0.007441658,0.000548535,0.050013525,0.000000000,0.000000000,0.050000000,-0.007454604,0.000273639,-0.000182618,0.007461860,2.595291848
43.497906975,HOLD,task_pose_stale,0.001632558,1,0.007441658,0.000548535,0.050013525,0.000000000,0.000000000,0.050000000,-0.007454604,0.000273639,-0.000182618,0.007461860,2.595291848
43.507963532,HOLD,task_pose_stale,0.001354726,1,0.007441658,0.000548535,0.050013525,0.000000000,0.000000000,0.050000000,-0.007454604,0.000273639,-0.000182618,0.007461860,2.595291848
43.518159005,HOLD,task_pose_stale,0.005536449,1,0.007441658,0.000548535,0.050013525,0.000000000,0.000000000,0.050000000,-0.007454604,0.000273639,-0.000182618,0.007461860,2.595291848
43.528048150,HOLD,task_pose_stale,0.003711547,1,0.007441658,0.000548535,0.050013525,0.000000000,0.000000000,0.050000000,-0.007454604,0.000273639,-0.000182618,0.007461860,2.595291848
43.538154574,HOLD,task_pose_stale,0.004027372,1,0.007441658,0.000548535,0.050013525,0.000000000,0.000000000,0.050000000,-0.007454604,0.000273639,-0.000182618,0.007461860,2.595291848
43.548275246,HOLD,task_pose_stale,0.001976879,1,0.007441658,0.000548535,0.050013525,0.000000000,0.000000000,0.050000000,-0.007454604,0.000273639,-0.000182618,0.007461860,2.595291848
43.558864908,HOLD,task_pose_stale,0.006903049,1,0.007441658,0.000548535,0.050013525,0.000000000,0.000000000,0.050000000,-0.007454604,0.000273639,-0.000182618,0.007461860,2.595291848
43.568465536,HOLD,task_pose_stale,0.004175786,1,0.007441658,0.000548535,0.050013525,0.000000000,0.000000000,0.050000000,-0.007454604,0.000273639,-0.000182618,0.007461860,2.595291848
43.578491222,HOLD,task_pose_stale,0.003318545,1,0.007441658,0.000548535,0.050013525,0.000000000,0.000000000,0.050000000,-0.007454604,0.000273639,-0.000182618,0.007461860,2.595291848
43.588603583,HOLD,task_pose_stale,0.000726637,1,0.007441658,0.000548535,0.050013525,0.000000000,0.000000000,0.050000000,-0.007454604,0.000273639,-0.000182618,0.007461860,2.595291848
43.598814491,HOLD,task_pose_stale,0.005384473,1,0.007441658,0.000548535,0.050013525,0.000000000,0.000000000,0.050000000,-0.007454604,0.000273639,-0.000182618,0.007461860,2.595291848
43.609127508,HOLD,task_pose_stale,0.002563413,1,0.007441658,0.000548535,0.050013525,0.000000000,0.000000000,0.050000000,-0.007454604,0.000273639,-0.000182618,0.007461860,2.595291848
43.619100953,HOLD,task_pose_stale,0.004979599,1,0.007441658,0.000548535,0.050013525,0.000000000,0.000000000,0.050000000,-0.007454604,0.000273639,-0.000182618,0.007461860,2.595291848
43.629290489,HOLD,task_pose_stale,0.001006843,1,0.007441658,0.000548535,0.050013525,0.000000000,0.000000000,0.050000000,-0.007454604,0.000273639,-0.000182618,0.007461860,2.595291848
43.642009006,HOLD,task_pose_stale,0.000222027,1,0.007441658,0.000548535,0.050013525,0.000000000,0.000000000,0.050000000,-0.007454604,0.000273639,-0.000182618,0.007461860,2.595291848
43.651976514,HOLD,task_pose_stale,0.001384410,1,0.007441658,0.000548535,0.050013525,0.000000000,0.000000000,0.050000000,-0.007454604,0.000273639,-0.000182618,0.007461860,2.595291848
43.661948772,HOLD,task_pose_stale,0.000711201,1,0.007441658,0.000548535,0.050013525,0.000000000,0.000000000,0.050000000,-0.007454604,0.000273639,-0.000182618,0.007461860,2.595291848
43.672001767,HOLD,task_pose_stale,0.005196877,1,0.007441658,0.000548535,0.050013525,0.000000000,0.000000000,0.050000000,-0.007454604,0.000273639,-0.000182618,0.007461860,2.595291848
43.682295787,HOLD,task_pose_stale,0.004279083,1,0.007441658,0.000548535,0.050013525,0.000000000,0.000000000,0.050000000,-0.007454604,0.000273639,-0.000182618,0.007461860,2.595291848
43.694070388,HOLD,task_pose_stale,0.010149167,1,0.007441658,0.000548535,0.050013525,0.000000000,0.000000000,0.050000000,-0.007454604,0.000273639,-0.000182618,0.007461860,2.595291848
43.703631835,HOLD,task_pose_stale,0.000029683,1,0.007441658,0.000548535,0.050013525,0.000000000,0.000000000,0.050000000,-0.007454604,0.000273639,-0.000182618,0.007461860,2.595291848
43.713619528,HOLD,task_pose_stale,0.004654274,1,0.007441658,0.000548535,0.050013525,0.000000000,0.000000000,0.050000000,-0.007454604,0.000273639,-0.000182618,0.007461860,2.595291848
43.723679646,HOLD,task_pose_stale,0.002394814,1,0.007441658,0.000548535,0.050013525,0.000000000,0.000000000,0.050000000,-0.007454604,0.000273639,-0.000182618,0.007461860,2.595291848
43.734287117,HOLD,task_pose_stale,0.002678583,1,0.007441658,0.000548535,0.050013525,0.000000000,0.000000000,0.050000000,-0.007454604,0.000273639,-0.000182618,0.007461860,2.595291848
43.744261750,HOLD,task_pose_stale,0.000584159,1,0.007441658,0.000548535,0.050013525,0.000000000,0.000000000,0.050000000,-0.007454604,0.000273639,-0.000182618,0.007461860,2.595291848
43.754355113,HOLD,task_pose_stale,0.005461649,1,0.007441658,0.000548535,0.050013525,0.000000000,0.000000000,0.050000000,-0.007454604,0.000273639,-0.000182618,0.007461860,2.595291848
43.764329746,HOLD,task_pose_stale,0.003244931,1,0.007441658,0.000548535,0.050013525,0.000000000,0.000000000,0.050000000,-0.007454604,0.000273639,-0.000182618,0.007461860,2.595291848
43.777134936,HOLD,task_pose_stale,0.000724262,1,0.007441658,0.000548535,0.050013525,0.000000000,0.000000000,0.050000000,-0.007454604,0.000273639,-0.000182618,0.007461860,2.595291848
43.787028831,HOLD,task_pose_stale,0.000707639,1,0.007441658,0.000548535,0.050013525,0.000000000,0.000000000,0.050000000,-0.007454604,0.000273639,-0.000182618,0.007461860,2.595291848
43.797022460,HOLD,task_pose_stale,0.005567319,1,0.007441658,0.000548535,0.050013525,0.000000000,0.000000000,0.050000000,-0.007454604,0.000273639,-0.000182618,0.007461860,2.595291848
43.807878080,HOLD,task_pose_stale,0.003846900,1,0.007441658,0.000548535,0.050013525,0.000000000,0.000000000,0.050000000,-0.007454604,0.000273639,-0.000182618,0.007461860,2.595291848
43.818943855,HOLD,task_pose_stale,0.009099581,1,0.007441658,0.000548535,0.050013525,0.000000000,0.000000000,0.050000000,-0.007454604,0.000273639,-0.000182618,0.007461860,2.595291848
43.828970729,HOLD,task_pose_stale,0.002536104,1,0.007441658,0.000548535,0.050013525,0.000000000,0.000000000,0.050000000,-0.007454604,0.000273639,-0.000182618,0.007461860,2.595291848
43.839053407,HOLD,task_pose_stale,0.001651555,1,0.007441658,0.000548535,0.050013525,0.000000000,0.000000000,0.050000000,-0.007454604,0.000273639,-0.000182618,0.007461860,2.595291848
43.849099278,HOLD,task_pose_stale,0.004470241,1,0.007441658,0.000548535,0.050013525,0.000000000,0.000000000,0.050000000,-0.007454604,0.000273639,-0.000182618,0.007461860,2.595291848
43.859161771,HOLD,task_pose_stale,0.003943073,1,0.007441658,0.000548535,0.050013525,0.000000000,0.000000000,0.050000000,-0.007454604,0.000273639,-0.000182618,0.007461860,2.595291848
43.869334685,HOLD,task_pose_stale,0.001143384,1,0.007441658,0.000548535,0.050013525,0.000000000,0.000000000,0.050000000,-0.007454604,0.000273639,-0.000182618,0.007461860,2.595291848
43.879305755,HOLD,task_pose_stale,0.004889363,1,0.007441658,0.000548535,0.050013525,0.000000000,0.000000000,0.050000000,-0.007454604,0.000273639,-0.000182618,0.007461860,2.595291848
43.889332629,HOLD,task_pose_stale,0.001486518,1,0.007441658,0.000548535,0.050013525,0.000000000,0.000000000,0.050000000,-0.007454604,0.000273639,-0.000182618,0.007461860,2.595291848
43.899636148,HOLD,task_pose_stale,0.005737106,1,0.007441658,0.000548535,0.050013525,0.000000000,0.000000000,0.050000000,-0.007454604,0.000273639,-0.000182618,0.007461860,2.595291848
43.909629777,HOLD,task_pose_stale,0.001815404,1,0.007441658,0.000548535,0.050013525,0.000000000,0.000000000,0.050000000,-0.007454604,0.000273639,-0.000182618,0.007461860,2.595291848
43.919599660,HOLD,task_pose_stale,0.002026746,1,0.007441658,0.000548535,0.050013525,0.000000000,0.000000000,0.050000000,-0.007454604,0.000273639,-0.000182618,0.007461860,2.595291848
43.929799882,HOLD,task_pose_stale,0.001576754,1,0.007441658,0.000548535,0.050013525,0.000000000,0.000000000,0.050000000,-0.007454604,0.000273639,-0.000182618,0.007461860,2.595291848
43.939864750,HOLD,task_pose_stale,0.006359258,1,0.007441658,0.000548535,0.050013525,0.000000000,0.000000000,0.050000000,-0.007454604,0.000273639,-0.000182618,0.007461860,2.595291848
43.949840570,HOLD,task_pose_stale,0.009053276,1,0.007441658,0.000548535,0.050013525,0.000000000,0.000000000,0.050000000,-0.007454604,0.000273639,-0.000182618,0.007461860,2.595291848
43.959822326,HOLD,task_pose_stale,0.004104548,1,0.007441658,0.000548535,0.050013525,0.000000000,0.000000000,0.050000000,-0.007454604,0.000273639,-0.000182618,0.007461860,2.595291848
43.970055793,HOLD,task_pose_stale,0.002723700,1,0.007441658,0.000548535,0.050013525,0.000000000,0.000000000,0.050000000,-0.007454604,0.000273639,-0.000182618,0.007461860,2.595291848
43.980093353,HOLD,task_pose_stale,0.001250243,1,0.007441658,0.000548535,0.050013525,0.000000000,0.000000000,0.050000000,-0.007454604,0.000273639,-0.000182618,0.007461860,2.595291848
43.990114290,HOLD,task_pose_stale,0.003934761,1,0.007441658,0.000548535,0.050013525,0.000000000,0.000000000,0.050000000,-0.007454604,0.000273639,-0.000182618,0.007461860,2.595291848
44.001897203,HOLD,task_pose_stale,0.003242557,1,0.007441658,0.000548535,0.050013525,0.000000000,0.000000000,0.050000000,-0.007454604,0.000273639,-0.000182618,0.007461860,2.595291848
44.011912204,HOLD,task_pose_stale,0.000035619,1,0.007441658,0.000548535,0.050013525,0.000000000,0.000000000,0.050000000,-0.007454604,0.000273639,-0.000182618,0.007461860,2.595291848
44.021993694,HOLD,task_pose_stale,0.004507047,1,0.007441658,0.000548535,0.050013525,0.000000000,0.000000000,0.050000000,-0.007454604,0.000273639,-0.000182618,0.007461860,2.595291848
44.032135738,HOLD,task_pose_stale,0.006387754,1,0.007441658,0.000548535,0.050013525,0.000000000,0.000000000,0.050000000,-0.007454604,0.000273639,-0.000182618,0.007461860,2.595291848
44.042086624,HOLD,task_pose_stale,0.002634652,1,0.007441658,0.000548535,0.050013525,0.000000000,0.000000000,0.050000000,-0.007454604,0.000273639,-0.000182618,0.007461860,2.595291848
44.052241728,HOLD,task_pose_stale,0.001984003,1,0.007441658,0.000548535,0.050013525,0.000000000,0.000000000,0.050000000,-0.007454604,0.000273639,-0.000182618,0.007461860,2.595291848
44.062265040,HOLD,task_pose_stale,0.001171880,1,0.007441658,0.000548535,0.050013525,0.000000000,0.000000000,0.050000000,-0.007454604,0.000273639,-0.000182618,0.007461860,2.595291848
44.072953248,HOLD,task_pose_stale,0.003798220,1,0.007441658,0.000548535,0.050013525,0.000000000,0.000000000,0.050000000,-0.007454604,0.000273639,-0.000182618,0.007461860,2.595291848
44.082910071,HOLD,task_pose_stale,0.002678582,1,0.007441658,0.000548535,0.050013525,0.000000000,0.000000000,0.050000000,-0.007454604,0.000273639,-0.000182618,0.007461860,2.595291848
44.095826869,HOLD,task_pose_stale,0.004654274,1,0.007441658,0.000548535,0.050013525,0.000000000,0.000000000,0.050000000,-0.007454604,0.000273639,-0.000182618,0.007461860,2.595291848
44.105881052,HOLD,task_pose_stale,0.002171599,1,0.007441658,0.000548535,0.050013525,0.000000000,0.000000000,0.050000000,-0.007454604,0.000273639,-0.000182618,0.007461860,2.595291848
44.116297365,HOLD,task_pose_stale,0.007193941,1,0.007441658,0.000548535,0.050013525,0.000000000,0.000000000,0.050000000,-0.007454604,0.000273639,-0.000182618,0.007461860,2.595291848
44.126026223,HOLD,task_pose_stale,0.004245838,1,0.007441658,0.000548535,0.050013525,0.000000000,0.000000000,0.050000000,-0.007454604,0.000273639,-0.000182618,0.007461860,2.595291848
44.136251379,HOLD,task_pose_stale,0.001000906,1,0.007441658,0.000548535,0.050013525,0.000000000,0.000000000,0.050000000,-0.007454604,0.000273639,-0.000182618,0.007461860,2.595291848
44.147911998,HOLD,task_pose_stale,0.007281802,1,0.007441658,0.000548535,0.050013525,0.000000000,0.000000000,0.050000000,-0.007454604,0.000273639,-0.000182618,0.007461860,2.595291848
44.157910377,HOLD,task_pose_stale,0.001157632,1,0.007441658,0.000548535,0.050013525,0.000000000,0.000000000,0.050000000,-0.007454604,0.000273639,-0.000182618,0.007461860,2.595291848
44.167989492,HOLD,task_pose_stale,0.000592471,1,0.007441658,0.000548535,0.050013525,0.000000000,0.000000000,0.050000000,-0.007454604,0.000273639,-0.000182618,0.007461860,2.595291848
44.178072170,HOLD,task_pose_stale,0.004057055,1,0.007441658,0.000548535,0.050013525,0.000000000,0.000000000,0.050000000,-0.007454604,0.000273639,-0.000182618,0.007461860,2.595291848
44.188173845,HOLD,task_pose_stale,0.003383847,1,0.007441658,0.000548535,0.050013525,0.000000000,0.000000000,0.050000000,-0.007454604,0.000273639,-0.000182618,0.007461860,2.595291848
44.198435808,HOLD,task_pose_stale,0.002116982,1,0.007441658,0.000548535,0.050013525,0.000000000,0.000000000,0.050000000,-0.007454604,0.000273639,-0.000182618,0.007461860,2.595291848
44.208437748,HOLD,task_pose_stale,0.005295425,1,0.007441658,0.000548535,0.050013525,0.000000000,0.000000000,0.050000000,-0.007454604,0.000273639,-0.000182618,0.007461860,2.595291848
44.218406444,HOLD,task_pose_stale,0.004065366,1,0.007441658,0.000548535,0.050013525,0.000000000,0.000000000,0.050000000,-0.007454604,0.000273639,-0.000182618,0.007461860,2.595291848
44.228478436,HOLD,task_pose_stale,0.002287955,1,0.007441658,0.000548535,0.050013525,0.000000000,0.000000000,0.050000000,-0.007454604,0.000273639,-0.000182618,0.007461860,2.595291848
44.240253037,HOLD,task_pose_stale,0.003804157,1,0.007441658,0.000548535,0.050013525,0.000000000,0.000000000,0.050000000,-0.007454604,0.000273639,-0.000182618,0.007461860,2.595291848
44.250266851,HOLD,task_pose_stale,0.002813937,1,0.007441658,0.000548535,0.050013525,0.000000000,0.000000000,0.050000000,-0.007454604,0.000273639,-0.000182618,0.007461860,2.595291848
44.260538312,HOLD,task_pose_stale,0.007636809,1,0.007441658,0.000548535,0.050013525,0.000000000,0.000000000,0.050000000,-0.007454604,0.000273639,-0.000182618,0.007461860,2.595291848
44.270520068,HOLD,task_pose_stale,0.000415561,1,0.007441658,0.000548535,0.050013525,0.000000000,0.000000000,0.050000000,-0.007454604,0.000273639,-0.000182618,0.007461860,2.595291848
44.280704855,HOLD,task_pose_stale,0.005230122,1,0.007441658,0.000548535,0.050013525,0.000000000,0.000000000,0.050000000,-0.007454604,0.000273639,-0.000182618,0.007461860,2.595291848
44.290647430,HOLD,task_pose_stale,0.002278458,1,0.007441658,0.000548535,0.050013525,0.000000000,0.000000000,0.050000000,-0.007454604,0.000273639,-0.000182618,0.007461860,2.595291848
44.300642246,HOLD,task_pose_stale,0.002393626,1,0.007441658,0.000548535,0.050013525,0.000000000,0.000000000,0.050000000,-0.007454604,0.000273639,-0.000182618,0.007461860,2.595291848
44.310781915,HOLD,task_pose_stale,0.000300390,1,0.007441658,0.000548535,0.050013525,0.000000000,0.000000000,0.050000000,-0.007454604,0.000273639,-0.000182618,0.007461860,2.595291848
44.322484090,HOLD,task_pose_stale,0.006073115,1,0.007441658,0.000548535,0.050013525,0.000000000,0.000000000,0.050000000,-0.007454604,0.000273639,-0.000182618,0.007461860,2.595291848
44.332142897,HOLD,task_pose_stale,0.003488332,1,0.007441658,0.000548535,0.050013525,0.000000000,0.000000000,0.050000000,-0.007454604,0.000273639,-0.000182618,0.007461860,2.595291848
44.342159085,HOLD,task_pose_stale,0.003016967,1,0.007441658,0.000548535,0.050013525,0.000000000,0.000000000,0.050000000,-0.007454604,0.000273639,-0.000182618,0.007461860,2.595291848
44.352393739,HOLD,task_pose_stale,0.002339010,1,0.007441658,0.000548535,0.050013525,0.000000000,0.000000000,0.050000000,-0.007454604,0.000273639,-0.000182618,0.007461860,2.595291848
44.362561904,HOLD,task_pose_stale,0.002539666,1,0.007441658,0.000548535,0.050013525,0.000000000,0.000000000,0.050000000,-0.007454604,0.000273639,-0.000182618,0.007461860,2.595291848
44.372753815,HOLD,task_pose_stale,0.001556570,1,0.007441658,0.000548535,0.050013525,0.000000000,0.000000000,0.050000000,-0.007454604,0.000273639,-0.000182618,0.007461860,2.595291848
44.382714199,HOLD,task_pose_stale,0.000781253,1,0.007441658,0.000548535,0.050013525,0.000000000,0.000000000,0.050000000,-0.007454604,0.000273639,-0.000182618,0.007461860,2.595291848
44.392782629,HOLD,task_pose_stale,0.003754290,1,0.007441658,0.000548535,0.050013525,0.000000000,0.000000000,0.050000000,-0.007454604,0.000273639,-0.000182618,0.007461860,2.595291848
44.402916362,HOLD,task_pose_stale,0.003535824,1,0.007441658,0.000548535,0.050013525,0.000000000,0.000000000,0.050000000,-0.007454604,0.000273639,-0.000182618,0.007461860,2.595291848
44.412896930,HOLD,task_pose_stale,0.004989097,1,0.007441658,0.000548535,0.050013525,0.000000000,0.000000000,0.050000000,-0.007454604,0.000273639,-0.000182618,0.007461860,2.595291848
44.422992669,HOLD,task_pose_stale,0.001251430,1,0.007441658,0.000548535,0.050013525,0.000000000,0.000000000,0.050000000,-0.007454604,0.000273639,-0.000182618,0.007461860,2.595291848
44.433078908,HOLD,task_pose_stale,0.005145823,1,0.007441658,0.000548535,0.050013525,0.000000000,0.000000000,0.050000000,-0.007454604,0.000273639,-0.000182618,0.007461860,2.595291848
44.443118843,HOLD,task_pose_stale,0.002341385,1,0.007441658,0.000548535,0.050013525,0.000000000,0.000000000,0.050000000,-0.007454604,0.000273639,-0.000182618,0.007461860,2.595291848
44.453563652,HOLD,task_pose_stale,0.004314702,1,0.007441658,0.000548535,0.050013525,0.000000000,0.000000000,0.050000000,-0.007454604,0.000273639,-0.000182618,0.007461860,2.595291848
44.463342377,HOLD,task_pose_stale,0.001008030,1,0.007441658,0.000548535,0.050013525,0.000000000,0.000000000,0.050000000,-0.007454604,0.000273639,-0.000182618,0.007461860,2.595291848
44.474192060,HOLD,task_pose_stale,0.006422186,1,0.007441658,0.000548535,0.050013525,0.000000000,0.000000000,0.050000000,-0.007454604,0.000273639,-0.000182618,0.007461860,2.595291848
44.484030151,HOLD,task_pose_stale,0.004254149,1,0.007441658,0.000548535,0.050013525,0.000000000,0.000000000,0.050000000,-0.007454604,0.000273639,-0.000182618,0.007461860,2.595291848
44.494084334,HOLD,task_pose_stale,0.003420654,1,0.007441658,0.000548535,0.050013525,0.000000000,0.000000000,0.050000000,-0.007454604,0.000273639,-0.000182618,0.007461860,2.595291848
44.504130205,HOLD,task_pose_stale,0.001138635,1,0.007441658,0.000548535,0.050013525,0.000000000,0.000000000,0.050000000,-0.007454604,0.000273639,-0.000182618,0.007461860,2.595291848
44.514310242,HOLD,task_pose_stale,0.001668177,1,0.007441658,0.000548535,0.050013525,0.000000000,0.000000000,0.050000000,-0.007454604,0.000273639,-0.000182618,0.007461860,2.595291848
44.524297935,HOLD,task_pose_stale,0.000458303,1,0.007441658,0.000548535,0.050013525,0.000000000,0.000000000,0.050000000,-0.007454604,0.000273639,-0.000182618,0.007461860,2.595291848
44.534625200,HOLD,task_pose_stale,0.003375537,1,0.007441658,0.000548535,0.050013525,0.000000000,0.000000000,0.050000000,-0.007454604,0.000273639,-0.000182618,0.007461860,2.595291848
44.544451417,HOLD,task_pose_stale,0.000568724,1,0.007441658,0.000548535,0.050013525,0.000000000,0.000000000,0.050000000,-0.007454604,0.000273639,-0.000182618,0.007461860,2.595291848
44.555805709,HOLD,task_pose_stale,0.006476803,1,0.007441658,0.000548535,0.050013525,0.000000000,0.000000000,0.050000000,-0.007454604,0.000273639,-0.000182618,0.007461860,2.595291848
44.565853955,HOLD,task_pose_stale,0.004309953,1,0.007441658,0.000548535,0.050013525,0.000000000,0.000000000,0.050000000,-0.007454604,0.000273639,-0.000182618,0.007461860,2.595291848
44.576824744,HOLD,task_pose_stale,0.004682770,1,0.007441658,0.000548535,0.050013525,0.000000000,0.000000000,0.050000000,-0.007454604,0.000273639,-0.000182618,0.007461860,2.595291848
44.587129450,HOLD,task_pose_stale,0.001069771,1,0.007441658,0.000548535,0.050013525,0.000000000,0.000000000,0.050000000,-0.007454604,0.000273639,-0.000182618,0.007461860,2.595291848
44.597013846,HOLD,task_pose_stale,0.000382316,1,0.007441658,0.000548535,0.050013525,0.000000000,0.000000000,0.050000000,-0.007454604,0.000273639,-0.000182618,0.007461860,2.595291848
44.607098899,HOLD,task_pose_stale,0.004996220,1,0.007441658,0.000548535,0.050013525,0.000000000,0.000000000,0.050000000,-0.007454604,0.000273639,-0.000182618,0.007461860,2.595291848
44.617486716,HOLD,task_pose_stale,0.003356539,1,0.007441658,0.000548535,0.050013525,0.000000000,0.000000000,0.050000000,-0.007454604,0.000273639,-0.000182618,0.007461860,2.595291848
44.627235759,HOLD,task_pose_stale,0.005354790,1,0.007441658,0.000548535,0.050013525,0.000000000,0.000000000,0.050000000,-0.007454604,0.000273639,-0.000182618,0.007461860,2.595291848
44.637392050,HOLD,task_pose_stale,0.008593785,1,0.007441658,0.000548535,0.050013525,0.000000000,0.000000000,0.050000000,-0.007454604,0.000273639,-0.000182618,0.007461860,2.595291848
44.647427235,HOLD,task_pose_stale,0.005195690,1,0.007441658,0.000548535,0.050013525,0.000000000,0.000000000,0.050000000,-0.007454604,0.000273639,-0.000182618,0.007461860,2.595291848
44.657582339,HOLD,task_pose_stale,0.003707984,1,0.007441658,0.000548535,0.050013525,0.000000000,0.000000000,0.050000000,-0.007454604,0.000273639,-0.000182618,0.007461860,2.595291848
44.667699449,HOLD,task_pose_stale,0.001363038,1,0.007441658,0.000548535,0.050013525,0.000000000,0.000000000,0.050000000,-0.007454604,0.000273639,-0.000182618,0.007461860,2.595291848
44.677687141,HOLD,task_pose_stale,0.000775316,1,0.007441658,0.000548535,0.050013525,0.000000000,0.000000000,0.050000000,-0.007454604,0.000273639,-0.000182618,0.007461860,2.595291848
44.687773381,HOLD,task_pose_stale,0.005639746,1,0.007441658,0.000548535,0.050013525,0.000000000,0.000000000,0.050000000,-0.007454604,0.000273639,-0.000182618,0.007461860,2.595291848
44.697819252,HOLD,task_pose_stale,0.004135417,1,0.007441658,0.000548535,0.050013525,0.000000000,0.000000000,0.050000000,-0.007454604,0.000273639,-0.000182618,0.007461860,2.595291848
44.709064311,HOLD,task_pose_stale,0.010066056,1,0.007441658,0.000548535,0.050013525,0.000000000,0.000000000,0.050000000,-0.007454604,0.000273639,-0.000182618,0.007461860,2.595291848
44.718894091,HOLD,task_pose_stale,0.003874209,1,0.007441658,0.000548535,0.050013525,0.000000000,0.000000000,0.050000000,-0.007454604,0.000273639,-0.000182618,0.007461860,2.595291848
44.730977394,HOLD,task_pose_stale,0.005392784,1,0.007441658,0.000548535,0.050013525,0.000000000,0.000000000,0.050000000,-0.007454604,0.000273639,-0.000182618,0.007461860,2.595291848
44.741051761,HOLD,task_pose_stale,0.004128294,1,0.007441658,0.000548535,0.050013525,0.000000000,0.000000000,0.050000000,-0.007454604,0.000273639,-0.000182618,0.007461860,2.595291848
44.751127315,HOLD,task_pose_stale,0.003249681,1,0.007441658,0.000548535,0.050013525,0.000000000,0.000000000,0.050000000,-0.007454604,0.000273639,-0.000182618,0.007461860,2.595291848
44.761269358,HOLD,task_pose_stale,0.001676489,1,0.007441658,0.000548535,0.050013525,0.000000000,0.000000000,0.050000000,-0.007454604,0.000273639,-0.000182618,0.007461860,2.595291848
44.771260613,HOLD,task_pose_stale,0.006261899,1,0.007441658,0.000548535,0.050013525,0.000000000,0.000000000,0.050000000,-0.007454604,0.000273639,-0.000182618,0.007461860,2.595291848
44.781285112,HOLD,task_pose_stale,0.004159164,1,0.007441658,0.000548535,0.050013525,0.000000000,0.000000000,0.050000000,-0.007454604,0.000273639,-0.000182618,0.007461860,2.595291848
44.791763166,HOLD,task_pose_stale,0.002102734,1,0.007441658,0.000548535,0.050013525,0.000000000,0.000000000,0.050000000,-0.007454604,0.000273639,-0.000182618,0.007461860,2.595291848
44.801712864,HOLD,task_pose_stale,0.000322949,1,0.007441658,0.000548535,0.050013525,0.000000000,0.000000000,0.050000000,-0.007454604,0.000273639,-0.000182618,0.007461860,2.595291848
44.811578263,HOLD,task_pose_stale,0.003982254,1,0.007441658,0.000548535,0.050013525,0.000000000,0.000000000,0.050000000,-0.007454604,0.000273639,-0.000182618,0.007461860,2.595291848
44.821837851,HOLD,task_pose_stale,0.001633745,1,0.007441658,0.000548535,0.050013525,0.000000000,0.000000000,0.050000000,-0.007454604,0.000273639,-0.000182618,0.007461860,2.595291848
44.838123062,HOLD,task_pose_stale,0.004448869,1,0.007441658,0.000548535,0.050013525,0.000000000,0.000000000,0.050000000,-0.007454604,0.000273639,-0.000182618,0.007461860,2.595291848
44.848058512,HOLD,task_pose_stale,0.005886707,1,0.007441658,0.000548535,0.050013525,0.000000000,0.000000000,0.050000000,-0.007454604,0.000273639,-0.000182618,0.007461860,2.595291848
44.857944096,HOLD,task_pose_stale,0.003857586,1,0.007441658,0.000548535,0.050013525,0.000000000,0.000000000,0.050000000,-0.007454604,0.000273639,-0.000182618,0.007461860,2.595291848
44.868823462,HOLD,task_pose_stale,0.000586533,1,0.007441658,0.000548535,0.050013525,0.000000000,0.000000000,0.050000000,-0.007454604,0.000273639,-0.000182618,0.007461860,2.595291848
44.878669864,HOLD,task_pose_stale,0.004333699,1,0.007441658,0.000548535,0.050013525,0.000000000,0.000000000,0.050000000,-0.007454604,0.000273639,-0.000182618,0.007461860,2.595291848
44.889450683,HOLD,task_pose_stale,0.002981348,1,0.007441658,0.000548535,0.050013525,0.000000000,0.000000000,0.050000000,-0.007454604,0.000273639,-0.000182618,0.007461860,2.595291848
44.899387321,HOLD,task_pose_stale,0.006013750,1,0.007441658,0.000548535,0.050013525,0.000000000,0.000000000,0.050000000,-0.007454604,0.000273639,-0.000182618,0.007461860,2.595291848
44.909556673,HOLD,task_pose_stale,0.000459491,1,0.007441658,0.000548535,0.050013525,0.000000000,0.000000000,0.050000000,-0.007454604,0.000273639,-0.000182618,0.007461860,2.595291848
44.919404262,HOLD,task_pose_stale,0.005166007,1,0.007441658,0.000548535,0.050013525,0.000000000,0.000000000,0.050000000,-0.007454604,0.000273639,-0.000182618,0.007461860,2.595291848
44.933057196,HOLD,task_pose_stale,0.002645337,1,0.007441658,0.000548535,0.050013525,0.000000000,0.000000000,0.050000000,-0.007454604,0.000273639,-0.000182618,0.007461860,2.595291848
44.943458074,HOLD,task_pose_stale,0.004680395,1,0.007441658,0.000548535,0.050013525,0.000000000,0.000000000,0.050000000,-0.007454604,0.000273639,-0.000182618,0.007461860,2.595291848
44.953353156,HOLD,task_pose_stale,0.002143104,1,0.007441658,0.000548535,0.050013525,0.000000000,0.000000000,0.050000000,-0.007454604,0.000273639,-0.000182618,0.007461860,2.595291848
44.963214993,HOLD,task_pose_stale,0.006291582,1,0.007441658,0.000548535,0.050013525,0.000000000,0.000000000,0.050000000,-0.007454604,0.000273639,-0.000182618,0.007461860,2.595291848
44.973406904,HOLD,task_pose_stale,0.001839150,1,0.007441658,0.000548535,0.050013525,0.000000000,0.000000000,0.050000000,-0.007454604,0.000273639,-0.000182618,0.007461860,2.595291848
44.983434965,HOLD,task_pose_stale,0.003721045,1,0.007441658,0.000548535,0.050013525,0.000000000,0.000000000,0.050000000,-0.007454604,0.000273639,-0.000182618,0.007461860,2.595291848
44.993553263,HOLD,task_pose_stale,0.002926731,1,0.007441658,0.000548535,0.050013525,0.000000000,0.000000000,0.050000000,-0.007454604,0.000273639,-0.000182618,0.007461860,2.595291848
45.003429348,HOLD,task_pose_stale,0.006035122,1,0.007441658,0.000548535,0.050013525,0.000000000,0.000000000,0.050000000,-0.007454604,0.000273639,-0.000182618,0.007461860,2.595291848
45.013715056,HOLD,task_pose_stale,0.002912483,1,0.007441658,0.000548535,0.050013525,0.000000000,0.000000000,0.050000000,-0.007454604,0.000273639,-0.000182618,0.007461860,2.595291848
45.023693250,HOLD,task_pose_stale,0.002454180,1,0.007441658,0.000548535,0.050013525,0.000000000,0.000000000,0.050000000,-0.007454604,0.000273639,-0.000182618,0.007461860,2.595291848
45.033964711,HOLD,task_pose_stale,0.006403189,1,0.007441658,0.000548535,0.050013525,0.000000000,0.000000000,0.050000000,-0.007454604,0.000273639,-0.000182618,0.007461860,2.595291848
45.043891851,HOLD,task_pose_stale,0.002282019,1,0.007441658,0.000548535,0.050013525,0.000000000,0.000000000,0.050000000,-0.007454604,0.000273639,-0.000182618,0.007461860,2.595291848
45.053821365,HOLD,task_pose_stale,0.005561383,1,0.007441658,0.000548535,0.050013525,0.000000000,0.000000000,0.050000000,-0.007454604,0.000273639,-0.000182618,0.007461860,2.595291848
45.063873172,HOLD,task_pose_stale,0.002893486,1,0.007441658,0.000548535,0.050013525,0.000000000,0.000000000,0.050000000,-0.007454604,0.000273639,-0.000182618,0.007461860,2.595291848
45.077234026,HOLD,task_pose_stale,0.010045871,1,0.007441658,0.000548535,0.050013525,0.000000000,0.000000000,0.050000000,-0.007454604,0.000273639,-0.000182618,0.007461860,2.595291848
45.087048371,HOLD,task_pose_stale,0.003091768,1,0.007441658,0.000548535,0.050013525,0.000000000,0.000000000,0.050000000,-0.007454604,0.000273639,-0.000182618,0.007461860,2.595291848
45.097053873,HOLD,task_pose_stale,0.000306327,1,0.007441658,0.000548535,0.050013525,0.000000000,0.000000000,0.050000000,-0.007454604,0.000273639,-0.000182618,0.007461860,2.595291848
45.107271905,HOLD,task_pose_stale,0.002054054,1,0.007441658,0.000548535,0.050013525,0.000000000,0.000000000,0.050000000,-0.007454604,0.000273639,-0.000182618,0.007461860,2.595291848
45.117216854,HOLD,task_pose_stale,0.000134167,1,0.007441658,0.000548535,0.050013525,0.000000000,0.000000000,0.050000000,-0.007454604,0.000273639,-0.000182618,0.007461860,2.595291848
45.127991737,HOLD,task_pose_stale,0.001714482,1,0.007441658,0.000548535,0.050013525,0.000000000,0.000000000,0.050000000,-0.007454604,0.000273639,-0.000182618,0.007461860,2.595291848
45.137910565,HOLD,task_pose_stale,0.006629967,1,0.007441658,0.000548535,0.050013525,0.000000000,0.000000000,0.050000000,-0.007454604,0.000273639,-0.000182618,0.007461860,2.595291848
45.148158279,HOLD,task_pose_stale,0.003135698,1,0.007441658,0.000548535,0.050013525,0.000000000,0.000000000,0.050000000,-0.007454604,0.000273639,-0.000182618,0.007461860,2.595291848
45.158441613,HOLD,task_pose_stale,0.000043930,1,0.007441658,0.000548535,0.050013525,0.000000000,0.000000000,0.050000000,-0.007454604,0.000273639,-0.000182618,0.007461860,2.595291848
45.168392499,HOLD,task_pose_stale,0.003699673,1,0.007441658,0.000548535,0.050013525,0.000000000,0.000000000,0.050000000,-0.007454604,0.000273639,-0.000182618,0.007461860,2.595291848
45.178773193,HOLD,task_pose_stale,0.007286552,1,0.007441658,0.000548535,0.050013525,0.000000000,0.000000000,0.050000000,-0.007454604,0.000273639,-0.000182618,0.007461860,2.595291848
45.188555480,HOLD,task_pose_stale,0.003826715,1,0.007441658,0.000548535,0.050013525,0.000000000,0.000000000,0.050000000,-0.007454604,0.000273639,-0.000182618,0.007461860,2.595291848
45.198869684,HOLD,task_pose_stale,0.000362131,1,0.007441658,0.000548535,0.050013525,0.000000000,0.000000000,0.050000000,-0.007454604,0.000273639,-0.000182618,0.007461860,2.595291848
45.208707775,HOLD,task_pose_stale,0.004102173,1,0.007441658,0.000548535,0.050013525,0.000000000,0.000000000,0.050000000,-0.007454604,0.000273639,-0.000182618,0.007461860,2.595291848
45.218969738,HOLD,task_pose_stale,0.001523325,1,0.007441658,0.000548535,0.050013525,0.000000000,0.000000000,0.050000000,-0.007454604,0.000273639,-0.000182618,0.007461860,2.595291848
45.228855321,HOLD,task_pose_stale,0.004026185,1,0.007441658,0.000548535,0.050013525,0.000000000,0.000000000,0.050000000,-0.007454604,0.000273639,-0.000182618,0.007461860,2.595291848
45.239368994,HOLD,task_pose_stale,0.001529262,1,0.007441658,0.000548535,0.050013525,0.000000000,0.000000000,0.050000000,-0.007454604,0.000273639,-0.000182618,0.007461860,2.595291848
45.249771060,HOLD,task_pose_stale,0.005097142,1,0.007441658,0.000548535,0.050013525,0.000000000,0.000000000,0.050000000,-0.007454604,0.000273639,-0.000182618,0.007461860,2.595291848
45.259773000,HOLD,task_pose_stale,0.006990910,1,0.007441658,0.000548535,0.050013525,0.000000000,0.000000000,0.050000000,-0.007454604,0.000273639,-0.000182618,0.007461860,2.595291848
45.269817684,HOLD,task_pose_stale,0.004790815,1,0.007441658,0.000548535,0.050013525,0.000000000,0.000000000,0.050000000,-0.007454604,0.000273639,-0.000182618,0.007461860,2.595291848
45.279888488,HOLD,task_pose_stale,0.007501455,1,0.007441658,0.000548535,0.050013525,0.000000000,0.000000000,0.050000000,-0.007454604,0.000273639,-0.000182618,0.007461860,2.595291848
45.289969979,HOLD,task_pose_stale,0.002678582,1,0.007441658,0.000548535,0.050013525,0.000000000,0.000000000,0.050000000,-0.007454604,0.000273639,-0.000182618,0.007461860,2.595291848
45.300088276,HOLD,task_pose_stale,0.000409624,1,0.007441658,0.000548535,0.050013525,0.000000000,0.000000000,0.050000000,-0.007454604,0.000273639,-0.000182618,0.007461860,2.595291848
45.310016603,HOLD,task_pose_stale,0.002105110,1,0.007441658,0.000548535,0.050013525,0.000000000,0.000000000,0.050000000,-0.007454604,0.000273639,-0.000182618,0.007461860,2.595291848
45.320071972,HOLD,task_pose_stale,0.000815686,1,0.007441658,0.000548535,0.050013525,0.000000000,0.000000000,0.050000000,-0.007454604,0.000273639,-0.000182618,0.007461860,2.595291848
45.330056103,HOLD,task_pose_stale,0.005042526,1,0.007441658,0.000548535,0.050013525,0.000000000,0.000000000,0.050000000,-0.007454604,0.000273639,-0.000182618,0.007461860,2.595291848
45.340295506,HOLD,task_pose_stale,0.004361007,1,0.007441658,0.000548535,0.050013525,0.000000000,0.000000000,0.050000000,-0.007454604,0.000273639,-0.000182618,0.007461860,2.595291848
45.350374622,HOLD,task_pose_stale,0.002882800,1,0.007441658,0.000548535,0.050013525,0.000000000,0.000000000,0.050000000,-0.007454604,0.000273639,-0.000182618,0.007461860,2.595291848
45.360331445,HOLD,task_pose_stale,0.005694362,1,0.007441658,0.000548535,0.050013525,0.000000000,0.000000000,0.050000000,-0.007454604,0.000273639,-0.000182618,0.007461860,2.595291848
45.372932417,HOLD,task_pose_stale,0.001361850,1,0.007441658,0.000548535,0.050013525,0.000000000,0.000000000,0.050000000,-0.007454604,0.000273639,-0.000182618,0.007461860,2.595291848
45.382857182,HOLD,task_pose_stale,0.003729356,1,0.007441658,0.000548535,0.050013525,0.000000000,0.000000000,0.050000000,-0.007454604,0.000273639,-0.000182618,0.007461860,2.595291848
45.392987353,HOLD,task_pose_stale,0.002426871,1,0.007441658,0.000548535,0.050013525,0.000000000,0.000000000,0.050000000,-0.007454604,0.000273639,-0.000182618,0.007461860,2.595291848
45.403068843,HOLD,task_pose_stale,0.005306110,1,0.007441658,0.000548535,0.050013525,0.000000000,0.000000000,0.050000000,-0.007454604,0.000273639,-0.000182618,0.007461860,2.595291848
45.413194264,HOLD,task_pose_stale,0.002940979,1,0.007441658,0.000548535,0.050013525,0.000000000,0.000000000,0.050000000,-0.007454604,0.000273639,-0.000182618,0.007461860,2.595291848
45.424339589,HOLD,task_pose_stale,0.006866242,1,0.007441658,0.000548535,0.050013525,0.000000000,0.000000000,0.050000000,-0.007454604,0.000273639,-0.000182618,0.007461860,2.595291848
45.434035202,HOLD,task_pose_stale,0.002533730,1,0.007441658,0.000548535,0.050013525,0.000000000,0.000000000,0.050000000,-0.007454604,0.000273639,-0.000182618,0.007461860,2.595291848
45.444063263,HOLD,task_pose_stale,0.005424841,1,0.007441658,0.000548535,0.050013525,0.000000000,0.000000000,0.050000000,-0.007454604,0.000273639,-0.000182618,0.007461860,2.595291848
45.454359658,HOLD,task_pose_stale,0.000046305,1,0.007441658,0.000548535,0.050013525,0.000000000,0.000000000,0.050000000,-0.007454604,0.000273639,-0.000182618,0.007461860,2.595291848
45.464352099,HOLD,task_pose_stale,0.010111173,1,0.007441658,0.000548535,0.050013525,0.000000000,0.000000000,0.050000000,-0.007454604,0.000273639,-0.000182618,0.007461860,2.595291848
45.474794534,HOLD,task_pose_stale,0.004629341,1,0.007441658,0.000548535,0.050013525,0.000000000,0.000000000,0.050000000,-0.007454604,0.000273639,-0.000182618,0.007461860,2.595291848
45.484581570,HOLD,task_pose_stale,0.002414999,1,0.007441658,0.000548535,0.050013525,0.000000000,0.000000000,0.050000000,-0.007454604,0.000273639,-0.000182618,0.007461860,2.595291848
45.494913584,HOLD,task_pose_stale,0.005266929,1,0.007441658,0.000548535,0.050013525,0.000000000,0.000000000,0.050000000,-0.007454604,0.000273639,-0.000182618,0.007461860,2.595291848
45.506421039,HOLD,task_pose_stale,0.000043931,1,0.007441658,0.000548535,0.050013525,0.000000000,0.000000000,0.050000000,-0.007454604,0.000273639,-0.000182618,0.007461860,2.595291848
45.516443164,HOLD,task_pose_stale,0.005272865,1,0.007441658,0.000548535,0.050013525,0.000000000,0.000000000,0.050000000,-0.007454604,0.000273639,-0.000182618,0.007461860,2.595291848
45.526418983,HOLD,task_pose_stale,0.000270707,1,0.007441658,0.000548535,0.050013525,0.000000000,0.000000000,0.050000000,-0.007454604,0.000273639,-0.000182618,0.007461860,2.595291848
45.536340186,HOLD,task_pose_stale,0.004336074,1,0.007441658,0.000548535,0.050013525,0.000000000,0.000000000,0.050000000,-0.007454604,0.000273639,-0.000182618,0.007461860,2.595291848
45.546552281,HOLD,task_pose_stale,0.001848650,1,0.007441658,0.000548535,0.050013525,0.000000000,0.000000000,0.050000000,-0.007454604,0.000273639,-0.000182618,0.007461860,2.595291848
45.556526913,HOLD,task_pose_stale,0.005365476,1,0.007441658,0.000548535,0.050013525,0.000000000,0.000000000,0.050000000,-0.007454604,0.000273639,-0.000182618,0.007461860,2.595291848
45.567084517,HOLD,task_pose_stale,0.000762256,1,0.007441658,0.000548535,0.050013525,0.000000000,0.000000000,0.050000000,-0.007454604,0.000273639,-0.000182618,0.007461860,2.595291848
45.576938043,HOLD,task_pose_stale,0.000270708,1,0.007441658,0.000548535,0.050013525,0.000000000,0.000000000,0.050000000,-0.007454604,0.000273639,-0.000182618,0.007461860,2.595291848
45.586923361,HOLD,task_pose_stale,0.004640027,1,0.007441658,0.000548535,0.050013525,0.000000000,0.000000000,0.050000000,-0.007454604,0.000273639,-0.000182618,0.007461860,2.595291848
45.597136643,HOLD,task_pose_stale,0.002570537,1,0.007441658,0.000548535,0.050013525,0.000000000,0.000000000,0.050000000,-0.007454604,0.000273639,-0.000182618,0.007461860,2.595291848
45.607241880,HOLD,task_pose_stale,0.001997063,1,0.007441658,0.000548535,0.050013525,0.000000000,0.000000000,0.050000000,-0.007454604,0.000273639,-0.000182618,0.007461860,2.595291848
45.617299624,HOLD,task_pose_stale,0.005626685,1,0.007441658,0.000548535,0.050013525,0.000000000,0.000000000,0.050000000,-0.007454604,0.000273639,-0.000182618,0.007461860,2.595291848
45.627235075,HOLD,task_pose_stale,0.006102798,1,0.007441658,0.000548535,0.050013525,0.000000000,0.000000000,0.050000000,-0.007454604,0.000273639,-0.000182618,0.007461860,2.595291848
45.637646638,HOLD,task_pose_stale,0.003514452,1,0.007441658,0.000548535,0.050013525,0.000000000,0.000000000,0.050000000,-0.007454604,0.000273639,-0.000182618,0.007461860,2.595291848
45.647481167,HOLD,task_pose_stale,0.001975691,1,0.007441658,0.000548535,0.050013525,0.000000000,0.000000000,0.050000000,-0.007454604,0.000273639,-0.000182618,0.007461860,2.595291848
45.657606588,HOLD,task_pose_stale,0.001784534,1,0.007441658,0.000548535,0.050013525,0.000000000,0.000000000,0.050000000,-0.007454604,0.000273639,-0.000182618,0.007461860,2.595291848
45.667603779,HOLD,task_pose_stale,0.003617749,1,0.007441658,0.000548535,0.050013525,0.000000000,0.000000000,0.050000000,-0.007454604,0.000273639,-0.000182618,0.007461860,2.595291848
45.677623529,HOLD,task_pose_stale,0.004349135,1,0.007441658,0.000548535,0.050013525,0.000000000,0.000000000,0.050000000,-0.007454604,0.000273639,-0.000182618,0.007461860,2.595291848
45.687722830,HOLD,task_pose_stale,0.004077239,1,0.007441658,0.000548535,0.050013525,0.000000000,0.000000000,0.050000000,-0.007454604,0.000273639,-0.000182618,0.007461860,2.595291848
45.697741392,HOLD,task_pose_stale,0.002113421,1,0.007441658,0.000548535,0.050013525,0.000000000,0.000000000,0.050000000,-0.007454604,0.000273639,-0.000182618,0.007461860,2.595291848
45.709177609,HOLD,task_pose_stale,0.008238778,1,0.007441658,0.000548535,0.050013525,0.000000000,0.000000000,0.050000000,-0.007454604,0.000273639,-0.000182618,0.007461860,2.595291848
45.718858974,HOLD,task_pose_stale,0.003995314,1,0.007441658,0.000548535,0.050013525,0.000000000,0.000000000,0.050000000,-0.007454604,0.000273639,-0.000182618,0.007461860,2.595291848
45.728947588,HOLD,task_pose_stale,0.003341104,1,0.007441658,0.000548535,0.050013525,0.000000000,0.000000000,0.050000000,-0.007454604,0.000273639,-0.000182618,0.007461860,2.595291848
45.739071822,HOLD,task_pose_stale,0.001954320,1,0.007441658,0.000548535,0.050013525,0.000000000,0.000000000,0.050000000,-0.007454604,0.000273639,-0.000182618,0.007461860,2.595291848
45.749205554,HOLD,task_pose_stale,0.000623341,1,0.007441658,0.000548535,0.050013525,0.000000000,0.000000000,0.050000000,-0.007454604,0.000273639,-0.000182618,0.007461860,2.595291848
45.759163564,HOLD,task_pose_stale,0.005062711,1,0.007441658,0.000548535,0.050013525,0.000000000,0.000000000,0.050000000,-0.007454604,0.000273639,-0.000182618,0.007461860,2.595291848
45.769217746,HOLD,task_pose_stale,0.003680676,1,0.007441658,0.000548535,0.050013525,0.000000000,0.000000000,0.050000000,-0.007454604,0.000273639,-0.000182618,0.007461860,2.595291848
45.779696987,HOLD,task_pose_stale,0.001898517,1,0.007441658,0.000548535,0.050013525,0.000000000,0.000000000,0.050000000,-0.007454604,0.000273639,-0.000182618,0.007461860,2.595291848
45.789408035,HOLD,task_pose_stale,0.004629341,1,0.007441658,0.000548535,0.050013525,0.000000000,0.000000000,0.050000000,-0.007454604,0.000273639,-0.000182618,0.007461860,2.595291848
45.799652188,HOLD,task_pose_stale,0.004287394,1,0.007441658,0.000548535,0.050013525,0.000000000,0.000000000,0.050000000,-0.007454604,0.000273639,-0.000182618,0.007461860,2.595291848
45.811851848,HOLD,task_pose_stale,0.007614250,1,0.007441658,0.000548535,0.050013525,0.000000000,0.000000000,0.050000000,-0.007454604,0.000273639,-0.000182618,0.007461860,2.595291848
45.821579518,HOLD,task_pose_stale,0.004108110,1,0.007441658,0.000548535,0.050013525,0.000000000,0.000000000,0.050000000,-0.007454604,0.000273639,-0.000182618,0.007461860,2.595291848
45.831726311,HOLD,task_pose_stale,0.001756039,1,0.007441658,0.000548535,0.050013525,0.000000000,0.000000000,0.050000000,-0.007454604,0.000273639,-0.000182618,0.007461860,2.595291848
45.841773369,HOLD,task_pose_stale,0.001510265,1,0.007441658,0.000548535,0.050013525,0.000000000,0.000000000,0.050000000,-0.007454604,0.000273639,-0.000182618,0.007461860,2.595291848
45.851996150,HOLD,task_pose_stale,0.006336699,1,0.007441658,0.000548535,0.050013525,0.000000000,0.000000000,0.050000000,-0.007454604,0.000273639,-0.000182618,0.007461860,2.595291848
45.861828304,HOLD,task_pose_stale,0.003560757,1,0.007441658,0.000548535,0.050013525,0.000000000,0.000000000,0.050000000,-0.007454604,0.000273639,-0.000182618,0.007461860,2.595291848
45.871882486,HOLD,task_pose_stale,0.003561944,1,0.007441658,0.000548535,0.050013525,0.000000000,0.000000000,0.050000000,-0.007454604,0.000273639,-0.000182618,0.007461860,2.595291848
45.882063711,HOLD,task_pose_stale,0.002157351,1,0.007441658,0.000548535,0.050013525,0.000000000,0.000000000,0.050000000,-0.007454604,0.000273639,-0.000182618,0.007461860,2.595291848
45.892272244,HOLD,task_pose_stale,0.002824622,1,0.007441658,0.000548535,0.050013525,0.000000000,0.000000000,0.050000000,-0.007454604,0.000273639,-0.000182618,0.007461860,2.595291848
45.902969951,HOLD,task_pose_stale,0.007056212,1,0.007441658,0.000548535,0.050013525,0.000000000,0.000000000,0.050000000,-0.007454604,0.000273639,-0.000182618,0.007461860,2.595291848
45.913749583,HOLD,task_pose_stale,0.006213218,1,0.007441658,0.000548535,0.050013525,0.000000000,0.000000000,0.050000000,-0.007454604,0.000273639,-0.000182618,0.007461860,2.595291848
45.923607858,HOLD,task_pose_stale,0.002350883,1,0.007441658,0.000548535,0.050013525,0.000000000,0.000000000,0.050000000,-0.007454604,0.000273639,-0.000182618,0.007461860,2.595291848
45.933780771,HOLD,task_pose_stale,0.004859679,1,0.007441658,0.000548535,0.050013525,0.000000000,0.000000000,0.050000000,-0.007454604,0.000273639,-0.000182618,0.007461860,2.595291848
45.944220831,HOLD,task_pose_stale,0.004688706,1,0.007441658,0.000548535,0.050013525,0.000000000,0.000000000,0.050000000,-0.007454604,0.000273639,-0.000182618,0.007461860,2.595291848
45.953857078,HOLD,task_pose_stale,0.005259805,1,0.007441658,0.000548535,0.050013525,0.000000000,0.000000000,0.050000000,-0.007454604,0.000273639,-0.000182618,0.007461860,2.595291848
45.964130914,HOLD,task_pose_stale,0.004300454,1,0.007441658,0.000548535,0.050013525,0.000000000,0.000000000,0.050000000,-0.007454604,0.000273639,-0.000182618,0.007461860,2.595291848
45.975137322,HOLD,task_pose_stale,0.004311141,1,0.007441658,0.000548535,0.050013525,0.000000000,0.000000000,0.050000000,-0.007454604,0.000273639,-0.000182618,0.007461860,2.595291848
45.985092957,HOLD,task_pose_stale,0.002169224,1,0.007441658,0.000548535,0.050013525,0.000000000,0.000000000,0.050000000,-0.007454604,0.000273639,-0.000182618,0.007461860,2.595291848
45.995252810,HOLD,task_pose_stale,0.002029121,1,0.007441658,0.000548535,0.050013525,0.000000000,0.000000000,0.050000000,-0.007454604,0.000273639,-0.000182618,0.007461860,2.595291848
46.005842472,HOLD,task_pose_stale,0.004427497,1,0.007441658,0.000548535,0.050013525,0.000000000,0.000000000,0.050000000,-0.007454604,0.000273639,-0.000182618,0.007461860,2.595291848
46.015680562,HOLD,task_pose_stale,0.003532262,1,0.007441658,0.000548535,0.050013525,0.000000000,0.000000000,0.050000000,-0.007454604,0.000273639,-0.000182618,0.007461860,2.595291848
46.025715747,HOLD,task_pose_stale,0.002233339,1,0.007441658,0.000548535,0.050013525,0.000000000,0.000000000,0.050000000,-0.007454604,0.000273639,-0.000182618,0.007461860,2.595291848
46.035816235,HOLD,task_pose_stale,0.004926169,1,0.007441658,0.000548535,0.050013525,0.000000000,0.000000000,0.050000000,-0.007454604,0.000273639,-0.000182618,0.007461860,2.595291848
46.045889414,HOLD,task_pose_stale,0.003333980,1,0.007441658,0.000548535,0.050013525,0.000000000,0.000000000,0.050000000,-0.007454604,0.000273639,-0.000182618,0.007461860,2.595291848
46.055852173,HOLD,task_pose_stale,0.006236965,1,0.007441658,0.000548535,0.050013525,0.000000000,0.000000000,0.050000000,-0.007454604,0.000273639,-0.000182618,0.007461860,2.595291848
46.066509511,HOLD,task_pose_stale,0.016633093,1,0.007441658,0.000548535,0.050013525,0.000000000,0.000000000,0.050000000,-0.007454604,0.000273639,-0.000182618,0.007461860,2.595291848
46.076536385,HOLD,task_pose_stale,0.002378192,1,0.007441658,0.000548535,0.050013525,0.000000000,0.000000000,0.050000000,-0.007454604,0.000273639,-0.000182618,0.007461860,2.595291848
46.088113892,HOLD,task_pose_stale,0.004510609,1,0.007441658,0.000548535,0.050013525,0.000000000,0.000000000,0.050000000,-0.007454604,0.000273639,-0.000182618,0.007461860,2.595291848
46.098317676,HOLD,task_pose_stale,0.001636120,1,0.007441658,0.000548535,0.050013525,0.000000000,0.000000000,0.050000000,-0.007454604,0.000273639,-0.000182618,0.007461860,2.595291848
46.108598635,HOLD,task_pose_stale,0.002202469,1,0.007441658,0.000548535,0.050013525,0.000000000,0.000000000,0.050000000,-0.007454604,0.000273639,-0.000182618,0.007461860,2.595291848
46.118372611,HOLD,task_pose_stale,0.001442587,1,0.007441658,0.000548535,0.050013525,0.000000000,0.000000000,0.050000000,-0.007454604,0.000273639,-0.000182618,0.007461860,2.595291848
46.128471911,HOLD,task_pose_stale,0.005591065,1,0.007441658,0.000548535,0.050013525,0.000000000,0.000000000,0.050000000,-0.007454604,0.000273639,-0.000182618,0.007461860,2.595291848
46.138439419,HOLD,task_pose_stale,0.002656023,1,0.007441658,0.000548535,0.050013525,0.000000000,0.000000000,0.050000000,-0.007454604,0.000273639,-0.000182618,0.007461860,2.595291848
46.153049328,HOLD,task_pose_stale,0.006094487,1,0.007441658,0.000548535,0.050013525,0.000000000,0.000000000,0.050000000,-0.007454604,0.000273639,-0.000182618,0.007461860,2.595291848
46.162966969,HOLD,task_pose_stale,0.002046930,1,0.007441658,0.000548535,0.050013525,0.000000000,0.000000000,0.050000000,-0.007454604,0.000273639,-0.000182618,0.007461860,2.595291848
46.172914293,HOLD,task_pose_stale,0.001886643,1,0.007441658,0.000548535,0.050013525,0.000000000,0.000000000,0.050000000,-0.007454604,0.000273639,-0.000182618,0.007461860,2.595291848
46.183132325,HOLD,task_pose_stale,0.000097360,1,0.007441658,0.000548535,0.050013525,0.000000000,0.000000000,0.050000000,-0.007454604,0.000273639,-0.000182618,0.007461860,2.595291848
46.193521330,HOLD,task_pose_stale,0.005360726,1,0.007441658,0.000548535,0.050013525,0.000000000,0.000000000,0.050000000,-0.007454604,0.000273639,-0.000182618,0.007461860,2.595291848
46.203360608,HOLD,task_pose_stale,0.002490987,1,0.007441658,0.000548535,0.050013525,0.000000000,0.000000000,0.050000000,-0.007454604,0.000273639,-0.000182618,0.007461860,2.595291848
46.213926523,HOLD,task_pose_stale,0.002278457,1,0.007441658,0.000548535,0.050013525,0.000000000,0.000000000,0.050000000,-0.007454604,0.000273639,-0.000182618,0.007461860,2.595291848
46.224284657,HOLD,task_pose_stale,0.003516827,1,0.007441658,0.000548535,0.050013525,0.000000000,0.000000000,0.050000000,-0.007454604,0.000273639,-0.000182618,0.007461860,2.595291848
46.234083567,HOLD,task_pose_stale,0.000670833,1,0.007441658,0.000548535,0.050013525,0.000000000,0.000000000,0.050000000,-0.007454604,0.000273639,-0.000182618,0.007461860,2.595291848
46.245955528,HOLD,task_pose_stale,0.004857305,1,0.007441658,0.000548535,0.050013525,0.000000000,0.000000000,0.050000000,-0.007454604,0.000273639,-0.000182618,0.007461860,2.595291848
46.255848235,HOLD,task_pose_stale,0.003008656,1,0.007441658,0.000548535,0.050013525,0.000000000,0.000000000,0.050000000,-0.007454604,0.000273639,-0.000182618,0.007461860,2.595291848
46.266262174,HOLD,task_pose_stale,0.006415062,1,0.007441658,0.000548535,0.050013525,0.000000000,0.000000000,0.050000000,-0.007454604,0.000273639,-0.000182618,0.007461860,2.595291848
46.276863708,HOLD,task_pose_stale,0.003831465,1,0.007441658,0.000548535,0.050013525,0.000000000,0.000000000,0.050000000,-0.007454604,0.000273639,-0.000182618,0.007461860,2.595291848
46.287054431,HOLD,task_pose_stale,0.003968006,1,0.007441658,0.000548535,0.050013525,0.000000000,0.000000000,0.050000000,-0.007454604,0.000273639,-0.000182618,0.007461860,2.595291848
46.297083680,HOLD,task_pose_stale,0.002301016,1,0.007441658,0.000548535,0.050013525,0.000000000,0.000000000,0.050000000,-0.007454604,0.000273639,-0.000182618,0.007461860,2.595291848
46.307168732,HOLD,task_pose_stale,0.001329793,1,0.007441658,0.000548535,0.050013525,0.000000000,0.000000000,0.050000000,-0.007454604,0.000273639,-0.000182618,0.007461860,2.595291848
46.318528961,HOLD,task_pose_stale,0.007033653,1,0.007441658,0.000548535,0.050013525,0.000000000,0.000000000,0.050000000,-0.007454604,0.000273639,-0.000182618,0.007461860,2.595291848
46.328434729,HOLD,task_pose_stale,0.000068865,1,0.007441658,0.000548535,0.050013525,0.000000000,0.000000000,0.050000000,-0.007454604,0.000273639,-0.000182618,0.007461860,2.595291848
46.338481787,HOLD,task_pose_stale,0.004495174,1,0.007441658,0.000548535,0.050013525,0.000000000,0.000000000,0.050000000,-0.007454604,0.000273639,-0.000182618,0.007461860,2.595291848
46.348547842,HOLD,task_pose_stale,0.002120544,1,0.007441658,0.000548535,0.050013525,0.000000000,0.000000000,0.050000000,-0.007454604,0.000273639,-0.000182618,0.007461860,2.595291848
46.358673263,HOLD,task_pose_stale,0.001640869,1,0.007441658,0.000548535,0.050013525,0.000000000,0.000000000,0.050000000,-0.007454604,0.000273639,-0.000182618,0.007461860,2.595291848
46.368700137,HOLD,task_pose_stale,0.000871489,1,0.007441658,0.000548535,0.050013525,0.000000000,0.000000000,0.050000000,-0.007454604,0.000273639,-0.000182618,0.007461860,2.595291848
46.379101015,HOLD,task_pose_stale,0.001794033,1,0.007441658,0.000548535,0.050013525,0.000000000,0.000000000,0.050000000,-0.007454604,0.000273639,-0.000182618,0.007461860,2.595291848
46.388950979,HOLD,task_pose_stale,0.001535198,1,0.007441658,0.000548535,0.050013525,0.000000000,0.000000000,0.050000000,-0.007454604,0.000273639,-0.000182618,0.007461860,2.595291848
46.401321613,HOLD,task_pose_stale,0.003413530,1,0.007441658,0.000548535,0.050013525,0.000000000,0.000000000,0.050000000,-0.007454604,0.000273639,-0.000182618,0.007461860,2.595291848
46.411888715,HOLD,task_pose_stale,0.003174880,1,0.007441658,0.000548535,0.050013525,0.000000000,0.000000000,0.050000000,-0.007454604,0.000273639,-0.000182618,0.007461860,2.595291848
46.422045006,HOLD,task_pose_stale,0.002765257,1,0.007441658,0.000548535,0.050013525,0.000000000,0.000000000,0.050000000,-0.007454604,0.000273639,-0.000182618,0.007461860,2.595291848
46.432035073,HOLD,task_pose_stale,0.005801221,1,0.007441658,0.000548535,0.050013525,0.000000000,0.000000000,0.050000000,-0.007454604,0.000273639,-0.000182618,0.007461860,2.595291848
46.441981210,HOLD,task_pose_stale,0.003812468,1,0.007441658,0.000548535,0.050013525,0.000000000,0.000000000,0.050000000,-0.007454604,0.000273639,-0.000182618,0.007461860,2.595291848
46.452164809,HOLD,task_pose_stale,0.001025840,1,0.007441658,0.000548535,0.050013525,0.000000000,0.000000000,0.050000000,-0.007454604,0.000273639,-0.000182618,0.007461860,2.595291848
46.462432708,HOLD,task_pose_stale,0.001896142,1,0.007441658,0.000548535,0.050013525,0.000000000,0.000000000,0.050000000,-0.007454604,0.000273639,-0.000182618,0.007461860,2.595291848
46.472412089,HOLD,task_pose_stale,0.000029683,1,0.007441658,0.000548535,0.050013525,0.000000000,0.000000000,0.050000000,-0.007454604,0.000273639,-0.000182618,0.007461860,2.595291848
46.482942384,HOLD,task_pose_stale,0.005073397,1,0.007441658,0.000548535,0.050013525,0.000000000,0.000000000,0.050000000,-0.007454604,0.000273639,-0.000182618,0.007461860,2.595291848
46.492900394,HOLD,task_pose_stale,0.003482395,1,0.007441658,0.000548535,0.050013525,0.000000000,0.000000000,0.050000000,-0.007454604,0.000273639,-0.000182618,0.007461860,2.595291848
46.504101522,HOLD,task_pose_stale,0.000852492,1,0.007441658,0.000548535,0.050013525,0.000000000,0.000000000,0.050000000,-0.007454604,0.000273639,-0.000182618,0.007461860,2.595291848
46.514029849,HOLD,task_pose_stale,0.000926105,1,0.007441658,0.000548535,0.050013525,0.000000000,0.000000000,0.050000000,-0.007454604,0.000273639,-0.000182618,0.007461860,2.595291848
46.524023478,HOLD,task_pose_stale,0.000826371,1,0.007441658,0.000548535,0.050013525,0.000000000,0.000000000,0.050000000,-0.007454604,0.000273639,-0.000182618,0.007461860,2.595291848
46.534176207,HOLD,task_pose_stale,0.000273083,1,0.007441658,0.000548535,0.050013525,0.000000000,0.000000000,0.050000000,-0.007454604,0.000273639,-0.000182618,0.007461860,2.595291848
46.545906878,HOLD,task_pose_stale,0.006773631,1,0.007441658,0.000548535,0.050013525,0.000000000,0.000000000,0.050000000,-0.007454604,0.000273639,-0.000182618,0.007461860,2.595291848
46.555875573,HOLD,task_pose_stale,0.000343134,1,0.007441658,0.000548535,0.050013525,0.000000000,0.000000000,0.050000000,-0.007454604,0.000273639,-0.000182618,0.007461860,2.595291848
46.565906009,HOLD,task_pose_stale,0.000033245,1,0.007441658,0.000548535,0.050013525,0.000000000,0.000000000,0.050000000,-0.007454604,0.000273639,-0.000182618,0.007461860,2.595291848
46.576077735,HOLD,task_pose_stale,0.003247306,1,0.007441658,0.000548535,0.050013525,0.000000000,0.000000000,0.050000000,-0.007454604,0.000273639,-0.000182618,0.007461860,2.595291848
46.587872521,HOLD,task_pose_stale,0.003000345,1,0.007441658,0.000548535,0.050013525,0.000000000,0.000000000,0.050000000,-0.007454604,0.000273639,-0.000182618,0.007461860,2.595291848
46.597949262,HOLD,task_pose_stale,0.006698830,1,0.007441658,0.000548535,0.050013525,0.000000000,0.000000000,0.050000000,-0.007454604,0.000273639,-0.000182618,0.007461860,2.595291848
46.608100804,HOLD,task_pose_stale,0.004474989,1,0.007441658,0.000548535,0.050013525,0.000000000,0.000000000,0.050000000,-0.007454604,0.000273639,-0.000182618,0.007461860,2.595291848
46.618851940,HOLD,task_pose_stale,0.007198690,1,0.007441658,0.000548535,0.050013525,0.000000000,0.000000000,0.050000000,-0.007454604,0.000273639,-0.000182618,0.007461860,2.595291848
46.630930493,HOLD,task_pose_stale,0.007387473,1,0.007441658,0.000548535,0.050013525,0.000000000,0.000000000,0.050000000,-0.007454604,0.000273639,-0.000182618,0.007461860,2.595291848
46.641218577,HOLD,task_pose_stale,0.008567664,1,0.007441658,0.000548535,0.050013525,0.000000000,0.000000000,0.050000000,-0.007454604,0.000273639,-0.000182618,0.007461860,2.595291848
46.650922501,HOLD,task_pose_stale,0.002439932,1,0.007441658,0.000548535,0.050013525,0.000000000,0.000000000,0.050000000,-0.007454604,0.000273639,-0.000182618,0.007461860,2.595291848
46.661079979,HOLD,task_pose_stale,0.002613280,1,0.007441658,0.000548535,0.050013525,0.000000000,0.000000000,0.050000000,-0.007454604,0.000273639,-0.000182618,0.007461860,2.595291848
46.671090231,HOLD,task_pose_stale,0.000916607,1,0.007441658,0.000548535,0.050013525,0.000000000,0.000000000,0.050000000,-0.007454604,0.000273639,-0.000182618,0.007461860,2.595291848
46.681213277,HOLD,task_pose_stale,0.005678926,1,0.007441658,0.000548535,0.050013525,0.000000000,0.000000000,0.050000000,-0.007454604,0.000273639,-0.000182618,0.007461860,2.595291848
46.691395689,HOLD,task_pose_stale,0.000039181,1,0.007441658,0.000548535,0.050013525,0.000000000,0.000000000,0.050000000,-0.007454604,0.000273639,-0.000182618,0.007461860,2.595291848
46.701404753,HOLD,task_pose_stale,0.004553352,1,0.007441658,0.000548535,0.050013525,0.000000000,0.000000000,0.050000000,-0.007454604,0.000273639,-0.000182618,0.007461860,2.595291848
46.711701147,HOLD,task_pose_stale,0.001526887,1,0.007441658,0.000548535,0.050013525,0.000000000,0.000000000,0.050000000,-0.007454604,0.000273639,-0.000182618,0.007461860,2.595291848
46.721688840,HOLD,task_pose_stale,0.000419122,1,0.007441658,0.000548535,0.050013525,0.000000000,0.000000000,0.050000000,-0.007454604,0.000273639,-0.000182618,0.007461860,2.595291848
46.731637351,HOLD,task_pose_stale,0.003865897,1,0.007441658,0.000548535,0.050013525,0.000000000,0.000000000,0.050000000,-0.007454604,0.000273639,-0.000182618,0.007461860,2.595291848
46.741785331,HOLD,task_pose_stale,0.000162662,1,0.007441658,0.000548535,0.050013525,0.000000000,0.000000000,0.050000000,-0.007454604,0.000273639,-0.000182618,0.007461860,2.595291848
46.751780147,HOLD,task_pose_stale,0.004755196,1,0.007441658,0.000548535,0.050013525,0.000000000,0.000000000,0.050000000,-0.007454604,0.000273639,-0.000182618,0.007461860,2.595291848
46.762967027,HOLD,task_pose_stale,0.002849556,1,0.007441658,0.000548535,0.050013525,0.000000000,0.000000000,0.050000000,-0.007454604,0.000273639,-0.000182618,0.007461860,2.595291848
46.772960656,HOLD,task_pose_stale,0.002430433,1,0.007441658,0.000548535,0.050013525,0.000000000,0.000000000,0.050000000,-0.007454604,0.000273639,-0.000182618,0.007461860,2.595291848
46.783171564,HOLD,task_pose_stale,0.001517389,1,0.007441658,0.000548535,0.050013525,0.000000000,0.000000000,0.050000000,-0.007454604,0.000273639,-0.000182618,0.007461860,2.595291848
46.793014404,HOLD,task_pose_stale,0.003333980,1,0.007441658,0.000548535,0.050013525,0.000000000,0.000000000,0.050000000,-0.007454604,0.000273639,-0.000182618,0.007461860,2.595291848
46.803385599,HOLD,task_pose_stale,0.001975692,1,0.007441658,0.000548535,0.050013525,0.000000000,0.000000000,0.050000000,-0.007454604,0.000273639,-0.000182618,0.007461860,2.595291848
46.820912741,HOLD,task_pose_stale,0.004828810,1,0.007441658,0.000548535,0.050013525,0.000000000,0.000000000,0.050000000,-0.007454604,0.000273639,-0.000182618,0.007461860,2.595291848
46.830870750,HOLD,task_pose_stale,0.003034776,1,0.007441658,0.000548535,0.050013525,0.000000000,0.000000000,0.050000000,-0.007454604,0.000273639,-0.000182618,0.007461860,2.595291848
46.840981924,HOLD,task_pose_stale,0.002626341,1,0.007441658,0.000548535,0.050013525,0.000000000,0.000000000,0.050000000,-0.007454604,0.000273639,-0.000182618,0.007461860,2.595291848
46.851018296,HOLD,task_pose_stale,0.004085550,1,0.007441658,0.000548535,0.050013525,0.000000000,0.000000000,0.050000000,-0.007454604,0.000273639,-0.000182618,0.007461860,2.595291848
46.861105723,HOLD,task_pose_stale,0.003578567,1,0.007441658,0.000548535,0.050013525,0.000000000,0.000000000,0.050000000,-0.007454604,0.000273639,-0.000182618,0.007461860,2.595291848
46.871257265,HOLD,task_pose_stale,0.004054680,1,0.007441658,0.000548535,0.050013525,0.000000000,0.000000000,0.050000000,-0.007454604,0.000273639,-0.000182618,0.007461860,2.595291848
46.881309072,HOLD,task_pose_stale,0.001586253,1,0.007441658,0.000548535,0.050013525,0.000000000,0.000000000,0.050000000,-0.007454604,0.000273639,-0.000182618,0.007461860,2.595291848
46.891296765,HOLD,task_pose_stale,0.006346198,1,0.007441658,0.000548535,0.050013525,0.000000000,0.000000000,0.050000000,-0.007454604,0.000273639,-0.000182618,0.007461860,2.595291848
46.901415062,HOLD,task_pose_stale,0.003971568,1,0.007441658,0.000548535,0.050013525,0.000000000,0.000000000,0.050000000,-0.007454604,0.000273639,-0.000182618,0.007461860,2.595291848
46.911918049,HOLD,task_pose_stale,0.003197439,1,0.007441658,0.000548535,0.050013525,0.000000000,0.000000000,0.050000000,-0.007454604,0.000273639,-0.000182618,0.007461860,2.595291848
46.921908116,HOLD,task_pose_stale,0.000927293,1,0.007441658,0.000548535,0.050013525,0.000000000,0.000000000,0.050000000,-0.007454604,0.000273639,-0.000182618,0.007461860,2.595291848
46.931988419,HOLD,task_pose_stale,0.000725449,1,0.007441658,0.000548535,0.050013525,0.000000000,0.000000000,0.050000000,-0.007454604,0.000273639,-0.000182618,0.007461860,2.595291848
46.942048537,HOLD,task_pose_stale,0.003415904,1,0.007441658,0.000548535,0.050013525,0.000000000,0.000000000,0.050000000,-0.007454604,0.000273639,-0.000182618,0.007461860,2.595291848
46.952062351,HOLD,task_pose_stale,0.003106016,1,0.007441658,0.000548535,0.050013525,0.000000000,0.000000000,0.050000000,-0.007454604,0.000273639,-0.000182618,0.007461860,2.595291848
46.963125750,HOLD,task_pose_stale,0.008256587,1,0.007441658,0.000548535,0.050013525,0.000000000,0.000000000,0.050000000,-0.007454604,0.000273639,-0.000182618,0.007461860,2.595291848
46.972872418,HOLD,task_pose_stale,0.004115233,1,0.007441658,0.000548535,0.050013525,0.000000000,0.000000000,0.050000000,-0.007454604,0.000273639,-0.000182618,0.007461860,2.595291848
46.983039395,HOLD,task_pose_stale,0.004400188,1,0.007441658,0.000548535,0.050013525,0.000000000,0.000000000,0.050000000,-0.007454604,0.000273639,-0.000182618,0.007461860,2.595291848
46.993265738,HOLD,task_pose_stale,0.000442868,1,0.007441658,0.000548535,0.050013525,0.000000000,0.000000000,0.050000000,-0.007454604,0.000273639,-0.000182618,0.007461860,2.595291848
47.003215436,HOLD,task_pose_stale,0.002950477,1,0.007441658,0.000548535,0.050013525,0.000000000,0.000000000,0.050000000,-0.007454604,0.000273639,-0.000182618,0.007461860,2.595291848
47.013217376,HOLD,task_pose_stale,0.000525980,1,0.007441658,0.000548535,0.050013525,0.000000000,0.000000000,0.050000000,-0.007454604,0.000273639,-0.000182618,0.007461860,2.595291848
47.023803475,HOLD,task_pose_stale,0.011137013,1,0.007441658,0.000548535,0.050013525,0.000000000,0.000000000,0.050000000,-0.007454604,0.000273639,-0.000182618,0.007461860,2.595291848
47.033970452,HOLD,task_pose_stale,0.004656648,1,0.007441658,0.000548535,0.050013525,0.000000000,0.000000000,0.050000000,-0.007454604,0.000273639,-0.000182618,0.007461860,2.595291848
47.043961706,HOLD,task_pose_stale,0.003831465,1,0.007441658,0.000548535,0.050013525,0.000000000,0.000000000,0.050000000,-0.007454604,0.000273639,-0.000182618,0.007461860,2.595291848
47.056980614,HOLD,task_pose_stale,0.000734948,1,0.007441658,0.000548535,0.050013525,0.000000000,0.000000000,0.050000000,-0.007454604,0.000273639,-0.000182618,0.007461860,2.595291848
47.067127406,HOLD,task_pose_stale,0.001632558,1,0.007441658,0.000548535,0.050013525,0.000000000,0.000000000,0.050000000,-0.007454604,0.000273639,-0.000182618,0.007461860,2.595291848
47.077085416,HOLD,task_pose_stale,0.004252962,1,0.007441658,0.000548535,0.050013525,0.000000000,0.000000000,0.050000000,-0.007454604,0.000273639,-0.000182618,0.007461860,2.595291848
47.087065984,HOLD,task_pose_stale,0.002984909,1,0.007441658,0.000548535,0.050013525,0.000000000,0.000000000,0.050000000,-0.007454604,0.000273639,-0.000182618,0.007461860,2.595291848
47.097206840,HOLD,task_pose_stale,0.000141291,1,0.007441658,0.000548535,0.050013525,0.000000000,0.000000000,0.050000000,-0.007454604,0.000273639,-0.000182618,0.007461860,2.595291848
47.107264584,HOLD,task_pose_stale,0.004637652,1,0.007441658,0.000548535,0.050013525,0.000000000,0.000000000,0.050000000,-0.007454604,0.000273639,-0.000182618,0.007461860,2.595291848
47.117418501,HOLD,task_pose_stale,0.003348227,1,0.007441658,0.000548535,0.050013525,0.000000000,0.000000000,0.050000000,-0.007454604,0.000273639,-0.000182618,0.007461860,2.595291848
47.127477432,HOLD,task_pose_stale,0.000682706,1,0.007441658,0.000548535,0.050013525,0.000000000,0.000000000,0.050000000,-0.007454604,0.000273639,-0.000182618,0.007461860,2.595291848
47.137439004,HOLD,task_pose_stale,0.005164819,1,0.007441658,0.000548535,0.050013525,0.000000000,0.000000000,0.050000000,-0.007454604,0.000273639,-0.000182618,0.007461860,2.595291848
47.148363488,HOLD,task_pose_stale,0.004916671,1,0.007441658,0.000548535,0.050013525,0.000000000,0.000000000,0.050000000,-0.007454604,0.000273639,-0.000182618,0.007461860,2.595291848
47.158245509,HOLD,task_pose_stale,0.000954601,1,0.007441658,0.000548535,0.050013525,0.000000000,0.000000000,0.050000000,-0.007454604,0.000273639,-0.000182618,0.007461860,2.595291848
47.168349558,HOLD,task_pose_stale,0.000837057,1,0.007441658,0.000548535,0.050013525,0.000000000,0.000000000,0.050000000,-0.007454604,0.000273639,-0.000182618,0.007461860,2.595291848
47.180004241,HOLD,task_pose_stale,0.006378256,1,0.007441658,0.000548535,0.050013525,0.000000000,0.000000000,0.050000000,-0.007454604,0.000273639,-0.000182618,0.007461860,2.595291848
47.190104728,HOLD,task_pose_stale,0.003702048,1,0.007441658,0.000548535,0.050013525,0.000000000,0.000000000,0.050000000,-0.007454604,0.000273639,-0.000182618,0.007461860,2.595291848
47.200136351,HOLD,task_pose_stale,0.001366599,1,0.007441658,0.000548535,0.050013525,0.000000000,0.000000000,0.050000000,-0.007454604,0.000273639,-0.000182618,0.007461860,2.595291848
47.210249899,HOLD,task_pose_stale,0.001016342,1,0.007441658,0.000548535,0.050013525,0.000000000,0.000000000,0.050000000,-0.007454604,0.000273639,-0.000182618,0.007461860,2.595291848
47.220491677,HOLD,task_pose_stale,0.005955571,1,0.007441658,0.000548535,0.050013525,0.000000000,0.000000000,0.050000000,-0.007454604,0.000273639,-0.000182618,0.007461860,2.595291848
47.230926987,HOLD,task_pose_stale,0.000838244,1,0.007441658,0.000548535,0.050013525,0.000000000,0.000000000,0.050000000,-0.007454604,0.000273639,-0.000182618,0.007461860,2.595291848
47.240957423,HOLD,task_pose_stale,0.001295361,1,0.007441658,0.000548535,0.050013525,0.000000000,0.000000000,0.050000000,-0.007454604,0.000273639,-0.000182618,0.007461860,2.595291848
47.251183765,HOLD,task_pose_stale,0.000653023,1,0.007441658,0.000548535,0.050013525,0.000000000,0.000000000,0.050000000,-0.007454604,0.000273639,-0.000182618,0.007461860,2.595291848
47.261228449,HOLD,task_pose_stale,0.003943072,1,0.007441658,0.000548535,0.050013525,0.000000000,0.000000000,0.050000000,-0.007454604,0.000273639,-0.000182618,0.007461860,2.595291848
47.271251761,HOLD,task_pose_stale,0.002729636,1,0.007441658,0.000548535,0.050013525,0.000000000,0.000000000,0.050000000,-0.007454604,0.000273639,-0.000182618,0.007461860,2.595291848
47.282328221,HOLD,task_pose_stale,0.000052242,1,0.007441658,0.000548535,0.050013525,0.000000000,0.000000000,0.050000000,-0.007454604,0.000273639,-0.000182618,0.007461860,2.595291848
47.292096260,HOLD,task_pose_stale,0.005079333,1,0.007441658,0.000548535,0.050013525,0.000000000,0.000000000,0.050000000,-0.007454604,0.000273639,-0.000182618,0.007461860,2.595291848
47.304048959,HOLD,task_pose_stale,0.006367569,1,0.007441658,0.000548535,0.050013525,0.000000000,0.000000000,0.050000000,-0.007454604,0.000273639,-0.000182618,0.007461860,2.595291848
47.314091267,HOLD,task_pose_stale,0.002490986,1,0.007441658,0.000548535,0.050013525,0.000000000,0.000000000,0.050000000,-0.007454604,0.000273639,-0.000182618,0.007461860,2.595291848
47.324243997,HOLD,task_pose_stale,0.000954601,1,0.007441658,0.000548535,0.050013525,0.000000000,0.000000000,0.050000000,-0.007454604,0.000273639,-0.000182618,0.007461860,2.595291848
47.335142360,HOLD,task_pose_stale,0.004346760,1,0.007441658,0.000548535,0.050013525,0.000000000,0.000000000,0.050000000,-0.007454604,0.000273639,-0.000182618,0.007461860,2.595291848
47.344932958,HOLD,task_pose_stale,0.000757507,1,0.007441658,0.000548535,0.050013525,0.000000000,0.000000000,0.050000000,-0.007454604,0.000273639,-0.000182618,0.007461860,2.595291848
47.355224603,HOLD,task_pose_stale,0.010820000,1,0.007441658,0.000548535,0.050013525,0.000000000,0.000000000,0.050000000,-0.007454604,0.000273639,-0.000182618,0.007461860,2.595291848
47.366158585,HOLD,task_pose_stale,0.005238434,1,0.007441658,0.000548535,0.050013525,0.000000000,0.000000000,0.050000000,-0.007454604,0.000273639,-0.000182618,0.007461860,2.595291848
47.376944153,HOLD,task_pose_stale,0.004358633,1,0.007441658,0.000548535,0.050013525,0.000000000,0.000000000,0.050000000,-0.007454604,0.000273639,-0.000182618,0.007461860,2.595291848
47.387087384,HOLD,task_pose_stale,0.000034433,1,0.007441658,0.000548535,0.050013525,0.000000000,0.000000000,0.050000000,-0.007454604,0.000273639,-0.000182618,0.007461860,2.595291848
47.397160563,HOLD,task_pose_stale,0.002942166,1,0.007441658,0.000548535,0.050013525,0.000000000,0.000000000,0.050000000,-0.007454604,0.000273639,-0.000182618,0.007461860,2.595291848
47.407364347,HOLD,task_pose_stale,0.000124668,1,0.007441658,0.000548535,0.050013525,0.000000000,0.000000000,0.050000000,-0.007454604,0.000273639,-0.000182618,0.007461860,2.595291848
47.417295048,HOLD,task_pose_stale,0.002488612,1,0.007441658,0.000548535,0.050013525,0.000000000,0.000000000,0.050000000,-0.007454604,0.000273639,-0.000182618,0.007461860,2.595291848
47.427296988,HOLD,task_pose_stale,0.001579129,1,0.007441658,0.000548535,0.050013525,0.000000000,0.000000000,0.050000000,-0.007454604,0.000273639,-0.000182618,0.007461860,2.595291848
47.437751295,HOLD,task_pose_stale,0.000040368,1,0.007441658,0.000548535,0.050013525,0.000000000,0.000000000,0.050000000,-0.007454604,0.000273639,-0.000182618,0.007461860,2.595291848
47.447672498,HOLD,task_pose_stale,0.003305484,1,0.007441658,0.000548535,0.050013525,0.000000000,0.000000000,0.050000000,-0.007454604,0.000273639,-0.000182618,0.007461860,2.595291848
47.457897653,HOLD,task_pose_stale,0.002489800,1,0.007441658,0.000548535,0.050013525,0.000000000,0.000000000,0.050000000,-0.007454604,0.000273639,-0.000182618,0.007461860,2.595291848
47.467905530,HOLD,task_pose_stale,0.003726982,1,0.007441658,0.000548535,0.050013525,0.000000000,0.000000000,0.050000000,-0.007454604,0.000273639,-0.000182618,0.007461860,2.595291848
47.477899159,HOLD,task_pose_stale,0.002006562,1,0.007441658,0.000548535,0.050013525,0.000000000,0.000000000,0.050000000,-0.007454604,0.000273639,-0.000182618,0.007461860,2.595291848
47.487961652,HOLD,task_pose_stale,0.000290892,1,0.007441658,0.000548535,0.050013525,0.000000000,0.000000000,0.050000000,-0.007454604,0.000273639,-0.000182618,0.007461860,2.595291848
47.498056203,HOLD,task_pose_stale,0.003219998,1,0.007441658,0.000548535,0.050013525,0.000000000,0.000000000,0.050000000,-0.007454604,0.000273639,-0.000182618,0.007461860,2.595291848
47.509918666,HOLD,task_pose_stale,0.004052306,1,0.007441658,0.000548535,0.050013525,0.000000000,0.000000000,0.050000000,-0.007454604,0.000273639,-0.000182618,0.007461860,2.595291848
47.519912295,HOLD,task_pose_stale,0.001408156,1,0.007441658,0.000548535,0.050013525,0.000000000,0.000000000,0.050000000,-0.007454604,0.000273639,-0.000182618,0.007461860,2.595291848
47.530833216,HOLD,task_pose_stale,0.000045118,1,0.007441658,0.000548535,0.050013525,0.000000000,0.000000000,0.050000000,-0.007454604,0.000273639,-0.000182618,0.007461860,2.595291848
47.540768667,HOLD,task_pose_stale,0.000472552,1,0.007441658,0.000548535,0.050013525,0.000000000,0.000000000,0.050000000,-0.007454604,0.000273639,-0.000182618,0.007461860,2.595291848
47.550845408,HOLD,task_pose_stale,0.004930918,1,0.007441658,0.000548535,0.050013525,0.000000000,0.000000000,0.050000000,-0.007454604,0.000273639,-0.000182618,0.007461860,2.595291848
47.560967267,HOLD,task_pose_stale,0.003408781,1,0.007441658,0.000548535,0.050013525,0.000000000,0.000000000,0.050000000,-0.007454604,0.000273639,-0.000182618,0.007461860,2.595291848
47.570941899,HOLD,task_pose_stale,0.001490080,1,0.007441658,0.000548535,0.050013525,0.000000000,0.000000000,0.050000000,-0.007454604,0.000273639,-0.000182618,0.007461860,2.595291848
47.581148057,HOLD,task_pose_stale,0.000876238,1,0.007441658,0.000548535,0.050013525,0.000000000,0.000000000,0.050000000,-0.007454604,0.000273639,-0.000182618,0.007461860,2.595291848
47.591154746,HOLD,task_pose_stale,0.004448869,1,0.007441658,0.000548535,0.050013525,0.000000000,0.000000000,0.050000000,-0.007454604,0.000273639,-0.000182618,0.007461860,2.595291848
47.601136502,HOLD,task_pose_stale,0.003265116,1,0.007441658,0.000548535,0.050013525,0.000000000,0.000000000,0.050000000,-0.007454604,0.000273639,-0.000182618,0.007461860,2.595291848
47.611328413,HOLD,task_pose_stale,0.001570817,1,0.007441658,0.000548535,0.050013525,0.000000000,0.000000000,0.050000000,-0.007454604,0.000273639,-0.000182618,0.007461860,2.595291848
47.621383782,HOLD,task_pose_stale,0.000432183,1,0.007441658,0.000548535,0.050013525,0.000000000,0.000000000,0.050000000,-0.007454604,0.000273639,-0.000182618,0.007461860,2.595291848
47.631429653,HOLD,task_pose_stale,0.005439089,1,0.007441658,0.000548535,0.050013525,0.000000000,0.000000000,0.050000000,-0.007454604,0.000273639,-0.000182618,0.007461860,2.595291848
47.641430405,HOLD,task_pose_stale,0.005148197,1,0.007441658,0.000548535,0.050013525,0.000000000,0.000000000,0.050000000,-0.007454604,0.000273639,-0.000182618,0.007461860,2.595291848
47.651511896,HOLD,task_pose_stale,0.003350603,1,0.007441658,0.000548535,0.050013525,0.000000000,0.000000000,0.050000000,-0.007454604,0.000273639,-0.000182618,0.007461860,2.595291848
47.661759610,HOLD,task_pose_stale,0.000959351,1,0.007441658,0.000548535,0.050013525,0.000000000,0.000000000,0.050000000,-0.007454604,0.000273639,-0.000182618,0.007461860,2.595291848
47.671755614,HOLD,task_pose_stale,0.004993846,1,0.007441658,0.000548535,0.050013525,0.000000000,0.000000000,0.050000000,-0.007454604,0.000273639,-0.000182618,0.007461860,2.595291848
47.681878660,HOLD,task_pose_stale,0.000904734,1,0.007441658,0.000548535,0.050013525,0.000000000,0.000000000,0.050000000,-0.007454604,0.000273639,-0.000182618,0.007461860,2.595291848
47.691808174,HOLD,task_pose_stale,0.000828746,1,0.007441658,0.000548535,0.050013525,0.000000000,0.000000000,0.050000000,-0.007454604,0.000273639,-0.000182618,0.007461860,2.595291848
47.701806552,HOLD,task_pose_stale,0.000810936,1,0.007441658,0.000548535,0.050013525,0.000000000,0.000000000,0.050000000,-0.007454604,0.000273639,-0.000182618,0.007461860,2.595291848
47.711993713,HOLD,task_pose_stale,0.002959975,1,0.007441658,0.000548535,0.050013525,0.000000000,0.000000000,0.050000000,-0.007454604,0.000273639,-0.000182618,0.007461860,2.595291848
47.721986155,HOLD,task_pose_stale,0.003497830,1,0.007441658,0.000548535,0.050013525,0.000000000,0.000000000,0.050000000,-0.007454604,0.000273639,-0.000182618,0.007461860,2.595291848
47.732876206,HOLD,task_pose_stale,0.008207908,1,0.007441658,0.000548535,0.050013525,0.000000000,0.000000000,0.050000000,-0.007454604,0.000273639,-0.000182618,0.007461860,2.595291848
47.742772475,HOLD,task_pose_stale,0.000136541,1,0.007441658,0.000548535,0.050013525,0.000000000,0.000000000,0.050000000,-0.007454604,0.000273639,-0.000182618,0.007461860,2.595291848
47.754929392,HOLD,task_pose_stale,0.006963602,1,0.007441658,0.000548535,0.050013525,0.000000000,0.000000000,0.050000000,-0.007454604,0.000273639,-0.000182618,0.007461860,2.595291848
47.764895713,HOLD,task_pose_stale,0.003588066,1,0.007441658,0.000548535,0.050013525,0.000000000,0.000000000,0.050000000,-0.007454604,0.000273639,-0.000182618,0.007461860,2.595291848
47.775117306,HOLD,task_pose_stale,0.001713295,1,0.007441658,0.000548535,0.050013525,0.000000000,0.000000000,0.050000000,-0.007454604,0.000273639,-0.000182618,0.007461860,2.595291848
47.786658006,HOLD,task_pose_stale,0.002682144,1,0.007441658,0.000548535,0.050013525,0.000000000,0.000000000,0.050000000,-0.007454604,0.000273639,-0.000182618,0.007461860,2.595291848
47.796739496,HOLD,task_pose_stale,0.007385099,1,0.007441658,0.000548535,0.050013525,0.000000000,0.000000000,0.050000000,-0.007454604,0.000273639,-0.000182618,0.007461860,2.595291848
47.806722439,HOLD,task_pose_stale,0.004453618,1,0.007441658,0.000548535,0.050013525,0.000000000,0.000000000,0.050000000,-0.007454604,0.000273639,-0.000182618,0.007461860,2.595291848
47.816913163,HOLD,task_pose_stale,0.000029683,1,0.007441658,0.000548535,0.050013525,0.000000000,0.000000000,0.050000000,-0.007454604,0.000273639,-0.000182618,0.007461860,2.595291848
47.827114572,HOLD,task_pose_stale,0.002816311,1,0.007441658,0.000548535,0.050013525,0.000000000,0.000000000,0.050000000,-0.007454604,0.000273639,-0.000182618,0.007461860,2.595291848
47.837134321,HOLD,task_pose_stale,0.002143103,1,0.007441658,0.000548535,0.050013525,0.000000000,0.000000000,0.050000000,-0.007454604,0.000273639,-0.000182618,0.007461860,2.595291848
47.848825811,HOLD,task_pose_stale,0.003404032,1,0.007441658,0.000548535,0.050013525,0.000000000,0.000000000,0.050000000,-0.007454604,0.000273639,-0.000182618,0.007461860,2.595291848
47.858992787,HOLD,task_pose_stale,0.002145478,1,0.007441658,0.000548535,0.050013525,0.000000000,0.000000000,0.050000000,-0.007454604,0.000273639,-0.000182618,0.007461860,2.595291848
47.869130081,HOLD,task_pose_stale,0.001395095,1,0.007441658,0.000548535,0.050013525,0.000000000,0.000000000,0.050000000,-0.007454604,0.000273639,-0.000182618,0.007461860,2.595291848
47.880897559,HOLD,task_pose_stale,0.007546573,1,0.007441658,0.000548535,0.050013525,0.000000000,0.000000000,0.050000000,-0.007454604,0.000273639,-0.000182618,0.007461860,2.595291848
47.890671534,HOLD,task_pose_stale,0.005383285,1,0.007441658,0.000548535,0.050013525,0.000000000,0.000000000,0.050000000,-0.007454604,0.000273639,-0.000182618,0.007461860,2.595291848
47.900687722,HOLD,task_pose_stale,0.002547978,1,0.007441658,0.000548535,0.050013525,0.000000000,0.000000000,0.050000000,-0.007454604,0.000273639,-0.000182618,0.007461860,2.595291848
47.910798895,HOLD,task_pose_stale,0.006079052,1,0.007441658,0.000548535,0.050013525,0.000000000,0.000000000,0.050000000,-0.007454604,0.000273639,-0.000182618,0.007461860,2.595291848
47.920832893,HOLD,task_pose_stale,0.003906266,1,0.007441658,0.000548535,0.050013525,0.000000000,0.000000000,0.050000000,-0.007454604,0.000273639,-0.000182618,0.007461860,2.595291848
47.930954752,HOLD,task_pose_stale,0.000024933,1,0.007441658,0.000548535,0.050013525,0.000000000,0.000000000,0.050000000,-0.007454604,0.000273639,-0.000182618,0.007461860,2.595291848
47.940969753,HOLD,task_pose_stale,0.005443838,1,0.007441658,0.000548535,0.050013525,0.000000000,0.000000000,0.050000000,-0.007454604,0.000273639,-0.000182618,0.007461860,2.595291848
47.950957445,HOLD,task_pose_stale,0.002883988,1,0.007441658,0.000548535,0.050013525,0.000000000,0.000000000,0.050000000,-0.007454604,0.000273639,-0.000182618,0.007461860,2.595291848
47.961265712,HOLD,task_pose_stale,0.000176910,1,0.007441658,0.000548535,0.050013525,0.000000000,0.000000000,0.050000000,-0.007454604,0.000273639,-0.000182618,0.007461860,2.595291848
47.971251030,HOLD,task_pose_stale,0.005015218,1,0.007441658,0.000548535,0.050013525,0.000000000,0.000000000,0.050000000,-0.007454604,0.000273639,-0.000182618,0.007461860,2.595291848
47.985016758,HOLD,task_pose_stale,0.000818059,1,0.007441658,0.000548535,0.050013525,0.000000000,0.000000000,0.050000000,-0.007454604,0.000273639,-0.000182618,0.007461860,2.595291848
47.994949834,HOLD,task_pose_stale,0.004890549,1,0.007441658,0.000548535,0.050013525,0.000000000,0.000000000,0.050000000,-0.007454604,0.000273639,-0.000182618,0.007461860,2.595291848
48.004973146,HOLD,task_pose_stale,0.003472896,1,0.007441658,0.000548535,0.050013525,0.000000000,0.000000000,0.050000000,-0.007454604,0.000273639,-0.000182618,0.007461860,2.595291848
48.015115189,HOLD,task_pose_stale,0.001836776,1,0.007441658,0.000548535,0.050013525,0.000000000,0.000000000,0.050000000,-0.007454604,0.000273639,-0.000182618,0.007461860,2.595291848
48.025219238,HOLD,task_pose_stale,0.001403406,1,0.007441658,0.000548535,0.050013525,0.000000000,0.000000000,0.050000000,-0.007454604,0.000273639,-0.000182618,0.007461860,2.595291848
48.037040145,HOLD,task_pose_stale,0.000677957,1,0.007441658,0.000548535,0.050013525,0.000000000,0.000000000,0.050000000,-0.007454604,0.000273639,-0.000182618,0.007461860,2.595291848
48.046890108,HOLD,task_pose_stale,0.004764695,1,0.007441658,0.000548535,0.050013525,0.000000000,0.000000000,0.050000000,-0.007454604,0.000273639,-0.000182618,0.007461860,2.595291848
48.056943103,HOLD,task_pose_stale,0.004318264,1,0.007441658,0.000548535,0.050013525,0.000000000,0.000000000,0.050000000,-0.007454604,0.000273639,-0.000182618,0.007461860,2.595291848
48.067124328,HOLD,task_pose_stale,0.003820779,1,0.007441658,0.000548535,0.050013525,0.000000000,0.000000000,0.050000000,-0.007454604,0.000273639,-0.000182618,0.007461860,2.595291848
48.077091836,HOLD,task_pose_stale,0.003637933,1,0.007441658,0.000548535,0.050013525,0.000000000,0.000000000,0.050000000,-0.007454604,0.000273639,-0.000182618,0.007461860,2.595291848
48.087162640,HOLD,task_pose_stale,0.003151134,1,0.007441658,0.000548535,0.050013525,0.000000000,0.000000000,0.050000000,-0.007454604,0.000273639,-0.000182618,0.007461860,2.595291848
48.097514838,HOLD,task_pose_stale,0.002019622,1,0.007441658,0.000548535,0.050013525,0.000000000,0.000000000,0.050000000,-0.007454604,0.000273639,-0.000182618,0.007461860,2.595291848
48.107439603,HOLD,task_pose_stale,0.000578222,1,0.007441658,0.000548535,0.050013525,0.000000000,0.000000000,0.050000000,-0.007454604,0.000273639,-0.000182618,0.007461860,2.595291848
48.117408298,HOLD,task_pose_stale,0.004738574,1,0.007441658,0.000548535,0.050013525,0.000000000,0.000000000,0.050000000,-0.007454604,0.000273639,-0.000182618,0.007461860,2.595291848
48.127561027,HOLD,task_pose_stale,0.003883707,1,0.007441658,0.000548535,0.050013525,0.000000000,0.000000000,0.050000000,-0.007454604,0.000273639,-0.000182618,0.007461860,2.595291848
48.137631832,HOLD,task_pose_stale,0.003487144,1,0.007441658,0.000548535,0.050013525,0.000000000,0.000000000,0.050000000,-0.007454604,0.000273639,-0.000182618,0.007461860,2.595291848
48.148472016,HOLD,task_pose_stale,0.001532824,1,0.007441658,0.000548535,0.050013525,0.000000000,0.000000000,0.050000000,-0.007454604,0.000273639,-0.000182618,0.007461860,2.595291848
48.158378971,HOLD,task_pose_stale,0.005390409,1,0.007441658,0.000548535,0.050013525,0.000000000,0.000000000,0.050000000,-0.007454604,0.000273639,-0.000182618,0.007461860,2.595291848
48.168404657,HOLD,task_pose_stale,0.004552166,1,0.007441658,0.000548535,0.050013525,0.000000000,0.000000000,0.050000000,-0.007454604,0.000273639,-0.000182618,0.007461860,2.595291848
48.178400661,HOLD,task_pose_stale,0.002924356,1,0.007441658,0.000548535,0.050013525,0.000000000,0.000000000,0.050000000,-0.007454604,0.000273639,-0.000182618,0.007461860,2.595291848
48.188460779,HOLD,task_pose_stale,0.002436370,1,0.007441658,0.000548535,0.050013525,0.000000000,0.000000000,0.050000000,-0.007454604,0.000273639,-0.000182618,0.007461860,2.595291848
48.200990513,HOLD,task_pose_stale,0.004385941,1,0.007441658,0.000548535,0.050013525,0.000000000,0.000000000,0.050000000,-0.007454604,0.000273639,-0.000182618,0.007461860,2.595291848
48.210866598,HOLD,task_pose_stale,0.003979879,1,0.007441658,0.000548535,0.050013525,0.000000000,0.000000000,0.050000000,-0.007454604,0.000273639,-0.000182618,0.007461860,2.595291848
48.222485660,HOLD,task_pose_stale,0.005599377,1,0.007441658,0.000548535,0.050013525,0.000000000,0.000000000,0.050000000,-0.007454604,0.000273639,-0.000182618,0.007461860,2.595291848
48.232614643,HOLD,task_pose_stale,0.001494829,1,0.007441658,0.000548535,0.050013525,0.000000000,0.000000000,0.050000000,-0.007454604,0.000273639,-0.000182618,0.007461860,2.595291848
48.242641517,HOLD,task_pose_stale,0.001310796,1,0.007441658,0.000548535,0.050013525,0.000000000,0.000000000,0.050000000,-0.007454604,0.000273639,-0.000182618,0.007461860,2.595291848
48.252654143,HOLD,task_pose_stale,0.001813030,1,0.007441658,0.000548535,0.050013525,0.000000000,0.000000000,0.050000000,-0.007454604,0.000273639,-0.000182618,0.007461860,2.595291848
48.262866238,HOLD,task_pose_stale,0.001638495,1,0.007441658,0.000548535,0.050013525,0.000000000,0.000000000,0.050000000,-0.007454604,0.000273639,-0.000182618,0.007461860,2.595291848
48.272840870,HOLD,task_pose_stale,0.005649244,1,0.007441658,0.000548535,0.050013525,0.000000000,0.000000000,0.050000000,-0.007454604,0.000273639,-0.000182618,0.007461860,2.595291848
48.283269056,HOLD,task_pose_stale,0.003273427,1,0.007441658,0.000548535,0.050013525,0.000000000,0.000000000,0.050000000,-0.007454604,0.000273639,-0.000182618,0.007461860,2.595291848
48.293238938,HOLD,task_pose_stale,0.004235152,1,0.007441658,0.000548535,0.050013525,0.000000000,0.000000000,0.050000000,-0.007454604,0.000273639,-0.000182618,0.007461860,2.595291848
48.303589949,HOLD,task_pose_stale,0.001785722,1,0.007441658,0.000548535,0.050013525,0.000000000,0.000000000,0.050000000,-0.007454604,0.000273639,-0.000182618,0.007461860,2.595291848
48.313482656,HOLD,task_pose_stale,0.001460398,1,0.007441658,0.000548535,0.050013525,0.000000000,0.000000000,0.050000000,-0.007454604,0.000273639,-0.000182618,0.007461860,2.595291848
48.323774301,HOLD,task_pose_stale,0.006132481,1,0.007441658,0.000548535,0.050013525,0.000000000,0.000000000,0.050000000,-0.007454604,0.000273639,-0.000182618,0.007461860,2.595291848
48.333626640,HOLD,task_pose_stale,0.003184378,1,0.007441658,0.000548535,0.050013525,0.000000000,0.000000000,0.050000000,-0.007454604,0.000273639,-0.000182618,0.007461860,2.595291848
48.343625018,HOLD,task_pose_stale,0.003035965,1,0.007441658,0.000548535,0.050013525,0.000000000,0.000000000,0.050000000,-0.007454604,0.000273639,-0.000182618,0.007461860,2.595291848
48.353794369,HOLD,task_pose_stale,0.002657210,1,0.007441658,0.000548535,0.050013525,0.000000000,0.000000000,0.050000000,-0.007454604,0.000273639,-0.000182618,0.007461860,2.595291848
48.363837866,HOLD,task_pose_stale,0.003176067,1,0.007441658,0.000548535,0.050013525,0.000000000,0.000000000,0.050000000,-0.007454604,0.000273639,-0.000182618,0.007461860,2.595291848
48.374034525,HOLD,task_pose_stale,0.003761413,1,0.007441658,0.000548535,0.050013525,0.000000000,0.000000000,0.050000000,-0.007454604,0.000273639,-0.000182618,0.007461860,2.595291848
48.384248995,HOLD,task_pose_stale,0.006176412,1,0.007441658,0.000548535,0.050013525,0.000000000,0.000000000,0.050000000,-0.007454604,0.000273639,-0.000182618,0.007461860,2.595291848
48.394218877,HOLD,task_pose_stale,0.003299548,1,0.007441658,0.000548535,0.050013525,0.000000000,0.000000000,0.050000000,-0.007454604,0.000273639,-0.000182618,0.007461860,2.595291848
48.404244564,HOLD,task_pose_stale,0.003402845,1,0.007441658,0.000548535,0.050013525,0.000000000,0.000000000,0.050000000,-0.007454604,0.000273639,-0.000182618,0.007461860,2.595291848
48.414378296,HOLD,task_pose_stale,0.002147852,1,0.007441658,0.000548535,0.050013525,0.000000000,0.000000000,0.050000000,-0.007454604,0.000273639,-0.000182618,0.007461860,2.595291848
48.424457411,HOLD,task_pose_stale,0.002720138,1,0.007441658,0.000548535,0.050013525,0.000000000,0.000000000,0.050000000,-0.007454604,0.000273639,-0.000182618,0.007461860,2.595291848
48.434470037,HOLD,task_pose_stale,0.003525138,1,0.007441658,0.000548535,0.050013525,0.000000000,0.000000000,0.050000000,-0.007454604,0.000273639,-0.000182618,0.007461860,2.595291848
48.444690443,HOLD,task_pose_stale,0.000905921,1,0.007441658,0.000548535,0.050013525,0.000000000,0.000000000,0.050000000,-0.007454604,0.000273639,-0.000182618,0.007461860,2.595291848
48.454722066,HOLD,task_pose_stale,0.004314702,1,0.007441658,0.000548535,0.050013525,0.000000000,0.000000000,0.050000000,-0.007454604,0.000273639,-0.000182618,0.007461860,2.595291848
48.464809493,HOLD,task_pose_stale,0.003062085,1,0.007441658,0.000548535,0.050013525,0.000000000,0.000000000,0.050000000,-0.007454604,0.000273639,-0.000182618,0.007461860,2.595291848
48.474817370,HOLD,task_pose_stale,0.002661960,1,0.007441658,0.000548535,0.050013525,0.000000000,0.000000000,0.050000000,-0.007454604,0.000273639,-0.000182618,0.007461860,2.595291848
48.488762383,HOLD,task_pose_stale,0.009764477,1,0.007441658,0.000548535,0.050013525,0.000000000,0.000000000,0.050000000,-0.007454604,0.000273639,-0.000182618,0.007461860,2.595291848
48.497092583,HOLD,task_pose_stale,0.004782504,1,0.007441658,0.000548535,0.050013525,0.000000000,0.000000000,0.050000000,-0.007454604,0.000273639,-0.000182618,0.007461860,2.595291848
48.507652561,HOLD,task_pose_stale,0.004414436,1,0.007441658,0.000548535,0.050013525,0.000000000,0.000000000,0.050000000,-0.007454604,0.000273639,-0.000182618,0.007461860,2.595291848
48.520241661,HOLD,task_pose_stale,0.008556978,1,0.007441658,0.000548535,0.050013525,0.000000000,0.000000000,0.050000000,-0.007454604,0.000273639,-0.000182618,0.007461860,2.595291848
48.527868971,HOLD,task_pose_stale,0.006721389,1,0.007441658,0.000548535,0.050013525,0.000000000,0.000000000,0.050000000,-0.007454604,0.000273639,-0.000182618,0.007461860,2.595291848
48.537900594,HOLD,task_pose_stale,0.004606782,1,0.007441658,0.000548535,0.050013525,0.000000000,0.000000000,0.050000000,-0.007454604,0.000273639,-0.000182618,0.007461860,2.595291848
48.548029577,HOLD,task_pose_stale,0.000023746,1,0.007441658,0.000548535,0.050013525,0.000000000,0.000000000,0.050000000,-0.007454604,0.000273639,-0.000182618,0.007461860,2.595291848
48.558590742,HOLD,task_pose_stale,0.003623685,1,0.007441658,0.000548535,0.050013525,0.000000000,0.000000000,0.050000000,-0.007454604,0.000273639,-0.000182618,0.007461860,2.595291848
48.568262608,HOLD,task_pose_stale,0.001689549,1,0.007441658,0.000548535,0.050013525,0.000000000,0.000000000,0.050000000,-0.007454604,0.000273639,-0.000182618,0.007461860,2.595291848
48.578409401,HOLD,task_pose_stale,0.000898797,1,0.007441658,0.000548535,0.050013525,0.000000000,0.000000000,0.050000000,-0.007454604,0.000273639,-0.000182618,0.007461860,2.595291848
48.588354350,HOLD,task_pose_stale,0.000727824,1,0.007441658,0.000548535,0.050013525,0.000000000,0.000000000,0.050000000,-0.007454604,0.000273639,-0.000182618,0.007461860,2.595291848
48.598388347,HOLD,task_pose_stale,0.000060553,1,0.007441658,0.000548535,0.050013525,0.000000000,0.000000000,0.050000000,-0.007454604,0.000273639,-0.000182618,0.007461860,2.595291848
48.608607566,HOLD,task_pose_stale,0.004628154,1,0.007441658,0.000548535,0.050013525,0.000000000,0.000000000,0.050000000,-0.007454604,0.000273639,-0.000182618,0.007461860,2.595291848
48.618516895,HOLD,task_pose_stale,0.003076333,1,0.007441658,0.000548535,0.050013525,0.000000000,0.000000000,0.050000000,-0.007454604,0.000273639,-0.000182618,0.007461860,2.595291848
48.628869093,HOLD,task_pose_stale,0.001435463,1,0.007441658,0.000548535,0.050013525,0.000000000,0.000000000,0.050000000,-0.007454604,0.000273639,-0.000182618,0.007461860,2.595291848
48.638932774,HOLD,task_pose_stale,0.011601253,1,0.007441658,0.000548535,0.050013525,0.000000000,0.000000000,0.050000000,-0.007454604,0.000273639,-0.000182618,0.007461860,2.595291848
48.648849227,HOLD,task_pose_stale,0.005493706,1,0.007441658,0.000548535,0.050013525,0.000000000,0.000000000,0.050000000,-0.007454604,0.000273639,-0.000182618,0.007461860,2.595291848
48.658876101,HOLD,task_pose_stale,0.004488050,1,0.007441658,0.000548535,0.050013525,0.000000000,0.000000000,0.050000000,-0.007454604,0.000273639,-0.000182618,0.007461860,2.595291848
48.670333689,HOLD,task_pose_stale,0.000873863,1,0.007441658,0.000548535,0.050013525,0.000000000,0.000000000,0.050000000,-0.007454604,0.000273639,-0.000182618,0.007461860,2.595291848
48.680091042,HOLD,task_pose_stale,0.000136541,1,0.007441658,0.000548535,0.050013525,0.000000000,0.000000000,0.050000000,-0.007454604,0.000273639,-0.000182618,0.007461860,2.595291848
48.690139287,HOLD,task_pose_stale,0.004077239,1,0.007441658,0.000548535,0.050013525,0.000000000,0.000000000,0.050000000,-0.007454604,0.000273639,-0.000182618,0.007461860,2.595291848
48.700296766,HOLD,task_pose_stale,0.008748135,1,0.007441658,0.000548535,0.050013525,0.000000000,0.000000000,0.050000000,-0.007454604,0.000273639,-0.000182618,0.007461860,2.595291848
48.710169288,HOLD,task_pose_stale,0.000642338,1,0.007441658,0.000548535,0.050013525,0.000000000,0.000000000,0.050000000,-0.007454604,0.000273639,-0.000182618,0.007461860,2.595291848
48.720217534,HOLD,task_pose_stale,0.001054335,1,0.007441658,0.000548535,0.050013525,0.000000000,0.000000000,0.050000000,-0.007454604,0.000273639,-0.000182618,0.007461860,2.595291848
48.731098087,HOLD,task_pose_stale,0.005823779,1,0.007441658,0.000548535,0.050013525,0.000000000,0.000000000,0.050000000,-0.007454604,0.000273639,-0.000182618,0.007461860,2.595291848
48.740938552,HOLD,task_pose_stale,0.001639682,1,0.007441658,0.000548535,0.050013525,0.000000000,0.000000000,0.050000000,-0.007454604,0.000273639,-0.000182618,0.007461860,2.595291848
48.750964238,HOLD,task_pose_stale,0.000075988,1,0.007441658,0.000548535,0.050013525,0.000000000,0.000000000,0.050000000,-0.007454604,0.000273639,-0.000182618,0.007461860,2.595291848
48.760968553,HOLD,task_pose_stale,0.004021435,1,0.007441658,0.000548535,0.050013525,0.000000000,0.000000000,0.050000000,-0.007454604,0.000273639,-0.000182618,0.007461860,2.595291848
48.771033421,HOLD,task_pose_stale,0.003072771,1,0.007441658,0.000548535,0.050013525,0.000000000,0.000000000,0.050000000,-0.007454604,0.000273639,-0.000182618,0.007461860,2.595291848
48.781225331,HOLD,task_pose_stale,0.002043369,1,0.007441658,0.000548535,0.050013525,0.000000000,0.000000000,0.050000000,-0.007454604,0.000273639,-0.000182618,0.007461860,2.595291848
48.791661828,HOLD,task_pose_stale,0.000255272,1,0.007441658,0.000548535,0.050013525,0.000000000,0.000000000,0.050000000,-0.007454604,0.000273639,-0.000182618,0.007461860,2.595291848
48.801884609,HOLD,task_pose_stale,0.004704141,1,0.007441658,0.000548535,0.050013525,0.000000000,0.000000000,0.050000000,-0.007454604,0.000273639,-0.000182618,0.007461860,2.595291848
48.811924543,HOLD,task_pose_stale,0.002268959,1,0.007441658,0.000548535,0.050013525,0.000000000,0.000000000,0.050000000,-0.007454604,0.000273639,-0.000182618,0.007461860,2.595291848
48.821937169,HOLD,task_pose_stale,0.000105671,1,0.007441658,0.000548535,0.050013525,0.000000000,0.000000000,0.050000000,-0.007454604,0.000273639,-0.000182618,0.007461860,2.595291848
48.831971166,HOLD,task_pose_stale,0.000440494,1,0.007441658,0.000548535,0.050013525,0.000000000,0.000000000,0.050000000,-0.007454604,0.000273639,-0.000182618,0.007461860,2.595291848
48.842158328,HOLD,task_pose_stale,0.003168943,1,0.007441658,0.000548535,0.050013525,0.000000000,0.000000000,0.050000000,-0.007454604,0.000273639,-0.000182618,0.007461860,2.595291848
48.852129397,HOLD,task_pose_stale,0.002132418,1,0.007441658,0.000548535,0.050013525,0.000000000,0.000000000,0.050000000,-0.007454604,0.000273639,-0.000182618,0.007461860,2.595291848
48.862155084,HOLD,task_pose_stale,0.001942448,1,0.007441658,0.000548535,0.050013525,0.000000000,0.000000000,0.050000000,-0.007454604,0.000273639,-0.000182618,0.007461860,2.595291848
48.872274568,HOLD,task_pose_stale,0.001345227,1,0.007441658,0.000548535,0.050013525,0.000000000,0.000000000,0.050000000,-0.007454604,0.000273639,-0.000182618,0.007461860,2.595291848
48.882442732,HOLD,task_pose_stale,0.000416747,1,0.007441658,0.000548535,0.050013525,0.000000000,0.000000000,0.050000000,-0.007454604,0.000273639,-0.000182618,0.007461860,2.595291848
48.892406678,HOLD,task_pose_stale,0.004187659,1,0.007441658,0.000548535,0.050013525,0.000000000,0.000000000,0.050000000,-0.007454604,0.000273639,-0.000182618,0.007461860,2.595291848
48.902874045,HOLD,task_pose_stale,0.001135073,1,0.007441658,0.000548535,0.050013525,0.000000000,0.000000000,0.050000000,-0.007454604,0.000273639,-0.000182618,0.007461860,2.595291848
48.912623087,HOLD,task_pose_stale,0.000423872,1,0.007441658,0.000548535,0.050013525,0.000000000,0.000000000,0.050000000,-0.007454604,0.000273639,-0.000182618,0.007461860,2.595291848
48.922674895,HOLD,task_pose_stale,0.000480862,1,0.007441658,0.000548535,0.050013525,0.000000000,0.000000000,0.050000000,-0.007454604,0.000273639,-0.000182618,0.007461860,2.595291848
48.932793192,HOLD,task_pose_stale,0.000883362,1,0.007441658,0.000548535,0.050013525,0.000000000,0.000000000,0.050000000,-0.007454604,0.000273639,-0.000182618,0.007461860,2.595291848
48.942886555,HOLD,task_pose_stale,0.001922263,1,0.007441658,0.000548535,0.050013525,0.000000000,0.000000000,0.050000000,-0.007454604,0.000273639,-0.000182618,0.007461860,2.595291848
48.952921740,HOLD,task_pose_stale,0.003027653,1,0.007441658,0.000548535,0.050013525,0.000000000,0.000000000,0.050000000,-0.007454604,0.000273639,-0.000182618,0.007461860,2.595291848
48.962922492,HOLD,task_pose_stale,0.005441464,1,0.007441658,0.000548535,0.050013525,0.000000000,0.000000000,0.050000000,-0.007454604,0.000273639,-0.000182618,0.007461860,2.595291848
48.973072847,HOLD,task_pose_stale,0.001625434,1,0.007441658,0.000548535,0.050013525,0.000000000,0.000000000,0.050000000,-0.007454604,0.000273639,-0.000182618,0.007461860,2.595291848
48.983104470,HOLD,task_pose_stale,0.001054335,1,0.007441658,0.000548535,0.050013525,0.000000000,0.000000000,0.050000000,-0.007454604,0.000273639,-0.000182618,0.007461860,2.595291848
48.993171712,HOLD,task_pose_stale,0.000937978,1,0.007441658,0.000548535,0.050013525,0.000000000,0.000000000,0.050000000,-0.007454604,0.000273639,-0.000182618,0.007461860,2.595291848
49.003399242,HOLD,task_pose_stale,0.004304016,1,0.007441658,0.000548535,0.050013525,0.000000000,0.000000000,0.050000000,-0.007454604,0.000273639,-0.000182618,0.007461860,2.595291848
49.013872546,HOLD,task_pose_stale,0.002594282,1,0.007441658,0.000548535,0.050013525,0.000000000,0.000000000,0.050000000,-0.007454604,0.000273639,-0.000182618,0.007461860,2.595291848
49.023951662,HOLD,task_pose_stale,0.000790752,1,0.007441658,0.000548535,0.050013525,0.000000000,0.000000000,0.050000000,-0.007454604,0.000273639,-0.000182618,0.007461860,2.595291848
49.033947665,HOLD,task_pose_stale,0.005572069,1,0.007441658,0.000548535,0.050013525,0.000000000,0.000000000,0.050000000,-0.007454604,0.000273639,-0.000182618,0.007461860,2.595291848
49.044067149,HOLD,task_pose_stale,0.003374349,1,0.007441658,0.000548535,0.050013525,0.000000000,0.000000000,0.050000000,-0.007454604,0.000273639,-0.000182618,0.007461860,2.595291848
49.054037032,HOLD,task_pose_stale,0.003204563,1,0.007441658,0.000548535,0.050013525,0.000000000,0.000000000,0.050000000,-0.007454604,0.000273639,-0.000182618,0.007461860,2.595291848
49.064405852,HOLD,task_pose_stale,0.003832652,1,0.007441658,0.000548535,0.050013525,0.000000000,0.000000000,0.050000000,-0.007454604,0.000273639,-0.000182618,0.007461860,2.595291848
49.074650004,HOLD,task_pose_stale,0.000043930,1,0.007441658,0.000548535,0.050013525,0.000000000,0.000000000,0.050000000,-0.007454604,0.000273639,-0.000182618,0.007461860,2.595291848
49.085899812,HOLD,task_pose_stale,0.005705048,1,0.007441658,0.000548535,0.050013525,0.000000000,0.000000000,0.050000000,-0.007454604,0.000273639,-0.000182618,0.007461860,2.595291848
49.095956369,HOLD,task_pose_stale,0.004702954,1,0.007441658,0.000548535,0.050013525,0.000000000,0.000000000,0.050000000,-0.007454604,0.000273639,-0.000182618,0.007461860,2.595291848
49.105941686,HOLD,task_pose_stale,0.003103641,1,0.007441658,0.000548535,0.050013525,0.000000000,0.000000000,0.050000000,-0.007454604,0.000273639,-0.000182618,0.007461860,2.595291848
49.116804430,HOLD,task_pose_stale,0.001065022,1,0.007441658,0.000548535,0.050013525,0.000000000,0.000000000,0.050000000,-0.007454604,0.000273639,-0.000182618,0.007461860,2.595291848
49.128866361,HOLD,task_pose_stale,0.003103641,1,0.007441658,0.000548535,0.050013525,0.000000000,0.000000000,0.050000000,-0.007454604,0.000273639,-0.000182618,0.007461860,2.595291848
49.138861177,HOLD,task_pose_stale,0.000845368,1,0.007441658,0.000548535,0.050013525,0.000000000,0.000000000,0.050000000,-0.007454604,0.000273639,-0.000182618,0.007461860,2.595291848
49.148847682,HOLD,task_pose_stale,0.005776286,1,0.007441658,0.000548535,0.050013525,0.000000000,0.000000000,0.050000000,-0.007454604,0.000273639,-0.000182618,0.007461860,2.595291848
49.158897115,HOLD,task_pose_stale,0.003472896,1,0.007441658,0.000548535,0.050013525,0.000000000,0.000000000,0.050000000,-0.007454604,0.000273639,-0.000182618,0.007461860,2.595291848
49.168991665,HOLD,task_pose_stale,0.003440839,1,0.007441658,0.000548535,0.050013525,0.000000000,0.000000000,0.050000000,-0.007454604,0.000273639,-0.000182618,0.007461860,2.595291848
49.180738958,HOLD,task_pose_stale,0.003329230,1,0.007441658,0.000548535,0.050013525,0.000000000,0.000000000,0.050000000,-0.007454604,0.000273639,-0.000182618,0.007461860,2.595291848
49.190592484,HOLD,task_pose_stale,0.005062710,1,0.007441658,0.000548535,0.050013525,0.000000000,0.000000000,0.050000000,-0.007454604,0.000273639,-0.000182618,0.007461860,2.595291848
49.200704844,HOLD,task_pose_stale,0.003804156,1,0.007441658,0.000548535,0.050013525,0.000000000,0.000000000,0.050000000,-0.007454604,0.000273639,-0.000182618,0.007461860,2.595291848
49.210801769,HOLD,task_pose_stale,0.002565787,1,0.007441658,0.000548535,0.050013525,0.000000000,0.000000000,0.050000000,-0.007454604,0.000273639,-0.000182618,0.007461860,2.595291848
49.220880885,HOLD,task_pose_stale,0.002375817,1,0.007441658,0.000548535,0.050013525,0.000000000,0.000000000,0.050000000,-0.007454604,0.000273639,-0.000182618,0.007461860,2.595291848
49.232093886,HOLD,task_pose_stale,0.000820435,1,0.007441658,0.000548535,0.050013525,0.000000000,0.000000000,0.050000000,-0.007454604,0.000273639,-0.000182618,0.007461860,2.595291848
49.241910605,HOLD,task_pose_stale,0.004225653,1,0.007441658,0.000548535,0.050013525,0.000000000,0.000000000,0.050000000,-0.007454604,0.000273639,-0.000182618,0.007461860,2.595291848
49.252041962,HOLD,task_pose_stale,0.003533449,1,0.007441658,0.000548535,0.050013525,0.000000000,0.000000000,0.050000000,-0.007454604,0.000273639,-0.000182618,0.007461860,2.595291848
49.261995222,HOLD,task_pose_stale,0.003026465,1,0.007441658,0.000548535,0.050013525,0.000000000,0.000000000,0.050000000,-0.007454604,0.000273639,-0.000182618,0.007461860,2.595291848
49.272050592,HOLD,task_pose_stale,0.003584504,1,0.007441658,0.000548535,0.050013525,0.000000000,0.000000000,0.050000000,-0.007454604,0.000273639,-0.000182618,0.007461860,2.595291848
49.282261499,HOLD,task_pose_stale,0.004540292,1,0.007441658,0.000548535,0.050013525,0.000000000,0.000000000,0.050000000,-0.007454604,0.000273639,-0.000182618,0.007461860,2.595291848
49.292267001,HOLD,task_pose_stale,0.000388252,1,0.007441658,0.000548535,0.050013525,0.000000000,0.000000000,0.050000000,-0.007454604,0.000273639,-0.000182618,0.007461860,2.595291848
49.302385298,HOLD,task_pose_stale,0.000127043,1,0.007441658,0.000548535,0.050013525,0.000000000,0.000000000,0.050000000,-0.007454604,0.000273639,-0.000182618,0.007461860,2.595291848
49.314282192,HOLD,task_pose_stale,0.006326013,1,0.007441658,0.000548535,0.050013525,0.000000000,0.000000000,0.050000000,-0.007454604,0.000273639,-0.000182618,0.007461860,2.595291848
49.324317377,HOLD,task_pose_stale,0.004152040,1,0.007441658,0.000548535,0.050013525,0.000000000,0.000000000,0.050000000,-0.007454604,0.000273639,-0.000182618,0.007461860,2.595291848
49.334985401,HOLD,task_pose_stale,0.000609092,1,0.007441658,0.000548535,0.050013525,0.000000000,0.000000000,0.050000000,-0.007454604,0.000273639,-0.000182618,0.007461860,2.595291848
49.344677452,HOLD,task_pose_stale,0.002762881,1,0.007441658,0.000548535,0.050013525,0.000000000,0.000000000,0.050000000,-0.007454604,0.000273639,-0.000182618,0.007461860,2.595291848
49.354729259,HOLD,task_pose_stale,0.001798782,1,0.007441658,0.000548535,0.050013525,0.000000000,0.000000000,0.050000000,-0.007454604,0.000273639,-0.000182618,0.007461860,2.595291848
49.364796501,HOLD,task_pose_stale,0.000934417,1,0.007441658,0.000548535,0.050013525,0.000000000,0.000000000,0.050000000,-0.007454604,0.000273639,-0.000182618,0.007461860,2.595291848
49.374793692,HOLD,task_pose_stale,0.004168662,1,0.007441658,0.000548535,0.050013525,0.000000000,0.000000000,0.050000000,-0.007454604,0.000273639,-0.000182618,0.007461860,2.595291848
49.384903678,HOLD,task_pose_stale,0.001334542,1,0.007441658,0.000548535,0.050013525,0.000000000,0.000000000,0.050000000,-0.007454604,0.000273639,-0.000182618,0.007461860,2.595291848
49.395223818,HOLD,task_pose_stale,0.003526325,1,0.007441658,0.000548535,0.050013525,0.000000000,0.000000000,0.050000000,-0.007454604,0.000273639,-0.000182618,0.007461860,2.595291848
49.405173516,HOLD,task_pose_stale,0.004897674,1,0.007441658,0.000548535,0.050013525,0.000000000,0.000000000,0.050000000,-0.007454604,0.000273639,-0.000182618,0.007461860,2.595291848
49.415174269,HOLD,task_pose_stale,0.003433714,1,0.007441658,0.000548535,0.050013525,0.000000000,0.000000000,0.050000000,-0.007454604,0.000273639,-0.000182618,0.007461860,2.595291848
49.425518156,HOLD,task_pose_stale,0.001984003,1,0.007441658,0.000548535,0.050013525,0.000000000,0.000000000,0.050000000,-0.007454604,0.000273639,-0.000182618,0.007461860,2.595291848
49.435466667,HOLD,task_pose_stale,0.001714482,1,0.007441658,0.000548535,0.050013525,0.000000000,0.000000000,0.050000000,-0.007454604,0.000273639,-0.000182618,0.007461860,2.595291848
49.445546970,HOLD,task_pose_stale,0.002111045,1,0.007441658,0.000548535,0.050013525,0.000000000,0.000000000,0.050000000,-0.007454604,0.000273639,-0.000182618,0.007461860,2.595291848
49.455810119,HOLD,task_pose_stale,0.000753945,1,0.007441658,0.000548535,0.050013525,0.000000000,0.000000000,0.050000000,-0.007454604,0.000273639,-0.000182618,0.007461860,2.595291848
49.466024588,HOLD,task_pose_stale,0.002798501,1,0.007441658,0.000548535,0.050013525,0.000000000,0.000000000,0.050000000,-0.007454604,0.000273639,-0.000182618,0.007461860,2.595291848
49.475895924,HOLD,task_pose_stale,0.002959976,1,0.007441658,0.000548535,0.050013525,0.000000000,0.000000000,0.050000000,-0.007454604,0.000273639,-0.000182618,0.007461860,2.595291848
49.485795755,HOLD,task_pose_stale,0.000414373,1,0.007441658,0.000548535,0.050013525,0.000000000,0.000000000,0.050000000,-0.007454604,0.000273639,-0.000182618,0.007461860,2.595291848
49.495834501,HOLD,task_pose_stale,0.005167194,1,0.007441658,0.000548535,0.050013525,0.000000000,0.000000000,0.050000000,-0.007454604,0.000273639,-0.000182618,0.007461860,2.595291848
49.507237473,HOLD,task_pose_stale,0.004875115,1,0.007441658,0.000548535,0.050013525,0.000000000,0.000000000,0.050000000,-0.007454604,0.000273639,-0.000182618,0.007461860,2.595291848
49.516927149,HOLD,task_pose_stale,0.000267146,1,0.007441658,0.000548535,0.050013525,0.000000000,0.000000000,0.050000000,-0.007454604,0.000273639,-0.000182618,0.007461860,2.595291848
49.526955210,HOLD,task_pose_stale,0.004832371,1,0.007441658,0.000548535,0.050013525,0.000000000,0.000000000,0.050000000,-0.007454604,0.000273639,-0.000182618,0.007461860,2.595291848
49.537150682,HOLD,task_pose_stale,0.000873863,1,0.007441658,0.000548535,0.050013525,0.000000000,0.000000000,0.050000000,-0.007454604,0.000273639,-0.000182618,0.007461860,2.595291848
49.547105130,HOLD,task_pose_stale,0.001530449,1,0.007441658,0.000548535,0.050013525,0.000000000,0.000000000,0.050000000,-0.007454604,0.000273639,-0.000182618,0.007461860,2.595291848
49.557083323,HOLD,task_pose_stale,0.001160006,1,0.007441658,0.000548535,0.050013525,0.000000000,0.000000000,0.050000000,-0.007454604,0.000273639,-0.000182618,0.007461860,2.595291848
49.570073735,HOLD,task_pose_stale,0.000028495,1,0.007441658,0.000548535,0.050013525,0.000000000,0.000000000,0.050000000,-0.007454604,0.000273639,-0.000182618,0.007461860,2.595291848
49.580111294,HOLD,task_pose_stale,0.000315826,1,0.007441658,0.000548535,0.050013525,0.000000000,0.000000000,0.050000000,-0.007454604,0.000273639,-0.000182618,0.007461860,2.595291848
49.590138168,HOLD,task_pose_stale,0.000073613,1,0.007441658,0.000548535,0.050013525,0.000000000,0.000000000,0.050000000,-0.007454604,0.000273639,-0.000182618,0.007461860,2.595291848
49.600200661,HOLD,task_pose_stale,0.000579409,1,0.007441658,0.000548535,0.050013525,0.000000000,0.000000000,0.050000000,-0.007454604,0.000273639,-0.000182618,0.007461860,2.595291848
49.610309459,HOLD,task_pose_stale,0.000980722,1,0.007441658,0.000548535,0.050013525,0.000000000,0.000000000,0.050000000,-0.007454604,0.000273639,-0.000182618,0.007461860,2.595291848
49.620647409,HOLD,task_pose_stale,0.001069771,1,0.007441658,0.000548535,0.050013525,0.000000000,0.000000000,0.050000000,-0.007454604,0.000273639,-0.000182618,0.007461860,2.595291848
49.630570986,HOLD,task_pose_stale,0.004933293,1,0.007441658,0.000548535,0.050013525,0.000000000,0.000000000,0.050000000,-0.007454604,0.000273639,-0.000182618,0.007461860,2.595291848
49.640720153,HOLD,task_pose_stale,0.000023747,1,0.007441658,0.000548535,0.050013525,0.000000000,0.000000000,0.050000000,-0.007454604,0.000273639,-0.000182618,0.007461860,2.595291848
49.650736341,HOLD,task_pose_stale,0.002268959,1,0.007441658,0.000548535,0.050013525,0.000000000,0.000000000,0.050000000,-0.007454604,0.000273639,-0.000182618,0.007461860,2.595291848
49.660827329,HOLD,task_pose_stale,0.001675302,1,0.007441658,0.000548535,0.050013525,0.000000000,0.000000000,0.050000000,-0.007454604,0.000273639,-0.000182618,0.007461860,2.595291848
49.671929910,HOLD,task_pose_stale,0.007453962,1,0.007441658,0.000548535,0.050013525,0.000000000,0.000000000,0.050000000,-0.007454604,0.000273639,-0.000182618,0.007461860,2.595291848
49.681962720,HOLD,task_pose_stale,0.000274270,1,0.007441658,0.000548535,0.050013525,0.000000000,0.000000000,0.050000000,-0.007454604,0.000273639,-0.000182618,0.007461860,2.595291848
49.691951600,HOLD,task_pose_stale,0.004568787,1,0.007441658,0.000548535,0.050013525,0.000000000,0.000000000,0.050000000,-0.007454604,0.000273639,-0.000182618,0.007461860,2.595291848
49.701972537,HOLD,task_pose_stale,0.004759945,1,0.007441658,0.000548535,0.050013525,0.000000000,0.000000000,0.050000000,-0.007454604,0.000273639,-0.000182618,0.007461860,2.595291848
49.712001785,HOLD,task_pose_stale,0.004531981,1,0.007441658,0.000548535,0.050013525,0.000000000,0.000000000,0.050000000,-0.007454604,0.000273639,-0.000182618,0.007461860,2.595291848
49.724088650,HOLD,task_pose_stale,0.001359475,1,0.007441658,0.000548535,0.050013525,0.000000000,0.000000000,0.050000000,-0.007454604,0.000273639,-0.000182618,0.007461860,2.595291848
49.733948112,HOLD,task_pose_stale,0.003081082,1,0.007441658,0.000548535,0.050013525,0.000000000,0.000000000,0.050000000,-0.007454604,0.000273639,-0.000182618,0.007461860,2.595291848
49.745227603,HOLD,task_pose_stale,0.009559071,1,0.007441658,0.000548535,0.050013525,0.000000000,0.000000000,0.050000000,-0.007454604,0.000273639,-0.000182618,0.007461860,2.595291848
49.755024137,HOLD,task_pose_stale,0.000917794,1,0.007441658,0.000548535,0.050013525,0.000000000,0.000000000,0.050000000,-0.007454604,0.000273639,-0.000182618,0.007461860,2.595291848
49.765010642,HOLD,task_pose_stale,0.001773848,1,0.007441658,0.000548535,0.050013525,0.000000000,0.000000000,0.050000000,-0.007454604,0.000273639,-0.000182618,0.007461860,2.595291848
49.775010207,HOLD,task_pose_stale,0.002215530,1,0.007441658,0.000548535,0.050013525,0.000000000,0.000000000,0.050000000,-0.007454604,0.000273639,-0.000182618,0.007461860,2.595291848
49.785719787,HOLD,task_pose_stale,0.003216436,1,0.007441658,0.000548535,0.050013525,0.000000000,0.000000000,0.050000000,-0.007454604,0.000273639,-0.000182618,0.007461860,2.595291848
49.795612494,HOLD,task_pose_stale,0.000898797,1,0.007441658,0.000548535,0.050013525,0.000000000,0.000000000,0.050000000,-0.007454604,0.000273639,-0.000182618,0.007461860,2.595291848
49.805463645,HOLD,task_pose_stale,0.005586316,1,0.007441658,0.000548535,0.050013525,0.000000000,0.000000000,0.050000000,-0.007454604,0.000273639,-0.000182618,0.007461860,2.595291848
49.815488144,HOLD,task_pose_stale,0.003022903,1,0.007441658,0.000548535,0.050013525,0.000000000,0.000000000,0.050000000,-0.007454604,0.000273639,-0.000182618,0.007461860,2.595291848
49.825573196,HOLD,task_pose_stale,0.002581223,1,0.007441658,0.000548535,0.050013525,0.000000000,0.000000000,0.050000000,-0.007454604,0.000273639,-0.000182618,0.007461860,2.595291848
49.836354014,HOLD,task_pose_stale,0.007945511,1,0.007441658,0.000548535,0.050013525,0.000000000,0.000000000,0.050000000,-0.007454604,0.000273639,-0.000182618,0.007461860,2.595291848
49.846061500,HOLD,task_pose_stale,0.003734105,1,0.007441658,0.000548535,0.050013525,0.000000000,0.000000000,0.050000000,-0.007454604,0.000273639,-0.000182618,0.007461860,2.595291848
49.855931648,HOLD,task_pose_stale,0.002870927,1,0.007441658,0.000548535,0.050013525,0.000000000,0.000000000,0.050000000,-0.007454604,0.000273639,-0.000182618,0.007461860,2.595291848
49.866168677,HOLD,task_pose_stale,0.006349760,1,0.007441658,0.000548535,0.050013525,0.000000000,0.000000000,0.050000000,-0.007454604,0.000273639,-0.000182618,0.007461860,2.595291848
49.876875882,HOLD,task_pose_stale,0.009987692,1,0.007441658,0.000548535,0.050013525,0.000000000,0.000000000,0.050000000,-0.007454604,0.000273639,-0.000182618,0.007461860,2.595291848
49.886911066,HOLD,task_pose_stale,0.000220840,1,0.007441658,0.000548535,0.050013525,0.000000000,0.000000000,0.050000000,-0.007454604,0.000273639,-0.000182618,0.007461860,2.595291848
49.898038581,HOLD,task_pose_stale,0.005724044,1,0.007441658,0.000548535,0.050013525,0.000000000,0.000000000,0.050000000,-0.007454604,0.000273639,-0.000182618,0.007461860,2.595291848
49.908097512,HOLD,task_pose_stale,0.007024155,1,0.007441658,0.000548535,0.050013525,0.000000000,0.000000000,0.050000000,-0.007454604,0.000273639,-0.000182618,0.007461860,2.595291848
49.918105388,HOLD,task_pose_stale,0.001760788,1,0.007441658,0.000548535,0.050013525,0.000000000,0.000000000,0.050000000,-0.007454604,0.000273639,-0.000182618,0.007461860,2.595291848
49.928113265,HOLD,task_pose_stale,0.005738293,1,0.007441658,0.000548535,0.050013525,0.000000000,0.000000000,0.050000000,-0.007454604,0.000273639,-0.000182618,0.007461860,2.595291848
49.938078398,HOLD,task_pose_stale,0.004375255,1,0.007441658,0.000548535,0.050013525,0.000000000,0.000000000,0.050000000,-0.007454604,0.000273639,-0.000182618,0.007461860,2.595291848
49.948168199,HOLD,task_pose_stale,0.004334887,1,0.007441658,0.000548535,0.050013525,0.000000000,0.000000000,0.050000000,-0.007454604,0.000273639,-0.000182618,0.007461860,2.595291848
49.958349424,HOLD,task_pose_stale,0.004345573,1,0.007441658,0.000548535,0.050013525,0.000000000,0.000000000,0.050000000,-0.007454604,0.000273639,-0.000182618,0.007461860,2.595291848
49.968635132,HOLD,task_pose_stale,0.001164755,1,0.007441658,0.000548535,0.050013525,0.000000000,0.000000000,0.050000000,-0.007454604,0.000273639,-0.000182618,0.007461860,2.595291848
49.978404358,HOLD,task_pose_stale,0.005682488,1,0.007441658,0.000548535,0.050013525,0.000000000,0.000000000,0.050000000,-0.007454604,0.000273639,-0.000182618,0.007461860,2.595291848
49.988551151,HOLD,task_pose_stale,0.007769789,1,0.007441658,0.000548535,0.050013525,0.000000000,0.000000000,0.050000000,-0.007454604,0.000273639,-0.000182618,0.007461860,2.595291848
49.998892663,HOLD,task_pose_stale,0.000920169,1,0.007441658,0.000548535,0.050013525,0.000000000,0.000000000,0.050000000,-0.007454604,0.000273639,-0.000182618,0.007461860,2.595291848
50.008657140,HOLD,task_pose_stale,0.004777755,1,0.007441658,0.000548535,0.050013525,0.000000000,0.000000000,0.050000000,-0.007454604,0.000273639,-0.000182618,0.007461860,2.595291848
50.018952346,HOLD,task_pose_stale,0.002633464,1,0.007441658,0.000548535,0.050013525,0.000000000,0.000000000,0.050000000,-0.007454604,0.000273639,-0.000182618,0.007461860,2.595291848
50.028943600,HOLD,task_pose_stale,0.001368974,1,0.007441658,0.000548535,0.050013525,0.000000000,0.000000000,0.050000000,-0.007454604,0.000273639,-0.000182618,0.007461860,2.595291848
50.040094861,HOLD,task_pose_stale,0.003559569,1,0.007441658,0.000548535,0.050013525,0.000000000,0.000000000,0.050000000,-0.007454604,0.000273639,-0.000182618,0.007461860,2.595291848
50.049886646,HOLD,task_pose_stale,0.003103641,1,0.007441658,0.000548535,0.050013525,0.000000000,0.000000000,0.050000000,-0.007454604,0.000273639,-0.000182618,0.007461860,2.595291848
50.059933704,HOLD,task_pose_stale,0.003693737,1,0.007441658,0.000548535,0.050013525,0.000000000,0.000000000,0.050000000,-0.007454604,0.000273639,-0.000182618,0.007461860,2.595291848
50.070074560,HOLD,task_pose_stale,0.006813999,1,0.007441658,0.000548535,0.050013525,0.000000000,0.000000000,0.050000000,-0.007454604,0.000273639,-0.000182618,0.007461860,2.595291848
50.080587045,HOLD,task_pose_stale,0.004507047,1,0.007441658,0.000548535,0.050013525,0.000000000,0.000000000,0.050000000,-0.007454604,0.000273639,-0.000182618,0.007461860,2.595291848
50.090797953,HOLD,task_pose_stale,0.003750728,1,0.007441658,0.000548535,0.050013525,0.000000000,0.000000000,0.050000000,-0.007454604,0.000273639,-0.000182618,0.007461860,2.595291848
50.101001736,HOLD,task_pose_stale,0.003719857,1,0.007441658,0.000548535,0.050013525,0.000000000,0.000000000,0.050000000,-0.007454604,0.000273639,-0.000182618,0.007461860,2.595291848
50.111210269,HOLD,task_pose_stale,0.000281393,1,0.007441658,0.000548535,0.050013525,0.000000000,0.000000000,0.050000000,-0.007454604,0.000273639,-0.000182618,0.007461860,2.595291848
50.121157592,HOLD,task_pose_stale,0.004083176,1,0.007441658,0.000548535,0.050013525,0.000000000,0.000000000,0.050000000,-0.007454604,0.000273639,-0.000182618,0.007461860,2.595291848
50.131239082,HOLD,task_pose_stale,0.002698767,1,0.007441658,0.000548535,0.050013525,0.000000000,0.000000000,0.050000000,-0.007454604,0.000273639,-0.000182618,0.007461860,2.595291848
50.141261207,HOLD,task_pose_stale,0.006210844,1,0.007441658,0.000548535,0.050013525,0.000000000,0.000000000,0.050000000,-0.007454604,0.000273639,-0.000182618,0.007461860,2.595291848
50.151256023,HOLD,task_pose_stale,0.003291237,1,0.007441658,0.000548535,0.050013525,0.000000000,0.000000000,0.050000000,-0.007454604,0.000273639,-0.000182618,0.007461860,2.595291848
50.161332764,HOLD,task_pose_stale,0.002772380,1,0.007441658,0.000548535,0.050013525,0.000000000,0.000000000,0.050000000,-0.007454604,0.000273639,-0.000182618,0.007461860,2.595291848
50.173589414,HOLD,task_pose_stale,0.001019904,1,0.007441658,0.000548535,0.050013525,0.000000000,0.000000000,0.050000000,-0.007454604,0.000273639,-0.000182618,0.007461860,2.595291848
50.183809820,HOLD,task_pose_stale,0.002920795,1,0.007441658,0.000548535,0.050013525,0.000000000,0.000000000,0.050000000,-0.007454604,0.000273639,-0.000182618,0.007461860,2.595291848
50.195154613,HOLD,task_pose_stale,0.008394316,1,0.007441658,0.000548535,0.050013525,0.000000000,0.000000000,0.050000000,-0.007454604,0.000273639,-0.000182618,0.007461860,2.595291848
50.205042571,HOLD,task_pose_stale,0.003601126,1,0.007441658,0.000548535,0.050013525,0.000000000,0.000000000,0.050000000,-0.007454604,0.000273639,-0.000182618,0.007461860,2.595291848
50.215147807,HOLD,task_pose_stale,0.000710014,1,0.007441658,0.000548535,0.050013525,0.000000000,0.000000000,0.050000000,-0.007454604,0.000273639,-0.000182618,0.007461860,2.595291848
50.225310035,HOLD,task_pose_stale,0.005798845,1,0.007441658,0.000548535,0.050013525,0.000000000,0.000000000,0.050000000,-0.007454604,0.000273639,-0.000182618,0.007461860,2.595291848
50.235569622,HOLD,task_pose_stale,0.003426590,1,0.007441658,0.000548535,0.050013525,0.000000000,0.000000000,0.050000000,-0.007454604,0.000273639,-0.000182618,0.007461860,2.595291848
50.245436208,HOLD,task_pose_stale,0.001317920,1,0.007441658,0.000548535,0.050013525,0.000000000,0.000000000,0.050000000,-0.007454604,0.000273639,-0.000182618,0.007461860,2.595291848
50.255571127,HOLD,task_pose_stale,0.001801157,1,0.007441658,0.000548535,0.050013525,0.000000000,0.000000000,0.050000000,-0.007454604,0.000273639,-0.000182618,0.007461860,2.595291848
50.265751165,HOLD,task_pose_stale,0.001814217,1,0.007441658,0.000548535,0.050013525,0.000000000,0.000000000,0.050000000,-0.007454604,0.000273639,-0.000182618,0.007461860,2.595291848
50.275782787,HOLD,task_pose_stale,0.001951946,1,0.007441658,0.000548535,0.050013525,0.000000000,0.000000000,0.050000000,-0.007454604,0.000273639,-0.000182618,0.007461860,2.595291848
50.285918894,HOLD,task_pose_stale,0.007423093,1,0.007441658,0.000548535,0.050013525,0.000000000,0.000000000,0.050000000,-0.007454604,0.000273639,-0.000182618,0.007461860,2.595291848
50.295842471,HOLD,task_pose_stale,0.004073677,1,0.007441658,0.000548535,0.050013525,0.000000000,0.000000000,0.050000000,-0.007454604,0.000273639,-0.000182618,0.007461860,2.595291848
50.306971173,HOLD,task_pose_stale,0.004609156,1,0.007441658,0.000548535,0.050013525,0.000000000,0.000000000,0.050000000,-0.007454604,0.000273639,-0.000182618,0.007461860,2.595291848
50.317064536,HOLD,task_pose_stale,0.003768537,1,0.007441658,0.000548535,0.050013525,0.000000000,0.000000000,0.050000000,-0.007454604,0.000273639,-0.000182618,0.007461860,2.595291848
50.327138902,HOLD,task_pose_stale,0.004081988,1,0.007441658,0.000548535,0.050013525,0.000000000,0.000000000,0.050000000,-0.007454604,0.000273639,-0.000182618,0.007461860,2.595291848
50.337159839,HOLD,task_pose_stale,0.005050837,1,0.007441658,0.000548535,0.050013525,0.000000000,0.000000000,0.050000000,-0.007454604,0.000273639,-0.000182618,0.007461860,2.595291848
50.347229456,HOLD,task_pose_stale,0.002513545,1,0.007441658,0.000548535,0.050013525,0.000000000,0.000000000,0.050000000,-0.007454604,0.000273639,-0.000182618,0.007461860,2.595291848
50.358386653,HOLD,task_pose_stale,0.007903954,1,0.007441658,0.000548535,0.050013525,0.000000000,0.000000000,0.050000000,-0.007454604,0.000273639,-0.000182618,0.007461860,2.595291848
50.368485953,HOLD,task_pose_stale,0.002274895,1,0.007441658,0.000548535,0.050013525,0.000000000,0.000000000,0.050000000,-0.007454604,0.000273639,-0.000182618,0.007461860,2.595291848
50.378492642,HOLD,task_pose_stale,0.000693392,1,0.007441658,0.000548535,0.050013525,0.000000000,0.000000000,0.050000000,-0.007454604,0.000273639,-0.000182618,0.007461860,2.595291848
50.389217657,HOLD,task_pose_stale,0.006057680,1,0.007441658,0.000548535,0.050013525,0.000000000,0.000000000,0.050000000,-0.007454604,0.000273639,-0.000182618,0.007461860,2.595291848
50.399492679,HOLD,task_pose_stale,0.003673552,1,0.007441658,0.000548535,0.050013525,0.000000000,0.000000000,0.050000000,-0.007454604,0.000273639,-0.000182618,0.007461860,2.595291848
50.409479184,HOLD,task_pose_stale,0.000742071,1,0.007441658,0.000548535,0.050013525,0.000000000,0.000000000,0.050000000,-0.007454604,0.000273639,-0.000182618,0.007461860,2.595291848
50.419409885,HOLD,task_pose_stale,0.005302548,1,0.007441658,0.000548535,0.050013525,0.000000000,0.000000000,0.050000000,-0.007454604,0.000273639,-0.000182618,0.007461860,2.595291848
50.429474753,HOLD,task_pose_stale,0.004540291,1,0.007441658,0.000548535,0.050013525,0.000000000,0.000000000,0.050000000,-0.007454604,0.000273639,-0.000182618,0.007461860,2.595291848
50.439524186,HOLD,task_pose_stale,0.003569069,1,0.007441658,0.000548535,0.050013525,0.000000000,0.000000000,0.050000000,-0.007454604,0.000273639,-0.000182618,0.007461860,2.595291848
50.449836015,HOLD,task_pose_stale,0.002751009,1,0.007441658,0.000548535,0.050013525,0.000000000,0.000000000,0.050000000,-0.007454604,0.000273639,-0.000182618,0.007461860,2.595291848
50.460409053,HOLD,task_pose_stale,0.008128357,1,0.007441658,0.000548535,0.050013525,0.000000000,0.000000000,0.050000000,-0.007454604,0.000273639,-0.000182618,0.007461860,2.595291848
50.469927756,HOLD,task_pose_stale,0.003706797,1,0.007441658,0.000548535,0.050013525,0.000000000,0.000000000,0.050000000,-0.007454604,0.000273639,-0.000182618,0.007461860,2.595291848
50.479919010,HOLD,task_pose_stale,0.002898236,1,0.007441658,0.000548535,0.050013525,0.000000000,0.000000000,0.050000000,-0.007454604,0.000273639,-0.000182618,0.007461860,2.595291848
50.490031370,HOLD,task_pose_stale,0.001897329,1,0.007441658,0.000548535,0.050013525,0.000000000,0.000000000,0.050000000,-0.007454604,0.000273639,-0.000182618,0.007461860,2.595291848
50.500055869,HOLD,task_pose_stale,0.002790190,1,0.007441658,0.000548535,0.050013525,0.000000000,0.000000000,0.050000000,-0.007454604,0.000273639,-0.000182618,0.007461860,2.595291848
50.510227595,HOLD,task_pose_stale,0.003666428,1,0.007441658,0.000548535,0.050013525,0.000000000,0.000000000,0.050000000,-0.007454604,0.000273639,-0.000182618,0.007461860,2.595291848
50.520272278,HOLD,task_pose_stale,0.002796127,1,0.007441658,0.000548535,0.050013525,0.000000000,0.000000000,0.050000000,-0.007454604,0.000273639,-0.000182618,0.007461860,2.595291848
50.530388200,HOLD,task_pose_stale,0.002430433,1,0.007441658,0.000548535,0.050013525,0.000000000,0.000000000,0.050000000,-0.007454604,0.000273639,-0.000182618,0.007461860,2.595291848
50.540520745,HOLD,task_pose_stale,0.000489174,1,0.007441658,0.000548535,0.050013525,0.000000000,0.000000000,0.050000000,-0.007454604,0.000273639,-0.000182618,0.007461860,2.595291848
50.550580863,HOLD,task_pose_stale,0.000696953,1,0.007441658,0.000548535,0.050013525,0.000000000,0.000000000,0.050000000,-0.007454604,0.000273639,-0.000182618,0.007461860,2.595291848
50.561755870,HOLD,task_pose_stale,0.002229777,1,0.007441658,0.000548535,0.050013525,0.000000000,0.000000000,0.050000000,-0.007454604,0.000273639,-0.000182618,0.007461860,2.595291848
50.571684197,HOLD,task_pose_stale,0.003629621,1,0.007441658,0.000548535,0.050013525,0.000000000,0.000000000,0.050000000,-0.007454604,0.000273639,-0.000182618,0.007461860,2.595291848
50.581743127,HOLD,task_pose_stale,0.003590440,1,0.007441658,0.000548535,0.050013525,0.000000000,0.000000000,0.050000000,-0.007454604,0.000273639,-0.000182618,0.007461860,2.595291848
50.591889920,HOLD,task_pose_stale,0.000529542,1,0.007441658,0.000548535,0.050013525,0.000000000,0.000000000,0.050000000,-0.007454604,0.000273639,-0.000182618,0.007461860,2.595291848
50.601896609,HOLD,task_pose_stale,0.004465491,1,0.007441658,0.000548535,0.050013525,0.000000000,0.000000000,0.050000000,-0.007454604,0.000273639,-0.000182618,0.007461860,2.595291848
50.611954353,HOLD,task_pose_stale,0.002621591,1,0.007441658,0.000548535,0.050013525,0.000000000,0.000000000,0.050000000,-0.007454604,0.000273639,-0.000182618,0.007461860,2.595291848
50.622852715,HOLD,task_pose_stale,0.002249962,1,0.007441658,0.000548535,0.050013525,0.000000000,0.000000000,0.050000000,-0.007454604,0.000273639,-0.000182618,0.007461860,2.595291848
50.632900960,HOLD,task_pose_stale,0.001395095,1,0.007441658,0.000548535,0.050013525,0.000000000,0.000000000,0.050000000,-0.007454604,0.000273639,-0.000182618,0.007461860,2.595291848
50.642907649,HOLD,task_pose_stale,0.004825247,1,0.007441658,0.000548535,0.050013525,0.000000000,0.000000000,0.050000000,-0.007454604,0.000273639,-0.000182618,0.007461860,2.595291848
50.653055629,HOLD,task_pose_stale,0.000138916,1,0.007441658,0.000548535,0.050013525,0.000000000,0.000000000,0.050000000,-0.007454604,0.000273639,-0.000182618,0.007461860,2.595291848
50.663125246,HOLD,task_pose_stale,0.004681583,1,0.007441658,0.000548535,0.050013525,0.000000000,0.000000000,0.050000000,-0.007454604,0.000273639,-0.000182618,0.007461860,2.595291848
50.673095128,HOLD,task_pose_stale,0.003322107,1,0.007441658,0.000548535,0.050013525,0.000000000,0.000000000,0.050000000,-0.007454604,0.000273639,-0.000182618,0.007461860,2.595291848
50.683144561,HOLD,task_pose_stale,0.003337542,1,0.007441658,0.000548535,0.050013525,0.000000000,0.000000000,0.050000000,-0.007454604,0.000273639,-0.000182618,0.007461860,2.595291848
50.693312725,HOLD,task_pose_stale,0.004119983,1,0.007441658,0.000548535,0.050013525,0.000000000,0.000000000,0.050000000,-0.007454604,0.000273639,-0.000182618,0.007461860,2.595291848
50.703359782,HOLD,task_pose_stale,0.003507328,1,0.007441658,0.000548535,0.050013525,0.000000000,0.000000000,0.050000000,-0.007454604,0.000273639,-0.000182618,0.007461860,2.595291848
50.713717917,HOLD,task_pose_stale,0.005525763,1,0.007441658,0.000548535,0.050013525,0.000000000,0.000000000,0.050000000,-0.007454604,0.000273639,-0.000182618,0.007461860,2.595291848
50.723476457,HOLD,task_pose_stale,0.003396908,1,0.007441658,0.000548535,0.050013525,0.000000000,0.000000000,0.050000000,-0.007454604,0.000273639,-0.000182618,0.007461860,2.595291848
50.733543699,HOLD,task_pose_stale,0.001894954,1,0.007441658,0.000548535,0.050013525,0.000000000,0.000000000,0.050000000,-0.007454604,0.000273639,-0.000182618,0.007461860,2.595291848
50.743775978,HOLD,task_pose_stale,0.002076614,1,0.007441658,0.000548535,0.050013525,0.000000000,0.000000000,0.050000000,-0.007454604,0.000273639,-0.000182618,0.007461860,2.595291848
50.753916834,HOLD,task_pose_stale,0.002648899,1,0.007441658,0.000548535,0.050013525,0.000000000,0.000000000,0.050000000,-0.007454604,0.000273639,-0.000182618,0.007461860,2.595291848
50.763879592,HOLD,task_pose_stale,0.003573818,1,0.007441658,0.000548535,0.050013525,0.000000000,0.000000000,0.050000000,-0.007454604,0.000273639,-0.000182618,0.007461860,2.595291848
50.773915964,HOLD,task_pose_stale,0.003193877,1,0.007441658,0.000548535,0.050013525,0.000000000,0.000000000,0.050000000,-0.007454604,0.000273639,-0.000182618,0.007461860,2.595291848
50.784016451,HOLD,task_pose_stale,0.002863804,1,0.007441658,0.000548535,0.050013525,0.000000000,0.000000000,0.050000000,-0.007454604,0.000273639,-0.000182618,0.007461860,2.595291848
50.794144247,HOLD,task_pose_stale,0.002422122,1,0.007441658,0.000548535,0.050013525,0.000000000,0.000000000,0.050000000,-0.007454604,0.000273639,-0.000182618,0.007461860,2.595291848
50.806435330,HOLD,task_pose_stale,0.009546011,1,0.007441658,0.000548535,0.050013525,0.000000000,0.000000000,0.050000000,-0.007454604,0.000273639,-0.000182618,0.007461860,2.595291848
50.815939785,HOLD,task_pose_stale,0.003907453,1,0.007441658,0.000548535,0.050013525,0.000000000,0.000000000,0.050000000,-0.007454604,0.000273639,-0.000182618,0.007461860,2.595291848
50.825989217,HOLD,task_pose_stale,0.002912484,1,0.007441658,0.000548535,0.050013525,0.000000000,0.000000000,0.050000000,-0.007454604,0.000273639,-0.000182618,0.007461860,2.595291848
50.836032713,HOLD,task_pose_stale,0.001675301,1,0.007441658,0.000548535,0.050013525,0.000000000,0.000000000,0.050000000,-0.007454604,0.000273639,-0.000182618,0.007461860,2.595291848
50.846154572,HOLD,task_pose_stale,0.002111046,1,0.007441658,0.000548535,0.050013525,0.000000000,0.000000000,0.050000000,-0.007454604,0.000273639,-0.000182618,0.007461860,2.595291848
50.856396349,HOLD,task_pose_stale,0.002637026,1,0.007441658,0.000548535,0.050013525,0.000000000,0.000000000,0.050000000,-0.007454604,0.000273639,-0.000182618,0.007461860,2.595291848
50.866376917,HOLD,task_pose_stale,0.001718045,1,0.007441658,0.000548535,0.050013525,0.000000000,0.000000000,0.050000000,-0.007454604,0.000273639,-0.000182618,0.007461860,2.595291848
50.878368797,HOLD,task_pose_stale,0.002949290,1,0.007441658,0.000548535,0.050013525,0.000000000,0.000000000,0.050000000,-0.007454604,0.000273639,-0.000182618,0.007461860,2.595291848
50.888387359,HOLD,task_pose_stale,0.005179068,1,0.007441658,0.000548535,0.050013525,0.000000000,0.000000000,0.050000000,-0.007454604,0.000273639,-0.000182618,0.007461860,2.595291848
50.898559085,HOLD,task_pose_stale,0.000315825,1,0.007441658,0.000548535,0.050013525,0.000000000,0.000000000,0.050000000,-0.007454604,0.000273639,-0.000182618,0.007461860,2.595291848
50.912076664,HOLD,task_pose_stale,0.001583878,1,0.007441658,0.000548535,0.050013525,0.000000000,0.000000000,0.050000000,-0.007454604,0.000273639,-0.000182618,0.007461860,2.595291848
50.921889821,HOLD,task_pose_stale,0.004890549,1,0.007441658,0.000548535,0.050013525,0.000000000,0.000000000,0.050000000,-0.007454604,0.000273639,-0.000182618,0.007461860,2.595291848
50.931940441,HOLD,task_pose_stale,0.004588972,1,0.007441658,0.000548535,0.050013525,0.000000000,0.000000000,0.050000000,-0.007454604,0.000273639,-0.000182618,0.007461860,2.595291848
50.942102668,HOLD,task_pose_stale,0.004277895,1,0.007441658,0.000548535,0.050013525,0.000000000,0.000000000,0.050000000,-0.007454604,0.000273639,-0.000182618,0.007461860,2.595291848
50.952103420,HOLD,task_pose_stale,0.004623403,1,0.007441658,0.000548535,0.050013525,0.000000000,0.000000000,0.050000000,-0.007454604,0.000273639,-0.000182618,0.007461860,2.595291848
50.963898206,HOLD,task_pose_stale,0.000736135,1,0.007441658,0.000548535,0.050013525,0.000000000,0.000000000,0.050000000,-0.007454604,0.000273639,-0.000182618,0.007461860,2.595291848
50.973805160,HOLD,task_pose_stale,0.000119918,1,0.007441658,0.000548535,0.050013525,0.000000000,0.000000000,0.050000000,-0.007454604,0.000273639,-0.000182618,0.007461860,2.595291848
50.983784541,HOLD,task_pose_stale,0.000856054,1,0.007441658,0.000548535,0.050013525,0.000000000,0.000000000,0.050000000,-0.007454604,0.000273639,-0.000182618,0.007461860,2.595291848
50.993904025,HOLD,task_pose_stale,0.001780973,1,0.007441658,0.000548535,0.050013525,0.000000000,0.000000000,0.050000000,-0.007454604,0.000273639,-0.000182618,0.007461860,2.595291848
51.003910714,HOLD,task_pose_stale,0.001900891,1,0.007441658,0.000548535,0.050013525,0.000000000,0.000000000,0.050000000,-0.007454604,0.000273639,-0.000182618,0.007461860,2.595291848
51.014072942,HOLD,task_pose_stale,0.001548258,1,0.007441658,0.000548535,0.050013525,0.000000000,0.000000000,0.050000000,-0.007454604,0.000273639,-0.000182618,0.007461860,2.595291848
51.026885256,HOLD,task_pose_stale,0.004096236,1,0.007441658,0.000548535,0.050013525,0.000000000,0.000000000,0.050000000,-0.007454604,0.000273639,-0.000182618,0.007461860,2.595291848
51.036978619,HOLD,task_pose_stale,0.000935604,1,0.007441658,0.000548535,0.050013525,0.000000000,0.000000000,0.050000000,-0.007454604,0.000273639,-0.000182618,0.007461860,2.595291848
51.046958000,HOLD,task_pose_stale,0.004707703,1,0.007441658,0.000548535,0.050013525,0.000000000,0.000000000,0.050000000,-0.007454604,0.000273639,-0.000182618,0.007461860,2.595291848
51.058840646,HOLD,task_pose_stale,0.005024716,1,0.007441658,0.000548535,0.050013525,0.000000000,0.000000000,0.050000000,-0.007454604,0.000273639,-0.000182618,0.007461860,2.595291848
51.068943508,HOLD,task_pose_stale,0.001650367,1,0.007441658,0.000548535,0.050013525,0.000000000,0.000000000,0.050000000,-0.007454604,0.000273639,-0.000182618,0.007461860,2.595291848
51.078978693,HOLD,task_pose_stale,0.000723075,1,0.007441658,0.000548535,0.050013525,0.000000000,0.000000000,0.050000000,-0.007454604,0.000273639,-0.000182618,0.007461860,2.595291848
51.090950388,HOLD,task_pose_stale,0.007656993,1,0.007441658,0.000548535,0.050013525,0.000000000,0.000000000,0.050000000,-0.007454604,0.000273639,-0.000182618,0.007461860,2.595291848
51.100808663,HOLD,task_pose_stale,0.000362131,1,0.007441658,0.000548535,0.050013525,0.000000000,0.000000000,0.050000000,-0.007454604,0.000273639,-0.000182618,0.007461860,2.595291848
51.110786856,HOLD,task_pose_stale,0.004750446,1,0.007441658,0.000548535,0.050013525,0.000000000,0.000000000,0.050000000,-0.007454604,0.000273639,-0.000182618,0.007461860,2.595291848
51.120898029,HOLD,task_pose_stale,0.003952571,1,0.007441658,0.000548535,0.050013525,0.000000000,0.000000000,0.050000000,-0.007454604,0.000273639,-0.000182618,0.007461860,2.595291848
51.130964084,HOLD,task_pose_stale,0.003590440,1,0.007441658,0.000548535,0.050013525,0.000000000,0.000000000,0.050000000,-0.007454604,0.000273639,-0.000182618,0.007461860,2.595291848
51.141064571,HOLD,task_pose_stale,0.003881332,1,0.007441658,0.000548535,0.050013525,0.000000000,0.000000000,0.050000000,-0.007454604,0.000273639,-0.000182618,0.007461860,2.595291848
51.151948686,HOLD,task_pose_stale,0.000068864,1,0.007441658,0.000548535,0.050013525,0.000000000,0.000000000,0.050000000,-0.007454604,0.000273639,-0.000182618,0.007461860,2.595291848
51.161708413,HOLD,task_pose_stale,0.004957039,1,0.007441658,0.000548535,0.050013525,0.000000000,0.000000000,0.050000000,-0.007454604,0.000273639,-0.000182618,0.007461860,2.595291848
51.171887263,HOLD,task_pose_stale,0.004206657,1,0.007441658,0.000548535,0.050013525,0.000000000,0.000000000,0.050000000,-0.007454604,0.000273639,-0.000182618,0.007461860,2.595291848
51.181924822,HOLD,task_pose_stale,0.003716295,1,0.007441658,0.000548535,0.050013525,0.000000000,0.000000000,0.050000000,-0.007454604,0.000273639,-0.000182618,0.007461860,2.595291848
51.192015811,HOLD,task_pose_stale,0.004309953,1,0.007441658,0.000548535,0.050013525,0.000000000,0.000000000,0.050000000,-0.007454604,0.000273639,-0.000182618,0.007461860,2.595291848
51.202112736,HOLD,task_pose_stale,0.000546164,1,0.007441658,0.000548535,0.050013525,0.000000000,0.000000000,0.050000000,-0.007454604,0.000273639,-0.000182618,0.007461860,2.595291848
51.212781947,HOLD,task_pose_stale,0.003896767,1,0.007441658,0.000548535,0.050013525,0.000000000,0.000000000,0.050000000,-0.007454604,0.000273639,-0.000182618,0.007461860,2.595291848
51.224338082,HOLD,task_pose_stale,0.003002719,1,0.007441658,0.000548535,0.050013525,0.000000000,0.000000000,0.050000000,-0.007454604,0.000273639,-0.000182618,0.007461860,2.595291848
51.234334085,HOLD,task_pose_stale,0.005386848,1,0.007441658,0.000548535,0.050013525,0.000000000,0.000000000,0.050000000,-0.007454604,0.000273639,-0.000182618,0.007461860,2.595291848
51.244268348,HOLD,task_pose_stale,0.004416811,1,0.007441658,0.000548535,0.050013525,0.000000000,0.000000000,0.050000000,-0.007454604,0.000273639,-0.000182618,0.007461860,2.595291848
51.254491128,HOLD,task_pose_stale,0.004256523,1,0.007441658,0.000548535,0.050013525,0.000000000,0.000000000,0.050000000,-0.007454604,0.000273639,-0.000182618,0.007461860,2.595291848
51.264683039,HOLD,task_pose_stale,0.000143665,1,0.007441658,0.000548535,0.050013525,0.000000000,0.000000000,0.050000000,-0.007454604,0.000273639,-0.000182618,0.007461860,2.595291848
51.274599492,HOLD,task_pose_stale,0.004346760,1,0.007441658,0.000548535,0.050013525,0.000000000,0.000000000,0.050000000,-0.007454604,0.000273639,-0.000182618,0.007461860,2.595291848
51.284733224,HOLD,task_pose_stale,0.003089393,1,0.007441658,0.000548535,0.050013525,0.000000000,0.000000000,0.050000000,-0.007454604,0.000273639,-0.000182618,0.007461860,2.595291848
51.294880016,HOLD,task_pose_stale,0.001640869,1,0.007441658,0.000548535,0.050013525,0.000000000,0.000000000,0.050000000,-0.007454604,0.000273639,-0.000182618,0.007461860,2.595291848
51.305130105,HOLD,task_pose_stale,0.001260928,1,0.007441658,0.000548535,0.050013525,0.000000000,0.000000000,0.050000000,-0.007454604,0.000273639,-0.000182618,0.007461860,2.595291848
51.315985724,HOLD,task_pose_stale,0.002454180,1,0.007441658,0.000548535,0.050013525,0.000000000,0.000000000,0.050000000,-0.007454604,0.000273639,-0.000182618,0.007461860,2.595291848
51.325709832,HOLD,task_pose_stale,0.005289487,1,0.007441658,0.000548535,0.050013525,0.000000000,0.000000000,0.050000000,-0.007454604,0.000273639,-0.000182618,0.007461860,2.595291848
51.335924301,HOLD,task_pose_stale,0.004073677,1,0.007441658,0.000548535,0.050013525,0.000000000,0.000000000,0.050000000,-0.007454604,0.000273639,-0.000182618,0.007461860,2.595291848
51.346865407,HOLD,task_pose_stale,0.002861429,1,0.007441658,0.000548535,0.050013525,0.000000000,0.000000000,0.050000000,-0.007454604,0.000273639,-0.000182618,0.007461860,2.595291848
51.356873284,HOLD,task_pose_stale,0.000953414,1,0.007441658,0.000548535,0.050013525,0.000000000,0.000000000,0.050000000,-0.007454604,0.000273639,-0.000182618,0.007461860,2.595291848
51.366909656,HOLD,task_pose_stale,0.001708546,1,0.007441658,0.000548535,0.050013525,0.000000000,0.000000000,0.050000000,-0.007454604,0.000273639,-0.000182618,0.007461860,2.595291848
51.379023829,HOLD,task_pose_stale,0.007528763,1,0.007441658,0.000548535,0.050013525,0.000000000,0.000000000,0.050000000,-0.007454604,0.000273639,-0.000182618,0.007461860,2.595291848
51.390805553,HOLD,task_pose_stale,0.007611875,1,0.007441658,0.000548535,0.050013525,0.000000000,0.000000000,0.050000000,-0.007454604,0.000273639,-0.000182618,0.007461860,2.595291848
51.400882294,HOLD,task_pose_stale,0.004596095,1,0.007441658,0.000548535,0.050013525,0.000000000,0.000000000,0.050000000,-0.007454604,0.000273639,-0.000182618,0.007461860,2.595291848
51.410963784,HOLD,task_pose_stale,0.004413249,1,0.007441658,0.000548535,0.050013525,0.000000000,0.000000000,0.050000000,-0.007454604,0.000273639,-0.000182618,0.007461860,2.595291848
51.425302985,HOLD,task_pose_stale,0.007883770,1,0.007441658,0.000548535,0.050013525,0.000000000,0.000000000,0.050000000,-0.007454604,0.000273639,-0.000182618,0.007461860,2.595291848
51.435110205,HOLD,task_pose_stale,0.002315264,1,0.007441658,0.000548535,0.050013525,0.000000000,0.000000000,0.050000000,-0.007454604,0.000273639,-0.000182618,0.007461860,2.595291848
51.444992226,HOLD,task_pose_stale,0.001894954,1,0.007441658,0.000548535,0.050013525,0.000000000,0.000000000,0.050000000,-0.007454604,0.000273639,-0.000182618,0.007461860,2.595291848
51.455057094,HOLD,task_pose_stale,0.001089955,1,0.007441658,0.000548535,0.050013525,0.000000000,0.000000000,0.050000000,-0.007454604,0.000273639,-0.000182618,0.007461860,2.595291848
51.465168267,HOLD,task_pose_stale,0.000609093,1,0.007441658,0.000548535,0.050013525,0.000000000,0.000000000,0.050000000,-0.007454604,0.000273639,-0.000182618,0.007461860,2.595291848
51.475243820,HOLD,task_pose_stale,0.000704078,1,0.007441658,0.000548535,0.050013525,0.000000000,0.000000000,0.050000000,-0.007454604,0.000273639,-0.000182618,0.007461860,2.595291848
51.485613827,HOLD,task_pose_stale,0.003515639,1,0.007441658,0.000548535,0.050013525,0.000000000,0.000000000,0.050000000,-0.007454604,0.000273639,-0.000182618,0.007461860,2.595291848
51.495524344,HOLD,task_pose_stale,0.001269239,1,0.007441658,0.000548535,0.050013525,0.000000000,0.000000000,0.050000000,-0.007454604,0.000273639,-0.000182618,0.007461860,2.595291848
51.505508474,HOLD,task_pose_stale,0.006126545,1,0.007441658,0.000548535,0.050013525,0.000000000,0.000000000,0.050000000,-0.007454604,0.000273639,-0.000182618,0.007461860,2.595291848
51.515548408,HOLD,task_pose_stale,0.000163850,1,0.007441658,0.000548535,0.050013525,0.000000000,0.000000000,0.050000000,-0.007454604,0.000273639,-0.000182618,0.007461860,2.595291848
51.525621587,HOLD,task_pose_stale,0.000883363,1,0.007441658,0.000548535,0.050013525,0.000000000,0.000000000,0.050000000,-0.007454604,0.000273639,-0.000182618,0.007461860,2.595291848
51.535754131,HOLD,task_pose_stale,0.001539947,1,0.007441658,0.000548535,0.050013525,0.000000000,0.000000000,0.050000000,-0.007454604,0.000273639,-0.000182618,0.007461860,2.595291848
51.547377943,HOLD,task_pose_stale,0.002226215,1,0.007441658,0.000548535,0.050013525,0.000000000,0.000000000,0.050000000,-0.007454604,0.000273639,-0.000182618,0.007461860,2.595291848
51.557240967,HOLD,task_pose_stale,0.005295424,1,0.007441658,0.000548535,0.050013525,0.000000000,0.000000000,0.050000000,-0.007454604,0.000273639,-0.000182618,0.007461860,2.595291848
51.567634721,HOLD,task_pose_stale,0.009664743,1,0.007441658,0.000548535,0.050013525,0.000000000,0.000000000,0.050000000,-0.007454604,0.000273639,-0.000182618,0.007461860,2.595291848
51.577668718,HOLD,task_pose_stale,0.001778597,1,0.007441658,0.000548535,0.050013525,0.000000000,0.000000000,0.050000000,-0.007454604,0.000273639,-0.000182618,0.007461860,2.595291848
51.587657597,HOLD,task_pose_stale,0.000421497,1,0.007441658,0.000548535,0.050013525,0.000000000,0.000000000,0.050000000,-0.007454604,0.000273639,-0.000182618,0.007461860,2.595291848
51.597602546,HOLD,task_pose_stale,0.003723420,1,0.007441658,0.000548535,0.050013525,0.000000000,0.000000000,0.050000000,-0.007454604,0.000273639,-0.000182618,0.007461860,2.595291848
51.607765961,HOLD,task_pose_stale,0.008845495,1,0.007441658,0.000548535,0.050013525,0.000000000,0.000000000,0.050000000,-0.007454604,0.000273639,-0.000182618,0.007461860,2.595291848
51.618007738,HOLD,task_pose_stale,0.001758413,1,0.007441658,0.000548535,0.050013525,0.000000000,0.000000000,0.050000000,-0.007454604,0.000273639,-0.000182618,0.007461860,2.595291848
51.628046484,HOLD,task_pose_stale,0.003647431,1,0.007441658,0.000548535,0.050013525,0.000000000,0.000000000,0.050000000,-0.007454604,0.000273639,-0.000182618,0.007461860,2.595291848
51.640826741,HOLD,task_pose_stale,0.004986722,1,0.007441658,0.000548535,0.050013525,0.000000000,0.000000000,0.050000000,-0.007454604,0.000273639,-0.000182618,0.007461860,2.595291848
51.650915355,HOLD,task_pose_stale,0.002188221,1,0.007441658,0.000548535,0.050013525,0.000000000,0.000000000,0.050000000,-0.007454604,0.000273639,-0.000182618,0.007461860,2.595291848
51.661058585,HOLD,task_pose_stale,0.000026121,1,0.007441658,0.000548535,0.050013525,0.000000000,0.000000000,0.050000000,-0.007454604,0.000273639,-0.000182618,0.007461860,2.595291848
51.671067649,HOLD,task_pose_stale,0.002931481,1,0.007441658,0.000548535,0.050013525,0.000000000,0.000000000,0.050000000,-0.007454604,0.000273639,-0.000182618,0.007461860,2.595291848
51.681140827,HOLD,task_pose_stale,0.000296829,1,0.007441658,0.000548535,0.050013525,0.000000000,0.000000000,0.050000000,-0.007454604,0.000273639,-0.000182618,0.007461860,2.595291848
51.691253187,HOLD,task_pose_stale,0.002755758,1,0.007441658,0.000548535,0.050013525,0.000000000,0.000000000,0.050000000,-0.007454604,0.000273639,-0.000182618,0.007461860,2.595291848
51.701411853,HOLD,task_pose_stale,0.012849121,1,0.007441658,0.000548535,0.050013525,0.000000000,0.000000000,0.050000000,-0.007454604,0.000273639,-0.000182618,0.007461860,2.595291848
51.711344928,HOLD,task_pose_stale,0.003364850,1,0.007441658,0.000548535,0.050013525,0.000000000,0.000000000,0.050000000,-0.007454604,0.000273639,-0.000182618,0.007461860,2.595291848
51.721460850,HOLD,task_pose_stale,0.002689268,1,0.007441658,0.000548535,0.050013525,0.000000000,0.000000000,0.050000000,-0.007454604,0.000273639,-0.000182618,0.007461860,2.595291848
51.731531654,HOLD,task_pose_stale,0.002675021,1,0.007441658,0.000548535,0.050013525,0.000000000,0.000000000,0.050000000,-0.007454604,0.000273639,-0.000182618,0.007461860,2.595291848
51.741683196,HOLD,task_pose_stale,0.003325669,1,0.007441658,0.000548535,0.050013525,0.000000000,0.000000000,0.050000000,-0.007454604,0.000273639,-0.000182618,0.007461860,2.595291848
